tree
version=v4
num_class=1
num_tree_per_iteration=1
label_index=0
max_feature_idx=94
objective=quantile
feature_names=ndvi_mean_9 ndvi_mean_10 ndvi_mean_11 ndvi_mean_12 ndvi_mean_13 ndvi_mean_14 ndvi_mean_15 ndvi_mean_16 ndvi_mean_17 ndvi_mean_18 ndvi_mean_19 ndvi_mean_20 ndvi_mean_21 ndvi_mean_22 ndvi_mean_23 ndvi_mean_24 ndvi_mean_25 ndvi_mean_26 Area EvapoTranspiration_avg_9 EvapoTranspiration_avg_10 EvapoTranspiration_avg_11 EvapoTranspiration_avg_12 EvapoTranspiration_avg_13 EvapoTranspiration_avg_14 EvapoTranspiration_avg_15 EvapoTranspiration_avg_16 EvapoTranspiration_avg_17 EvapoTranspiration_avg_18 EvapoTranspiration_avg_19 EvapoTranspiration_avg_20 EvapoTranspiration_avg_21 EvapoTranspiration_avg_22 EvapoTranspiration_avg_23 EvapoTranspiration_avg_24 EvapoTranspiration_avg_25 EvapoTranspiration_avg_26 PrecipitationCumulative_sum_9 PrecipitationCumulative_sum_10 PrecipitationCumulative_sum_11 PrecipitationCumulative_sum_12 PrecipitationCumulative_sum_13 PrecipitationCumulative_sum_14 PrecipitationCumulative_sum_15 PrecipitationCumulative_sum_16 PrecipitationCumulative_sum_17 PrecipitationCumulative_sum_18 PrecipitationCumulative_sum_19 PrecipitationCumulative_sum_20 PrecipitationCumulative_sum_21 PrecipitationCumulative_sum_22 PrecipitationCumulative_sum_23 PrecipitationCumulative_sum_24 PrecipitationCumulative_sum_25 PrecipitationCumulative_sum_26 TempEffective_9 TempEffective_10 TempEffective_11 TempEffective_12 TempEffective_13 TempEffective_14 TempEffective_15 TempEffective_16 TempEffective_17 TempEffective_18 TempEffective_19 TempEffective_20 TempEffective_21 TempEffective_22 TempEffective_23 TempEffective_24 TempEffective_25 TempEffective_26 Temp_avg_9 Temp_avg_10 Temp_avg_11 Temp_avg_12 Temp_avg_13 Temp_avg_14 Temp_avg_15 Temp_avg_16 Temp_avg_17 Temp_avg_18 Temp_avg_19 Temp_avg_20 Temp_avg_21 Temp_avg_22 Temp_avg_23 Temp_avg_24 Temp_avg_25 Temp_avg_26 N P K HDBSCAN_operation_cluster
feature_infos=[0.034192:0.38707049999999998] [0.064615143:0.43245485700000003] [0.11805057100000001:0.51213785700000003] [0.15023400000000001:0.55371342899999998] [0.16448942899999999:0.57072628599999997] [0.212652429:0.62079357099999999] [0.23796457100000001:0.65154400000000001] [0.296326429:0.72853999999999997] [0.315534857:0.75981142899999998] [0.31859935:0.76898834999999999] [0.32624571400000002:0.77468171399999997] [0.34380428600000001:0.796689286] [0.37324214300000003:0.82559157100000002] [0.39111889999999999:0.82606575000000004] [0.39856914300000001:0.81389314300000004] [0.40239585700000002:0.80057742899999995] [0.38102457099999998:0.80489085699999996] [0.356655571:0.80588199999999999] [0.76000000000000001:590.01999999999998] [0.55714285799999996:1.128571451] [1.7714285679999999:2.7285713810000001] [1.5142856920000001:2.0285714179999998] [1.571428571:2.1285714250000001] [1.5142857089999999:2.0714285710000002] [1.5857142470000001:2.4285714459999999] [1.8142857299999999:2.5714285710000002] [3.3571428910000001:4.3571427890000001] [3.3571428569999999:4.4428571630000002] [3.1857142789999999:4.8857142580000001] [1.8999999759999999:2.828571422] [1.942857112:3.2999999689999999] [2.0285714349999999:6.5142857689999998] [2.8142857380000001:4.6714286119999997] [4.8428570879999997:6.9571427620000001] [2.9285713769999999:4.6428571429999996] [3.1000000409999999:5.9428570609999998] [3.4428571630000002:5.7857142860000002] [0:5.8000000719999996] [0:3.4000000950000002] [1.600000031:12.70000044] [0:13.59999962] [0.30000000399999999:19.399999139999998] [1.900000028:17.999999720000002] [0.30000001199999998:11.69999988] [0:4.1000000239999999] [0:2.6000000010000002] [0.5:11.400000390000001] [1.0999999789999999:26.699999529999999] [8.800000206:37.30000055] [0:64.999998489999996] [0.40000000600000002:27.100000380000001] [0:13.00000021] [0.20000000300000001:18.50000004] [0.30000001199999998:8.5999999200000001] [0.20000000300000001:18.499999630000001] none [0:3.079999924] [0:9.1299991610000006] [0:0.64999961900000003] [0:4.0399999619999996] [0.44999980899999997:9.3900003430000005] [0:3.130000114] [32.989999769999997:44.840001110000003] [22.870000839999999:36.900001529999997] [17.809999470000001:37.630000109999997] [0:12.60999966] [0.40999984699999997:26.060000420000001] [18.10999966:71.719999310000006] [41.72000027:71.86000061] [69.75:99.310003280000004] [39.190000529999999:57.899998660000001] [37.029997829999999:70.269998549999997] [46.839998250000001:78.559999469999994] [-4.9600000380000004:2.5185714190000001] [4.6299999100000004:9.7342856270000002] [4.9671428540000004:9.0457143270000007] [4.9985714210000003:7.0771428179999996] [7.907142844:10.07142857] [4.5685714229999999:9.4571426600000006] [3.5228572740000001:7.4257142539999998] [14.71285711:16.405714440000001] [11.76714284:14.88857147] [12.21999999:15.3757143] [7.1971427370000001:11.51714284] [8.7071425569999992:13.7228572] [12.465714180000001:20.245714190000001] [15.960000040000001:20.265714370000001] [19.964285709999999:24.187143330000001] [15.5985715:18.27142838] [15.28999969:20.038571220000001] [16.69142832:21.22285707] [53.432282000000001:165.72075469999999] [13.84205856:39.862529700000003] [11.614401859999999:47.61115538] -1:4:1:21:0:3:10:7:27:2:25:8:9:16:29:11:6:12:20:23:18:5:19:22:15:28:17:13:24:26:14
tree_sizes=394 504 587 578 501 503 588 504 505 502 587 589 586 503 671 504 587 504 493 500 583 583 590 501 586 671 589 501 675 584 675 589 583 663 579 587 590 590 587 589 502 583 586 504 499 591 586 675 594 673 590 584 497 580 569 756 503 501 589 504 660 586 574 695 567 586 768 672 673 589 583 585 588 592 674 590 590 672 675 669 674 678 675 502 756 678 668 673 591 677 589 501 669 587 674 672 762 672 678 672 765 758 669 593 764 592 587 849 680 589 677 665 678 751 759 744 836 612 678 663 752 675 668 757 590 752 756 762 675 676 759 670 752 589 764 762 769 675 676 589 669 585 679 765 679 676 663 675 762 767 672 764 765 759 596 666 678 767 761 669 760 680 678 764 679 668 670 680 753 841 761 758 581 763 682 850 760 765 763 761 703 853 763 853 768 762 848 855 847 592 676 766 679 854 851 699 679 764 769 766 680 669 593 684 935 855 767 702 761 673 768 850 940 671 1012 763 873 842 763 870 848 852 786 940 942 927 851 1020 931 932 870 759 683 766 766 949 928 680 856 853 761 768 764 835 854 840 851 851 932 930 850 849 849 770 852 1029 934 849 788 935 763 752 678 956 850 595 1020 826 929 1023 934 842 766 851 762 1023 792 916 848 1027 1045 1027 939 937 938 869 1025 936 1028 855 963 943 941 1032 936 1045 941 943 848 943 964 939 854 1133 1028 1110 1122 1114 1021 938 940 1045 935 959 1029 1137 938 953 1120 1047 1108 939 1106 856 1111 1107 1023 856 1040 1048 876 864 934 1025 1021 1030 1028 859 850 930 1133 944 937 944 955 937 1021 937 1022 853 1121 937 1019 1054 842 1110 1113 942 937 1034 941 920 1104 1026 847 854 1023 1017 857 964 930 939 963 1027 1034 937 858 936 1009 944 939 1030 1030 958 877 937 944 849 864 1115 960 945 1024 1016 853 1043 928 1203 938 857 1001 1049 943 875 1087 932 1101 935 1026 1039 1015 1109 1053 1011 924 1110 856 1120 945 1112 858 961 1029 936 856 1120 1027 875 767 855 773 791 967 925 1016 941 942 1023 851 788 946 767 764 938 954 938 873 962 944 1031 879 968 1116 852 1014 1104 853 1022 1136 948 769 1031 849 1027 946 944 945 966 852 969 849 1143 1118 1029 770 926 936 850 844 960 956 1025 1032 931 1008 1146 1057 857 1023 941 961 848 1090 1023 1133 1031 940 763 944 934 1025 928 943 935 1115 949 940 1018 1049 859 1115 1094 866 1200 949 1026 858 933 1111 940 930 942 1051 1199 931 1104 1021 856 1025 934 1022 942 1030 1029 1204 848 1020 1120 942 1122 1284 936 1030 1216 1132 946 1024 865 1110 1031 964 1054 1110 1138 1120 945 1132 1148 1046 1281 1195 1118 1110 1105 1141 1207 1033 1106 1293 1141 1019 1203 1186 1209 1122 1125 1112 1202 1279 1207 1113 1138 1208 1305 947 1288 1203 1272 1276 1110 938 1286 1197 1126 1215 1367 1015 1312 942 1316 1291 942 1107 1027 1300 1194 1193 1030 1140 1290 1125 1115 1147 1105 1206 1376 1036 1230 1132 1200 1460 1195 1105 1203 1030 1307 1211 1017 1209 1120 1025 1142 1231 1203 1021 1122 1275 1121 1300 1204 1208 1121 1199 1231 1224 1118 1190 1029 1118 1106 1204 1034 1112 1212 1195 1226 1202 1204 1121 1038 1281 1214 1310 1026 1320 1207 1132 1314 938 1208 1405 1200 1225 857 1059 1281 1209 974 1120 1060 946 1128 1287 1187 1120 1317 1392 1311 972 1212 1035 1139 1036 1034 1229 1298 1113 1210 1415 1224 1104 1124 1032 1048 1040 1147 1301 1144 946 1054 857 949 942 1117 951 1270 1105 1063 1017 1029 1125 1136 1117 1022 1204 972 1029 942 970 854 1062 1028 1203 970 1038 1035 1121 1122 969 1028 864 1035 945 935 957 1026 774 856 1031 770 1061 939 1054 948 1062 880 924 1119 962 857 1117 862 884 939 939 1033 1039 941 941 935 971 794 957 853 792 797 773 880 682 934 1103 859 928 792 768 1053 684 766 796 966 877 870 885 876 1027 709 856 865 847 848 932 854 851 680 799 854 1029 794 796 770 797 597 678 880 847 851 796 857 944 967 774 939 798 859 942 1115 871 858 856 705 856 860 940 858 858 784 767 769 761 876 969 765 768 841 877 854 966 772 848 686 768 796 769 939 851 770 708 843 879 852 847 794 680 936 939 968 971 933 875 853 937 969 1141 1043 1020 1137 1034 1048 1135 974 832 1033 1048 945 1053 1210 1055 881 946 1026 1031 1023 1024 1048 1120 1222 1041 1031 1036 942 1037 963 1032 1057 1145 1118 1227 1120 926 1058 1117 1204 1123 1034 939 1029 1117 1219 1143 1089 1055 1130 1062 945 1129 1121 967 1116 1141 1117 955 1208 1128 1141 1204 1143 1142 1062 1029 1030 1293 1034 1209 1123 1221 944 1111 1224 1153 1112 1119 1112 947 1233 1211 1281 1297 1295 1205 1135 1129 1284 1372 1119 1317 1406 862 1127 1199 1114 1292 1207 1223 1118 1209 1194 1211 1365 1369 1206 1376 1392 1287 1407 1292 1206 1291 1201 1296 1193 1324 1484 1304 1276 1194 1111 1204 1228 1396 1212

Tree=0
num_leaves=3
num_cat=0
split_feature=15 42
split_gain=5.22233 0.966505
threshold=0.53789742850000011 3.1500000135000006
decision_type=2 2
left_child=-1 -2
right_child=1 -3
leaf_value=3.0183376274123273 3.0215090276210876 3.0364683606639002
leaf_weight=27 32 393
leaf_count=27 32 393
internal_value=3.02559 3.02587
internal_weight=452 425
internal_count=452 425
is_linear=0
shrinkage=1


Tree=1
num_leaves=4
num_cat=0
split_feature=15 2 92
split_gain=7.25127 0.488573 0.105647
threshold=0.54425550000000011 0.19590371450000002 18.627672485000002
decision_type=2 2 8
left_child=-1 -2 -3
right_child=1 2 -4
leaf_value=-0.0074144138528475702 -0.0037421885593152647 -0.00045542804840931428 0.010023526550136963
leaf_weight=37 26 33 362
leaf_count=37 26 33 362
internal_value=-1.96164e-05 0.000352063 0.000443406
internal_weight=458 421 395
internal_count=458 421 395
is_linear=0
shrinkage=0.01


Tree=2
num_leaves=5
num_cat=0
split_feature=16 66 15 63
split_gain=6.55482 0.793927 0.180675 0.179847
threshold=0.48480807150000005 23.095000265000003 0.59966028550000006 29.965000630000002
decision_type=2 2 2 2
left_child=-1 2 3 -2
right_child=1 -3 -4 -5
leaf_value=-0.0063674123672994081 -0.002059419539215848 -0.0026223683204898217 0.013187682937029216 0.0012913231264130901
leaf_weight=32 20 25 362 22
leaf_count=32 20 25 362 22
internal_value=-1.62408e-05 0.000308283 0.00041996 -0.000163551
internal_weight=461 429 404 42
internal_count=461 429 404 42
is_linear=0
shrinkage=0.01


Tree=3
num_leaves=5
num_cat=0
split_feature=15 31 18 42
split_gain=7.11299 0.781769 0.391621 0.0460175
threshold=0.52841007100000004 5.7214285985000011 55.850000000000009 15.949999745000001
decision_type=2 2 2 2
left_child=-1 3 -3 -2
right_child=1 2 -4 -5
leaf_value=-0.0082684574256469429 0.0094024602262647288 -0.0040643487547834031 0.00078218378424614729 0.012007660023455352
leaf_weight=23 350 26 24 20
leaf_count=23 350 26 24 20
internal_value=0 0.000304183 -0.000846457 0.000466559
internal_weight=443 420 50 370
internal_count=443 420 50 370
is_linear=0
shrinkage=0.01


Tree=4
num_leaves=4
num_cat=0
split_feature=16 15 92
split_gain=6.70418 0.93553 0.161118
threshold=0.4773110000000001 0.5686582145000002 18.400913240000005
decision_type=2 2 8
left_child=-1 -2 -3
right_child=1 2 -4
leaf_value=-0.0073927839245243069 -0.0042058303824265503 -0.0018997861284969298 0.0077486438763756452
leaf_weight=28 22 21 385
leaf_count=28 22 21 385
internal_value=1.31349e-05 0.000331157 0.000444936
internal_weight=456 428 406
internal_count=456 428 406
is_linear=0
shrinkage=0.01


Tree=5
num_leaves=4
num_cat=0
split_feature=15 87 1
split_gain=6.61669 2.52597 0.0465145
threshold=0.54425550000000011 23.398571560000004 0.15722564250000001
decision_type=2 2 2
left_child=-1 2 -2
right_child=1 -3 -4
leaf_value=-0.0078196972534915043 0.0004932251143791777 -0.0055451311057705807 0.0090129366693617978
leaf_weight=28 20 22 403
leaf_count=28 20 22 403
internal_value=-3.16588e-06 0.000292732 0.000470741
internal_weight=473 445 423
internal_count=473 445 423
is_linear=0
shrinkage=0.01


Tree=6
num_leaves=5
num_cat=0
split_feature=15 67 42 42
split_gain=6.6997 1.94734 0.159202 0.0437309
threshold=0.53789742850000011 69.445000175000018 2.6999999285000005 16.000000250000003
decision_type=2 2 2 2
left_child=-1 2 -2 -4
right_child=1 -3 3 -5
leaf_value=-0.0079894101719019603 -0.0019954946832616994 -0.0053630299977020296 0.0077636834162497937 0.012542102845628143
leaf_weight=24 20 21 370 21
leaf_count=24 20 21 370 21
internal_value=-2.18914e-05 0.000263401 0.000421321 0.000468351
internal_weight=456 432 411 391
internal_count=456 432 411 391
is_linear=0
shrinkage=0.01


Tree=7
num_leaves=4
num_cat=0
split_feature=15 28 14
split_gain=3.44882 0.980235 0.160935
threshold=0.53789742850000011 4.5142856835000016 0.59722592850000011
decision_type=2 2 2
left_child=-1 2 -2
right_child=1 -3 -4
leaf_value=-0.0076616061792375706 -0.0020963388007320823 -0.0046435568599677212 0.0086841552913748919
leaf_weight=28 21 30 379
leaf_count=28 21 30 379
internal_value=8.06452e-05 0.000308728 0.000444112
internal_weight=458 430 400
internal_count=458 430 400
is_linear=0
shrinkage=0.01


Tree=8
num_leaves=4
num_cat=0
split_feature=15 28 14
split_gain=5.69493 0.940963 0.160488
threshold=0.53789742850000011 4.5142856835000016 0.59000164300000013
decision_type=2 2 2
left_child=-1 2 -2
right_child=1 -3 -4
leaf_value=-0.0073370802264998234 -0.0020753754127247597 -0.0041114551749845728 0.0085992866267946694
leaf_weight=32 21 31 365
leaf_count=32 21 31 365
internal_value=-7.78122e-06 0.000302776 0.000442089
internal_weight=449 417 386
internal_count=449 417 386
is_linear=0
shrinkage=0.01


Tree=9
num_leaves=4
num_cat=0
split_feature=15 31 14
split_gain=2.5804 1.39622 0.0463957
threshold=0.53789742850000011 5.9428570780000003 0.58827842850000012
decision_type=2 2 2
left_child=-1 2 -2
right_child=1 -3 -4
leaf_value=-0.0053380106942264409 0.00073462362134578353 -0.0051397199817773531 0.0079541274718750148
leaf_weight=20 20 22 389
leaf_count=20 20 22 389
internal_value=0.000162683 0.00033233 0.000469741
internal_weight=451 431 409
internal_count=451 431 409
is_linear=0
shrinkage=0.01


Tree=10
num_leaves=5
num_cat=0
split_feature=31 4 14 77
split_gain=4.80073 2.07298 0.284218 0.266515
threshold=5.7857142690000005 0.30065942850000005 0.61620961900000004 9.0578572070000014
decision_type=2 2 2 2
left_child=2 -2 3 -1
right_child=1 -3 -4 -5
leaf_value=0.0045731755674042049 -0.0062408624325965313 -0.00057578664876999737 0.0094984579941107851 -0.0021055697854508639
leaf_weight=23 25 24 376 24
leaf_count=23 25 24 376 24
internal_value=5.07614e-05 -0.00288153 0.000399953 -0.000303347
internal_weight=472 49 423 47
internal_count=472 49 423 47
is_linear=0
shrinkage=0.01


Tree=11
num_leaves=5
num_cat=0
split_feature=31 13 39 17
split_gain=4.3807 0.301904 0.344926 0.046142
threshold=5.8642857245000011 0.59721089000000005 5.1999999660000009 0.46082792850000004
decision_type=2 2 2 2
left_child=1 2 -1 -3
right_child=-2 3 -4 -5
leaf_value=0.00090428125878586605 -0.0057232591605451645 0.00031658015236363956 -0.0021311588427995508 0.010500089066207204
leaf_weight=22 32 20 20 362
leaf_count=22 32 20 20 362
internal_value=0.000100701 0.000376648 -0.000397196 0.000467607
internal_weight=456 424 42 382
internal_count=456 424 42 382
is_linear=0
shrinkage=0.01


Tree=12
num_leaves=5
num_cat=0
split_feature=15 41 28 14
split_gain=3.26354 1.09891 1.00533 0.0463692
threshold=0.5686582145000002 14.499999955000002 4.657142835000001 0.60192561900000008
decision_type=2 2 2 2
left_child=1 -1 3 -2
right_child=2 -3 -4 -5
leaf_value=-0.0066700746218518641 0.0032064220514467822 -0.00075870336359439472 -0.0034082192205841678 0.010861413589049986
leaf_weight=20 20 21 21 386
leaf_count=20 20 21 21 386
internal_value=8.95905e-05 -0.00257177 0.000354137 0.000469518
internal_weight=468 41 427 406
internal_count=468 41 427 406
is_linear=0
shrinkage=0.01


Tree=13
num_leaves=4
num_cat=0
split_feature=31 31 9
split_gain=4.47768 0.508547 0.0463692
threshold=5.8642857245000011 5.7428571670000013 0.49421080850000004
decision_type=2 2 2
left_child=1 2 -1
right_child=-2 -3 -4
leaf_value=0.0010116766409714638 -0.0072241775061771272 -0.0045408909159222795 0.0089150177874266004
leaf_weight=20 27 26 386
leaf_count=20 27 26 386
internal_value=0.000125054 0.000378928 0.000469518
internal_weight=459 432 406
internal_count=459 432 406
is_linear=0
shrinkage=0.01


Tree=14
num_leaves=6
num_cat=0
split_feature=42 67 18 15 48
split_gain=5.52096 3.33136 0.4508 0.0605207 0.087495
threshold=2.9499999810000008 66.014999865000007 8.6300000000000008 0.59966028550000006 17.700000110000001
decision_type=2 2 2 2 2
left_child=1 -1 -2 4 -4
right_child=2 -3 3 -5 -6
leaf_value=-0.0036398162841155168 -0.0014630468739158953 -0.0076252223648067587 -0.0015295916767567978 0.013618673564280552 0.0010395288736843261
leaf_weight=25 28 22 20 343 32
leaf_count=25 28 22 20 343 32
internal_value=-6.37212e-06 -0.00323222 0.000352761 0.000443406 7.57576e-05
internal_weight=470 47 423 395 52
internal_count=470 47 423 395 52
is_linear=0
shrinkage=0.01


Tree=15
num_leaves=4
num_cat=0
split_feature=15 73 74
split_gain=3.90383 1.51842 0.142984
threshold=0.53789742850000011 -4.5328571754999993 6.9114285880000006
decision_type=2 2 2
left_child=-1 -2 -3
right_child=1 2 -4
leaf_value=-0.0066179837513240533 -0.0048762255315813671 -2.224473415319053e-05 0.0089889263469864217
leaf_weight=21 20 24 405
leaf_count=21 20 24 405
internal_value=0.000112574 0.000316807 0.000447883
internal_weight=470 449 429
internal_count=470 449 429
is_linear=0
shrinkage=0.01


Tree=16
num_leaves=5
num_cat=0
split_feature=15 68 69 12
split_gain=4.66832 2.6243 0.663557 0.0461917
threshold=0.5686582145000002 65.66000080000002 93.444999695000021 0.57757257100000003
decision_type=2 2 2 2
left_child=1 -1 3 -2
right_child=2 -3 -4 -5
leaf_value=-0.0062169479706099271 0.0036419088862636572 0.00033004889057809808 -0.0022500065636444954 0.0083504889599661809
leaf_weight=37 20 23 20 367
leaf_count=37 20 23 20 367
internal_value=-9.61948e-06 -0.00259868 0.000371506 0.000468025
internal_weight=467 60 407 387
internal_count=467 60 407 387
is_linear=0
shrinkage=0.01


Tree=17
num_leaves=4
num_cat=0
split_feature=15 2 66
split_gain=4.28995 1.64977 0.161381
threshold=0.53789742850000011 0.20004300000000003 23.095000265000003
decision_type=2 2 2
left_child=-1 -2 -3
right_child=1 2 -4
leaf_value=-0.0071910454071007048 -0.0041280494567834999 0.0085402563827528949 -5.0962952064931013e-05
leaf_weight=27 25 394 21
leaf_count=27 25 394 21
internal_value=4.59598e-05 0.000290381 0.000446128
internal_weight=467 440 415
internal_count=467 440 415
is_linear=0
shrinkage=0.01


Tree=18
num_leaves=4
num_cat=0
split_feature=73 16 92
split_gain=5.76115 3.22755 0.399252
threshold=-3.0085714034999995 0.51858385700000009 18.627672485000002
decision_type=2 2 8
left_child=1 -1 -2
right_child=2 -3 -4
leaf_value=-0.0054578791758582027 -0.0022258813138990451 -0.00060432894556883949 0.0088382262995683036
leaf_weight=31 34 25 387
leaf_count=31 34 25 387
internal_value=0 -0.00299296 0.000399478
internal_weight=477 56 421
internal_count=477 56 421
is_linear=0
shrinkage=0.01


Tree=19
num_leaves=4
num_cat=0
split_feature=16 0 60
split_gain=4.30998 2.72435 0.38005
threshold=0.53501277150000004 0.089654667000000007 8.0649995805000021
decision_type=2 2 2
left_child=1 -1 -2
right_child=2 -3 -4
leaf_value=-0.0067638226301111968 0.012158985230224526 7.4954001338072923e-05 -0.0021115963045030095
leaf_weight=35 385 25 20
leaf_count=35 385 25 20
internal_value=4.40103e-05 -0.00243421 0.000420158
internal_weight=465 60 405
internal_count=465 60 405
is_linear=0
shrinkage=0.01


Tree=20
num_leaves=5
num_cat=0
split_feature=16 1 69 9
split_gain=5.42676 2.48678 0.632113 0.0462496
threshold=0.52216678600000022 0.1746512855 93.444999695000021 0.49421080850000004
decision_type=2 2 2 2
left_child=1 -1 3 -2
right_child=2 -3 -4 -5
leaf_value=-0.0065872298160027177 0.00065210056305190552 -0.00033453859074785672 -0.0022047094621249898 0.008466091701292781
leaf_weight=31 20 22 21 373
leaf_count=31 20 22 21 373
internal_value=-9.61948e-06 -0.00300186 0.000373674 0.000468512
internal_weight=467 53 414 393
internal_count=467 53 414 393
is_linear=0
shrinkage=0.01


Tree=21
num_leaves=5
num_cat=0
split_feature=15 50 87 6
split_gain=4.75162 2.61389 0.16543 0.195577
threshold=0.5686582145000002 11.649999855000003 22.662857055000003 0.47784657150000004
decision_type=2 2 2 2
left_child=1 -1 -2 -4
right_child=2 -3 3 -5
leaf_value=0.00049712391998073193 0.010564742678734258 -0.0060160847813360493 -0.0020853612238910901 0.0056820793797098335
leaf_weight=20 372 30 20 26
leaf_count=20 372 30 20 26
internal_value=6.82594e-05 -0.00281496 0.000422636 -0.000106838
internal_weight=468 50 418 46
internal_count=468 50 418 46
is_linear=0
shrinkage=0.01


Tree=22
num_leaves=5
num_cat=0
split_feature=15 69 7 47
split_gain=3.10419 0.983641 0.0575385 0.0908624
threshold=0.53789742850000011 93.790000915000022 0.44568550000000007 15.450000330000002
decision_type=2 2 2 2
left_child=-1 2 3 -2
right_child=1 -3 -4 -5
leaf_value=-0.0069943591460838511 0.019167714106513547 -0.0029725450630517605 0.0056245741733350722 -0.00024490966797839538
leaf_weight=26 34 21 357 20
leaf_count=26 34 21 357 20
internal_value=0.000124237 0.000332717 0.000445605 9.12409e-05
internal_weight=458 432 411 54
internal_count=458 432 411 54
is_linear=0
shrinkage=0.01


Tree=23
num_leaves=4
num_cat=0
split_feature=31 15 49
split_gain=4.54759 1.20832 0.0462685
threshold=5.8999999250000004 0.55506657150000016 60.299998505000012
decision_type=2 2 2
left_child=1 -1 -3
right_child=-2 2 -4
leaf_value=-0.0040627585400739149 -0.0067533304774573723 0.0077530961582407869 0.0078826980886309954
leaf_weight=34 30 375 20
leaf_count=34 30 375 20
internal_value=3.806e-05 0.000308283 0.000468671
internal_weight=459 429 395
internal_count=459 429 395
is_linear=0
shrinkage=0.01


Tree=24
num_leaves=5
num_cat=0
split_feature=31 91 15 93
split_gain=5.06958 1.63819 0.849515 0.0461521
threshold=5.7857142690000005 78.397125575000004 0.57979161900000009 19.202663705000003
decision_type=2 2 2 8
left_child=2 -2 -1 -4
right_child=1 -3 3 -5
leaf_value=-0.0026511903947324966 -0.004153025574950656 -0.0065629537053641116 0.0078038711077446869 0.01096224465685961
leaf_weight=35 20 25 20 363
leaf_count=35 20 25 20 363
internal_value=-1.40146e-05 -0.00317686 0.000327125 0.000467692
internal_weight=463 45 418 383
internal_count=463 45 418 383
is_linear=0
shrinkage=0.01


Tree=25
num_leaves=6
num_cat=0
split_feature=15 19 69 4 7
split_gain=4.10011 3.11248 0.155292 0.191897 0.0460494
threshold=0.57979161900000009 0.71428571000000007 88.639999390000014 0.36724350000000006 0.41948735750000005
decision_type=2 2 2 2 2
left_child=1 -1 4 -4 -2
right_child=2 -3 3 -5 -6
leaf_value=-0.006070083926031161 0.0031766035861915598 0.00061091533340991888 -0.0029826621376688772 0.0052975615487278653 0.01268781039917187
leaf_weight=34 20 28 20 25 353
leaf_count=34 20 28 20 25 353
internal_value=3.74376e-05 -0.00234076 0.000398758 -0.000120087 0.000466827
internal_weight=480 62 418 45 373
internal_count=480 62 418 45 373
is_linear=0
shrinkage=0.01


Tree=26
num_leaves=5
num_cat=0
split_feature=15 87 15 7
split_gain=4.91326 0.964727 0.136112 0.228508
threshold=0.52841007100000004 23.349285670000004 0.63057227100000002 0.48798028600000004
decision_type=2 2 2 2
left_child=-1 2 3 -2
right_child=1 -3 -4 -5
leaf_value=-0.0055823654860103003 -0.00096027706929895736 -0.0025710286244135204 0.012628251581366379 0.0009176899263992239
leaf_weight=20 35 29 315 53
leaf_count=20 35 29 315 53
internal_value=3.09187e-05 0.000263401 0.000394998 2.25225e-05
internal_weight=452 432 403 88
internal_count=452 432 403 88
is_linear=0
shrinkage=0.01


Tree=27
num_leaves=4
num_cat=0
split_feature=16 1 93
split_gain=4.32268 1.79227 0.16879
threshold=0.53501277150000004 0.18215792850000004 18.714799965000001
decision_type=2 2 8
left_child=1 -1 -2
right_child=2 -3 -4
leaf_value=-0.0065830880183579098 -0.00056245504850466492 -3.0714167304454549e-05 0.010190858364779022
leaf_weight=32 20 23 393
leaf_count=32 20 23 393
internal_value=8.95905e-05 -0.00251792 0.000445868
internal_weight=468 55 413
internal_count=468 55 413
is_linear=0
shrinkage=0.01


Tree=28
num_leaves=6
num_cat=0
split_feature=31 4 48 2 12
split_gain=3.30136 1.34833 0.644178 0.0412198 0.0459742
threshold=5.7857142690000005 0.30065942850000005 24.550000110000003 0.20004300000000003 0.56331407150000012
decision_type=2 2 2 2 2
left_child=2 -2 3 -1 -5
right_child=1 -3 -4 4 -6
leaf_value=-3.521380081163924e-05 -0.0049231984758838611 -5.4327117788978492e-05 -0.002531090376686071 0.0004793032824609962 0.010660698038043832
leaf_weight=20 30 22 20 20 346
leaf_count=20 30 22 20 20 346
internal_value=3.70532e-05 -0.00231061 0.000346608 0.000442089 0.000466194
internal_weight=458 52 406 386 366
internal_count=458 52 406 386 366
is_linear=0
shrinkage=0.01


Tree=29
num_leaves=5
num_cat=0
split_feature=2 50 62 7
split_gain=4.77072 2.93098 2.76406 0.16834
threshold=0.21835420400000002 10.750000000000002 38.044999125000011 0.42753969050000007
decision_type=2 2 2 2
left_child=1 -1 -3 -2
right_child=3 2 -4 -5
leaf_value=0.00077636968888325259 -6.0367328979051066e-05 -0.0040138440681139571 -0.0069380760911252181 0.0054665586064769657
leaf_weight=29 20 24 20 378
leaf_count=29 20 24 20 378
internal_value=7.41841e-06 -0.00232385 -0.00392857 0.000443832
internal_weight=471 73 44 398
internal_count=471 73 44 398
is_linear=0
shrinkage=0.01


Tree=30
num_leaves=6
num_cat=0
split_feature=2 68 24 14 31
split_gain=3.66684 3.15295 0.352686 0.186803 0.0461014
threshold=0.21835420400000002 63.830000875000003 2.3571428485000001 0.62163488100000008 5.7428571670000013
decision_type=2 2 2 2 2
left_child=1 2 -1 -2 -5
right_child=3 -3 -4 4 -6
leaf_value=0.0025674574435959802 -0.00014875749747624787 -0.0065915862382657231 -0.0026392738740432633 0.010948758482230285 -0.00023130215354988693
leaf_weight=23 38 25 20 358 20
leaf_count=23 38 25 20 358 20
internal_value=4.12541e-05 -0.00209302 -0.000376712 0.000398273 0.000467265
internal_weight=484 68 43 416 378
internal_count=484 68 43 416 378
is_linear=0
shrinkage=0.01


Tree=31
num_leaves=5
num_cat=0
split_feature=15 93 42 7
split_gain=4.14185 1.41945 0.469803 0.0463149
threshold=0.5686582145000002 14.156054705000001 2.9999999930000008 0.41697448600000003
decision_type=2 10 2 2
left_child=1 -1 -2 -4
right_child=2 -3 3 -5
leaf_value=-0.0055424222171881945 -0.0032397915034836746 -4.5659274590007102e-05 0.0058188409061189807 0.0091737829717227926
leaf_weight=34 28 21 20 380
leaf_count=34 28 21 20 380
internal_value=4.03059e-05 -0.00251792 0.000377799 0.000469062
internal_weight=483 55 428 400
internal_count=483 55 428 400
is_linear=0
shrinkage=0.01


Tree=32
num_leaves=5
num_cat=0
split_feature=31 3 67 7
split_gain=4.29106 1.53987 1.63121 0.141994
threshold=5.7214285985000011 0.24871542850000003 65.220000745000007 0.4140623570000001
decision_type=2 2 2 2
left_child=3 2 -2 -1
right_child=1 -3 -4 -5
leaf_value=6.7484124142772051e-05 -0.0025011981938565255 4.6222040615201414e-05 -0.0041132710473997317 0.0085392583922096615
leaf_weight=24 21 25 21 371
leaf_count=24 21 25 21 371
internal_value=4.10545e-05 -0.00227876 -0.00343458 0.000443406
internal_weight=462 67 42 395
internal_count=462 67 42 395
is_linear=0
shrinkage=0.01


Tree=33
num_leaves=6
num_cat=0
split_feature=92 2 81 0 15
split_gain=3.81445 1.03011 0.999272 0.0639114 0.046132
threshold=17.956302135000005 0.21835420400000002 13.139285975000002 0.066068660000000015 0.5686582145000002
decision_type=8 2 2 2 2
left_child=-1 2 3 -2 -3
right_child=1 4 -4 -5 -6
leaf_value=-0.0065868154876744583 0.0018253063670398224 0.00019156424512183068 -0.0040721383369257324 -0.0025751346768805119 0.010215545104998626
leaf_weight=21 21 20 21 20 361
leaf_count=21 21 20 21 20 361
internal_value=6.45439e-05 0.000269265 -0.000907643 0 0.000467522
internal_weight=464 443 62 41 381
internal_count=464 443 62 41 381
is_linear=0
shrinkage=0.01


Tree=34
num_leaves=5
num_cat=0
split_feature=15 28 12 17
split_gain=5.05657 0.916582 0.128581 0.155324
threshold=0.53789742850000011 4.5142856835000016 0.60758183300000013 0.63331250000000006
decision_type=2 2 2 2
left_child=-1 2 3 -2
right_child=1 -3 -4 -5
leaf_value=-0.0063958570361277592 -0.0024721867954012699 -0.0023000931617143945 0.0071176199919305476 0.017035162516914719
leaf_weight=27 25 31 336 33
leaf_count=27 25 31 336 33
internal_value=8.83394e-06 0.000282997 0.000417933 0
internal_weight=452 425 394 58
internal_count=452 425 394 58
is_linear=0
shrinkage=0.01


Tree=35
num_leaves=5
num_cat=0
split_feature=42 20 66 9
split_gain=3.76618 1.62831 0.503964 0.0460703
threshold=3.2000000555000008 2.1499999935000003 22.485000135000003 0.51037214350000004
decision_type=2 2 2 2
left_child=1 -1 3 -2
right_child=2 -3 -4 -5
leaf_value=-0.0006142068846084496 5.8037134285126164e-05 -0.0057324300710289286 -0.0019605745067652692 0.011230416804260308
leaf_weight=34 20 31 26 355
leaf_count=34 20 31 26 355
internal_value=2.14226e-06 -0.00221125 0.000369587 0.000467004
internal_weight=466 65 401 375
internal_count=466 65 401 375
is_linear=0
shrinkage=0.01


Tree=36
num_leaves=5
num_cat=0
split_feature=15 84 15 17
split_gain=4.11113 0.764791 0.137697 0.222833
threshold=0.51256635700000019 13.285714355000001 0.59966028550000006 0.52598277350000011
decision_type=2 2 2 2
left_child=-1 2 3 -2
right_child=1 -3 -4 -5
leaf_value=-0.0065712907579699251 0.00013439103849492132 -0.0021183736171993769 0.010543624194883508 -0.0031298362147751005
leaf_weight=20 35 26 364 20
leaf_count=20 35 26 364 20
internal_value=0.000108416 0.000315164 0.00042282 -8.96056e-06
internal_weight=465 445 419 55
internal_count=465 445 419 55
is_linear=0
shrinkage=0.01


Tree=37
num_leaves=5
num_cat=0
split_feature=15 2 14 23
split_gain=4.74412 0.70615 0.155401 0.171866
threshold=0.53540538100000001 0.19590371450000002 0.62163488100000008 1.8214285670000001
decision_type=2 2 2 2
left_child=-1 -2 3 -3
right_child=1 2 -4 -5
leaf_value=-0.0062649846496646445 -0.0023755130602254502 0.00015848177243476519 0.0058526884555014647 -0.0018635941578140993
leaf_weight=25 28 27 375 22
leaf_count=25 28 27 375 22
internal_value=7.63918e-05 0.000318021 0.000423729 -7.02811e-05
internal_weight=477 452 424 49
internal_count=477 452 424 49
is_linear=0
shrinkage=0.01


Tree=38
num_leaves=5
num_cat=0
split_feature=15 69 12 91
split_gain=3.26064 1.45667 0.220663 0.245229
threshold=0.53540538100000001 93.790000915000022 0.60758183300000013 99.322562265000016
decision_type=2 2 2 2
left_child=-1 2 3 -2
right_child=1 -3 -4 -5
leaf_value=-0.0057608246965225977 -0.0021411186709278107 -0.0041723213883742812 0.0046316661233196709 0.016311207119135585
leaf_weight=24 28 20 348 31
leaf_count=24 28 20 348 31
internal_value=5.20142e-05 0.000260636 0.000396027 -0.00014214
internal_weight=451 427 407 59
internal_count=451 427 407 59
is_linear=0
shrinkage=0.01


Tree=39
num_leaves=5
num_cat=0
split_feature=15 84 14 7
split_gain=1.83411 0.492846 0.15867 0.046132
threshold=0.53789742850000011 13.285714355000001 0.59000164300000013 0.43352145200000008
decision_type=2 2 2 2
left_child=-1 2 -2 -4
right_child=1 -3 3 -5
leaf_value=-0.0058688588471614272 -0.003058234764961192 -0.0016108796870550747 0.0072639291300225983 0.0066096499979277955
leaf_weight=21 20 25 20 361
leaf_count=21 20 25 20 361
internal_value=0.000182001 0.000330366 0.000419363 0.000467522
internal_weight=447 426 401 381
internal_count=447 426 401 381
is_linear=0
shrinkage=0.01


Tree=40
num_leaves=4
num_cat=0
split_feature=16 42 18
split_gain=4.95602 0.579817 0.127005
threshold=0.48480807150000005 2.9999999930000008 8.1550000000000029
decision_type=2 2 2
left_child=-1 -2 -3
right_child=1 2 -4
leaf_value=-0.005647813788227706 -0.0027089249044206405 0.00022339103612138713 0.006665372120010107
leaf_weight=28 34 27 360
leaf_count=28 34 27 360
internal_value=5.00222e-05 0.000328355 0.000442238
internal_weight=449 421 387
internal_count=449 421 387
is_linear=0
shrinkage=0.01


Tree=41
num_leaves=5
num_cat=0
split_feature=28 15 41 8
split_gain=2.28623 0.956394 1.13671 0.046172
threshold=4.6857142790000008 0.5686582145000002 14.949999895000003 0.47972328600000008
decision_type=2 2 2 2
left_child=1 2 -1 -3
right_child=-2 3 -4 -5
leaf_value=-0.00599833660278664 -0.0046106451489595418 0.010683472415162166 0.00020382487308695011 0.0082390575599058172
leaf_weight=20 22 20 22 365
leaf_count=20 22 20 22 365
internal_value=0.000138951 0.000307387 -0.00109813 0.000467859
internal_weight=449 427 42 385
internal_count=449 427 42 385
is_linear=0
shrinkage=0.01


Tree=42
num_leaves=5
num_cat=0
split_feature=73 27 15 48
split_gain=3.85645 2.22572 0.980287 0.16834
threshold=-4.2078571489999996 3.9571428810000007 0.54206853550000011 27.449999920000003
decision_type=2 2 2 2
left_child=1 -1 -2 -4
right_child=2 -3 3 -5
leaf_value=-0.00043933632334995117 -0.0060385433856327934 -0.0038667824935927392 0.010079784090723796 -0.0022433433926408097
leaf_weight=20 21 20 378 20
leaf_count=20 21 20 378 20
internal_value=3.806e-05 -0.00289216 0.000327537 0.000443832
internal_weight=459 40 419 398
internal_count=459 40 419 398
is_linear=0
shrinkage=0.01


Tree=43
num_leaves=4
num_cat=0
split_feature=15 43 18
split_gain=3.27979 0.85506 0.160997
threshold=0.52841007100000004 0.94999998800000018 7.285000000000001
decision_type=2 2 2
left_child=-1 -2 -3
right_child=1 2 -4
leaf_value=-0.0046353112401553709 -0.0027944783329850466 -0.00078276741042472954 0.0048625602197538646
leaf_weight=20 34 21 381
leaf_count=20 34 21 381
internal_value=0.000122592 0.000311355 0.000444389
internal_weight=456 436 402
internal_count=456 436 402
is_linear=0
shrinkage=0.01


Tree=44
num_leaves=4
num_cat=0
split_feature=31 1 14
split_gain=4.78234 2.1588 0.396915
threshold=5.7214285985000011 0.17717000000000002 0.59722592850000011
decision_type=2 2 2
left_child=2 -2 -1
right_child=1 -3 -4
leaf_value=-0.0018833181537455141 -0.0042067024035013631 -0.0019174215566324429 0.010005630983487054
leaf_weight=34 39 26 365
leaf_count=34 39 26 365
internal_value=-1.29088e-05 -0.0025152 0.000393947
internal_weight=464 65 399
internal_count=464 65 399
is_linear=0
shrinkage=0.01


Tree=45
num_leaves=5
num_cat=0
split_feature=15 73 14 33
split_gain=3.8824 1.23369 0.140163 0.046473
threshold=0.52841007100000004 -4.4442857124999984 0.59000164300000013 6.2857142520000009
decision_type=2 2 2 2
left_child=-1 -2 -3 -4
right_child=1 2 3 -5
leaf_value=-0.0044762149620418091 -0.003350629189935922 -0.0028818785387587638 0.0068216301542766257 -0.00034075474623210906
leaf_weight=21 24 23 398 20
leaf_count=21 24 23 398 20
internal_value=0.000104766 0.000301632 0.000426664 0.000470392
internal_weight=486 465 441 418
internal_count=486 465 441 418
is_linear=0
shrinkage=0.01


Tree=46
num_leaves=5
num_cat=0
split_feature=31 3 14 0
split_gain=4.35674 1.73797 0.0621951 0.0857157
threshold=5.7214285985000011 0.25051771450000004 0.62163488100000008 0.18588866150000002
decision_type=2 2 2 2
left_child=2 -2 3 -1
right_child=1 -3 -4 -5
leaf_value=0.001171549105702598 -0.0041837606863055618 -0.0021180709255306331 0.0092655200040621596 -0.0010566492335063894
leaf_weight=31 36 24 339 20
leaf_count=31 36 24 339 20
internal_value=5.10204e-05 -0.00243421 0.000442682 6.75676e-05
internal_weight=450 60 390 51
internal_count=450 60 390 51
is_linear=0
shrinkage=0.01


Tree=47
num_leaves=6
num_cat=0
split_feature=92 2 81 92 7
split_gain=3.03894 0.661011 0.809255 0.137339 0.045941
threshold=17.956302135000005 0.21835420400000002 13.014285735000003 18.627672485000002 0.42924242850000005
decision_type=8 2 2 8 2
left_child=-1 2 -2 -3 -5
right_child=1 3 -4 4 -6
leaf_value=-0.0058031380243508193 0.0049716138946135462 -2.4728949813791827e-05 -0.0032140389299088459 0.0027337227342416059 0.0077381175291431946
leaf_weight=21 27 23 27 20 343
leaf_count=21 27 23 27 20 343
internal_value=8.33694e-05 0.000267695 -0.000748175 0.000416236 0.000465915
internal_weight=461 440 54 386 363
internal_count=461 440 54 386 363
is_linear=0
shrinkage=0.01


Tree=48
num_leaves=5
num_cat=0
split_feature=15 73 13 12
split_gain=1.87036 0.365038 0.0482375 0.0996547
threshold=0.53376509550000006 -4.2078571489999996 0.62350495000000017 0.58913258950000014
decision_type=2 2 2 2
left_child=-1 -2 3 -3
right_child=1 2 -4 -5
leaf_value=-0.0057451066426978175 -0.0014146321622889718 0.0028324434302543443 0.0091028204329459371 -0.00011951532310929219
leaf_weight=21 34 40 342 20
leaf_count=21 34 40 342 20
internal_value=0.000210791 0.000357143 0.000444389 0.000131579
internal_weight=457 436 402 60
internal_count=457 436 402 60
is_linear=0
shrinkage=0.01


Tree=49
num_leaves=6
num_cat=0
split_feature=15 4 3 28 14
split_gain=3.30442 1.46363 0.888636 0.614043 0.0975458
threshold=0.58062152050000015 0.31774021450000006 0.23463750000000003 4.5142856835000016 0.62163488100000008
decision_type=2 2 2 2 2
left_child=1 2 -1 4 -2
right_child=3 -3 -4 -5 -6
leaf_value=-0.0043448089005648383 0.0019135739499245344 2.1997848398062347e-05 -0.0040452067683961826 -0.0018391120976854142 0.0090113662017126239
leaf_weight=20 36 22 23 21 361
leaf_count=20 36 22 23 21 361
internal_value=1.96362e-05 -0.00205927 -0.00311644 0.000351003 0.00044369
internal_weight=483 65 43 418 397
internal_count=483 65 43 418 397
is_linear=0
shrinkage=0.01


Tree=50
num_leaves=5
num_cat=0
split_feature=15 28 18 14
split_gain=3.25372 1.52632 0.241534 0.0462685
threshold=0.52841007100000004 4.657142835000001 8.1550000000000029 0.59923275700000012
decision_type=2 2 2 2
left_child=-1 2 -2 -4
right_child=1 -3 3 -5
leaf_value=-0.0052402053113581983 -7.3659672942762638e-05 -0.0018465249768633847 0.00012544545867449928 0.005430376008863186
leaf_weight=24 30 26 20 375
leaf_count=24 30 26 20 375
internal_value=5.3594e-05 0.000251217 0.000400423 0.000468671
internal_weight=475 451 425 395
internal_count=475 451 425 395
is_linear=0
shrinkage=0.01


Tree=51
num_leaves=5
num_cat=0
split_feature=3 86 15 92
split_gain=3.55354 2.78232 0.400708 0.16782
threshold=0.24229250000000002 19.058571410000003 0.5686582145000002 18.627672485000002
decision_type=2 2 2 8
left_child=1 -1 -2 -4
right_child=2 -3 3 -5
leaf_value=-0.0012830634953938059 -0.00207084263292242 -0.0050333365843272127 -0.0034123258554994602 0.0066029737145171423
leaf_weight=29 31 26 20 362
leaf_count=29 31 26 20 362
internal_value=2.55973e-05 -0.00233871 0.000349203 0.000441484
internal_weight=468 55 413 382
internal_count=468 55 413 382
is_linear=0
shrinkage=0.01


Tree=52
num_leaves=4
num_cat=0
split_feature=15 25 92
split_gain=3.20805 1.43243 0.2385
threshold=0.5686582145000002 2.2285714275000004 18.755804620000003
decision_type=2 2 8
left_child=1 -1 -2
right_child=2 -3 -4
leaf_value=-0.0057521301792309463 -0.00085996215466878985 -0.0011823262899199923 0.005733857760277984
leaf_weight=20 32 36 378
leaf_count=20 32 36 378
internal_value=0.000109255 -0.00211268 0.00042113
internal_weight=466 56 410
internal_count=466 56 410
is_linear=0
shrinkage=0.01


Tree=53
num_leaves=5
num_cat=0
split_feature=42 67 84 79
split_gain=4.34996 1.52066 0.291691 0.046259
threshold=3.0999999795000006 67.33000087500001 13.187857290000002 3.6892857095000005
decision_type=2 2 2 2
left_child=1 -1 3 -2
right_child=2 -3 -4 -5
leaf_value=-0.0028680226107751765 0.006939902564936558 -0.0042446326175353119 -0.0015632110067568361 0.006904198076575197
leaf_weight=39 20 20 25 374
leaf_count=39 20 20 25 374
internal_value=3.55054e-05 -0.00248328 0.000399 0.000468592
internal_weight=478 59 419 394
internal_count=478 59 419 394
is_linear=0
shrinkage=0.01


Tree=54
num_leaves=5
num_cat=0
split_feature=73 20 14 21
split_gain=4.63634 3.62611 0.131733 0.193863
threshold=-3.0085714034999995 2.1499999935000003 0.62376642850000008 1.8571428655000002
decision_type=2 2 2 2
left_child=1 -1 3 -2
right_child=2 -3 -4 -5
leaf_value=-5.820046861205574e-05 0.00361986707187981 -0.0052800205477299064 0.0073779542433832666 -0.0031159645128356812
leaf_weight=38 35 24 347 22
leaf_count=38 35 24 347 22
internal_value=2.35647e-05 -0.0025 0.00041996 0
internal_weight=466 62 404 57
internal_count=466 62 404 57
is_linear=0
shrinkage=0.01


Tree=55
num_leaves=7
num_cat=0
split_feature=15 35 57 69 4 7
split_gain=4.6619 1.89798 1.02111 0.148376 0.195577 0.0456678
threshold=0.58062152050000015 4.1000000070000011 5.3299994470000014 88.639999390000014 0.36795921400000003 0.42114135700000005
decision_type=2 2 2 2 2 2
left_child=1 -1 -3 5 -5 -2
right_child=3 2 -4 4 -6 -7
leaf_value=-0.0054782451292389308 0.0024979779073826054 0.00073814758383215502 -0.0033461893118566966 -0.0034071578551589355 0.0031475527217319221 0.010482486584376661
leaf_weight=21 20 20 25 20 26 320
leaf_count=21 20 20 25 20 26 320
internal_value=-2.65018e-05 -0.00247006 -0.00121179 0.000390383 -0.000106838 0.000463615
internal_weight=452 66 45 386 46 340
internal_count=452 66 45 386 46 340
is_linear=0
shrinkage=0.01


Tree=56
num_leaves=4
num_cat=0
split_feature=16 16 39
split_gain=3.1131 0.434168 0.199908
threshold=0.4773110000000001 0.53622757100000007 3.0000000000000004
decision_type=2 2 2
left_child=-1 -2 -3
right_child=1 2 -4
leaf_value=-0.0036367860377608842 -0.0011005530796403277 -0.00019890397478937756 0.0089218037949424008
leaf_weight=31 28 38 363
leaf_count=31 28 38 363
internal_value=0.000104167 0.00033155 0.000419363
internal_weight=460 429 401
internal_count=460 429 401
is_linear=0
shrinkage=0.01


Tree=57
num_leaves=4
num_cat=0
split_feature=31 18 15
split_gain=3.35007 0.432838 0.230263
threshold=5.8642857245000011 7.285000000000001 0.5686582145000002
decision_type=2 2 2
left_child=1 -1 -3
right_child=-2 2 -4
leaf_value=-0.001545215267699414 -0.0061467415574301618 -0.00035998090857682438 0.0078707794772690711
leaf_weight=28 29 33 362
leaf_count=28 29 33 362
internal_value=9.71732e-05 0.000329165 0.00041814
internal_weight=452 423 395
internal_count=452 423 395
is_linear=0
shrinkage=0.01


Tree=58
num_leaves=5
num_cat=0
split_feature=93 69 14 1
split_gain=2.8676 1.36937 0.395207 0.0463422
threshold=17.972726020000003 94.07999897000002 0.59000164300000013 0.15455600000000003
decision_type=8 2 2 2
left_child=-1 2 -2 -4
right_child=1 -3 3 -5
leaf_value=-0.0025613887930982355 -0.0035842784535613913 -0.0031383915708972348 0.00015856872799656821 0.0066907005145539272
leaf_weight=22 33 21 20 383
leaf_count=22 33 21 20 383
internal_value=7.81576e-05 0.000254478 0.000380037 0.000469292
internal_weight=479 457 436 403
internal_count=479 457 436 403
is_linear=0
shrinkage=0.01


Tree=59
num_leaves=4
num_cat=0
split_feature=16 48 92
split_gain=2.35233 0.508132 0.0463422
threshold=0.4773110000000001 27.050000120000004 32.694284770000003
decision_type=2 2 10
left_child=-1 2 -2
right_child=1 -3 -4
leaf_value=-0.0045839944991414427 0.0043134946136582017 -0.0044470819525033152 0.0023496719840701247
leaf_weight=28 383 26 20
leaf_count=28 383 26 20
internal_value=0.000188947 0.000378083 0.000469292
internal_weight=457 429 403
internal_count=457 429 403
is_linear=0
shrinkage=0.01


Tree=60
num_leaves=6
num_cat=0
split_feature=31 61 28 11 88
split_gain=3.19415 2.9599 0.326967 0.171006 0.312489
threshold=5.7642857005000012 1.2750000955 4.5142856835000016 0.59459728600000006 17.182143005000004
decision_type=2 2 2 2 2
left_child=2 -2 3 4 -1
right_child=1 -3 -4 -5 -6
leaf_value=0.010945729708181343 3.3831177690998399e-05 -0.007369969743819196 -0.001677690723142709 0.0056709857011388023 -0.002673125850515021
leaf_weight=47 24 23 20 331 27
leaf_count=47 24 23 20 331 27
internal_value=5.07614e-05 -0.0023954 0.000329967 0.000395515 -1.3369e-05
internal_weight=472 47 425 405 74
internal_count=472 47 425 405 74
is_linear=0
shrinkage=0.01


Tree=61
num_leaves=5
num_cat=0
split_feature=16 1 13 9
split_gain=3.44007 1.96341 0.192568 0.046142
threshold=0.53501277150000004 0.18215792850000004 0.60194375000000011 0.53674612500000018
decision_type=2 2 2 2
left_child=1 -1 -2 -4
right_child=2 -3 3 -5
leaf_value=-0.0052491124569702631 -0.0019752032098458534 -3.9360244901484172e-05 0.0056014513877522586 0.0069779449079841538
leaf_weight=31 37 34 20 362
leaf_count=31 37 34 20 362
internal_value=6.18812e-05 -0.00205927 0.000399 0.000467607
internal_weight=484 65 419 382
internal_count=484 65 419 382
is_linear=0
shrinkage=0.01


Tree=62
num_leaves=5
num_cat=0
split_feature=16 4 8 63
split_gain=2.77447 2.13506 0.165981 0.223575
threshold=0.53501277150000004 0.31774021450000006 0.53382007100000017 29.250001435000005
decision_type=2 2 2 2
left_child=1 -1 3 -2
right_child=2 -3 -4 -5
leaf_value=-0.0052047908717042755 0.010188349664964997 8.1139725983033384e-05 0.0085356823859397222 -0.0011572465504970512
leaf_weight=29 43 26 330 33
leaf_count=29 43 26 330 33
internal_value=0.000105024 -0.00198029 0.000395772 0
internal_weight=461 55 406 76
internal_count=461 55 406 76
is_linear=0
shrinkage=0.01


Tree=63
num_leaves=6
num_cat=1
split_feature=31 76 94 8 50
split_gain=2.63188 1.67481 0.138771 0.208209 0.124471
threshold=5.7214285985000011 5.6192857260000002 0 0.55443435750000014 15.100000050000002
decision_type=2 2 1 2 2
left_child=2 -2 3 -1 -5
right_child=1 -3 -4 4 -6
leaf_value=-0.003366072315882547 -0.00021100099153640347 -0.004784950037429108 0.0087138235575041304 0.0044061490710427522 -5.723705030402056e-05
leaf_weight=20 39 24 280 67 20
leaf_count=20 39 24 280 67 20
internal_value=5.10204e-05 -0.00182602 0.000364879 1.27335e-05 0.000244875
internal_weight=450 63 387 107 87
internal_count=450 63 387 107 87
cat_boundaries=0 1
cat_threshold=35653122
is_linear=0
shrinkage=0.01


Tree=64
num_leaves=5
num_cat=0
split_feature=1 14 16 18
split_gain=4.24798 0.659485 0.357807 0.193326
threshold=0.15381642850000002 0.59722592850000011 0.55489678600000014 15.685
decision_type=2 2 2 2
left_child=-1 2 -2 -3
right_child=1 3 -4 -5
leaf_value=-0.0031031239285204543 -0.004174531616847491 -0.0010911170052692049 0.0023435563980329388 0.0058212176096218036
leaf_weight=36 20 39 21 342
leaf_count=36 20 39 21 342
internal_value=0 0.000281457 -0.000897129 0.000415139
internal_weight=458 422 41 381
internal_count=458 422 41 381
is_linear=0
shrinkage=0.01


Tree=65
num_leaves=5
num_cat=0
split_feature=93 66 6 12
split_gain=3.5922 1.38975 0.138869 0.0462305
threshold=17.972726020000003 22.485000135000003 0.34209185700000005 0.5681637140000001
decision_type=8 2 2 2
left_child=-1 2 -2 -4
right_child=1 -3 3 -5
leaf_value=-0.0035216558043843727 7.4244609929066809e-05 -0.002823173396317687 0.0020411102336243205 0.0050615694658366619
leaf_weight=22 23 37 20 371
leaf_count=22 23 37 20 371
internal_value=5.17096e-05 0.000251217 0.00042189 0.000468351
internal_weight=473 451 414 391
internal_count=473 451 414 391
is_linear=0
shrinkage=0.01


Tree=66
num_leaves=7
num_cat=0
split_feature=16 3 93 2 92 22
split_gain=5.78235 0.943919 0.187307 0.134728 0.0598913 0.0671547
threshold=0.45642314300000003 0.23880435700000002 18.714799965000001 0.21835420400000002 20.766363120000005 1.8999999845000002
decision_type=2 2 8 2 8 2
left_child=-1 -2 -3 -4 5 -5
right_child=1 2 3 4 -6 -7
leaf_value=-0.0051571393911180033 -0.0010304020043766626 -0.00053002958372719018 -0.00095509368689580625 0.0060413186854884659 0.0089347060543349139 -7.6085463235576472e-05
leaf_weight=20 37 32 22 29 324 23
leaf_count=20 37 32 22 29 324 23
internal_value=-2.97253e-05 0.000195596 0.000331941 0.000393681 0.000440552 7.57576e-05
internal_weight=487 467 430 398 376 52
internal_count=487 467 430 398 376 52
is_linear=0
shrinkage=0.01


Tree=67
num_leaves=6
num_cat=0
split_feature=42 31 13 76 35
split_gain=3.61257 2.30622 0.378162 0.65381 0.0458148
threshold=2.9499999810000008 5.8642857245000011 0.60916317500000006 6.0192856425000008 5.3142856530000007
decision_type=2 2 2 2 2
left_child=1 -1 3 -2 -4
right_child=2 -3 4 -5 -6
leaf_value=-0.00093455350586794028 0.0018770932703853682 -0.0035025610119891037 0.0044175494865177209 -0.0033693667162094294 0.015090099239347987
leaf_weight=33 31 21 332 20 20
leaf_count=33 31 21 332 20 20
internal_value=1.41984e-05 -0.00239051 0.000345468 -0.000434363 0.000464853
internal_weight=457 54 403 51 352
internal_count=457 54 403 51 352
is_linear=0
shrinkage=0.01


Tree=68
num_leaves=6
num_cat=0
split_feature=42 53 48 93 44
split_gain=2.83729 1.2141 0.338329 0.15077 0.0435393
threshold=3.1500000135000006 3.0500000085000005 24.249999975000005 18.201050400000003 2.9499999360000007
decision_type=2 2 2 8 2
left_child=1 -1 3 -2 -5
right_child=2 -3 -4 4 -6
leaf_value=-0.0010623425100329247 -0.00011717928595790267 -0.0027418136506306072 -0.00077967324165679444 0.0076851793772423314 0.013499038773405246
leaf_weight=36 21 30 20 351 21
leaf_count=36 21 30 20 351 21
internal_value=3.64735e-05 -0.00187126 0.000349203 0.000417725 0.000466738
internal_weight=479 66 413 393 372
internal_count=479 66 413 393 372
is_linear=0
shrinkage=0.01


Tree=69
num_leaves=5
num_cat=0
split_feature=92 24 84 43
split_gain=1.73106 0.819374 0.236706 0.0432553
threshold=17.997489060000003 2.3285714050000004 13.187857290000002 7.6000000495000011
decision_type=8 2 2 2
left_child=-1 2 3 -2
right_child=1 -3 -4 -5
leaf_value=-0.003440117273789115 0.0070654622182684977 -0.0013492652811389048 -0.00030586167726973475 0.0084522692506544313
leaf_weight=21 326 33 30 21
leaf_count=21 326 33 30 21
internal_value=0.000100741 0.00025073 0.000387771 0.000464347
internal_weight=431 410 377 347
internal_count=431 410 377 347
is_linear=0
shrinkage=0.01


Tree=70
num_leaves=5
num_cat=0
split_feature=31 92 5 92
split_gain=3.36112 1.64415 0.377647 0.168371
threshold=5.7214285985000011 27.598679195000003 0.32811534800000003 18.160246315000006
decision_type=2 8 2 8
left_child=3 2 -2 -1
right_child=1 -3 -4 -5
leaf_value=-0.00024195094027069944 -0.00408047356054875 0.0001547865889950961 -0.0020401386091381617 0.0056429263884084768
leaf_weight=20 20 25 23 379
leaf_count=20 20 25 23 379
internal_value=8.87131e-05 -0.00194767 -0.00311644 0.000443972
internal_weight=467 68 43 399
internal_count=467 68 43 399
is_linear=0
shrinkage=0.01


Tree=71
num_leaves=5
num_cat=0
split_feature=16 67 24 43
split_gain=1.86947 1.1228 0.159253 0.04624
threshold=0.52216678600000022 66.559999465000018 2.3214285460000004 7.6000000495000011
decision_type=2 2 2 2
left_child=1 -1 3 -2
right_child=2 -3 -4 -5
leaf_value=-1.9070836559022306e-05 0.0075988428421955769 -0.0027233610997924916 -0.0010753904928330609 0.007864884356029847
leaf_weight=20 372 23 20 20
leaf_count=20 372 23 20 20
internal_value=0.000209522 -0.00174658 0.000421512 0.000468432
internal_weight=455 43 412 392
internal_count=455 43 412 392
is_linear=0
shrinkage=0.01


Tree=72
num_leaves=5
num_cat=0
split_feature=31 31 18 72
split_gain=3.11484 0.321652 0.0414982 0.0436121
threshold=5.8357143060000007 5.7214285985000011 6.1350000000000007 74.275001525000008
decision_type=2 2 2 2
left_child=1 2 -1 -4
right_child=-2 -3 3 -5
leaf_value=0.0043508139250732483 -0.003715497496557303 -0.0015408988678034341 0.0047944094622446075 0.015405377348232082
leaf_weight=20 37 38 358 21
leaf_count=20 37 38 358 21
internal_value=0.000115838 0.000357469 0.000443972 0.000467351
internal_weight=474 437 399 379
internal_count=474 437 399 379
is_linear=0
shrinkage=0.01


Tree=73
num_leaves=5
num_cat=0
split_feature=31 15 53 13
split_gain=3.57613 0.507367 0.137854 0.0460388
threshold=5.8357143060000007 0.5686582145000002 0.55000000800000015 0.59847855000000016
decision_type=2 2 2 2
left_child=1 -1 -3 -4
right_child=-2 2 3 -5
leaf_value=-0.0022660139122542156 -0.0041830979728905452 -0.00021386221863392118 0.0016000367849812113 0.0066842522937474048
leaf_weight=37 37 23 20 352
leaf_count=37 37 23 20 352
internal_value=4.78927e-05 0.000309612 0.00041814 0.000466738
internal_weight=469 432 395 372
internal_count=469 432 395 372
is_linear=0
shrinkage=0.01


Tree=74
num_leaves=6
num_cat=0
split_feature=24 20 92 53 18
split_gain=2.4306 0.913306 0.877251 0.15728 0.0458731
threshold=2.2428571665000008 2.1285714335000008 18.755804620000003 0.55000000800000015 201.66500000000005
decision_type=2 2 8 2 2
left_child=2 -2 -1 -4 -5
right_child=1 -3 3 4 -6
leaf_value=-0.0023590489078091875 -0.00018309972010313315 -0.0033351485708739271 -0.00087394725206801764 0.0050108841100231158 0.0042317707897249583
leaf_weight=32 23 20 20 337 20
leaf_count=32 23 20 20 337 20
internal_value=3.09187e-05 -0.0022032 0.000274524 0.00041424 0.000465344
internal_weight=452 43 409 377 357
internal_count=452 43 409 377 357
is_linear=0
shrinkage=0.01


Tree=75
num_leaves=5
num_cat=0
split_feature=16 1 31 53
split_gain=3.44324 1.50198 0.350732 0.167987
threshold=0.53501277150000004 0.18215792850000004 5.7214285985000011 0.55000000800000015
decision_type=2 2 2 2
left_child=1 -1 3 -2
right_child=2 -3 -4 -5
leaf_value=-0.0049451088417357672 -0.00086520777954733966 -4.2770716297385432e-05 -0.0022080290058661299 0.0078244754312718837
leaf_weight=33 20 30 35 367
leaf_count=33 20 30 35 367
internal_value=2.16138e-05 -0.0021395 0.000352412 0.000442238
internal_weight=485 63 422 387
internal_count=485 63 422 387
is_linear=0
shrinkage=0.01


Tree=76
num_leaves=5
num_cat=0
split_feature=16 16 1 92
split_gain=3.36975 0.496162 0.494917 0.0464132
threshold=0.46304357150000003 0.53848464250000017 0.19285928600000005 34.040398345000007
decision_type=2 2 2 10
left_child=-1 2 -2 -3
right_child=1 3 -4 -5
leaf_value=-0.00341566301675909 -0.0017655463527252379 0.0067557991206044837 0.00019922785113242391 0.0015658346891908423
leaf_weight=20 21 391 20 20
leaf_count=20 21 391 20 20
internal_value=0.000177665 0.000362191 -0.000657895 0.000469888
internal_weight=472 452 41 411
internal_count=472 452 41 411
is_linear=0
shrinkage=0.01


Tree=77
num_leaves=6
num_cat=0
split_feature=16 35 36 18 13
split_gain=1.56561 1.21393 0.38051 0.239062 0.0460067
threshold=0.54217126200000021 4.1142856905000009 4.685714313000001 7.285000000000001 0.59847855000000016
decision_type=2 2 2 2 2
left_child=1 -1 -3 -2 -5
right_child=3 2 -4 4 -6
leaf_value=-0.0040516445036648122 -0.00075768466818021418 0.00031866750927997303 -0.0018380957473607058 0.001441114458811153 0.0085159054618354352
leaf_weight=20 30 27 20 20 349
leaf_count=20 30 27 20 20 349
internal_value=0.000152099 -0.00124631 -0.000303347 0.000393947 0.000466468
internal_weight=466 67 47 399 369
internal_count=466 67 47 399 369
is_linear=0
shrinkage=0.01


Tree=78
num_leaves=6
num_cat=0
split_feature=15 79 24 15 72
split_gain=2.42071 1.23314 0.342663 0.110686 0.04375
threshold=0.55506657150000016 6.2642857600000008 2.3285714050000004 0.59966028550000006 74.875000955000004
decision_type=2 2 2 2 2
left_child=1 -1 3 -2 -5
right_child=2 -3 -4 4 -6
leaf_value=-0.0044818086782039976 -7.6777252675244294e-05 -0.0015060638471481808 -0.00030893044106303501 0.0083452481589937361 0.015118136701427854
leaf_weight=23 29 23 20 372 21
leaf_count=23 29 23 20 372 21
internal_value=0.000126841 -0.00202991 0.000359079 0.000423368 0.000468512
internal_weight=488 46 442 422 393
internal_count=488 46 442 422 393
is_linear=0
shrinkage=0.01


Tree=79
num_leaves=6
num_cat=0
split_feature=92 31 61 53 5
split_gain=2.33916 0.638502 0.486604 0.149388 0.045779
threshold=17.974372480000003 5.7214285985000011 1.2750000955 0.55000000800000015 0.31255097600000009
decision_type=8 2 2 2 2
left_child=-1 3 -3 -2 -5
right_child=1 2 -4 4 -6
leaf_value=-0.0035618681896388972 -0.0011344133684804193 0.0013976079680898025 -0.0025107346618146176 0.0087117871825906287 0.0061269828667290258
leaf_weight=21 21 21 34 20 329
leaf_count=21 21 21 34 20 329
internal_value=9.17637e-05 0.000259512 -0.000725806 0.000412621 0.000464551
internal_weight=446 425 55 370 349
internal_count=446 425 55 370 349
is_linear=0
shrinkage=0.01


Tree=80
num_leaves=6
num_cat=0
split_feature=17 20 48 42 34
split_gain=2.7766 2.26339 0.596324 0.158615 0.0461218
threshold=0.45754300000000009 2.1357142755000003 27.050000120000004 2.8500000315000005 4.3214285715000011
decision_type=2 2 2 2 2
left_child=1 -1 3 -2 -5
right_child=2 -3 -4 4 -6
leaf_value=0.00049840835864728666 -0.00072044491972795893 -0.0047132322239130846 -0.0051398866043599126 0.0039795788464708501 0.013143114154073115
leaf_weight=20 20 20 21 360 20
leaf_count=20 20 20 21 360 20
internal_value=8.33694e-05 -0.00240196 0.000328355 0.000419162 0.000467437
internal_weight=461 40 421 400 380
internal_count=461 40 421 400 380
is_linear=0
shrinkage=0.01


Tree=81
num_leaves=6
num_cat=0
split_feature=42 42 1 53 17
split_gain=2.66034 1.42904 0.140026 0.137102 0.045896
threshold=2.9499999810000008 2.6000000050000005 0.17084278600000002 0.60000001650000001 0.47647247150000005
decision_type=2 2 2 2 2
left_child=1 -1 -2 -4 -5
right_child=2 -3 3 4 -6
leaf_value=-0.0033348618257197848 -0.00052168714139055644 -0.0039171844858827479 -0.00088767834317674682 2.0829360227145822e-05 0.0074114583960117868
leaf_weight=28 20 21 23 20 339
leaf_count=28 20 21 23 20 339
internal_value=9.62816e-05 -0.00207831 0.000369911 0.000415361 0.000465536
internal_weight=451 49 402 382 359
internal_count=451 49 402 382 359
is_linear=0
shrinkage=0.01


Tree=82
num_leaves=6
num_cat=0
split_feature=15 53 27 18 15
split_gain=2.16187 1.62049 0.202491 0.142716 0.0432915
threshold=0.59966028550000006 2.6999999580000007 3.9714285820000002 7.285000000000001 0.61298792850000006
decision_type=2 2 2 2 2
left_child=1 2 -1 -2 -5
right_child=3 -3 -4 4 -6
leaf_value=-0.00062483703232542309 -0.0010771661751386896 -0.0046080678703849043 0.00042205808230604686 0.00077269825598807909 0.0085172802267782805
leaf_weight=20 22 37 28 21 329
leaf_count=20 22 37 28 21 329
internal_value=7.97292e-05 -0.00134615 -8.19672e-05 0.00041309 0.000464652
internal_weight=457 85 48 372 350
internal_count=457 85 48 372 350
is_linear=0
shrinkage=0.01


Tree=83
num_leaves=4
num_cat=0
split_feature=16 18 70
split_gain=2.70228 0.26678 0.160842
threshold=0.49660935750000007 7.285000000000001 55.559998510000007
decision_type=2 2 2
left_child=-1 -2 -3
right_child=1 2 -4
leaf_value=-0.0033049116006520331 -0.0042232164015451748 0.0057033094984636091 -0.00010251516350041026
leaf_weight=36 26 376 21
leaf_count=36 26 376 21
internal_value=0.000146803 0.000376357 0.00044369
internal_weight=459 423 397
internal_count=459 423 397
is_linear=0
shrinkage=0.01


Tree=84
num_leaves=7
num_cat=0
split_feature=84 42 23 84 13 3
split_gain=3.44323 0.576119 0.658285 0.133768 0.0672471 0.0799496
threshold=13.285714355000001 3.0999999795000006 1.685714283 13.134285655000001 0.62350495000000017 0.28831021450000011
decision_type=2 2 2 2 2 2
left_child=1 2 -1 4 5 -3
right_child=-2 3 -4 -5 -6 -7
leaf_value=-0.0043441537531269635 -0.0022216659305671935 0.0058144977752296748 0.00025101330248641685 -8.493738801530259e-05 0.0087799272292142221 -0.0016085707269062023
leaf_weight=23 32 28 35 22 316 20
leaf_count=23 32 28 35 22 316 20
internal_value=1.25839e-05 0.000247302 -0.000663265 0.000390383 0.000438596 4.09836e-05
internal_weight=476 444 58 386 364 48
internal_count=476 444 58 386 364 48
is_linear=0
shrinkage=0.01


Tree=85
num_leaves=6
num_cat=0
split_feature=93 17 17 0 73
split_gain=2.24963 0.537924 0.666066 0.0996547 0.0431557
threshold=17.972726020000003 0.53864321400000015 0.50356235750000011 0.085360229500000009 2.2521428225000002
decision_type=8 2 2 2 2
left_child=-1 2 3 -2 -3
right_child=1 4 -4 -5 -6
leaf_value=-0.0042733613557305681 -0.00052283666788500776 0.0094297302129946574 -0.0032047216957740046 0.00031294334433184953 0.014717375293520876
leaf_weight=22 20 318 25 40 21
leaf_count=22 20 318 25 40 21
internal_value=0.000114145 0.000282486 -0.000413753 0.000131579 0.000463508
internal_weight=446 424 85 60 339
internal_count=446 424 85 60 339
is_linear=0
shrinkage=0.01


Tree=86
num_leaves=6
num_cat=0
split_feature=16 4 64 81 13
split_gain=3.06202 1.9917 0.12778 0.0842433 0.045791
threshold=0.54217126200000021 0.30346650000000003 33.784999850000013 14.073571445000001 0.60194375000000011
decision_type=2 2 2 2 2
left_child=1 -1 4 -4 -2
right_child=2 -3 3 -5 -6
leaf_value=-0.0039434727587664958 7.393428931765592e-05 7.32734564886919e-05 -0.00075542131360720936 0.014405298093577806 0.0089575847755909432
leaf_weight=37 20 34 31 22 330
leaf_count=37 20 34 31 22 330
internal_value=5.26538e-05 -0.0018454 0.000394998 -2.7881e-05 0.000464652
internal_weight=474 71 403 53 350
internal_count=474 71 403 53 350
is_linear=0
shrinkage=0.01


Tree=87
num_leaves=6
num_cat=0
split_feature=15 93 92 93 92
split_gain=2.4113 1.71161 1.02692 0.425283 0.0934998
threshold=0.57979161900000009 17.285832155000005 23.154861850000007 20.616162125000002 20.766363120000005
decision_type=2 10 10 8 8
left_child=1 2 -1 -2 -5
right_child=3 -3 -4 4 -6
leaf_value=-0.0021901681970239346 -0.0008852326836329209 0.00026289053607889384 -0.003702649878822423 -0.00029153359931787806 0.0083250113819635062
leaf_weight=21 29 23 22 37 316
leaf_count=21 29 23 22 37 316
internal_value=2.6738e-05 -0.00172156 -0.00288813 0.000336991 0.000436687
internal_weight=448 66 43 382 353
internal_count=448 66 43 382 353
is_linear=0
shrinkage=0.01


Tree=88
num_leaves=5
num_cat=0
split_feature=16 4 64 13
split_gain=2.08698 1.63582 0.223217 0.0459959
threshold=0.54217126200000021 0.30799419050000004 34.480000495000006 0.58605885000000013
decision_type=2 2 2 2
left_child=1 -1 3 -2
right_child=2 -3 -4 -5
leaf_value=-0.0039865228721475852 7.0843253052906252e-05 7.1870685589321643e-05 -0.00051760571747515999 0.0075171633124729133
leaf_weight=32 20 29 32 348
leaf_count=32 20 29 32 348
internal_value=0.000126678 -0.00157767 0.000394212 0.000466377
internal_weight=461 61 400 368
internal_count=461 61 400 368
is_linear=0
shrinkage=0.01


Tree=89
num_leaves=6
num_cat=0
split_feature=69 19 93 18 9
split_gain=3.25227 0.599892 0.302045 0.344926 0.0461521
threshold=95.324999810000023 0.58571429100000005 20.616162125000002 44.765000000000008 0.51315420000000012
decision_type=2 2 8 2 2
left_child=1 -1 3 -3 -4
right_child=-2 2 4 -5 -6
leaf_value=-0.0016237262814079781 -0.0020672868890590436 -0.0043768340318673894 0.0002280131773923494 0.00072310476407204535 0.0044060806505199016
leaf_weight=20 20 20 20 22 363
leaf_count=20 20 20 20 22 363
internal_value=0.000108416 0.000292732 0.000376938 -0.000397196 0.000467692
internal_weight=465 445 425 42 383
internal_count=465 445 425 42 383
is_linear=0
shrinkage=0.01


Tree=90
num_leaves=5
num_cat=0
split_feature=17 68 66 5
split_gain=2.80423 0.564095 0.0555069 0.092457
threshold=0.45754300000000009 66.430000305000007 21.215000155000002 0.36212315750000007
decision_type=2 2 2 2
left_child=-1 2 -2 -4
right_child=1 -3 3 -5
leaf_value=-0.0032186511782339011 0.010101199253960889 -0.00068953358076864226 -0.00027740301223570861 0.0013974389854687389
leaf_weight=34 343 35 20 35
leaf_count=34 343 35 20 35
internal_value=0.00011009 0.000333103 0.000443832 9.85663e-05
internal_weight=467 433 398 55
internal_count=467 433 398 55
is_linear=0
shrinkage=0.01


Tree=91
num_leaves=4
num_cat=0
split_feature=16 11 31
split_gain=1.59057 1.51646 0.361276
threshold=0.53501277150000004 0.61619750000000006 5.7428571670000013
decision_type=2 2 2
left_child=1 -1 -2
right_child=2 -3 -4
leaf_value=-0.0040546260257256304 0.0067169745349870457 6.9032663105774879e-05 -0.0037179708464984075
leaf_weight=22 369 27 21
leaf_count=22 369 27 21
internal_value=0.000198954 -0.0014759 0.000417093
internal_weight=439 49 390
internal_count=439 49 390
is_linear=0
shrinkage=0.01


Tree=92
num_leaves=6
num_cat=0
split_feature=16 67 69 18 6
split_gain=2.65884 1.74885 0.528332 0.778945 0.0458616
threshold=0.53501277150000004 66.350001335000016 88.639999390000014 31.175000000000004 0.3481688215
decision_type=2 2 2 2 2
left_child=1 -1 4 -4 -2
right_child=2 -3 3 -5 -6
leaf_value=-0.00064736979046420664 -0.00018363963759322286 -0.0038861969069139426 -0.0037000103789895438 0.0030157904867063284 0.0077322168871197276
leaf_weight=30 20 31 23 30 336
leaf_count=30 20 31 23 30 336
internal_value=2.76126e-05 -0.00190129 0.000323328 -0.000585502 0.000465247
internal_weight=470 61 409 53 356
internal_count=470 61 409 53 356
is_linear=0
shrinkage=0.01


Tree=93
num_leaves=5
num_cat=0
split_feature=31 15 52 64
split_gain=2.63499 0.443342 0.520264 0.10529
threshold=5.8642857245000011 0.5686582145000002 3.5000000970000005 34.480000495000006
decision_type=2 2 2 2
left_child=1 2 -1 -3
right_child=-2 3 -4 -5
leaf_value=0.00076928086337622143 -0.0049394647624665484 0.0063749928982175909 -0.0036789547304235228 0.0021964339649798471
leaf_weight=22 30 351 21 33
leaf_count=22 30 351 21 33
internal_value=0.000123416 0.000330762 -0.000605023 0.000441788
internal_weight=457 427 43 384
internal_count=457 427 43 384
is_linear=0
shrinkage=0.01


Tree=94
num_leaves=6
num_cat=0
split_feature=67 47 59 92 29
split_gain=1.38708 0.37384 0.584175 0.0592337 0.0562664
threshold=68.444999695000021 18.849999985000004 1.0999999050000002 20.766363120000005 2.1928571380000004
decision_type=2 2 2 8 2
left_child=1 3 -3 4 -1
right_child=-2 2 -4 -5 -6
leaf_value=-0.00078971407811624455 -0.0013378008701804571 -0.00012068880479316675 0.0064179176810189543 0.0068364039002786463 0.0001519806607739773
leaf_weight=25 34 21 28 306 27
leaf_count=25 34 21 28 306 27
internal_value=0.000155048 0.000322462 -0.000471888 0.00043757 7.57576e-05
internal_weight=441 407 49 358 52
internal_count=441 407 49 358 52
is_linear=0
shrinkage=0.01


Tree=95
num_leaves=6
num_cat=0
split_feature=42 20 15 27 93
split_gain=1.60234 0.742016 0.447751 0.52187 0.108276
threshold=2.9499999810000008 2.1499999935000003 0.59966028550000006 3.9928571325000006 20.616162125000002
decision_type=2 2 2 2 8
left_child=1 -1 3 -2 -4
right_child=2 -3 4 -5 -6
leaf_value=-3.1097080980884844e-05 -0.003968368458103751 -0.0039359004417294577 0.0019889309381881182 0.00065457030456172235 0.0085385991946242829
leaf_weight=23 21 22 32 38 350
leaf_count=23 21 22 32 38 350
internal_value=0.000125308 -0.00164847 0.00031349 -0.000476589 0.000441484
internal_weight=486 45 441 59 382
internal_count=486 45 441 59 382
is_linear=0
shrinkage=0.01


Tree=96
num_leaves=7
num_cat=0
split_feature=2 48 16 24 10 13
split_gain=2.22989 1.40212 0.360103 0.288985 0.0936117 0.0432675
threshold=0.21835420400000002 17.849999500000003 0.55652200000000007 2.1285714295000004 0.65269040500000008 0.60194375000000011
decision_type=2 2 2 2 2 2
left_child=1 2 -1 5 -5 -2
right_child=3 -3 -4 4 -6 -7
leaf_value=-0.0036588812074131189 0.00031530671508338308 -0.0041855439124225784 0.0068236514859481012 0.00029786114263142003 -0.00050474725981131618 0.0068257922880844233
leaf_weight=20 21 28 24 23 20 327
leaf_count=20 21 28 24 23 20 327
internal_value=6.3605e-05 -0.00153846 -0.000357143 0.000366258 -0.000376712 0.00046445
internal_weight=463 72 44 391 43 348
internal_count=463 72 44 391 43 348
is_linear=0
shrinkage=0.01


Tree=97
num_leaves=6
num_cat=0
split_feature=16 5 31 92 76
split_gain=2.91495 1.17291 0.288361 0.137934 0.220242
threshold=0.53848464250000017 0.36958132150000006 5.7428571670000013 20.766363120000005 6.1900000145000007
decision_type=2 2 2 8 2
left_child=1 -1 3 4 -2
right_child=2 -3 -4 -5 -6
leaf_value=-0.0046139399030030318 0.0060078213020147361 -2.9159156731748056e-05 -0.0033276187739544028 0.006738700943684439 -0.0020707494726566762
leaf_weight=29 34 22 23 328 20
leaf_count=29 34 22 23 328 20
internal_value=5.69177e-05 -0.00217181 0.00034623 0.000415361 -1.82482e-05
internal_weight=456 51 405 382 54
internal_count=456 51 405 382 54
is_linear=0
shrinkage=0.01


Tree=98
num_leaves=6
num_cat=0
split_feature=84 93 83 3 53
split_gain=2.34272 0.607907 0.21989 0.165723 0.0458616
threshold=13.285714355000001 18.714799965000001 10.000714231500002 0.23726150000000004 0.60000001650000001
decision_type=2 8 2 2 2
left_child=1 -1 4 -4 -3
right_child=-2 2 3 -5 -6
leaf_value=-0.0030531068639409143 -0.0016562877187295143 0.00076838638371996273 8.6413676209841676e-05 -8.9012538459516742e-05 0.0083207102176852572
leaf_weight=30 32 20 23 32 336
leaf_count=30 32 20 23 32 336
internal_value=7.28155e-05 0.000268221 0.000372754 -0.000188172 0.000465247
internal_weight=473 441 411 55 356
internal_count=473 441 411 55 356
is_linear=0
shrinkage=0.01


Tree=99
num_leaves=6
num_cat=0
split_feature=92 15 26 82 7
split_gain=2.1506 0.547472 0.474859 0.076716 0.0710918
threshold=17.974372480000003 0.59211192850000016 3.9714285135000007 14.817857060000001 0.55530592850000005
decision_type=8 2 2 2 2
left_child=-1 2 -2 -3 -5
right_child=1 3 -4 4 -6
leaf_value=-0.003835787473452782 0.0022355963255560251 0.0085519133053245031 -0.0021305331820328953 -0.0019597785087498254 0.0024983166625692278
leaf_weight=23 27 328 38 20 24
leaf_count=23 27 328 38 20 24
internal_value=0.000125868 0.000288945 -0.000539514 0.000439914 1.23068e-11
internal_weight=460 437 65 372 44
internal_count=460 437 65 372 44
is_linear=0
shrinkage=0.01


Tree=100
num_leaves=7
num_cat=0
split_feature=16 16 17 17 7 1
split_gain=4.0007 0.618549 0.638437 0.599002 0.0457179 0.0257349
threshold=0.46304357150000003 0.60137750000000012 0.51600007150000005 0.55967792850000009 0.41948735750000005 0.21004142850000004
decision_type=2 2 2 2 2 2
left_child=-1 2 5 -4 -3 -2
right_child=1 4 3 -5 -6 -7
leaf_value=-0.0040137660997137921 -1.8618022325789299e-05 0.011002183448116242 -0.0044553379592010391 0.00022624731335062198 0.0094838957959313616 0.0010795145811806179
leaf_weight=20 20 20 29 22 324 39
leaf_count=20 20 20 29 22 324 39
internal_value=5.26538e-05 0.000252858 -0.000388087 -0.00120656 0.000464037 0.000292642
internal_weight=474 454 110 51 344 59
internal_count=474 454 110 51 344 59
is_linear=0
shrinkage=0.01


Tree=101
num_leaves=7
num_cat=0
split_feature=2 76 16 22 57 11
split_gain=1.37765 1.32672 0.295308 0.145945 0.235718 0.0323472
threshold=0.21835420400000002 5.6407143430000009 0.55340650000000002 1.8999999845000002 5.4849991795000008 0.70717742850000009
decision_type=2 2 2 2 2 2
left_child=1 2 -1 -2 -5 -6
right_child=3 -3 -4 4 5 -7
leaf_value=-0.0031833610134867243 0.0078884069676788092 -0.0024645890562572811 0.0026424569598780057 -0.00011002034372573156 0.0012631067366966962 0.003006135588789705
leaf_weight=24 280 20 28 33 62 20
leaf_count=24 280 20 28 33 62 20
internal_value=0.000131466 -0.00112637 -0.000227273 0.00036761 4.74957e-05 0.000350242
internal_weight=467 72 52 395 115 82
internal_count=467 72 52 395 115 82
is_linear=0
shrinkage=0.01


Tree=102
num_leaves=6
num_cat=0
split_feature=16 16 16 52 34
split_gain=2.63043 0.397677 0.272616 0.260855 0.0953371
threshold=0.4773110000000001 0.60867407150000019 0.59067933300000008 3.8999999725000003 4.3000000200000015
decision_type=2 2 2 2 2
left_child=-1 2 3 -2 -3
right_child=1 4 -4 -5 -6
leaf_value=-0.0020995935342821809 5.7654934193276963e-05 0.010787631053442848 -0.00074784084819840696 -0.0025487993585000357 0.0028060097131175107
leaf_weight=29 49 301 21 31 36
leaf_count=29 49 301 21 31 36
internal_value=6.73365e-05 0.000266636 -0.000270138 0 0.000433689
internal_weight=467 438 101 80 337
internal_count=467 438 101 80 337
is_linear=0
shrinkage=0.01


Tree=103
num_leaves=5
num_cat=0
split_feature=16 53 15 41
split_gain=1.50063 0.111525 0.0856509 0.224705
threshold=0.4773110000000001 0.60000001650000001 0.61458771400000012 11.300000070000001
decision_type=2 2 2 2
left_child=-1 -2 3 -3
right_child=1 2 -4 -5
leaf_value=-0.0021558860333045714 -0.0015042045986907008 -0.00010209157395763489 0.0083101410638072564 8.2679315675421728e-05
leaf_weight=26 25 23 329 55
leaf_count=26 25 23 329 55
internal_value=0.000233217 0.000378928 0.000420549 8.88325e-05
internal_weight=458 432 407 78
internal_count=458 432 407 78
is_linear=0
shrinkage=0.01


Tree=104
num_leaves=7
num_cat=0
split_feature=93 33 16 5 22 22
split_gain=2.47739 0.516553 0.139036 0.191897 0.0425426 0.0585187
threshold=17.285832155000005 6.2428571500000007 0.54217126200000021 0.36050786750000002 1.9285714205000002 1.9571428215000002
decision_type=8 2 2 2 2 2
left_child=-1 2 3 -2 -4 -6
right_child=1 -3 4 -5 5 -7
leaf_value=-0.0038992400329059202 -0.0035464666745006635 -0.00082965053862601209 0.0078689399183658679 0.00021906742123900273 0.00057716224057765837 0.00040584408683207613
leaf_weight=20 20 34 287 25 28 35
leaf_count=20 20 34 287 25 28 35
internal_value=9.44865e-05 0.00026175 0.00036761 -0.000120087 0.000436146 0.000148903
internal_weight=449 429 395 45 350 63
internal_count=449 429 395 45 350 63
is_linear=0
shrinkage=0.01


Tree=105
num_leaves=5
num_cat=0
split_feature=16 33 11 73
split_gain=1.94356 0.518541 0.256503 0.0459521
threshold=0.46839321400000006 6.2428571500000007 0.54043964250000009 2.3164285845000006
decision_type=2 2 2 2
left_child=-1 2 -2 -4
right_child=1 -3 3 -5
leaf_value=-0.0021272367636349801 -0.0013914474081508953 -0.0011048598395983489 0.0052907993264543615 0.013170082616209573
leaf_weight=25 28 35 344 20
leaf_count=25 28 35 344 20
internal_value=0.000119258 0.000284011 0.000392057 0.000466009
internal_weight=452 427 392 364
internal_count=452 427 392 364
is_linear=0
shrinkage=0.01


Tree=106
num_leaves=5
num_cat=0
split_feature=42 20 33 77
split_gain=2.75172 2.02948 0.530872 0.0460282
threshold=2.9499999810000008 2.1499999935000003 6.0928571225000008 9.5614286150000023
decision_type=2 2 2 2
left_child=1 -1 3 -2
right_child=2 -3 -4 -5
leaf_value=0.0018845693561814893 0.0048510112415991735 -0.0062398628863806517 -8.8174316203480798e-05 0.013038381790047477
leaf_weight=22 351 25 38 20
leaf_count=22 351 25 38 20
internal_value=7.88091e-05 -0.00218619 0.000347731 0.000466649
internal_weight=456 47 409 371
internal_count=456 47 409 371
is_linear=0
shrinkage=0.01


Tree=107
num_leaves=8
num_cat=0
split_feature=2 68 69 92 6 34 28
split_gain=1.87696 1.41462 0.306003 0.303633 0.170852 0.0898613 0.0352688
threshold=0.21835420400000002 63.540000915000007 88.639999390000014 20.757740700000003 0.37124435700000008 4.3000000200000015 4.3214285545000015
decision_type=2 2 2 10 2 2 2
left_child=1 4 5 -4 -1 6 -2
right_child=2 -3 3 -5 -6 -7 -8
leaf_value=-0.0013948237379387987 0.0074722525921878122 -0.0044256724982860421 -0.0043803082446006118 0.00019432974616564487 0.00036297608954476954 -0.00025859691701899583 0.002390780650565492
leaf_weight=20 287 29 20 34 20 34 24
leaf_count=20 287 29 20 34 20 34 24
internal_value=2.55973e-05 -0.00148281 0.000293897 -0.000383212 -0.000196078 0.000406304 0.000460231
internal_weight=468 69 399 54 40 345 311
internal_count=468 69 399 54 40 345 311
is_linear=0
shrinkage=0.01


Tree=108
num_leaves=6
num_cat=0
split_feature=28 22 57 12 10
split_gain=2.20155 0.399916 0.532399 0.230942 0.0448902
threshold=4.6857142790000008 1.8999999845000002 5.4849991795000008 0.70388450000000014 0.53166428550000011
decision_type=2 2 2 2 2
left_child=1 4 -3 -4 -1
right_child=-2 2 3 -5 -6
leaf_value=-6.0376683269116673e-05 -0.0020719930922071463 -0.0038748921178072102 0.00056388942000001538 -0.0011084237583721338 0.006936935864974964
leaf_weight=20 22 31 68 24 268
leaf_count=20 22 31 68 24 268
internal_value=7.95297e-05 0.000251336 -0.000214055 0.000150862 0.000457064
internal_weight=433 411 123 92 288
internal_count=433 411 123 92 288
is_linear=0
shrinkage=0.01


Tree=109
num_leaves=5
num_cat=0
split_feature=42 47 14 18
split_gain=1.4831 0.553098 0.470222 0.476592
threshold=2.8500000315000005 17.900000045000002 0.62376642850000008 25.705000000000002
decision_type=2 2 2 2
left_child=1 -1 3 -2
right_child=2 -3 -4 -5
leaf_value=-0.0023084608285164976 -0.0030364822035067645 -0.00019036852626537232 0.0061121077012896508 0.00084486872353464932
leaf_weight=20 32 21 365 30
leaf_count=20 32 21 365 30
internal_value=0.000174915 -0.00161483 0.000354137 -0.000429936
internal_weight=468 41 427 62
internal_count=468 41 427 62
is_linear=0
shrinkage=0.01


Tree=110
num_leaves=6
num_cat=0
split_feature=31 18 57 13 28
split_gain=1.98822 0.413316 0.532096 0.090364 0.0459187
threshold=5.8999999250000004 9.8550000000000022 4.1799998285000006 0.60194375000000011 4.4785713550000006
decision_type=2 2 2 2 2
left_child=1 2 -1 -3 -5
right_child=-2 3 -4 4 -6
leaf_value=0.0068770813554860956 -0.0015467427422497294 -0.0010073469328112405 -0.0035104272304353978 0.006151580842632687 0.00091543489243521895
leaf_weight=23 25 35 21 341 20
leaf_count=23 25 35 21 341 20
internal_value=0.000151353 0.000313067 -0.000580357 0.000418347 0.000465727
internal_weight=465 440 44 396 361
internal_count=465 440 44 396 361
is_linear=0
shrinkage=0.01


Tree=111
num_leaves=6
num_cat=0
split_feature=31 61 54 2 29
split_gain=2.81839 1.45455 1.6045 0.0430534 0.104623
threshold=5.7214285985000011 1.2750000955 6.5999999940000009 0.24553464300000002 2.2428571585000001
decision_type=2 2 2 2 2
left_child=3 -2 -3 4 -1
right_child=1 2 -4 -5 -6
leaf_value=-0.00046175587904144489 0.00033865285871353663 -0.0065351022669252173 -3.3697995446000551e-05 0.0059146970017458604 0.00057029519729775101
leaf_weight=20 27 22 22 335 44
leaf_count=20 27 22 22 335 44
internal_value=0.000112574 -0.00170613 -0.0028125 0.000443972 0.000154321
internal_weight=470 71 44 399 64
internal_count=470 71 44 399 64
is_linear=0
shrinkage=0.01


Tree=112
num_leaves=6
num_cat=0
split_feature=17 24 92 22 28
split_gain=2.20336 0.459307 0.182544 0.302138 0.0166514
threshold=0.45754300000000009 2.3285714050000004 20.766363120000005 1.8999999845000002 4.4357142450000007
decision_type=2 2 8 2 2
left_child=-1 2 3 -2 -4
right_child=1 -3 4 -5 -6
leaf_value=-0.0014184189023035145 0.0025593087950066128 -0.00049519825470533102 0.0088805827718459081 -0.0023047874983445757 0.00010811303029550584
leaf_weight=34 38 25 307 26 35
leaf_count=34 38 25 307 26 35
internal_value=8.69472e-05 0.000286012 0.00037119 -9.25926e-05 0.000463827
internal_weight=465 431 406 64 342
internal_count=465 431 406 64 342
is_linear=0
shrinkage=0.01


Tree=113
num_leaves=7
num_cat=0
split_feature=43 93 17 18 0 43
split_gain=3.21585 0.569022 0.272906 0.385285 0.111998 0.0456805
threshold=0.94999998800000018 17.972726020000003 0.55502561900000014 37.705000000000005 0.11422 7.6000000495000011
decision_type=2 8 2 2 2 2
left_child=-1 -2 3 -3 -5 -4
right_child=1 2 5 4 -6 -7
leaf_value=-0.0016665078549140957 -0.0024370662487228916 -0.0051231785724568926 0.0070843538461469327 -3.7920516515464429e-05 0.003381739304053642 0.0055385938460120569
leaf_weight=34 20 20 321 20 51 20
leaf_count=34 20 20 321 20 51 20
internal_value=2.25966e-05 0.000251767 0.000332717 -0.000136166 0.000188022 0.000463721
internal_weight=486 452 432 91 71 341
internal_count=486 452 432 91 71 341
is_linear=0
shrinkage=0.01


Tree=114
num_leaves=7
num_cat=0
split_feature=16 33 87 2 38 1
split_gain=2.33092 0.297551 0.33932 0.0410852 0.0434079 0.015083
threshold=0.46476271400000008 6.0571428030000005 23.101428440000003 0.20361050000000003 2.2500000000000004 0.19542189800000004
decision_type=2 2 2 2 2 2
left_child=-1 3 -3 -2 -5 -4
right_child=1 2 5 4 -6 -7
leaf_value=-0.0033033205488758855 0.0002283418438289406 -0.00019339946248818484 0.00019575234280304408 0.006263137955325411 0.0095047461234164573 0.0028264408630961314
leaf_weight=22 20 20 20 339 21 20
leaf_count=22 20 20 20 339 21 20
internal_value=0.0001707 0.000335753 -0.000296053 0.000441176 0.000465632 0.000196078
internal_weight=462 440 60 380 360 40
internal_count=462 440 60 380 360 40
is_linear=0
shrinkage=0.01


Tree=115
num_leaves=7
num_cat=0
split_feature=28 16 65 81 18 2
split_gain=2.78133 1.12307 1.05553 0.146918 0.16768 0.0261223
threshold=4.6857142790000008 0.54217126200000021 7.1699995995000014 13.932142805000003 31.680000000000003 0.34313876200000004
decision_type=2 2 2 2 2 2
left_child=1 2 -1 -3 -5 -6
right_child=-2 3 -4 4 5 -7
leaf_value=-0.003355640347622525 -0.0019639660514239412 0.0070202764875160499 0.0003221850954637271 -0.00023669490921390118 0.003853162516074381 0.0006994011849933081
leaf_weight=24 22 309 29 23 40 20
leaf_count=24 22 309 29 23 40 20
internal_value=2.45832e-05 0.000203006 -0.00114312 0.000392057 0 0.000296053
internal_weight=467 445 53 392 83 60
internal_count=467 445 53 392 83 60
is_linear=0
shrinkage=0.01


Tree=116
num_leaves=8
num_cat=0
split_feature=16 4 62 13 35 73 13
split_gain=1.5111 0.991494 1.26602 1.06312 0.56792 0.0457669 0.0235968
threshold=0.60867407150000019 0.34804047600000004 37.194999220000007 0.63226336650000015 4.1071428400000007 2.3164285845000006 0.69911260850000012
decision_type=2 2 2 2 2 2 2
left_child=1 2 -1 4 -4 -2 -3
right_child=5 6 3 -5 -6 -7 -8
leaf_value=0.00080043248805591861 0.010124902437820958 0.00075019987338000114 -0.0033757783781354768 -0.001298946181156691 0.00031451366216839535 0.01262161534471911 0.0028158738387691631
leaf_weight=25 328 34 20 21 21 20 20
leaf_count=25 328 34 20 21 21 20 20
internal_value=0.000107187 -0.00075811 -0.001418 -0.00218153 -0.00113636 0.00046445 0.000273723
internal_weight=489 141 87 62 41 348 54
internal_count=489 141 87 62 41 348 54
is_linear=0
shrinkage=0.01


Tree=117
num_leaves=5
num_cat=1
split_feature=42 80 94 18
split_gain=2.54967 1.40089 0.298881 0.720351
threshold=3.0999999795000006 15.313571320000003 0 31.175000000000004
decision_type=2 2 1 2
left_child=1 -1 3 -2
right_child=2 -3 -4 -5
leaf_value=0.00058229125822577569 -0.00047185832800564697 -0.0036114231909117325 0.0066650526312719829 0.0039446538356659221
leaf_weight=24 39 39 301 68
leaf_count=24 39 39 301 68
internal_value=2.86138e-05 -0.00182602 0.000322896 -0.00012309
internal_weight=471 63 408 107
internal_count=471 63 408 107
cat_boundaries=0 1
cat_threshold=2101770
is_linear=0
shrinkage=0.01


Tree=118
num_leaves=6
num_cat=0
split_feature=16 18 48 30 1
split_gain=1.60748 1.82151 0.381026 0.229496 0.0294163
threshold=0.60867407150000019 11.465000000000002 13.700000125000001 3.1214285575000003 0.28516797650000009
decision_type=2 2 2 2 2
left_child=1 -1 -3 4 -4
right_child=-2 2 3 -5 -6
leaf_value=-0.0048626401936433319 0.0086315680135026999 -0.0027539034728321162 0.00034679426263373251 -0.00050305377007821869 0.00056275614258686503
leaf_weight=22 334 26 50 20 20
leaf_count=22 334 26 50 20 20
internal_value=0.000114213 -0.000785303 -0.000256849 3.30397e-05 0.000324859
internal_weight=472 138 116 90 70
internal_count=472 138 116 90 70
is_linear=0
shrinkage=0.01


Tree=119
num_leaves=6
num_cat=0
split_feature=78 4 61 48 14
split_gain=1.51197 1.17098 1.42326 1.10766 0.232738
threshold=7.8085715220000012 0.37743192850000001 1.2750000955 17.849999500000003 0.62552166050000013
decision_type=2 2 2 2 2
left_child=4 2 -2 -4 -1
right_child=1 -3 3 -5 -6
leaf_value=-0.0011990343724044583 0.0004280268624155806 0.0010004675940308875 -0.0017133098079043141 -0.0051163154555622196 0.00882830302217333
leaf_weight=32 25 43 36 26 302
leaf_count=32 25 43 36 26 302
internal_value=4.30293e-05 -0.000863914 -0.00153189 -0.00234076 0.000403226
internal_weight=464 130 87 62 334
internal_count=464 130 87 62 334
is_linear=0
shrinkage=0.01


Tree=120
num_leaves=7
num_cat=0
split_feature=16 15 3 3 11 33
split_gain=2.14505 0.711371 0.678105 1.01812 0.0686894 0.0453697
threshold=0.46304357150000003 0.63098250000000011 0.30226861900000007 0.24804885700000004 0.57157682150000011 5.907142877500001
decision_type=2 2 2 2 2 2
left_child=-1 2 3 4 -2 -3
right_child=1 5 -4 -5 -6 -7
leaf_value=-0.0031070508942082397 0.0015035585909862993 0.0096196749669137781 0.00040892170957389408 -0.003525441700056448 -0.0012368495038231823 0.0010310595581182705
leaf_weight=22 23 298 51 35 20 20
leaf_count=22 23 298 51 35 20 20
internal_value=4.78927e-05 0.000204332 -0.000412173 -0.00100254 0 0.000461104
internal_weight=469 447 129 78 43 318
internal_count=469 447 129 78 43 318
is_linear=0
shrinkage=0.01


Tree=121
num_leaves=6
num_cat=0
split_feature=17 18 24 77 27
split_gain=1.43879 0.439277 0.150495 0.0365196 0.0360929
threshold=0.45754300000000009 7.285000000000001 2.3214285460000004 9.5357143535000031 4.2071428640000006
decision_type=2 2 2 2 2
left_child=-1 -2 3 4 -3
right_child=1 2 -4 -5 -6
leaf_value=-0.0012225402227260976 -0.0022199253841179716 0.0052317942269053952 -0.0002481275782695116 0.00037365155426885777 0.005061491636275066
leaf_weight=33 27 353 20 22 24
leaf_count=33 27 353 20 22 24
internal_value=0.000161526 0.000315577 0.000399 0.000443972 0.000467178
internal_weight=479 446 419 399 377
internal_count=479 446 419 399 377
is_linear=0
shrinkage=0.01


Tree=122
num_leaves=6
num_cat=0
split_feature=69 18 24 0 8
split_gain=1.22736 0.938053 0.269127 0.211874 0.0437309
threshold=88.639999390000014 31.965000000000003 2.2428571665000008 0.100386875 0.46936610000000006
decision_type=2 2 2 2 2
left_child=2 -2 4 -3 -1
right_child=1 3 -4 -5 -6
leaf_value=9.60213630065769e-05 -0.0030406782425722841 -0.00036973526529738752 -0.00023623636547462338 0.0006187330472565768 0.0077693414330001201
leaf_weight=21 31 20 27 31 370
leaf_count=21 31 20 27 31 370
internal_value=0.000175719 -0.000929952 0.000398758 -4.82625e-05 0.000468351
internal_weight=500 82 418 51 391
internal_count=500 82 418 51 391
is_linear=0
shrinkage=0.01


Tree=123
num_leaves=7
num_cat=0
split_feature=16 25 26 28 18 49
split_gain=1.79596 1.00558 0.42456 0.387278 0.546305 0.0458383
threshold=0.54217126200000021 2.2285714190000001 3.9571428470000005 4.4357142450000007 31.175000000000004 60.299998505000012
decision_type=2 2 2 2 2 2
left_child=1 -1 -3 5 -5 -2
right_child=3 2 -4 4 -6 -7
leaf_value=-0.0049782168035879225 0.007487242249534445 0.0036198438690036383 -0.00099598901206769479 -0.00035738833689435078 0.0015451801854770124 0.012568565053760757
leaf_weight=20 334 22 24 22 28 20
leaf_count=20 334 22 24 22 28 20
internal_value=9.13339e-05 -0.00142216 -0.000534188 0.00034585 -0.000452756 0.000465051
internal_weight=470 66 46 404 50 354
internal_count=470 66 46 404 50 354
is_linear=0
shrinkage=0.01


Tree=124
num_leaves=5
num_cat=0
split_feature=66 14 75 7
split_gain=1.31782 0.459852 0.253582 0.0456423
threshold=23.095000265000003 0.59000164300000013 8.1357142400000004 0.43352145200000008
decision_type=2 2 2 2
left_child=1 -1 3 -3
right_child=-2 2 -4 -5
leaf_value=-0.0033008445400248727 -0.0013318907258165231 0.0044930022224028325 -5.9286286964045552e-05 0.0049014517996754858
leaf_weight=38 34 20 28 318
leaf_count=38 34 20 28 318
internal_value=0.00010711 0.000271739 0.000384406 0.0004634
internal_weight=438 404 366 338
internal_count=438 404 366 338
is_linear=0
shrinkage=0.01


Tree=125
num_leaves=7
num_cat=0
split_feature=28 15 35 47 21 18
split_gain=2.18837 0.870841 0.690641 0.137628 0.0639114 0.0459959
threshold=4.6857142790000008 0.5913322860000001 4.1071428400000007 19.150000070000001 1.7857142900000003 7.285000000000001
decision_type=2 2 2 2 2 2
left_child=1 2 -1 5 -4 -3
right_child=-2 3 4 -5 -6 -7
leaf_value=-0.0043907792301357716 -0.0017878606450427181 0.0048932292521995796 -3.2663227763997301e-05 0.00049063811891737253 0.00048867178457919467 0.0063268128841904893
leaf_weight=26 22 20 20 23 21 348
leaf_count=26 22 20 20 23 21 348
internal_value=7.9035e-05 0.000233217 -0.000803835 0.000417305 0 0.000466377
internal_weight=480 458 67 391 41 368
internal_count=480 458 67 391 41 368
is_linear=0
shrinkage=0.01


Tree=126
num_leaves=7
num_cat=0
split_feature=60 79 61 10 14 0
split_gain=1.08437 0.495553 0.952446 0.628204 0.107177 0.015083
threshold=6.504999637500001 6.3957143085000006 1.2750000955 0.61552528600000012 0.62552166050000013 0.11553377800000002
decision_type=2 2 2 2 2 2
left_child=4 2 -2 -4 -1 -3
right_child=1 5 3 -5 -6 -7
leaf_value=-0.00011943661390349355 0.00082382092345377001 0.00031393150247385689 -0.0041731270511455787 -5.8251079024893951e-05 0.0075997042359084513 0.0054033196317846335
leaf_weight=32 25 20 28 25 320 20
leaf_count=32 25 20 28 25 320 20
internal_value=0.000155055 -0.000664983 -0.00112944 -0.00188662 0.000436508 0.000196078
internal_weight=470 118 78 53 352 40
internal_count=470 118 78 53 352 40
is_linear=0
shrinkage=0.01


Tree=127
num_leaves=7
num_cat=0
split_feature=42 20 15 21 81 64
split_gain=1.92695 0.644044 0.364416 0.567677 0.102598 0.0452811
threshold=2.9499999810000008 2.1499999935000003 0.63057227100000002 1.8571428655000002 13.190714360000003 34.480000495000006
decision_type=2 2 2 2 2 2
left_child=1 -1 3 4 -2 -4
right_child=2 -3 5 -5 -6 -7
leaf_value=-0.00023824086679608678 -2.685092594484578e-05 -0.0055151627298880681 0.0095918106210181927 -0.0025412789099123778 0.00051064876203103099 0.0027977330502781733
leaf_weight=20 21 25 292 22 48 20
leaf_count=20 21 25 292 22 48 20
internal_value=7.13013e-05 -0.00186681 0.000295939 -0.000245098 0.000179083 0.000460358
internal_weight=448 45 403 91 69 312
internal_count=448 45 403 91 69 312
is_linear=0
shrinkage=0.01


Tree=128
num_leaves=6
num_cat=0
split_feature=93 16 23 3 6
split_gain=1.30949 0.509419 0.493235 0.270726 0.375881
threshold=17.285832155000005 0.62942708900000011 1.6785714075000002 0.29260578550000005 0.39272507150000008
decision_type=8 2 2 2 2
left_child=-1 2 -2 4 -4
right_child=1 -3 3 -5 -6
leaf_value=-0.003097293165128287 -0.00036214295883525705 0.01139902386131301 0.00042427345757590406 0.00050790319935600076 -0.0035302862634494624
leaf_weight=20 23 302 36 68 25
leaf_count=20 23 302 36 68 25
internal_value=0.0001369 0.000252858 -0.000209424 1.92604e-05 -0.000444984
internal_weight=474 454 152 129 61
internal_count=474 454 152 129 61
is_linear=0
shrinkage=0.01


Tree=129
num_leaves=6
num_cat=0
split_feature=92 69 36 53 27
split_gain=1.7983 0.353477 0.341137 0.150425 0.0359761
threshold=17.974372480000003 88.81499958000002 4.5785714045000008 0.55000000800000015 4.2071428640000006
decision_type=8 2 2 2 2
left_child=-1 3 -3 -2 -5
right_child=1 2 -4 4 -6
leaf_value=-0.0042899861120141341 -0.0025293142314684338 0.00031821101601387197 -0.0011388981105619111 0.0052128353269010321 0.00037763312900753718
leaf_weight=21 21 29 39 342 24
leaf_count=21 21 29 39 342 24
internal_value=0.000159396 0.00029728 -0.000348837 0.000416452 0.000466194
internal_weight=476 455 68 387 366
internal_count=476 455 68 387 366
is_linear=0
shrinkage=0.01


Tree=130
num_leaves=7
num_cat=0
split_feature=42 2 33 69 22 81
split_gain=1.58168 0.941656 0.298353 0.328281 0.0445886 0.061495
threshold=3.0999999795000006 0.20361050000000003 6.0928571225000008 92.545001030000023 1.9285714205000002 13.932142805000003
decision_type=2 2 2 2 2 2
left_child=1 -1 4 -4 -2 -6
right_child=2 -3 3 -5 5 -7
leaf_value=-0.0030026128438183585 0.0057005195143012008 0.00015528868768237259 -9.7167589001164261e-05 0.0017264471781236414 0.001442461129256315 -3.0771502792645985e-05
leaf_weight=26 309 29 20 20 35 27
leaf_count=26 309 29 20 20 35 27
internal_value=0.000130677 -0.00144265 0.00034847 -0.000441176 0.000439753 0.000143312
internal_weight=466 55 411 40 371 62
internal_count=466 55 411 40 371 62
is_linear=0
shrinkage=0.01


Tree=131
num_leaves=6
num_cat=0
split_feature=28 18 33 38 9
split_gain=1.8115 0.608409 1.57118 0.0454127 0.0337027
threshold=4.7142856885000013 31.175000000000004 5.8428571905000011 2.2500000000000004 0.53907900000000009
decision_type=2 2 2 2 2
left_child=1 2 4 -3 -1
right_child=-2 3 -4 -5 -6
leaf_value=0.011319609243786112 -0.0016238590242081226 0.0026438418196560254 -0.0043766655917797269 0.0077145151333529666 0.010334393740867458
leaf_weight=20 20 301 38 20 69
leaf_count=20 20 301 38 20 69
internal_value=8.95905e-05 0.000227273 -0.0003482 0.000461467 0.000361915
internal_weight=468 448 127 321 89
internal_count=468 448 127 321 89
is_linear=0
shrinkage=0.01


Tree=132
num_leaves=7
num_cat=0
split_feature=87 5 12 16 81 81
split_gain=1.90188 1.12405 1.25996 0.548563 0.0410434 0.0971857
threshold=22.662857055000003 0.45943835700000007 0.63191892850000009 0.54217126200000021 13.932142805000003 13.96642862
decision_type=2 2 2 2 2 2
left_child=3 2 -2 -1 -5 -6
right_child=1 -3 -4 4 5 -7
leaf_value=-0.0036082954291475058 -0.0016443295261080451 0.0015146341663355154 -0.0014197198181456648 0.0071892109142315409 -0.00027467477617391451 0.0075708413878019633
leaf_weight=35 28 29 20 279 21 43
leaf_count=35 28 29 20 279 21 43
internal_value=1.20667e-05 -0.00140745 -0.00233607 0.00030887 0.000434846 0.000154321
internal_weight=455 77 48 378 343 64
internal_count=455 77 48 378 343 64
is_linear=0
shrinkage=0.01


Tree=133
num_leaves=5
num_cat=0
split_feature=73 33 41 18
split_gain=1.96143 0.425831 0.700335 0.141114
threshold=-4.272142861499999 5.9714285645000009 14.499999955000002 7.285000000000001
decision_type=2 2 2 2
left_child=-1 3 -3 -2
right_child=1 2 -4 -5
leaf_value=-0.0010228351483135994 -0.0023371605841704928 -0.0035952360555949647 0.00057359119754385012 0.0056387576469446379
leaf_weight=38 24 26 35 345
leaf_count=38 24 26 35 345
internal_value=0.000110922 0.000308728 -0.000444984 0.000439427
internal_weight=468 430 61 369
internal_count=468 430 61 369
is_linear=0
shrinkage=0.01


Tree=134
num_leaves=7
num_cat=0
split_feature=16 33 92 92 43 0
split_gain=1.7781 0.405898 0.692891 0.131556 0.0459187 0.0231242
threshold=0.46839321400000006 5.9999998980000013 20.637130365000001 32.20879321000001 7.6000000495000011 0.098881000000000011
decision_type=2 2 10 10 2 2
left_child=-1 3 -3 4 -2 -4
right_child=1 2 5 -5 -6 -7
leaf_value=-0.0024420592925788126 0.0055563694763032644 -0.0035592836950390162 -5.4025833644864836e-07 -0.001871327017236677 0.0088444861328253032 0.00030767127687863631
leaf_weight=27 341 26 20 24 20 33
leaf_count=27 341 26 20 24 20 33
internal_value=0.000129118 0.00027969 -0.000357143 0.000416019 0.000465727 0.000269517
internal_weight=491 464 79 385 361 53
internal_count=491 464 79 385 361 53
is_linear=0
shrinkage=0.01


Tree=135
num_leaves=7
num_cat=0
split_feature=15 53 2 31 14 72
split_gain=2.11235 1.21453 0.22603 0.216245 0.106534 0.0404282
threshold=0.57979161900000009 3.1000000465000004 0.22078535700000004 5.7428571670000013 0.62376642850000008 73.880000110000012
decision_type=2 2 2 2 2 2
left_child=1 2 -1 4 -2 -6
right_child=3 -3 -4 -5 5 -7
leaf_value=-0.0032707987695973308 0.00085459528648645423 -0.0010758932548104666 0.00049082839899693685 -0.00021853027536465085 0.0054900141249100863 0.012631917103197329
leaf_weight=20 29 21 24 29 300 22
leaf_count=20 29 21 24 29 300 22
internal_value=4.59848e-05 -0.00160334 -0.000580357 0.000336134 0.000407902 0.000461586
internal_weight=445 65 44 380 351 322
internal_count=445 65 44 380 351 322
is_linear=0
shrinkage=0.01


Tree=136
num_leaves=7
num_cat=0
split_feature=17 33 26 11 76 7
split_gain=1.63446 0.41425 0.476972 0.218318 0.194704 0.0451576
threshold=0.45754300000000009 5.7642856665000011 4.0642856870000008 0.64197630950000006 6.3057143135000011 0.42924242850000005
decision_type=2 2 2 2 2 2
left_child=-1 5 4 -4 -3 -2
right_child=1 2 3 -5 -6 -7
leaf_value=-0.0019064838326451952 -2.057461033499868e-05 0.00052721160108923197 -0.00026910491093866509 -0.00057745234059001789 -2.2315890204401356e-05 0.0085249607352628105
leaf_weight=35 20 72 23 20 28 284
leaf_count=35 20 72 23 20 28 284
internal_value=8.07788e-05 0.000248995 -0.000184284 -0.00106164 0.000178571 0.000459318
internal_weight=482 447 143 43 100 304
internal_count=482 447 143 43 100 304
is_linear=0
shrinkage=0.01


Tree=137
num_leaves=6
num_cat=0
split_feature=87 4 18 16 53
split_gain=1.66794 1.72503 0.781807 0.263012 0.167329
threshold=22.573571345000001 0.36148483350000005 29.740000000000006 0.54217126200000021 0.55000000800000015
decision_type=2 2 2 2 2
left_child=3 2 -2 -1 -5
right_child=1 -3 -4 4 -6
leaf_value=-0.0024301769370734037 -0.0054072577647095756 0.0005456869639817889 -0.00059934619103956487 -0.0027805696699910909 0.0076011107809514523
leaf_weight=26 26 38 26 20 348
leaf_count=26 26 38 26 20 348
internal_value=8.25083e-05 -0.00113436 -0.00231061 0.000367275 0.000439262
internal_weight=484 90 52 394 368
internal_count=484 90 52 394 368
is_linear=0
shrinkage=0.01


Tree=138
num_leaves=6
num_cat=0
split_feature=28 15 71 0 64
split_gain=1.49243 0.471977 0.682546 0.39662 0.192742
threshold=4.6857142790000008 0.61188938100000012 52.514999865000007 0.078784125000000024 33.784999850000013
decision_type=2 2 2 2 2
left_child=1 2 3 -1 -3
right_child=-2 4 -4 -5 -6
leaf_value=-0.00017732780130729994 -0.00152054236059121 0.0068760480593972719 4.1539301288950111e-05 -0.0046640721319062932 -0.00029496721596440314
leaf_weight=23 24 334 44 20 39
leaf_count=23 24 334 44 20 39
internal_value=0.000123762 0.000256076 -0.000392938 -0.00128995 0.000413323
internal_weight=484 460 87 43 373
internal_count=484 460 87 43 373
is_linear=0
shrinkage=0.01


Tree=139
num_leaves=5
num_cat=0
split_feature=16 41 91 17
split_gain=0.385559 0.423777 0.611413 0.552655
threshold=0.63548328550000011 14.499999955000002 93.13407500000001 0.50356235750000011
decision_type=2 2 2 2
left_child=1 2 3 -1
right_child=-2 -3 -4 -5
leaf_value=5.2793045524060847e-05 0.0082479525249255867 0.00037647287824977936 0.0025581165312229797 -0.0033877022214835345
leaf_weight=22 292 69 35 35
leaf_count=22 292 69 35 35
internal_value=0.00027435 -0.000108158 -0.000560345 -0.00120242
internal_weight=453 161 92 57
internal_count=453 161 92 57
is_linear=0
shrinkage=0.01


Tree=140
num_leaves=6
num_cat=0
split_feature=16 16 23 46 77
split_gain=1.04176 0.199524 0.446758 0.129685 0.0456551
threshold=0.46839321400000006 0.60137750000000012 1.6857142955000002 4.2000000255000005 9.5614286150000023
decision_type=2 2 2 2 2
left_child=-1 2 -2 -4 -3
right_child=1 4 3 -5 -6
leaf_value=-0.0023975408835768463 -0.00043737939079126795 0.0085696960499324123 6.7544552317679008e-05 -0.00067064792526917326 0.011293889181350786
leaf_weight=26 20 319 76 20 20
leaf_count=26 20 319 76 20 20
internal_value=0.000225197 0.000341158 0 0.000268595 0.000463508
internal_weight=481 455 116 96 339
internal_count=481 455 116 96 339
is_linear=0
shrinkage=0.01


Tree=141
num_leaves=5
num_cat=0
split_feature=42 69 18 64
split_gain=1.04961 0.752456 0.22758 0.102642
threshold=2.8500000315000005 88.014999390000014 7.285000000000001 34.480000495000006
decision_type=2 2 2 2
left_child=1 -1 -2 -4
right_child=2 -3 3 -5
leaf_value=0.0010332507586533076 -0.0022102561240569803 -0.001407522568791173 0.0026483753578723994 0.00032244682817017133
leaf_weight=23 30 22 357 34
leaf_count=23 30 22 357 34
internal_value=0.000216367 -0.00121179 0.000375771 0.000442828
internal_weight=466 45 421 391
internal_count=466 45 421 391
is_linear=0
shrinkage=0.01


Tree=142
num_leaves=6
num_cat=0
split_feature=33 92 13 24 64
split_gain=0.894531 0.66487 0.507957 0.146317 0.103922
threshold=5.9999998980000013 19.216336485000003 0.68250516250000015 2.3285714050000004 33.784999850000013
decision_type=2 10 2 2 2
left_child=3 -2 -3 4 -1
right_child=1 2 -4 -5 -6
leaf_value=0.0059054115780207486 -0.0042342314090358935 0.00027080175269680694 -0.00063009958929369854 -0.00028229874284695908 -0.0010549747245457775
leaf_weight=314 20 41 26 20 33
leaf_count=314 20 41 26 20 33
internal_value=0.000164908 -0.000734624 -0.000213864 0.00038472 0.000435595
internal_weight=454 87 67 367 347
internal_count=454 87 67 367 347
is_linear=0
shrinkage=0.01


Tree=143
num_leaves=7
num_cat=0
split_feature=42 17 48 14 19 28
split_gain=1.32605 0.706203 0.328032 0.137365 0.208868 0.0459187
threshold=2.9499999810000008 0.46895495200000009 24.550000110000003 0.62376642850000008 0.94285714200000015 4.4857142565000006
decision_type=2 2 2 2 2 2
left_child=1 -1 3 4 -2 -5
right_child=2 -3 -4 5 -6 -7
leaf_value=-0.0014466565572148369 0.00075679651592874321 -0.00011205854053047849 -0.00014335070007279172 0.007418167283269602 -0.0027751639560092732 -1.1586779816347354e-07
leaf_weight=20 30 33 20 341 20 20
leaf_count=20 30 33 20 341 20 20
internal_value=0.000144389 -0.001329 0.00033233 0.000397037 -5.90551e-05 0.000465727
internal_weight=484 53 431 411 50 361
internal_count=484 53 431 411 50 361
is_linear=0
shrinkage=0.01


Tree=144
num_leaves=6
num_cat=0
split_feature=16 0 33 8 53
split_gain=0.911115 0.839262 0.208921 0.371232 0.045693
threshold=0.54217126200000021 0.094894187500000018 5.9714285645000009 0.57424407100000008 0.55000000800000015
decision_type=2 2 2 2 2
left_child=1 -1 4 -4 -2
right_child=2 -3 3 -5 -6
leaf_value=-0.0028210075079010567 0.0025359028564773817 0.00044064183353090871 -0.00049773037358970978 0.00044927491221458875 0.0067804453713011829
leaf_weight=36 20 25 22 35 322
leaf_count=36 20 25 22 35 322
internal_value=0.000190972 -0.000930421 0.000368934 -0.00016436 0.000463827
internal_weight=460 61 399 57 342
internal_count=460 61 399 57 342
is_linear=0
shrinkage=0.01


Tree=145
num_leaves=6
num_cat=0
split_feature=42 2 64 22 3
split_gain=1.23676 0.411923 0.359467 0.0597506 0.087495
threshold=2.9499999810000008 0.20361050000000003 34.480000495000006 1.9428571205000003 0.29049800000000009
decision_type=2 2 2 2 2
left_child=1 -1 3 -2 -5
right_child=2 -3 -4 4 -6
leaf_value=-0.0029833230635122891 0.0051083330753439946 1.7167029545907612e-06 -0.00071610325416838431 -0.00053609438362069639 0.0012322983930793136
leaf_weight=24 320 23 34 20 32
leaf_count=24 320 23 34 20 32
internal_value=0.000164169 -0.00134937 0.000346608 0.000439914 7.57576e-05
internal_weight=453 47 406 372 52
internal_count=453 47 406 372 52
is_linear=0
shrinkage=0.01


Tree=146
num_leaves=6
num_cat=0
split_feature=16 18 26 50 64
split_gain=1.6361 1.64061 0.701616 0.391595 0.205635
threshold=0.60949717850000018 31.965000000000003 3.9714285135000007 14.349999900000002 33.784999850000013
decision_type=2 2 2 2 2
left_child=1 2 -1 -3 -2
right_child=4 3 -4 -5 -6
leaf_value=-0.0010012159545846591 0.0090767304000428668 0.0015096820430848899 -0.0041045519342970448 -0.00057816243390118062 -0.0018044233783901878
leaf_weight=26 294 56 27 24 36
leaf_count=26 294 56 27 24 36
internal_value=2.0483e-05 -0.000908072 -0.00225836 0 0.000402056
internal_weight=463 133 53 80 330
internal_count=463 133 53 80 330
is_linear=0
shrinkage=0.01


Tree=147
num_leaves=6
num_cat=0
split_feature=43 50 84 22 77
split_gain=1.17551 0.792798 0.275035 0.352686 0.118425
threshold=0.94999998800000018 13.799999725000001 13.134285655000001 1.8928571260000002 9.4507142135000013
decision_type=2 2 2 2 2
left_child=1 -1 4 -4 -2
right_child=2 -3 3 -5 -6
leaf_value=0.00013181709482517072 0.0036614780007727938 -0.0013784599899912639 0.0026421635572965053 -0.00046273514607215321 0.0023424995769189172
leaf_weight=20 346 20 23 20 29
leaf_count=20 346 20 23 20 29
internal_value=0.000189625 -0.00142157 0.000351003 -0.000376712 0.000440394
internal_weight=458 40 418 43 375
internal_count=458 40 418 43 375
is_linear=0
shrinkage=0.01


Tree=148
num_leaves=7
num_cat=0
split_feature=92 66 47 46 81 83
split_gain=2.31093 1.15486 0.397522 0.57182 0.194696 0.179438
threshold=17.974372480000003 23.389999390000003 18.849999985000004 2.0500000270000003 13.932142805000003 8.734285593000001
decision_type=8 2 2 2 2 2
left_child=-1 2 4 -4 -2 -6
right_child=1 -3 3 -5 5 -7
leaf_value=-0.0042323028912139658 0.0036452880010713461 -0.00072795546155902382 0.00017852931118286051 -0.00037883347466582647 -0.0012977884456491287 0.0018773349717699601
leaf_weight=20 312 30 23 20 34 31
leaf_count=20 312 30 23 20 34 31
internal_value=-6.37212e-06 0.000139752 0.000280418 -0.000605023 0.000387771 -8.35866e-05
internal_weight=470 450 420 43 377 65
internal_count=470 450 420 43 377 65
is_linear=0
shrinkage=0.01


Tree=149
num_leaves=7
num_cat=0
split_feature=84 93 16 13 43 87
split_gain=1.25859 0.350113 0.260279 0.092566 0.0406301 0.0456805
threshold=13.285714355000001 20.616162125000002 0.5985840240000001 0.60194375000000011 7.5499998705000015 22.744285720000004
decision_type=2 8 2 2 2 2
left_child=1 2 -1 -3 5 -5
right_child=-2 3 -4 4 -6 -7
leaf_value=-0.0028486542174672182 -0.00090284157446349905 -0.0014613594084674673 0.0023508133720141246 0.0043490860543361825 0.00030239870962408204 0.00057207170802671566
leaf_weight=20 36 31 28 321 20 20
leaf_count=20 36 31 28 321 20 20
internal_value=0.000138423 0.000290381 -0.000491803 0.000392057 0.000438087 0.000463721
internal_weight=476 440 48 392 361 341
internal_count=476 440 48 392 361 341
is_linear=0
shrinkage=0.01


Tree=150
num_leaves=6
num_cat=0
split_feature=28 48 42 76 76
split_gain=0.8994 0.271689 0.178123 0.110577 0.229729
threshold=4.6857142790000008 24.249999975000005 3.0999999795000006 6.3878571730000013 6.5607142105000014
decision_type=2 2 2 2 2
left_child=1 2 -1 -4 -5
right_child=-2 -3 3 4 -6
leaf_value=-0.001443184360523404 -0.0017189438247154601 -6.0613695857931204e-05 0.0041827478479982078 -4.1424653755526041e-05 0.01154543793017343
leaf_weight=35 20 22 321 21 44
leaf_count=35 20 22 321 21 44
internal_value=0.000192971 0.000291798 0.000352063 0.000416236 7.5988e-06
internal_weight=463 443 421 386 65
internal_count=463 443 421 386 65
is_linear=0
shrinkage=0.01


Tree=151
num_leaves=7
num_cat=0
split_feature=69 69 14 13 10 19
split_gain=2.04979 1.40856 0.567966 0.384116 0.0490645 0.0969204
threshold=88.639999390000014 90.294999120000014 0.59000164300000013 0.6628642250000002 0.69578037150000005 0.95714285950000011
decision_type=2 2 2 2 2 2
left_child=2 -2 -1 -3 -4 -6
right_child=1 3 4 -5 5 -7
leaf_value=-0.00348730113251131 -0.00080207302274942749 0.00048913557133068255 0.0063090823070510839 -0.00062615458257381403 0.0064549831268104945 -0.00025138905008019843
leaf_weight=34 24 23 288 26 38 20
leaf_count=34 24 23 288 26 38 20
internal_value=9.91628e-06 -0.00151084 0.000309874 -0.000471888 0.000435409 0.000119048
internal_weight=453 73 380 49 346 58
internal_count=453 73 380 49 346 58
is_linear=0
shrinkage=0.01


Tree=152
num_leaves=7
num_cat=0
split_feature=16 14 83 64 0 64
split_gain=0.944908 0.817311 0.342365 0.569873 0.342526 0.10058
threshold=0.61165600000000009 0.6793048570000001 10.056428605000002 32.379999635000011 0.11869404200000001 33.784999850000013
decision_type=2 2 2 2 2 2
left_child=1 2 3 4 -1 -2
right_child=5 -3 -4 -5 -6 -7
leaf_value=-0.0029605620075273489 0.0071795779887802603 -0.0005229887663812027 0.00010605726099589421 0.00096774302106594453 -0.00059724732811366891 0.00067930997855328388
leaf_weight=20 302 25 49 28 21 34
leaf_count=20 302 25 49 28 21 34
internal_value=0.000140684 -0.000531989 -0.000159933 -0.000623209 -0.0013756 0.000433492
internal_weight=479 143 118 69 41 336
internal_count=479 143 118 69 41 336
is_linear=0
shrinkage=0.01


Tree=153
num_leaves=7
num_cat=0
split_feature=1 69 16 3 31 43
split_gain=1.07255 0.73944 0.240592 0.46434 0.719734 0.0423375
threshold=0.16733992850000004 88.014999390000014 0.63548328550000011 0.30887164300000008 5.0142857005000012 7.6000000495000011
decision_type=2 2 2 2 2 2
left_child=1 -1 3 4 -2 -4
right_child=2 -3 5 -5 -6 -7
leaf_value=-0.0013193744997589047 -0.002894101425901342 -0.0014436502523416275 0.0074804417091065417 0.003042791393965892 0.00044988699209066828 0.0084874634379060645
leaf_weight=29 21 21 264 68 32 21
leaf_count=29 21 21 264 68 32 21
internal_value=0.000122592 -0.00124016 0.000297443 -6.15763e-05 -0.000771375 0.000456613
internal_weight=456 50 406 121 53 285
internal_count=456 50 406 121 53 285
is_linear=0
shrinkage=0.01


Tree=154
num_leaves=5
num_cat=0
split_feature=16 13 92 26
split_gain=0.778605 0.490317 0.377724 0.147999
threshold=0.60949717850000018 0.70413320850000016 18.002533745000004 4.085714255000001
decision_type=2 2 10 2
left_child=1 2 -1 -4
right_child=-2 -3 3 -5
leaf_value=-0.0025934512353864422 0.0083943415028395283 -0.00089607083066620575 0.00016008351974733381 -0.00071788553413903089
leaf_weight=20 339 20 57 32
leaf_count=20 339 20 57 32
internal_value=0.000238908 -0.000412173 -0.000122951 0.000139198
internal_weight=468 129 109 89
internal_count=468 129 109 89
is_linear=0
shrinkage=0.01


Tree=155
num_leaves=6
num_cat=0
split_feature=18 48 22 20 9
split_gain=0.576103 1.16219 0.229175 0.37589 0.208059
threshold=11.700000000000001 16.199999890000004 1.8999999845000002 2.3285714390000005 0.68112849500000017
decision_type=2 2 2 2 2
left_child=1 -1 -2 4 -4
right_child=2 -3 3 -5 -6
leaf_value=0.0027010359086687579 0.0047552417626939517 -0.0044090150496893755 0.00017864707856131445 -0.0038606700649130707 -0.00012384613695854807
leaf_weight=31 270 22 87 22 28
leaf_count=31 270 22 87 22 28
internal_value=0.000190972 -0.000771375 0.000322462 0 0.000220207
internal_weight=460 53 407 137 115
internal_count=460 53 407 137 115
is_linear=0
shrinkage=0.01


Tree=156
num_leaves=6
num_cat=0
split_feature=33 48 53 14 14
split_gain=0.589943 0.656037 0.135368 0.0954833 0.045564
threshold=5.9714285645000009 18.749999975000005 0.60000001650000001 0.66878264300000012 0.58827842850000012
decision_type=2 2 2 2 2
left_child=2 -2 -1 -3 -4
right_child=1 3 4 -5 -6
leaf_value=-0.0022976890293253107 -0.0025652100659323929 1.3316316875719065e-05 -0.00020726794023203288 -4.118076763944977e-05 0.0061816896806803972
leaf_weight=23 31 37 20 20 312
leaf_count=23 31 37 20 20 312
internal_value=0.0002242 -0.000495495 0.000408938 0.000112457 0.00046274
internal_weight=443 88 355 57 332
internal_count=443 88 355 57 332
is_linear=0
shrinkage=0.01


Tree=157
num_leaves=7
num_cat=0
split_feature=70 22 47 77 7 5
split_gain=0.825855 0.28167 0.457941 0.746638 0.0449426 0.0325544
threshold=54.495000360000013 1.8928571260000002 15.800000125000002 9.2121429445000018 0.41697448600000003 0.32811534800000003
decision_type=2 2 2 2 2 2
left_child=1 4 3 -3 -1 -4
right_child=-2 2 5 -5 -6 -7
leaf_value=-0.00013267448158638795 -0.00078172626996505872 -0.0054029755083640375 -8.1528062345707125e-05 0.0004737029828736843 0.0067631579145190062 0.00094730914033947314
leaf_weight=20 39 20 20 30 271 63
leaf_count=20 39 20 20 30 271 63
internal_value=0.000149849 0.000282486 -8.59492e-05 -0.000846457 0.000457505 0.000352029
internal_weight=463 424 133 50 291 83
internal_count=463 424 133 50 291 83
is_linear=0
shrinkage=0.01


Tree=158
num_leaves=7
num_cat=0
split_feature=2 16 16 18 50 64
split_gain=1.02025 0.74239 0.295701 0.457705 0.126914 0.0448902
threshold=0.20361050000000003 0.55489678600000014 0.63548328550000011 30.345000000000002 14.349999900000002 34.375000000000007
decision_type=2 2 2 2 2 2
left_child=1 -1 3 -2 -5 -4
right_child=2 -3 5 4 -6 -7
leaf_value=-0.0027471537910088322 -0.003087839241040185 0.00014799609701133157 0.0095665504330641922 0.00047506212246864861 -1.626878793606411e-05 0.0080757829132985272
leaf_weight=27 37 24 268 71 20 20
leaf_count=27 37 24 268 71 20 20
internal_value=0.00011009 -0.00120656 0.000278311 -0.000108696 0.000255991 0.000457064
internal_weight=467 51 416 128 91 288
internal_count=467 51 416 128 91 288
is_linear=0
shrinkage=0.01


Tree=159
num_leaves=6
num_cat=0
split_feature=70 16 17 34 16
split_gain=0.716533 0.353485 0.379213 0.0869583 0.0615385
threshold=54.925000665000006 0.53848464250000017 0.44164585700000009 4.3000000200000015 0.70662519050000017
decision_type=2 2 2 2 2
left_child=1 2 -1 -3 -5
right_child=-2 3 -4 4 -6
leaf_value=0.00088243192525595327 -0.00081910502167429906 0.0044091275425862629 -0.0033029488896274741 -0.0029296197250342298 0.017230981958611783
leaf_weight=25 35 339 27 20 20
leaf_count=25 35 339 27 20 20
internal_value=0.000216367 0.00033233 -0.000416667 0.000441022 0
internal_weight=466 431 52 379 40
internal_count=466 431 52 379 40
is_linear=0
shrinkage=0.01


Tree=160
num_leaves=7
num_cat=0
split_feature=17 22 43 7 7 9
split_gain=0.690898 0.263841 0.324177 0.681678 0.0448004 0.0314669
threshold=0.45754300000000009 1.8928571260000002 3.0499999525000003 0.57403542850000011 0.41697448600000003 0.67211487100000011
decision_type=2 2 2 2 2 2
left_child=-1 4 5 -4 -2 -3
right_child=1 2 3 -5 -6 -7
leaf_value=-0.001507774792575421 -0.0001325100162624695 0.00051740522856934344 -0.0041256604738757153 0.0014278853602036625 0.0048687029638669497 0.0057240622472875761
leaf_weight=34 20 58 31 29 263 20
leaf_count=34 20 58 31 29 263 20
internal_value=0.000165643 0.000280939 -6.48415e-05 -0.000625 0.000456307 0.00034264
internal_weight=455 421 138 60 283 78
internal_count=455 421 138 60 283 78
is_linear=0
shrinkage=0.01


Tree=161
num_leaves=6
num_cat=0
split_feature=15 4 32 30 53
split_gain=0.700589 0.438976 0.539048 0.599243 0.159011
threshold=0.61609792850000011 0.34804047600000004 3.9928571325000006 3.0428571190000002 0.60000001650000001
decision_type=2 2 2 2 2
left_child=1 2 -1 -4 -2
right_child=4 -3 3 -5 -6
leaf_value=0.00083683453442701496 -0.0028192103083458575 0.00038840866887506468 -0.0043264804808401678 -0.00095377808128015011 0.0046445113710295392
leaf_weight=21 21 34 20 36 325
leaf_count=21 21 34 20 36 325
internal_value=0.000210791 -0.000469589 -0.000893316 -0.00140845 0.000435409
internal_weight=457 111 77 56 346
internal_count=457 111 77 56 346
is_linear=0
shrinkage=0.01


Tree=162
num_leaves=6
num_cat=0
split_feature=18 42 22 38 0
split_gain=0.720676 1.40928 0.302753 0.0457669 0.0325544
threshold=31.175000000000004 2.9999999930000008 1.8928571260000002 2.2500000000000004 0.23388037500000003
decision_type=2 2 2 2 2
left_child=1 -1 4 -2 -3
right_child=3 2 -4 -5 -6
leaf_value=-0.0052418892803396443 0.0020356859319451389 0.00063066551786677223 -0.0026272260887625822 0.0063558090894018952 -8.8673746164319605e-05
leaf_weight=20 328 63 28 20 20
leaf_count=20 328 63 28 20 20
internal_value=0.000224052 -0.000398331 3.13059e-05 0.00046445 0.000352029
internal_weight=479 131 111 348 83
internal_count=479 131 111 348 83
is_linear=0
shrinkage=0.01


Tree=163
num_leaves=7
num_cat=0
split_feature=17 6 29 8 82 14
split_gain=0.574759 0.548027 0.888012 0.199105 0.194295 0.0450275
threshold=0.55502561900000014 0.50358664300000011 2.2714285935000005 0.59724800000000011 14.817857060000001 0.59000164300000013
decision_type=2 2 2 2 2 2
left_child=1 2 -1 -4 5 -2
right_child=4 -3 3 -5 -6 -7
leaf_value=-0.0026828558470053565 -0.00015910758360875623 0.0030237536478016102 0.00023769865623979707 -0.000701009068215 -0.0018013630554592436 0.0070595493279945855
leaf_weight=26 20 41 27 20 35 276
leaf_count=26 20 41 27 20 35 276
internal_value=0.000158143 -0.000444251 -0.000968835 -9.41422e-05 0.000372212 0.000458221
internal_weight=445 114 73 47 331 296
internal_count=445 114 73 47 331 296
is_linear=0
shrinkage=0.01


Tree=164
num_leaves=6
num_cat=0
split_feature=42 42 14 20 43
split_gain=0.513428 0.419164 0.264815 0.697842 0.0912716
threshold=2.9499999810000008 2.4999999815000007 0.62376642850000008 2.3142856785000006 7.2499998810000008
decision_type=2 2 2 2 2
left_child=1 -1 3 -2 -4
right_child=2 -3 4 -5 -6
leaf_value=8.6688302123625157e-05 3.6067652583434819e-05 -0.0029993152422492313 0.0037668387090942141 -0.0038171841637457482 0.00039156153580818641
leaf_weight=25 44 20 322 21 38
leaf_count=25 44 20 322 21 38
internal_value=0.000218777 -0.000775109 0.000329967 -0.000235562 0.000437916
internal_weight=470 45 425 65 360
internal_count=470 45 425 65 360
is_linear=0
shrinkage=0.01


Tree=165
num_leaves=6
num_cat=0
split_feature=31 52 16 74 61
split_gain=1.00454 0.634635 0.139845 0.306612 0.0455101
threshold=5.7214285985000011 3.9000000545000004 0.60867407150000019 7.5771428860000007 1.0000000180025095e-35
decision_type=2 2 2 2 2
left_child=2 -2 3 -1 -4
right_child=1 -3 4 -5 -6
leaf_value=3.7970611769313834e-05 -0.0015386260559289411 0.00032251147486593806 0.0022327207929824979 -0.00255235779097183 0.0093479632125489289
leaf_weight=51 38 30 20 28 308
leaf_count=51 38 30 20 28 308
internal_value=0.000179697 -0.000930233 0.000371506 0 0.000462287
internal_weight=475 68 407 79 328
internal_count=475 68 407 79 328
is_linear=0
shrinkage=0.01


Tree=166
num_leaves=6
num_cat=0
split_feature=43 15 33 60 7
split_gain=0.413108 0.184766 0.156216 0.514852 0.045455
threshold=0.94999998800000018 0.5913322860000001 5.8428571905000011 7.1200003625000008 0.41697448600000003
decision_type=2 2 2 2 2
left_child=1 -1 4 -4 -2
right_child=2 -3 3 -5 -6
leaf_value=-0.0010526674794271206 -6.0677817231159801e-05 9.9590744448565618e-05 -0.0021763615003522114 3.8237658808481855e-05 0.0096996453361990129
leaf_weight=20 20 20 30 73 304
leaf_count=20 20 20 30 73 304
internal_value=0.000259726 -0.000686274 0.000354137 0 0.000461823
internal_weight=467 40 427 103 324
internal_count=467 40 427 103 324
is_linear=0
shrinkage=0.01


Tree=167
num_leaves=6
num_cat=0
split_feature=2 0 70 27 61
split_gain=0.711463 0.68405 0.142847 0.0389253 0.0435603
threshold=0.20361050000000003 0.066068660000000015 55.469999310000006 4.2071428640000006 0.13000011450000001
decision_type=2 2 2 2 2
left_child=1 -1 3 4 -2
right_child=2 -3 -4 -5 -6
leaf_value=0.0011017503506109917 0.0022311404075066742 -0.0025638831093184817 -6.3844282059668286e-05 9.2816872470825594e-05 0.0039916411107954134
leaf_weight=22 21 28 21 21 353
leaf_count=22 21 28 21 21 353
internal_value=0.000259212 -0.000846457 0.000398273 0.000443406 0.000466916
internal_weight=466 50 416 395 374
internal_count=466 50 416 395 374
is_linear=0
shrinkage=0.01


Tree=168
num_leaves=7
num_cat=0
split_feature=69 18 50 14 8 33
split_gain=0.756646 0.625933 0.240115 0.132613 0.208868 0.0453405
threshold=88.014999390000014 31.175000000000004 14.600000010000002 0.62376642850000008 0.51703335700000019 4.921428510000001
decision_type=2 2 2 2 2 2
left_child=3 -2 -3 4 -1 -5
right_child=1 2 -4 5 -6 -7
leaf_value=0.00096377564286130677 -0.0040928611084567849 0.00034052267893539532 -0.00046451731283816191 0.0024790534418690428 -0.0027889443277658997 0.0064590168538078809
leaf_weight=30 36 42 20 20 20 296
leaf_count=30 36 42 20 20 20 296
internal_value=0.000172117 -0.000597166 0 0.000384406 -5.90551e-05 0.000460859
internal_weight=464 98 62 366 50 316
internal_count=464 98 62 366 50 316
is_linear=0
shrinkage=0.01


Tree=169
num_leaves=8
num_cat=0
split_feature=33 92 9 9 0 57 28
split_gain=0.821449 0.481964 0.236294 0.323707 0.175454 0.117272 0.0403854
threshold=6.0928571225000008 20.799410295000005 0.56916467500000001 0.55353105000000014 0.100386875 5.1900000570000016 4.3499999895000014
decision_type=2 10 2 2 2 2 2
left_child=2 -2 3 5 -3 -1 -4
right_child=1 4 6 -5 -6 -7 -8
leaf_value=0.002642614623266485 -0.0012239900552628771 -0.00045987213970977826 0.0045264549610859938 -0.0036266437403480729 5.852793205699869e-05 -0.0022428861624806695 4.6077012119028653e-05
leaf_weight=57 22 20 297 23 21 20 22
leaf_count=57 22 20 297 23 21 20 22
internal_value=0.000163629 -0.00088558 0.000327537 -7.93651e-05 -0.000179426 0.000212082 0.000461226
internal_weight=482 63 419 100 41 77 319
internal_count=482 63 419 100 41 77 319
is_linear=0
shrinkage=0.01


Tree=170
num_leaves=7
num_cat=0
split_feature=22 16 22 16 76 43
split_gain=0.615781 0.437666 0.660556 0.184043 0.133602 0.10451
threshold=1.9428571205000003 0.61165600000000009 1.9571428555000001 0.51858385700000009 5.2171428545000014 6.900000050500001
decision_type=2 2 2 2 2 2
left_child=4 2 -2 -4 -1 -6
right_child=1 -3 3 -5 5 -7
leaf_value=-8.5430059828759392e-05 -0.00189843041318163 0.0088004572011539713 -0.0007137467478050474 0.00014316141545520674 0.004032201940235831 -5.3842435252794221e-06
leaf_weight=22 24 32 20 23 329 33
leaf_count=22 24 32 20 23 329 33
internal_value=0.000205664 -0.000485972 -0.000951327 -0.000148402 0.000389813 0.000438258
internal_weight=483 99 67 43 384 362
internal_count=483 99 67 43 384 362
is_linear=0
shrinkage=0.01


Tree=171
num_leaves=7
num_cat=0
split_feature=15 92 61 16 77 1
split_gain=0.542859 0.267962 0.131065 0.1078 0.217429 0.0429275
threshold=0.57979161900000009 23.154861850000007 1.0000000180025095e-35 0.60137750000000012 8.9507142475000006 0.32582951800000004
decision_type=2 8 2 2 2 2
left_child=1 -1 -2 4 -4 -5
right_child=2 -3 3 5 -6 -7
leaf_value=-0.00064877654688204843 -0.00026729700329226387 0.00032630758404923445 -0.0001815132589496284 0.0090526799530667827 0.0001554526528491011 0.0039385266643636859
leaf_weight=32 20 25 21 301 39 21
leaf_count=32 20 25 21 301 39 21
internal_value=0.000212049 -0.000683391 0.000345084 0.000389237 0 0.000461586
internal_weight=459 57 402 382 60 322
internal_count=459 57 402 382 60 322
is_linear=0
shrinkage=0.01


Tree=172
num_leaves=5
num_cat=0
split_feature=48 42 33 0
split_gain=0.511767 0.360043 0.119107 0.240115
threshold=24.550000110000003 2.8500000315000005 5.9714285645000009 0.15448225000000002
decision_type=2 2 2 2
left_child=1 -1 -3 -4
right_child=-2 2 3 -5
leaf_value=-0.0014142032225804391 -0.0017258268521527743 0.0062494419325648635 0.00015604388759406695 -0.00036197793701173598
leaf_weight=33 33 340 42 20
leaf_count=33 33 340 42 20
internal_value=0.000238908 0.000333869 0.000419563 0
internal_weight=468 435 402 62
internal_count=468 435 402 62
is_linear=0
shrinkage=0.01


Tree=173
num_leaves=7
num_cat=0
split_feature=69 16 9 16 43 27
split_gain=1.16487 0.996909 0.671033 0.0564187 0.257808 0.0377424
threshold=88.014999390000014 0.51614935750000013 0.58228697500000004 0.66866521450000016 5.6999999320000017 4.1285714930000008
decision_type=2 2 2 2 2 2
left_child=3 -2 -3 4 5 -1
right_child=1 2 -4 -5 -6 -7
leaf_value=0.0037630092009171717 -0.00084635587205298389 -0.0012782960758303075 0.0011565947116524058 0.0084552289619853963 -0.0039014089497805861 -4.49445968565404e-06
leaf_weight=99 25 22 47 228 22 20
leaf_count=99 25 22 47 228 22 20
internal_value=0.000128288 -0.00085443 -0.00019341 0.000385343 0.000200987 0.000396494
internal_weight=463 94 69 369 141 119
internal_count=463 94 69 369 141 119
is_linear=0
shrinkage=0.01


Tree=174
num_leaves=6
num_cat=0
split_feature=92 76 64 92 28
split_gain=0.601637 0.297697 0.303799 0.207325 0.0179706
threshold=17.997489060000003 5.1871428170000007 34.480000495000006 32.200086965000004 4.4357142450000007
decision_type=8 2 2 10 2
left_child=-1 -2 3 4 -3
right_child=1 2 -4 -5 -6
leaf_value=-0.0029343511705253664 -0.00049589248713118072 0.0064247564223481185 -0.00015562622762148624 -0.0010122107725646086 0.00026494102460242371
leaf_weight=26 32 315 36 34 34
leaf_count=26 32 315 36 34 34
internal_value=0.00013918 0.000229084 0.000303716 0.000389526 0.000464551
internal_weight=477 451 419 383 349
internal_count=477 451 419 383 349
is_linear=0
shrinkage=0.01


Tree=175
num_leaves=8
num_cat=0
split_feature=69 4 20 93 10 14 61
split_gain=1.00429 0.638974 0.40407 0.305333 0.0886092 0.254368 0.0453258
threshold=88.639999390000014 0.29695514300000009 2.2571428415000008 17.974813495000003 0.69578037150000005 0.7207318570000002 0.13000011450000001
decision_type=2 2 2 8 2 2 2
left_child=3 -2 -3 -1 6 -6 -5
right_child=1 2 -4 4 5 -7 -8
leaf_value=-0.0028551631794756366 -0.00082128620640187298 0.0011285456055137148 -0.00025433839036780341 1.0478021402687069e-05 -0.00055336889000050596 0.010507025122586045 0.005607617414501458
leaf_weight=21 24 31 20 20 20 48 295
leaf_count=21 24 31 20 20 20 48 295
internal_value=0.000119842 -0.000930079 -0.000241313 0.000321146 0.000389526 2.90698e-05 0.000460735
internal_weight=479 75 51 404 383 68 315
internal_count=479 75 51 404 383 68 315
is_linear=0
shrinkage=0.01


Tree=176
num_leaves=7
num_cat=0
split_feature=60 76 5 18 27 48
split_gain=0.993055 0.861918 1.36468 0.264596 0.204274 0.045441
threshold=6.504999637500001 5.712142837500001 0.47605292850000008 31.175000000000004 4.1642857620000013 22.999999855000002
decision_type=2 2 2 2 2 2
left_child=4 3 -3 -2 5 -1
right_child=1 2 -4 -5 -6 -7
leaf_value=0.0089005694438366884 -0.0021618512006632003 -0.00074505306634053579 0.0030660058391155836 0.00034445933125556007 -0.00024285700700202797 0.0019924924504162219
leaf_weight=303 20 36 21 53 34 20
leaf_count=303 20 36 21 53 34 20
internal_value=0.000105576 -0.000634557 -0.00154844 6.09756e-05 0.000381498 0.000461705
internal_weight=487 130 57 73 357 323
internal_count=487 130 57 73 357 323
is_linear=0
shrinkage=0.01


Tree=177
num_leaves=7
num_cat=0
split_feature=18 48 70 19 18 13
split_gain=0.914937 1.36281 0.573805 0.133602 0.0671724 0.0799496
threshold=9.8550000000000022 16.199999890000004 55.559998510000007 0.58571429100000005 24.335000000000004 0.64052145000000016
decision_type=2 2 2 2 2 2
left_child=1 -1 3 -2 5 -5
right_child=2 -3 -4 4 -6 -7
leaf_value=0.0070407406208314698 -0.00031032921899154812 -0.0049300581860248424 -0.0003942133755278892 -0.00041401441595181844 0.0024994973539752643 0.0051937609412201118
leaf_weight=24 22 22 21 20 314 28
leaf_count=24 22 22 21 20 314 28
internal_value=0.000140549 -0.00117521 0.000296944 0.000389813 0.000438258 4.09836e-05
internal_weight=451 46 405 384 362 48
internal_count=451 46 405 384 362 48
is_linear=0
shrinkage=0.01


Tree=178
num_leaves=7
num_cat=0
split_feature=48 16 5 5 40 53
split_gain=1.26427 0.718124 0.552377 0.975682 0.52591 0.0429833
threshold=27.449999920000003 0.61165600000000009 0.42887588100000007 0.38124067850000004 2.5499999525000003 0.60000001650000001
decision_type=2 2 2 2 2 2
left_child=1 2 3 4 -1 -3
right_child=-2 5 -4 -5 -6 -7
leaf_value=0.00018596966242241176 -0.001531715832391124 0.0010720622266137563 0.0031199888846801392 -0.00070843285932955028 -0.002577035337079476 0.0091304721768995217
leaf_weight=39 20 21 45 20 25 305
leaf_count=39 20 21 45 20 25 305
internal_value=9.56284e-05 0.000209522 -0.000412173 -0.000896226 -0.000246914 0.000462056
internal_weight=475 455 129 84 64 326
internal_count=475 455 129 84 64 326
is_linear=0
shrinkage=0.01


Tree=179
num_leaves=7
num_cat=0
split_feature=42 11 50 48 35 27
split_gain=1.0977 0.616407 0.310878 0.147121 0.0405025 0.0406177
threshold=2.9499999810000008 0.54043964250000009 13.949999620000002 24.049999575000005 5.3142856530000007 4.1785714285000006
decision_type=2 2 2 2 2 2
left_child=2 -2 -1 4 5 -3
right_child=1 3 -4 -5 -6 -7
leaf_value=-0.0019127876343762468 -0.001602526062537682 0.0034083701260099429 -0.0022133963474319771 -1.7150827388825239e-05 0.015892384715890679 0.0035612236487537825
leaf_weight=22 30 314 26 20 20 22
leaf_count=22 30 314 26 20 20 22
internal_value=9.89446e-05 0.000272861 -0.00131148 0.000387473 0.00043722 0.000463183
internal_weight=454 406 48 376 356 336
internal_count=454 406 48 376 356 336
is_linear=0
shrinkage=0.01


Tree=180
num_leaves=6
num_cat=1
split_feature=88 94 15 91 93
split_gain=0.457122 0.18873 0.434371 0.0948403 0.0379288
threshold=17.937142645000005 0 0.62225714300000012 122.10258015000001 19.202663705000003
decision_type=2 1 2 2 8
left_child=1 2 -1 -4 -3
right_child=-2 4 3 -5 -6
leaf_value=-0.0021097298200116006 -0.00031855220565992398 0.00010815088316050714 0.0070120854205582882 0.00048359706887893429 0.0028129190885474871
leaf_weight=20 24 23 65 25 299
leaf_count=20 24 23 65 25 299
internal_value=0.00025394 0.000332717 -2.48344e-05 0.000253304 0.000447716
internal_weight=456 432 110 90 322
internal_count=456 432 110 90 322
cat_boundaries=0 1
cat_threshold=2104456
is_linear=0
shrinkage=0.01


Tree=181
num_leaves=8
num_cat=0
split_feature=17 50 18 48 17 1 13
split_gain=1.41967 0.978664 0.564817 0.325624 0.0757048 0.0398682 0.0452961
threshold=0.53961438100000014 11.649999855000003 52.030000000000008 24.049999575000005 0.50010800000000011 0.32582951800000004 0.58121495000000012
decision_type=2 2 2 2 2 2 2
left_child=1 4 -3 5 -1 6 -2
right_child=3 2 -4 -5 -6 -7 -8
leaf_value=0.0020960524603689194 -0.00018852822809749527 -0.0049466108750341872 -0.00034624821456315577 -0.0012474886631644354 -1.9804496198441678e-05 0.0019292265903026358 0.0063793913907688408
leaf_weight=26 20 20 32 21 20 20 293
leaf_count=26 20 20 32 21 20 20 293
internal_value=5.30035e-05 -0.00100202 -0.00193182 0.000352311 2.13675e-05 0.000432894 0.000460484
internal_weight=452 98 52 354 46 333 313
internal_count=452 98 52 354 46 333 313
is_linear=0
shrinkage=0.01


Tree=182
num_leaves=7
num_cat=0
split_feature=33 20 0 9 26 43
split_gain=0.821058 0.811563 0.24985 0.146478 0.296672 0.045266
threshold=5.9714285645000009 2.2357142910000003 0.083350937500000014 0.56916467500000001 4.0428571190000016 7.5499998705000015
decision_type=2 2 2 2 2 2
left_child=3 2 -2 4 -1 -5
right_child=1 -3 -4 5 -6 -7
leaf_value=0.0018782646228984964 -0.00037379656171852838 -0.0016296448556150861 0.00032739935301810431 0.0041353579659324305 -0.0027652765756643084 0.0063077021184006071
leaf_weight=47 20 38 46 291 28 20
leaf_count=47 20 38 46 291 28 20
internal_value=0.000148737 -0.000629771 1.49701e-05 0.000364529 -6.59629e-06 0.000460231
internal_weight=490 104 66 386 75 311
internal_count=490 104 66 386 75 311
is_linear=0
shrinkage=0.01


Tree=183
num_leaves=8
num_cat=0
split_feature=66 18 84 33 71 56 74
split_gain=0.888634 1.1869 0.720503 0.144387 0.123164 0.0428079 0.102217
threshold=20.920000080000005 10.165000000000001 13.032142845000001 5.9500000135000013 56.624999525000007 1.8249998095000002 8.3135714530000016
decision_type=2 2 2 2 2 2 2
left_child=3 -2 -3 5 -4 -1 -7
right_child=1 2 4 -5 -6 6 -8
leaf_value=0.0082165412859919653 -0.0048927788766974937 -0.00073652126193108388 0.00042582878720474746 -0.00028499369161754604 -0.00013740083949686434 -0.00042029176664515794 0.0082419583244273936
leaf_weight=265 20 20 65 20 20 20 42
leaf_count=265 20 20 65 20 20 20 42
internal_value=0.000114213 -0.000600159 -0.000146503 0.000378091 0.000238928 0.000431666 0.000143312
internal_weight=472 125 105 347 85 327 62
internal_count=472 125 105 347 85 327 62
is_linear=0
shrinkage=0.01


Tree=184
num_leaves=7
num_cat=0
split_feature=16 18 76 26 39 64
split_gain=0.694606 0.514899 0.332597 0.245613 0.55514 0.0450441
threshold=0.63548328550000011 9.8550000000000022 6.3878571730000013 4.0642856870000008 6.349999930500001 34.270000935000006
decision_type=2 2 2 2 2 2
left_child=1 -1 3 -3 -5 -2
right_child=5 2 -4 4 -6 -7
leaf_value=-0.0029433103160965059 0.0068997409785142528 0.00045308342943306838 -0.00031777525355147871 -0.00034860510972189188 0.00057077758992100036 0.0054279798090855541
leaf_weight=20 277 70 21 22 29 20
leaf_count=20 277 70 21 22 29 20
internal_value=0.000168552 -0.000350123 -0.000119048 6.97865e-05 -0.000434363 0.000458361
internal_weight=459 162 142 121 51 297
internal_count=459 162 142 121 51 297
is_linear=0
shrinkage=0.01


Tree=185
num_leaves=7
num_cat=0
split_feature=24 66 2 64 64 6
split_gain=0.861689 0.739608 0.197035 0.167597 0.157794 0.0455772
threshold=2.1571428565000006 21.394999505000005 0.20361050000000003 34.375000000000007 34.620000360000006 0.35166500000000006
decision_type=2 2 2 2 2 2
left_child=3 -2 -3 5 -5 -1
right_child=1 2 -4 4 -6 -7
leaf_value=8.477335792273281e-08 -0.0022040633777189425 -0.0011403564396569052 0.0003972706410014626 -0.00012162454678751337 0.0022962160393831185 0.0048069209140398405
leaf_weight=20 25 21 31 21 20 313
leaf_count=20 25 21 31 21 20 313
internal_value=0.000184816 -0.000764781 -3.78788e-05 0.000386873 -0.000179426 0.000462852
internal_weight=451 77 52 374 41 333
internal_count=451 77 52 374 41 333
is_linear=0
shrinkage=0.01


Tree=186
num_leaves=8
num_cat=0
split_feature=91 18 39 26 26 0 18
split_gain=0.783932 0.82765 1.06112 0.233321 0.480914 0.0444212 0.0908809
threshold=94.211373285000022 31.965000000000003 6.7500000300000016 4.0571428200000001 4.1357143095000017 0.27560828300000006 77.240000000000023
decision_type=2 2 2 2 2 2 2
left_child=1 2 -1 -3 -5 -2 -7
right_child=5 3 -4 4 -6 6 -8
leaf_value=-0.0031536097290587694 0.0083008089583165683 0.002849770114836352 0.00094753939590485952 -0.00034064016914265021 0.00037338718919628731 0.0094607661441292214 -0.00028353255415216607
leaf_weight=36 223 67 28 24 28 38 21
leaf_count=36 223 67 28 24 28 38 21
internal_value=8.69472e-05 -0.000416213 -0.00132716 6.26044e-05 -0.000416667 0.000420792 0.000125418
internal_weight=465 183 64 119 52 282 59
internal_count=465 183 64 119 52 282 59
is_linear=0
shrinkage=0.01


Tree=187
num_leaves=8
num_cat=0
split_feature=92 16 60 17 61 64 12
split_gain=1.02187 0.341375 0.713145 0.521352 0.145877 0.0451096 0.031695
threshold=17.997489060000003 0.61165600000000009 7.2000002860000007 0.51844621450000006 1.0000000180025095e-35 34.410000800000006 0.69231314250000009
decision_type=8 2 2 2 2 2 2
left_child=-1 2 3 -2 -3 -6 -4
right_child=1 4 6 -5 5 -7 -8
leaf_value=-0.0035567202647549222 0.0003964124888120894 -0.00028069725024921057 0.00030639470194444829 -0.0021076319579021482 0.0085828731844027183 0.0018474763735076558 0.0006621613757141953
leaf_weight=24 20 21 59 25 281 20 20
leaf_count=24 20 21 59 25 281 20 20
internal_value=0.000112574 0.000226052 -0.000208333 -0.00121179 0.000399628 0.000458913 0.000344612
internal_weight=470 446 124 45 322 301 79
internal_count=470 446 124 45 322 301 79
is_linear=0
shrinkage=0.01


Tree=188
num_leaves=8
num_cat=0
split_feature=15 6 5 31 5 48 34
split_gain=1.43297 0.795132 1.33137 0.385128 0.438543 0.13843 0.0905097
threshold=0.61609792850000011 0.43666714250000005 0.45031735700000003 5.7214285985000011 0.32404742850000007 23.700000260000003 4.3000000200000015
decision_type=2 2 2 2 2 2 2
left_child=1 3 -3 -1 -5 6 -2
right_child=5 2 -4 4 -6 -7 -8
leaf_value=9.9277087716580817e-05 0.0057107616109455294 -0.0033303098944722706 0.00040616086043965684 -0.0023793225503593598 0.0002826547936070648 -0.00027789027774671461 0.0062040621407315963
leaf_weight=40 303 24 20 25 25 21 38
leaf_count=40 303 24 20 25 25 21 38
internal_value=5.2335e-05 -0.000823442 -0.00191964 -0.000253304 -0.000846457 0.000383131 0.000434465
internal_weight=496 134 44 90 50 362 341
internal_count=496 134 44 90 50 362 341
is_linear=0
shrinkage=0.01


Tree=189
num_leaves=5
num_cat=0
split_feature=48 16 47 64
split_gain=1.20779 0.573482 0.524614 0.291406
threshold=24.550000110000003 0.54217126200000021 19.250000125000003 34.480000495000006
decision_type=2 2 2 2
left_child=1 2 -1 -3
right_child=-2 3 -4 -5
leaf_value=-0.0014949159634062986 -0.0027983893340227327 0.0029987313741546523 0.00048265582209156064 -0.00010786808436398297
leaf_weight=26 29 352 20 26
leaf_count=26 29 352 20 26
internal_value=0.000142133 0.000282486 -0.000747863 0.000414467
internal_weight=453 424 46 378
internal_count=453 424 46 378
is_linear=0
shrinkage=0.01


Tree=190
num_leaves=6
num_cat=0
split_feature=28 7 43 16 76
split_gain=0.84561 0.420242 0.144876 0.170366 0.152979
threshold=4.6857142790000008 0.4140623570000001 6.900000050500001 0.66683814250000017 5.1749999650000005
decision_type=2 2 2 2 2
left_child=1 -1 4 -4 -3
right_child=-2 2 3 -5 -6
leaf_value=-0.0020822511514018496 -0.0011051259188710081 -0.00022566085633703229 -5.5683156033106231e-05 0.010408749969550926 0.0022908304614954996
leaf_weight=27 21 22 21 23 344
leaf_count=27 21 22 21 23 344
internal_value=0.000189625 0.000288945 0.000372444 -0.000133929 0.000438931
internal_weight=458 437 410 44 366
internal_count=458 437 410 44 366
is_linear=0
shrinkage=0.01


Tree=191
num_leaves=7
num_cat=0
split_feature=15 21 50 83 28 79
split_gain=1.36155 0.513578 0.406697 0.497067 0.115295 0.0455772
threshold=0.61547571450000016 1.8785714250000003 11.649999855000003 10.000714231500002 4.4357142450000007 3.6778571140000005
decision_type=2 2 2 2 2 2
left_child=1 2 -1 -4 5 -2
right_child=4 -3 3 -5 -6 -7
leaf_value=0.00085285554903800659 0.00057341100246537926 -0.0038470912158785021 0.00029163990486165349 -0.00058345460000369925 -8.4975647463958755e-05 0.0079498463820077102
leaf_weight=29 20 20 25 34 27 313
leaf_count=29 20 20 25 34 27 313
internal_value=0.000110922 -0.000863971 -0.000495495 -0.000978261 0.0004102 0.000462852
internal_weight=468 108 88 59 360 333
internal_count=468 108 88 59 360 333
is_linear=0
shrinkage=0.01


Tree=192
num_leaves=6
num_cat=0
split_feature=14 92 13 69 1
split_gain=1.05957 0.685639 0.65133 0.260209 0.0253349
threshold=0.63403364300000009 18.755804620000003 0.62203382500000004 90.294999120000014 0.17916600000000002
decision_type=2 8 2 2 2
left_child=1 -1 4 -2 -3
right_child=3 2 -4 -5 -6
leaf_value=-0.0032556418309421359 0.0032923294549367411 0.00034520752126582054 -0.00046459271527002978 -0.00021032099561170867 0.00038024002416348768
leaf_weight=25 337 20 21 29 38
leaf_count=25 337 20 21 29 38
internal_value=0.000155055 -0.000725191 -0.00023183 0.000411668 0.000289116
internal_weight=470 104 79 366 58
internal_count=470 104 79 366 58
is_linear=0
shrinkage=0.01


Tree=193
num_leaves=8
num_cat=0
split_feature=17 26 29 64 25 33 48
split_gain=0.991024 0.882871 0.474213 0.30465 0.252142 0.0394069 0.0450607
threshold=0.55502561900000014 4.0571428200000001 2.3000000115000003 33.784999850000013 2.2285714275000004 5.9928570475000011 23.399999820000001
decision_type=2 2 2 2 2 2 2
left_child=1 4 -3 5 -1 6 -2
right_child=3 2 -4 -5 -6 -7 -8
leaf_value=-0.00066695794697707632 0.0075721118385330081 -0.0022116583486757159 -0.00051026241538763785 -0.0013114230590933506 0.00082115459191725983 -0.00011123188956224832 0.0015766916952146585
leaf_weight=20 278 28 26 38 47 20 20
leaf_count=20 278 28 26 38 47 20 20
internal_value=5.54625e-05 -0.000718391 -0.00166058 0.000325112 2.21239e-05 0.000429737 0.000458501
internal_weight=477 121 54 356 67 318 298
internal_count=477 121 54 356 67 318 298
is_linear=0
shrinkage=0.01


Tree=194
num_leaves=8
num_cat=0
split_feature=15 21 43 15 56 15 2
split_gain=0.78349 0.58833 0.441272 0.391621 0.0490442 0.0954833 0.0314669
threshold=0.64839448600000005 1.8785714250000003 1.5000000300000003 0.57979161900000009 1.8249998095000002 0.70931792850000008 0.29888239300000002
decision_type=2 2 2 2 2 2 2
left_child=1 2 3 -1 -2 -6 -4
right_child=4 -3 6 -5 5 -7 -8
leaf_value=-0.001414599519068383 0.0065627642735520825 -0.0033522104572240906 7.7467527858391636e-05 0.00016083138605618491 -0.0005536974048457817 0.0072478594797453742 8.6189364203342056e-05
leaf_weight=26 256 31 58 24 20 37 20
leaf_count=26 256 31 58 24 20 37 20
internal_value=0.000135364 -0.000428661 -0.000108696 -0.000846457 0.000428617 0.000112457 0.00034264
internal_weight=472 159 128 50 313 57 78
internal_count=472 159 128 50 313 57 78
is_linear=0
shrinkage=0.01


Tree=195
num_leaves=6
num_cat=1
split_feature=94 18 28 13 0
split_gain=0.544974 0.717964 0.233166 0.0457055 0.02997
threshold=0 12.535000000000002 4.3571428400000007 0.58121495000000012 0.2660955805000001
decision_type=1 2 2 2 2
left_child=1 -1 4 -2 -3
right_child=3 2 -4 -5 -6
leaf_value=-0.0044771136819155835 -0.00016049769323319663 0.0014324396339231017 -0.00018541811352211824 0.0021006534690042851 0.00039996077582523732
leaf_weight=24 20 52 20 323 20
leaf_count=24 20 52 20 323 20
internal_value=0.000255546 -0.000315457 4.31035e-05 0.00045082 0.00032967
internal_weight=459 116 92 343 72
internal_count=459 116 92 343 72
cat_boundaries=0 1
cat_threshold=8391302
is_linear=0
shrinkage=0.01


Tree=196
num_leaves=6
num_cat=0
split_feature=28 76 76 16 27
split_gain=0.801983 0.348916 0.591088 0.162509 0.195577
threshold=4.6857142790000008 6.3878571730000013 6.6699999745000005 0.53848464250000017 3.9428571630000007
decision_type=2 2 2 2 2
left_child=1 3 -3 4 -1
right_child=-2 2 -4 -5 -6
leaf_value=-0.00053506094529652299 -0.00091080837741488215 -0.0022455160572242413 0.0098942264466171954 0.0028383727647191426 0.00029233748514523534
leaf_weight=20 22 30 38 328 26
leaf_count=20 22 30 38 328 26
internal_value=0.000193632 0.000291328 -0.000348837 0.000413554 -0.000106838
internal_weight=464 442 68 374 46
internal_count=464 442 68 374 46
is_linear=0
shrinkage=0.01


Tree=197
num_leaves=7
num_cat=0
split_feature=16 18 46 50 77 11
split_gain=0.955376 0.769638 0.879199 0.489727 0.0448547 0.033337
threshold=0.63548328550000011 31.965000000000003 3.2000000365000005 14.800000100000002 9.4885713715000026 0.69873592900000003
decision_type=2 2 2 2 2 2
left_child=1 2 -1 5 -2 -3
right_child=4 3 -4 -5 -6 -7
leaf_value=-0.00029697640554985331 0.0066635836159032779 0.00042813707360829441 -0.0037363022940105927 -0.00026790443615835083 0.0023268907508910801 0.0019658401388581567
leaf_weight=31 266 67 32 20 20 20
leaf_count=31 266 67 32 20 20 20
internal_value=0.000100701 -0.000485948 -0.0013558 1.39147e-05 0.000456764 0.00035877
internal_weight=456 170 63 107 286 87
internal_count=456 170 63 107 286 87
is_linear=0
shrinkage=0.01


Tree=198
num_leaves=7
num_cat=0
split_feature=22 35 12 70 61 42
split_gain=0.849131 0.799247 0.42257 0.257849 0.164293 0.0335219
threshold=1.8928571260000002 4.0357142685000005 0.70388450000000014 55.115000245000012 1.0000000180025095e-35 11.700000005000001
decision_type=2 2 2 2 2 2
left_child=4 -2 3 5 -1 -3
right_child=1 2 -4 -5 -6 -7
leaf_value=-0.00051539680337647905 -0.0037647623641387591 0.0002939959721663057 -0.0020362720319333496 -0.00028820932780290173 0.005151681924041333 0.0046089296141482829
leaf_weight=20 20 68 35 20 280 20
leaf_count=20 20 68 35 20 280 20
internal_value=0.000106727 -0.000467033 -0.000184284 0.000110294 0.000425532 0.00036036
internal_weight=463 163 143 108 300 88
internal_count=463 163 143 108 300 88
is_linear=0
shrinkage=0.01


Tree=199
num_leaves=7
num_cat=0
split_feature=66 5 12 29 33 43
split_gain=0.549172 0.446937 0.644319 0.569178 0.133272 0.0451576
threshold=20.920000080000005 0.45513783350000009 0.67014275000000012 2.3142857125000007 5.9714285645000009 7.5499998705000015
decision_type=2 2 2 2 2 2
left_child=4 2 3 -2 5 -1
right_child=1 -3 -4 -5 -6 -7
leaf_value=0.0053567898414693558 -0.0021448848670266155 0.0022376820164095317 -0.00085829829885314651 0.00041197684998071172 -0.00035710047163273309 0.0053768833167645727
leaf_weight=284 32 45 20 43 23 20
leaf_count=284 32 45 20 43 23 20
internal_value=0.00017422 -0.000340909 -0.000735908 -0.000270449 0.000401159 0.000459318
internal_weight=467 140 95 75 327 304
internal_count=467 140 95 75 327 304
is_linear=0
shrinkage=0.01


Tree=200
num_leaves=6
num_cat=0
split_feature=15 41 1 28 77
split_gain=0.705223 0.444651 0.329609 0.157032 0.0458266
threshold=0.61547571450000016 11.699999900000002 0.15073769050000005 4.4857142565000006 9.5085713520000024
decision_type=2 2 2 2 2
left_child=1 -1 -3 4 -2
right_child=3 2 -4 -5 -6
leaf_value=-0.0018003773311180769 0.0053652107464767299 -0.0005506299136877283 9.417967439804741e-05 -0.00039623213259742707 0.0022704066185520073
leaf_weight=35 333 26 47 20 20
leaf_count=35 333 26 47 20 20
internal_value=0.000204442 -0.000496324 -2.03252e-05 0.000413323 0.000464952
internal_weight=481 108 73 373 353
internal_count=481 108 73 373 353
is_linear=0
shrinkage=0.01


Tree=201
num_leaves=6
num_cat=0
split_feature=93 28 41 2 63
split_gain=0.545406 0.184099 0.262291 0.475788 0.0425449
threshold=18.714799965000001 4.2071428640000006 13.149999955000002 0.26212950000000007 24.230000020000002
decision_type=8 2 2 2 2
left_child=-1 4 3 -3 -2
right_child=1 2 -4 -5 -6
leaf_value=-0.0036884614356682537 0.00076256531372425327 -0.00044089743414086414 0.00039630379193412199 0.0016603388393067273 0.0073280450890073389
leaf_weight=31 21 22 59 37 276
leaf_count=31 21 22 59 37 276
internal_value=0.000226052 0.000325878 0 -0.000476589 0.000458361
internal_weight=446 415 118 59 297
internal_count=446 415 118 59 297
is_linear=0
shrinkage=0.01


Tree=202
num_leaves=5
num_cat=0
split_feature=28 13 77 64
split_gain=0.818977 0.157778 0.189054 0.11839
threshold=4.6857142790000008 0.62350495000000017 8.9900000095000028 34.480000495000006
decision_type=2 2 2 2
left_child=1 2 -1 -3
right_child=-2 3 -4 -5
leaf_value=-0.00087363427210222831 -0.00082012521493339964 0.0025720469800941097 0.00047288727399217038 0.00011614456779175595
leaf_weight=34 23 345 34 29
leaf_count=34 23 345 34 29
internal_value=0.000258695 0.000359079 -5.81395e-05 0.000440235
internal_weight=465 442 68 374
internal_count=465 442 68 374
is_linear=0
shrinkage=0.01


Tree=203
num_leaves=6
num_cat=0
split_feature=16 12 33 66 1
split_gain=0.928696 0.451284 0.485072 0.138758 0.0309933
threshold=0.61165600000000009 0.70388450000000014 5.8642857075000014 21.465000155000002 0.15159507150000004
decision_type=2 2 2 2 2
left_child=1 2 -1 -4 -5
right_child=-2 -3 3 4 -6
leaf_value=-0.0018939763433149376 0.0073037921868231671 -0.00086227784389760701 -0.00012747337863035235 0.00037481174650329761 0.00013309798317033566
leaf_weight=32 321 20 29 20 56
leaf_count=32 321 20 29 20 56
internal_value=0.000181704 -0.000440431 -0.000214078 9.92439e-05 0.000338542
internal_weight=478 157 137 105 76
internal_count=478 157 137 105 76
is_linear=0
shrinkage=0.01


Tree=204
num_leaves=9
num_cat=0
split_feature=16 26 39 16 8 53 4 48
split_gain=1.57745 0.62803 0.739381 0.726848 0.464083 0.145793 0.0825037 0.0450934
threshold=0.61165600000000009 3.9785714490000004 6.7999999560000015 0.54351735750000019 0.54874764300000012 0.60000001650000001 0.34103814300000007 22.999999855000002
decision_type=2 2 2 2 2 2 2 2
left_child=1 4 3 -3 -1 -2 -4 -7
right_child=5 2 6 -5 -6 7 -8 -9
leaf_value=-0.0037289618812275404 -0.0029746486967291118 -0.0024485088773937977 0.00024275176735694901 -0.00010681689237098089 0.00165243917319812 0.0076726793139802168 -0.00075012404201354229 0.0012491839487962842
leaf_weight=20 21 20 21 20 45 280 20 20
leaf_count=20 21 20 21 20 45 280 20 20
internal_value=3.20651e-06 -0.000851499 -0.00143643 -0.00240196 -8.35866e-05 0.000399316 -0.00041866 0.000458777
internal_weight=467 146 81 40 65 321 41 300
internal_count=467 146 81 40 65 321 41 300
is_linear=0
shrinkage=0.01


Tree=205
num_leaves=8
num_cat=0
split_feature=66 26 29 33 14 0 61
split_gain=0.810592 0.660255 0.709759 0.358904 0.314125 0.105772 0.0430107
threshold=20.920000080000005 3.9785714490000004 2.2714285935000005 5.9714285645000009 0.61159164250000009 0.087499590500000016 1.0000000180025095e-35
decision_type=2 2 2 2 2 2 2
left_child=3 5 -3 6 -4 -2 -1
right_child=1 2 4 -5 -6 -7 -8
leaf_value=1.6588757180238425e-05 -0.00062184078362082277 -0.0024240237886198599 0.00042649411399460404 -0.00061499609880460884 -0.00080021059290346557 0.0015022445960619086 0.0072797068909823308
leaf_weight=21 20 20 20 20 28 45 307
leaf_count=21 20 20 20 20 28 45 307
internal_value=0.00012142 -0.00053438 -0.00122093 0.00037844 -0.000491803 0.000159574 0.000462287
internal_weight=481 133 68 348 48 65 328
internal_count=481 133 68 348 48 65 328
is_linear=0
shrinkage=0.01


Tree=206
num_leaves=7
num_cat=0
split_feature=28 53 15 12 53 91
split_gain=0.714644 0.700088 0.429585 0.205742 0.157524 0.0459187
threshold=4.4357142450000007 2.4000000170000004 0.5686582145000002 0.67125150950000012 0.55000000800000015 70.137508020000013
decision_type=2 2 2 2 2 2
left_child=2 -2 -1 -3 -4 -6
right_child=1 3 4 -5 5 -7
leaf_value=-0.0028943036981217197 -0.0011922794677339276 7.5546897442030762e-05 -0.0030803279065575151 -0.00036147447326632611 0.0026899297452330278 0.0044714717942687309
leaf_weight=28 20 29 20 20 20 341
leaf_count=28 20 29 20 20 20 341
internal_value=0.000160819 -0.000766476 0.000323328 -7.02811e-05 0.000415139 0.000465727
internal_weight=478 69 409 49 381 361
internal_count=478 69 409 49 381 361
is_linear=0
shrinkage=0.01


Tree=207
num_leaves=6
num_cat=1
split_feature=16 26 94 8 17
split_gain=0.869904 0.379808 0.23239 0.282262 0.117272
threshold=0.53848464250000017 3.9714285135000007 0 0.55443435750000014 0.54825271450000013
decision_type=2 2 1 2 2
left_child=1 -1 3 -2 -5
right_child=2 -3 -4 4 -6
leaf_value=0.00060292321489262464 -0.002514751489030478 -0.00066648504443654665 0.0032459021714181181 -4.0290811396755647e-05 0.0026926148530021787
leaf_weight=24 25 38 313 20 57
leaf_count=24 25 38 313 20 57
internal_value=0.000181038 -0.000907643 0.000349928 -6.20567e-05 0.000212082
internal_weight=477 62 415 102 77
internal_count=477 62 415 102 77
cat_boundaries=0 1
cat_threshold=2099718
is_linear=0
shrinkage=0.01


Tree=208
num_leaves=7
num_cat=0
split_feature=15 21 42 17 44 18
split_gain=0.612457 1.09643 0.388427 0.143012 0.0476186 0.0969204
threshold=0.63057227100000002 1.8571428655000002 2.8500000315000005 0.54141745250000006 0.15000000200000005 104.84500000000001
decision_type=2 2 2 2 2 2
left_child=1 2 -1 -2 -5 -6
right_child=3 -3 -4 4 5 -7
leaf_value=-0.00084040120813065784 -0.00032754110270160274 -0.0035669726203611174 3.6670449244261711e-05 0.0027876018958299109 0.0065956895272742426 -0.00088437573707896933
leaf_weight=36 20 23 66 256 38 20
leaf_count=36 20 23 66 256 38 20
internal_value=0.000146803 -0.000441176 0 0.000373357 0.000428844 0.000119048
internal_weight=459 125 102 334 314 58
internal_count=459 125 102 334 314 58
is_linear=0
shrinkage=0.01


Tree=209
num_leaves=6
num_cat=0
split_feature=16 18 41 32 48
split_gain=0.828772 0.622079 1.0457 0.238038 0.151326
threshold=0.61165600000000009 31.965000000000003 14.299999920000003 4.128571442000001 22.999999855000002
decision_type=2 2 2 2 2
left_child=1 2 -1 -3 -2
right_child=4 3 -4 -5 -6
leaf_value=-0.003617975093184777 0.0053908598653979421 -0.00020967739322539047 0.00010033584581810029 0.00045493926397325543 -0.00046842694066958127
leaf_weight=33 304 34 20 53 22
leaf_count=33 304 34 20 53 22
internal_value=0.000152099 -0.000482955 -0.001329 1.70843e-05 0.000431457
internal_weight=466 140 53 87 326
internal_count=466 140 53 87 326
is_linear=0
shrinkage=0.01


Tree=210
num_leaves=7
num_cat=0
split_feature=15 93 12 21 23 77
split_gain=0.67797 0.439994 0.359529 0.210626 0.126557 0.0449598
threshold=0.65482935700000011 17.974813495000003 0.69807888100000015 1.8785714250000003 1.6785714075000002 9.5085713520000024
decision_type=2 8 2 2 2 2
left_child=1 -1 3 4 -3 -2
right_child=5 2 -4 -5 -6 -7
leaf_value=-0.0028299316891713558 0.0042050663250145209 -3.1276166592651908e-05 -0.00077749916518346008 -0.0018029319004978339 0.00018131553794765946 0.0019153783965645038
leaf_weight=22 272 21 20 34 84 20
leaf_count=22 272 21 20 34 84 20
internal_value=0.000157239 -0.000316282 -0.00011577 5.36481e-05 0.00028828 0.00045765
internal_weight=473 181 159 139 105 292
internal_count=473 181 159 139 105 292
is_linear=0
shrinkage=0.01


Tree=211
num_leaves=8
num_cat=0
split_feature=28 88 92 76 76 2 12
split_gain=0.713717 0.414304 0.240074 0.108844 0.0487179 0.100191 0.033148
threshold=4.4928571240000013 17.846428665000001 17.997489060000003 5.1871428170000007 6.0942857820000009 0.26509064250000008 0.71531635700000018
decision_type=2 2 8 2 2 2 2
left_child=2 -2 -1 -4 -5 -6 -7
right_child=1 -3 3 4 5 6 -8
leaf_value=-0.0010778146608347772 -0.00020642489172955359 -0.0003806534389259879 -0.00051100147247758556 0.0055623285819420207 -0.00029405571390591067 0.002777300520340894 0.001896224612598862
leaf_weight=25 32 24 25 271 20 66 20
leaf_count=25 32 24 25 271 20 66 20
internal_value=0.000164324 -0.000880282 0.000307387 0.000369911 0.00041424 0.000196629 0.000357143
internal_weight=483 56 427 402 377 106 86
internal_count=483 56 427 402 377 106 86
is_linear=0
shrinkage=0.01


Tree=212
num_leaves=9
num_cat=0
split_feature=91 8 39 59 0 22 76 61
split_gain=0.813953 0.799841 0.52183 1.09326 0.0778705 0.0614299 0.0734472 0.0448902
threshold=89.867262285000024 0.48546688100000007 6.349999930500001 0.93000030500000019 0.071287271000000013 1.9285714205000002 6.4449998995000009 0.13000011450000001
decision_type=2 2 2 2 2 2 2 2
left_child=1 -1 3 -3 -5 7 -7 -2
right_child=5 2 -4 4 -6 6 -8 -9
leaf_value=-0.0029995817842036368 0.0018082668546739228 -0.00023465993144534909 0.0010400225669580333 -0.00019901154794646389 0.00017843763752867085 -0.00040039663769646613 0.0063232308946989148 0.0071389666927990005
leaf_weight=20 20 21 63 20 27 20 25 268
leaf_count=20 20 21 63 20 27 20 25 268
internal_value=0.000123762 -0.000477602 -0.000170713 -0.000784884 3.13808e-05 0.000402936 1.0917e-05 0.000457064
internal_weight=484 151 131 68 47 333 45 288
internal_count=484 151 131 68 47 333 45 288
is_linear=0
shrinkage=0.01


Tree=213
num_leaves=6
num_cat=0
split_feature=15 36 81 48 15
split_gain=0.560755 0.433369 0.245778 0.409406 0.150076
threshold=0.61188938100000012 4.5285714010000007 13.96642862 17.899999785000002 0.57686957150000018
decision_type=2 2 2 2 2
left_child=1 -1 -2 -4 -3
right_child=2 4 3 -5 -6
leaf_value=-0.0014885696264526349 0.0045323059324472196 0.0001204810383689663 0.0038310846821846736 -0.00018861016031021207 -0.00013237479435767343
leaf_weight=37 295 38 32 20 27
leaf_count=37 295 38 32 20 27
internal_value=0.000183415 -0.000457198 0.000378091 -0.000227273 7.5988e-06
internal_weight=449 102 347 52 65
internal_count=449 102 347 52 65
is_linear=0
shrinkage=0.01


Tree=214
num_leaves=10
num_cat=0
split_feature=17 77 50 34 0 14 2 0 0
split_gain=0.841912 0.826765 1.05747 0.304407 0.139488 0.20084 0.0448367 0.0244948 0.0226349
threshold=0.55502561900000014 9.2121429445000018 11.649999855000003 3.8714285410000007 0.26921189550000008 0.68857677150000007 0.20361050000000003 0.31582587500000009 0.08460875000000001
decision_type=2 2 2 2 2 2 2 2 2
left_child=1 2 3 -1 6 -6 -2 -7 -3
right_child=4 8 -4 -5 5 7 -8 -9 -10
leaf_value=0.0057242752753040903 0.00036977646045436538 0.00033658479062986503 -0.0042900932690621155 -0.00016094191042519517 -0.00086626151382031432 0.0077792354114543253 0.0066102569860121028 0.00090030762394257961 0.00055318387782515757
leaf_weight=20 20 20 20 21 20 36 265 20 32
leaf_count=20 20 20 20 21 20 36 265 20 32
internal_value=0.000115838 -0.000628295 -0.00141586 -0.00041866 0.000355169 0 0.000456613 0.00028169 0.000265152
internal_weight=474 113 61 41 361 76 285 56 52
internal_count=474 113 61 41 361 76 285 56 52
is_linear=0
shrinkage=0.01


Tree=215
num_leaves=7
num_cat=0
split_feature=16 27 23 12 1 16
split_gain=0.991546 0.71843 0.445348 0.247969 0.0959957 0.032135
threshold=0.63548328550000011 4.1428571260000009 1.685714283 0.57917892850000008 0.31582357150000001 0.50305035750000016
decision_type=2 2 2 2 2 2
left_child=1 2 -1 -4 -2 -5
right_child=4 -3 3 5 -6 -7
leaf_value=-0.00059751844854710431 0.005594904421239397 -0.00075129516450078465 -0.00052498957684353866 1.8310786325033477e-05 0.00085936477582088751 0.00036044730192560991
leaf_weight=33 263 26 20 20 35 61
leaf_count=33 263 26 20 20 35 61
internal_value=8.06452e-05 -0.000547264 -0.00022997 8.34971e-05 0.000425033 0.000348411
internal_weight=458 160 134 101 298 81
internal_count=458 160 134 101 298 81
is_linear=0
shrinkage=0.01


Tree=216
num_leaves=8
num_cat=1
split_feature=82 91 94 7 91 24 1
split_gain=0.964363 0.888483 0.314832 0.455802 0.675373 0.124339 0.0282128
threshold=14.910714285000003 89.135383085000015 0 0.52631535700000009 94.132448350000018 2.3285714050000004 0.25391185700000007
decision_type=2 2 1 2 2 2 2
left_child=2 -2 3 4 -1 -4 -5
right_child=1 -3 5 6 -6 -7 -8
leaf_value=-0.0035033012047467997 -0.00034473072500843546 0.003380142292491175 0.0024305602960552281 1.5379366230395117e-05 0.00032715735049907617 -0.00010907659204480994 0.0039961979077292008
leaf_weight=20 20 23 293 20 26 27 46
leaf_count=20 20 23 293 20 26 27 46
internal_value=0.000116646 -0.00128995 0.000263401 -0.000179153 -0.000961538 0.000417171 0.000314371
internal_weight=475 43 432 112 46 320 66
internal_count=475 43 432 112 46 320 66
cat_boundaries=0 1
cat_threshold=2099214
is_linear=0
shrinkage=0.01


Tree=217
num_leaves=8
num_cat=0
split_feature=16 41 53 10 17 23 9
split_gain=0.668284 0.451834 0.430004 0.179847 0.169737 0.11654 0.188875
threshold=0.54217126200000021 13.499999630000003 0.60000001650000001 0.62670278550000014 0.53412778550000006 1.8928571385000001 0.60086657500000007
decision_type=2 2 2 2 2 2 2
left_child=1 -1 -2 -3 -4 -6 -7
right_child=2 3 4 -5 5 6 -8
leaf_value=-0.0031624732066356915 -0.0022913353261600653 -0.00018352916978247463 -0.00013757941838720043 0.00038282450818923709 0.0047926963844083011 -0.00069621936179438512 0.0041904124697720877
leaf_weight=23 25 20 35 22 275 23 38
leaf_count=23 25 20 35 22 275 23 38
internal_value=8.33694e-05 -0.000843465 0.000241935 -0.000163551 0.000332168 0.0004038 0
internal_weight=461 65 396 42 371 336 61
internal_count=461 65 396 42 371 336 61
is_linear=0
shrinkage=0.01


Tree=218
num_leaves=7
num_cat=0
split_feature=17 26 18 61 1 37
split_gain=0.844055 1.09664 1.43851 0.261631 0.11004 0.045441
threshold=0.55967792850000009 4.0571428200000001 58.585000000000008 0.19499969450000001 0.19445542850000003 4.6499999835000008
decision_type=2 2 2 2 2 2
left_child=1 4 -3 -2 -1 -5
right_child=3 2 -4 5 -6 -7
leaf_value=-8.4134203211315794e-05 -0.00054292802750792685 -0.0035678166675256117 -2.1357607329243234e-05 0.0049459190855374851 0.0018858169418552681 0.0071943091368963175
leaf_weight=20 27 20 27 303 49 20
leaf_count=20 27 20 27 303 49 20
internal_value=0.000130677 -0.000599315 -0.00176778 0.000379133 0.000179083 0.000461705
internal_weight=466 116 47 350 69 323
internal_count=466 116 47 350 69 323
is_linear=0
shrinkage=0.01


Tree=219
num_leaves=8
num_cat=1
split_feature=42 42 94 12 91 39 2
split_gain=0.770475 0.486135 0.43299 0.549285 0.85106 0.0452047 0.0275573
threshold=2.9499999810000008 2.6000000050000005 0 0.64777771400000017 95.400250690000021 10.349999730000002 0.3276139285000001
decision_type=2 2 1 2 2 2 2
left_child=1 -1 3 4 -2 -4 -5
right_child=2 -3 5 6 -6 -7 -8
leaf_value=-0.00069877914556956645 -0.0033659357510814644 -0.0021515217426323718 0.0018236447769741507 0.0015351315206891503 0.0062182241881207877 0.0079898497318095316 0.0040221389032435795
leaf_weight=29 22 21 287 44 27 20 20
leaf_count=29 22 21 287 44 27 20 20
internal_value=0.000112574 -0.00104331 0.000256654 -0.000254443 -0.0010743 0.000445249 0.000308642
internal_weight=470 50 420 113 49 307 64
internal_count=470 50 420 113 49 307 64
cat_boundaries=0 1
cat_threshold=538971138
is_linear=0
shrinkage=0.01


Tree=220
num_leaves=8
num_cat=0
split_feature=18 24 16 16 26 26 53
split_gain=1.0239 0.826339 0.424787 0.635679 0.19338 0.3368 0.0452047
threshold=9.8550000000000022 1.9571428595000002 0.61165600000000009 0.59650123850000014 4.0642856870000008 4.1499999930000007 0.55000000800000015
decision_type=2 2 2 2 2 2 2
left_child=1 -1 3 4 -2 -6 -4
right_child=2 -3 6 -5 5 -7 -8
leaf_value=2.9153522491043307e-06 0.00066715882049076523 -0.004223905533803426 0.0012165813281626676 -0.00059215314105096832 -0.00050498265660705395 0.00039512631836556014 0.0068750464429589101
leaf_weight=21 59 20 20 20 20 21 287
leaf_count=21 59 20 20 20 20 21 287
internal_value=0.000110922 -0.0013756 0.000260636 -0.000231788 7.93651e-05 -0.00041866 0.000459714
internal_weight=468 41 427 120 100 41 307
internal_count=468 41 427 120 100 41 307
is_linear=0
shrinkage=0.01


Tree=221
num_leaves=8
num_cat=0
split_feature=31 75 8 26 18 66 0
split_gain=0.688454 0.311318 0.327157 0.423998 0.536562 0.0447821 0.0199046
threshold=5.9428570780000003 7.0164285900000012 0.62190807150000016 3.9785714490000004 32.400000000000006 0.83500003850000015 0.19479408350000002
decision_type=2 2 2 2 2 2 2
left_child=1 5 3 6 -5 -1 -3
right_child=-2 2 -4 4 -6 -7 -8
leaf_value=0.0058540120219954597 -0.00035407135408920958 0.00022717554117233926 0.002603510984602533 -0.0028160660011014626 -1.9679376750924677e-05 0.0075701386464471524 8.2008809697750938e-07
leaf_weight=20 24 27 65 20 38 262 20
leaf_count=20 24 27 65 20 38 262 20
internal_value=0.000159396 0.000251767 -7.61124e-05 -0.000430057 -0.0010034 0.000456153 0.000240586
internal_weight=476 452 170 105 58 282 47
internal_count=476 452 170 105 58 282 47
is_linear=0
shrinkage=0.01


Tree=222
num_leaves=7
num_cat=1
split_feature=94 91 76 20 15 15
split_gain=0.424382 1.21471 0.136414 0.109583 0.0932542 0.260675
threshold=0 81.602127495000019 6.171428510000001 2.6071428400000003 0.61458771400000012 0.59072547600000014
decision_type=1 2 2 2 2 2
left_child=1 -1 -3 4 5 -2
right_child=3 2 -4 -5 -6 -7
leaf_value=-0.0032375409362082946 3.7892561344051261e-05 0.0021661517685197047 -8.1388241084028962e-05 -0.00012979850965722851 0.0065870480126953472 -0.00029101796224407437
leaf_weight=23 51 57 34 24 265 20
leaf_count=23 51 57 34 24 265 20
internal_value=0.000179023 -0.000328526 0.000147059 0.0003452 0.0004038 4.87465e-05
internal_weight=474 114 91 360 336 71
internal_count=474 114 91 360 336 71
cat_boundaries=0 1
cat_threshold=8389254
is_linear=0
shrinkage=0.01


Tree=223
num_leaves=9
num_cat=0
split_feature=33 54 78 29 92 79 37 1
split_gain=0.712673 0.862906 0.232607 0.352686 0.203366 0.124011 0.0677298 0.0778705
threshold=5.9714285645000009 3.3500000015000002 7.6414286025000004 2.3500000240000003 22.559776245000005 3.7049999420000006 3.1500000620000006 0.28202542850000006
decision_type=2 2 2 2 10 2 2 2
left_child=2 -2 5 -4 -3 -1 -7 -8
right_child=1 4 3 -5 -6 6 7 -9
leaf_value=-9.503827545255903e-05 -0.00035513193727261945 -0.00028971731599217052 -0.0021552194167527897 0.00027480611188499606 0.00022590000359044019 0.0067856832712456933 0.012713837983068859 -0.00058324238270819628
leaf_weight=23 30 34 20 23 39 277 27 20
leaf_count=23 30 34 20 23 39 277 27 20
internal_value=9.01175e-05 -0.000640655 0.00028915 -0.000376712 -2.03252e-05 0.000378091 0.000431034 3.13808e-05
internal_weight=493 103 390 43 73 347 324 47
internal_count=493 103 390 43 73 347 324 47
is_linear=0
shrinkage=0.01


Tree=224
num_leaves=9
num_cat=1
split_feature=42 18 94 41 11 0 0 2
split_gain=0.983124 0.583798 0.463541 0.4623 0.159461 0.0473143 0.0969204 0.0244948
threshold=3.0999999795000006 31.965000000000003 0 12.699999670000002 0.6840556430000001 0.26921189550000008 0.28231254200000006 0.28269684250000005
decision_type=2 2 1 2 2 2 2 2
left_child=1 -1 3 4 7 -4 -7 -2
right_child=2 -3 5 -5 -6 6 -8 -9
leaf_value=-0.0038999054509858294 0.0017405756745140733 -9.7756850228589536e-05 0.0022703309966323791 -0.00076354500652413759 -0.00039199583281868773 -0.00045845030140139853 0.0074870197470217198 0.001954602423012315
leaf_weight=23 20 36 250 22 23 20 38 36
leaf_count=23 20 36 250 22 23 20 38 36
internal_value=4.69283e-05 -0.00114548 0.00022572 -0.00033542 0 0.000414053 0.000119048 0.00028169
internal_weight=468 59 409 101 79 308 58 56
internal_count=468 59 409 101 79 308 58 56
cat_boundaries=0 1
cat_threshold=1542
is_linear=0
shrinkage=0.01


Tree=225
num_leaves=9
num_cat=0
split_feature=33 2 75 34 83 17 5 76
split_gain=0.94019 1.01087 0.12967 0.212923 0.210351 0.215901 0.0615385 0.0436387
threshold=6.0571428030000005 0.22737985700000005 6.7878571705000006 3.5928571225000003 8.7542856760000021 0.62259057150000008 0.43923085750000007 5.2350000550000013
decision_type=2 2 2 2 2 2 2 2
left_child=2 -2 7 -4 5 -5 -3 -1
right_child=1 6 3 4 -6 -7 -8 -9
leaf_value=0.00070893517783729724 -0.00033695003196470034 3.2920442137560277e-05 -0.00013258744033657694 -0.00012779634212741367 0.0019411172931665126 0.0015341160849385749 -5.3820611780041988e-06 0.008049120107691779
leaf_weight=20 25 20 20 26 99 20 20 211
leaf_count=20 25 20 20 26 99 20 20 211
internal_value=0.000105024 -0.000995441 0.000292339 6.33293e-05 0.000209191 -0.000320513 0 0.000446506
internal_weight=461 65 396 165 145 46 40 231
internal_count=461 65 396 165 145 46 40 231
is_linear=0
shrinkage=0.01


Tree=226
num_leaves=8
num_cat=0
split_feature=87 18 16 92 57 2 39
split_gain=0.848682 1.11312 0.200791 0.118463 0.220242 0.0857157 0.0449426
threshold=22.662857055000003 30.345000000000002 0.54217126200000021 28.979092055000006 5.4849991795000008 0.26114570450000008 10.549999725000001
decision_type=2 2 2 10 2 2 2
left_child=2 -2 -1 6 -5 -3 -4
right_child=1 5 3 4 -6 -7 -8
leaf_value=-0.00067209621652576461 -0.0022312991527949346 -2.4183774793172341e-05 0.0043917218816493433 -0.0001219402330206046 0.0045184458176752229 0.00016213322901717037 0.0020221410828711438
leaf_weight=29 31 20 271 20 34 31 20
leaf_count=29 31 20 271 20 34 31 20
internal_value=0.000100701 -0.000809179 0.00030683 0.000377386 -1.82482e-05 6.75676e-05 0.000457505
internal_weight=456 82 374 345 54 51 291
internal_count=456 82 374 345 54 51 291
is_linear=0
shrinkage=0.01


Tree=227
num_leaves=10
num_cat=0
split_feature=16 4 54 0 76 65 16 0 0
split_gain=0.970477 0.551337 0.71732 0.358434 0.475195 0.141103 0.165228 0.201986 0.0180012
threshold=0.61165600000000009 0.36724350000000006 3.6000000685000004 0.070212250000000018 5.6364286205000012 0.78499984750000007 0.70662519050000017 0.27026441650000005 0.15448225000000002
decision_type=2 2 2 2 2 2 2 2 2
left_child=1 2 -1 -4 -5 6 7 -2 -3
right_child=5 8 3 4 -6 -7 -8 -9 -10
leaf_value=-0.00025947848202849096 0.0030426669847836581 0.0027860065420839829 0.0007932712091110256 -0.0039542085996234731 2.0391563830530782e-05 0.0067199094910483353 0.011319120029266237 -0.0024484106265729782 0.0027450161805912306
leaf_weight=25 34 24 24 22 21 220 52 25 20
leaf_count=25 34 24 24 22 21 220 52 25 20
internal_value=4.59598e-05 -0.000657895 -0.00109914 -0.00050885 -0.00106164 0.000342074 3.13059e-05 -0.000309365 0.000223214
internal_weight=467 136 92 67 43 331 111 59 44
internal_count=467 136 92 67 43 331 111 59 44
is_linear=0
shrinkage=0.01


Tree=228
num_leaves=9
num_cat=0
split_feature=91 4 1 10 6 33 0 35
split_gain=0.866425 0.845428 0.810347 0.736534 0.550969 0.126339 0.11474 0.0437724
threshold=95.400250690000021 0.37743192850000001 0.26061695250000005 0.66350046450000011 0.33527142850000008 4.921428510000001 0.15394539600000004 5.3142856530000007
decision_type=2 2 2 2 2 2 2 2
left_child=1 2 3 4 -1 -2 -6 -7
right_child=5 -3 -4 -5 6 7 -8 -9
leaf_value=-0.0018920480700906509 -0.00025375159941960741 0.0028457294063327812 -0.0028271928095508383 -0.00073372363653492398 0.00038027193247861245 0.0066276045202205295 -0.00012566330566879567 0.0042645062620538616
leaf_weight=23 23 60 20 20 54 216 20 20
leaf_count=23 23 60 20 20 54 216 20 20
internal_value=0 -0.000503033 -0.000939768 -0.000589983 -0.000199386 0.000375289 0.000200535 0.000447635
internal_weight=456 197 137 117 97 259 74 236
internal_count=456 197 137 117 97 259 74 236
is_linear=0
shrinkage=0.01


Tree=229
num_leaves=9
num_cat=0
split_feature=28 93 22 61 77 63 25 4
split_gain=1.20398 0.809239 0.320279 0.658522 0.766906 0.0365254 0.0373392 0.033337
threshold=4.6857142790000008 17.974813495000003 1.8928571260000002 1.3899998665000004 9.1857142450000016 24.230000020000002 2.4999999915000006 0.42229839050000006
decision_type=2 8 2 2 2 2 2 2
left_child=1 -1 5 7 -5 -3 -7 -4
right_child=-2 2 3 4 -6 6 -8 -9
leaf_value=-0.0027554459864791549 -0.0010667622556278364 0.0034289606710498476 0.0019683030811867867 -0.0031180271511811347 3.6884693998384294e-05 0.0050078719019382078 0.0009591142477452713 0.0058143128817763068
leaf_weight=21 20 21 67 23 26 262 23 20
leaf_count=21 20 21 67 23 26 262 23 20
internal_value=4.03059e-05 0.000149849 0.000246161 -0.000146199 -0.0010743 0.000426988 0.000456613 0.00035877
internal_weight=483 463 442 136 49 306 285 87
internal_count=483 463 442 136 49 306 285 87
is_linear=0
shrinkage=0.01


Tree=230
num_leaves=8
num_cat=1
split_feature=15 22 94 26 22 56 35
split_gain=0.707371 0.588831 0.347581 0.677999 0.127762 0.111828 0.0512998
threshold=0.58861735700000006 1.9071428520000002 0 4.085714255000001 1.9857142565000003 2.0650000575000003 4.4142857280000003
decision_type=2 2 1 2 2 2 2
left_child=1 -1 3 6 -3 -4 -2
right_child=2 4 5 -5 -6 -7 -8
leaf_value=-0.0028317551351217519 0.00017578323106454675 0.00040894437324436663 0.0044959043455573043 -0.0007013911743960474 -0.00018814788759228634 0.00041800340665363645 0.0045124202633077598
leaf_weight=27 34 23 277 27 25 30 42
leaf_count=27 34 23 277 27 25 30 42
internal_value=8.33677e-05 -0.000798153 0.00025073 -0.000232865 -8.19672e-05 0.000413782 0.000208333
internal_weight=485 75 410 103 48 307 76
internal_count=485 75 410 103 48 307 76
cat_boundaries=0 1
cat_threshold=527
is_linear=0
shrinkage=0.01


Tree=231
num_leaves=7
num_cat=0
split_feature=91 39 3 8 32 49
split_gain=0.721199 0.557398 0.927859 1.89495 0.164064 0.0440478
threshold=95.400250690000021 6.1500000430000012 0.23726150000000004 0.63121697600000004 4.3357142975000009 57.150000100000007
decision_type=2 2 2 2 2 2
left_child=1 2 -1 -4 -3 -2
right_child=5 4 3 -5 -6 -7
leaf_value=0.00036298067307029519 0.0077668238061494137 0.0013734948671684179 -0.0021942078897495766 0.00059092709006684915 -0.0019797126364774183 0.0011317323662041973
leaf_weight=33 227 65 34 32 31 20
leaf_count=33 227 65 34 32 31 20
internal_value=8.80759e-05 -0.000360061 -0.000886774 -0.00157186 0.000165289 0.00044996
internal_weight=442 195 99 66 96 247
internal_count=442 195 99 66 96 247
is_linear=0
shrinkage=0.01


Tree=232
num_leaves=6
num_cat=0
split_feature=31 57 12 0 49
split_gain=0.366101 0.12451 0.370413 0.0939624 0.0354589
threshold=5.8999999250000004 5.3149995805000012 0.70388450000000014 0.26921189550000008 38.600000450000003
decision_type=2 2 2 2 2
left_child=1 3 4 -1 -3
right_child=-2 2 -4 -5 -6
leaf_value=0.002770520752045702 -0.0026291115023526551 0.00046915519732686895 -0.00029880445189916236 -9.2954096949289354e-05 -0.00012471015596969613
leaf_weight=272 28 80 37 36 20
leaf_count=272 28 80 37 36 20
internal_value=0.000241663 0.000315164 4.71698e-05 0.000427461 0.000376984
internal_weight=473 445 137 308 100
internal_count=473 445 137 308 100
is_linear=0
shrinkage=0.01


Tree=233
num_leaves=7
num_cat=0
split_feature=16 18 32 28 61 43
split_gain=0.515688 0.690415 0.313952 0.2544 0.153576 0.0451734
threshold=0.60949717850000018 30.345000000000002 4.1714285610000017 4.3142856955000015 1.0000000180025095e-35 7.6000000495000011
decision_type=2 2 2 2 2 2
left_child=1 2 -1 -3 -2 -6
right_child=4 3 -4 -5 5 -7
leaf_value=-0.00020521156979184704 -0.001153151320520102 -2.4991857948986359e-05 -0.0037287133733660176 0.0004797785753923775 0.0066965349626218655 0.0089424527132649125
leaf_weight=20 20 22 20 66 285 20
leaf_count=20 20 22 20 66 285 20
internal_value=0.000186205 -0.000341615 -0.00142157 0.000135135 0.000400552 0.000459451
internal_weight=453 128 40 88 325 305
internal_count=453 128 40 88 325 305
is_linear=0
shrinkage=0.01


Tree=234
num_leaves=7
num_cat=0
split_feature=28 72 13 18 61 67
split_gain=0.837837 0.71905 0.336493 0.189347 0.155774 0.043091
threshold=4.4357142450000007 61.360000610000007 0.60304662500000006 42.830000000000005 0.13000011450000001 20.920000080000005
decision_type=2 2 2 2 2 2
left_child=2 -2 -1 -3 -4 -6
right_child=1 3 4 -5 5 -7
leaf_value=-0.0023471052985629447 0.00012421026946093957 -0.00081886747498412075 -0.00020387541600347189 -7.5393954980299539e-05 0.0054604112256354514 0.0044526587734386386
leaf_weight=34 26 24 20 22 21 313
leaf_count=34 26 24 20 22 21 313
internal_value=0.000125868 -0.000851648 0.000313786 -0.00160256 0.000408681 0.000462963
internal_weight=460 72 388 46 354 334
internal_count=460 72 388 46 354 334
is_linear=0
shrinkage=0.01


Tree=235
num_leaves=9
num_cat=1
split_feature=16 41 94 7 82 70 41 31
split_gain=1.15597 0.872989 0.392774 0.546094 0.670901 0.514744 0.386759 0.0447451
threshold=0.54217126200000021 13.499999630000003 0 0.55530592850000005 14.354285715000001 52.375000000000007 16.49999979 2.0857142550000005
decision_type=2 2 1 2 2 2 2 2
left_child=1 -1 3 4 -2 -6 -3 -4
right_child=2 6 7 -5 5 -7 -8 -9
leaf_value=-0.0029721903410886751 0.0016064745337104858 0.00037389247639616797 0.013779588781209984 0.0030817535743182961 -0.0036958541915998433 -4.6909686332125241e-05 -0.00019396079728759263 0.0033234115702940126
leaf_weight=24 23 28 20 55 20 20 20 260
leaf_count=24 23 28 20 55 20 20 20 260
internal_value=2.76126e-05 -0.00112637 0.00024323 -0.000225155 -0.00088558 -0.00166667 -0.000286885 0.000440165
internal_weight=470 72 398 118 63 40 48 280
internal_count=470 72 398 118 63 40 48 280
cat_boundaries=0 1
cat_threshold=2098702
is_linear=0
shrinkage=0.01


Tree=236
num_leaves=9
num_cat=0
split_feature=15 72 76 41 61 43 16 29
split_gain=0.673236 0.528302 1.27645 0.335061 0.324933 0.0729979 0.0615385 0.0423013
threshold=0.61547571450000016 65.259998320000008 5.7335714020000008 13.250000050000002 0.13000011450000001 6.5500000270000003 0.71972771400000013 2.0142857095000006
decision_type=2 2 2 2 2 2 2 2
left_child=1 2 3 -1 -2 7 -7 -6
right_child=4 -3 -4 -5 5 6 -8 -9
leaf_value=-0.0016779654767479929 -0.001169305536970515 3.5442293636824928e-05 -0.0031370352517139269 0.00034577215015894815 0.003673366566133849 -6.1794187063217209e-05 0.0067215598400107105 0.0052155482795366191
leaf_weight=23 20 33 21 32 21 20 20 262
leaf_count=23 20 33 21 32 21 20 20 262
internal_value=9.71732e-05 -0.000578324 -0.00104167 -0.000188172 0.000318499 0.000399938 0 0.000456307
internal_weight=452 109 76 55 343 323 40 283
internal_count=452 109 76 55 343 323 40 283
is_linear=0
shrinkage=0.01


Tree=237
num_leaves=6
num_cat=0
split_feature=31 48 27 91 74
split_gain=0.882441 0.522328 0.255022 0.373995 0.167752
threshold=5.9428570780000003 24.550000110000003 4.1642857620000013 95.953702695000018 6.9014284950000002
decision_type=2 2 2 2 2
left_child=1 2 4 -4 -1
right_child=-2 -3 3 -5 -6
leaf_value=-0.00013941267848383847 -0.00050638870725293469 -0.0010323327841170952 -0.00065383628895422511 0.0078130711016594998 0.0024712585323998859
leaf_weight=20 20 22 20 26 360
leaf_count=20 20 22 20 26 360
internal_value=0.000174915 0.000271836 0.000353796 -0.000320513 0.000441176
internal_weight=468 448 426 46 380
internal_count=468 448 426 46 380
is_linear=0
shrinkage=0.01


Tree=238
num_leaves=8
num_cat=0
split_feature=28 14 15 72 61 43 12
split_gain=1.17346 0.559482 0.336203 0.711616 0.320584 0.0839195 0.0445517
threshold=4.4357142450000007 0.62163488100000008 0.61188938100000012 62.534997940000004 1.0000000180025095e-35 6.5500000270000003 0.59717842850000002
decision_type=2 2 2 2 2 2 2
left_child=2 -2 3 -1 -4 6 -6
right_child=1 -3 4 -5 5 -7 -8
leaf_value=-0.0034282493468107155 2.5005257493964165e-05 -0.00027548818224861757 -0.0011474784019536372 1.7673461354949064e-05 0.0041997567425270015 0.005786924989992572 0.0064492301283776412
leaf_weight=25 29 38 20 32 20 35 250
leaf_count=25 29 38 20 32 20 35 250
internal_value=-3.00133e-05 -0.00124631 0.000180251 -0.000510381 0.000308471 0.000394048 0.00045421
internal_weight=449 67 382 57 325 305 270
internal_count=449 67 382 57 325 305 270
is_linear=0
shrinkage=0.01


Tree=239
num_leaves=8
num_cat=0
split_feature=16 36 27 25 64 25 28
split_gain=1.27506 0.895025 0.602244 0.344926 0.172121 0.145451 0.0450275
threshold=0.54217126200000021 4.4714285990000011 4.1428571940000003 2.2428571245000004 33.670000075000011 2.4857142565000001 3.2785714355000004
decision_type=2 2 2 2 2 2 2
left_child=1 -1 4 -3 5 6 -2
right_child=2 3 -4 -5 -6 -7 -8
leaf_value=-0.0029973794782619414 0.0063170545023852158 -0.00019051482964138508 -0.00056797518269383908 0.0014557036464323792 -0.0020822334235083666 -0.00032163951358409146 0.0042968927347105459
leaf_weight=22 20 20 39 22 34 21 276
leaf_count=22 20 20 39 22 34 21 276
internal_value=-2.41864e-05 -0.00132716 0.000186796 -0.000397196 0.000322627 0.000398049 0.000458221
internal_weight=454 64 390 42 351 317 296
internal_count=454 64 390 42 351 317 296
is_linear=0
shrinkage=0.01


Tree=240
num_leaves=7
num_cat=0
split_feature=69 18 92 3 76 39
split_gain=1.67296 1.34205 0.236154 0.479443 0.161735 0.0453258
threshold=88.639999390000014 31.680000000000003 28.521812920000006 0.31952764250000004 5.7171427900000014 10.800000005000003
decision_type=2 2 10 2 2 2
left_child=2 -2 5 -4 -3 -1
right_child=1 4 3 -5 -6 -7
leaf_value=0.0034209398286481163 -0.0020098080745724438 0.00039652990469166686 -0.0018847513084246288 0.0048693372827195861 -1.3027442750448311e-05 0.0021415656737004095
leaf_weight=295 32 24 28 46 22 20
leaf_count=295 32 24 28 46 22 20
internal_value=6.73365e-05 -0.00125635 0.000339918 -0.000147059 -0.000106838 0.000460735
internal_weight=467 78 389 74 46 315
internal_count=467 78 389 74 46 315
is_linear=0
shrinkage=0.01


Tree=241
num_leaves=7
num_cat=0
split_feature=16 52 33 16 53 66
split_gain=1.60147 0.731437 0.535677 0.547386 0.123587 0.0453841
threshold=0.54217126200000021 3.8000000495000004 5.9714285645000009 0.59729738100000007 0.60000001650000001 0.83500003850000015
decision_type=2 2 2 2 2 2
left_child=1 -1 4 -4 -2 -6
right_child=2 -3 3 -5 5 -7
leaf_value=-0.00016808677441224425 0.00012382374498608447 -0.0023764167277060106 0.00016173330921305827 -0.00072274490131705787 0.0048676433299214049 0.0049650299305034774
leaf_weight=39 25 27 36 26 20 299
leaf_count=39 25 27 36 26 20 299
internal_value=8.46025e-06 -0.00142216 0.000248279 -0.000589172 0.000406032 0.000461226
internal_weight=472 66 406 62 344 319
internal_count=472 66 406 62 344 319
is_linear=0
shrinkage=0.01


Tree=242
num_leaves=7
num_cat=0
split_feature=42 18 20 60 61 24
split_gain=0.825073 0.537054 0.191663 0.644292 0.109482 0.0401139
threshold=2.9499999810000008 37.955000000000005 2.3142856785000006 4.0450000765 1.0000000180025095e-35 1.6142856945000001
decision_type=2 2 2 2 2 2
left_child=1 -1 -2 4 -4 -6
right_child=2 -3 3 -5 5 -7
leaf_value=-0.0038518576426402424 0.00038839514935292817 -1.7956998681370415e-05 -4.0719121304756632e-05 -0.0015559075753903981 0.011520529519109346 0.0065772628232430687
leaf_weight=20 218 29 23 34 20 128
leaf_count=20 218 29 23 34 20 128
internal_value=0.000135364 -0.0010743 0.000281973 5.10204e-05 0.000311409 0.000416667
internal_weight=472 49 423 205 171 148
internal_count=472 49 423 205 171 148
is_linear=0
shrinkage=0.01


Tree=243
num_leaves=8
num_cat=0
split_feature=18 48 76 76 34 20 0
split_gain=0.605284 1.28977 0.170627 0.159992 0.244282 0.0425778 0.029128
threshold=11.465000000000002 14.349999905000002 5.1871428170000007 6.171428510000001 3.9285714120000006 2.5785714045000003 0.29256897300000007
decision_type=2 2 2 2 2 2 2
left_child=1 -1 -2 5 -5 -4 -6
right_child=2 -3 3 4 6 -7 -8
leaf_value=0.0016703720788661055 -0.00068105512518208146 -0.0038133390662138419 0.0009668018204927087 -0.00019206743201651721 0.0031579028425909846 0.0073030255227974237 0.00053050061201045495
leaf_weight=29 31 20 278 30 49 21 20
leaf_count=29 31 20 278 30 49 21 20
internal_value=0.000160819 -0.000873494 0.000285016 0.000343531 0 0.000458639 0.00032235
internal_weight=478 49 429 398 99 299 69
internal_count=478 49 429 398 99 299 69
is_linear=0
shrinkage=0.01


Tree=244
num_leaves=8
num_cat=0
split_feature=28 14 27 41 53 11 5
split_gain=0.857984 0.357916 0.216592 0.134057 0.319075 0.123775 0.0448725
threshold=4.6857142790000008 0.59000164300000013 3.9499999795000007 3.8500000090000004 1.4000000135000004 0.6840556430000001 0.32649292850000006
decision_type=2 2 2 2 2 2 2
left_child=1 2 -1 4 5 -3 -5
right_child=-2 3 -4 6 -6 -7 -8
leaf_value=-0.0029715086476007364 -0.00098363304907879141 0.0031952041479479955 2.3750786539237716e-05 7.4243357130950367e-06 -0.00094314520733564187 0.00034688423677041615 0.0012736665257026191
leaf_weight=20 20 93 23 20 27 22 267
leaf_count=20 20 93 23 20 27 22 267
internal_value=0.000150162 0.000241117 -0.000605023 0.00033155 6.30252e-05 0.000306563 0.000456915
internal_weight=492 472 43 429 142 115 287
internal_count=492 472 43 429 142 115 287
is_linear=0
shrinkage=0.01


Tree=245
num_leaves=8
num_cat=0
split_feature=92 12 92 91 3 1 31
split_gain=0.781709 0.614028 0.179098 0.212577 0.305508 0.340309 0.045266
threshold=18.627672485000002 0.64237421400000005 27.593137105000004 95.400250690000021 0.31952764250000004 0.21109292850000003 2.0857142550000005
decision_type=8 2 10 2 2 2 2
left_child=1 -1 6 4 5 -4 -2
right_child=2 -3 3 -5 -6 -7 -8
leaf_value=-0.0034399199383119499 0.0060519488032899291 0.00031867087844757592 0.00026075205346384381 0.0077186247415953167 0.0044237510129903545 -0.00058688055018720463 0.00099636375990048401
leaf_weight=20 20 23 20 56 26 20 291
leaf_count=20 20 23 20 56 26 20 291
internal_value=0.000201342 -0.00106164 0.000333103 0 -0.000374251 -0.000931373 0.000460231
internal_weight=476 43 433 122 66 40 311
internal_count=476 43 433 122 66 40 311
is_linear=0
shrinkage=0.01


Tree=246
num_leaves=8
num_cat=0
split_feature=70 14 18 33 10 6 12
split_gain=1.05699 0.417586 0.394863 0.114405 0.144757 0.493422 0.0451096
threshold=55.559998510000007 0.59722592850000011 31.680000000000003 4.921428510000001 0.69578037150000005 0.5010275715000001 0.59153557150000013
decision_type=2 2 2 2 2 2 2
left_child=1 2 -1 -3 6 -6 -5
right_child=-2 3 -4 4 5 -7 -8
leaf_value=-0.0023126292161079836 -4.0665525638107216e-05 -0.0011781756426519894 0.00034543255288091207 0.0039260431494679802 -0.0058168913607967174 0.0041351453404984417 0.0013566221280242147
leaf_weight=31 23 21 20 20 20 55 281
leaf_count=31 23 21 20 20 20 55 281
internal_value=9.22001e-05 0.000204991 -0.000627413 0.000317999 0.000360934 -6.59629e-06 0.000458913
internal_weight=471 448 51 397 376 75 301
internal_count=471 448 51 397 376 75 301
is_linear=0
shrinkage=0.01


Tree=247
num_leaves=8
num_cat=0
split_feature=17 4 6 6 43 25 2
split_gain=0.76517 0.586174 0.727019 0.367199 0.0374131 0.0402975 0.0226349
threshold=0.55502561900000014 0.35440475000000005 0.43666714250000005 0.37404064300000006 7.5499998705000015 2.4857142565000001 0.34313876200000004
decision_type=2 2 2 2 2 2 2
left_child=1 2 3 -1 5 -2 -3
right_child=4 6 -4 -5 -6 -7 -8
leaf_value=-0.0017888401500948321 0.0035357492116385842 0.0013986740168187776 -0.00041754310530979852 0.00024238425558770337 0.00096351514012427478 0.0002611332003762401 0.00020110612934591174
leaf_weight=20 291 32 21 25 21 22 20
leaf_count=20 291 32 21 25 21 22 20
internal_value=0.000185512 -0.000496633 -0.00112275 -0.000338428 0.000433094 0.000460484 0.000265152
internal_weight=452 118 66 45 334 313 52
internal_count=452 118 66 45 334 313 52
is_linear=0
shrinkage=0.01


Tree=248
num_leaves=9
num_cat=0
split_feature=28 40 8 16 0 1 80 11
split_gain=1.18649 0.598069 0.38051 0.337893 0.199618 0.428489 0.042283 0.0268617
threshold=4.4357142450000007 1.1500000360000002 0.5934100000000001 0.53501277150000004 0.26921189550000008 0.28686164250000007 14.959999970000002 0.69719535700000013
decision_type=2 2 2 2 2 2 2 2
left_child=3 -2 -3 -1 6 -6 -5 -7
right_child=1 2 -4 4 5 7 -8 -9
leaf_value=-0.00038683872977457174 -0.00011056146520963908 0.00057909872897115916 -0.00045453300153397452 0.00034860496512245377 -0.002667824012631798 0.0041868221002783687 0.004683845387164781 0.0057051360553966512
leaf_weight=30 33 27 20 21 20 42 261 20
leaf_count=30 33 27 20 21 20 42 261 20
internal_value=1.05308e-05 -0.00108911 -0.000303347 0.000240628 0.000328947 -8.4541e-05 0.000456153 0.000302548
internal_weight=474 80 47 394 364 82 282 62
internal_count=474 80 47 394 364 82 282 62
is_linear=0
shrinkage=0.01


Tree=249
num_leaves=9
num_cat=0
split_feature=15 27 83 27 64 46 39 0
split_gain=1.00679 0.829118 0.69826 0.418751 0.112042 0.204234 0.044365 0.0278899
threshold=0.59966028550000006 4.0714285880000007 10.279285770000001 4.1642857620000013 32.67999935000001 3.6000000125000002 10.449999875000001 0.29256897300000007
decision_type=2 2 2 2 2 2 2 2
left_child=1 2 -1 4 6 -6 -2 -7
right_child=3 -3 -4 -5 5 7 -8 -9
leaf_value=-0.0031357260392235833 0.0040222617662867043 0.00084249221804268484 1.1701098413145848e-05 -0.00035833067598532573 -2.4797928754562423e-05 0.0044312489534958427 0.0015519777899050057 0.0075841748075655951
leaf_weight=30 241 26 23 26 21 45 20 20
leaf_count=30 241 26 23 26 21 45 20 20
internal_value=3.09187e-05 -0.000983709 -0.00170074 0.000252809 0.000349339 1.15207e-05 0.000452636 0.00031155
internal_weight=452 79 53 373 347 86 261 65
internal_count=452 79 53 373 347 86 261 65
is_linear=0
shrinkage=0.01


Tree=250
num_leaves=8
num_cat=0
split_feature=33 18 92 32 33 57 57
split_gain=0.7951 1.12121 0.546511 0.234381 0.104266 0.0612344 0.175222
threshold=5.9714285645000009 31.175000000000004 32.20879321000001 4.1857142620000003 4.921428510000001 5.3299994470000014 6.1850004195000006
decision_type=2 2 10 2 2 2 2
left_child=2 -2 4 -3 -1 -6 -7
right_child=1 3 -4 -5 5 6 -8
leaf_value=-0.00063281447171276953 -0.00080099838556859737 -0.00022687008725388665 -0.0026003692062859609 8.2719747302036366e-05 0.0030590545536763793 -0.00023103750545939091 0.0034564953301002301
leaf_weight=25 37 21 21 46 243 29 62
leaf_count=25 37 21 21 46 243 29 62
internal_value=4.12541e-05 -0.000725191 0.000257353 2.21239e-05 0.000354364 0.000403226 0.000147059
internal_weight=484 104 380 67 359 334 91
internal_count=484 104 380 67 359 334 91
is_linear=0
shrinkage=0.01


Tree=251
num_leaves=8
num_cat=0
split_feature=93 16 59 8 23 35 71
split_gain=0.811871 0.544842 0.482364 0.390064 0.190592 0.297908 0.0449769
threshold=18.755804620000003 0.53848464250000017 0.21999979000000003 0.60264192850000009 1.8714285535000001 4.6714285780000013 65.94000148500001
decision_type=8 2 2 2 2 2 2
left_child=2 3 -1 -2 6 -6 -3
right_child=1 4 -4 -5 5 -7 -8
leaf_value=-0.0032843161051843168 0.00034852694982879319 0.001788064322271759 4.8282535739852095e-06 -0.00016714702389989886 -0.0011955810432503322 0.0050318350934011047 0.0075106434345445366
leaf_weight=26 23 273 20 20 39 47 20
leaf_count=26 23 273 20 20 39 47 20
internal_value=6.82594e-05 0.000210501 -0.00117521 -0.000833333 0.000335703 -5.76037e-05 0.000457794
internal_weight=468 422 46 43 379 86 293
internal_count=468 422 46 43 379 86 293
is_linear=0
shrinkage=0.01


Tree=252
num_leaves=8
num_cat=0
split_feature=15 18 91 26 11 56 14
split_gain=0.572782 0.746139 0.953354 1.34487 0.30069 0.116117 0.0366378
threshold=0.67110507150000009 31.965000000000003 94.132448350000018 3.9785714490000004 0.6840556430000001 2.0650000575000003 0.66298000000000001
decision_type=2 2 2 2 2 2 2
left_child=1 2 3 -1 6 -2 -3
right_child=5 4 -4 -5 -6 -7 -8
leaf_value=-9.4899968477534179e-06 0.0048646856849807029 0.00044358940573125782 0.004761148695708736 -0.0016018405644440759 -0.0001785181440711401 0.00033107678545671147 0.0019651818880664462
leaf_weight=25 226 89 25 23 31 28 20
leaf_count=25 226 89 25 23 31 28 20
internal_value=8.87131e-05 -0.000287652 -0.00110434 -0.00192623 0.000127841 0.000412088 0.000387067
internal_weight=467 213 73 48 140 254 109
internal_count=467 213 73 48 140 254 109
is_linear=0
shrinkage=0.01


Tree=253
num_leaves=7
num_cat=0
split_feature=15 2 91 79 28 54
split_gain=0.893636 0.405978 0.290965 0.134175 0.0408272 0.0407801
threshold=0.57979161900000009 0.22236121450000004 68.852810230000017 3.6778571140000005 4.4857142565000006 0.25000000350000007
decision_type=2 2 2 2 2 2
left_child=1 -1 -2 -4 5 -5
right_child=2 -3 3 4 -6 -7
leaf_value=-0.0019703547547983012 -0.00071801229357899789 1.5048765617081039e-05 -9.3426213204093469e-05 0.0038464875217866347 7.2140593942757931e-07 0.0042120204287111399
leaf_weight=36 22 23 22 22 20 327
leaf_count=36 22 23 22 22 20 327
internal_value=0.000156514 -0.000978261 0.000325036 0.000391782 0.000439427 0.000464551
internal_weight=472 59 413 391 369 349
internal_count=472 59 413 391 369 349
is_linear=0
shrinkage=0.01


Tree=254
num_leaves=8
num_cat=0
split_feature=17 18 82 18 27 48 0
split_gain=0.694739 0.501105 0.39024 0.362307 0.0398975 0.045311 0.0221279
threshold=0.53864321400000015 33.920000000000009 14.910714285000003 112.09000000000002 4.1428571260000009 23.399999820000001 0.13817531250000004
decision_type=2 2 2 2 2 2 2
left_child=1 -1 4 6 5 -2 -3
right_child=2 3 -4 -5 -6 -7 -8
leaf_value=-0.0015132280768196578 0.0047489569094433769 0.0002101311504601578 -0.00039011206367905603 -4.1229334678562615e-05 0.00061244744958857146 -5.8622868839091874e-05 0.00016385332203617634
leaf_weight=24 294 31 31 21 20 20 20
leaf_count=24 294 31 31 21 20 20 20
internal_value=0.000126678 -0.000619835 0.000329415 -0.000164835 0.000433094 0.00046061 0.000260618
internal_weight=461 96 365 72 334 314 51
internal_count=461 96 365 72 334 314 51
is_linear=0
shrinkage=0.01


Tree=255
num_leaves=10
num_cat=0
split_feature=16 18 4 76 22 61 24 11 12
split_gain=0.608253 0.582532 0.468846 0.184689 0.328281 0.122727 0.0540376 0.0778705 0.0416662
threshold=0.61165600000000009 31.965000000000003 0.27648757150000008 5.7335714020000008 1.9000000015000003 1.0000000180025095e-35 1.6214285490000002 0.66221500000000011 0.59153557150000013
decision_type=2 2 2 2 2 2 2 2 2
left_child=1 2 -1 -3 -5 -2 7 -7 -8
right_child=5 3 -4 4 -6 6 8 -9 -10
leaf_value=-0.00016597987500740008 -0.0012151431239174166 0.0003787126106618437 -5.8582632962826381e-05 0.002728043212632216 -6.0597573957388923e-05 0.0075650076155097173 0.0059944030286255869 -0.0015469629419041769 0.00542015191253707
leaf_weight=20 21 51 36 20 20 27 21 20 231
leaf_count=20 21 51 36 20 20 27 21 20 231
internal_value=8.87131e-05 -0.000436401 -0.00123239 3.81264e-05 -0.000441176 0.000336658 0.000391928 3.13808e-05 0.000450949
internal_weight=467 147 56 91 40 320 299 47 252
internal_count=467 147 56 91 40 320 299 47 252
is_linear=0
shrinkage=0.01


Tree=256
num_leaves=9
num_cat=0
split_feature=16 23 21 18 11 56 15 5
split_gain=0.847453 0.650234 0.426726 0.238397 0.154068 0.0476249 0.0954833 0.0307473
threshold=0.61165600000000009 1.685714283 1.8785714250000003 112.09000000000002 0.5817602380000001 1.8249998095000002 0.70211948550000014 0.32649292850000006
decision_type=2 2 2 2 2 2 2 2
left_child=1 -1 3 7 -2 -6 -7 -3
right_child=4 2 -4 -5 5 6 -8 -9
leaf_value=-0.0013385161746789203 -0.00010251150511283363 6.0861895001389074e-06 -0.0023157513650534857 -4.8441311411342425e-05 0.005539343575438207 -0.0014777261371648615 0.0045129316971199585 0.00086478498765681512
leaf_weight=27 39 20 25 20 230 20 37 55
leaf_count=27 39 20 25 20 230 20 37 55
internal_value=5.17096e-05 -0.000571719 -0.000231788 5.74113e-05 0.000339657 0.000422168 0.000112457 0.000336412
internal_weight=473 147 120 95 326 287 57 75
internal_count=473 147 120 95 326 287 57 75
is_linear=0
shrinkage=0.01


Tree=257
num_leaves=8
num_cat=0
split_feature=15 18 29 18 16 56 28
split_gain=1.05871 1.10371 0.670114 0.234381 0.162061 0.320205 0.134015
threshold=0.61547571450000016 31.965000000000003 2.3500000240000003 110.26000000000002 0.67656719050000003 0.79500007650000015 4.4357142450000007
decision_type=2 2 2 2 2 2 2
left_child=1 2 -1 -3 5 6 -2
right_child=4 3 -4 -5 -6 -7 -8
leaf_value=-0.0031523744005894079 0.0037371339100032738 0.00025084642756141964 -4.996506338746671e-05 -1.230269766361983e-05 0.0061608177102626541 -0.00093634917747664346 -3.1193144979459743e-05
leaf_weight=28 85 46 20 21 217 26 20
leaf_count=28 85 46 20 21 217 26 20
internal_value=4.2044e-05 -0.00078152 -0.00192623 2.21239e-05 0.000321101 2.65554e-05 0.00028828
internal_weight=463 115 48 67 348 131 105
internal_count=463 115 48 67 348 131 105
is_linear=0
shrinkage=0.01


Tree=258
num_leaves=7
num_cat=1
split_feature=16 94 4 88 76 57
split_gain=0.673548 0.467778 0.619493 0.767073 0.0495765 0.0954833
threshold=0.46839321400000006 0 0.36585221400000006 17.101428445000003 6.3057143135000011 6.9450006485000015
decision_type=2 1 2 2 2 2
left_child=-1 2 3 -2 -3 -6
right_child=1 4 -4 -5 5 -7
leaf_value=-0.00050016111357383073 0.0009545656247173848 0.0011023948294106346 0.0024686006728446099 -0.0031208506565835155 -0.00037167129145324664 0.0031193677413691228
leaf_weight=24 27 267 47 28 20 37
leaf_count=24 27 267 47 28 20 37
internal_value=0.000139752 0.000236645 -0.000328014 -0.00108423 0.00041816 0.000112457
internal_weight=450 426 102 55 324 57
internal_count=450 426 102 55 324 57
cat_boundaries=0 1
cat_threshold=2099718
is_linear=0
shrinkage=0.01


Tree=259
num_leaves=9
num_cat=0
split_feature=84 17 36 53 0 42 7 28
split_gain=1.04725 0.493113 0.596454 0.128094 0.0857157 0.0440486 0.0908624 0.0448367
threshold=13.333571365000003 0.53864321400000015 4.421428595500001 0.60000001650000001 0.15448225000000002 12.700000025000003 0.51894237500000007 3.2571428585000004
decision_type=2 2 2 2 2 2 2 2
left_child=1 2 -1 -3 -4 7 -7 -5
right_child=-2 3 4 5 -6 6 -8 -9
leaf_value=-0.0014073145711554409 -0.00018501359088762142 -0.0024769456140003145 0.001088280952618665 0.010036442401428149 -3.2053401244317739e-05 -6.4515751679423337e-05 0.0053042663685911448 0.002784313468329603
leaf_weight=25 23 21 31 20 20 20 34 265
leaf_count=25 23 21 31 20 20 20 34 265
internal_value=8.15572e-05 0.000196886 -0.000520833 0.000354767 6.75676e-05 0.00040465 9.12409e-05 0.000456613
internal_weight=459 436 76 360 51 339 54 285
internal_count=459 436 76 360 51 339 54 285
is_linear=0
shrinkage=0.01


Tree=260
num_leaves=7
num_cat=0
split_feature=87 11 57 57 7 11
split_gain=1.35037 0.771358 0.284586 0.619103 0.822964 0.272334
threshold=22.573571345000001 0.61916514300000014 5.1900000570000016 6.2149996755000005 0.55530592850000005 0.68498232150000016
decision_type=2 2 2 2 2 2
left_child=2 -2 -1 4 -4 -3
right_child=1 5 3 -5 -6 -7
leaf_value=0.0043561584469516126 -0.0013778510889686612 7.8343053162102072e-05 -0.0023255832741233781 0.0020960649233559949 0.00069204525484395797 -0.00017618507391629985
leaf_weight=265 36 27 24 71 20 25
leaf_count=265 36 27 24 71 20 25
internal_value=4.69283e-05 -0.00105856 0.000309874 -9.06736e-05 -0.00102679 -0.000227273
internal_weight=468 88 380 115 44 52
internal_count=468 88 380 115 44 52
is_linear=0
shrinkage=0.01


Tree=261
num_leaves=7
num_cat=0
split_feature=92 18 24 21 3 49
split_gain=0.697322 1.44076 0.328332 0.14043 0.337343 0.0449252
threshold=18.755804620000003 28.745000000000005 2.3285714050000004 1.8499999895000003 0.31912835750000007 57.150000100000007
decision_type=8 2 2 2 2 2
left_child=1 -1 3 5 -5 -2
right_child=2 -3 -4 4 -6 -7
leaf_value=-0.0033649043845810967 0.0028241202766213277 0.00059539764223705629 -5.0816633463455908e-05 -0.00052225054826401896 0.003054638175578966 0.00045225460603653825
leaf_weight=23 270 31 32 26 50 20
leaf_count=23 270 31 32 26 50 20
internal_value=0.000119258 -0.000930657 0.000268305 0.000357143 0 0.000457359
internal_weight=452 54 398 366 76 290
internal_count=452 54 398 366 76 290
is_linear=0
shrinkage=0.01


Tree=262
num_leaves=6
num_cat=0
split_feature=17 83 79 27 0
split_gain=0.90791 0.680868 0.645662 0.214297 0.0186605
threshold=0.53864321400000015 10.152142830000003 5.5278571290000009 4.1428571940000003 0.08460875000000001
decision_type=2 2 2 2 2
left_child=1 2 -1 -2 -3
right_child=3 4 -4 -5 -6
leaf_value=0.00023633077193850805 0.0045604204789883827 -2.8970375428256229e-06 -0.0020233749211935204 -4.6126813843323833e-05 0.00064136889254636734
leaf_weight=21 324 20 36 35 25
leaf_count=21 324 20 36 35 25
internal_value=0.000169987 -0.000651751 -0.00137543 0.00040995 0.000229258
internal_weight=461 102 57 359 45
internal_count=461 102 57 359 45
is_linear=0
shrinkage=0.01


Tree=263
num_leaves=9
num_cat=1
split_feature=94 4 63 15 56 93 92 2
split_gain=0.343186 0.557208 1.18293 0.177997 0.134614 0.195577 0.0439506 0.0244948
threshold=0 0.36064200000000007 29.024999145000006 0.5686582145000002 1.8249998095000002 22.484581360000004 19.199134435000001 0.33941090000000007
decision_type=1 2 2 2 2 8 8 2
left_child=1 2 -1 -2 6 -6 -5 -3
right_child=3 7 -4 4 5 -7 -8 -9
leaf_value=0.0026517593426133839 -0.000163233538109349 0.0026958706535966681 -0.0027727910636982777 0.00091706027403038284 0.0084705209453981873 -0.0018501476653819343 0.0026361679452297985 0.0033704811440852236
leaf_weight=31 30 36 23 20 26 20 223 20
leaf_count=31 30 36 23 20 26 20 223 20
internal_value=9.88832e-05 -0.00035596 -0.00111314 0.000265312 0.000353692 -0.000106838 0.000449139 0.00028169
internal_weight=429 110 54 319 289 46 243 56
internal_count=429 110 54 319 289 46 243 56
cat_boundaries=0 1
cat_threshold=134218374
is_linear=0
shrinkage=0.01


Tree=264
num_leaves=8
num_cat=0
split_feature=92 27 91 48 8 0 15
split_gain=0.893667 0.480705 0.74743 0.183616 0.369412 0.0391433 0.0449252
threshold=17.997489060000003 4.1428571260000009 95.076307110000002 19.599999875000005 0.57069771400000013 0.30547593750000007 0.5686582145000002
decision_type=8 2 2 2 2 2 2
left_child=-1 3 -3 5 -5 6 -2
right_child=1 2 -4 4 -6 -7 -8
leaf_value=-0.0026003496755672073 0.00030971700506083922 -0.0006451432861799963 0.0064599463318897789 -0.0013912443386555234 0.00066099416850405764 -8.9136454886396747e-05 0.002780466154256396
leaf_weight=26 20 22 24 34 48 20 270
leaf_count=26 20 22 24 34 48 20 270
internal_value=8.60585e-05 0.000198268 -0.000747863 0.000315682 -8.4541e-05 0.000427928 0.000457359
internal_weight=464 438 46 392 82 310 290
internal_count=464 438 46 392 82 310 290
is_linear=0
shrinkage=0.01


Tree=265
num_leaves=5
num_cat=0
split_feature=28 61 25 56
split_gain=0.772989 0.578748 0.113893 0.0947584
threshold=4.4928571240000013 1.4699997900000004 2.4857142820000004 2.0650000575000003
decision_type=2 2 2 2
left_child=2 -2 3 -1
right_child=1 -3 -4 -5
leaf_value=0.0014934542330872539 0.00011713674741005374 -0.00020361854518614889 -0.00045822185576489284 -0.00010574790262022099
leaf_weight=351 22 37 26 37
leaf_count=351 22 37 26 37
internal_value=0.000241663 -0.000811037 0.000397782 0.000442387
internal_weight=473 59 414 388
internal_count=473 59 414 388
is_linear=0
shrinkage=0.01


Tree=266
num_leaves=10
num_cat=0
split_feature=33 18 35 61 15 42 4 20 0
split_gain=1.31453 1.01996 0.349829 0.28742 0.230196 0.0383863 0.0954833 0.0420325 0.0166011
threshold=5.9714285645000009 31.175000000000004 4.385714344000001 0.13000011450000001 0.5724900715000002 12.700000025000003 0.34879420250000009 2.6214285750000004 0.11679660400000001
decision_type=2 2 2 2 2 2 2 2 2
left_child=3 -2 8 -1 -5 7 -7 -6 -3
right_child=1 2 -4 4 5 6 -8 -9 -10
leaf_value=-0.0013480258535740423 -0.0033025087444299968 2.1239465436747748e-05 -0.00022282324981338407 -0.0012479245467685019 0.0046624537164663667 -0.00012139847541235947 0.0064832005803308976 0.0057889366083915782 0.0022571531135385453
leaf_weight=20 32 20 20 27 248 20 37 21 22
leaf_count=20 32 20 20 27 248 20 37 21 22
internal_value=-9.61948e-06 -0.0010654 -0.000270701 0.000252809 0.000323629 0.000400857 0.000112457 0.00045404 0.00021028
internal_weight=467 94 62 373 353 326 57 269 42
internal_count=467 94 62 373 353 326 57 269 42
is_linear=0
shrinkage=0.01


Tree=267
num_leaves=8
num_cat=0
split_feature=15 22 52 64 39 5 8
split_gain=0.692926 0.401463 0.383201 0.177452 0.161007 0.124058 0.227793
threshold=0.59966028550000006 1.8928571260000002 3.5000000970000005 33.670000075000011 2.9000000580000003 0.36613171450000004 0.5367885
decision_type=2 2 2 2 2 2 2
left_child=1 -1 -3 5 -5 6 -2
right_child=3 2 -4 4 -6 -7 -8
leaf_value=7.1428393450542757e-05 0.0047511550606847966 -3.7882133434942275e-05 -0.0031250799051388716 0.00021082917085819082 -0.003812346719284676 0.0040726495258353555 -0.00017057109757439665
leaf_weight=21 37 33 26 22 32 254 20
leaf_count=21 37 33 26 22 32 254 20
internal_value=0.00011328 -0.000717822 -0.00114548 0.000302078 -0.00020073 0.000396087 0
internal_weight=445 80 59 365 54 311 57
internal_count=445 80 59 365 54 311 57
is_linear=0
shrinkage=0.01


Tree=268
num_leaves=9
num_cat=0
split_feature=91 3 91 47 28 33 22 43
split_gain=0.631753 0.490209 0.802436 0.585846 0.287056 0.235251 0.0734472 0.042151
threshold=93.898297925000023 0.3109398570000001 79.436719575000026 16.450000075000002 4.4357142450000007 4.921428510000001 1.9428571375000001 7.6000000495000011
decision_type=2 2 2 2 2 2 2 2
left_child=1 2 6 -4 -3 -2 -1 -7
right_child=5 4 3 -5 -6 7 -8 -9
leaf_value=-0.00010430743241311005 -0.0007953431717509635 0.0018427151316902602 -0.0026439929587005646 -3.4779265602531722e-05 -0.00038829263594650833 0.0058524107135231231 0.0003680832783521476 0.003447818259176263
leaf_weight=20 29 67 26 20 20 254 25 21
leaf_count=20 29 67 26 20 20 254 25 21
internal_value=8.07788e-05 -0.000385906 -0.000898693 -0.00181624 0.00013098 0.000360892 1.0917e-05 0.00045504
internal_weight=482 178 91 46 87 304 45 275
internal_count=482 178 91 46 87 304 45 275
is_linear=0
shrinkage=0.01


Tree=269
num_leaves=10
num_cat=0
split_feature=69 3 62 93 93 50 20 20 63
split_gain=0.703394 0.538112 0.947477 0.535522 0.153327 0.293592 0.184766 0.0841355 0.0437985
threshold=88.639999390000014 0.33677398250000007 41.575001240000013 18.199877625000003 33.118136480000011 11.050000190000002 2.2571428585000004 2.3571428655000006 24.230000020000002
decision_type=2 2 2 8 8 2 2 2 2
left_child=3 2 -2 -1 8 7 -7 -6 -5
right_child=1 -3 -4 4 5 6 -8 -9 -10
leaf_value=-0.0023718817366354234 -0.00014795627941873864 0.0011716932497398817 1.1358167885816882e-05 0.0012826543111858902 0.0032989947370370941 1.4683577533365287e-06 -0.002914925540748656 -0.00023648889235168905 0.0047698917774039711
leaf_weight=20 27 21 23 20 82 20 20 30 217
leaf_count=20 27 21 23 20 82 20 20 30 217
internal_value=3.74376e-05 -0.000870474 -0.00143701 0.000201318 0.00028861 2.6178e-05 -0.000686274 0.000301418 0.000447855
internal_weight=480 71 50 409 389 152 40 112 237
internal_count=480 71 50 409 389 152 40 112 237
is_linear=0
shrinkage=0.01


Tree=270
num_leaves=9
num_cat=0
split_feature=33 18 65 79 57 20 62 0
split_gain=0.861742 0.669811 1.25701 0.594682 0.275269 0.0368272 0.0424946 0.0249217
threshold=5.8428571905000011 31.175000000000004 6.3750004765000012 3.6892857095000005 6.8350000380000013 2.6142856900000004 34.71999979000001 0.14764960450000003
decision_type=2 2 2 2 2 2 2 2
left_child=3 2 -2 -1 7 6 -5 -3
right_child=1 4 -4 5 -6 -7 -8 -9
leaf_value=-0.0013245680473239329 -0.003217156943615056 0.0016431153750035695 2.7495653630551231e-05 4.5374586244398827e-05 -0.00010619373949690371 0.0056854476661006917 0.0048669082439855866 0.0023666817810197856
leaf_weight=21 23 37 23 21 26 21 273 20
leaf_count=21 23 37 23 21 26 21 273 20
internal_value=4.40103e-05 -0.000643297 -0.00160256 0.000314727 -7.75656e-05 0.000429069 0.000457938 0.000285467
internal_weight=465 129 46 336 83 315 294 57
internal_count=465 129 46 336 83 315 294 57
is_linear=0
shrinkage=0.01


Tree=271
num_leaves=8
num_cat=0
split_feature=93 76 18 40 35 89 29
split_gain=0.777579 0.756083 0.422208 0.343556 0.537762 0.128716 0.0446307
threshold=18.755804620000003 5.1871428170000007 34.630000000000003 1.5000000035000001 4.2642857345000005 18.111428670000006 2.0714285965000001
decision_type=8 2 2 2 2 2 2
left_child=2 -2 -1 4 -3 -6 -5
right_child=1 3 -4 6 5 -7 -8
leaf_value=-0.0033030976113716248 -0.00071905772833708037 -0.00011726888614535707 5.7659556104126335e-05 -0.00032044355061914588 -0.00026585076840772865 0.00048143604035360903 0.0041687020972136675
leaf_weight=20 31 23 24 20 35 55 254
leaf_count=20 31 23 24 20 35 55 254
internal_value=0 0.000136103 -0.00125 0.000261733 -0.000188928 0.000143172 0.000454876
internal_weight=462 418 44 387 113 90 274
internal_count=462 418 44 387 113 90 274
is_linear=0
shrinkage=0.01


Tree=272
num_leaves=7
num_cat=0
split_feature=93 92 16 17 11 10
split_gain=0.714954 0.319897 0.28723 0.307747 0.0754711 0.0710918
threshold=17.972726020000003 18.627672485000002 0.55340650000000002 0.48587064250000006 0.71397942850000018 0.7122327140000001
decision_type=8 8 2 2 2 2
left_child=-1 -2 3 -3 -4 -6
right_child=1 2 4 -5 5 -7
leaf_value=-0.0020616105562256716 -0.0016387404481039327 0.0008637359411299148 0.0022655230479479973 -0.00012422213063709389 -0.00076529717408963807 0.0090758436034748362
leaf_weight=23 31 39 296 21 20 24
leaf_count=23 31 39 296 21 20 24
internal_value=0.00014292 0.000239694 0.000319361 -0.000296053 0.000434272 1.23068e-11
internal_weight=454 431 400 60 340 44
internal_count=454 431 400 60 340 44
is_linear=0
shrinkage=0.01


Tree=273
num_leaves=8
num_cat=0
split_feature=69 18 53 57 93 50 20
split_gain=0.716181 0.645359 0.339195 0.220242 0.123508 0.232318 0.0803635
threshold=88.014999390000014 31.680000000000003 0.60000001650000001 6.4550004005000012 33.118136480000011 11.799999740000002 2.3571428655000006
decision_type=2 2 2 2 8 2 2
left_child=2 -2 -1 -3 -4 6 -6
right_child=1 3 4 -5 5 -7 -8
leaf_value=-9.7950576548055577e-05 -0.0031342668840236669 0.00013957833480654003 0.0048229741326788244 -0.00012639517221708308 0.0032302258674049987 -0.0017515254247492187 0.0016967489905894001
leaf_weight=31 33 34 235 20 73 20 30
leaf_count=31 33 34 235 20 73 20 30
internal_value=7.55034e-05 -0.000734624 0.000262955 -1.82482e-05 0.000353958 7.67367e-05 0.0002842
internal_weight=476 87 389 54 358 123 103
internal_count=476 87 389 54 358 123 103
is_linear=0
shrinkage=0.01


Tree=274
num_leaves=7
num_cat=0
split_feature=16 86 27 0 34 1
split_gain=0.871367 0.639789 0.140309 0.118703 0.219179 0.0302359
threshold=0.54217126200000021 19.380000115000005 4.1428571940000003 0.25661739600000005 3.8000000030000005 0.32582951800000004
decision_type=2 2 2 2 2 2
left_child=1 -1 3 -2 -5 -6
right_child=2 -3 -4 4 5 -7
leaf_value=-0.00043865537880271747 0.0034247113151928276 5.3081663251191126e-05 -0.00046514273940596564 -0.0016844126231829223 0.0044490097298360235 0.0028702886889677886
leaf_weight=39 271 32 39 21 53 20
leaf_count=39 271 32 39 21 53 20
internal_value=0.000137663 -0.000870474 0.000321146 0.00038409 5.27426e-05 0.000331978
internal_weight=475 71 404 365 94 73
internal_count=475 71 404 365 94 73
is_linear=0
shrinkage=0.01


Tree=275
num_leaves=10
num_cat=0
split_feature=16 18 59 52 7 8 69 2 1
split_gain=0.715832 0.888381 1.21233 0.204234 0.174006 0.391784 0.111326 0.0360075 0.0278899
threshold=0.61165600000000009 31.965000000000003 0.68000030500000019 2.5000000075000002 0.51894237500000007 0.58315235700000012 84.095000265000024 0.31215902400000006 0.28545300000000007
decision_type=2 2 2 2 2 2 2 2 2
left_child=1 2 -1 -3 5 6 7 -2 -5
right_child=4 3 -4 8 -6 -7 -8 -9 -10
leaf_value=-0.002971140696715014 0.0055220609826614501 -0.00018563467726326555 1.3630108927701577e-05 8.1249809609216413e-05 0.0053134750208168689 -0.00017083602742089363 -3.6882494881005408e-05 0.0022858060160447064 0.0020735859725972928
leaf_weight=27 84 21 23 45 178 22 20 20 20
leaf_count=27 84 21 23 45 178 22 20 20 20
internal_value=1.73611e-05 -0.000584795 -0.00163386 1.15207e-05 0.000277094 6.812e-06 0.000240385 0.000381679 0.00031155
internal_weight=460 136 50 86 324 146 124 104 65
internal_count=460 136 50 86 324 146 124 104 65
is_linear=0
shrinkage=0.01


Tree=276
num_leaves=7
num_cat=1
split_feature=94 31 0 3 20 11
split_gain=0.448646 0.896342 0.692249 0.57823 0.0440478 0.0394822
threshold=0 5.7214285985000011 0.20795437500000002 0.32203678600000002 2.5928571225000003 0.56400185700000016
decision_type=1 2 2 2 2 2
left_child=1 2 5 -4 -2 -1
right_child=4 -3 3 -5 -6 -7
leaf_value=0.00050078849261242541 0.00051935255326439746 -0.0014574541561726303 -0.002284926206853478 0.0014435308959312425 0.0012212334307643903 0.0023674557665104255
leaf_weight=20 227 22 21 34 20 119
leaf_count=20 227 22 21 34 20 119
internal_value=0.000149849 -0.000176367 2.56674e-05 -0.000905018 0.000432506 0.000411302
internal_weight=463 216 194 55 247 139
internal_count=463 216 194 55 247 139
cat_boundaries=0 1
cat_threshold=14944790
is_linear=0
shrinkage=0.01


Tree=277
num_leaves=9
num_cat=0
split_feature=16 59 70 70 6 2 38 6
split_gain=0.916439 0.838396 0.39436 0.693666 1.19123 0.104274 0.0438244 0.0342222
threshold=0.5446488570000001 1.0300002100000003 49.524999145000002 51.354999545000005 0.47784657150000004 0.34856400000000004 1.5500000120000001 0.39384911900000003
decision_type=2 2 2 2 2 2 2 2
left_child=1 -1 6 4 -4 7 -2 -5
right_child=2 -3 3 5 -6 -7 -8 -9
leaf_value=-0.0016805188914133554 0.0049745782760104032 0.0005892011109956335 -0.0029827484211184005 1.5141698950810759e-05 0.0047494952093294742 -0.0003481774332537833 0.003738994350473757 0.0022209901626656552
leaf_weight=38 218 31 23 20 21 20 20 72
leaf_count=38 218 31 23 20 21 20 20 72
internal_value=0 -0.00105301 0.00018997 -0.000191327 -0.00125 0.000212766 0.000448074 0.000366379
internal_weight=463 69 394 156 44 112 238 92
internal_count=463 69 394 156 44 112 238 92
is_linear=0
shrinkage=0.01


Tree=278
num_leaves=8
num_cat=0
split_feature=13 13 16 40 8 81 10
split_gain=0.561306 0.447884 0.359898 0.197101 0.474643 0.0817879 0.0615385
threshold=0.67420978350000016 0.65935020000000011 0.50305035750000016 1.8500000125000002 0.53382007100000017 13.932142805000003 0.67059797600000015
decision_type=2 2 2 2 2 2 2
left_child=1 2 -1 4 -4 -2 -7
right_child=5 -3 3 -5 -6 6 -8
leaf_value=-0.00029443596477601131 0.0026294851917909078 -0.00021068916597973141 -0.0017961844998861149 0.0014563272876362411 0.0041491660235319621 0.0074872856954891435 -0.00072166651569538151
leaf_weight=21 231 30 26 75 35 20 20
leaf_count=21 231 30 26 75 35 20 20
internal_value=0.000124237 -0.000290202 -6.02028e-05 0.000116959 -0.000283172 0.000417586 0
internal_weight=458 187 157 136 61 271 40
internal_count=458 187 157 136 61 271 40
is_linear=0
shrinkage=0.01


Tree=279
num_leaves=10
num_cat=0
split_feature=91 5 43 9 56 56 17 9 23
split_gain=0.865478 0.782591 0.707995 0.589683 0.57517 0.137716 0.205742 0.121087 0.0954833
threshold=95.953702695000018 0.42809138050000006 3.0499999525000003 0.63338290000000008 0.045000076500000007 1.8249998095000002 0.69515511900000015 0.65128547500000011 1.7142857100000002
decision_type=2 2 2 2 2 2 2 2 2
left_child=1 2 3 8 -4 -2 -7 -3 -1
right_child=5 7 4 -5 -6 6 -8 -9 -10
leaf_value=-0.001585043921929751 0.0056161616138345827 -3.6448124742073598e-05 -8.7016585012833879e-05 -0.00035666418478722651 -0.0026033089569449668 -0.00016279463505720912 0.0064671001654999028 0.00036984044142000349 0.00023086146570162823
leaf_weight=20 197 20 23 20 24 20 29 62 37
leaf_count=20 197 20 23 20 24 20 29 62 37
internal_value=-2.65018e-05 -0.000507737 -0.00100962 -0.000379177 -0.00197699 0.00036872 -7.02811e-05 0.000229469 0.000112457
internal_weight=452 206 124 77 47 246 49 82 57
internal_count=452 206 124 77 47 246 49 82 57
is_linear=0
shrinkage=0.01


Tree=280
num_leaves=10
num_cat=1
split_feature=16 84 94 48 3 54 25 82 37
split_gain=0.999153 0.720444 0.484224 0.52229 0.718443 0.38051 0.166362 0.1091 0.0443218
threshold=0.5446488570000001 13.062142715000002 0 11.200000095000002 0.31912835750000007 4.2500000670000011 2.2142857270000005 14.925714355000002 4.5500000120000008
decision_type=2 2 1 2 2 2 2 2 2
left_child=1 -1 3 -2 -5 -3 -6 8 -4
right_child=2 5 7 4 6 -7 -8 -9 -10
leaf_value=-0.0011877774081171391 0.0042512631885567517 -0.00017003815188321853 0.0038299623938836363 -0.00071168772721534265 -0.0014738394943746252 0.00054065532029506957 0.0016722484881109734 -4.7045635972429166e-05 0.0056588595109447939
leaf_weight=26 40 20 239 23 21 27 22 27 20
leaf_count=26 40 20 239 23 21 27 22 27 20
internal_value=-3.32761e-05 -0.00110434 0.000162933 -0.000385274 -0.000973054 -0.000303347 -0.000148402 0.000373989 0.000452271
internal_weight=465 73 392 106 66 47 43 286 259
internal_count=465 73 392 106 66 47 43 286 259
cat_boundaries=0 1
cat_threshold=67726
is_linear=0
shrinkage=0.01


Tree=281
num_leaves=10
num_cat=0
split_feature=14 20 5 23 28 23 9 50 5
split_gain=0.492894 0.426989 0.797358 0.519804 1.12874 0.230236 0.150076 0.146579 0.0413292
threshold=0.71195683350000005 2.3142856785000006 0.36774604750000001 1.6857142660000004 4.1357143095000009 1.8714285535000001 0.60606983000000014 15.100000050000002 0.36822397650000011
decision_type=2 2 2 2 2 2 2 2 2
left_child=1 3 -3 4 -1 6 -4 -5 -2
right_child=8 2 5 7 -6 -7 -8 -9 -10
leaf_value=0.0058467675152889635 0.004576591624050521 -0.0021451523341367231 0.0047263478553313558 0.00056904188373570576 -0.0014149497803933331 -0.0013517965494295025 -0.00058253820870906756 -5.4936636313398062e-06 0.0048087282301740395
leaf_weight=29 20 23 38 124 22 23 27 20 149
leaf_count=29 20 23 38 124 22 23 27 20 149
internal_value=-1.05085e-06 -0.000244459 -0.000737925 2.80899e-05 -0.000820463 -0.00027027 7.5988e-06 0.000345304 0.000426973
internal_weight=475 306 111 195 51 88 65 144 169
internal_count=475 306 111 195 51 88 65 144 169
is_linear=0
shrinkage=0.01


Tree=282
num_leaves=9
num_cat=0
split_feature=15 29 92 43 79 75 33 15
split_gain=1.03858 0.823319 0.462755 0.373995 0.284429 0.0780526 0.0543265 0.0908624
threshold=0.58697047650000012 2.2642857175000004 18.627672485000002 1.0500000120000001 3.6778571140000005 5.3978570735000009 5.9714285645000009 0.64114633350000017
decision_type=2 2 8 2 2 2 2 2
left_child=1 -1 -2 -3 -4 -6 -7 -8
right_child=2 3 4 -5 5 6 7 -9
leaf_value=-0.0026490480681417173 -0.0027332854600178773 -0.00023257336374034451 -0.0013844323845339107 0.00010553046270050329 0.0036569617202315409 0.0046277566710744046 2.025846584807988e-05 -9.0601350181624809e-05
leaf_weight=20 23 20 22 26 35 270 34 20
leaf_count=20 23 20 22 26 35 270 34 20
internal_value=2.76126e-05 -0.00112275 0.000222332 -0.000320513 0.000310372 0.000382157 0.000431034 9.12409e-05
internal_weight=470 66 404 46 381 359 324 54
internal_count=470 66 404 46 381 359 324 54
is_linear=0
shrinkage=0.01


Tree=283
num_leaves=9
num_cat=0
split_feature=91 27 18 71 77 18 18 1
split_gain=0.542628 0.758216 0.756729 0.811819 0.128128 0.0369543 0.0437724 0.0363926
threshold=94.211373285000022 4.1428571260000009 30.740000000000006 51.169999600000004 9.484285627000002 208.12000000000003 11.465000000000002 0.28734107150000004
decision_type=2 2 2 2 2 2 2 2
left_child=1 2 3 -1 5 6 -2 -4
right_child=4 -3 7 -5 -6 -7 -8 -9
leaf_value=-0.0029866241092856112 0.0035740014709504 -0.00036348621640952333 0.00024152759685003568 2.1317965879638507e-05 -0.00015639686379808143 0.0014271804724156182 0.0046755642173170455 0.0022965159380317593
leaf_weight=28 20 22 87 29 21 20 216 20
leaf_count=28 20 22 87 29 21 20 216 20
internal_value=6.3605e-05 -0.000347966 -9.70874e-05 -0.00102941 0.000347372 0.000412773 0.000447635 0.000384972
internal_weight=463 186 164 57 277 256 236 107
internal_count=463 186 164 57 277 256 236 107
is_linear=0
shrinkage=0.01


Tree=284
num_leaves=9
num_cat=0
split_feature=91 43 6 15 15 20 12 1
split_gain=0.45942 0.425999 0.542986 0.235609 0.399202 0.17956 0.116955 0.0757048
threshold=95.953702695000018 4.8000000715000004 0.48266139300000005 0.59966028550000006 0.56279992850000016 2.5642856870000004 0.72183314250000008 0.15381642850000002
decision_type=2 2 2 2 2 2 2 2
left_child=1 3 -3 4 7 -2 -5 -1
right_child=5 2 -4 6 -6 -7 -8 -9
leaf_value=-0.00016427589105811051 0.0057786162617855779 -0.0021637728579144131 3.4537904136037263e-06 0.00067990979603284069 -0.0012967957706745425 -5.916859613266414e-05 -0.00024722008516054385 0.00010371145429625861
leaf_weight=20 214 20 20 77 23 39 22 26
leaf_count=20 214 20 20 77 23 39 22 26
internal_value=8.33694e-05 -0.000258621 -0.00117647 -2.36967e-05 -0.000479943 0.00037234 0.000275551 2.13675e-05
internal_weight=461 208 40 168 69 253 99 46
internal_count=461 208 40 168 69 253 99 46
is_linear=0
shrinkage=0.01


Tree=285
num_leaves=8
num_cat=1
split_feature=94 8 4 74 15 61 3
split_gain=0.55211 0.645998 0.221672 0.132924 0.132692 0.0425449 0.0282128
threshold=0 0.55750423800000004 0.34879420250000009 8.4521427495000019 0.5686582145000002 0.239999771 0.39831439500000004
decision_type=1 2 2 2 2 2 2
left_child=1 -1 -3 4 -2 -6 -4
right_child=3 2 6 -5 5 -7 -8
leaf_value=-0.002610646458927075 -0.00014114239728698778 -8.6966226894232658e-05 0.00017544124288716844 -0.00024065747988980237 2.4714137664466168e-05 0.0028607733207942766 3.4192525094670709e-06
leaf_weight=38 23 20 46 20 21 276 20
leaf_count=38 23 20 46 20 21 276 20
internal_value=0.000129088 -0.00041543 1.15207e-05 0.000336374 0.000399003 0.000458361 0.000314371
internal_weight=464 124 86 340 320 297 66
internal_count=464 124 86 340 320 297 66
cat_boundaries=0 1
cat_threshold=2099842
is_linear=0
shrinkage=0.01


Tree=286
num_leaves=10
num_cat=0
split_feature=18 92 91 50 64 57 62 3 14
split_gain=0.793038 1.07851 0.604652 0.36605 0.534771 0.2357 0.145575 0.0436112 0.0249217
threshold=25.705000000000002 18.755804620000003 86.633641515000008 13.449999845000002 27.584999085000003 6.1799998285000006 34.810000895000009 0.39399157150000008 0.64537164300000016
decision_type=2 8 2 2 2 2 2 2 2
left_child=1 -1 -3 6 -5 -6 -2 -8 -4
right_child=3 2 8 4 5 -7 7 -9 -10
leaf_value=-0.0029296415055425837 -0.00021588602185827657 -0.0019909614735082732 1.0616638893636903e-05 -0.0014517963220464045 0.0024436191755409504 -0.00015422079642840629 0.0034302055294738042 3.3850599843713377e-06 0.0052669639562778715
leaf_weight=24 20 22 20 21 52 34 210 20 37
leaf_count=24 20 22 20 21 52 34 210 20 37
internal_value=-6.07639e-05 -0.000833333 -0.00023183 0.000157909 -0.000320037 1.15207e-05 0.000370813 0.000446274 0.000285467
internal_weight=460 103 79 357 107 86 250 230 57
internal_count=460 103 79 357 107 86 250 230 57
is_linear=0
shrinkage=0.01


Tree=287
num_leaves=9
num_cat=0
split_feature=4 75 75 16 4 39 42 1
split_gain=0.857301 1.2166 1.06344 0.868272 0.514744 0.338719 0.038849 0.0221279
threshold=0.36585221400000006 6.8785715360000008 7.4307142790000009 0.54217126200000021 0.27562860700000008 9.8000001160000014 14.049999980000001 0.21038070750000001
decision_type=2 2 2 2 2 2 2 2
left_child=1 5 -3 4 -4 6 -1 -5
right_child=-2 2 3 7 -6 -7 -8 -9
leaf_value=0.0060740325488332003 0.0025896077872741663 -0.0028967766367805729 -2.3144748757954606e-05 3.2272853044298765e-05 -0.0014597644908923132 -0.00080515503008134431 0.00373500020811742 1.3812675606723001e-05
leaf_weight=111 189 29 20 31 20 30 20 20
leaf_count=111 189 29 20 31 20 30 20 20
internal_value=-2.76126e-05 -0.000381476 -0.00114238 -0.000571895 -0.00166667 0.000176143 0.000405918 0.000260618
internal_weight=470 281 120 91 40 161 131 51
internal_count=470 281 120 91 40 161 131 51
is_linear=0
shrinkage=0.01


Tree=288
num_leaves=10
num_cat=0
split_feature=79 57 59 8 7 80 13 13 77
split_gain=0.670446 0.390228 0.644709 0.835954 0.76267 0.137187 0.126914 0.0375134 0.0440717
threshold=3.7049999420000006 5.1900000570000016 1.0300002100000003 0.63121697600000004 0.49368259500000006 15.979285650000001 0.70645440850000008 0.5761628000000002 8.1878571510000011
decision_type=2 2 2 2 2 2 2 2 2
left_child=-1 5 3 4 -3 7 -4 -2 -9
right_child=1 2 6 -5 -6 -7 -8 8 -10
leaf_value=-0.0013681372283183236 -0.00011171515567543081 -0.00021753441968490808 0.00040037767119756437 0.0037955495781204474 -0.0011039951316471255 -0.00023089222858622215 -8.1747466384243984e-05 0.0048867090540877477 0.0038835395046513252
leaf_weight=22 20 20 71 23 20 20 20 20 228
leaf_count=22 20 20 71 23 20 20 20 20 228
internal_value=4.30293e-05 0.000133243 -0.000264858 -0.00104232 -0.00191176 0.000353186 0.000255991 0.000416667 0.000450161
internal_weight=464 442 154 63 40 288 91 268 248
internal_count=464 442 154 63 40 288 91 268 248
is_linear=0
shrinkage=0.01


Tree=289
num_leaves=8
num_cat=0
split_feature=70 76 92 20 92 39 33
split_gain=0.693147 0.403284 0.245161 0.0882589 0.194183 0.279076 0.0437724
threshold=55.559998510000007 5.1871428170000007 18.627672485000002 2.3571428145000008 24.236046355000003 5.5000001080000009 6.3928571770000007
decision_type=2 2 8 2 10 2 2
left_child=1 -1 -3 6 -5 -6 -4
right_child=-2 2 3 4 5 -7 -8
leaf_value=-0.0004909553865687932 -0.00010947742336077204 -0.00011269855554874643 0.0027264200243850641 0.0043789942006277546 0.0014107622000196504 -0.00076595339293250933 0.00012666308216728689
leaf_weight=35 30 38 216 70 38 22 20
leaf_count=35 30 38 216 70 38 22 20
internal_value=4.78927e-05 0.000153479 0.000247036 0.00032988 9.93884e-05 -0.000296053 0.000447635
internal_weight=469 439 404 366 130 60 236
internal_count=469 439 404 366 130 60 236
is_linear=0
shrinkage=0.01


Tree=290
num_leaves=9
num_cat=1
split_feature=94 69 79 15 46 83 76 68
split_gain=0.75645 0.645283 0.684357 0.59867 0.159421 0.185092 0.0580912 0.076464
threshold=0 88.014999390000014 3.7049999420000006 0.57686957150000018 4.8999999465000004 8.847142798500002 5.2549999440000006 62.809998515000011
decision_type=1 2 2 2 2 2 2 2
left_child=1 2 -1 -3 -4 -6 7 -2
right_child=6 3 4 -5 5 -7 -8 -9
leaf_value=-0.0014106358649388806 -0.00010162672349828094 -0.00013715633600308848 0.0011000611079751716 -0.0014690092674185674 -0.00026386426474132591 0.00072660276382981561 0.0046141314434592698 3.6458828595566904e-05
leaf_weight=21 21 20 81 32 30 23 214 29
leaf_count=21 21 20 81 32 30 23 214 29
internal_value=4.98093e-05 -0.000387971 -6.73941e-05 -0.00136364 0.00018546 -0.000213755 0.000400291 5.90551e-05
internal_weight=471 207 155 52 134 53 264 50
internal_count=471 207 155 52 134 53 264 50
cat_boundaries=0 1
cat_threshold=169872551
is_linear=0
shrinkage=0.01


Tree=291
num_leaves=9
num_cat=0
split_feature=93 18 1 48 93 24 10 12
split_gain=0.9569 0.844353 0.553521 0.452757 0.152971 0.393229 0.313376 0.0428731
threshold=20.899222515000002 68.030000000000015 0.24242300000000003 27.050000120000004 33.118136480000011 1.8428571435000001 0.69578037150000005 0.59153557150000013
decision_type=8 2 2 2 8 2 2 2
left_child=1 2 -1 4 7 -6 -7 -2
right_child=3 -3 -4 -5 5 6 -8 -9
leaf_value=-0.00030317294827570659 -0.00013440515583726547 0.00089005822128415311 -0.0020319052516599091 -0.00012170921017386049 -0.0012322883869187646 0.00041124829811657159 -0.00019156263469081986 0.0042082824397624589
leaf_weight=23 20 22 21 22 33 118 21 186
leaf_count=23 20 22 21 22 33 118 21 186
internal_value=-1.07112e-05 -0.00112275 -0.00191964 0.000169661 0.000256072 2.31482e-05 0.00026824 0.000440039
internal_weight=466 66 44 400 378 172 139 206
internal_count=466 66 44 400 378 172 139 206
is_linear=0
shrinkage=0.01


Tree=292
num_leaves=9
num_cat=0
split_feature=16 53 47 18 40 18 51 28
split_gain=0.746216 0.580299 0.543207 0.531797 0.232444 0.401044 0.537361 0.0443218
threshold=0.5446488570000001 0.60000001650000001 18.950000150000005 57.980000000000011 1.9500000065000003 44.765000000000008 1.0000000180025095e-35 3.2785714355000004
decision_type=2 2 2 2 2 2 2 2
left_child=2 -2 3 -1 5 6 -3 -6
right_child=1 4 -4 -5 7 -7 -8 -9
leaf_value=-0.002543055275814804 -0.0014115379472634934 5.726580441995567e-06 3.4936318577345404e-05 -3.8108621327529406e-05 0.0047598194787543523 0.0047162826175250073 -0.00069832976938004364 0.0041314588292471668
leaf_weight=20 28 32 30 27 20 63 25 239
leaf_count=20 28 32 30 27 20 63 25 239
internal_value=1.29709e-11 0.000175331 -0.000893316 -0.00155858 0.000283044 -6.62252e-05 -0.000683391 0.000452271
internal_weight=484 407 77 47 379 120 57 259
internal_count=484 407 77 47 379 120 57 259
is_linear=0
shrinkage=0.01


Tree=293
num_leaves=10
num_cat=0
split_feature=17 18 75 17 92 61 75 19 0
split_gain=0.814846 0.806141 0.501957 0.557662 0.27698 0.301881 0.0809077 0.0444286 0.0257349
threshold=0.55502561900000014 20.020000000000007 7.8985713015000014 0.48587064250000006 18.755804620000003 0.13000011450000001 5.3978570735000009 1.0428571490000003 0.16844663200000001
decision_type=2 2 2 2 8 2 2 2 2
left_child=1 -1 8 -4 -2 -6 -7 -8 -3
right_child=4 2 3 -5 5 6 7 -9 -10
leaf_value=-0.0028073545465756152 -0.00014353363382184258 0.00055688603485046608 -2.1675808536391249e-05 -0.00023582380842638253 -0.00015932103532045945 0.0037656166230561833 0.0049625831368278715 0.0020640821462417822 0.0022701037298441464
leaf_weight=23 20 39 30 20 21 36 244 20 20
leaf_count=23 20 39 30 20 21 36 244 20 20
internal_value=-2.42718e-05 -0.000692771 -0.0003051 -0.00104331 0.000229666 0.000306091 0.000392287 0.000453172 0.000292642
internal_weight=473 132 109 50 341 321 300 264 59
internal_count=473 132 109 50 341 321 300 264 59
is_linear=0
shrinkage=0.01


Tree=294
num_leaves=9
num_cat=0
split_feature=91 5 18 62 7 37 43 5
split_gain=0.734754 1.24766 0.915946 0.97055 0.199105 0.130247 0.0807787 0.0340528
threshold=95.400250690000021 0.42809138050000006 48.375000000000007 37.34499979000001 0.52220939300000013 4.8499999045000015 6.2500000070000015 0.45713289300000004
decision_type=2 2 2 2 2 2 2 2
left_child=1 2 3 -1 -4 6 -2 -3
right_child=5 7 4 -5 -6 -7 -8 -9
leaf_value=-0.00011630077468255006 0.0050800173062759196 1.4439244394799803e-05 0.00039026321020732422 -0.0025805200669524082 -0.00010130417358409658 -0.00016847014791236768 0.00044360166879907494 0.00232443973488459
leaf_weight=28 188 20 27 35 20 20 39 71
leaf_count=28 188 20 27 35 20 20 39 71
internal_value=-3.11943e-05 -0.000483152 -0.00120036 -0.00198276 -9.41422e-05 0.000328894 0.000401668 0.000364924
internal_weight=448 201 110 63 47 247 227 91
internal_count=448 201 110 63 47 247 227 91
is_linear=0
shrinkage=0.01


Tree=295
num_leaves=10
num_cat=1
split_feature=88 94 11 22 56 91 68 7 0
split_gain=1.04712 0.488522 1.23261 0.2819 0.274293 0.144513 0.246613 0.527555 0.0268617
threshold=17.954999785000002 0 0.62959114300000019 1.8714285665000003 2.0650000575000003 93.13407500000001 62.575000760000002 0.53542550000000011 0.12493404150000002
decision_type=2 1 2 2 2 2 2 2 2
left_child=1 2 3 -1 5 6 7 -3 -4
right_child=-2 4 8 -5 -6 -7 -8 -9 -10
leaf_value=-0.00082581470265006608 -9.229062722789061e-05 -0.0012737278663158638 6.7211481087846553e-05 -0.0003896979647069808 -0.0019690283622261781 0.0048117637731304782 0.00069963049509393375 0.00182891768543832 0.0035121401229244236
leaf_weight=20 21 22 20 20 21 210 60 26 42
leaf_count=20 21 22 20 20 21 210 60 26 42
internal_value=-3.67329e-05 6.45088e-05 -0.000505319 -0.00191176 0.000250143 0.000335634 1.83824e-05 -0.000491803 0.000302548
internal_weight=462 441 102 40 339 318 108 48 62
internal_count=462 441 102 40 339 318 108 48 62
cat_boundaries=0 1
cat_threshold=33556642
is_linear=0
shrinkage=0.01


Tree=296
num_leaves=9
num_cat=0
split_feature=15 76 73 76 34 7 91 1
split_gain=0.814861 0.714338 0.358782 0.323427 0.28793 0.21923 0.388844 0.121796
threshold=0.61547571450000016 5.7335714020000008 -1.1400000409999997 5.5935714160000005 4.1999999970000008 0.50430355100000013 95.446443330000008 0.26272345250000007
decision_type=2 2 2 2 2 2 2 2
left_child=1 3 -3 -1 5 6 -2 -8
right_child=4 2 -4 -5 -6 -7 7 -9
leaf_value=-7.4123344028663123e-05 -0.00011200379780234886 -0.00038580098505990967 -6.6389358686644762e-05 0.00012007732323545085 -9.2175631400961914e-05 0.0039326488259243501 0.0062850626435227716 -0.0015422988640368198
leaf_weight=25 21 20 22 39 32 208 63 20
leaf_count=25 21 20 22 39 32 208 63 20
internal_value=-2.88376e-05 -0.00079588 -0.00179907 -9.25926e-05 0.000203016 0.000300512 -5.72519e-05 0.000232697
internal_weight=450 106 42 64 344 312 104 83
internal_count=450 106 42 64 344 312 104 83
is_linear=0
shrinkage=0.01


Tree=297
num_leaves=9
num_cat=0
split_feature=15 79 18 39 15 7 91 2
split_gain=0.886511 0.855084 0.468709 0.429912 0.575825 0.158099 0.476374 0.136517
threshold=0.61547571450000016 3.6892857095000005 12.535000000000002 6.7500000300000016 0.56279992850000016 0.51894237500000007 95.076307110000002 0.32078395250000008
decision_type=2 2 2 2 2 2 2 2
left_child=2 -2 -1 4 -4 6 -3 -8
right_child=1 5 3 -5 -6 -7 7 -9
leaf_value=-0.0011397869220704589 -0.0015054527436932183 -9.4601107658001936e-05 2.6995193009210602e-05 0.00090593312256076377 -0.00094799151524823646 0.004062712951838421 0.0063001152670858554 -0.00043560381021233143
leaf_weight=33 21 20 26 35 27 205 91 20
leaf_count=33 21 20 26 35 27 205 91 20
internal_value=-6.05681e-05 0.000185858 -0.000800493 -0.000382883 -0.000957249 0.000314727 2.65554e-05 0.000299642
internal_weight=478 357 121 88 53 336 131 111
internal_count=478 357 121 88 53 336 131 111
is_linear=0
shrinkage=0.01


Tree=298
num_leaves=8
num_cat=0
split_feature=75 25 10 47 47 3 3
split_gain=0.699199 0.582797 0.723968 0.421919 0.374672 0.446683 0.542986
threshold=6.6150000180000008 2.2285714535000003 0.67287328600000007 14.000000320000002 16.300000005000005 0.32203678600000002 0.28401821450000003
decision_type=2 2 2 2 2 2 2
left_child=-1 2 3 -2 5 6 -3
right_child=1 4 -4 -5 -6 -7 -8
leaf_value=0.0047678770759445304 0.0013766946323040114 0.00046410426677678779 -0.0051399609773264895 -0.00045782890384129827 0.00027609618074986097 0.002371899948744898 -0.00052131916996559088
leaf_weight=208 31 20 22 35 93 28 20
leaf_count=208 31 20 22 35 93 28 20
internal_value=5.78856e-05 -0.000294235 -0.000945946 -0.000374251 5.2534e-05 -0.000494186 -0.00117647
internal_weight=457 249 88 66 161 68 40
internal_count=457 249 88 66 161 68 40
is_linear=0
shrinkage=0.01


Tree=299
num_leaves=9
num_cat=0
split_feature=28 6 92 76 91 24 28 0
split_gain=0.745909 0.378715 0.488183 0.327157 0.203261 0.455451 0.151265 0.0371026
threshold=4.6857142790000008 0.45154082150000002 18.627672485000002 5.1871428170000007 95.400250690000021 1.9999999825000001 4.3785714595000007 0.26304451400000006
decision_type=2 2 8 2 2 2 2 2
left_child=1 2 -1 -4 5 -5 -3 -6
right_child=-2 6 3 4 7 -7 -8 -9
leaf_value=-8.6570265887045975e-05 -0.00052103455785549755 0.0036939844528665216 -0.0011923905552214415 -0.00066730988463865838 0.0061725989388835504 0.00014764516137613965 -0.00019711998841986399 0.001808719554484185
leaf_weight=23 20 203 23 26 93 32 21 20
leaf_count=23 20 203 23 26 93 32 21 20
internal_value=1.84062e-05 0.000109778 -0.000181359 -5.13346e-06 0.000136787 -0.000323129 0.000400356 0.000391037
internal_weight=461 441 217 194 171 58 224 113
internal_count=461 441 217 194 171 58 224 113
is_linear=0
shrinkage=0.01


Tree=300
num_leaves=9
num_cat=1
split_feature=79 94 85 23 92 0 13 11
split_gain=0.683544 0.549559 0.772784 0.144333 0.123822 0.211874 0.0445915 0.0257349
threshold=3.6892857095000005 0 19.430714265000002 1.7142857100000002 20.766363120000005 0.21413445850000004 0.58849170000000006 0.60304400000000014
decision_type=2 1 2 2 8 2 2 2
left_child=-1 2 3 -2 5 -3 -6 -5
right_child=1 4 -4 7 6 -7 -8 -9
leaf_value=-0.0014581993658839742 -0.00013416831127294266 0.001106855387615488 -0.0016672446677563804 -3.6910766957438121e-05 3.7582466723158406e-05 -0.00043281086591440669 0.0023033797939364434 0.002203069268798707
leaf_weight=22 25 31 28 20 20 20 252 39
leaf_count=22 25 31 28 20 20 20 252 39
internal_value=5.78856e-05 0.000150298 -0.000423453 1.26519e-11 0.000357999 -4.82625e-05 0.000454545 0.000292642
internal_weight=457 435 112 84 323 51 272 59
internal_count=457 435 112 84 323 51 272 59
cat_boundaries=0 1
cat_threshold=42009090
is_linear=0
shrinkage=0.01


Tree=301
num_leaves=9
num_cat=0
split_feature=15 79 76 33 6 76 62 2
split_gain=0.455859 0.531604 0.393044 0.235973 0.123599 0.270587 0.120992 0.0383218
threshold=0.60527970400000008 3.6778571140000005 6.0664286485000014 6.035714285500001 0.46512330950000008 6.171428510000001 41.034999850000013 0.30964271400000004
decision_type=2 2 2 2 2 2 2 2
left_child=2 -2 3 -1 5 6 7 -3
right_child=1 4 -4 -5 -6 -7 -8 -9
leaf_value=0.00074972596839686728 -0.0015335918497720597 0.0032829306555668555 -0.0017638103705323088 -8.5172921285805759e-05 0.00486499229707308 -0.00046693715378975573 -8.6354799983003419e-05 0.0041632270903907637
leaf_weight=32 20 105 27 29 167 30 20 20
leaf_count=32 20 105 27 29 167 30 20 20
internal_value=2.88376e-05 0.000190187 -0.000608108 -0.000121359 0.000288798 8.81684e-05 0.000277778 0.000401431
internal_weight=450 362 88 61 342 175 145 125
internal_count=450 362 88 61 342 175 145 125
is_linear=0
shrinkage=0.01


Tree=302
num_leaves=8
num_cat=0
split_feature=88 16 28 62 14 38 53
split_gain=0.786454 0.535393 0.853321 0.352116 0.377262 0.175273 0.0447821
threshold=17.873571465000001 0.54351735750000019 4.3214285545000015 34.889999865000007 0.68677389300000014 1.5500000120000001 7.4000000545000004
decision_type=2 2 2 2 2 2 2
left_child=1 2 -1 4 -3 6 -5
right_child=-2 3 -4 5 -6 -7 -8
leaf_value=-0.0010767619467487489 -0.00013068576090331308 -0.00068782905673926253 0.00026030318860686779 0.0035139454716958704 0.0015646691731745379 -0.00064652090666375854 0.0035892218251347575
leaf_weight=25 34 25 37 262 20 38 20
leaf_count=25 34 25 37 262 20 38 20
internal_value=-1.62408e-05 9.7008e-05 -0.000748408 0.000247403 -0.000556769 0.00036783 0.000456153
internal_weight=461 427 62 365 45 320 282
internal_count=461 427 62 365 45 320 282
is_linear=0
shrinkage=0.01


Tree=303
num_leaves=11
num_cat=1
split_feature=69 6 14 94 2 41 62 10 9 0
split_gain=0.817791 0.837523 1.15209 0.350498 0.3524 0.469033 0.129644 0.0622763 0.0799496 0.0210574
threshold=88.374999045000024 0.46698025000000004 0.59671500000000011 0 0.29608450000000003 3.8500000090000004 41.180000780000007 0.70310200000000012 0.70602965000000018 0.28062749300000006
decision_type=2 2 2 1 2 2 2 2 2 2
left_child=3 2 -2 4 5 -1 7 -5 -9 -6
right_child=1 -3 -4 6 9 -7 -8 8 -10 -11
leaf_value=-0.0014222829802166706 0.00014553701404537589 0.0016277674518651714 -7.338388442140151e-05 0.0039672581852435154 0.0022243335907871794 0.00025813532773278681 -0.00011805460843619221 -0.00040347947021035578 0.0051279325307148028 0.0014789699784450564
leaf_weight=23 20 36 26 218 29 33 21 20 28 20
leaf_count=23 20 36 26 218 29 33 21 20 28 20
internal_value=-2.31676e-05 -0.000929952 -0.00181624 0.000162933 -0.000306563 -0.000880282 0.000340833 0.000416042 4.09836e-05 0.000251004
internal_weight=474 82 46 392 105 56 287 266 48 49
internal_count=474 82 46 392 105 56 287 266 48 49
cat_boundaries=0 1
cat_threshold=67718
is_linear=0
shrinkage=0.01


Tree=304
num_leaves=10
num_cat=0
split_feature=33 85 91 7 0 26 34 79 66
split_gain=1.22239 0.738826 0.475556 0.704019 0.565823 0.955584 0.374583 0.139335 0.0438244
threshold=6.0928571225000008 19.555714335000001 95.953702695000018 0.55351397600000019 0.071051750000000011 4.0642856870000008 3.8000000030000005 3.7528571465000007 0.77500009550000015
decision_type=2 2 2 2 2 2 2 2 2
left_child=2 -2 3 4 -1 6 -6 -4 -9
right_child=1 -3 7 -5 5 -7 -8 8 -10
leaf_value=0.00038746496565299926 -0.00012376563065652098 -0.00014069213407110157 -9.1701595411486643e-05 0.0022868021371756516 -0.00016624135733641631 -0.0019575667523014095 0.0027066576964033602 0.0028707058217458331 0.0054680225711927792
leaf_weight=23 23 39 21 64 26 21 22 20 218
leaf_count=23 23 39 21 64 26 21 22 20 218
internal_value=-8.26706e-05 -0.00138535 0.000109428 -0.000318878 -0.000883621 -0.00133954 -0.000491803 0.000375289 0.000448074
internal_weight=477 62 415 156 92 69 48 259 238
internal_count=477 62 415 156 92 69 48 259 238
is_linear=0
shrinkage=0.01


Tree=305
num_leaves=11
num_cat=0
split_feature=69 79 68 19 62 93 77 92 0 1
split_gain=1.04617 0.79528 0.758206 0.33477 0.311905 0.176093 0.205908 0.355145 0.0431691 0.0304949
threshold=88.81499958000002 3.6892857095000005 66.199997900000014 0.85000000700000011 41.180000780000007 33.118136480000011 8.8857142585000002 28.981746495000003 0.30146440250000006 0.27713664250000009
decision_type=2 2 2 2 2 8 2 8 2 2
left_child=1 -1 -2 -4 5 8 7 -7 -3 -8
right_child=2 4 3 -5 -6 6 9 -9 -10 -11
leaf_value=-0.0014974057493057661 -0.00010572671364974006 0.00462854998031476 0.00025134055390553419 -6.9706844657026342e-05 -0.00015470549969166531 -0.0009352808374009096 0.00089306185206618194 0.0045279840777138194 0.0047930095789534425 0.0011084765809606088
leaf_weight=20 29 195 24 21 29 36 54 25 20 20
leaf_count=20 29 195 24 21 29 36 54 25 20 20
internal_value=-0.000129802 6.87844e-05 -0.00121658 -0.000338428 0.000177725 0.000265108 -3.68187e-06 -0.000444984 0.000442539 0.000334225
internal_weight=473 399 74 45 379 350 135 61 215 74
internal_count=473 399 74 45 379 350 135 61 215 74
is_linear=0
shrinkage=0.01


Tree=306
num_leaves=11
num_cat=0
split_feature=18 48 18 17 11 73 17 11 0 0
split_gain=0.907273 0.932405 0.663298 0.211407 0.416461 0.204341 0.289988 0.0429411 0.0275573 0.0192946
threshold=31.965000000000003 18.999999925000001 19.550000000000001 0.52034192850000005 0.68498232150000016 1.4592857085000002 0.68984860000000003 0.58455164300000007 0.21047566700000003 0.10180833350000001
decision_type=2 2 2 2 2 2 2 2 2 2
left_child=1 2 8 4 9 7 -7 -5 -1 -2
right_child=3 -3 -4 5 -6 6 -8 -9 -10 -11
leaf_value=0.00094552997422512523 0.00022093411388733784 -0.0020413358261502372 -0.00046550890833959343 0.0014574679140690464 -0.00010996785603846152 -0.0013165595082318888 0.0082081587833822845 0.0053644469587850151 0.00011689550173240952 -1.5582219026495104e-07
leaf_weight=44 26 36 36 20 26 24 27 188 20 20
leaf_count=44 26 36 36 20 26 24 27 188 20 20
internal_value=-0.000116503 -0.000804094 -0.000277778 0.000161242 -0.000302198 0.000298306 -0.000241313 0.000440613 0.000308642 0.000235043
internal_weight=467 136 100 331 72 259 51 208 64 46
internal_count=467 136 100 331 72 259 51 208 64 46
is_linear=0
shrinkage=0.01


Tree=307
num_leaves=11
num_cat=0
split_feature=15 0 39 80 0 80 2 2 33 12
split_gain=1.83153 0.85811 1.21364 1.08712 0.626198 0.240198 0.224806 0.352686 0.155018 0.191897
threshold=0.63098250000000011 0.071051750000000011 6.7500000300000016 15.794999875000002 0.098881000000000011 15.924999990000002 0.34856400000000004 0.37223157150000002 4.9785714150000011 0.66458445950000011
decision_type=2 2 2 2 2 2 2 2 2 2
left_child=1 -1 3 -3 -4 6 8 -8 9 -2
right_child=5 2 4 -5 -6 -7 7 -9 -10 -11
leaf_value=0.00032650875719422311 -0.00023839476578054863 -0.0017274979040368685 -0.00035066420361872192 -2.9937271828863189e-05 0.00085256777579667097 -0.00010900957997526126 -0.00082425705984623702 0.0028841625272318172 0.0036862420793525945 0.0026465130866804541
leaf_weight=23 20 27 20 20 28 21 20 23 221 25
leaf_count=23 20 27 20 20 28 21 20 23 221 25
internal_value=-0.000187166 -0.00125421 -0.00167537 -0.00281381 -0.000491803 0.000190447 0.000266301 -0.000376712 0.000378561 -0.000120087
internal_weight=448 118 95 47 48 330 309 43 266 45
internal_count=448 118 95 47 48 330 309 43 266 45
is_linear=0
shrinkage=0.01


Tree=308
num_leaves=10
num_cat=0
split_feature=18 66 25 63 61 1 51 51 0
split_gain=1.02217 1.45082 0.813863 0.286975 0.245417 0.236382 0.135239 0.160141 0.0294163
threshold=31.175000000000004 20.755000115000005 2.2285714190000001 29.494999410000002 0.13000011450000001 0.32582951800000004 0.25000000350000007 1.0000000180025095e-35 0.092710708500000016
decision_type=2 2 2 2 2 2 2 2 2
left_child=1 3 -3 -1 -2 6 7 8 -6
right_child=4 2 -4 -5 5 -7 -8 -9 -10
leaf_value=0.0049717874589190678 -0.00021215969987766582 -0.002965525015258182 -7.9493167214770777e-05 -0.0011501798968338544 1.0184769062729242e-05 -0.00045527183511021811 0.0043515853057548822 -0.0001334378750052029 0.0017670138801497526
leaf_weight=49 20 20 31 29 20 23 185 39 50
leaf_count=49 20 20 31 29 20 23 185 39 50
internal_value=-0.000117823 -0.000874422 -0.00217181 0 0.000167259 0.000240717 0.000322252 2.27687e-05 0.000324859
internal_weight=466 129 51 78 337 317 294 109 70
internal_count=466 129 51 78 337 317 294 109 70
is_linear=0
shrinkage=0.01


Tree=309
num_leaves=9
num_cat=0
split_feature=54 26 50 18 64 92 46 72
split_gain=0.399494 0.764878 0.813937 0.645999 0.361047 0.133544 0.0415276 0.0411212
threshold=6.5999998825000015 4.0428571190000016 14.449999720000003 55.565000000000005 33.974998950000007 18.426978845000004 8.0999998525000017 59.144999505000008
decision_type=2 2 2 2 2 8 2 2
left_child=1 4 3 -3 5 -1 -2 -7
right_child=6 2 -4 -5 -6 7 -8 -9
leaf_value=-0.00021453110077648509 0.0021546719961394139 -0.0015408740673957806 0.001069482691466095 -6.3364063821441376e-05 -8.7241734450077172e-05 0.0029984292414677116 0.004431752836990507 0.002580756470818399
leaf_weight=20 153 26 27 34 39 20 20 145
leaf_count=20 153 26 27 34 39 20 20 145
internal_value=4.12541e-05 -0.000168377 -0.000962415 -0.00161184 0.000133452 0.000325619 0.000428654 0.000425211
internal_weight=484 311 87 60 224 185 173 165
internal_count=484 311 87 60 224 185 173 165
is_linear=0
shrinkage=0.01


Tree=310
num_leaves=9
num_cat=0
split_feature=91 7 39 39 50 79 56 2
split_gain=0.753635 0.682889 0.499123 0.952927 0.324096 0.132495 0.0843613 0.0325544
threshold=95.953702695000018 0.45050207150000005 6.7999999560000015 5.2999999855000004 13.800000050000003 3.7528571465000007 2.0650000575000003 0.29888239300000002
decision_type=2 2 2 2 2 2 2 2
left_child=1 -1 3 4 -3 -2 -7 -4
right_child=5 2 7 -5 -6 6 -8 -9
leaf_value=-0.00082366091834452069 -9.1278761172448736e-05 0.00062704714030685786 0.001054738683613089 -0.0018190865563771173 -3.1238534152167757e-05 0.0054557393754131722 0.0038234613628924177 0.0031833783659570248
leaf_weight=34 20 45 63 28 26 201 38 20
leaf_count=34 20 45 63 28 26 201 38 20
internal_value=-2.20681e-05 -0.000461255 -0.000202407 -0.000686373 -3.48189e-05 0.000336798 0.000406589 0.000352029
internal_weight=475 216 182 99 71 259 239 83
internal_count=475 216 182 99 71 259 239 83
is_linear=0
shrinkage=0.01


Tree=311
num_leaves=10
num_cat=1
split_feature=94 48 36 22 87 23 7 0 0
split_gain=0.985641 0.717839 0.519625 0.775246 0.17916 0.409406 0.0597303 0.0710918 0.0439257
threshold=0 11.200000095000002 4.5928571395000004 1.9142857025000002 22.662857055000003 1.8214285670000001 0.45050207150000005 0.12681091700000002 0.31065555400000006
decision_type=1 2 2 2 2 2 2 2 2
left_child=1 -1 -3 -4 6 -6 7 -2 -8
right_child=4 2 3 -5 5 -7 8 -9 -10
leaf_value=0.003280474263401134 -0.00030905729129761554 -4.8728603239952617e-05 -0.0014105791066393537 -0.00012467114965784609 0.00057975118540072796 -0.00024128715487273079 0.00318558598744903 0.0048056279098714393 -0.0002780226103334344
leaf_weight=30 20 34 22 24 32 20 222 24 20
leaf_count=30 20 34 22 24 32 20 222 24 20
internal_value=4.45634e-06 -0.000769868 -0.00133663 -0.00202991 0.000278096 -0.000227273 0.000387029 1.23068e-11 0.000448929
internal_weight=448 110 80 46 338 52 286 44 242
internal_count=448 110 80 46 338 52 286 44 242
cat_boundaries=0 1
cat_threshold=2694
is_linear=0
shrinkage=0.01


Tree=312
num_leaves=9
num_cat=0
split_feature=91 18 47 29 18 50 0 76
split_gain=1.14727 1.38465 0.82103 0.645416 0.644967 0.288501 0.128042 0.0441188
threshold=95.400250690000021 45.065000000000005 16.400000050000003 2.2642857175000004 25.705000000000002 14.700000295000001 0.31582587500000009 5.2350000550000013
decision_type=2 2 2 2 2 2 2 2
left_child=1 2 3 -1 -4 -3 7 -2
right_child=6 5 4 -5 -6 -7 -8 -9
leaf_value=-0.0021691088567918448 0.0008266077092424491 0.001039347883889501 6.6773225506221477e-05 -0.0022757139317507898 -0.00012488958497376985 -3.8086784930087102e-05 0.00022491012218515155 0.0046838387708659371
leaf_weight=27 20 83 30 25 20 21 23 230
leaf_count=27 20 83 30 25 20 21 23 230
internal_value=-3.85577e-05 -0.000604449 -0.00142996 -0.00231061 -0.000452756 0.00019084 0.000381665 0.000450558
internal_weight=479 206 102 52 50 104 273 250
internal_count=479 206 102 52 50 104 273 250
is_linear=0
shrinkage=0.01


Tree=313
num_leaves=9
num_cat=1
split_feature=87 87 94 6 47 75 14 76
split_gain=1.20231 0.773675 0.372585 0.416907 0.501222 1.35058 0.288982 0.154008
threshold=22.662857055000003 22.899285590000002 0 0.48181329050000005 16.300000005000005 6.6150000180000008 0.61159164250000009 5.1871428170000007
decision_type=2 2 1 2 2 2 2 2
left_child=2 -2 3 4 5 -1 -3 -4
right_child=1 6 7 -5 -6 -7 -8 -9
leaf_value=0.0014685810183161453 -0.00017233249357348311 0.00034165921314002333 -2.523900581375471e-05 0.0026893634435595118 0.0025800219783491986 -0.0019951774329461658 -0.00013933446603426225 0.0046880107140848245
leaf_weight=31 24 21 21 48 25 25 30 235
leaf_count=31 24 21 21 48 25 25 30 235
internal_value=-3.90625e-05 -0.00119393 0.000182737 -0.000239628 -0.000702934 -0.00123239 -0.000434363 0.000397301
internal_weight=460 75 385 129 81 56 51 256
internal_count=460 75 385 129 81 56 51 256
cat_boundaries=0 1
cat_threshold=35718278
is_linear=0
shrinkage=0.01


Tree=314
num_leaves=10
num_cat=0
split_feature=15 22 79 22 93 1 10 29 25
split_gain=0.816698 0.679383 0.507556 0.428995 0.474993 0.236819 0.087495 0.038575 0.0396325
threshold=0.59966028550000006 1.9071428520000002 3.6892857095000005 1.9285714205000002 21.941544825000005 0.15159507150000004 0.67287328600000007 2.6857142875000002 2.4857142565000001
decision_type=2 2 2 2 8 2 2 2 2
left_child=1 -1 -2 7 -5 -3 -6 8 -4
right_child=2 5 3 4 6 -7 -8 -9 -10
leaf_value=-0.0024155946619820482 -0.00014801359838144398 -3.4848480298053393e-05 0.0048934404248391523 -0.00055001086538586689 0.00023342486367373093 0.00042192062194751942 -0.00082390118269460774 0.004366293823509863 0.00017560781254735092
leaf_weight=35 20 28 252 22 32 29 20 20 22
leaf_count=35 20 28 252 22 32 29 20 20 22
internal_value=-3.74376e-05 -0.000883621 0.000159465 0.000249458 -0.000414438 -0.00016436 7.57576e-05 0.000424016 0.000454876
internal_weight=480 92 388 368 74 57 52 294 274
internal_count=480 92 388 368 74 57 52 294 274
is_linear=0
shrinkage=0.01


Tree=315
num_leaves=11
num_cat=1
split_feature=94 16 77 93 88 63 4 7 50 0
split_gain=0.761589 0.608641 0.605193 0.366432 0.318886 0.364082 0.400334 0.217555 0.0778705 0.0433231
threshold=0 0.61853421400000008 9.0378571575000013 33.118136480000011 17.437142780000006 28.734999660000003 0.35597264250000005 0.52220939300000013 9.2000002265000003 0.30146440250000006
decision_type=1 2 2 8 2 2 2 2 2 2
left_child=1 2 -1 9 5 8 -7 -3 -5 -2
right_child=3 7 -4 4 -6 6 -8 -9 -10 -11
leaf_value=-0.00036891244398701062 0.0016558776263356162 -0.00034783364515854126 -4.1449290805081536e-05 0.001748852874639156 0.0022157020568387047 -0.00079710660349671875 3.621781312790562e-05 0.0031349019713714414 -0.0013017753211800368 2.923365390030833e-05
leaf_weight=28 200 20 23 27 46 21 25 33 20 20
leaf_count=28 200 20 23 27 46 21 25 33 20 20
internal_value=-3.55757e-05 -0.000749129 -0.00159266 0.000182531 -0.000203863 -0.00054904 -0.00117521 -2.7881e-05 3.13808e-05 0.000443841
internal_weight=463 104 51 359 139 93 46 53 47 220
internal_count=463 104 51 359 139 93 46 53 47 220
cat_boundaries=0 1
cat_threshold=570428037
is_linear=0
shrinkage=0.01


Tree=316
num_leaves=9
num_cat=0
split_feature=61 66 23 10 50 59 12 69
split_gain=0.677844 0.841464 1.38189 0.304376 0.292219 0.140809 0.208209 0.103993
threshold=1.0000000180025095e-35 20.755000115000005 1.685714283 0.5538635715000001 14.700000295000001 0.055000305500000006 0.72183314250000008 79.730000500000003
decision_type=2 2 2 2 2 2 2 2
left_child=-1 5 -3 -4 -5 -2 7 -7
right_child=1 2 3 4 -6 6 -8 -9
leaf_value=-0.0014502892798248723 0.0047699079341482738 -0.002203998923044776 -0.00015975211512317744 0.00032150962770416847 -9.444356299324576e-06 -5.3563657072539243e-05 -0.0008907056489354492 0.0038789057627136832
leaf_weight=20 190 28 23 71 20 23 20 64
leaf_count=20 190 28 23 71 20 23 20 64
internal_value=-6.19835e-05 1.70532e-05 -0.000609244 -9.58188e-05 0.000147059 0.000324043 1.39147e-05 0.000244875
internal_weight=459 439 142 114 91 297 107 87
internal_count=459 439 142 114 91 297 107 87
is_linear=0
shrinkage=0.01


Tree=317
num_leaves=9
num_cat=1
split_feature=28 63 62 11 94 5 1 14
split_gain=0.517615 0.391621 0.25272 0.444374 0.155585 0.224401 0.124471 0.0443864
threshold=4.4928571240000013 30.349999425000004 34.944999695000007 0.61498357150000016 0 0.38590992850000005 0.31474792850000005 0.59000164300000013
decision_type=2 2 2 2 1 2 2 2
left_child=2 -2 3 -1 5 -4 -7 -6
right_child=1 -3 4 -5 7 6 -8 -9
leaf_value=-0.00064089179949648658 8.5598006450818449e-06 -0.0001630580063727435 -0.00019935256144174994 0.0015100584724437461 0.00051737994537258988 0.002077544093678428 -0.00088179859244609136 0.0039796220116984785
leaf_weight=25 24 26 30 27 20 67 20 242
leaf_count=25 24 26 30 27 20 67 20 242
internal_value=0.000100664 -0.000846457 0.000216535 -0.000416667 0.000309373 0 0.000244875 0.000436217
internal_weight=481 50 431 52 379 117 87 262
internal_count=481 50 431 52 379 117 87 262
cat_boundaries=0 1
cat_threshold=35718154
is_linear=0
shrinkage=0.01


Tree=318
num_leaves=11
num_cat=0
split_feature=17 60 5 61 92 50 28 17 17 1
split_gain=1.49966 0.763174 1.16811 0.706487 0.576409 0.561353 0.103214 0.0455335 0.0969204 0.0173151
threshold=0.55502561900000014 7.3199996950000008 0.42432602400000002 1.0000000180025095e-35 19.636921395000005 14.600000290000002 3.2928571530000004 0.62259057150000008 0.60184517100000001 0.19603085750000002
decision_type=2 2 2 2 8 2 2 2 2 2
left_child=1 2 -1 -2 -5 9 -6 8 -8 -3
right_child=3 5 -4 4 6 -7 7 -9 -10 -11
leaf_value=-0.0021835432769898521 -0.0012748539998583604 -1.6935282582742402e-08 -9.4908947085601587e-05 -0.00030581654632138569 0.0014322454104946038 -0.00010605853099549347 0.0022606230975689046 0.0049337748804265166 -0.0010961510681811329 0.0019605790734285055
leaf_weight=22 23 20 31 20 26 21 38 219 20 23
leaf_count=22 23 20 31 20 26 21 38 219 20 23
internal_value=-0.000208064 -0.00118421 -0.00207249 0.000118224 0.000245522 -0.000401235 0.000360435 0.000419366 0.000119048 0.000216895
internal_weight=463 117 53 346 323 64 303 277 58 43
internal_count=463 117 53 346 323 64 303 277 58 43
is_linear=0
shrinkage=0.01


Tree=319
num_leaves=10
num_cat=1
split_feature=94 48 36 92 50 92 1 1 4
split_gain=0.956164 0.943469 1.02223 0.366768 0.328781 0.282785 0.195018 0.0857157 0.0440478
threshold=0 17.899999905000005 4.5928571395000004 18.627672485000002 14.349999900000002 23.154861850000007 0.25391185700000007 0.30522864250000009 0.42389585700000004
decision_type=1 2 2 8 2 10 2 2 2
left_child=1 6 -3 -2 8 7 -1 -6 -5
right_child=3 2 -4 4 5 -7 -8 -9 -10
leaf_value=-0.00019128950935126237 -0.0001279149849222373 -7.17152275564944e-05 -0.00059954036917420777 0.0035887084007584736 0.0013280333196174232 -0.0011939785644087342 0.0019570989154333697 -0.00091930339320519692 0.00069144462683893909
leaf_weight=34 26 26 34 227 31 21 36 20 20
leaf_count=34 26 26 34 227 31 21 36 20 20
internal_value=-0.000106137 -0.000802557 -0.00177632 0.000170039 0.000273609 -0.000302198 -4.23729e-05 6.75676e-05 0.00044996
internal_weight=475 130 60 345 319 72 70 51 247
internal_count=475 130 60 345 319 72 70 51 247
cat_boundaries=0 1
cat_threshold=2726
is_linear=0
shrinkage=0.01


Tree=320
num_leaves=11
num_cat=0
split_feature=18 26 16 7 35 35 26 1 11 0
split_gain=0.69676 0.846554 0.811978 0.427698 0.335089 0.319208 0.395845 0.314068 0.127491 0.0278899
threshold=31.965000000000003 4.0642856870000008 0.63180385700000008 0.46037507150000007 4.2357142825000009 4.6714285780000013 3.9571428470000005 0.26315150000000004 0.6840556430000001 0.13548095150000003
decision_type=2 2 2 2 2 2 2 2 2 2
left_child=1 3 -3 -1 -2 6 -6 -8 -7 -5
right_child=4 2 -4 9 5 8 7 -9 -10 -11
leaf_value=-0.00022526369733650621 0.0017387304222953519 -0.0013925246400714386 -2.4906503646262569e-05 0.00084806595052724476 0.0018065757093256001 0.004213638341403079 2.5973787567965674e-05 -0.0013275444297222623 -8.373842767554155e-05 0.0028531288423426031
leaf_weight=29 175 20 21 20 35 72 23 22 20 45
leaf_count=29 175 20 21 20 35 72 23 22 20 45
internal_value=-5.59238e-05 -0.000666421 -0.00185407 -0.000116034 0.000176826 -0.000127315 -0.000594059 -0.00121179 0.000258621 0.00031155
internal_weight=482 135 41 94 347 172 80 45 92 65
internal_count=482 135 41 94 347 172 80 45 92 65
is_linear=0
shrinkage=0.01


Tree=321
num_leaves=9
num_cat=0
split_feature=93 84 70 70 63 43 63 6
split_gain=1.1511 0.664398 0.307348 0.551996 0.470894 0.168318 0.118393 0.0866868
threshold=18.755804620000003 13.157857215000002 49.405000690000008 51.254999160000004 28.734999660000003 3.9500000365000005 24.410000800000002 0.37404064300000006
decision_type=8 2 2 2 2 2 2 2
left_child=-1 2 6 4 -4 -5 -2 -8
right_child=1 -3 3 5 -6 -7 7 -9
leaf_value=-0.0019496097738192072 9.3540906908973211e-06 -0.00014753978927335506 0.00039085129467026698 0.0029675788669613137 -0.0007271422529595607 -1.0905654564044351e-05 0.00010501677880949644 0.0032906282627272348
leaf_weight=38 22 30 21 69 27 31 37 200
leaf_count=38 22 30 21 69 27 31 37 200
internal_value=-0.000127154 1.4847e-05 0.000126287 -0.000228495 -0.00110656 0.000178571 0.000336798 0.000405803
internal_weight=475 437 407 148 48 100 259 237
internal_count=475 437 407 148 48 100 259 237
is_linear=0
shrinkage=0.01


Tree=322
num_leaves=11
num_cat=0
split_feature=15 13 22 79 92 91 20 57 0 0
split_gain=1.34021 1.0784 0.606235 0.483853 0.337993 0.589145 0.0862619 0.237573 0.0329546 0.0158575
threshold=0.5913322860000001 0.64246213350000014 1.9071428520000002 3.7528571465000007 20.799410295000005 95.446443330000008 2.3571428145000008 5.3149995805000012 0.18588866150000002 0.26084197900000006
decision_type=2 2 2 2 8 2 2 2 2 2
left_child=1 2 -1 -2 5 -5 -6 8 -8 -7
right_child=3 -3 -4 4 6 9 7 -9 -10 -11
leaf_value=-0.001788340214851903 -0.0013973442286312299 -0.00013470145790684104 0.00018223157970107613 -0.00019183972731154502 0.002524428161159701 0.0030942577518135385 0.0061721417461084163 -0.00057931062207323177 0.0047733155684761943 0.0017179713505376126
leaf_weight=25 20 20 38 20 191 21 20 21 65 20
leaf_count=25 20 20 38 20 191 21 20 21 65 20
internal_value=-0.000124513 -0.00127088 -0.0005721 0.000124076 0.000214604 -0.000444984 0.000357623 0.000102996 0.000355478 0.000203349
internal_weight=461 83 63 378 358 61 297 106 85 41
internal_count=461 83 63 378 358 61 297 106 85 41
is_linear=0
shrinkage=0.01


Tree=323
num_leaves=8
num_cat=0
split_feature=91 26 32 47 61 77 43
split_gain=1.04035 1.11985 0.971473 0.597474 0.310858 0.162056 0.105488
threshold=95.400250690000021 4.0642856870000008 4.2285714320000016 15.800000235000001 0.13000011450000001 9.4885713715000026 3.4999999255000005
decision_type=2 2 2 2 2 2 2
left_child=1 3 -3 -1 -2 -6 -5
right_child=4 2 -4 6 5 -7 -8
leaf_value=-0.0023100913280649934 -4.3590331560110667e-05 -0.0013417875770568245 -0.00011241322853582072 0.00089795072144418608 0.0043183264810961845 -0.00089771520510496447 -5.5129721751038301e-06
leaf_weight=24 21 35 33 76 244 20 24
leaf_count=24 21 35 33 76 244 20 24
internal_value=-6.17413e-05 -0.00063278 -0.00165698 -4.80769e-05 0.000316655 0.000415408 0.000277778
internal_weight=477 192 68 124 285 264 100
internal_count=477 192 68 124 285 264 100
is_linear=0
shrinkage=0.01


Tree=324
num_leaves=11
num_cat=0
split_feature=69 4 13 6 91 77 18 18 2 10
split_gain=1.04922 0.536228 0.811978 0.265543 0.472006 0.821661 0.514744 0.175454 0.138405 0.0427687
threshold=88.374999045000024 0.33777235700000008 0.61554221250000019 0.45194978550000003 96.478193015000016 9.0185713425000014 44.25500000000001 58.585000000000008 0.30990615700000007 0.60697537150000014
decision_type=2 2 2 2 2 2 2 2 2 2
left_child=3 2 -2 4 5 6 -1 -3 -6 -5
right_child=1 7 -4 9 8 -7 -8 -9 -10 -11
leaf_value=-0.0012122125419776317 -0.000128587368140722 -0.00039985209805724718 -6.5791693010345203e-05 0.00088371323870680145 0.0036372703306065532 0.00029524130690325055 -1.4379117414578568e-05 0.00209466072685867 -0.00066240533931455586 0.0035056122974559058
leaf_weight=20 21 20 20 20 96 32 20 21 20 183
leaf_count=20 21 20 20 20 96 32 20 21 20 183
internal_value=-2.42718e-05 -0.00105072 -0.00185407 0.000187596 -7.41525e-05 -0.000714286 -0.00166667 -0.000179426 0.000308219 0.000439156
internal_weight=473 82 41 391 188 72 40 41 116 203
internal_count=473 82 41 391 188 72 40 41 116 203
is_linear=0
shrinkage=0.01


Tree=325
num_leaves=11
num_cat=0
split_feature=69 92 16 57 47 5 3 18 49 0
split_gain=1.42334 0.693327 0.417898 0.348232 0.746574 0.826339 0.139067 0.188056 0.0435835 0.0282128
threshold=88.374999045000024 20.799410295000005 0.5463338095000001 5.2750005725000007 16.400000225000003 0.43729707150000002 0.26909442850000004 33.090000000000011 53.700000285000009 0.15960302100000004
decision_type=2 8 2 2 2 2 2 2 2 2
left_child=3 -2 -3 6 5 -5 7 -1 -8 -6
right_child=1 2 -4 4 9 -7 8 -9 -10 -11
leaf_value=-0.0021959932194222896 -0.0012262713848380598 -0.00010988897621200575 0.00016870620579471446 -0.00081207174729948828 0.00020559344986658713 0.003609782917247637 0.0038818396068781231 0.0017030341704409174 0.00087444889636159736 0.002497430845115198
leaf_weight=20 33 25 24 20 20 21 209 24 20 46
leaf_count=20 33 25 24 20 20 21 209 24 20 46
internal_value=-0.000101556 -0.00129227 -0.000471888 0.000152311 -0.000320037 -0.0013756 0.000345142 -0.000133929 0.00044604 0.000314371
internal_weight=462 82 49 380 107 41 273 44 229 66
internal_count=462 82 49 380 107 41 273 44 229 66
is_linear=0
shrinkage=0.01


Tree=326
num_leaves=10
num_cat=0
split_feature=75 26 31 18 20 88 5 43 1
split_gain=0.840787 0.969278 1.00996 0.938456 0.421637 0.213862 0.12445 0.19982 0.0537707
threshold=6.7878571705000006 4.0714286570000011 5.7857142690000005 52.57500000000001 2.3285714390000005 17.785000050000004 0.36613171450000004 5.3500001430000008 0.29540685750000006
decision_type=2 2 2 2 2 2 2 2 2
left_child=6 4 3 -3 5 -2 7 -1 -6
right_child=1 2 -4 -5 8 -7 -8 -9 -10
leaf_value=0.0051293319107309126 0.0010936361768313573 -0.0016895211514531847 5.6738665384773319e-05 -0.00011483033732198367 -0.00085551792921995107 -0.0001380584988267012 0.0041672939768581723 -0.00033828643569236135 -0.00087828821712244379
leaf_weight=32 95 22 26 22 20 28 186 21 20
leaf_count=32 95 22 26 22 20 28 186 21 20
internal_value=-4.65313e-05 -0.000476903 -0.0014548 -0.00236607 -3.96825e-05 0.000238288 0.000364887 -2.7881e-05 -0.000931373
internal_weight=472 233 70 44 163 123 239 53 40
internal_count=472 233 70 44 163 123 239 53 40
is_linear=0
shrinkage=0.01


Tree=327
num_leaves=8
num_cat=0
split_feature=33 66 45 27 0 25 36
split_gain=1.00087 0.948684 0.259402 0.283594 0.231902 0.251588 0.197116
threshold=5.9714285645000009 21.719999790000006 0.55000000800000015 3.8428571390000004 0.31458908350000009 2.4999999915000006 4.7071429320000009
decision_type=2 2 2 2 2 2 2
left_child=2 -2 3 -1 5 -5 -3
right_child=1 6 -4 4 -6 -7 -8
leaf_value=-0.0012316682131245085 -0.0026538315370830024 0.00054785739489524802 0.0058679659148891065 0.0014765327174998781 -0.00023563065587447899 -4.5812968902301172e-05 -8.5944068476301278e-05
leaf_weight=35 35 28 165 128 34 26 31
leaf_count=35 35 28 165 128 34 26 31
internal_value=-3.52113e-05 -0.000959916 0.000185185 -2.90438e-05 0.000116525 0.000290698 -0.00014214
internal_weight=482 94 388 223 188 154 59
internal_count=482 94 388 223 188 154 59
is_linear=0
shrinkage=0.01


Tree=328
num_leaves=10
num_cat=1
split_feature=48 53 94 2 2 50 52 50 1
split_gain=0.899805 0.42771 0.339981 0.752897 0.342526 0.105276 0.225334 0.038801 0.0285266
threshold=24.550000110000003 0.60000001650000001 0 0.27072407150000005 0.23969726200000005 14.349999900000002 2.1000000385000006 1.6500000020000003 0.26716800950000003
decision_type=2 2 1 2 2 2 2 2 2
left_child=1 -1 3 4 -3 7 -7 -4 -5
right_child=-2 2 5 8 -6 6 -8 -9 -10
leaf_value=-0.0017505139545368421 -0.00080847289076976586 -0.00013803500077971814 0.0022148727205547319 0.0035793402016609474 -0.0003962419030213378 0.0018986392775486617 -0.00023262586207706422 0.0026273357939750222 0.0022587564819407584
leaf_weight=21 31 21 22 20 20 36 20 215 47
leaf_count=21 31 21 22 20 20 36 20 215 47
internal_value=-2.53415e-05 9.22422e-05 0.000170483 -0.000286195 -0.0013756 0.000343976 0 0.000447855 0.000317109
internal_weight=453 422 401 108 41 293 56 237 67
internal_count=453 422 401 108 41 293 56 237 67
cat_boundaries=0 1
cat_threshold=176163468
is_linear=0
shrinkage=0.01


Tree=329
num_leaves=10
num_cat=1
split_feature=17 18 60 18 94 8 37 60 3
split_gain=1.27751 0.78263 0.916333 1.00001 0.326081 0.677999 0.109002 0.0513659 0.0908624
threshold=0.53961438100000014 112.09000000000002 7.4350004195000006 42.830000000000005 0 0.55946985700000018 2.8499999865000003 0.90000009500000011 0.34987187500000005
decision_type=2 2 2 2 1 2 2 2 2
left_child=1 2 3 -1 5 -2 -7 8 -6
right_child=4 -3 -4 -5 7 6 -8 -9 -10
leaf_value=-0.0025738005231976903 -0.0020002643807915119 -0.00013585216898470682 0.0003557878456127203 0.00065554932417041215 0.0074302303332344334 0.0022939638806194099 -0.00016567041713204736 0.0037089198078506429 -0.00022070589123051237
leaf_weight=21 27 20 42 20 34 55 21 217 20
leaf_count=21 27 20 42 20 34 55 21 217 20
internal_value=-4.0812e-05 -0.00102601 -0.000554893 -0.00161483 0.000226788 -0.000232865 0.000208333 0.000402768 9.12409e-05
internal_weight=477 103 83 41 374 103 76 271 54
internal_count=477 103 83 41 374 103 76 271 54
cat_boundaries=0 1
cat_threshold=2362370
is_linear=0
shrinkage=0.01


Tree=330
num_leaves=8
num_cat=1
split_feature=69 68 76 94 4 43 27
split_gain=1.25856 0.795136 0.492919 0.258524 0.511347 0.438948 0.0441651
threshold=89.040000915000022 66.569999695000021 5.1871428170000007 0 0.34757885750000006 3.2500000000000004 4.1142857245000011
decision_type=2 2 2 1 2 2 2
left_child=2 -2 -1 4 5 -4 -5
right_child=1 -3 3 6 -6 -7 -8
leaf_value=-0.00063118267472435851 -0.00013539128621135787 0.0010378485195725023 0.00029522428293607921 0.0041799534747649792 0.00026221680734173016 -0.00073558716110502581 0.0088863007383785872
leaf_weight=31 39 24 23 232 57 24 20
leaf_count=31 39 24 23 232 57 24 20
internal_value=-5.10204e-05 -0.0013558 0.000158587 0.000269058 -0.000139373 -0.000930962 0.00043379
internal_weight=450 63 387 356 104 47 252
internal_count=450 63 387 356 104 47 252
cat_boundaries=0 1
cat_threshold=33554638
is_linear=0
shrinkage=0.01


Tree=331
num_leaves=8
num_cat=1
split_feature=28 3 0 14 94 2 2
split_gain=1.48681 0.592763 1.11916 0.470853 0.152901 0.297252 0.0302359
threshold=4.4357142450000007 0.31271038600000006 0.07619991700000002 0.59722592850000011 0 0.28269684250000005 0.35091878550000005
decision_type=2 2 2 2 1 2 2
left_child=3 2 -2 -1 5 -5 -7
right_child=1 -3 -4 4 -6 6 -8
leaf_value=-0.0013408908439700659 -1.5662264594095603e-05 0.00065010145967817393 -0.00014913299019181212 -0.00034085846458202339 0.0038503925222475878 0.00097836837769684805 0.0015519544091601651
leaf_weight=36 21 20 20 27 270 53 20
leaf_count=36 21 20 20 27 270 53 20
internal_value=2.45832e-05 -0.00141586 -0.0020933 0.000248279 0.000358684 0 0.000331978
internal_weight=467 61 41 406 370 100 73
internal_count=467 61 41 406 370 100 73
cat_boundaries=0 1
cat_threshold=167775234
is_linear=0
shrinkage=0.01


Tree=332
num_leaves=9
num_cat=0
split_feature=91 91 36 34 4 59 3 39
split_gain=1.2611 1.64216 0.369449 0.420596 1.19307 0.287338 0.235571 0.136977
threshold=83.137014475000015 78.397125575000004 4.5928571395000004 3.9285714120000006 0.36585221400000006 0.15000009500000003 0.38175402400000008 10.849999935000001
decision_type=2 2 2 2 2 2 2 2
left_child=1 5 7 4 -4 -1 -5 -2
right_child=2 -3 3 6 -6 -7 -8 -9
leaf_value=-0.0003459700256919783 0.0030040622652532183 -0.0007065950009521899 -0.00070710175466258515 0.0036441518349835302 5.1736636937154104e-06 0.00087995690934694246 -0.00057580299896279545 -0.0022794477320492736
leaf_weight=26 189 34 25 72 39 34 24 23
leaf_count=26 189 34 25 72 39 34 24 23
internal_value=-0.000139246 -0.00117089 0.000118026 -0.000236318 -0.000864198 -0.000131579 0.000165289 0.000394737
internal_weight=466 94 372 160 64 60 96 212
internal_count=466 94 372 160 64 60 96 212
is_linear=0
shrinkage=0.01


Tree=333
num_leaves=10
num_cat=0
split_feature=48 17 41 91 25 73 50 35 0
split_gain=0.904957 0.748069 0.777283 0.665302 0.378386 0.309367 0.167481 0.18539 0.0210574
threshold=17.899999905000005 0.68161828600000007 14.499999955000002 90.709690715000008 2.4857142820000004 -2.5585714469999998 11.050000190000002 4.0642856700000012 0.28510645100000004
decision_type=2 2 2 2 2 2 2 2 2
left_child=4 2 3 -2 6 -4 -1 -8 -9
right_child=1 -3 5 -5 -6 -7 7 8 -10
leaf_value=0.0038801977569575988 -0.0019714360294850763 0.0077848745909578857 -0.00011717670497763137 -0.0010475142341842903 -0.00051039438523495554 0.0010398398063840065 -0.00013364464867311805 0.00068104624605361177 0.0015421928950581959
leaf_weight=220 22 37 23 27 28 27 20 29 20
leaf_count=220 22 37 23 27 28 27 20 29 20
internal_value=-4.73777e-05 -0.000730994 -0.00118737 -0.00207831 0.000240717 -0.000255905 0.000353692 -5.01433e-05 0.000251004
internal_weight=453 136 99 49 317 50 289 69 49
internal_count=453 136 99 49 317 50 289 69 49
is_linear=0
shrinkage=0.01


Tree=334
num_leaves=10
num_cat=0
split_feature=48 18 40 47 23 56 17 24 2
split_gain=0.853053 0.560891 0.533975 0.75133 0.81996 0.14753 0.0838677 0.0415007 0.0288315
threshold=24.550000110000003 42.830000000000005 3.4000000655000004 16.649999865000002 1.8000000115000001 1.9299998280000004 0.54303514300000011 2.3000000115000003 0.24313742850000003
decision_type=2 2 2 2 2 2 2 2 2
left_child=1 2 3 4 -1 7 -5 -3 -4
right_child=-2 5 8 6 -6 -7 -8 -9 -10
leaf_value=-0.00011357591141028926 -0.0016879864141787809 0.0030411272042528497 4.21364459020338e-05 -6.5456765340284628e-05 -0.0006243986038396009 -0.0028770568739772797 0.001326197868657732 3.9973222163887898e-05 0.0033811325786625079
leaf_weight=26 32 224 20 20 30 20 30 21 48
leaf_count=26 32 224 20 20 30 20 30 21 48
internal_value=-2.64943e-05 8.5266e-05 -0.00034897 -0.00079588 -0.00158451 0.000378104 5.90551e-05 0.000449552 0.000319767
internal_weight=471 439 174 106 56 265 50 245 68
internal_count=471 439 174 106 56 265 50 245 68
is_linear=0
shrinkage=0.01


Tree=335
num_leaves=10
num_cat=0
split_feature=16 74 66 53 0 37 0 18 0
split_gain=1.32209 1.16079 0.681503 0.491573 0.313952 0.125896 0.111033 0.0461497 0.0969204
threshold=0.61165600000000009 7.5771428860000007 21.465000155000002 0.60000001650000001 0.086065333000000008 4.8499999045000015 0.083115948000000009 22.270000000000007 0.18884752350000003
decision_type=2 2 2 2 2 2 2 2 2
left_child=1 2 4 -2 -1 7 -4 8 -5
right_child=3 -3 6 5 -6 -7 -8 -9 -10
leaf_value=-0.00013956542242389369 -0.001576112443166758 -0.0012370244086902815 -3.947404654762156e-05 0.0039904315921987909 -0.0012832433462020788 4.0090763318699763e-05 5.9373017070693582e-05 0.0038705229095026038 -0.00015365273020798338
leaf_weight=20 23 31 20 38 20 22 50 229 20
leaf_count=20 23 31 20 38 20 22 50 229 20
internal_value=-8.75897e-05 -0.000899154 -0.000388087 0.000252404 -0.00142157 0.000363138 0.000183616 0.000422168 0.000119048
internal_weight=473 141 110 332 40 309 70 287 58
internal_count=473 141 110 332 40 309 70 287 58
is_linear=0
shrinkage=0.01


Tree=336
num_leaves=10
num_cat=0
split_feature=91 20 26 81 3 53 79 20 8
split_gain=1.20193 1.04651 0.553194 0.687942 0.34643 0.247969 0.14753 0.0439996 0.032135
threshold=95.400250690000021 2.3571428655000006 4.0499999865000005 13.298571550000002 0.28194035700000003 3.4500000475000006 3.8435713475000006 2.5999999730000005 0.55801812550000018
decision_type=2 2 2 2 2 2 2 2 2
left_child=1 2 5 4 -4 8 -2 -8 -1
right_child=6 -3 3 -5 -6 -7 7 -9 -10
leaf_value=0.00011753003093443077 -0.00025723777916665725 -0.00084296830618399822 -0.00034177449050600586 -0.00017804164128895788 0.00011715908101153162 -0.00028179691685414123 0.0036676276559993678 0.0042206588014216291 0.00082727880839227887
leaf_weight=20 20 20 29 22 26 20 225 20 61
leaf_count=20 20 20 29 22 26 20 225 20 61
internal_value=-5.71367e-05 -0.000648893 -0.000385906 -0.00102185 -0.000367383 8.34971e-05 0.000378104 0.000449552 0.000348411
internal_weight=463 198 178 77 55 101 265 245 81
internal_count=463 198 178 77 55 101 265 245 81
is_linear=0
shrinkage=0.01


Tree=337
num_leaves=8
num_cat=0
split_feature=33 75 61 16 17 56 29
split_gain=1.15862 1.26793 0.44233 0.193617 0.452009 0.172485 0.0419505
threshold=6.0642857550000011 7.9528570960000016 1.0000000180025095e-35 0.61165600000000009 0.50356235750000011 2.0650000575000003 2.6857142875000002
decision_type=2 2 2 2 2 2 2
left_child=2 -2 -1 4 -4 6 -5
right_child=1 -3 3 5 -6 -7 -8
leaf_value=-0.00019225013561457771 -2.4028146454223577e-05 -0.00012069463906212662 0.00028698693600997003 0.0038899382806794032 -0.00058204531312914295 -0.00094414982599356394 0.0039971741646725716
leaf_weight=22 34 24 49 244 39 38 21
leaf_count=22 34 24 49 244 39 38 21
internal_value=-2.64943e-05 -0.00134354 0.000155872 0.000238642 -0.000157658 0.000360435 0.000453348
internal_weight=471 58 413 391 88 303 265
internal_count=471 58 413 391 88 303 265
is_linear=0
shrinkage=0.01


Tree=338
num_leaves=8
num_cat=0
split_feature=15 14 28 77 80 0 12
split_gain=1.56907 0.989152 0.783012 0.226883 0.166918 0.170852 0.0424606
threshold=0.61188938100000012 0.62163488100000008 4.2285714235000009 9.5085713520000024 15.882857255000003 0.12219471650000001 0.58770471450000017
decision_type=2 2 2 2 2 2 2
left_child=1 2 -1 4 6 -6 -2
right_child=3 -3 -4 -5 5 -7 -8
leaf_value=-0.002395847306589924 0.0035637402468087394 -0.00012794881710829158 7.4432840750624917e-05 -0.00047628973509198708 0.012794610735931902 -0.0002029290920495008 0.0031257670064016815
leaf_weight=25 21 31 40 26 20 20 271
leaf_count=25 21 31 40 26 20 20 271
internal_value=-2.19876e-06 -0.00113636 -0.000387538 0.000298216 0.000372596 -0.000196078 0.00045765
internal_weight=454 96 65 358 332 40 292
internal_count=454 96 65 358 332 40 292
is_linear=0
shrinkage=0.01


Tree=339
num_leaves=9
num_cat=0
split_feature=87 13 4 57 57 39 33 80
split_gain=1.42395 0.761713 1.89003 0.377401 1.50745 0.188056 0.121697 0.102796
threshold=22.573571345000001 0.64531127500000007 0.37510842850000004 5.2750005725000007 5.9200005530000004 5.8000001165000006 5.3071428365000015 15.882857255000003
decision_type=2 2 2 2 2 2 2 2
left_child=3 5 -3 7 -5 -2 -6 -1
right_child=1 2 -4 4 6 -7 -8 -9
leaf_value=0.0027612256210449025 0.00018504579812738011 -0.00011844338960140365 0.00056462161339629335 -0.00086572382170482212 -0.0016875540211028339 -0.00031709965365700422 0.0025391084431588841 0.001574317971666013
leaf_weight=236 24 23 28 21 21 20 74 32
leaf_count=236 24 23 28 21 21 20 74 32
internal_value=-5.93997e-05 -0.00115344 -0.00197876 0.0002079 -0.000256849 -0.000133929 0.00026618 0.000416667
internal_weight=479 95 51 384 116 44 95 268
internal_count=479 95 51 384 116 44 95 268
is_linear=0
shrinkage=0.01


Tree=340
num_leaves=11
num_cat=1
split_feature=69 13 8 79 94 39 70 18 24 1
split_gain=1.72998 1.09271 1.06239 1.01617 0.340053 0.468526 0.614028 0.170852 0.162995 0.0253349
threshold=88.374999045000024 0.64246213350000014 0.63663314300000018 3.7049999420000006 0 6.7999999560000015 49.474999430000004 30.345000000000002 2.3000000115000003 0.20697730950000001
decision_type=2 2 2 2 1 2 2 2 2 2
left_child=3 7 -3 -1 5 6 -5 -2 -6 -7
right_child=1 2 -4 4 8 9 -8 -9 -10 -11
leaf_value=-0.0012829941651021721 -0.00032861054946967583 -0.00011393703767633021 -0.0001147552647035843 0.0002673125415044021 0.0039373324058566304 3.4690818155092382e-05 -0.00091424080150849366 7.6706996564433251e-05 -6.7063686908415658e-06 0.003784958980108047
leaf_weight=24 20 20 25 23 258 20 20 20 20 38
leaf_count=24 20 20 25 23 258 20 20 20 20 38
internal_value=-0.000171849 -0.0014627 -0.00252183 9.78207e-05 0.000230384 -0.000245975 -0.00106164 -0.000196078 0.000405125 0.000289116
internal_weight=488 85 45 403 379 101 43 40 278 58
internal_count=488 85 45 403 379 101 43 40 278 58
cat_boundaries=0 1
cat_threshold=34668682
is_linear=0
shrinkage=0.01


Tree=341
num_leaves=9
num_cat=0
split_feature=17 17 69 10 12 18 39 7
split_gain=0.683319 0.584221 0.509482 0.222577 0.537834 0.714339 0.0428387 0.0357385
threshold=0.53864321400000015 0.51600007150000005 88.639999390000014 0.62512742850000014 0.65084814300000005 49.355000000000011 3.7999999595000005 0.50380321400000005
decision_type=2 2 2 2 2 2 2 2
left_child=1 2 -1 4 7 -6 -5 -2
right_child=3 -3 -4 6 5 -7 -8 -9
leaf_value=0.00066249651809470803 0.0014192251275493518 -0.0010184267999511526 -5.5579992717409338e-05 -1.3602894585317102e-05 -0.00025406498466283762 0.00060311138110746192 0.0037456087437372338 0.0037778421681299067
leaf_weight=41 82 21 34 20 20 39 185 20
leaf_count=41 82 21 34 20 20 39 185 20
internal_value=1.94469e-05 -0.00072314 -0.000270449 0.000220829 -4.63535e-05 -0.000811037 0.000439747 0.000379377
internal_weight=462 96 75 366 161 59 205 102
internal_count=462 96 75 366 161 59 205 102
is_linear=0
shrinkage=0.01


Tree=342
num_leaves=9
num_cat=0
split_feature=91 19 19 20 62 11 18 22
split_gain=1.38947 1.02427 0.913306 0.454847 0.331572 0.332781 0.103439 0.0838064
threshold=89.135383085000015 0.85000000700000011 0.99285714100000011 2.1285714335000008 34.889999865000007 0.63301200000000013 31.175000000000004 1.9285714205000002
decision_type=2 2 2 2 2 2 2 2
left_child=1 3 -3 -1 5 -2 -5 -6
right_child=4 2 -4 6 7 -7 -8 -9
leaf_value=-0.00014042192107100143 -0.0006510041229033926 -0.0016898981470089389 -9.0223227015202569e-05 -7.8528151243207768e-05 0.0039247724180560949 0.0020898812028404576 0.0010052186528456556 0.0011244619495754643
leaf_weight=32 28 20 23 20 225 22 43 39
leaf_count=32 28 20 23 20 225 22 43 39
internal_value=-9.27562e-05 -0.000929395 -0.0022032 -0.000318372 0.000270013 -0.000452756 0.000148903 0.000415408
internal_weight=452 138 43 95 314 50 63 264
internal_count=452 138 43 95 314 50 63 264
is_linear=0
shrinkage=0.01


Tree=343
num_leaves=9
num_cat=0
split_feature=33 76 57 64 42 53 0 14
split_gain=1.10684 0.758211 0.300856 0.379401 0.366805 0.245141 0.0420292 0.039407
threshold=6.0928571225000008 5.7235714285000006 3.7500004770000008 29.699999810000005 12.150000040000002 0.70000001050000005 0.24826577100000005 0.61045671450000005
decision_type=2 2 2 2 2 2 2 2
left_child=2 -2 6 -4 5 -5 -1 -7
right_child=1 -3 3 4 -6 7 -8 -9
leaf_value=0.0046632485709774078 0.00044242833465638802 -0.00010188275574522516 -0.0013047033997556285 -0.00071562894911147642 -0.00083928207243773062 0.00012661549206181572 0.0033967618183452491 0.00059825021639865826
leaf_weight=164 32 35 28 39 23 20 20 118
leaf_count=164 32 35 28 39 23 20 20 118
internal_value=-5.93997e-05 -0.00124631 0.000130814 -0.000104895 3.98406e-05 0.000205287 0.0004329 0.000410663
internal_weight=479 67 412 228 200 177 184 138
internal_count=479 67 412 228 200 177 184 138
is_linear=0
shrinkage=0.01


Tree=344
num_leaves=9
num_cat=1
split_feature=69 6 14 94 53 28 2 2
split_gain=1.31317 0.371369 0.727694 0.147273 0.261741 0.11796 0.0442557 0.0275573
threshold=88.639999390000014 0.50358664300000011 0.62163488100000008 0 1.4000000135000004 3.2928571530000004 0.20324639250000004 0.34510588050000007
decision_type=2 2 2 1 2 2 2 2
left_child=3 2 -2 4 7 -5 -7 -1
right_child=1 -3 -4 5 -6 6 -8 -9
leaf_value=0.00080841289767933863 -0.00019509733482200265 0.0005744771479997985 -0.00011892275033115186 0.001020508134058803 -0.00092892427768415207 8.5472753037031966e-05 0.0037764153933147462 0.0013656325681012411
leaf_weight=44 30 20 26 25 39 20 236 20
leaf_count=44 30 20 26 25 39 20 236 20
internal_value=1.73611e-05 -0.00117187 -0.00158451 0.000259875 -5.71177e-05 0.00037183 0.000451713 0.000308642
internal_weight=460 76 56 384 103 281 256 64
internal_count=460 76 56 384 103 281 256 64
cat_boundaries=0 1
cat_threshold=3086
is_linear=0
shrinkage=0.01


Tree=345
num_leaves=9
num_cat=0
split_feature=69 69 15 5 43 8 57 14
split_gain=1.25089 0.793946 0.458618 0.170852 0.140446 0.247048 0.131214 0.0437196
threshold=88.639999390000014 91.709999080000017 0.58525135750000012 0.41185528600000004 5.3500001430000008 0.55750423800000004 6.1799998285000006 0.62552166050000013
decision_type=2 2 2 2 2 2 2 2
left_child=2 -2 -1 -3 7 -6 -7 -4
right_child=1 3 4 -5 5 6 -8 -9
leaf_value=-0.0013430030515427461 -0.00016260198267027901 0.00079153844555905823 0.00439049038691584 -0.00038522223935048952 -0.00048896253881285275 0.0018970331913495809 -0.00097035262723758875 0.0030126647971398953
leaf_weight=34 34 20 20 20 30 79 20 214
leaf_count=34 34 20 20 20 30 79 20 214
internal_value=-2.64943e-05 -0.00121658 0.000192308 -0.000196078 0.00030099 1.92604e-05 0.000275551 0.000447189
internal_weight=471 74 397 40 363 129 99 234
internal_count=471 74 397 40 363 129 99 234
is_linear=0
shrinkage=0.01


Tree=346
num_leaves=10
num_cat=0
split_feature=87 6 53 0 10 63 91 87 28
split_gain=1.21869 0.841879 0.551037 0.392055 0.280685 0.46676 0.241447 0.441537 0.0425128
threshold=22.662857055000003 0.4833077380000001 0.60000001650000001 0.089654667000000007 0.62833400000000006 25.190000535000003 95.953702695000018 22.147857120000001 4.3214285545000015
decision_type=2 2 2 2 2 2 2 2 2
left_child=2 3 -1 -2 5 -4 7 -7 -6
right_child=1 -3 4 -5 8 6 -8 -9 -10
leaf_value=-0.0014330166776256297 -0.00011422498141568212 0.0010984303458973883 -0.00174032215036321 -0.0029196266584986847 0.0035728256140666972 -0.00071013428863118261 0.0051622848874194483 0.000113469487482514 0.0015792561138333386
leaf_weight=26 23 25 35 20 176 26 88 30 20
leaf_count=26 23 25 35 20 176 26 88 30 20
internal_value=-0.000135164 -0.00136628 7.09308e-05 -0.0022032 0.000174295 -0.000102892 0.000138122 -0.000352113 0.000436992
internal_weight=469 68 401 43 375 179 144 56 196
internal_count=469 68 401 43 375 179 144 56 196
is_linear=0
shrinkage=0.01


Tree=347
num_leaves=9
num_cat=0
split_feature=15 4 2 72 79 7 4 17
split_gain=1.16928 0.721538 0.998715 0.919234 0.548469 0.163849 0.170852 0.0445915
threshold=0.61609792850000011 0.25709385750000008 0.28093861550000004 60.420000075000011 3.7049999420000006 0.46037507150000007 0.29146157150000002 0.54069188100000021
decision_type=2 2 2 2 2 2 2 2
left_child=1 -1 3 -3 -2 6 -6 -7
right_child=4 2 -4 -5 5 7 -8 -9
leaf_value=0.00018653931821773384 -0.0014204631623276264 1.1368359166535978e-06 9.3629413001122526e-05 -0.00037641490468394645 0.0074253276925515697 0.00053532632670352104 -0.00036710142207621658 0.003643387410287136
leaf_weight=29 21 22 30 39 20 20 20 252
leaf_count=29 21 22 30 39 20 20 20 252
internal_value=-4.73777e-05 -0.00089404 -0.00133442 -0.00206311 0.000253146 0.00036445 -0.000196078 0.000454545
internal_weight=453 120 91 61 333 312 40 272
internal_count=453 120 91 61 333 312 40 272
is_linear=0
shrinkage=0.01


Tree=348
num_leaves=10
num_cat=0
split_feature=70 18 20 17 22 22 33 3 0
split_gain=1.1964 0.508721 0.66236 0.24985 0.215364 0.513757 0.148371 0.0441651 0.0261223
threshold=55.559998510000007 25.705000000000002 2.3142857125000007 0.56763350000000012 1.9285714205000002 1.9499999795 4.9357142785000017 0.25659778550000006 0.078784125000000024
decision_type=2 2 2 2 2 2 2 2 2
left_child=1 2 3 -1 6 -6 -3 -8 -7
right_child=-2 4 -4 -5 5 8 7 -9 -10
leaf_value=-0.00027326156395645398 -0.00012386612447247615 -0.00032556995238473162 -0.0017470529465471627 0.0021506077737043793 -0.00062613298908528584 4.8187615695306213e-05 0.00073697146516088128 0.0024495579820229124 0.0018896703706726629
leaf_weight=20 25 20 36 46 25 20 20 232 40
leaf_count=20 25 20 36 46 25 20 20 232 40
internal_value=-5.36303e-05 5.98086e-05 -0.000554475 1.49701e-05 0.000241755 -0.000180653 0.000381232 0.000450949 0.000296053
internal_weight=484 459 102 66 357 85 272 252 60
internal_count=484 459 102 66 357 85 272 252 60
is_linear=0
shrinkage=0.01


Tree=349
num_leaves=8
num_cat=0
split_feature=28 52 25 26 6 4 39
split_gain=0.970411 1.48422 0.432924 0.339566 0.246575 0.590697 0.108712
threshold=4.2785714185000012 3.6000000315000005 2.4857142820000004 4.085714255000001 0.40456201450000001 0.29579040450000005 3.7000000065000003
decision_type=2 2 2 2 2 2 2
left_child=2 3 4 -2 5 -1 -6
right_child=1 -3 -4 -5 6 -7 -8
leaf_value=0.0027266192166633309 0.00086839669636377796 -0.0001506291394926647 -0.00085313509315135998 -4.2654199444314405e-05 0.00045706799848163534 -0.00053330510744702662 0.0029069636096066618
leaf_weight=39 44 34 23 25 30 23 227
leaf_count=39 44 34 23 25 30 23 227
internal_value=-7.96321e-05 -0.000929672 0.000172112 -5.01433e-05 0.000273609 -0.000270701 0.000413111
internal_weight=445 103 342 69 319 62 257
internal_count=445 103 342 69 319 62 257
is_linear=0
shrinkage=0.01


Tree=350
num_leaves=11
num_cat=1
split_feature=69 6 14 61 94 13 26 21 93 0
split_gain=1.17261 1.12645 1.02214 0.919453 0.291427 0.504591 0.614028 0.0500037 0.0908624 0.0278899
threshold=88.014999390000014 0.4833077380000001 0.58653621450000004 1.5250000955 0 0.67420978350000016 3.9999999830000004 1.6928571290000003 23.773911500000001 0.27560828300000006
decision_type=2 2 2 2 1 2 2 2 8 2
left_child=4 2 -2 -4 5 6 -1 8 -6 -7
right_child=1 -3 3 -5 7 9 -8 -9 -10 -11
leaf_value=0.005436391493215652 6.3787495493570003e-06 0.0012731856676162568 -0.00013430187080753874 -0.00034091546653897332 0.0063811722596998416 0.0011181084139019329 -0.0016654789792791228 0.0028928990433969167 -0.00036419278178586033 0.0012603085248173681
leaf_weight=23 21 33 23 20 34 45 20 198 20 20
leaf_count=23 21 33 23 20 34 45 20 198 20 20
internal_value=-4.2595e-05 -0.00101738 -0.00179012 -0.00265982 0.000216186 -0.00020202 -0.00106164 0.000395738 9.12409e-05 0.00031155
internal_weight=457 97 64 43 360 108 43 252 54 65
internal_count=457 97 64 43 360 108 43 252 54 65
cat_boundaries=0 1
cat_threshold=34671618
is_linear=0
shrinkage=0.01


Tree=351
num_leaves=9
num_cat=0
split_feature=93 48 18 25 60 77 0 0
split_gain=1.12981 1.39394 2.47036 0.550056 0.657487 0.250625 0.0632155 0.0757048
threshold=20.899222515000002 19.699999870000003 37.955000000000005 2.2285714190000001 4.4649996755000005 8.9285713265000002 0.26921189550000008 0.28231254200000006
decision_type=10 2 2 2 2 2 2 2
left_child=1 3 -3 4 -1 -5 -2 -8
right_child=6 2 -4 5 -6 -7 7 -9
leaf_value=0.0019700628132441654 0.0036755707424728744 -0.002131105753492373 3.4847947517912052e-05 -0.00020282161467684968 -0.00070143067785105573 0.00080573955847978822 -0.0027416762908967249 0.0068671845620856663
leaf_weight=28 178 20 29 39 31 90 20 26
leaf_count=28 178 20 29 39 31 90 20 26
internal_value=-0.000102858 -0.000586627 -0.00207831 -0.000180085 -0.000978261 0.000173344 0.000400356 2.13675e-05
internal_weight=461 237 49 188 59 129 224 46
internal_count=461 237 49 188 59 129 224 46
is_linear=0
shrinkage=0.01


Tree=352
num_leaves=10
num_cat=0
split_feature=91 25 39 12 30 80 20 17 6
split_gain=1.58037 1.06544 0.990613 0.558093 0.998806 0.246758 0.15805 0.188056 0.0686894
threshold=93.898297925000023 2.2285714405000001 6.7999999560000015 0.67691778550000015 3.0142856840000003 14.959999970000002 2.5642856870000004 0.69710014300000012 0.39272507150000008
decision_type=2 2 2 2 2 2 2 2 2
left_child=1 2 -1 4 -3 -2 -7 -8 -6
right_child=5 3 -4 -5 8 6 7 -9 -10
leaf_value=-0.00069441637107254563 -0.00024547876670767324 -0.00015743573555641242 -0.0013186934039522455 0.0018608364747879249 4.5952254019490273e-05 0.0041933645457345918 -0.00083925319187866344 0.0037117847549377738 -1.1215407328564326e-05
leaf_weight=31 24 26 33 50 23 216 20 24 20
leaf_count=31 24 26 33 50 23 216 20 24 20
internal_value=-0.000180633 -0.000905876 -0.00194444 -0.000321369 -0.000909742 0.000280899 0.000375767 -0.000133929 0
internal_weight=467 183 64 119 69 284 260 44 43
internal_count=467 183 64 119 69 284 260 44 43
is_linear=0
shrinkage=0.01


Tree=353
num_leaves=10
num_cat=1
split_feature=33 92 79 62 94 1 23 57 10
split_gain=1.90992 0.71509 0.485636 0.465378 0.333558 0.927757 0.0866203 0.0640731 0.0778705
threshold=6.035714285500001 23.193183440000002 3.7528571465000007 39.570000645000007 0 0.23458046400000002 1.8214285670000001 5.4549999235000008 0.66591503800000018
decision_type=2 10 2 2 1 2 2 2 2
left_child=2 3 -1 -2 5 -4 -7 -6 -9
right_child=1 -3 4 -5 7 6 -8 8 -10
leaf_value=-0.0013910827767651777 -0.00013821960963137414 2.5624520547265082e-06 -0.00053510554226384171 -0.00018482097443266808 0.0023532125384415009 -0.00027949935778209925 0.0031425710279932642 0.00074889873295496648 -0.00056987643538127842
leaf_weight=20 23 26 22 25 214 25 53 27 20
leaf_count=20 23 26 22 25 214 25 53 27 20
internal_value=-0.000154673 -0.00161765 0.00012703 -0.00233607 0.000216971 -0.000252708 0.000215736 0.000399191 3.13808e-05
internal_weight=455 74 381 48 361 100 78 261 47
internal_count=455 74 381 48 361 100 78 261 47
cat_boundaries=0 1
cat_threshold=167837710
is_linear=0
shrinkage=0.01


Tree=354
num_leaves=8
num_cat=0
split_feature=78 65 18 47 49 17 92
split_gain=1.78329 0.888087 0.967274 0.428883 0.266673 0.34643 0.198223
threshold=7.5607142530000013 7.1699995995000014 45.065000000000005 18.899999935 49.199999815000005 0.69032116700000012 20.766363120000005
decision_type=2 2 2 2 2 2 8
left_child=4 2 -2 -3 6 -6 -1
right_child=1 3 -4 -5 5 -7 -8
leaf_value=-0.00071240999573406291 -0.0021843794277483985 -3.717794756026584e-05 -7.6929113564043296e-05 0.0017281320426229037 -0.0015033901355296611 0.0076920737465984114 0.0031054170122344934
leaf_weight=36 31 20 38 36 29 26 231
leaf_count=36 31 20 38 36 29 26 231
internal_value=-0.000144038 -0.0011566 -0.00191261 -0.000176056 0.000244734 -0.000367383 0.000379014
internal_weight=447 125 69 56 322 55 267
internal_count=447 125 69 56 322 55 267
is_linear=0
shrinkage=0.01


Tree=355
num_leaves=11
num_cat=0
split_feature=87 7 76 17 70 16 92 91 0 16
split_gain=1.67186 0.817337 0.945797 0.32244 0.535969 0.247417 0.162279 0.194354 0.164893 0.342006
threshold=22.573571345000001 0.62304800000000016 5.7235714285000006 0.55502561900000014 49.80499887500001 0.54516340450000011 25.164862530000004 93.323628775000017 0.27026441650000005 0.7073590715000001
decision_type=2 2 2 2 2 2 10 2 2 2
left_child=3 2 5 4 -1 -2 7 -5 -9 -10
right_child=1 -3 -4 6 -6 -7 -8 8 9 -11
leaf_value=-0.00024650139280386343 -0.00011783008220851663 0.001862481730268109 -0.00017096509820003439 -0.00040909507770995251 0.0011139107682529672 1.6671933259179843e-05 0.0031795743769619227 0.0026382153107333845 -0.0027677954900310222 0.0044746659625680332
leaf_weight=20 24 20 32 20 35 21 166 78 22 29
leaf_count=20 24 20 32 20 35 21 166 78 22 29
internal_value=-0.000159256 -0.00132413 -0.00179306 0.000142934 -0.000546595 -0.000775109 0.000270741 1.66889e-05 0.000173344 -0.000241313
internal_weight=467 97 77 370 55 45 315 149 129 51
internal_count=467 97 77 370 55 45 315 149 129 51
is_linear=0
shrinkage=0.01


Tree=356
num_leaves=11
num_cat=0
split_feature=69 4 5 79 16 29 43 41 40 5
split_gain=0.729045 0.988805 0.833838 0.467792 0.226018 0.362825 0.23777 0.348068 0.0439007 0.0186605
threshold=88.639999390000014 0.36724350000000006 0.35555621450000002 3.6892857095000005 0.6125375715000001 2.2285714235000005 6.2500000070000015 1.1000000050000003 12.499999910000001 0.33406026200000005
decision_type=2 2 2 2 2 2 2 2 2 2
left_child=3 2 -2 -1 5 -5 8 -8 -6 -7
right_child=1 -3 -4 4 6 9 7 -9 -10 -11
leaf_value=-0.0013374337768335045 -3.4647352849188301e-06 0.00020876635009747368 -0.00013542183527488549 -0.00044311592172653966 0.0034732109284834854 -3.3037129048643471e-05 0.0016003103851264856 -0.0028147034149107819 0.0054930249377687455 0.00071009329879313939
leaf_weight=20 21 28 23 28 221 20 26 21 20 25
leaf_count=20 21 28 23 28 221 20 26 21 20 25
internal_value=-6.94138e-05 -0.000989011 -0.00191964 0.000100838 0.000189331 -0.000291328 0.00031856 -0.000303347 0.000448718 0.000229258
internal_weight=453 72 44 381 361 73 288 47 241 45
internal_count=453 72 44 381 361 73 288 47 241 45
is_linear=0
shrinkage=0.01


Tree=357
num_leaves=9
num_cat=0
split_feature=75 77 2 2 12 62 51 5
split_gain=0.635114 0.970305 0.625268 0.494025 0.236897 0.14014 0.0550693 0.0838677
threshold=6.7878571705000006 8.9900000095000028 0.28740464300000007 0.34313876200000004 0.71531635700000018 41.605000020000013 0.35000000900000006 0.37716700000000009
decision_type=2 2 2 2 2 2 2 2
left_child=6 2 -2 -4 5 -3 7 -1
right_child=1 4 3 -5 -6 -7 -8 -9
leaf_value=-0.00054861828982130168 -0.0013659358001350266 0.00059132518509188721 0.00047143352989146778 -0.00014738910914444188 -0.0051548404249509277 -6.6487781966899641e-05 0.0033769699762448129 0.0021427930585819219
leaf_weight=20 30 101 26 23 21 20 177 30
leaf_count=20 30 101 26 23 21 20 177 30
internal_value=2.6738e-05 -0.000349414 -0.00123434 -0.000471888 0.000133053 0.000316092 0.000401668 5.90551e-05
internal_weight=448 221 79 49 142 121 227 50
internal_count=448 221 79 49 142 121 227 50
is_linear=0
shrinkage=0.01


Tree=358
num_leaves=9
num_cat=0
split_feature=6 40 48 34 21 40 92 0
split_gain=0.87375 1.21335 1.72533 0.411157 0.255757 0.629636 0.133947 0.0417632
threshold=0.47193557150000004 2.2500000000000004 19.699999870000003 3.8714285920000004 1.7428571285000001 5.3499999050000007 22.679679890000006 0.096633000000000011
decision_type=2 2 2 2 2 2 10 2
left_child=1 2 3 -1 5 -3 -7 -2
right_child=7 4 -4 -5 -6 6 -8 -9
leaf_value=-0.00083125943033264895 0.0020432327599039886 -0.0008878710280900762 -0.0018358006295328677 0.00030985735541595071 0.0020488407029125638 0.0056991105039835678 -0.00093508195190657617 0.0020657589424296027
leaf_weight=31 20 27 26 37 73 51 33 158
leaf_count=31 20 27 26 37 73 51 33 158
internal_value=-0.000109457 -0.000462697 -0.00138186 -0.000494186 1.28611e-11 -0.000290698 0.000117925 0.000430649
internal_weight=456 278 94 68 184 111 84 178
internal_count=456 278 94 68 184 111 84 178
is_linear=0
shrinkage=0.01


Tree=359
num_leaves=10
num_cat=0
split_feature=57 57 70 62 63 63 14 28 10
split_gain=1.23459 1.9694 0.868927 0.500858 0.337056 0.383414 0.13488 0.140732 0.0302359
threshold=5.084999561500001 5.4849991795000008 55.559998510000007 41.785000325000006 30.225000860000005 29.379999635000004 0.59000164300000013 3.2928571530000004 0.60340492850000016
decision_type=2 2 2 2 2 2 2 2 2
left_child=3 -2 4 6 5 -3 -1 -8 -6
right_child=1 2 -4 -5 8 -7 7 -9 -10
leaf_value=-0.00017649254499594899 -0.00060993209623807143 0.00012882553687115647 -0.00016186859860195586 -0.00043084335992763564 -6.9990880098981824e-05 -0.00014379709580624188 -0.00024867132320135934 0.0022987656777547442 0.0027448395123876425
leaf_weight=20 20 25 20 22 20 21 23 230 53
leaf_count=20 20 25 20 22 20 21 23 230 53
internal_value=-0.000156113 -0.000866708 -0.000418455 0.000221433 -7.09516e-05 -0.000747863 0.000345142 0.000411742 0.000331978
internal_weight=454 159 139 295 119 46 273 253 73
internal_count=454 159 139 295 119 46 273 253 73
is_linear=0
shrinkage=0.01


Tree=360
num_leaves=9
num_cat=0
split_feature=92 34 52 6 6 29 76 29
split_gain=0.798579 0.688421 0.682154 0.983579 0.137701 0.218582 0.110241 0.0357385
threshold=20.799410295000005 4.1857142960000013 3.5000000375000004 0.50877650000000008 0.44363492850000003 2.0714285795000005 5.1871428170000007 2.4928571325000006
decision_type=8 2 2 2 2 2 2 2
left_child=2 4 -1 -4 5 -2 -7 -8
right_child=1 -3 3 -5 -6 6 7 -9
leaf_value=0.00022936922864675587 -0.00016029280956189902 -0.00017933388088612197 -0.0025817852810810422 0.00057354811370864884 0.0029279932421701965 -6.9925791969733153e-05 0.00056670287201206204 0.0054161625213796959
leaf_weight=34 20 35 29 21 201 20 82 20
leaf_count=34 20 35 29 21 201 20 82 20
internal_value=-1.51253e-05 0.000176874 -0.000896226 -0.00163386 0.000318499 6.30252e-05 0.000236156 0.000379377
internal_weight=462 378 84 50 343 142 122 102
internal_count=462 378 84 50 343 142 122 102
is_linear=0
shrinkage=0.01


Tree=361
num_leaves=9
num_cat=0
split_feature=75 47 6 75 23 34 28 41
split_gain=0.684822 0.593425 0.814459 0.883628 0.544252 0.257808 0.117458 0.0377424
threshold=6.7878571705000006 15.800000125000002 0.48547450000000009 7.4307142790000009 1.685714283 4.085714255000001 3.2928571530000004 17.050000045000001
decision_type=2 2 2 2 2 2 2 2
left_child=6 2 3 -2 -3 7 -1 -6
right_child=1 4 -4 -5 5 -7 -8 -9
leaf_value=0.00051683899113964598 -0.0025893029485477954 -0.00020212363839221939 0.0019018942680818374 -9.7157255044612767e-05 0.0011840909759130841 -0.0001355518139751505 0.0032682807351670203 2.0699781919125493e-05
leaf_weight=27 27 25 22 23 99 22 194 20
leaf_count=27 27 25 22 23 99 22 194 20
internal_value=0 -0.000372697 -0.00112637 -0.00183071 -2.9976e-05 0.000200987 0.000399008 0.000396494
internal_weight=459 238 72 50 166 141 221 119
internal_count=459 238 72 50 166 141 221 119
is_linear=0
shrinkage=0.01


Tree=362
num_leaves=11
num_cat=0
split_feature=75 7 11 40 26 42 76 62 4 48
split_gain=0.646666 0.662028 0.824449 0.506657 0.767384 0.80672 0.111033 0.092428 0.0686894 0.0374013
threshold=6.7878571705000006 0.5852201425000001 0.68560650000000012 2.0499999525000003 3.9214285440000003 10.849999875000002 5.2742857675000012 41.180000780000007 0.34339566650000003 22.500000005000004
decision_type=2 2 2 2 2 2 2 2 2 2
left_child=7 2 3 4 8 -6 -5 9 -2 -1
right_child=1 -3 -4 6 5 -7 -8 -9 -10 -11
leaf_value=0.0034441727895604375 -0.00010188578508182732 0.001768205338323984 -0.0048130599117653036 -5.9792143618494958e-05 -0.00023744848727281755 -8.0453653089591437e-05 2.3699393940594705e-05 0.0030861960831240786 0.0016390725479406207 0.00060664283492220029
leaf_weight=171 20 64 22 20 24 22 50 29 23 22
leaf_count=171 20 64 22 20 24 22 50 29 23 22
internal_value=-3.09961e-05 -0.000388527 -0.00070132 -0.000428661 -0.000929844 -0.00181624 0.000183616 0.000354578 0 0.000436017
internal_weight=467 245 181 159 89 46 70 222 43 193
internal_count=467 245 181 159 89 46 70 222 43 193
is_linear=0
shrinkage=0.01


Tree=363
num_leaves=10
num_cat=0
split_feature=91 26 53 29 0 91 23 8 1
split_gain=0.431294 0.709414 0.822058 0.323156 0.231296 0.127491 0.109312 0.0434414 0.0166011
threshold=94.211373285000022 3.9928571325000006 2.4999999665000003 2.4214285700000002 0.31458908350000009 90.564114850000024 1.9499999965000001 0.49459371450000006 0.21109292850000003
decision_type=2 2 2 2 2 2 2 2 2
left_child=1 5 -3 8 6 -1 7 -2 -4
right_child=4 2 3 -5 -6 -7 -8 -9 -10
leaf_value=4.936725691141642e-05 0.00054903064578280597 -0.0010486613796557142 3.3295810988221482e-05 -0.00017387343432660184 -0.00057911813926889632 -2.8098802716632291e-05 -0.0009065704602142674 0.0046073230247983118 2.8227768256068861e-05
leaf_weight=72 20 31 22 21 25 20 26 204 20
leaf_count=72 20 31 22 21 25 20 26 204 20
internal_value=1.84062e-05 -0.000347966 -0.000959916 -0.000258621 0.000273749 0.000258621 0.000370813 0.00044484 0.00021028
internal_weight=461 186 94 63 275 92 250 224 42
internal_count=461 186 94 63 275 92 250 224 42
is_linear=0
shrinkage=0.01


Tree=364
num_leaves=8
num_cat=0
split_feature=80 31 61 16 60 38 17
split_gain=0.889282 0.762809 0.284087 0.147307 0.404991 0.0757084 0.0686894
threshold=15.979285650000001 5.8999999250000004 0.13000011450000001 0.61165600000000009 6.9700007440000009 1.5500000120000001 0.69333804300000013
decision_type=2 2 2 2 2 2 2
left_child=1 2 -1 4 -4 -5 -7
right_child=-2 -3 3 5 -6 6 -8
leaf_value=-0.00036887754379846469 -0.00040821801974031167 -0.00017037437549937743 -0.00030848231151364079 0.0031991848672582985 3.7793058191338862e-05 -0.0030224541073886339 0.0043308328210424707
leaf_weight=20 25 22 34 251 60 20 23
leaf_count=20 25 22 34 251 60 20 23
internal_value=3.40062e-05 0.00014624 0.000249511 0.000313786 -1.05485e-05 0.000424016 0
internal_weight=455 430 408 388 94 294 43
internal_count=455 430 408 388 94 294 43
is_linear=0
shrinkage=0.01


Tree=365
num_leaves=8
num_cat=0
split_feature=92 10 16 17 2 77 75
split_gain=0.541057 0.726808 0.41089 0.691548 0.958021 0.139141 0.100654
threshold=19.042275835000002 0.62670278550000014 0.61165600000000009 0.50356235750000011 0.27276035750000005 9.5085713520000024 5.3978570735000009
decision_type=8 2 2 2 2 2 2
left_child=1 -1 3 -2 -5 6 -4
right_child=2 -3 5 4 -6 -7 -8
leaf_value=-0.00040148504077497013 4.3459116966061428e-05 0.0011864798935322456 0.0016680595450348345 -0.00012743237432076492 5.7208611828559745e-05 -0.00095206003371247293 0.0023500441163375667
leaf_weight=26 49 20 33 31 21 20 249
leaf_count=26 49 20 33 31 21 20 249
internal_value=5.00222e-05 -0.000961538 0.000172115 -0.000368369 -0.00117424 0.000359974 0.000420792
internal_weight=449 46 403 101 52 302 282
internal_count=449 46 403 101 52 302 282
is_linear=0
shrinkage=0.01


Tree=366
num_leaves=10
num_cat=0
split_feature=18 48 18 66 74 35 2 2 9
split_gain=0.918245 1.69656 0.362629 0.244574 0.16507 0.340354 0.153625 0.122488 0.113851
threshold=25.705000000000002 18.999999925000001 19.550000000000001 23.710000040000004 7.9535714555000014 4.6714285780000013 0.20004300000000003 0.35091878550000005 0.52290374150000007
decision_type=2 2 2 2 2 2 2 2 2
left_child=1 2 8 4 6 -6 -2 -7 -1
right_child=3 -3 -4 -5 5 7 -8 -9 -10
leaf_value=-0.0001650576940677774 -1.009272366369587e-05 -0.0017964173266045822 -0.00047087478933030091 -0.0001215552362027254 -0.0013816639859207452 0.0039210948051527075 0.001695105620953705 -0.00094253943337535226 0.0009270320417321885
leaf_weight=20 21 28 21 21 23 64 230 20 53
leaf_count=20 21 28 21 21 23 64 230 20 53
internal_value=-3.48744e-05 -0.000789902 -0.000116034 0.000204055 0.000270346 -4.1744e-05 0.000411041 0.000235849 0.000196477
internal_weight=501 122 94 379 358 107 251 84 73
internal_count=501 122 94 379 358 107 251 84 73
is_linear=0
shrinkage=0.01


Tree=367
num_leaves=10
num_cat=0
split_feature=91 6 0 26 18 39 43 17 63
split_gain=0.891101 1.06945 1.05077 1.23024 1.12285 0.961845 0.270969 0.3368 0.0431691
threshold=95.400250690000021 0.49774500000000005 0.071890014000000016 3.9071428435000004 48.375000000000007 6.7999999560000015 6.5500000270000003 0.68072900000000003 24.565000055000002
decision_type=2 2 2 2 2 2 2 2 2
left_child=1 2 -1 -4 5 -5 8 -8 -2
right_child=6 -3 3 4 -6 -7 7 -9 -10
leaf_value=3.6603656389471248e-05 0.00046429291769200457 0.0014608688826603436 0.0013489107676254986 -0.0018304201365873627 -0.0001218374177786239 -0.0020924286337724424 -0.0029940030247015345 0.0088114579651205442 0.003067813381458436
leaf_weight=34 20 65 24 25 39 24 20 21 195
leaf_count=34 20 65 24 25 39 24 20 21 195
internal_value=-9.51261e-05 -0.000578376 -0.00105586 -0.00152482 -0.00207207 -0.00308233 0.00029595 -0.00041866 0.000442539
internal_weight=467 211 146 112 88 49 256 41 215
internal_count=467 211 146 112 88 49 256 41 215
is_linear=0
shrinkage=0.01


Tree=368
num_leaves=8
num_cat=0
split_feature=16 18 34 23 53 70 40
split_gain=0.587553 0.569257 0.363607 0.309634 0.280704 0.271919 0.0451096
threshold=0.60867407150000019 12.535000000000002 3.6857142620000003 1.9499999965000001 0.60000001650000001 55.559998510000007 12.499999910000001
decision_type=2 2 2 2 2 2 2
left_child=1 -1 -3 4 -2 -4 -6
right_child=3 2 5 -5 6 -7 -8
leaf_value=-0.0022393345021946343 -0.0013558479233742365 -0.00012506831262515207 3.6920873337269499e-05 -0.0014642152925306024 0.0023159174005045842 -0.00016843161897780662 0.0052840930556703122
leaf_weight=24 25 29 68 20 281 21 20
leaf_count=24 25 29 68 20 281 21 20
internal_value=6.54665e-05 -0.000469188 -0.000159933 0.000291234 0.000370257 0.000139198 0.000458913
internal_weight=488 142 118 346 326 89 301
internal_count=488 142 118 346 326 89 301
is_linear=0
shrinkage=0.01


Tree=369
num_leaves=9
num_cat=1
split_feature=94 18 20 18 25 43 19 50
split_gain=0.796033 0.833587 1.04396 0.452832 0.35278 0.210531 0.161012 0.118856
threshold=0 30.740000000000006 2.3142856785000006 112.09000000000002 2.2285714405000001 6.5500000270000003 0.58571429100000005 6.2000001555000006
decision_type=1 2 2 2 2 2 2 2
left_child=1 2 4 7 -1 6 -2 -3
right_child=5 3 -4 -5 -6 -7 -8 -9
leaf_value=-0.0017373798767392925 -0.00017158324550246393 6.1289662775771699e-05 -0.0018083701479687788 -0.00033495570843843889 3.7806857672746697e-05 -0.0016422409375723562 0.0013216269952356673 0.0015810234847797174
leaf_weight=27 20 22 24 39 22 29 230 81
leaf_count=27 20 22 24 39 22 29 230 81
internal_value=-4.24414e-05 -0.000489371 -0.00137534 -4.90196e-05 -0.000471888 0.000301932 0.000410686 0.0002842
internal_weight=494 215 73 142 49 279 250 103
internal_count=494 215 73 142 49 279 250 103
cat_boundaries=0 1
cat_threshold=178850466
is_linear=0
shrinkage=0.01


Tree=370
num_leaves=9
num_cat=0
split_feature=67 41 33 46 56 17 62 4
split_gain=0.609871 0.385724 0.61028 0.4599 0.231682 0.448614 0.129481 0.0390952
threshold=69.935000420000009 11.600000050000002 5.8428571905000011 3.2000000625000005 1.8249998095000002 0.68839085700000013 41.474999905000011 0.32261328600000005
decision_type=2 2 2 2 2 2 2 2
left_child=1 2 3 -1 7 -6 -3 -5
right_child=-2 6 -4 4 5 -7 -8 -9
leaf_value=-0.001068421526353636 -0.00015698908615080858 0.00068268173467588456 -0.00030883250382195859 -1.2136464801515675e-05 -0.002382471302538638 0.007551951668677526 0.00047303355401583146 0.0016647866836615383
leaf_weight=28 22 173 35 20 26 31 24 114
leaf_count=28 22 173 35 20 26 31 24 114
internal_value=-2.42718e-05 5.20142e-05 -0.000200157 0 0.000174661 -0.00033737 0.000386754 0.000408012
internal_weight=473 451 254 219 191 57 197 134
internal_count=473 451 254 219 191 57 197 134
is_linear=0
shrinkage=0.01


Tree=371
num_leaves=9
num_cat=0
split_feature=91 34 52 42 16 76 63 2
split_gain=1.14221 0.876316 0.548018 0.79664 0.379685 0.467194 0.318919 0.0210574
threshold=88.002660915000021 4.085714255000001 3.8999999725000003 7.8999998460000009 0.61165600000000009 6.171428510000001 24.230000020000002 0.18773042850000002
decision_type=2 2 2 2 2 2 2 2
left_child=1 2 7 -4 5 -2 -6 -1
right_child=4 -3 3 -5 6 -7 -8 -9
leaf_value=0.00094982425401648628 5.4429360037875724e-05 -0.00013613596570704399 -0.00089702551743095493 0.00089885142526366509 -0.0012468873559614939 -0.00053244999494628372 0.0035341632521954046 0.00024450717882414184
leaf_weight=20 36 20 32 27 23 22 251 29
leaf_count=20 36 20 32 27 23 22 251 29
internal_value=-8.24653e-05 -0.000885093 -0.000496324 -0.00114548 0.000222356 -0.000493197 0.000382096 0.000251004
internal_weight=460 128 108 59 332 58 274 49
internal_count=460 128 108 59 332 58 274 49
is_linear=0
shrinkage=0.01


Tree=372
num_leaves=9
num_cat=1
split_feature=94 18 64 24 0 0 6 0
split_gain=0.66828 0.901824 1.10418 0.429519 0.138872 0.105772 0.0457229 0.0969204
threshold=0 55.565000000000005 32.099999425000007 2.3000000115000003 0.31458908350000009 0.25096883350000004 0.40456201450000001 0.20080979150000003
decision_type=1 2 2 2 2 2 2 2
left_child=1 2 -1 4 6 -3 7 -2
right_child=3 5 -4 -5 -6 -7 -8 -9
leaf_value=0.00043836543547495207 0.00079627326729904988 0.00031181875402780764 -0.001227220918347497 -0.00011882597919588712 -0.00095471650626015704 -0.00031695954344995795 0.002209699467324622 -0.00059846335229079032
leaf_weight=26 38 45 38 38 20 20 222 20
leaf_count=26 38 45 38 38 20 20 222 20
internal_value=-9.61948e-06 -0.000597282 -0.00148148 0.000220757 0.000359043 0.000159574 0.000420228 0.000119048
internal_weight=467 129 64 338 300 65 280 58
internal_count=467 129 64 338 300 65 280 58
cat_boundaries=0 1
cat_threshold=33556526
is_linear=0
shrinkage=0.01


Tree=373
num_leaves=10
num_cat=0
split_feature=17 34 64 34 64 20 17 2 46
split_gain=0.95751 0.911271 0.787412 0.41858 0.335558 0.292307 0.328281 0.216592 0.0442108
threshold=0.55852528550000013 3.8714285410000007 33.844999315000003 3.6857142620000003 33.784999850000013 2.5642856870000004 0.71286514300000015 0.31771297600000009 8.9499998575000017
decision_type=2 2 2 2 2 2 2 2 2
left_child=1 3 -3 -1 5 8 -7 -6 -2
right_child=4 2 -4 -5 7 6 -8 -9 -10
leaf_value=-0.00050110576378669682 0.0024781562503076622 -0.0017101939441832529 -1.0816188420273385e-05 0.00018831032352884872 -0.00012250239686649643 -0.0014059660062073424 0.0030407064050579991 0.0073282479741653027 0.0020717586947493517
leaf_weight=31 234 23 26 47 20 20 20 23 20
leaf_count=31 234 23 26 47 20 20 20 23 20
internal_value=-7.74527e-05 -0.000817684 -0.00187751 -0.000114213 0.000196862 0.000322252 -0.000441176 -0.000605023 0.000451334
internal_weight=464 127 49 78 337 294 40 43 254
internal_count=464 127 49 78 337 294 40 43 254
is_linear=0
shrinkage=0.01


Tree=374
num_leaves=10
num_cat=0
split_feature=61 17 34 3 6 6 57 47 13
split_gain=0.964834 0.766713 0.683484 0.431248 0.273961 0.267548 0.537573 0.101239 0.0351682
threshold=1.0000000180025095e-35 0.55502561900000014 3.8714285410000007 0.30079107150000006 0.42003183350000006 0.45194978550000003 4.8300004005000003 4.500000022500001 0.71298493350000014
decision_type=2 2 2 2 2 2 2 2 2
left_child=-1 2 4 -4 -2 6 7 -3 -9
right_child=1 5 3 -5 -6 -7 -8 8 -10
leaf_value=-0.001325125575511006 -7.7419530148815376e-05 -0.00083821134553250685 -0.00058062922895983269 -1.2522140786676291e-05 0.0011203099905683514 0.0031268207339481546 -0.00024606627077394902 0.0031392852488228433 0.0017868560201518527
leaf_weight=21 28 21 20 24 39 176 34 78 20
leaf_count=21 28 21 20 24 39 176 34 78 20
internal_value=-0.000124513 -1.81488e-05 -0.000737925 -0.00169643 -6.63717e-05 0.00021983 -7.47724e-05 0.000229549 0.000374494
internal_weight=461 440 111 44 67 329 153 119 98
internal_count=461 440 111 44 67 329 153 119 98
is_linear=0
shrinkage=0.01


Tree=375
num_leaves=9
num_cat=0
split_feature=57 52 7 7 6 27 11 6
split_gain=0.933957 1.10377 0.815301 0.24816 0.387414 0.366839 0.123164 0.0380438
threshold=3.7500004770000008 3.8000000495000004 0.58719269050000011 0.49109864250000007 0.44236657150000008 4.1428571260000009 0.70874671450000004 0.37404064300000006
decision_type=2 2 2 2 2 2 2 2
left_child=7 3 -3 -2 -5 6 -6 -1
right_child=1 2 -4 4 5 -7 -8 -9
leaf_value=0.0026705787343875328 2.6367309569227905e-05 -0.0018625838045694082 0.00036859092215596646 -0.0010191849805418702 0.00139490091868472 -0.00028940234360343229 -0.00037840175729257099 0.003085107181869118
leaf_weight=22 57 39 20 24 65 22 20 189
leaf_count=22 57 39 20 24 65 22 20 189
internal_value=-4.14124e-05 -0.000462066 -0.00164716 -7.41525e-05 -0.000322458 -4.1744e-05 0.000238928 0.000441454
internal_weight=458 247 59 188 131 107 85 211
internal_count=458 247 59 188 131 107 85 211
is_linear=0
shrinkage=0.01


Tree=376
num_leaves=8
num_cat=0
split_feature=22 14 0 20 51 32 76
split_gain=0.432085 0.380371 0.718927 0.332428 0.208162 0.0938259 0.0445915
threshold=1.8928571260000002 0.63403364300000009 0.071890014000000016 2.6071428400000003 0.80000002300000006 3.9214285445000008 6.171428510000001
decision_type=2 2 2 2 2 2 2
left_child=3 2 -2 6 5 -3 -1
right_child=1 4 -4 -5 -6 -7 -8
leaf_value=0.0044070262266179558 0.00047209443117789812 -1.1746641623639884e-05 -0.00098175398066812172 -0.0013016824693557649 -0.00062189528616761447 1.0984126209702938e-05 -5.4726827758268929e-05
leaf_weight=252 24 26 39 21 21 71 20
leaf_count=252 24 26 39 21 21 71 20
internal_value=0.000115838 -0.000261276 -0.00088558 0.000355684 5.89226e-05 0.000270961 0.000454545
internal_weight=474 181 63 293 118 97 272
internal_count=474 181 63 293 118 97 272
is_linear=0
shrinkage=0.01


Tree=377
num_leaves=9
num_cat=0
split_feature=88 20 11 13 26 4 63 43
split_gain=0.633476 0.653626 0.912931 0.798236 0.28062 0.32786 0.138546 0.0411671
threshold=17.035714290000005 2.3000000115000003 0.59088350000000012 0.70832061250000011 3.9571428470000005 0.33003183350000004 24.410000800000002 1.2500000485000002
decision_type=2 2 2 2 2 2 2 2
left_child=6 4 -3 -4 -2 -6 -1 -8
right_child=1 2 3 -5 5 -7 7 -9
leaf_value=-0.0012886656322526168 0.00098067883427912909 -0.0017475907345579184 0.0029260018300724918 -0.00059386102917808865 -0.00011182771598255144 6.191759572993535e-06 4.8509353855358698e-06 0.0031005837492400026
leaf_weight=21 79 24 42 25 27 36 21 211
leaf_count=21 79 24 42 25 27 36 21 211
internal_value=2.25966e-05 -0.000348589 -0.00100763 -0.000361357 6.30252e-05 -0.00041536 0.00037234 0.000446735
internal_weight=486 233 91 67 142 63 253 232
internal_count=486 233 91 67 142 63 253 232
is_linear=0
shrinkage=0.01


Tree=378
num_leaves=10
num_cat=0
split_feature=53 16 4 3 13 22 17 42 0
split_gain=0.94272 0.586852 0.498631 1.18311 0.217429 0.136149 0.27886 0.0704965 0.0686894
threshold=0.60000001650000001 0.61165600000000009 0.28100307150000009 0.29700407100000009 0.65834065000000008 1.7142857015000004 0.68374750000000006 12.700000025000003 0.15174629200000003
decision_type=2 2 2 2 2 2 2 2 2
left_child=-1 2 -2 -4 -5 6 -3 -7 -9
right_child=1 5 3 4 -6 7 -8 8 -10
leaf_value=-0.0014472983335873401 2.2849812245339124e-05 -0.0011725286731067599 -0.00097023250904150666 -8.3611431929880015e-05 1.7426640591816563e-05 0.0029771638916968536 0.0060761776149202478 0.0024975170985987285 -0.00062749210202211905
leaf_weight=22 37 27 39 21 39 181 36 23 20
leaf_count=22 37 27 39 21 39 181 36 23 20
internal_value=-7.96321e-05 2.24162e-05 -0.000511696 -0.000886774 0 0.000283183 -0.000101881 0.000400356 0
internal_weight=445 423 136 99 60 287 63 224 43
internal_count=445 423 136 99 60 287 63 224 43
is_linear=0
shrinkage=0.01


Tree=379
num_leaves=9
num_cat=0
split_feature=70 18 47 70 42 10 22 4
split_gain=0.635837 0.648569 0.681179 0.342019 0.307354 0.222084 0.216629 0.0342222
threshold=49.250000000000007 24.335000000000004 16.399999875000002 50.275001050000007 2.7999999190000007 0.69101535700000005 1.6571428695000001 0.41280121450000007
decision_type=2 2 2 2 2 2 2 2
left_child=4 2 -2 -3 -1 7 -6 -5
right_child=1 3 -4 5 6 -7 -8 -9
leaf_value=-0.00094110465646906867 -0.0021095248609266644 -0.00036464449389015985 0.00075704287159336289 0.0002995874016177482 -0.00049325304046464122 -0.00011139176570262255 0.0017827079847743635 -2.885355417239767e-06
leaf_weight=20 30 30 20 72 33 36 227 20
leaf_count=20 30 30 20 72 33 36 227 20
internal_value=-2.86416e-05 -0.000450192 -0.00143701 -0.000119647 0.000277778 9.31677e-05 0.000375767 0.000366379
internal_weight=488 208 50 158 280 128 260 92
internal_count=488 208 50 158 280 128 260 92
is_linear=0
shrinkage=0.01


Tree=380
num_leaves=9
num_cat=0
split_feature=80 76 18 69 0 20 20 80
split_gain=0.931838 0.448851 0.277755 0.610679 0.313003 0.237856 0.0441713 0.0983101
threshold=15.969285760000002 5.1749999650000005 25.705000000000002 88.014999390000014 0.28399154150000006 2.3571428145000008 2.3571428655000006 15.044999940000002
decision_type=2 2 2 2 2 2 2 2
left_child=1 -1 3 5 6 -3 -4 -8
right_child=-2 2 4 -5 -6 -7 7 -9
leaf_value=-0.00088186244776779828 -0.0016244987314689091 0.0036448912816667168 0.00037026339062504638 -0.00227325875521062 -0.00018936697215943545 -2.8747020823001653e-05 0.0027150578095870431 -0.00059852307304951967
leaf_weight=20 23 55 219 20 36 22 39 20
leaf_count=20 23 55 219 20 36 22 39 20
internal_value=-2.41864e-05 7.75822e-05 0.000154201 -0.000301636 0.000301779 8.35476e-05 0.000419656 0.000125418
internal_weight=454 431 411 97 314 77 278 59
internal_count=454 431 411 97 314 77 278 59
is_linear=0
shrinkage=0.01


Tree=381
num_leaves=10
num_cat=0
split_feature=79 15 7 10 22 12 28 12 0
split_gain=0.998483 0.67568 0.455299 0.625343 0.189837 0.377943 0.101267 0.0435274 0.0204918
threshold=3.7528571465000007 0.61547571450000016 0.53542550000000011 0.5295081665000001 1.9285714205000002 0.71725157150000018 3.2928571530000004 0.59284042850000007 0.23642664750000003
decision_type=2 2 2 2 2 2 2 2 2
left_child=-1 2 3 -2 6 8 -3 -8 -6
right_child=1 4 -4 -5 5 -7 7 -9 -10
leaf_value=-0.0012503025480983066 3.0128187581500716e-06 0.00044233611355480541 8.6595704127488897e-06 -0.00094038945696162612 3.2453776397024243e-06 -0.00080054551461582267 0.0021915309153010005 0.0019861710014164834 0.0022478550843212149
leaf_weight=21 33 28 38 39 20 20 20 207 28
leaf_count=21 33 28 38 39 20 20 20 207 28
internal_value=-9.01495e-05 1.03735e-05 -0.000658845 -0.00112637 0.000245522 -0.000203488 0.000373339 0.000445566 0.000245902
internal_weight=454 433 110 72 323 68 255 227 48
internal_count=454 433 110 72 323 68 255 227 48
is_linear=0
shrinkage=0.01


Tree=382
num_leaves=10
num_cat=0
split_feature=75 41 14 0 41 35 63 47 11
split_gain=0.616995 0.832191 0.402781 0.486895 0.538781 0.135437 0.120305 0.0425128 0.0340528
threshold=6.7878571705000006 1.4999999810000002 0.63403364300000009 0.071890014000000016 10.949999780000002 4.164285694000001 24.230000020000002 15.250000020000002 0.70717742850000009
decision_type=2 2 2 2 2 2 2 2 2
left_child=6 -2 3 -3 -5 -4 -1 -8 -7
right_child=1 2 5 4 -6 8 7 -9 -10
leaf_value=-0.0010489978753638329 -0.0009077154353385493 0.00015389375122683906 -2.6224705329088092e-05 -9.8625013730828125e-06 -0.00060977932886278625 7.8027747237964464e-06 0.0028231546943146314 0.0014504983356920559 0.0019710391451475016
leaf_weight=23 20 23 32 27 28 71 176 20 20
leaf_count=23 20 23 32 27 28 71 176 20 20
internal_value=-1.81488e-05 -0.0003945 -0.000185828 -0.000748731 -0.00126344 0.000157512 0.000352593 0.000436992 0.000364924
internal_weight=440 221 201 78 55 123 219 196 91
internal_count=440 221 201 78 55 123 219 196 91
is_linear=0
shrinkage=0.01


Tree=383
num_leaves=9
num_cat=1
split_feature=94 48 2 53 19 43 6 11
split_gain=0.493084 0.558497 0.673365 0.76267 0.251611 0.115739 0.125003 0.366676
threshold=0 11.700000150000003 0.30092292850000008 2.4000000170000004 0.58571429100000005 7.6000000495000011 0.42003183350000006 0.62818764300000007
decision_type=1 2 2 2 2 2 2 2
left_child=1 -1 3 -3 -2 6 7 -6
right_child=4 2 -4 -5 5 -7 -8 -9
leaf_value=0.0027157758172908102 -4.608929446859124e-05 -0.0016021581257901808 0.00021685851663814102 -0.0017358623390746634 7.0865602754817338e-05 -0.00016910090747602525 0.0014198248375673081 -0.00085801254414203678
leaf_weight=34 22 20 27 20 62 21 234 26
leaf_count=34 22 20 27 20 62 21 234 26
internal_value=6.64096e-05 -0.000514311 -0.00109882 -0.00191176 0.00024082 0.000318499 0.000368649 2.25225e-05
internal_weight=466 101 67 40 365 343 322 88
internal_count=466 101 67 40 365 343 322 88
cat_boundaries=0 1
cat_threshold=67714
is_linear=0
shrinkage=0.01


Tree=384
num_leaves=8
num_cat=1
split_feature=94 76 15 3 50 50 0
split_gain=0.673396 0.871131 0.254016 0.143765 0.0400632 0.104623 0.0264977
threshold=0 6.3878571730000013 0.5913322860000001 0.23366657150000003 14.849999900000002 19.500000385000003 0.12761261450000003
decision_type=1 2 2 2 2 2 2
left_child=1 2 -1 -2 -5 -6 -4
right_child=3 -3 6 4 5 -7 -8
leaf_value=-4.8130295320084591e-05 -1.469014566217853e-06 -0.00056180106405059719 -1.8668961774529994e-05 0.001058578802217593 -0.00017094733358430426 0.0040229906646003432 0.0015284309566197228
leaf_weight=28 20 25 20 257 20 44 41
leaf_count=28 20 25 20 257 20 44 41
internal_value=0.000143703 -0.000488782 -3.89755e-05 0.000365264 0.000430392 0.000154321 0.000299353
internal_weight=455 114 89 341 321 64 61
internal_count=455 114 89 341 321 64 61
cat_boundaries=0 1
cat_threshold=35717765
is_linear=0
shrinkage=0.01


Tree=385
num_leaves=9
num_cat=0
split_feature=61 16 60 22 67 74 60 2
split_gain=1.37276 0.496343 0.706694 0.743015 0.238799 0.115692 0.0413544 0.0996547
threshold=1.0000000180025095e-35 0.62942708900000011 7.2000002860000007 1.8928571260000002 68.444999695000021 8.3828570840000012 4.0450000765 0.28431474300000004
decision_type=2 2 2 2 2 2 2 2
left_child=-1 2 3 -2 -4 6 -3 -8
right_child=1 5 4 -5 -6 -7 7 -9
leaf_value=-0.0011287222184803369 0.00078931406966437914 0.0046733909452711031 1.5653685056716704e-05 -0.0018348438348167004 -9.8775223772914327e-06 -0.00044541698694238255 -0.0006289233401822658 0.0027997158064141138
leaf_weight=23 27 197 75 38 24 23 20 40
leaf_count=23 27 197 75 38 24 23 20 40
internal_value=-3.09961e-05 8.99281e-05 -0.000339806 -0.00114742 0.000175351 0.000349003 0.000413111 0.000131579
internal_weight=467 444 164 65 99 280 257 60
internal_count=467 444 164 65 99 280 257 60
is_linear=0
shrinkage=0.01


Tree=386
num_leaves=9
num_cat=0
split_feature=79 62 22 56 70 47 10 20
split_gain=1.0795 1.00947 0.294612 0.421489 0.243492 0.0488429 0.0376458 0.0441421
threshold=3.6778571140000005 41.785000325000006 1.8999999845000002 0.48499965650000004 54.925000665000006 17.799999900000003 0.53166428550000011 2.5857142550000005
decision_type=2 2 2 2 2 2 2 2
left_child=-1 2 6 4 5 -4 -2 -8
right_child=1 -3 3 -5 -6 -7 7 -9
leaf_value=-0.0012105865289145225 3.9826200375939932e-06 -0.0015204674246833754 3.4127086430115567e-05 -0.0024593171306659116 -0.00014530836389034491 1.7628911081795759e-05 0.0023615824754743349 0.00082909008479699722
leaf_weight=21 20 24 69 27 20 43 231 20
leaf_count=21 20 24 69 27 20 43 231 20
internal_value=-1.05085e-06 9.89446e-05 0.000215877 -0.00011577 0.000105422 0.000301418 0.000417586 0.000450755
internal_weight=475 454 430 159 132 112 271 251
internal_count=475 454 430 159 132 112 271 251
is_linear=0
shrinkage=0.01


Tree=387
num_leaves=8
num_cat=0
split_feature=16 22 79 46 48 39 6
split_gain=0.497681 0.687678 0.556685 0.0901655 0.0822465 0.186828 0.0757048
threshold=0.54217126200000021 1.9071428520000002 3.6778571140000005 8.8500000315000005 10.700000170000001 5.5999999975000003 0.42336860700000006
decision_type=2 2 2 2 2 2 2
left_child=1 -1 -2 4 5 -4 -3
right_child=2 6 3 -5 -6 -7 -8
leaf_value=-0.0016273874596090909 -0.0011984806636253754 0.0001252221454310981 -0.0020483963251865358 0.00093122569616538808 0.0014920744622251552 0.0053622848672637705 -1.3551167400750215e-05
leaf_weight=22 21 26 26 29 281 52 20
leaf_count=22 21 26 26 29 281 52 20
internal_value=0.00013918 -0.000639535 0.000274524 0.000365226 0.00040995 8.88325e-05 2.13675e-05
internal_weight=477 68 409 388 359 78 46
internal_count=477 68 409 388 359 78 46
is_linear=0
shrinkage=0.01


Tree=388
num_leaves=8
num_cat=0
split_feature=33 37 61 14 77 28 50
split_gain=1.09157 0.541993 0.478052 0.260227 0.176902 0.104473 0.0680176
threshold=6.0928571225000008 1.0000000180025095e-35 1.0000000180025095e-35 0.59000164300000013 9.5085713520000024 3.2928571530000004 1.5999999900000001
decision_type=2 2 2 2 2 2 2
left_child=2 -2 -1 -4 5 -5 -7
right_child=1 -3 3 4 -6 6 -8
leaf_value=-0.00019436613388328951 3.8642992756527223e-06 -0.00011596460184896607 -0.0018354634734870426 -3.9125825387997806e-05 -0.00028145039667813455 0.0017179351327892671 0.0017476922524916518
leaf_weight=20 24 26 34 26 31 46 241
leaf_count=20 24 26 34 26 31 46 241
internal_value=-5.34759e-05 -0.00143701 0.000117854 0.000203274 0.000290023 0.000364882 0.000422168
internal_weight=448 50 398 378 344 313 287
internal_count=448 50 398 378 344 313 287
is_linear=0
shrinkage=0.01


Tree=389
num_leaves=11
num_cat=0
split_feature=17 4 4 0 70 70 16 12 20 0
split_gain=1.22486 0.707645 1.10928 0.871904 0.269285 0.642742 0.542986 0.217555 0.0430078 0.0323472
threshold=0.56045252350000008 0.36148483350000005 0.27893685700000009 0.099150083000000014 49.250000000000007 51.254999160000004 0.65516954750000012 0.69445437600000015 2.5999999730000005 0.29496735400000001
decision_type=2 2 2 2 2 2 2 2 2 2
left_child=1 2 -1 -4 8 6 -6 -3 -2 -7
right_child=4 7 3 -5 5 9 -8 -9 -10 -11
leaf_value=2.5098114449335394e-05 0.0027980595782107617 0.002235897655005445 -0.00079501064555050755 -0.00044203290044874353 0.00083739171199968029 0.00029915395894831775 -0.00060811877254407563 -6.1484181718860712e-06 0.00050661044524900585 0.0056867265366030558
leaf_weight=25 190 33 21 24 20 62 20 20 20 20
leaf_count=25 190 33 21 24 20 62 20 20 20 20
internal_value=-8.88547e-05 -0.000941034 -0.00159605 -0.00252183 0.000222356 -0.000138436 -0.00117647 -2.7881e-05 0.000441176 0.000350242
internal_weight=455 123 70 45 332 122 40 53 210 82
internal_count=455 123 70 45 332 122 40 53 210 82
is_linear=0
shrinkage=0.01


Tree=390
num_leaves=9
num_cat=1
split_feature=94 8 39 79 19 1 2 35
split_gain=1.09998 0.866467 0.813486 0.435224 0.322084 0.152371 0.0734472 0.0449426
threshold=0 0.62310266650000012 7.100000102000001 3.7049999420000006 0.58571429100000005 0.32139909500000002 0.31537385700000004 3.2571428335000001
decision_type=1 2 2 2 2 2 2 2
left_child=1 2 -1 -2 -5 7 -3 -6
right_child=3 6 -4 4 5 -7 -8 -9
leaf_value=-0.0013119671333679545 -0.00023007170802501618 -3.3433369052347232e-05 0.0002932294182487136 -7.1315009984693252e-05 0.0076815690787028915 -0.00087820257293529851 0.0015579714219077295 0.00092267390903044938
leaf_weight=36 24 20 24 20 20 20 25 271
leaf_count=36 24 20 24 20 20 20 25 271
internal_value=-6.07639e-05 -0.000911054 -0.00177632 0.000206397 0.000311935 0.000396087 1.0917e-05 0.000457505
internal_weight=460 105 60 355 331 311 45 291
internal_count=460 105 60 355 331 311 45 291
cat_boundaries=0 1
cat_threshold=646
is_linear=0
shrinkage=0.01


Tree=391
num_leaves=9
num_cat=0
split_feature=15 14 83 18 61 33 0 84
split_gain=1.48009 0.790815 0.337311 0.344548 0.311727 0.158003 0.179847 0.0399613
threshold=0.61547571450000016 0.62163488100000008 10.152142830000003 31.965000000000003 1.0000000180025095e-35 5.9714285645000009 0.13817531250000004 12.954999990000003
decision_type=2 2 2 2 2 2 2 2
left_child=1 2 3 -1 -2 7 -7 -6
right_child=4 -3 -4 -5 5 6 -8 -9
leaf_value=-0.0018317921584562876 -0.00029178810929597496 -8.045235114812373e-05 0.00036379254264716423 0.00013522080451697574 0.0026815601312692038 6.9120260808610835e-05 -0.00071413444527068453 0.0015892257229252319
leaf_weight=33 20 35 28 23 270 22 20 22
leaf_count=33 20 35 28 23 270 22 20 22
internal_value=-2.42718e-05 -0.000989149 -0.000424528 -0.000880282 0.000295941 0.000373357 -0.000163551 0.00045765
internal_weight=473 119 84 56 354 334 42 292
internal_count=473 119 84 56 354 334 42 292
is_linear=0
shrinkage=0.01


Tree=392
num_leaves=10
num_cat=0
split_feature=39 26 20 76 48 6 4 1 41
split_gain=0.636803 0.723193 1.1103 0.603032 0.227745 0.180261 0.133561 0.170852 0.0427332
threshold=6.9999997465000012 4.0642856870000008 2.4142857365000006 6.171428510000001 24.550000110000003 0.49774500000000005 0.32095100000000004 0.16733992850000004 16.900000150000004
decision_type=2 2 2 2 2 2 2 2 2
left_child=1 3 -3 6 8 -5 7 -1 -2
right_child=4 2 -4 5 -6 -7 -8 -9 -10
leaf_value=0.00048382967512988751 0.0031505078835225163 -0.00064451661319636308 0.0022329043806663426 -0.0015918842687025379 -0.0007708076923493097 -8.7530893215019608e-06 0.0010439007325752541 -4.7504407279397244e-05 0.0027045327441341024
leaf_weight=20 182 30 26 20 28 21 86 20 20
leaf_count=20 182 30 26 20 28 21 86 20 20
internal_value=-4.73777e-05 -0.000431189 -0.00140845 -8.64124e-05 0.000316291 -0.00113636 0.00024448 -0.000196078 0.000438856
internal_weight=453 223 56 167 230 41 126 40 202
internal_count=453 223 56 167 230 41 126 40 202
is_linear=0
shrinkage=0.01


Tree=393
num_leaves=10
num_cat=0
split_feature=80 57 77 9 4 20 50 1 0
split_gain=0.407868 0.365224 0.831294 0.184997 0.328281 0.136744 0.0738812 0.0686894 0.0337027
threshold=15.969285760000002 5.3149995805000012 8.8857142585000002 0.67387765000000022 0.44178923800000008 2.5857142550000005 6.2000001035000007 0.22607490000000002 0.068555750000000013
decision_type=2 2 2 2 2 2 2 2 2
left_child=1 5 -3 8 -5 6 7 -1 -4
right_child=-2 2 3 4 -6 -7 -8 -9 -10
leaf_value=-0.0001186372846304156 -0.00059085356380102335 -0.0010470133451098626 0.000130053015339651 -0.00053358215614573014 0.0015411747631480807 -0.0012544593670874794 0.0012732829697507818 0.0013401031792727518 2.8005955255258823e-05
leaf_weight=20 21 30 20 20 20 20 222 23 69
leaf_count=20 21 30 20 20 20 20 222 23 69
internal_value=6.54788e-05 0.000134892 -0.000240926 9.6302e-05 -0.000441176 0.000351645 0.000415726 0 0.000361915
internal_weight=465 444 159 129 40 285 265 43 89
internal_count=465 444 159 129 40 285 265 43 89
is_linear=0
shrinkage=0.01


Tree=394
num_leaves=8
num_cat=0
split_feature=79 60 20 42 25 20 16
split_gain=0.858291 0.590571 0.539755 0.405184 0.412541 0.103456 0.0342222
threshold=3.7957142740000003 4.5400004390000008 2.2785714185000008 3.0499999900000003 2.2000000095000005 2.5642856870000004 0.5334143575000001
decision_type=2 2 2 2 2 2 2
left_child=-1 5 3 4 -3 -2 -5
right_child=1 2 -4 6 -6 -7 -8
leaf_value=-0.00061447366117746861 0.002848192483002816 -0.002313075839479171 -0.00080855007886466296 0.00012927923551357985 5.3338862748531399e-06 0.00025303497537515761 0.00080120233954294301
leaf_weight=33 246 20 35 20 36 32 72
leaf_count=33 246 20 35 20 36 32 72
internal_value=1.01051e-05 0.000126678 -0.000307399 -2.68817e-05 -0.000704225 0.000419656 0.000366379
internal_weight=494 461 183 148 56 278 92
internal_count=494 461 183 148 56 278 92
is_linear=0
shrinkage=0.01


Tree=395
num_leaves=10
num_cat=1
split_feature=94 2 18 88 22 32 20 0 1
split_gain=0.920573 1.00757 0.737714 0.746849 0.345312 0.437731 0.0441188 0.0235968 0.0235968
threshold=0 0.30092292850000008 55.565000000000005 17.136428835 1.9285714205000002 3.9928571325000006 2.5499999865000005 0.28062749300000006 0.30522864250000009
decision_type=1 2 2 2 2 2 2 2 2
left_child=1 2 3 -1 6 8 -2 -3 -6
right_child=4 7 -4 -5 5 -7 -8 -9 -10
leaf_value=-0.00096792292196492961 0.0019637549252920976 0.0014021359948762234 -4.7037688968080948e-05 -0.0017324499849544971 0.00073648436151811441 -6.6196988366292212e-05 0.00049145038987696355 0.0029301818876096013 0.0055698484976169117
leaf_weight=25 230 34 35 20 34 35 20 20 20
leaf_count=25 230 34 35 20 34 35 20 20 20
internal_value=-2.42718e-05 -0.000697514 -0.0014604 -0.00230349 0.000250143 -0.000261693 0.000450558 0.000273723 0.000273723
internal_weight=473 134 80 45 339 89 250 54 54
internal_count=473 134 80 45 339 89 250 54 54
cat_boundaries=0 1
cat_threshold=167774342
is_linear=0
shrinkage=0.01


Tree=396
num_leaves=9
num_cat=0
split_feature=15 74 79 73 0 74 20 20
split_gain=0.599369 0.738015 0.508729 0.33112 0.875261 0.168959 0.231727 0.029128
threshold=0.61458771400000012 7.5914285185000008 3.7957142740000003 -2.7007142854999997 0.079744916500000027 7.9050000395000009 2.3785714080000004 2.6142856900000004
decision_type=2 2 2 2 2 2 2 2
left_child=1 3 -2 4 -1 -4 -7 -8
right_child=2 -3 5 -5 -6 6 7 -9
leaf_value=4.914955155901195e-05 -0.00025551783057765274 -9.515847171398825e-05 0.0014221255771157532 0.00094836068880972538 -0.00083986861832236858 -0.00095714899248779801 0.0010238019724868794 0.0025384368326894021
leaf_weight=25 22 20 237 41 20 31 49 20
leaf_count=25 22 20 237 41 20 31 49 20
internal_value=4.40103e-05 -0.000608614 0.000243191 -0.000172811 -0.000775109 0.000344879 0 0.00032235
internal_weight=465 106 359 86 45 337 100 69
internal_count=465 106 359 86 45 337 100 69
is_linear=0
shrinkage=0.01


Tree=397
num_leaves=12
num_cat=0
split_feature=16 16 10 0 36 88 0 12 0 35 27
split_gain=0.745406 0.98168 0.262678 0.296787 0.470067 0.247349 0.357807 0.174007 0.0734472 0.0424747 0.0294163
threshold=0.61165600000000009 0.59502289300000011 0.62512742850000014 0.21413445850000004 4.8499999725000009 17.123571325000004 0.071051750000000011 0.67535481600000014 0.27330042700000007 5.157142878000001 3.7071428470000005
decision_type=2 2 2 2 2 2 2 2 2 2 2
left_child=1 5 3 10 -5 6 -1 -7 -6 -4 -2
right_child=2 -3 9 4 8 7 -8 -9 -10 -11 -12
leaf_value=2.7115771876194075e-05 0.0020402835673182314 -0.0004654524093789301 0.0033942545742994936 -0.00099553162323392065 0.0045455413183838377 0.00031812004467024328 -0.00083146993213914673 -6.307894917979593e-06 -0.00031448217877577905 0.0030810250747474884 0.000599217681354273
leaf_weight=21 20 21 175 27 25 45 20 26 20 20 50
leaf_count=21 20 21 175 27 25 45 20 26 20 20 50
internal_value=-4.8853e-05 -0.000683856 0.000196862 -0.000119048 -0.000576923 -0.000283688 -0.000897129 4.87465e-05 1.0917e-05 0.00043667 0.000324859
internal_weight=470 133 337 142 72 112 41 71 45 195 70
internal_count=470 133 337 142 72 112 41 71 45 195 70
is_linear=0
shrinkage=0.01


Tree=398
num_leaves=9
num_cat=0
split_feature=57 90 3 62 12 46 57 28
split_gain=0.674359 1.01756 0.942928 0.443373 0.384015 0.28614 0.426615 0.115725
threshold=3.7500004770000008 19.100000110000003 0.22594576200000002 37.194999220000007 0.72410804750000013 3.2999999895000003 4.5749998095000004 3.2928571530000004
decision_type=2 2 2 2 2 2 2 2
left_child=7 2 -2 -4 5 6 -3 -1
right_child=1 4 3 -5 -6 -7 -8 -9
leaf_value=0.00066133864900487288 3.5808486314829884e-05 0.0019217121347728265 -0.0001162582988624402 -0.0022109041882974502 -0.0006237396294516837 0.00043175997393040506 -0.00022487684843526846 0.0021890512711675979
leaf_weight=27 22 28 23 37 22 117 26 178
leaf_count=27 22 28 23 37 22 117 26 178
internal_value=-3.74376e-05 -0.000364394 -0.00129227 -0.00194079 2.32198e-05 0.000194994 -0.000383212 0.000391156
internal_weight=480 275 82 60 193 171 54 205
internal_count=480 275 82 60 193 171 54 205
is_linear=0
shrinkage=0.01


Tree=399
num_leaves=8
num_cat=0
split_feature=79 91 25 91 43 56 6
split_gain=1.10257 0.660419 0.834425 0.552363 0.307734 0.2152 0.0360075
threshold=3.7957142740000003 95.400250690000021 2.2000000095000005 92.567865010000006 5.3500001430000008 2.0650000575000003 0.35166500000000006
decision_type=2 2 2 2 2 2 2
left_child=-1 2 -2 4 6 -3 -4
right_child=1 5 3 -5 -6 -7 -8
leaf_value=-0.00092128632879577815 -0.0019693692808085699 0.0025638954825127048 -7.8586186178880367e-06 -0.0012298933276797856 -7.4730588442983682e-05 -0.0014845585738348366 0.00010023338484513031
leaf_weight=26 26 218 20 23 30 33 84
leaf_count=26 26 218 20 23 30 33 84
internal_value=-8.24653e-05 3.44986e-05 -0.000416213 -0.000123574 0.000111276 0.000371326 0.000381679
internal_weight=460 434 183 157 134 251 104
internal_count=460 434 183 157 134 251 104
is_linear=0
shrinkage=0.01


Tree=400
num_leaves=10
num_cat=0
split_feature=17 18 60 80 80 0 14 23 41
split_gain=0.641358 0.605107 1.03962 0.494373 0.64214 0.0977982 0.127812 0.0939964 0.0440478
threshold=0.55852528550000013 71.410000000000011 7.3550000190000011 14.992142815000003 14.899999890000002 0.26921189550000008 0.71195683350000005 1.8285714515000002 16.950000295000006
decision_type=2 2 2 2 2 2 2 2 2
left_child=1 2 -1 4 -2 8 -7 -3 -5
right_child=3 7 -4 5 -6 6 -8 -9 -10
leaf_value=-0.001633129021113393 0.0041971480263851522 1.24972965719895e-05 1.4070775150902497e-05 0.0021697666994476045 -0.0010011024703580282 -0.0026447246041017502 0.0057564399647492348 -6.1322825898956264e-06 0.00071743720549239135
leaf_weight=37 23 36 29 227 24 28 32 20 20
leaf_count=37 23 36 29 227 24 28 32 20 20
internal_value=0 -0.000627036 -0.00127246 0.000211387 -0.000721757 0.000362248 0 0.000105634 0.00044996
internal_weight=476 122 66 354 47 307 60 56 247
internal_count=476 122 66 354 47 307 60 56 247
is_linear=0
shrinkage=0.01


Tree=401
num_leaves=10
num_cat=1
split_feature=94 18 0 61 15 3 39 62 0
split_gain=0.490107 0.932844 0.245297 0.217444 0.11967 0.165251 0.0377754 0.036714 0.02997
threshold=0 25.705000000000002 0.31458908350000009 0.32499980950000001 0.58697047650000012 0.24689704800000004 10.100000125000003 41.474999905000011 0.11679660400000001
decision_type=1 2 2 2 2 2 2 2 2
left_child=1 -1 4 -3 5 -2 7 -6 -5
right_child=2 3 -4 8 6 -7 -8 -9 -10
leaf_value=-0.0015880207702761604 2.2014467369444252e-05 -4.777745116315897e-05 -0.00063932574926283097 1.6957257184747623e-05 0.001457801294387714 -0.00011273602963293709 4.6246004174534615e-06 0.0041046211686841839 0.0026312374418109314
leaf_weight=38 25 21 23 20 231 22 20 23 52
leaf_count=38 25 21 23 20 231 22 20 23 52
internal_value=5.3594e-05 -0.000440762 0.000253664 4.79744e-05 0.000337166 -9.41422e-05 0.000418486 0.000451334 0.00032967
internal_weight=475 131 344 93 321 47 274 254 72
internal_count=475 131 344 93 321 47 274 254 72
cat_boundaries=0 1
cat_threshold=167772294
is_linear=0
shrinkage=0.01


Tree=402
num_leaves=9
num_cat=0
split_feature=15 18 57 79 34 22 12 75
split_gain=0.656615 0.630525 0.599398 0.255574 0.221808 0.176264 0.424274 0.101786
threshold=0.63098250000000011 12.535000000000002 7.3599996570000004 3.6892857095000005 3.6857142620000003 1.9285714205000002 0.7188131095000001 5.3978570735000009
decision_type=2 2 2 2 2 2 2 2
left_child=1 -1 4 -2 -3 7 -7 -5
right_child=3 2 -4 5 -6 6 -8 -9
leaf_value=-0.0014337940473344575 -0.00022795167169032315 -0.00060904633046147895 -0.00011159991464898669 0.00098834256530999707 1.2348255071641147e-05 0.00070875838087967576 -0.0010057883588214529 0.0021214072366725952
leaf_weight=27 21 24 21 32 61 35 20 222
leaf_count=27 21 24 21 32 61 35 20 222
internal_value=-1.40146e-05 -0.000609118 -0.000234082 0.000220677 0.000122378 0.00029858 -0.000188172 0.000412088
internal_weight=463 133 106 330 85 309 55 254
internal_count=463 133 106 330 85 309 55 254
is_linear=0
shrinkage=0.01


Tree=403
num_leaves=8
num_cat=1
split_feature=70 94 48 64 92 56 6
split_gain=0.794867 0.46796 0.727094 0.183402 0.134485 0.146691 0.045266
threshold=55.684998515000011 0 19.800000220000005 32.529999735000011 18.397204175000002 2.1849999425000006 0.3393112860000001
decision_type=2 1 2 2 8 2 2
left_child=1 2 3 -1 -3 6 -6
right_child=-2 4 -4 -5 5 -7 -8
leaf_value=0.0005016014030377816 -3.3801900724905019e-05 -0.0020676954465470602 -0.0012255675013812992 -9.0367081392063158e-05 0.00083862367633387848 -0.00066787246778731617 0.0013215321905930446
leaf_weight=50 20 20 30 26 20 21 291
leaf_count=50 20 20 30 26 20 21 291
internal_value=7.72765e-05 0.000167829 -0.000385274 7.8125e-05 0.000341786 0.000402644 0.000460231
internal_weight=478 458 106 76 352 332 311
internal_count=478 458 106 76 352 332 311
cat_boundaries=0 1
cat_threshold=4196390
is_linear=0
shrinkage=0.01


Tree=404
num_leaves=11
num_cat=0
split_feature=48 75 11 39 16 29 26 14 62 0
split_gain=0.763964 0.757454 0.615186 0.146887 0.3368 0.117741 0.299935 0.196002 0.0831816 0.0294163
threshold=17.899999905000005 7.9528570960000016 0.55803550000000013 9.4999997210000018 0.72378202350000009 2.1000000070000007 3.9071428435000004 0.6784618575000001 41.180000780000007 0.27330042700000007
decision_type=2 2 2 2 2 2 2 2 2 2
left_child=5 2 -2 9 -5 6 -1 -8 -7 -4
right_child=1 -3 3 4 -6 8 7 -9 -10 -11
leaf_value=0.0043342927730324393 -0.0014875719705568747 -9.400958855078794e-05 1.661033503822854e-05 -0.0028256018515974146 0.0062765775730767312 0.0011278422547894797 0.0027231286511297491 -0.00163314009027059 -9.4767226312613448e-05 0.0046806437050677021
leaf_weight=56 20 25 50 20 21 188 21 20 38 20
leaf_count=56 20 25 50 20 21 188 21 20 38 20
internal_value=0 -0.00057398 -0.000246586 3.13059e-05 -0.00041866 0.000276405 0 -0.000657895 0.000401235 0.000324859
internal_weight=479 156 131 111 41 323 97 41 226 70
internal_count=479 156 131 111 41 323 97 41 226 70
is_linear=0
shrinkage=0.01


Tree=405
num_leaves=9
num_cat=0
split_feature=79 17 29 43 47 4 14 2
split_gain=0.524756 0.572901 0.553924 0.200419 0.0698541 0.0639114 0.0446307 0.0261223
threshold=3.7957142740000003 0.55502561900000014 2.2142857055000005 0.94999998800000018 4.2499999255000009 0.36167550000000009 0.58827842850000012 0.33941090000000007
decision_type=2 2 2 2 2 2 2 2
left_child=-1 2 -2 -4 5 -3 -6 -5
right_child=1 4 3 7 6 -7 -8 -9
leaf_value=-7.5463812150961573e-05 -0.0011936113462233131 -0.0013207613112301956 -6.5750315895559859e-05 5.4179807315572665e-06 0.0019635964898281196 0.006036902003025214 0.0025047036374819345 0.00027195598231172599
leaf_weight=27 26 20 32 40 20 21 254 20
leaf_count=27 26 20 32 40 20 21 254 20
internal_value=8.24653e-05 0.000171738 -0.000412458 -2.15517e-05 0.000397403 0 0.000454876 0.000296053
internal_weight=460 433 118 92 315 41 274 60
internal_count=460 433 118 92 315 41 274 60
is_linear=0
shrinkage=0.01


Tree=406
num_leaves=11
num_cat=0
split_feature=79 33 18 46 6 2 34 46 40 1
split_gain=1.07074 0.834963 1.10039 1.1426 0.173779 0.3519 0.383414 0.0950404 0.23209 0.0204918
threshold=3.6778571140000005 5.9714285645000009 50.895000000000003 3.2000000810000002 0.41071290450000003 0.24034504750000005 3.8000000030000005 6.1000000610000003 4.749999947500001 0.21667271400000002
decision_type=2 2 2 2 2 2 2 2 2 2
left_child=-1 4 3 -3 5 -2 -7 -6 -9 -4
right_child=1 2 9 -5 7 6 -8 8 -10 -11
leaf_value=-0.0011043937834634341 0.0014261733445817962 -1.2838345165427454e-05 1.0999787360220887e-05 -0.0023766549990819059 0.0028102172971352386 -0.0012348261242763879 0.0059748092250836646 -0.00018787379044740574 0.0011204347895248416 0.0008109490668858566
leaf_weight=20 49 25 20 25 193 21 25 21 45 28
leaf_count=20 49 25 20 25 193 21 25 21 45 28
internal_value=-8.88325e-05 8.83394e-06 -0.000799595 -0.00183071 0.000239572 -0.000109603 -0.000747863 0.000375289 1.49701e-05 0.000245902
internal_weight=472 452 98 50 354 95 46 259 66 48
internal_count=472 452 98 50 354 95 46 259 66 48
is_linear=0
shrinkage=0.01


Tree=407
num_leaves=9
num_cat=0
split_feature=79 16 6 54 33 24 70 6
split_gain=0.675695 0.477953 0.49471 0.722957 0.541804 0.149586 0.2756 0.110726
threshold=3.7957142740000003 0.6125375715000001 0.49774500000000005 3.6000000685000004 5.8928571430000005 1.8428571350000003 49.524999145000002 0.40597171450000008
decision_type=2 2 2 2 2 2 2 2
left_child=-1 2 3 -2 -5 6 7 -3
right_child=1 5 -4 4 -6 -7 -8 -9
leaf_value=-0.00020037498605414374 -0.00028690002301264759 -0.00075924651288915789 0.0011067096583492926 -0.00060033578577891092 7.7291726259530456e-06 0.002189780350471605 -0.0011480301369792712 0.0057384659728708523
leaf_weight=28 29 23 42 25 42 164 28 76
leaf_count=28 29 23 42 25 42 164 28 76
internal_value=-4.2595e-05 5.23499e-05 -0.000425072 -0.000826446 -0.000213864 0.000286155 1.17371e-05 0.000275551
internal_weight=457 429 138 96 67 291 127 99
internal_count=457 429 138 96 67 291 127 99
is_linear=0
shrinkage=0.01


Tree=408
num_leaves=10
num_cat=0
split_feature=57 52 22 15 4 12 6 45 0
split_gain=0.748752 0.738796 0.801491 0.381556 0.340902 0.28267 0.14018 0.195577 0.0389323
threshold=3.7500004770000008 4.1499999725000007 1.7571428415000001 0.58525135750000012 0.28100307150000009 0.72183314250000008 0.40597171450000008 0.70000002150000007 0.13454388900000003
decision_type=2 2 2 2 2 2 2 2 2
left_child=6 2 -2 4 -4 8 7 -1 -5
right_child=1 -3 3 5 -6 -7 -8 -9 -10
leaf_value=-0.00081099149825998617 -0.00023269220385910641 -0.00024695159260362055 3.1680959882166307e-05 3.7406414964533073e-05 -0.00010579850959620071 -0.0006565503528171043 0.0023072429606845225 0.0053635717873089361 0.0019707668825000605
leaf_weight=20 23 39 22 20 21 21 161 26 112
leaf_count=20 23 39 22 20 21 21 161 26 112
internal_value=-9.76814e-05 -0.000459815 -0.000220655 0 -0.000833333 0.000224317 0.000344081 -0.000106838 0.000406627
internal_weight=465 258 219 196 43 153 207 46 132
internal_count=465 258 219 196 43 153 207 46 132
is_linear=0
shrinkage=0.01


Tree=409
num_leaves=10
num_cat=0
split_feature=61 84 68 13 6 19 12 69 19
split_gain=0.720412 0.579232 0.415317 0.507337 0.259253 0.140077 0.44054 0.0758519 0.0436928
threshold=1.0000000180025095e-35 13.134285655000001 66.634999275000027 0.68585156800000002 0.34209185700000005 0.98571427800000011 0.72049457150000007 79.730000500000003 0.61428572250000013
decision_type=2 2 2 2 2 2 2 2 2
left_child=-1 4 3 -3 -2 8 7 -7 -6
right_child=1 2 -4 -5 5 6 -8 -9 -10
leaf_value=-0.0010901209029609228 -0.00073456247504177579 -7.4251643211168265e-05 6.4052275170301458e-06 7.0833805403932824e-06 2.7522362578566961e-05 -0.00034966859083644983 -0.00064998484928893566 0.0023678641307415542 0.0015201371978319441
leaf_weight=20 21 30 20 20 20 32 21 76 213
leaf_count=20 21 30 20 20 20 32 21 76 213
internal_value=-3.16588e-06 7.60247e-05 -0.000748588 -0.00124016 0.000233194 0.000300441 1.92604e-05 0.000294118 0.000446963
internal_weight=473 453 70 50 383 362 129 108 233
internal_count=473 453 70 50 383 362 129 108 233
is_linear=0
shrinkage=0.01


Tree=410
num_leaves=10
num_cat=0
split_feature=91 20 23 50 28 79 20 20 14
split_gain=0.8539 0.77471 0.62089 0.374179 0.313952 0.304201 0.165889 0.0835029 0.0432623
threshold=95.400250690000021 2.3571428655000006 1.685714283 15.100000050000002 4.2214285645000009 3.7528571465000007 2.3000000115000003 2.5642856870000004 0.62768507100000004
decision_type=2 2 2 2 2 2 2 2 2
left_child=1 2 4 6 -1 -2 -4 8 -7
right_child=5 -3 3 -5 -6 7 -8 -9 -10
leaf_value=-0.00078255742392091402 -0.00027500239257075942 -0.001134533243579039 0.00091551185848162285 -3.2405701476590945e-05 -0.00091999565065673569 3.7881794175075331e-05 -9.9677963248072791e-05 0.00013145829630602088 0.0035837276476472736
leaf_weight=20 20 24 81 22 20 20 33 33 198
leaf_count=20 20 24 81 22 20 20 33 33 198
internal_value=-9.00805e-05 -0.000587649 -0.000339366 0 -0.00142157 0.000270419 0.00021777 0.000371326 0.000443327
internal_weight=471 200 176 136 40 271 114 251 218
internal_count=471 200 176 136 40 271 114 251 218
is_linear=0
shrinkage=0.01


Tree=411
num_leaves=11
num_cat=0
split_feature=47 6 56 50 14 63 45 9 6 14
split_gain=0.779544 0.85969 1.4205 0.675213 0.256514 0.119082 0.136704 0.108891 0.0432928 0.033337
threshold=14.000000320000002 0.46072752350000007 0.095000267000000013 13.800000050000003 0.65923650000000011 24.230000020000002 1.0000000180025095e-35 0.58228697500000004 0.37637250000000005 0.7224771860000001
decision_type=2 2 2 2 2 2 2 2 2 2
left_child=5 2 3 7 -3 -1 -7 -2 -8 -6
right_child=1 4 -4 -5 9 6 8 -9 -10 -11
leaf_value=-0.00016818719357341959 -2.1790757623891804e-05 -0.00010430581160694231 -0.0014462487701271435 -2.8929018017372727e-05 0.00068120295215100626 -1.8383547625707124e-05 0.00078964404771872593 0.00027967464801394756 0.0028608203819685653 0.00025321882432496
leaf_weight=20 31 20 22 23 67 21 20 32 199 20
leaf_count=20 31 20 22 23 67 21 20 32 199 20
internal_value=-6.41026e-05 -0.000512048 -0.00113971 -0.000518433 0.000106679 0.00029908 0.000365449 0 0.000443585 0.00035877
internal_weight=475 215 108 86 107 260 240 63 219 87
internal_count=475 215 108 86 107 260 240 63 219 87
is_linear=0
shrinkage=0.01


Tree=412
num_leaves=10
num_cat=1
split_feature=94 48 40 18 18 50 77 16 2
split_gain=1.09036 0.866753 1.24128 0.313737 0.555604 0.214801 0.133056 0.0389031 0.0231242
threshold=0 17.999999820000003 1.7500000000000002 30.740000000000006 19.550000000000001 2.0000000410000003 9.6028571130000007 0.53848464250000017 0.25239192850000008
decision_type=1 2 2 2 2 2 2 2 2
left_child=1 5 -3 4 8 -1 7 -5 -2
right_child=3 2 -4 6 -6 -7 -8 -9 -10
leaf_value=-0.00028136392283326295 5.9240619090392092e-05 -1.5501941018112977e-05 -0.0013853386575112118 0.00012813221543273482 -0.00070884208384683952 0.0015839539827262647 -7.1015585334242647e-05 0.0020047939363179077 0.0028515177342108003
leaf_weight=32 20 30 37 22 30 36 22 219 33
leaf_count=32 20 30 37 22 30 36 22 219 33
internal_value=-9.85886e-05 -0.000826475 -0.00168879 0.000198991 -0.000316229 -5.81395e-05 0.00037718 0.000448718 0.000269517
internal_weight=481 135 67 346 83 68 263 241 53
internal_count=481 135 67 346 83 68 263 241 53
cat_boundaries=0 1
cat_threshold=536873126
is_linear=0
shrinkage=0.01


Tree=413
num_leaves=10
num_cat=0
split_feature=91 26 54 91 8 49 17 10 8
split_gain=1.32686 0.90641 1.82379 1.31179 0.310124 0.157902 0.283075 0.0838677 0.0296969
threshold=95.953702695000018 3.9785714490000004 6.5999999940000009 83.42103185500001 0.55946985700000018 39.300000435000008 0.68839085700000013 0.62670278550000014 0.67090952400000015
decision_type=2 2 2 2 2 2 2 2 2
left_child=1 4 3 -3 -1 -2 -7 -4 -6
right_child=5 2 7 -5 8 6 -8 -9 -10
leaf_value=-0.0014734361370508603 0.0035508280054629446 -0.0013728630574089146 -8.0604310899717743e-05 -4.8845216885946584e-05 0.00075759894160013039 -0.00092592841777984036 0.0049705844852547107 0.0002219327713632022 0.0011503909944435228
leaf_weight=26 191 27 20 36 51 28 42 30 20
leaf_count=26 191 27 20 36 51 28 42 30 20
internal_value=-0.000132471 -0.000725806 -0.00133128 -0.00245298 0 0.000338044 -4.23729e-05 5.90551e-05 0.000327298
internal_weight=471 210 113 63 97 261 70 50 71
internal_count=471 210 113 63 97 261 70 50 71
is_linear=0
shrinkage=0.01


Tree=414
num_leaves=9
num_cat=0
split_feature=16 76 50 61 76 56 62 4
split_gain=0.717189 0.488126 0.324432 0.290191 0.206757 0.180417 0.0823703 0.0615385
threshold=0.61165600000000009 6.0664286485000014 15.200000110000001 0.13000011450000001 5.6314285505000008 2.0650000575000003 41.180000780000007 0.35949607150000001
decision_type=2 2 2 2 2 2 2 2
left_child=1 2 4 -2 -1 6 -5 -8
right_child=3 -3 -4 5 -6 -7 7 -9
leaf_value=-0.00094502859456941789 -7.8460194479132821e-05 -0.00014216892022646339 -1.5979821400230596e-05 0.0022147194441346314 0.00046855502891117001 -0.0013851601300978651 -0.00070555272426386733 0.012143579407484662
leaf_weight=37 20 37 20 240 51 34 20 20
leaf_count=37 20 37 20 240 51 34 20 20
internal_value=0 -0.00058642 -0.000220588 0.000253883 2.25225e-05 0.000333545 0.000420228 0
internal_weight=479 145 108 334 88 314 280 40
internal_count=479 145 108 334 88 314 280 40
is_linear=0
shrinkage=0.01


Tree=415
num_leaves=11
num_cat=0
split_feature=75 6 26 3 64 21 33 62 91 4
split_gain=0.979747 0.908395 0.98999 1.64671 0.917104 0.757516 0.287521 0.190082 0.0423975 0.0221279
threshold=6.7878571705000006 0.51259321400000013 3.9357142450000002 0.24689704800000004 32.920001030000009 1.8428571305000003 4.9785714150000011 35.01000023000001 93.13407500000001 0.32261328600000005
decision_type=2 2 2 2 2 2 2 2 2 2
left_child=6 2 7 -4 -5 -6 -1 -2 -8 -9
right_child=1 -3 3 4 5 -7 8 9 -10 -11
leaf_value=-0.00030812007803777248 -0.00028493192948414106 0.0021707057321625886 3.0914596163847701e-05 -0.0010173400260913021 -0.0045651696489708181 0.0012995602776339034 0.0031626134517423192 1.6042049653917943e-05 0.0022235168045423087 0.00093762653223401402
leaf_weight=38 20 55 35 32 21 21 20 20 173 31
leaf_count=38 20 55 35 32 21 21 20 20 173 31
internal_value=-0.000182091 -0.000638253 -0.000984513 -0.00158015 -0.00241979 -0.00133178 0.000273943 -3.48189e-05 0.000436017 0.000260618
internal_weight=466 235 180 109 74 42 231 71 193 51
internal_count=466 235 180 109 74 42 231 71 193 51
is_linear=0
shrinkage=0.01


Tree=416
num_leaves=8
num_cat=0
split_feature=62 62 62 62 62 36 9
split_gain=0.647829 0.204131 0.763358 0.144582 0.360307 0.138147 0.0804874
threshold=41.785000325000006 39.330001355000007 37.950001240000013 34.889999865000007 34.299999235000008 4.421428595500001 0.57241047500000009
decision_type=2 2 2 2 2 2 2
left_child=1 2 3 4 -1 -5 -3
right_child=-2 6 -4 5 -6 -7 -8
leaf_value=0.0029868419169588743 -0.0012705159467031801 1.3253953789208204e-05 -0.0022701521729431122 -0.00067728686480429212 -0.00022435106069443851 0.0015630738982620968 0.00093302548869392461
leaf_weight=28 23 38 27 21 21 119 163
leaf_count=28 23 38 27 21 21 119 163
internal_value=6.35209e-05 0.000159167 -4.61254e-05 0.000171233 -0.000271084 0.000340909 0.000388999
internal_weight=440 417 216 189 49 140 201
internal_count=440 417 216 189 49 140 201
is_linear=0
shrinkage=0.01


Tree=417
num_leaves=11
num_cat=0
split_feature=57 22 15 77 14 12 6 14 12 0
split_gain=0.695464 0.441246 0.716368 0.957646 0.601727 0.32403 0.146458 0.191897 0.0375363 0.0210574
threshold=3.7500004770000008 1.7571428415000001 0.61458771400000012 8.9807142870000032 0.62163488100000008 0.72410804750000013 0.40597171450000008 0.6933450240000002 0.61078514250000004 0.087940229000000023
decision_type=2 2 2 2 2 2 2 2 2 2
left_child=6 -2 3 -3 9 8 7 -1 -4 -5
right_child=1 2 5 4 -6 -7 -8 -9 -10 -11
leaf_value=0.0003784518853522226 -0.00024268012952201939 -0.00059460337712026966 0.0011385503043281002 0.00021707187028653169 -2.1615046618044303e-05 -0.0027656084547110385 0.0030170851270014971 -0.001324486368369938 3.6084300694367343e-05 0.00025864696345531674
leaf_weight=25 20 24 20 29 21 30 173 20 97 20
leaf_count=25 20 24 20 29 21 30 173 20 97 20
internal_value=-5.93997e-05 -0.000410619 -0.000279156 -0.000959916 -0.000324859 0.000145467 0.00035192 -0.000120087 0.000394737 0.000251004
internal_weight=479 261 241 94 70 147 218 45 117 49
internal_count=479 261 241 94 70 147 218 45 117 49
is_linear=0
shrinkage=0.01


Tree=418
num_leaves=9
num_cat=0
split_feature=52 22 22 13 33 22 77 22
split_gain=0.700294 0.425687 0.440764 0.284171 0.274199 0.212545 0.129448 0.0444076
threshold=0.35000000900000006 1.8928571260000002 1.9071428520000002 0.72528151650000006 4.921428510000001 2.0642856955000002 8.9900000095000028 1.6571428695000001
decision_type=2 2 2 2 2 2 2 2
left_child=-1 4 -3 5 -2 6 -4 -6
right_child=1 2 3 -5 7 -7 -8 -9
leaf_value=-0.00019851348213897429 -0.00082720236981571643 -0.0018497644031443446 -0.00015849716438506015 -0.0038987552684038506 0.0025170141363300416 -2.1302098366888616e-05 0.00011561405807914502 0.0016791561416645332
leaf_weight=21 25 23 21 24 20 22 91 243
leaf_count=21 25 23 21 24 20 22 91 243
internal_value=2.64874e-05 0.00011175 -0.000261276 -5.6675e-05 0.000353186 0.000111276 0.000301418 0.000452995
internal_weight=490 469 181 158 288 134 112 263
internal_count=490 469 181 158 288 134 112 263
is_linear=0
shrinkage=0.01


Tree=419
num_leaves=11
num_cat=0
split_feature=57 58 17 12 63 9 26 20 5 4
split_gain=0.831777 0.615889 0.534865 0.598307 0.208083 0.203677 0.256792 0.0439257 0.0226349 0.0221279
threshold=5.2750005725000007 0.074999809500000014 0.48417957150000007 0.65512350000000008 30.429999830000003 0.57241047500000009 3.9714286160000003 2.5928571225000003 0.44505078550000005 0.31054607150000008
decision_type=2 2 2 2 2 2 2 2 2 2
left_child=5 2 -2 -4 -5 6 -1 -7 -3 -8
right_child=1 8 3 4 -6 7 9 -9 -10 -11
leaf_value=-0.001431312418531936 1.668560095271683e-05 0.0018087440847538473 -0.0010686889807795627 -0.00043341617307798966 2.930162224555963e-05 0.0012108712978741287 0.0014389752262665002 -0.00012685885778924462 0.0024771890056407438 0.0015211349483976754
leaf_weight=26 28 32 27 26 21 222 31 20 20 20
leaf_count=26 28 32 27 26 21 222 31 20 20 20
internal_value=9.49769e-06 -0.000587855 -0.00104086 -0.00148396 -0.000721757 0.000304878 -0.000122108 0.000448929 0.000265152 0.000260618
internal_weight=473 154 102 74 47 319 77 242 52 51
internal_count=473 154 102 74 47 319 77 242 52 51
is_linear=0
shrinkage=0.01


Tree=420
num_leaves=8
num_cat=0
split_feature=15 76 49 53 74 62 76
split_gain=0.610045 0.937488 0.390695 0.37916 0.13082 0.144373 0.0448186
threshold=0.61458771400000012 6.0664286485000014 57.150000100000007 3.3500000200000004 8.4521427495000019 41.474999905000011 6.7999999520000012
decision_type=2 2 2 2 2 2 2
left_child=1 3 4 -1 5 6 -2
right_child=2 -3 -4 -5 -6 -7 -8
leaf_value=6.0288590123399727e-05 0.0015984600592640924 -0.00089665892056968878 -0.00078392739043819883 -1.9133665959625016e-05 -0.00067019042982378809 -0.00070368005937152586 0.00074052430252071031
leaf_weight=51 264 29 27 24 20 21 20
leaf_count=51 264 29 27 24 20 21 20
internal_value=3.50263e-05 -0.000629771 0.000238095 -6.59629e-06 0.000339165 0.000394048 0.000456461
internal_weight=456 104 352 75 325 305 284
internal_count=456 104 352 75 325 305 284
is_linear=0
shrinkage=0.01


Tree=421
num_leaves=9
num_cat=1
split_feature=94 4 70 25 74 47 53 2
split_gain=0.603416 0.52604 0.690349 0.18364 0.140054 0.0704759 0.0734472 0.0173151
threshold=0 0.36167550000000009 49.80499887500001 2.4571428215000002 8.4521427495000019 18.700000200000002 2.5000000335000006 0.31579850000000004
decision_type=1 2 2 2 2 2 2 2
left_child=1 2 -1 4 5 -2 -7 -3
right_child=3 7 -4 -5 -6 6 -8 -9
leaf_value=-0.00038527885521763561 0.00086821742156540141 0.0026442457522361106 -0.0013118029443656776 -0.00011422393990310057 -0.0006634885255255539 -6.3096306271163196e-05 4.8847907565727067e-05 0.0021703221937480928
leaf_weight=32 244 23 32 30 20 20 25 20
leaf_count=32 244 23 32 30 20 20 25 20
internal_value=6.93823e-05 -0.000547538 -0.00117284 0.000278731 0.000363138 0.000422705 1.0917e-05 0.000216895
internal_weight=446 107 64 339 309 289 45 43
internal_count=446 107 64 339 309 289 45 43
cat_boundaries=0 1
cat_threshold=46139426
is_linear=0
shrinkage=0.01


Tree=422
num_leaves=10
num_cat=0
split_feature=15 29 10 18 62 91 2 22 11
split_gain=0.539981 0.422014 0.31477 0.576414 0.218786 0.125383 0.0936117 0.0677758 0.0757048
threshold=0.61458771400000012 2.2285714235000005 0.5781122860000002 69.90000000000002 34.889999865000007 72.840353275000027 0.28819364300000005 1.9285714205000002 0.6840556430000001
decision_type=2 2 2 2 2 2 2 2 2
left_child=1 -1 -3 -4 6 -6 -2 -7 -9
right_child=4 2 3 -5 5 7 -8 8 -10
leaf_value=-0.0013998898572896827 -0.00021195608948416136 0.00013784180679929402 -0.00056194318281763036 3.6640758363904604e-06 -0.0012251006918171476 0.0016780192256285586 4.2964082438478702e-06 1.5459412795697122e-05 -0.00041689487457853092
leaf_weight=20 20 39 24 32 22 237 23 26 20
leaf_count=20 20 39 24 32 22 237 23 26 20
internal_value=6.3605e-05 -0.000522452 -0.000213987 -0.000704225 0.000263761 0.000361347 -0.000376712 0.000421071 2.13675e-05
internal_weight=463 115 95 56 348 305 43 283 46
internal_count=463 115 95 56 348 305 43 283 46
is_linear=0
shrinkage=0.01


Tree=423
num_leaves=9
num_cat=0
split_feature=79 62 29 48 28 6 50 12
split_gain=0.666413 0.353779 0.152707 0.169868 0.314125 0.134585 0.0429653 0.100956
threshold=3.7957142740000003 41.785000325000006 2.0714285795000005 10.099999895000002 4.1857143300000006 0.33527142850000008 6.649999857000001 0.68095057100000012
decision_type=2 2 2 2 2 2 2 2
left_child=-1 2 3 -2 -5 -4 7 -7
right_child=1 -3 5 4 -6 6 -8 -9
leaf_value=-0.00057273197060475828 0.0050937038511692069 -0.0011692368448754831 -0.00062973592004269717 -0.0010988796478485605 0.0018251233384341196 -0.00019731643362492512 0.0004624619746944881 0.0010656050307647324
leaf_weight=32 32 27 21 28 20 20 243 41
leaf_count=32 32 27 21 28 20 20 243 41
internal_value=8.60585e-05 0.000194085 0.000272302 -9.90099e-05 -0.000491803 0.000369859 0.000426509 0.00013754
internal_weight=464 432 405 80 48 325 304 61
internal_count=464 432 405 80 48 325 304 61
is_linear=0
shrinkage=0.01


Tree=424
num_leaves=8
num_cat=0
split_feature=57 57 57 12 71 4 39
split_gain=0.395828 0.387641 0.243041 0.307816 0.345875 0.495786 0.0430732
threshold=3.7500004770000008 4.4450001715000012 5.2750005725000007 0.72183314250000008 56.969998360000005 0.27893685700000009 5.4000000805000008
decision_type=2 2 2 2 2 2 2
left_child=6 -2 -3 4 5 -4 -1
right_child=1 2 3 -5 -6 -7 -8
leaf_value=0.0046701600440655971 -0.0014756531054236886 0.00067806075614942885 0.00021379507613765065 -0.00086588462530774865 0.00081262149264606242 -0.00027990454299485999 0.0016757665412588574
leaf_weight=20 36 78 27 20 67 37 192
leaf_count=20 36 78 27 20 67 37 192
internal_value=0.00011825 -0.000133559 1.0879e-05 -0.000214097 -1.89681e-05 -0.000555556 0.000441729
internal_weight=477 265 229 151 131 64 212
internal_count=477 265 229 151 131 64 212
is_linear=0
shrinkage=0.01


Tree=425
num_leaves=11
num_cat=0
split_feature=15 47 32 12 79 29 12 28 16 1
split_gain=0.681971 0.827006 0.696295 0.438515 0.353012 0.158507 0.376938 0.138546 0.0436659 0.0240534
threshold=0.61458771400000012 18.950000150000005 4.2785714015000007 0.60573198550000018 3.7957142740000003 2.0714285795000005 0.70907752400000013 3.2928571530000004 0.5812808570000001 0.25849907150000001
decision_type=2 2 2 2 2 2 2 2 2 2
left_child=1 2 3 -1 -2 6 9 -7 -9 -6
right_child=4 -3 -4 -5 5 7 -8 8 -10 -11
leaf_value=-0.00052871989007149587 -0.00080389324159479763 7.9912831198366324e-05 -7.4859259949951138e-07 -3.4761669532203531e-05 0.0006296468906406568 -0.0012950056792314791 -0.00052933874155889845 -0.00011940113184685165 0.0010512182111309474 0.0012665994612601999
leaf_weight=24 26 37 30 20 20 21 21 20 212 35
leaf_count=24 26 37 30 20 20 21 21 20 212 35
internal_value=-5.35561e-05 -0.000737925 -0.00135027 -0.00214286 0.000155987 0.000250152 -0.000130208 0.00037234 0.000446735 0.000277778
internal_weight=466 111 74 44 355 329 76 253 232 55
internal_count=466 111 74 44 355 329 76 253 232 55
is_linear=0
shrinkage=0.01


Tree=426
num_leaves=10
num_cat=0
split_feature=15 34 77 26 0 53 12 80 5
split_gain=0.596448 0.575082 0.551686 0.474516 0.253184 0.602714 0.313326 0.17114 0.0763575
threshold=0.64839448600000005 3.8714285410000007 8.9614286425000014 4.1285714930000017 0.22090962500000003 1.4000000135000004 0.7188131095000001 15.618571625000003 0.32404742850000007
decision_type=2 2 2 2 2 2 2 2 2
left_child=1 7 -3 -4 -2 6 -6 8 -1
right_child=4 2 3 -5 5 -7 -8 -9 -10
leaf_value=6.0534777952876232e-05 0.0013623089030872259 -0.00039612073560594499 0.00046657036338286278 -0.0011977181055751159 0.001735371204133728 -0.001348744006667957 -0.00085193239163908934 5.6672627909048672e-05 -0.00012071690458274691
leaf_weight=20 176 22 24 23 92 23 20 45 20
leaf_count=20 176 22 24 23 92 23 20 45 20
internal_value=-1.18076e-05 -0.000523256 -0.00119628 -0.000512552 0.000235728 -7.73196e-05 0.000212766 5.82752e-06 -0.000441176
internal_weight=465 154 69 47 311 135 112 85 40
internal_count=465 154 69 47 311 135 112 85 40
is_linear=0
shrinkage=0.01


Tree=427
num_leaves=8
num_cat=1
split_feature=87 9 7 94 10 76 0
split_gain=0.852506 0.487976 0.82395 0.335209 0.299856 0.330736 0.0447264
threshold=22.662857055000003 0.56721910000000009 0.5852201425000001 0 0.54691578600000013 6.171428510000001 0.30868768750000003
decision_type=2 2 2 1 2 2 2
left_child=3 -2 -3 4 -1 -6 -5
right_child=1 2 -4 6 5 -7 -8
leaf_value=-0.0013171512427371016 1.0444837173682961e-05 -0.00083232029999504552 0.00095910104542707927 0.0011353574920664638 0.00092370346055613869 -0.0010735322951805743 2.1547271271494694e-05
leaf_weight=21 20 34 24 259 61 28 20
leaf_count=21 20 34 24 259 61 28 20
internal_value=6.73365e-05 -0.000875634 -0.00134354 0.000262955 -0.000190397 2.78397e-05 0.000439959
internal_weight=467 78 58 389 110 89 279
internal_count=467 78 58 389 110 89 279
cat_boundaries=0 1
cat_threshold=134284418
is_linear=0
shrinkage=0.01


Tree=428
num_leaves=7
num_cat=0
split_feature=63 70 70 5 61 41
split_gain=0.23042 0.263289 0.470606 0.507662 0.259584 0.0432928
threshold=24.230000020000002 49.250000000000007 51.415000435000003 0.43033850000000007 2.2649998665000006 16.950000295000006
decision_type=2 2 2 2 2 2
left_child=-1 5 3 -3 -4 -2
right_child=1 2 4 -5 -6 -7
leaf_value=-0.0010805570053763786 0.00069063236400656832 -0.0014592388005403984 1.9141647072918998e-05 0.0012759694763437542 -1.6637499957551277e-05 0.011332913112853915
leaf_weight=20 199 39 121 34 25 20
leaf_count=20 199 39 121 34 25 20
internal_value=0.000146033 0.000198268 -3.86715e-05 -0.000697832 0.000279292 0.000443585
internal_weight=458 438 219 73 146 219
internal_count=458 438 219 73 146 219
is_linear=0
shrinkage=0.01


Tree=429
num_leaves=8
num_cat=0
split_feature=22 12 34 74 18 43 11
split_gain=0.270886 0.704053 0.459349 0.0504203 0.0940309 0.037843 0.0314669
threshold=1.8999999845000002 0.72183314250000008 3.6857142620000003 7.9050000395000009 31.680000000000003 6.5999998415000007 0.67142419650000018
decision_type=2 2 2 2 2 2 2
left_child=3 2 -2 -1 -5 -4 -6
right_child=1 -3 5 4 6 -7 -8
leaf_value=0.0012753464052585035 -0.0016517589985737303 -0.0044926057914570832 1.8572724084199003e-05 -0.00077323485718456349 0.0007369037303011336 2.8514829696501113e-07 0.0020169859027524039
leaf_weight=209 23 20 100 20 58 20 20
leaf_count=209 23 20 100 20 58 20 20
internal_value=0.000218777 -0.000100733 0.000135605 0.000394737 0.000172065 0.000397351 0.00034264
internal_weight=470 163 143 307 98 120 78
internal_count=470 163 143 307 98 120 78
is_linear=0
shrinkage=0.01


Tree=430
num_leaves=7
num_cat=0
split_feature=70 11 10 93 56 7
split_gain=0.330554 0.300588 0.557444 0.281879 0.246952 0.0449252
threshold=55.559998510000007 0.61042942850000015 0.58477135700000005 22.746033020000002 2.0650000575000003 0.47396985700000005
decision_type=2 2 2 8 2 2
left_child=1 2 3 -1 5 -3
right_child=-2 4 -4 -5 -6 -7
leaf_value=-0.0010726445145712014 -2.0622858554444078e-05 -1.7325331106005692e-05 -0.00059812824845187872 0.0008796552689142494 -0.0018845624175915783 0.00046457482340747761
leaf_weight=33 26 20 22 70 28 270
leaf_count=33 26 20 22 70 28 270
internal_value=0.000133035 0.000201667 -0.000202703 9.15222e-05 0.000367001 0.000457359
internal_weight=469 443 125 103 318 290
internal_count=469 443 125 103 318 290
is_linear=0
shrinkage=0.01


Tree=431
num_leaves=7
num_cat=1
split_feature=94 3 18 43 29 39
split_gain=0.382666 0.441853 0.256998 0.113877 0.0483312 0.0969204
threshold=0 0.30644400000000005 8.6300000000000008 5.6999999320000017 2.0714285795000005 5.5999999385000008
decision_type=1 2 2 2 2 2
left_child=1 -1 -2 -3 5 -4
right_child=2 3 4 -5 -6 -7
leaf_value=-0.00042417468118178267 -0.0016503519096136554 0.0029397190133205568 -0.0016325019835903378 -0.00024409913014911017 9.5757874664001801e-05 0.0024552262037220176
leaf_weight=31 26 39 20 33 271 38
leaf_count=31 26 39 20 33 271 38
internal_value=0.000189625 -0.000320738 0.000343084 5.49451e-05 0.00043208 0.000119048
internal_weight=458 103 355 72 329 58
internal_count=458 103 355 72 329 58
cat_boundaries=0 1
cat_threshold=148965888
is_linear=0
shrinkage=0.01


Tree=432
num_leaves=9
num_cat=1
split_feature=94 2 57 75 25 16 33 0
split_gain=0.436022 0.807533 0.544914 0.763229 0.214146 0.415669 0.197027 0.0375363
threshold=0 0.30092292850000008 3.8150005340000006 7.5457142700000004 2.2428571245000004 0.58913064300000018 4.9785714150000011 0.30868768750000003
decision_type=1 2 2 2 2 2 2 2
left_child=1 2 -1 -4 5 -2 -7 -8
right_child=4 -3 3 -5 -6 6 7 -9
leaf_value=1.2666597179256953e-05 -0.00039101985820030557 0.0011369306017869538 -0.0023781328739132424 -1.348935796663645e-05 0.00014255019266739514 -0.0012981315801622666 0.00026100557106686738 -1.9390529741146449e-05
leaf_weight=23 30 49 20 26 165 27 97 20
leaf_count=23 30 49 20 26 165 27 97 20
internal_value=3.6042e-05 -0.000458075 -0.00119628 -0.00181624 0.000221555 -5.72081e-06 0.000207182 0.000394737
internal_weight=457 118 69 46 339 174 144 117
internal_count=457 118 69 46 339 174 144 117
cat_boundaries=0 1
cat_threshold=144703494
is_linear=0
shrinkage=0.01


Tree=433
num_leaves=9
num_cat=0
split_feature=18 17 62 43 41 27 1 54
split_gain=0.330497 0.546452 0.242524 0.22751 0.2914 0.0758284 0.0615385 0.0454269
threshold=8.6300000000000008 0.63263027150000017 34.71999979000001 6.5500000270000003 1.2500000220000003 4.1428571260000009 0.24315379250000002 16.999999865000003
decision_type=2 2 2 2 2 2 2 2
left_child=1 -1 -2 5 -5 7 -7 -4
right_child=2 -3 3 4 -6 6 -8 -9
leaf_value=-0.0019115022060664838 -7.0134465202885467e-05 0.0043738544795236716 0.00072693564098424133 0.0029941823739425507 -0.0023774455510161387 -1.6589262515042744e-05 0.0043117989920010182 0.0071425126059040537
leaf_weight=20 23 21 302 24 23 20 20 20
leaf_count=20 23 21 302 24 23 20 20 20
internal_value=0.000178345 -0.000657895 0.000263401 0.000323328 -0.000303347 0.000410695 0 0.000461586
internal_weight=473 41 432 409 47 362 40 322
internal_count=473 41 432 409 47 362 40 322
is_linear=0
shrinkage=0.01


Tree=434
num_leaves=10
num_cat=0
split_feature=48 14 13 76 82 92 6 2 0
split_gain=0.392571 0.514678 1.68518 0.305187 0.567594 0.105772 0.0848845 0.0757048 0.0240534
threshold=17.899999905000005 0.66878264300000012 0.64246213350000014 6.171428510000001 14.706428600000001 23.973633205000002 0.37404064300000006 0.25088085750000005 0.29256897300000007
decision_type=2 2 2 2 2 8 2 2 2
left_child=3 2 7 6 -5 -3 -1 -2 -6
right_child=1 5 -4 4 8 -7 -8 -9 -10
leaf_value=-0.00010467386047733251 -0.00013537514485606673 2.8129525085473245e-05 -8.4930351081517592e-05 -0.00091406474628737383 0.0012416240967472751 -0.00033957515859012367 0.0015538194705437584 0.0012369510876355117 0.0038849546974479379
leaf_weight=37 20 45 23 30 35 20 181 26 20
leaf_count=37 20 45 23 30 35 20 181 26 20
internal_value=0 -0.000452522 -0.00105301 0.000195853 -0.000297203 0.000159574 0.000397623 2.13675e-05 0.000277778
internal_weight=437 134 69 303 85 65 218 46 55
internal_count=437 134 69 303 85 65 218 46 55
is_linear=0
shrinkage=0.01


Tree=435
num_leaves=9
num_cat=0
split_feature=15 17 93 22 64 5 37 14
split_gain=0.671946 0.536297 0.804361 0.496446 0.428392 0.0884321 0.0613813 0.0819471
threshold=0.64839448600000005 0.48156450000000006 21.597050835000005 1.8928571260000002 32.624999045000003 0.35272250000000005 3.1500000620000006 0.71294128600000006
decision_type=2 2 8 2 2 2 2 2
left_child=1 -1 -3 -4 -5 -2 -7 -8
right_child=5 2 3 4 -6 6 7 -9
leaf_value=0.00044275142385063717 0.0022915481018152555 -0.0010792521140153379 9.2231007825085854e-05 -0.00099610570955059965 7.3225671668512331e-06 0.00099056680427397231 -0.0012759154027201264 0.004514648034814937
leaf_weight=46 30 22 40 29 22 235 20 29
leaf_count=46 30 22 40 29 22 235 20 29
internal_value=9.39215e-05 -0.000428661 -0.000804042 -0.00035403 -0.00101351 0.000365311 0.000421348 5.02008e-05
internal_weight=473 159 113 91 51 314 284 49
internal_count=473 159 113 91 51 314 284 49
is_linear=0
shrinkage=0.01


Tree=436
num_leaves=9
num_cat=0
split_feature=52 31 33 60 24 47 9 74
split_gain=0.651735 0.549085 0.180029 0.448743 0.0841486 0.178939 0.111814 0.0706237
threshold=0.45000000300000004 5.8999999250000004 5.8428571905000011 6.9700007440000009 1.8428571350000003 10.450000150000003 0.56916467500000001 6.9114285880000006
decision_type=2 2 2 2 2 2 2 2
left_child=-1 2 4 -4 5 6 -2 -5
right_child=1 -3 3 7 -6 -7 -8 -9
leaf_value=-0.00021746732999564658 -0.00033215731005302505 -0.0012460067578590787 -0.0009713187591720722 4.5949706216418444e-05 0.0017009629925150095 -0.00071404773451337914 0.0024051223458022627 1.1780100596122241e-05
leaf_weight=22 24 27 27 29 167 25 91 51
leaf_count=22 24 27 27 29 167 25 91 51
internal_value=2.0483e-05 0.000109778 0.000204918 -0.000134508 0.00032976 0.000127841 0.000306563 0.000222772
internal_weight=463 441 414 107 307 140 115 80
internal_count=463 441 414 107 307 140 115 80
is_linear=0
shrinkage=0.01


Tree=437
num_leaves=10
num_cat=0
split_feature=61 17 66 18 6 0 40 0 9
split_gain=1.69592 0.292431 0.319094 0.358876 0.217721 0.398083 0.129475 0.0438755 0.0231242
threshold=1.0000000180025095e-35 0.55852528550000013 21.465000155000002 88.185000000000016 0.40456201450000001 0.21146525000000002 0.94999998800000018 0.31065555400000006 0.54506250000000012
decision_type=2 2 2 2 2 2 2 2 2
left_child=-1 2 3 -2 5 8 -4 -6 -3
right_child=1 4 6 -5 7 -7 -8 -9 -10
leaf_value=-0.00096671962501586458 -0.0014024255628039639 0.0027004363453378664 -7.3466932952687985e-06 7.5346717905039052e-05 0.0019290388174382556 -0.00086923037834559858 1.8605248569640883e-05 0.0028298218458738529 -3.4192726410659089e-05
leaf_weight=20 26 33 33 22 220 20 48 20 20
leaf_count=20 26 33 33 22 220 20 48 20 20
internal_value=0 0.000133243 -0.000258089 -0.000901639 0.000301147 -0.000155827 0.000103912 0.000448505 0.000269517
internal_weight=462 442 129 48 313 73 81 240 53
internal_count=462 442 129 48 313 73 81 240 53
is_linear=0
shrinkage=0.01


Tree=438
num_leaves=8
num_cat=0
split_feature=75 59 42 22 15 3 63
split_gain=0.265715 0.350222 0.312493 0.443366 0.122506 0.228896 0.043499
threshold=6.7878571705000006 0.12500000000000003 11.149999890000002 1.9285714375000003 0.64586614300000011 0.33971077550000006 24.410000800000002
decision_type=2 2 2 2 2 2 2
left_child=6 2 3 -2 -3 -6 -1
right_child=1 4 -4 -5 5 -7 -8
leaf_value=0.00056195473375424902 -0.0013591438507139064 2.854087592759475e-05 0.0005892769463414244 3.7965925331392876e-05 -8.3283487431140693e-05 0.0012086844909389059 0.0031867025747775719
leaf_weight=20 36 94 22 25 31 37 206
leaf_count=20 36 94 22 25 31 37 206
internal_value=0.000198177 -2.23759e-05 -0.000554893 -0.000930421 0.000239558 -5.81395e-05 0.000445326
internal_weight=471 245 83 61 162 68 226
internal_count=471 245 83 61 162 68 226
is_linear=0
shrinkage=0.01


Tree=439
num_leaves=7
num_cat=1
split_feature=94 81 82 50 36 9
split_gain=0.445331 0.404448 0.316065 0.158281 0.367265 0.135713
threshold=0 13.357142825000002 14.647142820000001 11.050000190000002 4.4142857620000013 0.66919365000000008
decision_type=1 2 2 2 2 2
left_child=1 -1 -3 -2 -5 -6
right_child=3 2 -4 4 5 -7
leaf_value=-0.0012039814289222042 0.0010513303139321939 0.00039597441140608493 -0.00057068734970454045 -0.0015913583634196147 0.00017073408084146749 -0.00035957063181568731
leaf_weight=22 217 45 37 24 89 20
leaf_count=22 217 45 37 24 89 20
internal_value=0.00014292 -0.000400697 -8.4541e-05 0.000313193 3.36323e-05 0.000295993
internal_weight=454 104 82 350 133 109
internal_count=454 104 82 350 133 109
cat_boundaries=0 1
cat_threshold=68102
is_linear=0
shrinkage=0.01


Tree=440
num_leaves=9
num_cat=0
split_feature=75 41 52 73 12 0 6 16
split_gain=0.680922 0.43956 0.582852 0.211291 0.293171 0.22603 0.114284 0.0381349
threshold=6.7878571705000006 1.4999999810000002 4.6500000170000009 -2.7771428709999997 0.72183314250000008 0.071287271000000013 0.37404064300000006 0.68913071400000014
decision_type=2 2 2 2 2 2 2 2
left_child=6 -2 3 5 7 -3 -1 -5
right_child=1 2 -4 4 -6 -7 -8 -9
leaf_value=0.0016069616781001295 -0.0010901602657711711 4.6121503170527164e-05 -0.001332544155682317 2.5189902768983113e-05 -0.00051755247829570958 -4.1398886572578405e-05 0.0018795169139005005 -2.7075187951952671e-05
leaf_weight=28 21 24 36 103 20 20 204 20
leaf_count=28 21 24 36 103 20 20 204 20
internal_value=1.25839e-05 -0.000351307 -0.000207775 7.98723e-06 0.000205146 -0.000580357 0.00040378 0.000399838
internal_weight=476 244 223 187 143 44 232 123
internal_count=476 244 223 187 143 44 232 123
is_linear=0
shrinkage=0.01


Tree=441
num_leaves=7
num_cat=0
split_feature=53 62 3 25 46 43
split_gain=0.422128 0.445871 0.291941 0.338852 0.114983 0.0905519
threshold=0.60000001650000001 41.785000325000006 0.25051771450000004 2.2428571415000005 8.8500000315000005 6.5500000270000003
decision_type=2 2 2 2 2 2
left_child=-1 2 3 -2 5 -4
right_child=1 -3 4 -5 -6 -7
leaf_value=-0.0010464349262657277 -0.0003881605966169579 -0.0011529168585332366 0.00084103406761742148 0.00010450375832206282 0.00016445697558950008 8.9580952499382583e-06
leaf_weight=22 29 23 304 25 25 38
leaf_count=22 29 23 304 25 25 38
internal_value=0.000130677 0.000202338 0.000280939 -0.000383212 0.00038472 0.000434656
internal_weight=466 444 421 54 367 342
internal_count=466 444 421 54 367 342
is_linear=0
shrinkage=0.01


Tree=442
num_leaves=7
num_cat=0
split_feature=12 56 91 17 18 82
split_gain=0.675465 0.535104 1.21685 0.254314 0.333341 0.102126
threshold=0.65356507150000009 0.48499965650000004 111.19977970000001 0.54069188100000021 69.90000000000002 14.853571275000002
decision_type=2 2 2 2 2 2
left_child=1 3 -3 4 -1 -2
right_child=5 2 -4 -5 -6 -7
leaf_value=-3.9261739058925166e-05 0.00075094341644020969 -0.0016914200507491962 0.001851383902276061 0.0013837853760243731 0.00014225517260422468 4.2613239605804232e-06
leaf_weight=27 275 22 29 60 20 33
leaf_count=27 275 22 29 60 20 33
internal_value=0.000152099 -0.000371537 -0.00120656 1.39147e-05 -0.000512552 0.000427461
internal_weight=466 158 51 107 47 308
internal_count=466 158 51 107 47 308
is_linear=0
shrinkage=0.01


Tree=443
num_leaves=9
num_cat=0
split_feature=12 77 57 34 22 12 5 53
split_gain=0.447112 0.488227 0.685302 0.658532 0.128341 0.336524 0.104238 0.099614
threshold=0.65356507150000009 8.9807142870000032 3.7500004770000008 3.9357142960000004 1.9285714205000002 0.70388450000000014 0.36613171450000004 3.0999999825000004
decision_type=2 2 2 2 2 2 2 2
left_child=1 2 -1 -4 6 -6 -2 -3
right_child=4 7 3 -5 5 -7 -8 -9
leaf_value=0.00284181302737882 -0.00037784430059632871 6.3874238428035242e-05 -0.0013201386378602032 -0.00019253088960840159 0.00014967392047177325 -0.00012692332695337879 0.00089791313093717491 1.3528074984539319e-05
leaf_weight=32 31 51 22 21 43 25 213 22
leaf_count=32 31 51 22 21 43 25 213 22
internal_value=8.24653e-05 -0.000362903 -0.000930079 -0.00174658 0.000300512 -5.81395e-05 0.000408497 0.000196477
internal_weight=460 148 75 43 312 68 244 73
internal_count=460 148 75 43 312 68 244 73
is_linear=0
shrinkage=0.01


Tree=444
num_leaves=9
num_cat=1
split_feature=94 8 35 31 52 18 38 1
split_gain=0.339212 0.436105 0.211149 0.191674 0.223069 0.0384618 0.0445717 0.0264977
threshold=0 0.56243088100000016 4.6500000445000014 5.7214285985000011 3.9000000545000004 8.6300000000000008 2.1499999765000006 0.27742702350000009
decision_type=1 2 2 2 2 2 2 2
left_child=1 -1 7 5 -5 -2 -7 -3
right_child=3 2 -4 4 -6 6 -8 -9
leaf_value=-0.0015214449914404066 2.7532711667995063e-05 0.0006117544721354573 -0.00016908310418400303 -0.00036803275887608802 0.0016467467803190626 0.00088383674899608286 0.00016077111179142617 1.8974898346180934e-05
leaf_weight=23 20 41 20 28 26 251 20 20
leaf_count=23 20 41 20 28 26 251 20 20
internal_value=0.000161183 -0.000313589 0 0.000310568 -0.00020073 0.000423235 0.000454378 0.000299353
internal_weight=449 104 81 345 54 291 271 61
internal_count=449 104 81 345 54 291 271 61
cat_boundaries=0 1
cat_threshold=39913988
is_linear=0
shrinkage=0.01


Tree=445
num_leaves=9
num_cat=0
split_feature=48 7 42 21 47 90 47 0
split_gain=0.541796 0.289501 0.299439 0.202569 0.486494 0.128655 0.0996547 0.0338796
threshold=24.049999575000005 0.51894237500000007 12.100000160000002 1.7428571075000001 10.450000150000003 20.300714085000003 4.2999999375000009 0.22560706600000005
decision_type=2 2 2 2 2 2 2 2
left_child=1 2 3 4 6 -3 -1 -5
right_child=-2 5 -4 7 -6 -7 -8 -9
leaf_value=-0.0016198499816958698 -0.00025707469442442241 0.0009068730778262939 -0.0013056025773689895 0.00051593334041817509 -0.00054293115487898808 0.00080895992256506681 0.0030136567331238719 0.0011539921719439957
leaf_weight=20 36 215 22 70 23 25 40 20
leaf_count=20 36 215 22 70 23 25 40 20
internal_value=7.10047e-05 0.000173245 -0.000104699 2.58918e-05 -0.000316229 0.000406977 0.000131579 0.000363436
internal_weight=471 435 195 173 83 240 60 90
internal_count=471 435 195 173 83 240 60 90
is_linear=0
shrinkage=0.01


Tree=446
num_leaves=8
num_cat=1
split_feature=79 94 91 22 93 0 2
split_gain=1.02249 0.616136 0.964752 0.163056 0.196694 0.109019 0.0235968
threshold=3.7957142740000003 0 96.478193015000016 1.9428571205000003 20.798091500000002 0.28399154150000006 0.20173676200000004
decision_type=2 1 2 2 8 2 2
left_child=-1 2 -2 -3 -5 -4 -6
right_child=1 3 5 4 6 -7 -8
leaf_value=-0.00062036965337963139 -0.0015699286725789699 0.0011114259748292046 0.0036263897304776864 -0.000219171499872248 6.9846026712101667e-06 -0.00074121843184254163 0.00091629053271238511
leaf_weight=30 38 269 48 20 20 20 34
leaf_count=30 38 269 48 20 20 20 34
internal_value=3.64735e-05 0.000161183 -0.00047089 0.000366026 -1.3369e-05 0.000174419 0.000273723
internal_weight=479 449 106 343 74 68 54
internal_count=479 449 106 343 74 68 54
cat_boundaries=0 1
cat_threshold=572589188
is_linear=0
shrinkage=0.01


Tree=447
num_leaves=9
num_cat=1
split_feature=94 4 90 33 87 63 25 0
split_gain=0.707217 0.698873 0.815381 0.274397 0.504578 0.142164 0.087495 0.0443864
threshold=0 0.36110800000000004 18.538571360000002 5.9999998980000013 23.101428440000003 24.565000055000002 2.2714285725000005 0.31458908350000009
decision_type=1 2 2 2 2 2 2 2
left_child=1 2 -1 5 -5 -2 -3 -7
right_child=3 6 -4 4 -6 7 -8 -9
leaf_value=0.0009173660287369762 -2.6611863632522992e-05 0.0015868366409773236 -0.0012610116718661103 -0.0014221245071527032 0.00078565918845229204 0.001270131568962461 -1.020879123733664e-05 -1.6037264165381073e-05
leaf_weight=21 21 32 32 24 31 242 20 20
leaf_count=21 21 32 32 24 31 242 20 20
internal_value=2.14061e-05 -0.000651986 -0.00151487 0.000249427 -0.000367383 0.000385835 7.57576e-05 0.000452816
internal_weight=443 105 53 338 55 283 52 262
internal_count=443 105 53 338 55 283 52 262
cat_boundaries=0 1
cat_threshold=167774214
is_linear=0
shrinkage=0.01


Tree=448
num_leaves=9
num_cat=0
split_feature=31 80 8 70 92 33 20 14
split_gain=0.581017 0.460932 0.237776 0.385659 0.678702 0.146411 0.0969204 0.0395564
threshold=5.9428570780000003 14.959999970000002 0.63008898200000008 49.524999145000002 23.001044030000003 4.9785714150000011 2.3000000115000003 0.59000164300000013
decision_type=2 2 2 2 8 2 2 2
left_child=1 -1 3 5 -5 -3 -6 -7
right_child=-2 2 -4 4 6 7 -8 -9
leaf_value=-0.0001615693831501075 -2.2432113819268485e-05 -0.00038710974122564213 0.0019198087438984024 -0.0010479278690574642 0.0015213330360545657 0.00013684625052855437 -0.00035578460335817245 0.0014332767435600428
leaf_weight=29 23 36 146 37 38 20 20 120
leaf_count=29 23 36 146 37 38 20 20 120
internal_value=-7.44997e-06 6.93823e-05 0.000159167 -9.19793e-06 -0.00052714 0.000260181 0.000119048 0.000411932
internal_weight=469 446 417 271 95 176 58 140
internal_count=469 446 417 271 95 176 58 140
is_linear=0
shrinkage=0.01


Tree=449
num_leaves=10
num_cat=0
split_feature=31 61 14 4 6 14 82 17 12
split_gain=0.926213 0.38354 0.358928 0.38119 0.180462 0.376942 0.104155 0.103659 0.0857157
threshold=5.8999999250000004 1.0000000180025095e-35 0.62966652400000012 0.3146339285000001 0.40456201450000001 0.6933450240000002 14.666428635000001 0.62568011900000009 0.57917892850000008
decision_type=2 2 2 2 2 2 2 2 2
left_child=1 -1 3 8 5 -4 -6 -8 -3
right_child=-2 2 4 -5 6 -7 7 -9 -10
leaf_value=-0.00019086969072466364 -0.00091813987278815989 0.00053539469982837127 3.1126599666473954e-05 -0.00055215627664562908 0.0011303268625872899 -0.0015403371218131938 -0.0005983213733564062 0.0069745606308934602 -1.3193340036759054e-05
leaf_weight=22 30 31 31 32 226 21 32 32 20
leaf_count=22 30 31 31 32 226 21 32 32 20
internal_value=-4.0812e-05 7.03439e-05 0.000142085 -0.000435561 0.000288798 -0.000227273 0.000388583 1.25326e-11 6.75676e-05
internal_weight=477 447 425 83 342 52 290 64 51
internal_count=477 447 425 83 342 52 290 64 51
is_linear=0
shrinkage=0.01


Tree=450
num_leaves=8
num_cat=1
split_feature=62 94 25 3 14 60 1
split_gain=0.405554 0.300233 0.424536 0.452694 0.403014 0.417898 0.0257349
threshold=41.605000020000013 0 2.2428571245000004 0.34079800000000005 0.62620092850000009 6.5449995995000014 0.27193592850000003
decision_type=2 1 2 2 2 2 2
left_child=1 2 3 -1 5 -3 -4
right_child=-2 4 6 -5 -6 -7 -8
leaf_value=-8.9705950134517808e-06 -0.00034147410026839258 -0.00094530392930870961 0.00013395727620991822 -0.00043668250264151487 0.0014262074520840118 0.00052103877796759565 0.00092825536461282963
leaf_weight=32 32 25 39 23 271 24 20
leaf_count=32 32 25 39 23 271 24 20
internal_value=8.78321e-05 0.000172493 -0.000248397 -0.000905018 0.000326481 -0.000471888 0.000292642
internal_weight=466 434 114 55 320 49 59
internal_count=466 434 114 55 320 49 59
cat_boundaries=0 1
cat_threshold=592613
is_linear=0
shrinkage=0.01


Tree=451
num_leaves=9
num_cat=1
split_feature=79 62 19 4 94 3 17 39
split_gain=0.39751 0.363995 0.320119 0.327253 0.180763 0.425389 0.109574 0.044365
threshold=3.6778571140000005 41.854999545000005 0.62142857950000019 0.27893685700000009 0 0.30306235700000006 0.61008367850000012 10.399999920000001
decision_type=2 2 2 2 1 2 2 2
left_child=-1 2 3 -2 5 -4 -7 -6
right_child=1 -3 4 -5 7 6 -8 -9
leaf_value=-0.00092838310948905667 1.5558213803649802e-05 -0.0006268561528993301 -0.0015700548485498374 -2.6534003687052366e-05 0.00082283691564995361 2.4617821798722102e-05 0.0034569719822516464 -6.9339726115846698e-05
leaf_weight=21 33 24 20 26 241 22 64 20
leaf_count=21 33 24 20 26 241 22 64 20
internal_value=4.98093e-05 0.000117569 0.000189784 -0.000476589 0.000303154 -4.28082e-05 0.000241935 0.000435982
internal_weight=471 450 426 59 367 106 86 261
internal_count=471 450 426 59 367 106 86 261
cat_boundaries=0 1
cat_threshold=170136644
is_linear=0
shrinkage=0.01


Tree=452
num_leaves=11
num_cat=0
split_feature=16 66 9 64 52 16 42 39 23 93
split_gain=0.694471 0.576106 0.648791 0.347201 0.307316 0.235044 0.101483 0.208868 0.0367723 0.102217
threshold=0.60867407150000019 21.465000155000002 0.63001667500000014 33.025001050000007 0.50000000750000007 0.69962471450000019 12.700000025000003 5.5999999975000003 1.9000000060000002 25.437675475000002
decision_type=2 2 2 2 2 2 2 2 2 8
left_child=1 2 -1 -3 5 -2 8 -8 -6 -10
right_child=4 3 -4 -5 6 -7 7 -9 9 -11
leaf_value=-0.00088884453275958131 -0.0013176896233757437 5.3508795060455918e-05 -0.00017204884316193516 -1.3707397702670849e-05 0.0043202442828829176 0.00099875263065656136 -0.00075912101536626986 0.0023695384352259491 0.001144723653580761 -0.00030796264090417603
leaf_weight=35 20 46 20 35 171 25 20 30 42 20
leaf_count=35 20 46 20 35 171 25 20 30 42 20
internal_value=-5.5938e-05 -0.000657895 -0.00144265 -9.1687e-05 0.000188564 -0.000556769 0.000315363 -5.90551e-05 0.000404192 0.000143312
internal_weight=464 136 55 81 328 45 283 50 233 62
internal_count=464 136 55 81 328 45 283 50 233 62
is_linear=0
shrinkage=0.01


Tree=453
num_leaves=8
num_cat=0
split_feature=60 5 4 76 52 92 20
split_gain=0.473476 0.58864 1.37007 0.390696 0.137972 0.15807 0.0439257
threshold=4.4649996755000005 0.38124067850000004 0.27893685700000009 6.3878571730000013 0.50000000750000007 22.041171590000001 2.6214285750000004
decision_type=2 2 2 2 2 10 2
left_child=4 2 -2 -3 5 -1 -6
right_child=1 3 -4 -5 6 -7 -8
leaf_value=-0.00016623797265640609 1.8067669618543487e-05 0.00026134494259491439 -0.00042334732035501527 -0.0002007710024192384 0.0030583785481883446 0.00066895481176051821 0.0017474451220973798
leaf_weight=22 35 87 26 39 222 23 20
leaf_count=22 35 87 26 39 222 23 20
internal_value=9.47768e-05 -0.000290202 -0.00109223 8.67508e-05 0.000352675 -0.000120087 0.000448929
internal_weight=474 187 61 126 287 45 242
internal_count=474 187 61 126 287 45 242
is_linear=0
shrinkage=0.01


Tree=454
num_leaves=10
num_cat=0
split_feature=17 26 53 61 52 39 76 40 13
split_gain=0.487687 0.711969 1.04512 0.482762 0.250542 0.144706 0.310124 0.0435556 0.0296969
threshold=0.55251757150000014 4.0571428200000001 2.5000000335000006 0.19499969450000001 2.6499999610000002 5.5999999160000007 6.171428510000001 11.400000395000001 0.72364961250000015
decision_type=2 2 2 2 2 2 2 2 2
left_child=1 4 -3 -2 -1 6 8 -7 -5
right_child=3 2 -4 5 -6 7 -8 -9 -10
leaf_value=-2.6294497095764531e-05 -0.00092158049885158783 -0.00055372055943039096 2.272695916406835e-05 0.00077693682098858114 0.00032802288254792723 0.0019830980394125327 -0.0019364775068330419 0.0043042476403828776 0.000348707656193292
leaf_weight=21 22 21 29 51 54 208 26 20 20
leaf_count=21 22 21 29 51 54 208 26 20 20
internal_value=8.46025e-06 -0.000520668 -0.00143701 0.000205578 7.25594e-05 0.000308471 0 0.000445804 0.000327298
internal_weight=472 125 50 347 75 325 97 228 71
internal_count=472 125 50 347 75 325 97 228 71
is_linear=0
shrinkage=0.01


Tree=455
num_leaves=11
num_cat=0
split_feature=91 6 10 17 20 17 21 20 17 23
split_gain=0.512424 0.48348 1.06273 1.01251 0.240115 0.223031 0.393278 0.147728 0.174199 0.0342222
threshold=99.192172740000018 0.44236657150000008 0.58477135700000005 0.51600007150000005 2.2785714185000008 0.52034192850000005 1.7999999945000003 2.5499999865000005 0.68984860000000003 1.8857142795000004
decision_type=2 2 2 2 2 2 2 2 2 2
left_child=1 2 4 -4 -1 6 -3 -2 -9 -7
right_child=7 5 3 -5 -6 9 -8 8 -10 -11
leaf_value=0.00081799849526523151 0.0028160992031549172 0.00016416573418090262 -2.2994252033969616e-06 -0.0013372066745103407 -7.4882445162195442e-05 0.0010204944699143109 -0.00026872764196164743 -0.00045595533526502778 0.0023058871856436024 0.00072144393061234185
leaf_weight=42 179 24 21 21 20 72 26 21 24 20
leaf_count=42 179 24 21 21 20 72 26 21 24 20
internal_value=6.37215e-06 -0.00030389 -0.000820611 -0.00203271 0 6.30252e-05 -0.000452756 0.000355872 -0.000120087 0.000366379
internal_weight=470 246 104 42 62 142 50 224 45 92
internal_count=470 246 104 42 62 142 50 224 45 92
is_linear=0
shrinkage=0.01


Tree=456
num_leaves=8
num_cat=0
split_feature=18 62 24 39 76 71 29
split_gain=0.538149 0.386009 0.351529 0.29244 0.27483 0.251246 0.139463
threshold=8.6300000000000008 34.889999865000007 1.8428571435000001 6.9999997465000012 6.3878571730000013 47.310000420000001 2.4142857025000004
decision_type=2 2 2 2 2 2 2
left_child=-1 2 -2 4 5 -3 -7
right_child=1 3 -4 -5 -6 6 -8
leaf_value=-0.0010640986963057972 -0.00090309568348473368 -0.00054342955943094374 0.00071020787492058956 0.001343567445241847 -0.00037759940176800634 0.00095974824376113396 -6.4453328409060598e-06
leaf_weight=34 22 20 25 200 35 99 20
leaf_count=34 22 20 25 200 35 99 20
internal_value=1.20667e-05 0.000114983 -0.000721757 0.000226788 -6.2929e-05 0.000125179 0.000313022
internal_weight=455 421 47 374 174 139 119
internal_count=455 421 47 374 174 139 119
is_linear=0
shrinkage=0.01


Tree=457
num_leaves=10
num_cat=0
split_feature=91 25 24 57 48 52 92 48 20
split_gain=0.779562 0.793361 0.554587 0.30068 0.375698 0.232981 0.243576 0.0823421 0.0410003
threshold=95.400250690000021 2.2000000095000005 1.8571428315000003 5.3299994470000014 17.899999905000005 0.50000000750000007 21.959913585000002 13.700000125000001 2.6214285750000004
decision_type=2 2 2 2 2 2 10 2 2
left_child=1 -1 -3 -4 7 6 -2 -5 -7
right_child=5 2 3 4 -6 8 -8 -9 -10
leaf_value=-0.0014002596578872246 -0.00039410553798903002 -0.0013148036553040903 0.00017043923624445928 -7.8944372126044248e-05 -1.5450122715170903e-05 0.0020890223597450994 0.0064396219282463665 0.00058049688112113873 0.001903044837109636
leaf_weight=31 25 21 70 34 24 205 22 27 21
leaf_count=31 25 21 70 34 24 205 22 27 21
internal_value=-3.74376e-05 -0.000502887 -0.000226244 -3.20923e-06 -0.000413753 0.000308619 -0.000303347 0 0.000445326
internal_weight=480 207 176 155 85 273 47 61 226
internal_count=480 207 176 155 85 273 47 61 226
is_linear=0
shrinkage=0.01


Tree=458
num_leaves=11
num_cat=2
split_feature=94 48 94 46 83 13 3 2 50 62
split_gain=0.635673 0.562348 0.345473 0.309607 0.489623 0.232133 0.184766 0.107968 0.0475237 0.0865737
threshold=0 19.900000170000002 1 4.5000000190000007 9.1028570790000014 0.67420978350000016 0.28826950000000001 0.33770228550000009 14.550000005000003 37.389999865000007
decision_type=1 2 1 2 2 2 2 2 2 2
left_child=1 5 3 7 -5 6 -1 -2 -4 -10
right_child=2 -3 8 4 -6 -7 -8 -9 9 -11
leaf_value=0.00074418330561843229 2.9765708964926036e-05 -0.00096596838477191311 0.00086964717748878417 -0.00065113066548860127 0.0015079282353918696 0.00063452537607909336 -0.00011569404233037134 -9.003221029121282e-06 0.00045702368107854277 -0.0005285875292541215
leaf_weight=20 47 34 206 24 26 32 20 20 35 21
leaf_count=20 47 34 206 24 26 32 20 20 35 21
internal_value=1.02924e-06 -0.000642123 0.00019882 -0.000230829 -0.000846457 -0.000164835 -0.000686274 0.000169617 0.00039956 0.000105634
internal_weight=485 106 379 117 50 72 40 67 262 56
internal_count=485 106 379 117 50 72 40 67 262 56
cat_boundaries=0 1 2
cat_threshold=33556610 136380997
is_linear=0
shrinkage=0.01


Tree=459
num_leaves=9
num_cat=0
split_feature=48 18 34 45 25 15 83 79
split_gain=0.848303 0.618933 0.695632 0.237328 0.441961 0.220115 0.196362 0.118074
threshold=17.899999905000005 14.605000000000002 3.7857142690000005 0.35000000900000006 2.2285714190000001 0.5913322860000001 8.7542856760000021 3.8435713475000006
decision_type=2 2 2 2 2 2 2 2
left_child=3 -2 -3 4 -1 -4 -6 -7
right_child=1 2 5 -5 6 7 -8 -9
leaf_value=-0.00044578085360081157 -0.0017510095442149879 -0.00085627028839414907 -7.1343554616327861e-06 0.0017500413613415133 -0.00020901734539834218 -3.1735358062962047e-06 0.00034826234172212071 3.1957311771910988e-05
leaf_weight=39 20 23 29 167 30 20 94 58
leaf_count=39 20 23 29 167 30 20 94 58
internal_value=-5.82363e-05 -0.000683024 -0.000405199 0.000220677 -3.96825e-05 -4.1744e-05 0.000240385 0.000215736
internal_weight=480 150 130 330 163 107 124 78
internal_count=480 150 130 330 163 107 124 78
is_linear=0
shrinkage=0.01


Tree=460
num_leaves=7
num_cat=0
split_feature=61 21 82 34 28 22
split_gain=0.232423 0.222125 0.406504 0.535202 0.110726 0.127857
threshold=0.13000011450000001 1.8428571305000003 14.706428600000001 3.7999999520000007 3.2928571530000004 1.9857142565000003
decision_type=2 2 2 2 2 2
left_child=-1 4 3 -3 -2 -6
right_child=1 2 -4 -5 5 -7
leaf_value=-8.1495105325794274e-06 -0.00094449902810041014 0.00014820304421939848 0.0027342223787151084 -0.0010082897260508289 0.00092122249820889186 -6.6788659812199108e-06
leaf_weight=21 25 29 52 24 274 26
leaf_count=21 25 29 52 24 274 26
internal_value=0.000184816 0.00023909 -0.000146503 -0.000771375 0.000369859 0.000425532
internal_weight=451 430 105 53 325 300
internal_count=451 430 105 53 325 300
is_linear=0
shrinkage=0.01


Tree=461
num_leaves=10
num_cat=1
split_feature=16 26 39 94 23 6 0 22 7
split_gain=0.544734 0.572152 0.996538 0.379101 0.50693 0.197981 0.174757 0.16335 0.0192946
threshold=0.54217126200000021 3.9571428470000005 6.9000000545000004 0 1.685714283 0.44154514300000008 0.27026441650000005 1.7857142730000002 0.57458057150000008
decision_type=2 2 2 1 2 2 2 2 2
left_child=1 -1 -3 4 -2 -6 -5 -8 -9
right_child=3 2 -4 6 5 -7 7 8 -10
leaf_value=0.00052494685929816483 -0.00070794116200450965 -0.00050247513927318484 4.5321193493027312e-06 0.0014361839265786516 -0.0013769284052307564 0.00042567636447549844 -0.00094091032640664281 0.00087404973293181106 0.0042959526070357433
leaf_weight=23 21 22 22 227 36 44 21 20 26
leaf_count=23 21 22 22 227 36 44 21 20 26
internal_value=1.94469e-05 -0.000803835 -0.00147321 0.000165488 -0.00033542 0 0.000344488 -6.63717e-05 0.000235043
internal_weight=462 67 44 395 101 80 294 67 46
internal_count=462 67 44 395 101 80 294 67 46
cat_boundaries=0 1
cat_threshold=36241411
is_linear=0
shrinkage=0.01


Tree=462
num_leaves=8
num_cat=0
split_feature=62 28 62 78 50 52 0
split_gain=0.506839 0.647229 0.602382 0.36291 0.230518 0.45608 0.0304949
threshold=34.889999865000007 4.4357142450000007 34.214999675000008 8.1428570665000013 11.050000190000002 3.0500000530000002 0.30547593750000007
decision_type=2 2 2 2 2 2 2
left_child=2 4 -1 -3 -2 6 -6
right_child=1 3 -4 -5 5 -7 -8
leaf_value=0.00069959861168156451 0.0012780119318237598 -1.0281632730268814e-05 -0.00093150122475914266 6.7054020829970983e-06 0.0027093331707988074 -0.00094751175886182717 0.0029616649575849841
leaf_weight=25 231 26 21 33 54 29 20
leaf_count=25 231 26 21 33 54 29 20
internal_value=1.70532e-05 0.000138395 -0.000961538 -0.000811037 0.00031362 -6.26204e-05 0.000334225
internal_weight=439 393 46 59 334 103 74
internal_count=439 393 46 59 334 103 74
is_linear=0
shrinkage=0.01


Tree=463
num_leaves=10
num_cat=0
split_feature=33 66 84 48 32 5 10 12 1
split_gain=0.423526 0.443839 0.612457 0.253733 0.143769 0.183837 0.367954 0.179251 0.0166011
threshold=6.035714285500001 22.175000190000002 12.975714275000001 23.750000135000004 4.0785714045000008 0.38910500000000009 0.59185221450000014 0.71999150000000012 0.21724625000000003
decision_type=2 2 2 2 2 2 2 2 2
left_child=3 2 -2 4 5 6 8 -7 -1
right_child=1 -3 -4 -5 -6 7 -8 -9 -10
leaf_value=0.00041076204341191676 1.4931075720779942e-05 1.7534118640322937e-05 -0.0014530036378444613 -0.00093120040834609313 0.00060280924693795191 0.0010462991437474476 -0.0015287957466551237 -0.00016472093658679657 0.0054481308715683529
leaf_weight=22 20 36 23 20 157 113 27 34 20
leaf_count=22 20 36 23 20 157 113 27 34 20
internal_value=5.07614e-05 -0.000607769 -0.00128995 0.000189182 0.000252809 7.38008e-05 -0.000336676 0.000280785 0.00021028
internal_weight=472 79 43 393 373 216 69 147 42
internal_count=472 79 43 393 373 216 69 147 42
is_linear=0
shrinkage=0.01


Tree=464
num_leaves=9
num_cat=0
split_feature=4 17 11 74 56 44 76 39
split_gain=0.305414 0.458239 0.562272 0.631229 0.190032 0.134298 0.104274 0.0360075
threshold=0.36795921400000003 0.67045500000000013 0.68034628550000009 7.9535714555000014 0.48499965650000004 0.94999998800000018 5.2742857675000012 6.8999998645000007
decision_type=2 2 2 2 2 2 2 2
left_child=1 2 3 4 6 -2 -1 -3
right_child=5 7 -4 -5 -6 -7 -8 -9
leaf_value=-3.3319923324020794e-05 0.0014465794175519404 0.0031113649275168859 -0.0003041637934187152 -0.0010170127342104427 -0.0016264596979909938 -0.00038132625781863843 2.4261640726500065e-05 0.0070804914025047938
leaf_weight=20 167 20 24 20 21 23 92 84
leaf_count=20 167 20 24 20 21 23 92 84
internal_value=7.10047e-05 -0.000133073 -0.000447132 -0.000204811 3.36323e-05 0.0003826 0.000212766 0.000381679
internal_weight=471 281 177 153 133 190 112 104
internal_count=471 281 177 153 133 190 112 104
is_linear=0
shrinkage=0.01


Tree=465
num_leaves=9
num_cat=0
split_feature=57 57 80 59 16 36 0 10
split_gain=0.463028 0.497787 0.247483 0.176577 0.275416 0.128815 0.0937633 0.035315
threshold=3.7500004770000008 4.4450001715000012 14.992142815000003 0.93000030500000019 0.54217126200000021 5.0928571225000008 0.22090962500000003 0.68487628550000013
decision_type=2 2 2 2 2 2 2 2
left_child=6 -2 -3 4 -4 -6 -1 -5
right_child=1 2 3 7 5 -7 -8 -9
leaf_value=0.0014095356730187967 -0.0016848966189559106 -0.00019751103944989578 -1.0655444922666613e-05 2.5974987709905017e-05 4.805333830700533e-05 -0.00072679058391572474 0.00077842397416981544 -1.5722145309649346e-05
leaf_weight=169 37 36 22 79 41 31 33 20
leaf_count=169 37 36 22 79 41 31 33 20
internal_value=2.55973e-05 -0.000243628 -5.87467e-05 7.48194e-05 -0.000221519 5.49451e-05 0.000389546 0.000375752
internal_weight=468 266 229 193 94 72 202 99
internal_count=468 266 229 193 94 72 202 99
is_linear=0
shrinkage=0.01


Tree=466
num_leaves=9
num_cat=0
split_feature=62 70 26 9 1 44 17 9
split_gain=0.587333 0.28868 0.311362 0.296883 0.424013 0.402025 0.229245 0.0869627
threshold=41.785000325000006 47.790000440000007 3.9071428435000004 0.67968875000000006 0.24881958950000002 0.25000000750000007 0.54069188100000021 0.54934752500000006
decision_type=2 2 2 2 2 2 2 2
left_child=1 7 -3 4 6 -6 -4 -1
right_child=-2 2 3 -5 5 -7 -8 -9
leaf_value=-2.9458546278952286e-06 -0.0010255157792428526 0.0016424479204788622 -7.5677420035408479e-06 0.00017745730930424181 -0.00070462499894945543 -0.00030909575477860665 2.5137319952538507e-05 0.0017405335612047394
leaf_weight=36 24 67 44 37 31 26 41 178
leaf_count=36 24 67 44 37 31 26 41 178
internal_value=4.12541e-05 0.000125868 -0.000101297 -0.000325361 -0.000539216 -0.00120242 -6.41026e-05 0.000395717
internal_weight=484 460 246 179 142 57 85 214
internal_count=484 460 246 179 142 57 85 214
is_linear=0
shrinkage=0.01


Tree=467
num_leaves=9
num_cat=1
split_feature=94 16 11 43 74 12 7 7
split_gain=0.416411 0.738446 0.105772 0.105046 0.154245 0.13608 0.195577 0.0441421
threshold=0 0.62757321450000003 0.64316608600000003 6.5500000270000003 7.9535714555000014 0.59547428600000007 0.43975507150000004 0.45526357100000009
decision_type=1 2 2 2 2 2 2 2
left_child=1 -1 -3 5 -5 6 -2 -7
right_child=3 2 -4 4 -6 7 -8 -9
leaf_value=-0.0005807410401155995 0.00074620718441955204 -0.00019247875599329498 0.0016237088231728842 4.1704326762232241e-05 -0.0025887053881542242 -5.6961352818702685e-05 -0.0010745197474564727 0.0011095328110148754
leaf_weight=37 26 20 45 22 22 20 20 231
leaf_count=37 26 20 45 22 22 20 20 231
internal_value=0.000111537 -0.000416667 0.000159574 0.000279989 -0.000133929 0.000357623 -0.000106838 0.000450755
internal_weight=443 102 65 341 44 297 46 251
internal_count=443 102 65 341 44 297 46 251
cat_boundaries=0 1
cat_threshold=15204580
is_linear=0
shrinkage=0.01


Tree=468
num_leaves=8
num_cat=0
split_feature=80 80 22 75 53 23 19
split_gain=0.878852 0.787804 0.290245 0.690416 0.131604 0.0848693 0.029128
threshold=14.992142815000003 14.899999890000002 1.9285714205000002 7.4035714780000008 7.4000000545000004 1.8928571385000001 0.60000000900000006
decision_type=2 2 2 2 2 2 2
left_child=1 -1 4 -4 5 -2 -5
right_child=2 -3 3 6 -6 -7 -8
leaf_value=0.0021825141446049322 0.00097503437524567443 -0.00091435577938357802 -0.0012671085260256741 4.4292178219892752e-06 -0.00011159880076073693 0.00090290238009887915 1.7760570059785058e-05
leaf_weight=22 241 21 36 20 21 39 49
leaf_count=22 241 21 36 20 21 39 49
internal_value=5.00222e-05 -0.00128995 0.000199115 -0.000241021 0.00035951 0.000420228 0.00032235
internal_weight=449 43 406 105 301 280 69
internal_count=449 43 406 105 301 280 69
is_linear=0
shrinkage=0.01


Tree=469
num_leaves=9
num_cat=1
split_feature=94 33 33 6 51 72 18 12
split_gain=0.384202 0.313557 0.355555 0.432852 0.132751 0.246054 0.117197 0.0374307
threshold=0 5.9714285645000009 5.6071429255000007 0.46072752350000007 0.40000000950000009 59.015000345000011 14.005000000000001 0.59547428600000007
decision_type=1 2 2 2 2 2 2 2
left_child=1 2 3 -1 5 -2 -7 -8
right_child=4 -3 -4 -5 -6 6 7 -9
leaf_value=-0.00073212645959949956 -7.3659942542440263e-05 -0.0013187618753357853 0.00096962282364586663 0.00033738507573450037 0.0016484377233563165 -0.0003491371373590019 0.00078465939685761735 1.4977838043484784e-05
leaf_weight=20 31 25 50 26 164 20 20 96
leaf_count=20 31 25 50 26 164 20 20 96
internal_value=9.71732e-05 -0.000360395 -0.000103306 -0.000747863 0.000273552 6.8534e-05 0.000263158 0.000393836
internal_weight=452 121 96 46 331 167 136 116
internal_count=452 121 96 46 331 167 136 116
cat_boundaries=0 1
cat_threshold=539035781
is_linear=0
shrinkage=0.01


Tree=470
num_leaves=8
num_cat=0
split_feature=62 17 15 22 76 75 40
split_gain=0.337934 0.490873 0.238568 0.328157 0.16941 0.431592 0.0448547
threshold=34.944999695000007 0.68161828600000007 0.57686957150000018 1.9071428520000002 6.3878571730000013 7.4714285730000016 12.499999910000001
decision_type=2 2 2 2 2 2 2
left_child=1 -1 3 -2 6 -6 -4
right_child=2 -3 4 -5 5 -7 -8
leaf_value=-0.00065661849219864738 -0.001086532033255286 0.0051094235285628273 0.00074956418876384579 7.897845452501569e-06 -0.0020609607731518183 1.7305873552392288e-05 0.004193268695986299
leaf_weight=29 20 24 266 38 21 44 20
leaf_count=29 20 24 266 38 21 44 20
internal_value=0.000149092 -0.000585502 0.000250122 -0.000323129 0.000351052 -8.35866e-05 0.000456764
internal_weight=462 53 409 58 351 65 286
internal_count=462 53 409 58 351 65 286
is_linear=0
shrinkage=0.01


Tree=471
num_leaves=11
num_cat=1
split_feature=93 42 62 18 94 25 66 15 20 9
split_gain=0.583474 0.340656 0.332484 0.444082 0.322109 0.4793 0.878386 0.0373781 0.0439996 0.0261223
threshold=18.755804620000003 2.6999999285000005 34.944999695000007 57.185000000000009 0 2.2142857270000005 4.0399999620000004 0.57686957150000018 2.5999999730000005 0.59099891650000014
decision_type=8 2 2 2 1 2 2 2 2 2
left_child=-1 -2 3 -3 5 6 -4 -6 -9 -7
right_child=1 2 4 -5 7 9 -8 8 -10 -11
leaf_value=-0.0010522058916745444 -3.9566195819609775e-05 -0.00028814362579098607 0.0029301972660347288 0.00085723496674573307 3.7086936195268155e-06 -7.9521004344954734e-05 -0.0016277673976007939 0.00045253813761581495 0.0048337671839926901 0.00085762133825834617
leaf_weight=39 23 21 20 30 20 20 23 225 20 40
leaf_count=39 23 21 20 30 20 20 23 225 20 40
internal_value=-5.70776e-05 4.29088e-05 0.000113149 -0.000627413 0.000222343 -0.000232865 -0.00106164 0.000400653 0.000449552 0.000296053
internal_weight=481 442 419 51 368 103 43 265 245 60
internal_count=481 442 419 51 368 103 43 265 245 60
cat_boundaries=0 1
cat_threshold=35718210
is_linear=0
shrinkage=0.01


Tree=472
num_leaves=11
num_cat=0
split_feature=42 54 41 31 5 7 10 22 42 0
split_gain=0.428598 0.271727 0.330139 0.438948 0.141607 0.442795 0.103439 0.0355541 0.0430078 0.0285266
threshold=2.4999999740000005 0.60000001250000012 2.0999999940000005 2.3499999640000007 0.36613171450000004 0.48500150000000003 0.67287328600000007 1.9571428385000003 15.349999815000002 0.12285293750000002
decision_type=2 2 2 2 2 2 2 2 2 2
left_child=-1 2 3 -2 5 9 -4 8 -6 -3
right_child=1 4 6 -5 7 -7 -8 -9 -10 -11
leaf_value=-7.949914029263514e-05 0.00069106918691922705 0.00025752187560473301 0.0023776851047820238 -0.00089928196476065042 0.0004148858433594002 -0.0011210831188533767 -0.0002853392489635721 -0.00019735521226007822 0.00036626028927757648 -5.912667536218488e-05
leaf_weight=20 23 47 43 24 190 20 20 20 20 20
leaf_count=20 23 47 43 24 190 20 20 20 20 20
internal_value=4.80125e-05 0.000120383 -0.000297834 -0.000930962 0.000272184 -5.12528e-05 0.000148903 0.000402946 0.000441176 0.000317109
internal_weight=447 427 110 47 317 87 63 230 210 67
internal_count=447 427 110 47 317 87 63 230 210 67
is_linear=0
shrinkage=0.01


Tree=473
num_leaves=10
num_cat=0
split_feature=45 88 2 88 21 7 20 0 7
split_gain=0.722361 0.883093 0.773803 0.729435 0.754052 0.246078 0.178156 0.092457 0.0778705
threshold=0.50000000350000018 17.345000065000004 0.30255309500000011 17.057857240000004 1.7214285605000001 0.52420028600000013 2.3000000115000003 0.31065555400000006 0.48798028600000004
decision_type=2 2 2 2 2 2 2 2 2
left_child=1 2 3 4 -1 -5 -3 -4 -6
right_child=-2 6 7 5 8 -7 -8 -9 -10
leaf_value=-0.00052613267469857989 0.0021180135628090756 1.8899288052855419e-05 0.0050687065532233682 -0.0012735574101813718 0.0002349556832830864 -0.0004728040596072368 -0.00011660762374536596 -0.00014451886891039931 -1.1773224819651991e-05
leaf_weight=21 164 99 35 20 27 20 33 20 20
leaf_count=21 164 99 35 20 27 20 33 20 20
internal_value=-4.02349e-05 -0.000339757 -0.000833333 -0.00132353 -0.000639535 -0.00240196 0.000256024 9.85663e-05 3.13808e-05
internal_weight=459 295 163 108 68 40 132 55 47
internal_count=459 295 163 108 68 40 132 55 47
is_linear=0
shrinkage=0.01


Tree=474
num_leaves=7
num_cat=0
split_feature=62 62 93 0 62 76
split_gain=0.902282 0.803706 0.293843 0.116451 0.0405795 0.0431557
threshold=34.944999695000007 34.214999675000008 18.755804620000003 0.31458908350000009 41.785000325000006 5.1871428170000007
decision_type=2 2 8 2 2 2
left_child=1 -1 -2 4 5 -4
right_child=2 -3 3 -5 -6 -7
leaf_value=0.00064665159814100682 -0.00019695757999475314 -0.00027367810074770609 1.9633495549506025e-05 0.00050991122272648791 -3.3997254049334175e-05 0.00034147707567746822
leaf_weight=25 37 22 21 25 20 318
leaf_count=25 37 22 21 25 20 318
internal_value=0.000153584 -0.00114017 0.000304647 0.000389813 0.000437743 0.000463508
internal_weight=468 47 421 384 359 339
internal_count=468 47 421 384 359 339
is_linear=0
shrinkage=0.01


Tree=475
num_leaves=9
num_cat=0
split_feature=33 5 91 22 22 14 3 53
split_gain=0.376205 0.371548 0.6437 0.693501 0.128604 0.356136 0.0615385 0.0410287
threshold=4.921428510000001 0.37355885700000008 97.036986940000006 1.9428571035000002 1.9285714205000002 0.71111892850000002 0.23366657150000003 6.8999999535000009
decision_type=2 2 2 2 2 2 2 2
left_child=-1 2 3 -2 7 -6 -5 -3
right_child=1 4 -4 6 5 -7 -8 -9
leaf_value=-0.00087775112112634666 -0.0011394938197822433 0.0010216025737860362 0.002498722503634023 -1.1986344701842546e-06 8.9032819719926022e-06 -0.003322971758693386 1.4916532801468946e-05 0.00038389141975059298
leaf_weight=22 36 206 59 20 50 25 20 21
leaf_count=22 36 206 59 20 50 25 20 21
internal_value=5.98086e-05 0.000129054 -0.000298233 -0.000911458 0.000326948 -6.59629e-06 0 0.000445566
internal_weight=459 437 135 76 302 75 40 227
internal_count=459 437 135 76 302 75 40 227
is_linear=0
shrinkage=0.01


Tree=476
num_leaves=9
num_cat=0
split_feature=20 6 33 84 25 48 39 0
split_gain=0.461917 0.645584 0.254612 0.585864 0.140558 0.0423601 0.100956 0.0275573
threshold=2.5428571190000002 0.4522603575000001 5.9714285645000009 13.003571440000002 2.4857142820000004 10.399999930000002 5.6500000320000003 0.089006678500000005
decision_type=2 2 2 2 2 2 2 2
left_child=2 -2 4 -4 5 6 -1 -5
right_child=1 -3 3 7 -6 -7 -8 -9
leaf_value=-0.00045159880821936101 -0.00093465688549453161 0.0027990933095059021 -0.00089908170057290322 2.8990173889693645e-06 -0.00017763474041993907 0.0011228166406459538 0.0033150932047424802 4.059514494119569e-06
leaf_weight=20 30 24 31 20 20 232 41 44
leaf_count=20 30 24 31 20 20 232 41 44
internal_value=0.000105877 -0.000748175 0.000225049 -0.000213987 0.000364882 0.000423758 0.00013754 0.000308642
internal_weight=462 54 408 95 313 293 61 64
internal_count=462 54 408 95 313 293 61 64
is_linear=0
shrinkage=0.01


Tree=477
num_leaves=8
num_cat=0
split_feature=17 64 4 91 0 17 0
split_gain=0.58291 0.714269 0.313579 0.553544 0.175211 0.175454 0.0327568
threshold=0.59665769050000017 29.699999810000005 0.35440475000000005 79.795722920000017 0.27560828300000006 0.68627167850000015 0.27190482600000004
decision_type=2 2 2 2 2 2 2
left_child=1 -1 3 -3 -2 -6 -4
right_child=4 2 6 -5 5 -7 -8
leaf_value=-0.00079002316327529166 0.0012532542904310543 3.5139903781757743e-06 5.6435453517515089e-06 -8.8307615889817834e-06 -0.00038241150690550648 0.003083138030841519 0.003844118300001172
leaf_weight=30 250 28 64 35 20 21 20
leaf_count=30 250 28 64 35 20 21 20
internal_value=0.000110922 -0.000334646 -3.04465e-05 -0.0005721 0.000388965 -0.000179426 0.000353774
internal_weight=468 177 147 63 291 41 84
internal_count=468 177 147 63 291 41 84
is_linear=0
shrinkage=0.01


Tree=478
num_leaves=8
num_cat=0
split_feature=48 52 25 50 36 43 46
split_gain=0.757969 0.43391 0.201239 0.172358 0.781017 0.152929 0.128395
threshold=27.050000120000004 0.35000000900000006 2.4857142820000004 10.250000150000002 4.1999999970000008 6.4999998365000007 8.8500000315000005
decision_type=2 2 2 2 2 2 2
left_child=1 -1 3 6 -5 -6 -3
right_child=-2 2 -4 4 5 -7 -8
leaf_value=-0.00014775634641142943 -7.712272139644629e-06 0.0008750922896223767 -0.0011267437702476722 -0.0007303021052667318 0.00011827624896196869 -0.00055712479813420346 -4.59703225667546e-06
leaf_weight=21 27 212 23 20 95 37 25
leaf_count=21 27 212 23 20 95 37 25
internal_value=0 0.000102582 0.000179264 0.000237301 -1.3089e-05 0.000256024 0.000405803
internal_weight=460 433 412 389 152 132 237
internal_count=460 433 412 389 152 132 237
is_linear=0
shrinkage=0.01


Tree=479
num_leaves=9
num_cat=1
split_feature=48 94 22 10 6 5 31 17
split_gain=0.8953 0.391682 0.54 0.25653 0.238777 0.382181 0.111033 0.0437196
threshold=24.049999575000005 0 1.9285714205000002 0.61324871400000014 0.41071290450000003 0.35079978550000007 5.7428571670000013 0.49031528550000009
decision_type=2 1 2 2 2 2 2 2
left_child=1 2 3 -1 5 6 -3 -6
right_child=-2 4 -4 -5 7 -7 -8 -9
leaf_value=-0.00022456004970177655 -0.00091177519300696304 0.00073742511263266588 -0.00028677324155807057 0.0018151712907225601 3.8422664562779424e-07 -0.001044087335354271 -0.00055497495100244603 0.0007962740488855907
leaf_weight=20 39 50 34 49 20 20 20 214
leaf_count=20 39 50 34 49 20 20 20 214
internal_value=-3.21337e-05 9.7008e-05 -0.000408612 3.58166e-05 0.000268817 -0.000143172 0.000183616 0.000447189
internal_weight=466 427 103 69 324 90 70 234
internal_count=466 427 103 69 324 90 70 234
cat_boundaries=0 1
cat_threshold=172556836
is_linear=0
shrinkage=0.01


Tree=480
num_leaves=9
num_cat=1
split_feature=94 18 74 39 33 8 49 1
split_gain=0.622543 0.527213 0.436337 0.431248 0.28042 0.328281 0.10772 0.0204918
threshold=0 55.850000000000009 7.5771428860000007 5.5999999160000007 4.9785714150000011 0.57582796400000014 39.300000435000008 0.25584164250000002
decision_type=1 2 2 2 2 2 2 2
left_child=1 2 -1 -4 5 -2 -6 -3
right_child=4 7 3 -5 6 -7 -8 -9
leaf_value=-0.000740301722971478 -0.001761914263532614 -1.3603905368448589e-07 -0.0012756994332196062 -0.00024852369670511272 0.00023668604606532221 0.00057169080738629868 -6.8888394505930035e-05 0.0013944512038495871
leaf_weight=31 20 20 20 24 264 20 31 28
leaf_count=31 20 20 20 24 264 20 31 28
internal_value=8.06452e-05 -0.00049701 -0.00106201 -0.00169643 0.00030509 -0.000441176 0.000424273 0.000245902
internal_weight=458 123 75 44 335 40 295 48
internal_count=458 123 75 44 335 40 295 48
cat_boundaries=0 1
cat_threshold=2097798
is_linear=0
shrinkage=0.01


Tree=481
num_leaves=10
num_cat=0
split_feature=80 80 80 43 4 0 6 7 19
split_gain=0.668961 0.71989 0.517427 0.3181 0.485072 0.222202 0.386321 0.0216024 0.0183618
threshold=14.984285695000002 14.887857095000003 15.969285760000002 0.94999998800000018 0.27893685700000009 0.26921189550000008 0.45330835750000004 0.55824983950000007 1.0142857135000003
decision_type=2 2 2 2 2 2 2 2 2
left_child=1 -1 3 4 -2 8 -7 -8 -5
right_child=2 -3 -4 5 -6 6 7 -9 -10
leaf_value=0.00079783303356971425 0.0001701770233900443 -0.00081644296885505533 -0.00087469049846038084 0.00038325471897081596 -1.0440776016491268e-05 -0.0020668714464457225 0.0012492644169435048 0.0040179184791378072 7.0759815182720058e-06
leaf_weight=24 22 23 28 265 22 20 20 30 29
leaf_count=24 22 23 28 265 22 20 20 30 29
internal_value=-1.34353e-05 -0.00114017 0.000105311 0.000200587 -0.000580357 0.000301535 -0.000183616 0.000255906 0.000424016
internal_weight=483 47 436 408 44 364 70 50 294
internal_count=483 47 436 408 44 364 70 50 294
is_linear=0
shrinkage=0.01


Tree=482
num_leaves=10
num_cat=0
split_feature=25 91 53 5 56 75 73 10 0
split_gain=0.414954 0.646538 0.569449 0.223798 0.204908 0.148957 0.0377009 0.0357385 0.015083
threshold=2.2285714405000001 108.67675520000002 2.5000000040000003 0.37873342850000008 2.0650000575000003 8.1071429380000009 0.38357142700000008 0.57715200000000011 0.086065333000000008
decision_type=2 2 2 2 2 2 2 2 2
left_child=1 2 -1 -4 7 6 -2 -3 -7
right_child=5 4 3 -5 -6 8 -8 -9 -10
leaf_value=-0.00012595375505967669 0.00027155371958120881 0.0057925353209161033 -0.0014070879589130906 0.00021498784699116918 -0.0022387966494888819 -1.0903979667571389e-05 6.3671311185571906e-05 0.0020457508273803967 0.00012971992297593966
leaf_weight=30 179 20 24 35 25 20 22 82 20
leaf_count=30 179 20 24 35 25 20 22 82 20
internal_value=3.6042e-05 -0.000276753 -0.000929844 -0.000309365 0.000168232 0.000324648 0.000438553 0.000379377 -0.000196078
internal_weight=457 216 89 59 127 241 201 102 40
internal_count=457 216 89 59 127 241 201 102 40
is_linear=0
shrinkage=0.01


Tree=483
num_leaves=9
num_cat=0
split_feature=80 16 17 18 66 56 80 5
split_gain=0.369613 0.298017 0.22563 0.438245 0.543419 0.14967 0.0764496 0.0662955
threshold=14.992142815000003 0.66866521450000016 0.55852528550000013 73.925000000000026 21.465000155000002 2.0650000575000003 15.882857255000003 0.39352740000000003
decision_type=2 2 2 2 2 2 2 2
left_child=1 -1 3 4 -2 6 -4 -8
right_child=2 -3 5 -5 -6 -7 7 -9
leaf_value=-0.00026611046768187463 -0.00047901882702041726 0.0021101955798254741 0.0012859331655653997 9.4919303394570701e-05 5.1680340537138074e-06 -0.00054452593606483016 -0.00068881210166240952 0.0037559520413598451
leaf_weight=23 23 23 224 53 38 39 20 22
leaf_count=23 23 23 224 53 38 39 20 22
internal_value=8.69472e-05 -0.000747863 0.000184612 -0.000182927 -0.000768608 0.000328646 0.000416042 0
internal_weight=465 46 419 114 61 305 266 42
internal_count=465 46 419 114 61 305 266 42
is_linear=0
shrinkage=0.01


Tree=484
num_leaves=10
num_cat=0
split_feature=57 57 83 79 62 28 70 36 1
split_gain=0.784521 1.13971 0.428121 1.01628 0.246054 0.102898 0.0740132 0.217429 0.0662955
threshold=3.7500004770000008 4.4450001715000012 10.000714231500002 6.2642857600000008 34.825000765000006 3.2928571530000004 50.575000290000006 5.0928571225000008 0.15159507150000004
decision_type=2 2 2 2 2 2 2 2 2
left_child=5 -2 4 -4 -3 -1 7 -6 -5
right_child=1 2 3 8 6 -7 -8 -9 -10
leaf_value=-0.00018659494276748346 -0.0017167192978533264 -0.00019594975414123744 -1.4867287378531271e-05 -7.9990761741920092e-06 0.0025972658692895957 0.0016116587083596528 3.7477323140404599e-05 -0.00030024035509020579 3.8853530242668955e-05
leaf_weight=30 32 31 21 20 39 167 76 21 22
leaf_count=30 32 31 21 20 39 167 76 21 22
internal_value=-8.3732e-05 -0.000445205 -0.000186308 -0.00088558 6.8534e-05 0.000386754 0.000263158 0 0
internal_weight=459 262 230 63 167 197 136 60 42
internal_count=459 262 230 63 167 197 136 60 42
is_linear=0
shrinkage=0.01


Tree=485
num_leaves=11
num_cat=1
split_feature=91 91 23 94 12 48 11 2 21 53
split_gain=0.523454 0.919123 0.453466 0.416962 0.479472 0.478808 0.122778 0.184043 0.0353731 0.0429073
threshold=81.602127495000019 78.719873865000011 1.7142857100000002 0 0.70934453600000014 18.199999915000003 0.59088350000000012 0.26212950000000007 1.5999999895000003 7.3000002170000009
decision_type=2 2 2 1 2 2 2 2 2 2
left_child=1 2 -1 4 5 -2 7 -5 -8 -10
right_child=3 -3 -4 6 -6 -7 8 -9 9 -11
leaf_value=-0.0017880270732009574 6.2254687522898846e-05 -0.00087502169015733528 0.00036068949438621754 0.0067119678591411793 -0.00062672009420810235 -6.7031538184786466e-05 0.0014182715075786378 -0.0012728633920335249 0.00024319376272218551 0.00031273170284065629
leaf_weight=20 52 22 42 23 20 29 20 20 187 20
leaf_count=20 52 22 42 23 20 29 20 20 187 20
internal_value=-6.69153e-05 -0.000778302 -0.000111465 9.01022e-05 -0.000424866 -9.1687e-05 0.000295584 -0.000148402 0.000401668 0.000440327
internal_weight=455 84 62 371 101 81 270 43 227 207
internal_count=455 84 62 371 101 81 270 43 227 207
cat_boundaries=0 1
cat_threshold=134286980
is_linear=0
shrinkage=0.01


Tree=486
num_leaves=10
num_cat=1
split_feature=94 8 91 48 4 43 93 19 0
split_gain=0.379442 0.528477 0.575398 0.625826 0.570632 0.517596 0.148957 0.0420718 0.033337
threshold=0 0.63008898200000008 96.478193015000016 17.999999820000003 0.35995871400000007 3.0499999525000003 21.597050835000005 0.59285715000000005 0.28399154150000006
decision_type=1 2 2 2 2 2 8 2 2
left_child=6 2 3 5 -4 -2 -1 -8 -3
right_child=1 8 4 -5 -6 -7 7 -9 -10
leaf_value=-7.1482849115555814e-06 0.00044704722637238606 0.0012034161649007568 0.00067707176137633525 -0.00093583600275957523 -0.0013534272009841275 -0.0016048540358924348 -2.2989493353365057e-05 0.00043127393164369164 0.00020313418819791089
leaf_weight=39 25 67 65 25 36 22 20 165 20
leaf_count=39 25 67 65 25 36 22 20 165 20
internal_value=1.29709e-11 -0.000251108 -0.000584005 -0.00126374 -7.36739e-05 -0.000512552 0.000298126 0.000433262 0.00035877
internal_weight=484 260 173 72 101 47 224 185 87
internal_count=484 260 173 72 101 47 224 185 87
cat_boundaries=0 1
cat_threshold=681055001
is_linear=0
shrinkage=0.01


Tree=487
num_leaves=8
num_cat=0
split_feature=18 48 15 20 4 74 36
split_gain=0.450414 0.61313 0.278035 0.195231 0.184766 0.0926467 0.0444076
threshold=39.945000000000007 19.800000220000005 0.60965771450000006 2.5642856870000004 0.27648757150000008 7.9050000395000009 5.4285714285000006
decision_type=2 2 2 2 2 2 2
left_child=1 2 4 6 -1 -4 -2
right_child=3 -3 5 -5 -6 -7 -8
leaf_value=0.00040733573247758351 0.00026910165982722552 -0.00040634500973203615 0.00022756133087812247 -0.00011526154446722373 -0.00055322447308577569 0.00093276604676503175 0.0041861734209242864
leaf_weight=20 243 34 77 34 20 27 20
leaf_count=20 243 34 77 34 20 27 20
internal_value=0.000116646 -0.000274049 1.28121e-11 0.000357623 -0.000686274 0.00028626 0.000452995
internal_weight=475 178 144 297 40 104 263
internal_count=475 178 144 297 40 104 263
is_linear=0
shrinkage=0.01


Tree=488
num_leaves=10
num_cat=0
split_feature=62 62 33 66 6 32 9 43 26
split_gain=0.516348 0.496538 0.488941 0.739415 0.163987 0.223976 0.100956 0.0705809 0.0710918
threshold=34.889999865000007 34.214999675000008 5.9714285645000009 21.719999790000006 0.39186509500000005 4.1500000360000007 0.66603772500000014 6.2500000070000015 3.9571428470000005
decision_type=2 2 2 2 2 2 2 2 2
left_child=1 -1 4 -4 5 -2 -5 -6 -9
right_child=2 -3 3 6 7 -7 -8 8 -10
leaf_value=0.0034015354343952088 -0.0007956480777743096 -0.0008608685426125573 -0.0015738607396385041 9.5705119978681557e-06 0.0013722823838049696 0.00013284992734713855 -1.6191534620634877e-06 0.0060361089345475983 -1.5852870218803918e-05
leaf_weight=22 29 22 36 41 210 29 20 24 20
leaf_count=22 29 22 36 41 210 29 20 24 20
internal_value=-3.30541e-06 -0.00102679 0.000103709 -0.000506135 0.000300512 -0.000153061 0.00013754 0.000412088 1.23068e-11
internal_weight=453 44 409 97 312 58 61 254 44
internal_count=453 44 409 97 312 58 61 254 44
is_linear=0
shrinkage=0.01


Tree=489
num_leaves=9
num_cat=0
split_feature=51 27 92 3 2 29 41 23
split_gain=0.420714 0.568203 0.989364 0.131656 0.242451 0.101163 0.0954833 0.0381349
threshold=0.50000001100000013 3.8428571390000004 22.679679890000006 0.30226861900000007 0.24313742850000003 2.0285714435000002 15.399999650000002 1.6857142955000002
decision_type=2 2 10 2 2 2 2 2
left_child=1 2 -1 4 6 -5 -3 -7
right_child=-2 3 -4 5 -6 7 -8 -9
leaf_value=0.00045837424323728388 0.000882205148282538 6.9683701387246991e-05 -0.00092692688812076303 -8.3566219734001752e-05 -0.00076906276602766669 1.6378286713787469e-05 -1.9714385710996862e-06 0.0010557495275141447
leaf_weight=32 182 37 26 23 24 20 20 103
leaf_count=32 182 37 26 23 24 20 20 103
internal_value=0.00011009 -0.000124213 -0.0010034 9.4381e-05 -0.000213936 0.000279292 0.000112457 0.000399838
internal_weight=467 285 58 227 81 146 57 123
internal_count=467 285 58 227 81 146 57 123
is_linear=0
shrinkage=0.01


Tree=490
num_leaves=9
num_cat=1
split_feature=94 11 4 63 82 0 42 0
split_gain=0.854599 0.566335 1.23793 0.942804 0.206233 0.0444495 0.031233 0.0166011
threshold=0 0.64058830950000012 0.31563990500000005 30.565000535000003 14.647142820000001 0.31065555400000006 12.399999950000003 0.11869404200000001
decision_type=1 2 2 2 2 2 2 2
left_child=1 2 7 -4 6 -2 -3 -1
right_child=5 4 3 -5 -6 -7 -8 -9
leaf_value=0.00074997356345075342 0.00079084985481039623 0.00022657672560722015 -0.0011099288903814732 -8.6800626728356084e-06 -0.00029133526850730834 -0.00033641373068406358 0.0002172085711464053 0.00074783007645298826
leaf_weight=22 245 57 28 21 35 20 20 20
leaf_count=22 245 57 28 21 35 20 20 20
internal_value=6.82594e-05 -0.000404584 -0.00100763 -0.00207831 3.5461e-05 0.000436911 0.000340617 0.00021028
internal_weight=468 203 91 49 112 265 77 42
internal_count=468 203 91 49 112 265 77 42
cat_boundaries=0 1
cat_threshold=44108518
is_linear=0
shrinkage=0.01


Tree=491
num_leaves=8
num_cat=0
split_feature=45 8 62 67 11 18 81
split_gain=0.42626 0.502328 0.504484 0.783519 0.390209 0.312643 0.113898
threshold=0.65000000600000007 0.63514432150000011 40.809998990000004 66.890000345000018 0.67142419650000018 15.685 12.909999950000001
decision_type=2 2 2 2 2 2 2
left_child=1 2 4 -4 5 -1 -7
right_child=-2 -3 3 -5 -6 6 -8
leaf_value=-8.6136842524487775e-05 0.0029343629127666459 0.00017892006536591884 -0.00064242090569432378 -1.843785094642171e-06 -0.0019639385397927913 -0.00048311894619261996 7.0362575883647425e-05
leaf_weight=26 155 89 20 28 27 20 109
leaf_count=26 155 89 20 28 27 20 109
internal_value=5.26538e-05 -0.000151657 -0.000402946 -0.00131148 -0.000147702 3.53017e-05 0.000250385
internal_weight=474 319 230 48 182 155 129
internal_count=474 319 230 48 182 155 129
is_linear=0
shrinkage=0.01


Tree=492
num_leaves=11
num_cat=0
split_feature=8 18 4 21 43 34 34 42 0 2
split_gain=0.78486 0.862597 0.978997 0.543415 0.238319 0.211264 0.249791 0.0730796 0.0686894 0.02997
threshold=0.56951092900000011 30.345000000000002 0.31054607150000008 1.7857142775000001 5.6999999320000017 4.1142857075000014 4.3071428705000008 12.700000025000003 0.16844663200000001 0.22024757150000004
decision_type=2 2 2 2 2 2 2 2 2 2
left_child=1 2 3 -1 9 7 -7 -2 -9 -3
right_child=5 4 -4 -5 -6 6 -8 8 -10 -11
leaf_value=-0.0014356233589382027 0.00025169551265754204 6.4242595671097218e-05 -0.00096674548534200614 0.001054540760672282 -0.00047021165523590275 -0.00023551932558040682 0.0066724211654452456 0.0071417380842202271 -0.00017051227780026147 0.0020093862431838187
leaf_weight=21 211 20 20 24 31 25 23 23 20 52
leaf_count=21 211 20 20 24 31 25 23 23 20 52
internal_value=-6.37212e-06 -0.000556872 -0.00145137 -0.000556769 0 0.000293923 -0.000286885 0.000412088 0 0.00032967
internal_weight=470 168 65 45 103 302 48 254 43 72
internal_count=470 168 65 45 103 302 48 254 43 72
is_linear=0
shrinkage=0.01


Tree=493
num_leaves=10
num_cat=0
split_feature=48 39 39 10 22 21 19 20 5
split_gain=0.361 0.335473 0.452806 0.19048 0.192011 0.2371 0.0834042 0.154305 0.112593
threshold=24.550000110000003 5.8000001165000006 5.3999999130000012 0.53166428550000011 1.9285714205000002 1.7785714270000004 0.95714285950000011 2.3000000115000003 0.42164786900000006
decision_type=2 2 2 2 2 2 2 2 2
left_child=1 2 3 -1 -5 -6 -3 -8 -9
right_child=-2 6 -4 4 5 -7 7 8 -10
leaf_value=-8.0994613007835374e-05 -0.0003963727072932695 0.00074201688193764896 -0.00078938317594891923 0.00060734635983049833 -0.00021056647303805857 7.833369411433256e-06 0.002828492782836603 -0.0017145098615041763 0.0028267231533973193
leaf_weight=20 32 160 32 80 25 21 56 20 27
leaf_count=20 32 160 32 80 25 21 56 20 27
internal_value=3.06036e-05 0.000109778 -0.000218121 6.812e-06 0.000165615 -0.000320513 0.000339272 9.15222e-05 -0.000303347
internal_weight=473 441 178 146 126 46 263 103 47
internal_count=473 441 178 146 126 46 263 103 47
is_linear=0
shrinkage=0.01


Tree=494
num_leaves=11
num_cat=1
split_feature=94 5 50 41 41 39 8 53 41 5
split_gain=0.582485 0.825365 0.337336 0.239468 0.293417 0.181097 0.0763575 0.0279108 0.092457 0.0253349
threshold=0 0.3713269715000001 13.449999845000002 11.799999980000001 10.450000115000002 4.1500000845000011 0.59574968600000011 1.4000000135000004 5.0500000045000002 0.40979680950000003
decision_type=1 2 2 2 2 2 2 2 2 2
left_child=1 -1 9 4 5 6 -2 -7 -9 -3
right_child=3 2 -4 -5 -6 7 -8 8 -10 -11
leaf_value=-0.00088790305529663207 0.008682058939419382 -4.9920791880797226e-05 -0.00076272901850536409 0.00018345936213874891 -0.00039954467091194812 0.00072460323019352005 -0.00059061155489164988 -0.00031929677353241466 0.00031380845480117518 0.0034633852287553057
leaf_weight=30 20 20 23 166 24 67 20 20 35 38
leaf_count=30 20 20 23 166 24 67 20 20 35 38
internal_value=0 -0.000595238 -9.1687e-05 0.000203969 -2.67666e-05 0.000116708 -0.000441176 0.00031759 9.85663e-05 0.000289116
internal_weight=463 111 81 352 186 162 40 122 55 58
internal_count=463 111 81 352 186 162 40 122 55 58
cat_boundaries=0 1
cat_threshold=574621698
is_linear=0
shrinkage=0.01


Tree=495
num_leaves=10
num_cat=0
split_feature=25 91 0 92 2 0 18 28 29
split_gain=0.272844 0.390295 0.465375 0.338509 0.311153 0.141099 0.245229 0.114786 0.0375165
threshold=2.2428571415000005 106.71203290000001 0.13817531250000004 22.979626460000002 0.23546295250000002 0.27026441650000005 84.260000000000019 4.3785714595000007 2.0142857095000006
decision_type=2 2 2 10 2 2 2 2 2
left_child=1 2 3 -1 -5 -3 -7 8 -2
right_child=7 5 -4 4 -6 6 -8 -9 -10
leaf_value=2.2558633096276358e-05 0.00045616815967086666 0.00070990656883709229 -0.00051612502928688356 -0.0004253915324759867 0.00014692709042492925 0.0070070141296572587 -0.0020098601851208336 -3.0913273153983063e-06 0.00083976035426823828
leaf_weight=40 22 85 25 22 22 31 28 24 174
leaf_count=40 22 85 25 22 22 31 28 24 174
internal_value=9.39215e-05 -0.000124113 -0.000578324 -0.000188679 -0.000803571 0.000207182 -0.00014214 0.000353261 0.000436992
internal_weight=473 253 109 84 44 144 59 220 196
internal_count=473 253 109 84 44 144 59 220 196
is_linear=0
shrinkage=0.01


Tree=496
num_leaves=9
num_cat=0
split_feature=14 28 81 63 62 2 12 63
split_gain=0.487301 0.508938 0.455066 0.269305 0.108955 0.184043 0.120558 0.492803
threshold=0.62966652400000012 4.399999976000001 13.719285620000003 24.410000800000002 41.180000780000007 0.28093861550000004 0.71999150000000012 29.420000075000004
decision_type=2 2 2 2 2 2 2 2
left_child=1 2 -1 -2 6 -6 -5 -8
right_child=3 -3 -4 4 5 -7 7 -9
leaf_value=-0.00050978644120059605 -0.00090939296501659373 2.4292316412620396e-05 -3.5612918558238004e-06 0.00029201844678516833 -0.00066011913858991659 0.0025919388219536603 0.0031604317755112672 -0.00023192907226076049
leaf_weight=38 20 32 31 210 20 23 67 21
leaf_count=38 20 32 31 210 20 23 67 21
internal_value=4.10545e-05 -0.000564833 -0.00105301 0.000216971 0.00028818 -0.000148402 0.000358099 2.25225e-05
internal_weight=462 101 69 361 341 43 298 88
internal_count=462 101 69 361 341 43 298 88
is_linear=0
shrinkage=0.01


Tree=497
num_leaves=7
num_cat=0
split_feature=5 4 6 12 14 29
split_gain=0.386861 1.03118 0.161691 0.122847 0.529745 0.032135
threshold=0.36656221450000009 0.31360519050000008 0.3393112860000001 0.71999150000000012 0.7271730715000001 2.4214285700000002
decision_type=2 2 2 2 2 2
left_child=1 2 -1 -2 -5 -4
right_child=3 -3 5 4 -6 -7
leaf_value=-6.3949512220880906e-06 1.7936449212003948e-05 -0.0009699607948078895 0.00017446004168419752 -0.0041056854272126467 0.0040901035001920704 -7.931626479811094e-05
leaf_weight=27 246 20 61 20 70 20
leaf_count=27 246 20 61 20 70 20
internal_value=0.000193632 -0.000263975 0.000110294 0.000374109 3.30397e-05 0.000348411
internal_weight=464 128 108 336 90 81
internal_count=464 128 108 336 90 81
is_linear=0
shrinkage=0.01


Tree=498
num_leaves=9
num_cat=0
split_feature=6 0 11 21 93 18 0 0
split_gain=0.377473 0.503529 0.174001 0.168495 0.0908423 0.170984 0.032135 0.0257349
threshold=0.40456201450000001 0.21413445850000004 0.59088350000000012 1.7285714190000003 23.642177115000006 113.62500000000001 0.15394539600000004 0.066068660000000015
decision_type=2 2 2 2 8 2 2 2
left_child=1 3 -2 -1 5 6 -4 -5
right_child=2 -3 4 7 -6 -7 -8 -9
leaf_value=-0.00073235764264795102 -0.00060464158028033707 -0.00086066786061850687 6.1234001773257989e-07 0.00045740978695045211 0.00067251002929146061 -0.00021650060085932844 0.00099511765469844022 4.4724525983995312e-06
leaf_weight=35 32 21 20 20 224 26 61 39
leaf_count=35 32 21 20 20 224 26 61 39
internal_value=0.000139933 -0.000349741 0.00030099 -1.05485e-05 0.000372212 0.000106679 0.000348411 0.000292642
internal_weight=478 115 363 94 331 107 81 59
internal_count=478 115 363 94 331 107 81 59
is_linear=0
shrinkage=0.01


Tree=499
num_leaves=9
num_cat=0
split_feature=62 62 34 34 39 7 7 53
split_gain=0.664703 0.682583 0.210685 0.590638 0.150235 0.0620186 0.0662955 0.0433231
threshold=34.889999865000007 34.214999675000008 3.8428571735000001 3.9357142960000004 3.7000000065000003 0.45109400000000005 0.42327807100000009 7.249999948000001
decision_type=2 2 2 2 2 2 2 2
left_child=1 -1 5 -4 -5 6 -2 -7
right_child=2 -3 3 4 -6 7 -8 -9
leaf_value=0.00074689732635893331 0.00044493135352901669 -0.00072522913715877683 -8.0018620795505447e-05 -7.0270999225138534e-05 8.3299771529153231e-05 0.00042637120789551118 -0.00049018582955619725 0.0001228435397661582
leaf_weight=27 22 25 32 36 83 200 20 20
leaf_count=27 22 25 32 36 83 200 20 20
internal_value=6.54788e-05 -0.000984848 0.000204205 -8.23452e-05 0.000229549 0.000376712 0 0.000443841
internal_weight=465 52 413 151 119 262 42 220
internal_count=465 52 413 151 119 262 42 220
is_linear=0
shrinkage=0.01


Tree=500
num_leaves=10
num_cat=0
split_feature=17 4 6 35 20 17 42 41 13
split_gain=0.821235 0.723312 0.721662 0.46174 0.341984 0.403564 0.320548 0.50734 0.0734472
threshold=0.55852528550000013 0.39193309500000001 0.45569121450000011 4.0357142685000005 2.3428571220000003 0.68431400000000009 11.149999890000002 0.99999999650000004 0.64907587500000008
decision_type=2 2 2 2 2 2 2 2 2
left_child=1 2 3 -1 -2 6 7 -6 -5
right_child=4 -3 -4 8 5 -7 -8 -9 -10
leaf_value=-0.00042553309512098126 0.0006062050545619388 0.00014961879133651852 -0.00067453522130095063 3.4119027811807758e-05 1.5947422996412455e-05 0.002275153960467739 0.0025712896857651196 -0.002352767802696673 -1.5242539580638112e-06
leaf_weight=21 213 38 29 25 21 59 31 26 20
leaf_count=21 213 38 29 25 21 59 31 26 20
internal_value=-1.34353e-05 -0.000683856 -0.00115344 -0.000523952 0.000236602 -0.000141509 -0.000621827 -0.00114017 1.0917e-05
internal_weight=483 133 95 66 350 137 78 47 45
internal_count=483 133 95 66 350 137 78 47 45
is_linear=0
shrinkage=0.01


Tree=501
num_leaves=9
num_cat=0
split_feature=18 17 76 76 62 28 5 1
split_gain=0.751693 0.999272 0.325751 0.535978 0.131474 0.134598 0.0639114 0.0186605
threshold=12.535000000000002 0.58220166700000009 6.3878571730000013 6.5607142105000014 34.71999979000001 3.2928571530000004 0.35776542900000002 0.26716800950000003
decision_type=2 2 2 2 2 2 2 2
left_child=1 -1 4 -4 -2 -6 -3 -5
right_child=2 6 3 7 5 -7 -8 -9
leaf_value=-0.0014126260386919417 -1.8151868728358641e-05 -4.3609577798349309e-05 -0.0018500127898675436 0.0019763407930001335 -0.0009781462208388208 0.00011758109751883108 0.00029270790585284311 0.00098328912280633654
leaf_weight=21 22 20 22 25 25 313 21 20
leaf_count=21 22 20 22 25 25 313 21 20
internal_value=0.000107187 -0.000907643 0.000260636 -0.000361357 0.000382483 0.000433884 0 0.000229258
internal_weight=489 62 427 67 360 338 41 45
internal_count=489 62 427 67 360 338 41 45
is_linear=0
shrinkage=0.01


Tree=502
num_leaves=9
num_cat=0
split_feature=62 17 79 63 92 22 19 53
split_gain=0.372119 0.368828 0.546065 0.124721 0.134943 0.202491 0.0983101 0.0448547
threshold=34.71999979000001 0.52034192850000005 5.9378571805000009 24.230000020000002 20.766363120000005 1.8785714080000002 0.61428572250000013 7.0000000780000011
decision_type=2 2 2 2 8 2 2 2
left_child=-1 2 -2 -3 5 -5 -4 -6
right_child=1 3 6 4 7 -7 -8 -9
leaf_value=-0.00012336544216457683 -0.00095489651165711381 -0.00086792113991116351 -3.0488985258417821e-07 0.00010585786886979369 0.00093379235438965761 -0.0021623100542022653 2.7906947990831059e-06 0.0028418653205070001
leaf_weight=34 28 20 20 28 266 20 39 20
leaf_count=34 28 20 20 28 266 20 39 20
internal_value=9.56284e-05 0.000177682 -0.000392938 0.000324126 0.000373357 -8.19672e-05 0.000125418 0.000456764
internal_weight=475 441 87 354 334 48 59 286
internal_count=475 441 87 354 334 48 59 286
is_linear=0
shrinkage=0.01


Tree=503
num_leaves=9
num_cat=0
split_feature=18 34 24 0 64 33 75 42
split_gain=0.773315 0.963339 0.211504 0.19978 0.238886 0.196002 0.0391095 0.0424086
threshold=12.535000000000002 3.8428571735000001 2.3428571480000007 0.26921189550000008 32.960000040000004 4.9857142650000013 5.2557142590000003 15.499999790000002
decision_type=2 2 2 2 2 2 2 2
left_child=1 -1 3 6 5 -5 -2 -8
right_child=2 -3 -4 4 -6 -7 7 -9
leaf_value=0.00018191443794455479 0.004179836225257836 -0.00085551660921965049 -6.733631804097806e-06 0.0015158219313713655 0.0046946007971307886 -0.00047299919240986998 0.000211386327232506 3.3885355377133474e-05
leaf_weight=39 20 21 25 21 36 20 268 21
leaf_count=39 20 21 25 21 36 20 268 21
internal_value=9.22001e-05 -0.000953947 0.000251336 0.000312823 -0.000122108 -0.000657895 0.000427695 0.000457212
internal_weight=471 60 411 386 77 41 309 289
internal_count=471 60 411 386 77 41 309 289
is_linear=0
shrinkage=0.01


Tree=504
num_leaves=11
num_cat=0
split_feature=52 5 17 66 43 93 8 8 16 1
split_gain=0.39841 0.30372 0.597966 1.34224 0.368072 0.528726 0.043135 0.0908624 0.0391749 0.0158575
threshold=0.35000000900000006 0.43033850000000007 0.53961438100000014 21.465000155000002 5.3500001430000008 22.559776245000005 0.63008898200000008 0.61022053550000011 0.60137750000000012 0.27193592850000003
decision_type=2 2 2 2 2 8 2 2 2 2
left_child=-1 2 3 -2 8 9 7 -3 -4 -6
right_child=1 6 4 -5 5 -7 -8 -9 -10 -11
leaf_value=-0.00010570227649505443 -0.0013274127891479621 0.0034478999032358649 5.7365429746683516e-06 5.4341006819325168e-06 0.00012512908835196458 -0.0013613821777431734 0.0014172313301309631 -0.00042839657728261217 0.0017878641941441065 0.0016638039843066743
leaf_weight=20 22 34 20 34 21 28 132 20 115 20
leaf_count=20 22 34 20 34 21 28 132 20 115 20
internal_value=2.14226e-06 6.93823e-05 -0.000145706 -0.00105634 9.76563e-05 -0.000479943 0.000380086 9.12409e-05 0.000408689 0.000203349
internal_weight=466 446 260 56 204 69 186 54 135 41
internal_count=466 446 260 56 204 69 186 54 135 41
is_linear=0
shrinkage=0.01


Tree=505
num_leaves=9
num_cat=1
split_feature=94 18 26 42 6 3 50 6
split_gain=0.528558 0.524602 1.16388 0.240115 0.128762 0.433333 0.0415739 0.0996547
threshold=0 44.25500000000001 4.0285714180000012 12.349999840000002 0.49004089300000003 0.35233857150000009 14.550000005000003 0.42003183350000006
decision_type=1 2 2 2 2 2 2 2
left_child=1 2 3 -1 -3 -6 -2 -8
right_child=6 4 -4 -5 5 -7 7 -9
leaf_value=1.0786075699603529e-05 0.00077637965721702353 2.7090790502664341e-05 -0.0010707725632385858 -0.0012575765230025148 -0.00010136407625685845 0.0021025170366325173 -0.00052741945785164473 0.0044732438886652603
leaf_weight=42 200 66 35 20 20 37 20 40
leaf_count=42 200 66 35 20 20 37 20 40
internal_value=9.98336e-05 -0.0002513 -0.000812883 0 0.000157512 -0.00016436 0.000398818 0.000131579
internal_weight=480 220 97 62 123 57 260 60
internal_count=480 220 97 62 123 57 260 60
cat_boundaries=0 1
cat_threshold=580912239
is_linear=0
shrinkage=0.01


Tree=506
num_leaves=9
num_cat=0
split_feature=62 62 62 19 4 74 46 13
split_gain=0.26444 0.248095 0.314389 0.182406 0.37161 0.112466 0.0393422 0.040029
threshold=41.785000325000006 34.889999865000007 34.214999675000008 0.62142857950000019 0.27893685700000009 8.4521427495000019 8.9499998575000017 0.5761628000000002
decision_type=2 2 2 2 2 2 2 2
left_child=1 2 -1 4 -3 6 7 -5
right_child=-2 3 -4 5 -6 -7 -8 -9
leaf_value=0.0032450172357963904 -0.00070853756413087469 0.00013564732095090921 -0.00063023121642862587 4.1298648321351682e-06 -2.919086926511496e-05 -0.00022841133082576138 0.0039702851639179977 0.00087412651043715904
leaf_weight=22 30 30 29 22 21 25 20 274
leaf_count=22 30 30 29 22 21 25 20 274
internal_value=0.000136133 0.000201667 -0.000434363 0.000290224 -0.000241313 0.000375951 0.000429293 0.000458221
internal_weight=473 443 51 392 51 341 316 296
internal_count=473 443 51 392 51 341 316 296
is_linear=0
shrinkage=0.01


Tree=507
num_leaves=10
num_cat=0
split_feature=17 23 34 21 4 49 16 2 9
split_gain=0.349547 0.419324 0.253936 0.180145 0.380914 0.0693701 0.0710918 0.0350185 0.0235968
threshold=0.63263027150000017 1.685714283 3.8857142755000003 1.8357142720000004 0.35440475000000005 49.199999815000005 0.7145063570000002 0.18465614300000002 0.6757131500000001
decision_type=2 2 2 2 2 2 2 2 2
left_child=1 2 -1 7 -5 -2 -7 -3 -6
right_child=5 3 -4 4 8 6 -8 -9 -10
leaf_value=-1.7615179466739003e-05 0.0016002030242275277 1.2874308814959572e-05 -0.0039971124583451489 -0.00088205419601271459 0.0010926087344324778 -0.00020885730175388984 0.0060582793315294564 2.2090218306546387e-05 0.0025691566536072651
leaf_weight=25 195 20 20 38 34 20 24 77 20
leaf_count=25 195 20 20 38 34 20 24 77 20
internal_value=0.000136133 -0.000132027 -0.00099345 6.58588e-05 -0.000237069 0.000406589 1.23068e-11 0.000373211 0.000273723
internal_weight=473 234 45 189 92 239 44 97 54
internal_count=473 234 45 189 92 239 44 97 54
is_linear=0
shrinkage=0.01


Tree=508
num_leaves=10
num_cat=1
split_feature=94 2 21 21 1 76 52 9 1
split_gain=0.541139 0.437927 1.06649 0.278486 0.264186 0.0671407 0.0757048 0.0343882 0.0199046
threshold=0 0.28740464300000007 1.8499999895000003 1.7285714490000001 0.31796535700000006 5.2549999440000006 3.0500000530000002 0.69085707500000015 0.17404957150000003
decision_type=1 2 2 2 2 2 2 2 2
left_child=1 2 3 -1 7 6 -2 -3 -5
right_child=5 4 -4 8 -6 -7 -8 -9 -10
leaf_value=-0.00011245817389381245 3.7817767774334263e-05 0.00012424408358170782 -0.0012301950840989074 7.5984215677264163e-06 -0.00063162814872947 0.00076892013841824039 -0.00052148197154916443 0.0021682693771142361 0.00038242875674576098
leaf_weight=24 26 73 20 20 20 227 20 20 27
leaf_count=24 26 73 20 20 20 227 20 20 27
internal_value=0.00011825 -0.000260708 -0.00078976 -0.000174095 0.000127417 0.000403453 2.13675e-05 0.000367804 0.000240586
internal_weight=477 204 91 71 113 273 46 93 47
internal_count=477 204 91 71 113 273 46 93 47
cat_boundaries=0 1
cat_threshold=174654630
is_linear=0
shrinkage=0.01


Tree=509
num_leaves=8
num_cat=0
split_feature=67 6 92 62 20 44 53
split_gain=0.489412 0.243348 0.319991 0.124312 0.0996547 0.0396886 0.0427054
threshold=69.935000420000009 0.39092758600000005 27.593137105000004 41.474999905000011 2.3571428145000008 2.9499999360000007 7.1999998685000017
decision_type=2 2 10 2 2 2 2
left_child=1 2 4 5 -1 6 -3
right_child=-2 3 -4 -5 -6 -7 -8
leaf_value=6.8836023305579705e-05 -8.1158696913537887e-06 0.00019721609702183014 -0.00040967416122214345 -2.1078189338767138e-05 -0.00020371688233059932 -0.00029723026652066339 0.0013544799894985053
leaf_weight=40 21 286 21 23 20 20 21
leaf_count=40 21 286 21 23 20 20 21
internal_value=0.000185512 0.000262853 -0.000213936 0.000379133 0.000131579 0.000431666 0.000459714
internal_weight=452 431 81 350 60 327 307
internal_count=452 431 81 350 60 327 307
is_linear=0
shrinkage=0.01


Tree=510
num_leaves=11
num_cat=0
split_feature=25 91 88 25 12 43 17 25 27 0
split_gain=0.245255 0.462334 0.463801 0.742189 0.303633 0.134263 0.175454 0.129576 0.039311 0.0166011
threshold=2.2428571415000005 106.71203290000001 17.345000065000004 2.2000000095000005 0.66435671450000011 6.2500000070000015 0.69515511900000015 2.4999999915000006 4.2071428640000006 0.099405520500000025
decision_type=2 2 2 2 2 2 2 2 2 2
left_child=1 2 3 -1 -5 -3 -7 8 -2 -4
right_child=7 5 9 4 -6 6 -8 -9 -10 -11
leaf_value=-0.0013846885510279373 4.4984563132490381e-05 0.002378339989928631 6.7023329514744358e-06 -0.00046862851322721096 9.4194984143664016e-06 -0.0027574490324286257 0.0028766214398744643 -5.225628344321803e-06 1.5263133186549838e-05 6.8017195475563886e-05
leaf_weight=21 158 94 20 20 34 20 21 21 21 22
leaf_count=21 158 94 20 20 34 20 21 21 21 22
internal_value=7.50884e-05 -0.000126582 -0.000589983 -0.00106201 -0.000383212 0.000261414 -0.000179426 0.000338645 0.000431034 0.00021028
internal_weight=452 252 117 75 54 135 41 200 179 42
internal_count=452 252 117 75 54 135 41 200 179 42
is_linear=0
shrinkage=0.01


Tree=511
num_leaves=11
num_cat=0
split_feature=43 80 12 91 53 74 11 2 25 0
split_gain=0.457434 0.284962 0.22603 0.16943 0.390345 0.101634 0.0696832 0.0639114 0.0445915 0.0221279
threshold=0.60000000500000006 14.984285695000002 0.63830064300000011 81.602127495000019 2.5000000335000006 8.4521427495000019 0.72309657150000006 0.31432811900000007 2.4785714150000007 0.11422
decision_type=2 2 2 2 2 2 2 2 2 2
left_child=-1 2 -2 4 -3 6 8 -8 -5 -6
right_child=1 3 -4 5 9 -7 7 -9 -10 -11
leaf_value=-9.0161255630754753e-06 -0.00081646216629589015 -0.00095104563628863102 9.0401132760463407e-06 0.00012520598213896115 0.00025104373903019306 0.00035085668383865202 -9.840989714023324e-06 0.0060501150299403532 0.0047841647612055296 0.0014693840892426955
leaf_weight=20 20 20 24 252 31 25 20 21 20 20
leaf_count=20 20 20 24 252 31 25 20 21 20 20
internal_value=9.39215e-05 0.000164169 -0.000580357 0.000250122 -0.000174095 0.000345336 0.00039675 0 0.000454545 0.000260618
internal_weight=473 453 44 409 71 338 313 41 272 51
internal_count=473 453 44 409 71 338 313 41 272 51
is_linear=0
shrinkage=0.01


Tree=512
num_leaves=8
num_cat=0
split_feature=43 92 53 15 26 82 17
split_gain=0.685606 0.478059 0.360584 0.116185 0.0804084 0.213654 0.0436112
threshold=0.60000000500000006 17.997489060000003 0.70000001050000005 0.58062152050000015 3.9857142820000004 13.734999860000002 0.53412778550000006
decision_type=2 8 2 2 2 2 2
left_child=-1 -2 -3 -4 5 -5 -6
right_child=1 2 3 4 6 -7 -8
leaf_value=-8.0115730683224373e-06 -0.00084446222766592933 -0.00032829881918782199 -0.00013353492399785025 -0.00010718859473004155 4.1570788275055939e-06 0.00050327360971422349 0.0021717217119998447
leaf_weight=21 29 39 39 22 20 113 210
leaf_count=21 29 39 39 22 20 113 210
internal_value=9.11301e-06 9.30626e-05 0.000179135 0.000271739 0.000329415 0.000114138 0.000446274
internal_weight=493 472 443 404 365 135 230
internal_count=493 472 443 404 365 135 230
is_linear=0
shrinkage=0.01


Tree=513
num_leaves=12
num_cat=0
split_feature=80 80 93 25 18 24 46 5 47 9 9
split_gain=0.644436 0.547528 0.437034 0.587959 0.467507 0.461551 0.161831 0.187438 0.108159 0.0838677 0.0294163
threshold=14.984285695000002 14.899999890000002 17.285832155000005 2.2571428330000005 21.425000000000004 2.3000000115000003 4.3499999945000001 0.37873342850000008 10.450000150000003 0.66537808750000016 0.65677048350000011
decision_type=2 2 10 2 2 2 2 2 2 2 2
left_child=1 -1 3 4 -2 9 -4 -8 -9 -6 -5
right_child=2 -3 6 10 5 -7 7 8 -10 -11 -12
leaf_value=0.00017254450695383035 -0.00078759114294698143 -0.00073952914547187635 0.00092195799605798451 2.9876359557373841e-05 0.001523960774991649 -2.5304895058594736e-05 -0.0017393265527796404 0.0014358135856682081 -0.00011146579779330556 -0.00034389718636387883 0.0025817847078663308
leaf_weight=21 21 25 176 50 30 22 20 54 21 20 20
leaf_count=21 21 25 176 50 30 22 20 54 21 20 20
internal_value=-5.82363e-05 -0.00117521 5.74977e-05 -0.000344933 -0.00086887 -0.00043956 0.000307211 -5.21919e-06 0.000204485 5.90551e-05 0.000324859
internal_weight=480 46 434 163 93 72 271 95 75 50 70
internal_count=480 46 434 163 93 72 271 95 75 50 70
is_linear=0
shrinkage=0.01


Tree=514
num_leaves=9
num_cat=0
split_feature=31 61 14 25 91 93 19 1
split_gain=0.691695 0.464287 0.253964 0.133589 0.462384 0.10164 0.0596686 0.0799496
threshold=5.8357143060000007 1.0000000180025095e-35 0.59575647650000008 2.2142857185000007 109.82819450000001 33.118136480000011 1.0142857135000003 0.25391185700000007
decision_type=2 2 2 2 2 8 2 2
left_child=1 -1 -3 4 -4 -6 -5 -8
right_child=-2 2 3 6 5 -7 7 -9
leaf_value=-0.00078088985379016335 -0.00029192759471160905 -0.00054334477616592837 -6.6664536269015425e-05 0.00018874670241561024 0.0020893908820637515 -0.0018575010727546637 -3.1575767674650338e-05 0.0010153659695983925
leaf_weight=20 37 33 30 185 89 26 20 28
leaf_count=20 37 33 30 185 89 26 20 28
internal_value=-8.53241e-06 0.000100741 0.000178485 0.000256072 3.42937e-06 0.000306563 0.000404192 4.09836e-05
internal_weight=468 431 411 378 145 115 233 48
internal_count=468 431 411 378 145 115 233 48
is_linear=0
shrinkage=0.01


Tree=515
num_leaves=10
num_cat=0
split_feature=92 50 5 5 25 91 63 65 19
split_gain=0.328205 0.315444 0.35265 0.350075 0.135773 0.376581 0.133375 0.0440238 0.0264977
threshold=17.997489060000003 13.449999845000002 0.42050785700000004 0.40240805100000004 2.2142857100000004 109.82819450000001 27.950000285000005 0.73000001900000011 0.98571427800000011
decision_type=8 2 2 2 2 2 2 2 2
left_child=-1 4 3 6 5 -2 -3 -6 -4
right_child=1 2 8 -5 7 -7 -8 -9 -10
leaf_value=-0.001088060642278796 -0.00066945673917252963 -0.00048926089346986964 0.0025130649343619179 -5.1742923867278815e-05 9.3909962524412805e-05 0.0013559411021744525 9.5033007263472433e-06 0.0001551855682959349 0.0023332220202981059
leaf_weight=25 24 20 41 20 20 50 32 226 20
leaf_count=25 24 20 41 20 20 50 32 226 20
internal_value=9.81621e-05 0.000164169 -0.000235426 -0.000714286 0.000336658 -1.3369e-05 -0.000227273 0.000449757 0.000299353
internal_weight=478 453 133 72 320 74 52 246 61
internal_count=478 453 133 72 320 74 52 246 61
is_linear=0
shrinkage=0.01


Tree=516
num_leaves=8
num_cat=1
split_feature=94 70 70 7 50 92 27
split_gain=0.409089 0.438841 0.672759 0.227793 0.12914 0.208569 0.0410848
threshold=0 51.775000095000003 49.250000000000007 0.4939917285 14.550000005000003 21.763161570000005 4.1285714250000014
decision_type=1 2 2 2 2 10 2
left_child=1 2 3 -1 6 -6 -2
right_child=4 -3 -4 -5 5 -7 -8
leaf_value=-0.0013585531405030011 0.00080520083894280786 8.7324029270970867e-06 -0.00088594158940259824 0.0015378498755844866 0.00074243364776145518 -0.00013449353362635666 1.196244811808589e-05
leaf_weight=20 208 45 39 37 41 34 21
leaf_count=20 208 45 39 37 41 34 21
internal_value=0.00011328 -0.000312912 -0.00072314 0 0.000317662 -6.59629e-06 0.00044604
internal_weight=445 141 96 57 304 75 229
internal_count=445 141 96 57 304 75 229
cat_boundaries=0 1
cat_threshold=572524706
is_linear=0
shrinkage=0.01


Tree=517
num_leaves=9
num_cat=0
split_feature=62 62 6 10 21 3 10 35
split_gain=0.490533 0.528912 0.432714 0.521342 0.192444 0.15014 0.0918921 0.0420122
threshold=34.889999865000007 34.214999675000008 0.42203978600000008 0.62325485700000016 1.8428571305000003 0.27094921400000005 0.58477135700000005 5.1714286125000006
decision_type=2 2 2 2 2 2 2 2
left_child=1 -1 3 4 6 -4 -2 -7
right_child=2 -3 5 -5 -6 7 -8 -9
leaf_value=0.00056436792978652921 0.00085090933671007026 -0.00074909922571021607 -3.8812521585324878e-05 -0.00056786073216941581 -6.106108173648549e-05 0.0013041740342162572 -0.00032053156888417245 7.0188894821900387e-05
leaf_weight=26 54 23 20 21 20 247 24 21
leaf_count=26 54 23 20 21 20 247 24 21
internal_value=5.69177e-05 -0.000873494 0.000175331 -0.000321369 0 0.000387812 0.000215736 0.000453869
internal_weight=456 49 407 119 98 288 78 268
internal_count=456 49 407 119 98 288 78 268
is_linear=0
shrinkage=0.01


Tree=518
num_leaves=11
num_cat=0
split_feature=57 2 75 39 47 1 28 91 93 1
split_gain=0.911841 0.929513 1.1046 1.26842 0.348461 0.340309 0.129685 0.0367697 0.0996547 0.0235968
threshold=3.7500004770000008 0.30596821450000006 7.5621428190000008 5.5000000260000013 17.799999900000003 0.14985392850000004 3.5714285455000003 108.67675520000002 25.201013165000003 0.19542189800000004
decision_type=2 2 2 2 2 2 2 2 8 2
left_child=7 2 3 -2 9 -6 -3 8 -1 -4
right_child=1 6 4 -5 5 -7 -8 -9 -10 -11
leaf_value=-0.00020071842444654861 -0.00010032573330778425 -0.00064039229514805047 5.7101671633229323e-07 -0.0014500124564822356 1.3453331687217077e-05 -0.00037876212229661396 0.00041350755227369701 0.003084763447320562 0.0035706274319269827 0.00018666084034539066
leaf_weight=20 32 20 20 37 20 20 76 147 40 34
leaf_count=20 32 20 20 37 20 20 76 147 40 34
internal_value=-9.6401e-05 -0.000494611 -0.000955433 -0.00191261 -0.000221519 -0.000931373 0.000268595 0.000392204 0.000131579 0.000273723
internal_weight=466 259 163 69 94 40 96 207 60 54
internal_count=466 259 163 69 94 40 96 207 60 54
is_linear=0
shrinkage=0.01


Tree=519
num_leaves=9
num_cat=0
split_feature=31 61 0 53 3 20 53 29
split_gain=0.508442 0.334933 0.218429 0.308889 0.165501 0.163339 0.137477 0.037602
threshold=5.8999999250000004 2.4100003240000003 0.26921189550000008 1.2500000000000002 0.38175402400000008 2.1285714335000008 7.4000000545000004 2.6857142875000002
decision_type=2 2 2 2 2 2 2 2
left_child=1 2 5 4 -4 -1 7 -7
right_child=-2 -3 3 -5 -6 6 -8 -9
leaf_value=-2.3431970117592856e-05 -0.0010632045847412464 -1.2856447822470426e-05 0.0027793688970895384 -0.0019186425718577807 -0.00024364262228451387 0.0003804274847433477 -0.00014586708406956971 0.0013931506677224326
leaf_weight=32 25 35 41 20 26 250 20 20
leaf_count=32 25 35 41 20 26 250 20 20
internal_value=-7.44997e-06 6.74461e-05 0.000152513 -0.000279043 2.21239e-05 0.000275713 0.000354195 0.000417282
internal_weight=469 444 409 87 67 322 290 270
internal_count=469 444 409 87 67 322 290 270
is_linear=0
shrinkage=0.01


Tree=520
num_leaves=9
num_cat=0
split_feature=68 83 62 75 47 62 56 17
split_gain=0.533993 0.687738 0.34676 0.214768 0.208164 0.0748128 0.0877249 0.0256083
threshold=65.585000040000011 9.6421427725000015 34.825000765000006 7.8307142925000006 18.899999935 41.180000780000007 2.0650000575000003 0.52034192850000005
decision_type=2 2 2 2 2 2 2 2
left_child=2 -2 -1 -3 5 6 7 -4
right_child=1 3 4 -5 -6 -7 -8 -9
leaf_value=-0.00013873690321938314 -0.00099051757536589339 0.0010840837999157979 1.1887077350561347e-05 -2.1954886845383798e-05 -1.6095012323172706e-05 -0.00029731073547881371 0.00065808698774274838 0.00061879899424610249
leaf_weight=39 26 32 28 20 26 31 33 226
leaf_count=39 26 32 28 20 26 31 33 226
internal_value=0 -0.000748731 0.000155029 -3.78788e-05 0.000261021 0.000335634 0.000387422 0.000451334
internal_weight=461 78 383 52 344 318 287 254
internal_count=461 78 383 52 344 318 287 254
is_linear=0
shrinkage=0.01


Tree=521
num_leaves=9
num_cat=0
split_feature=93 4 76 6 25 10 5 76
split_gain=0.542085 0.283216 0.519526 1.13671 0.194364 0.273982 0.347719 0.0415758
threshold=17.974813495000003 0.36795921400000003 6.0942857820000009 0.43666714250000005 2.2428571415000005 0.58477135700000005 0.37910417850000006 6.7999999520000012
decision_type=8 2 2 2 2 2 2 2
left_child=-1 2 4 -4 5 -2 -7 -3
right_child=1 7 3 -5 -6 6 -8 -9
leaf_value=-0.00064117454472948613 0.00091343919847286363 0.0013571722637083106 0.00010994633234203987 -0.00079544637016503339 0.00048674164029342831 -0.00095348177006183033 7.5898320326010223e-06 0.00084114511592592517
leaf_weight=25 50 154 22 20 87 32 60 20
leaf_count=25 50 154 22 20 87 32 60 20
internal_value=2.76126e-05 0.00011328 -8.27814e-05 -0.00109813 9.79112e-05 -0.000119048 -0.000452586 0.000429062
internal_weight=470 445 271 42 229 142 92 174
internal_count=470 445 271 42 229 142 92 174
is_linear=0
shrinkage=0.01


Tree=522
num_leaves=10
num_cat=1
split_feature=94 1 88 61 37 15 3 6 42
split_gain=0.721225 0.782382 0.865022 0.234399 0.129342 0.188056 0.087495 0.037602 0.039121
threshold=0 0.24315379250000002 17.057857240000004 2.4100003240000003 3.1500000620000006 0.73023128550000005 0.34143319050000004 0.34344664300000011 15.349999815000002
decision_type=1 2 2 2 2 2 2 2 2
left_child=1 2 -1 4 7 -6 -3 -2 -9
right_child=3 6 -4 -5 5 -7 -8 8 -10
leaf_value=-0.0010296173396223695 0.00017116048782528812 -0.00045362223771444013 -0.00060674275049785165 -7.7490477487214822e-06 -0.0026959073684953189 0.0051494559712325976 0.001132416256206793 6.0802792623275091e-05 0.00033385426745202772
leaf_weight=25 20 20 25 39 20 24 32 228 22
leaf_count=25 20 20 25 39 20 24 32 228 22
internal_value=1.20667e-05 -0.000682624 -0.00163386 0.00023227 0.000333545 -0.000133929 7.57576e-05 0.000417282 0.000450558
internal_weight=455 102 50 353 314 44 52 270 250
internal_count=455 102 50 353 314 44 52 270 250
cat_boundaries=0 1
cat_threshold=33554566
is_linear=0
shrinkage=0.01


Tree=523
num_leaves=12
num_cat=0
split_feature=16 23 64 22 16 42 36 0 0 0 2
split_gain=0.540865 0.671622 0.481737 0.285161 0.500885 0.171908 0.380374 0.160294 0.12804 0.0244948 0.0231242
threshold=0.57422289300000007 1.6857142955000002 30.820000175000004 1.7142857015000004 0.7073590715000001 12.150000040000002 4.5714285540000015 0.21146525000000002 0.31458908350000009 0.15820516650000002 0.22737985700000005
decision_type=2 2 2 2 2 2 2 2 2 2 2
left_child=1 -1 -3 4 7 8 9 -2 -5 -7 -4
right_child=3 2 10 5 -6 6 -8 -9 -10 -11 -12
leaf_value=-0.0014108300952571748 -8.9190783900719705e-05 -8.354462575921033e-05 6.6271462113552419e-06 0.00079821792086867834 0.0049841836866678152 0.001152087236523044 -0.0011435120190645691 -0.00081466911486612753 -0.00026099121447013823 0.00026457533573278919 1.9741612476329076e-05
leaf_weight=20 20 25 20 208 34 36 21 20 25 20 33
leaf_count=20 20 25 20 208 34 36 21 20 25 20 33
internal_value=-3.52113e-05 -0.000698381 -0.000241117 0.000129938 -0.000414438 0.000267053 -0.000122108 -0.00117647 0.000404192 0.00028169 0.000269517
internal_weight=482 98 78 384 74 310 77 40 233 56 53
internal_count=482 98 78 384 74 310 77 40 233 56 53
is_linear=0
shrinkage=0.01


Tree=524
num_leaves=9
num_cat=0
split_feature=18 61 73 17 6 11 42 26
split_gain=0.307782 0.363823 0.135323 0.236819 0.0778688 0.242584 0.0562557 0.0857157
threshold=9.8550000000000022 2.4549999235000004 1.4592857085000002 0.68431400000000009 0.39384911900000003 0.59277600000000008 12.700000025000003 3.9714285480000004
decision_type=2 2 2 2 2 2 2 2
left_child=-1 2 4 -4 5 -2 -6 -8
right_child=1 -3 3 -5 6 -7 7 -9
leaf_value=-0.00080586241518429316 0.00054880860297187026 -1.6171282903147338e-05 -0.0018407730234795432 0.004520349992561002 0.00011733555267975769 -0.00041361184129342374 -0.00018282653978124824 0.0048615856559884344
leaf_weight=38 43 26 28 29 214 20 20 31
leaf_count=38 43 26 28 29 214 20 20 31
internal_value=9.44865e-05 0.000178485 0.000260498 -0.00016436 0.000340633 0 0.000415726 6.75676e-05
internal_weight=449 411 385 57 328 63 265 51
internal_count=449 411 385 57 328 63 265 51
is_linear=0
shrinkage=0.01


Tree=525
num_leaves=11
num_cat=0
split_feature=80 18 92 76 92 27 64 14 3 0
split_gain=0.591322 0.711936 0.630634 0.765644 0.280836 0.179712 0.229997 0.235044 0.0309933 0.0231242
threshold=14.992142815000003 57.185000000000009 20.812305095000003 6.3878571730000013 17.997489060000003 3.8071428705000003 22.189998625000005 0.71147521400000013 0.26909442850000004 0.20999178100000002
decision_type=2 2 8 2 10 2 2 2 2 2
left_child=1 -1 3 4 -2 6 8 -8 -4 -6
right_child=2 -3 5 -5 9 -7 7 -9 -10 -11
leaf_value=-0.00039142709026265788 -1.3146798368624824e-05 0.00019642687451246004 0.00044485750290981731 -0.0021025185523124595 0.00016359000901579294 0.00027532193944811731 1.5783517443306313e-05 -0.00024576973278637044 0.0038840820337852295 -2.46581446711764e-06
leaf_weight=24 25 26 20 20 33 208 25 20 56 20
leaf_count=24 25 26 20 20 33 208 25 20 56 20
internal_value=-1.98828e-05 -0.00104331 9.7008e-05 -0.000597166 -0.000114213 0.000310794 0 -0.000556769 0.000338542 0.000269517
internal_weight=477 50 427 98 78 329 121 45 76 53
internal_count=477 50 427 98 78 329 121 45 76 53
is_linear=0
shrinkage=0.01


Tree=526
num_leaves=10
num_cat=0
split_feature=12 91 46 39 12 16 5 0 66
split_gain=0.446424 0.589926 0.7773 2.11878 0.26119 0.66151 1.08337 0.117272 0.0425128
threshold=0.65356507150000009 95.953702695000018 2.4000000730000006 6.9999997985000011 0.71999150000000012 0.70134283350000015 0.46827282100000006 0.26586679200000002 1.3349995610000003
decision_type=2 2 2 2 2 2 2 2 2
left_child=1 2 -1 -4 8 6 -6 -3 -2
right_child=4 7 3 -5 5 -7 -8 -9 -10
leaf_value=0.0003547058402747303 0.0011188147816837792 0.0008961021066082284 -0.0011618212383840427 -0.00012679008275581259 -0.0039265065590590835 0.0065848928880736582 0.0011869917215497976 -7.7934665050430866e-05 1.6838312846548855e-05
leaf_weight=36 20 57 20 39 20 60 20 20 176
leaf_count=36 20 57 20 39 20 60 20 20 176
internal_value=-8.53241e-06 -0.000416667 -0.000944676 -0.00164716 0.000222372 -0.000178571 -0.00117647 0.000212082 0.000436992
internal_weight=468 172 95 59 296 100 40 77 196
internal_count=468 172 95 59 296 100 40 77 196
is_linear=0
shrinkage=0.01


Tree=527
num_leaves=8
num_cat=0
split_feature=62 18 74 15 2 2 32
split_gain=0.443692 0.432852 0.190971 0.139241 0.175454 0.0770678 0.201732
threshold=34.889999865000007 46.710000000000008 8.3828570840000012 0.55257307150000001 0.20814571400000001 0.25162103600000002 4.0071428675000007
decision_type=2 2 2 2 2 2 2
left_child=1 -1 3 4 -2 6 -5
right_child=2 -3 -4 5 -6 -7 -8
leaf_value=-0.00013829004252442756 6.7566804097085489e-05 0.00031770087953022179 -0.00025734141312236755 -5.2126751050265588e-05 -3.9723251412270132e-05 0.00082883034569179107 4.1322243353787596e-05
leaf_weight=20 21 26 28 25 20 257 55
leaf_count=20 21 26 28 25 20 257 55
internal_value=0.000163428 -0.000747863 0.000272861 0.000335269 -0.000179426 0.000404085 9.90099e-05
internal_weight=452 46 406 378 41 337 80
internal_count=452 46 406 378 41 337 80
is_linear=0
shrinkage=0.01


Tree=528
num_leaves=10
num_cat=0
split_feature=93 93 12 10 9 9 77 89 0
split_gain=0.630145 0.370261 0.431366 0.950424 0.309824 0.756232 0.149363 0.278113 0.0892094
threshold=17.974813495000003 24.358773140000004 0.71626078550000016 0.70391211900000006 0.57041270000000022 0.54769005000000015 8.9464285030000017 17.775714190000006 0.18918655550000005
decision_type=8 10 2 2 2 2 2 2 2
left_child=-1 2 4 -4 5 8 7 -6 -2
right_child=1 -3 3 -5 6 -7 -8 -9 -10
leaf_value=-0.00078536547049748971 0.00079300195851909243 0.0029945407455024041 -0.0025758662030311895 4.0761601089948254e-05 3.7184887272848281e-05 -0.0015966685274247949 1.4392840651076157e-05 -3.4910715352263993e-05 -8.7088710216327172e-05
leaf_weight=21 33 125 28 24 58 22 104 26 20
leaf_count=21 33 125 28 24 58 22 104 26 20
internal_value=-5.95496e-05 1.81488e-05 -0.000159911 -0.000984848 0 -0.000534301 0.000222458 -7.07547e-05 8.36431e-05
internal_weight=461 440 315 52 263 75 188 84 53
internal_count=461 440 315 52 263 75 188 84 53
is_linear=0
shrinkage=0.01


Tree=529
num_leaves=9
num_cat=0
split_feature=9 4 29 62 92 23 50 0
split_gain=0.536238 0.453032 0.774255 0.244682 0.184619 0.263591 0.0418445 0.0158575
threshold=0.56916467500000001 0.27893685700000009 2.2571428755000005 34.810000895000009 20.799410295000005 1.685714283 0.99999998900000009 0.071051750000000011
decision_type=2 2 2 2 8 2 2 2
left_child=1 7 -3 -2 5 -5 -6 -1
right_child=3 2 -4 4 6 -7 -8 -9
leaf_value=0.00072691269416600205 -4.7096941753864512e-05 -0.00014496973916683771 -0.0016275639188568084 -0.00041711078792450412 0.0010535819168048209 5.6944899657443184e-05 0.0002081136697097956 8.2872032311202571e-06
leaf_weight=21 23 39 21 27 21 32 239 20
leaf_count=21 23 39 21 27 21 32 239 20
internal_value=6.64714e-05 -0.000564833 -0.00111842 0.000259627 0.000336148 -0.00014214 0.000452454 0.000203349
internal_weight=443 101 60 342 319 59 260 41
internal_count=443 101 60 342 319 59 260 41
is_linear=0
shrinkage=0.01


Tree=530
num_leaves=10
num_cat=0
split_feature=54 12 5 18 36 0 8 28 1
split_gain=0.419055 0.623747 0.888483 0.318522 0.245394 0.315693 0.374371 0.100502 0.0415276
threshold=6.5999999940000009 0.71999150000000012 0.46399578550000004 12.535000000000002 4.8499999725000009 0.20795437500000002 0.57529768400000003 4.4928571240000013 0.27779023800000008
decision_type=2 2 2 2 2 2 2 2 2
left_child=1 3 -3 -1 5 7 -7 -5 -2
right_child=8 2 -4 4 -6 6 -8 -9 -10
leaf_value=-0.00029433088032160211 0.00063714321469998062 -0.0038656000270158499 0.00017221035951221888 0.00015215221864324038 0.0033195056067628166 -0.0018336676535055535 0.00064417521899439811 -1.0521290263109478e-06 0.00059285706760906734
leaf_weight=34 153 20 23 52 110 20 22 22 20
leaf_count=34 153 20 23 52 110 20 22 22 20
internal_value=3.35571e-05 -0.000185978 -0.00128995 0 0.000136684 -0.000171233 -0.000864486 0.000200535 0.000428654
internal_weight=476 303 43 260 226 116 42 74 173
internal_count=476 303 43 260 226 116 42 74 173
is_linear=0
shrinkage=0.01


Tree=531
num_leaves=9
num_cat=0
split_feature=92 74 20 3 28 64 25 18
split_gain=0.396553 0.312395 0.247239 0.417898 0.207665 0.367199 0.0845399 0.241567
threshold=32.20879321000001 8.3828570840000012 2.1285714335000008 0.24804885700000004 4.4357142450000007 33.844999315000003 2.2142857185000007 104.13500000000001
decision_type=10 2 2 2 2 2 2 2
left_child=1 2 3 -1 6 -6 7 -4
right_child=-2 -3 4 -5 5 -7 -8 -9
leaf_value=2.9681346417441258e-05 -0.00038848489437205843 -1.7850304062079389e-05 0.0011562145911561445 -4.6656203485040451e-06 -0.0001930734215921251 3.1456580449686449e-06 0.00099743286480345294 -3.5269758006016012e-05
leaf_weight=24 30 26 88 25 20 25 203 21
leaf_count=24 30 26 88 25 20 25 203 21
internal_value=1.94469e-05 0.000101664 0.000174533 -0.000471888 0.000269704 -0.000338428 0.00036445 0.000113843
internal_weight=462 432 406 49 357 45 312 109
internal_count=462 432 406 49 357 45 312 109
is_linear=0
shrinkage=0.01


Tree=532
num_leaves=10
num_cat=0
split_feature=80 80 18 14 4 56 27 5 3
split_gain=0.675353 0.430396 0.489623 0.257228 0.559633 0.166603 0.135518 0.0370028 0.0210574
threshold=15.979285650000001 14.992142815000003 57.185000000000009 0.62768507100000004 0.3146339285000001 2.0650000575000003 3.5000000170000001 0.33769742900000005 0.23880435700000002
decision_type=2 2 2 2 2 2 2 2 2
left_child=1 2 -1 4 8 6 -5 -8 -3
right_child=-2 3 -4 5 -6 -7 7 -9 -10
leaf_value=-0.0003166452127144512 -0.00058583337186511413 0.00020429078033028193 0.0018949666332312915 -3.0687521706680321e-06 -0.00046461735955394138 -0.0013779264192951425 -6.8267272732025646e-05 0.00055426811173400986 0.0007943960623454585
leaf_weight=24 20 29 26 20 29 31 20 237 20
leaf_count=24 20 29 26 20 29 31 20 237 20
internal_value=-6.56742e-05 1.37363e-05 -0.000846457 0.000131851 -0.00036802 0.000265544 0.000347372 0.000413111 0.000251004
internal_weight=456 436 50 386 78 308 277 257 49
internal_count=456 436 50 386 78 308 277 257 49
is_linear=0
shrinkage=0.01


Tree=533
num_leaves=10
num_cat=0
split_feature=57 75 17 14 3 70 16 63 46
split_gain=0.851376 0.387289 0.82564 0.895446 0.475695 0.359138 0.463743 0.089801 0.0426612
threshold=3.6600003240000007 7.4035714780000008 0.68627167850000015 0.68534450000000013 0.30731476200000007 53.184999945000008 0.59650123850000014 27.950000285000005 8.0999998525000017
decision_type=2 2 2 2 2 2 2 2 2
left_child=8 2 3 4 -2 7 -7 -3 -1
right_child=1 5 -4 -5 -6 6 -8 -9 -10
leaf_value=0.0021950197086229185 -0.00076458778661251932 8.1157253649551374e-06 0.0032118714747156737 -0.002670350588384305 2.6768177733771347e-05 -7.6550792373606647e-06 1.0655656364161685e-05 4.8798832892619236e-05 0.0013070497764695139
leaf_weight=180 21 27 33 29 33 26 29 71 20
leaf_count=180 21 27 33 29 33 26 29 71 20
internal_value=-5.00213e-05 -0.000420682 -0.000856164 -0.00139021 -0.000565693 -7.47724e-05 -0.000725806 0.000273279 0.000438247
internal_weight=469 269 116 83 54 153 55 98 200
internal_count=469 269 116 83 54 153 55 98 200
is_linear=0
shrinkage=0.01


Tree=534
num_leaves=12
num_cat=0
split_feature=57 9 22 36 69 62 45 23 39 6 0
split_gain=0.58961 0.568018 1.20294 0.85339 0.315025 0.305144 0.120548 0.10719 0.184775 0.0409586 0.0227335
threshold=3.7500004770000008 0.57241047500000009 1.9071428520000002 4.8928571770000007 89.385000225000013 34.825000765000006 1.2000000365000003 1.7714285725000003 4.1000000500000011 0.38990785700000002 0.12550053100000003
decision_type=2 2 2 2 2 2 2 2 2 2 2
left_child=6 2 3 -2 5 -3 9 8 -7 -1 -8
right_child=1 4 -4 -5 -6 7 10 -9 -10 -11 -12
leaf_value=0.0025063241676774877 -0.0012909637035631602 -0.00025833043010323133 5.2746207672524569e-05 -7.6104637953936885e-05 -7.2726404812626542e-06 -0.0002700235752221795 0.00036375557357698902 8.6687018177512154e-05 4.4278777491179089e-05 0.0022198414099311526 -0.00012511018753887099
leaf_weight=20 20 27 36 22 31 21 24 88 27 142 20
leaf_count=20 20 27 36 22 31 21 24 88 27 142 20
internal_value=-0.000102339 -0.000410557 -0.00112944 -0.00226636 -0.000107803 5.79976e-05 0.000294971 0.000263158 -8.19672e-05 0.000423833 -0.000133929
internal_weight=478 272 78 42 194 163 206 136 48 162 44
internal_count=478 272 78 42 194 163 206 136 48 162 44
is_linear=0
shrinkage=0.01


Tree=535
num_leaves=8
num_cat=0
split_feature=80 80 80 56 9 10 63
split_gain=0.463315 0.422453 0.368315 0.14744 0.12609 0.482665 0.0372863
threshold=14.992142815000003 14.899999890000002 15.943571430000002 2.0650000575000003 0.56916467500000001 0.56546528550000008 32.46999979000001
decision_type=2 2 2 2 2 2 2
left_child=1 -1 3 4 5 -2 -6
right_child=2 -3 -4 -5 6 -7 -8
leaf_value=0.00037775777089671446 0.00078105988691022123 -0.00059952372650123572 -0.0006299084395260193 -0.0012610999571767529 0.0004369733033695123 -0.001646687439115832 7.1491717092939254e-06
leaf_weight=24 51 25 37 32 243 20 20
leaf_count=24 51 25 37 32 243 20 20
internal_value=3.09187e-05 -0.000873494 0.00014735 0.000248092 0.00031362 -3.48189e-05 0.000415087
internal_weight=452 49 403 366 334 71 263
internal_count=452 49 403 366 334 71 263
is_linear=0
shrinkage=0.01


Tree=536
num_leaves=10
num_cat=0
split_feature=15 54 62 62 50 25 62 74 4
split_gain=0.785424 0.721258 0.476686 0.668871 0.252237 0.172535 0.428713 0.118395 0.0186605
threshold=0.61458771400000012 3.9500000585000001 34.889999865000007 34.214999675000008 14.300000100000002 2.2000000180000003 40.60999918000001 8.3828570840000012 0.29695514300000009
decision_type=2 2 2 2 2 2 2 2 2
left_child=1 -1 3 -2 8 6 7 -4 -3
right_child=2 4 5 -5 -6 -7 -8 -9 -10
leaf_value=-3.14010790482936e-05 0.0017581579466194334 6.3227550475308643e-05 0.0014998906890084352 -0.00062459917888761814 -7.2051629577373475e-06 0.00045664163493316863 -0.0006157537261398282 -0.00024149800750604213 -1.7582130159404886e-05
leaf_weight=35 22 25 80 23 25 200 21 22 20
leaf_count=35 22 25 80 23 25 200 21 22 20
internal_value=-4.53778e-05 -0.000808129 0.000168113 -0.000775109 -0.000183616 0.000307288 0 0.000282101 0.000229258
internal_weight=473 105 368 45 70 323 123 102 45
internal_count=473 105 368 45 70 323 123 102 45
is_linear=0
shrinkage=0.01


Tree=537
num_leaves=11
num_cat=0
split_feature=67 6 18 0 10 40 43 53 73 0
split_gain=0.718938 0.476409 0.676725 0.723968 0.486811 0.128057 0.0859748 0.0361813 0.0433531 0.0173151
threshold=69.935000420000009 0.44363492850000003 39.945000000000007 0.21413445850000004 0.58477135700000005 7.8499999640000011 1.7500000000000002 7.0000000780000011 2.2049999655000003 0.11098786800000002
decision_type=2 2 2 2 2 2 2 2 2 2
left_child=1 2 3 4 9 -4 -3 8 -8 -1
right_child=-2 6 5 -5 -6 -7 7 -9 -10 -11
leaf_value=0.0018487810335854522 -1.075734230383962e-05 2.0517555369507323e-06 0.00027409816929202562 -0.00076060980176158614 -0.00025461254827122126 -5.7655626524257655e-05 0.0010687778417479402 6.9672205387668685e-05 -1.2250468985538014e-06 0.0009643915599819189
leaf_weight=20 20 29 73 22 23 20 201 20 20 23
leaf_count=20 20 29 73 22 23 20 201 20 20 23
internal_value=-5.29884e-06 7.41479e-05 -0.000316282 -0.000945946 -0.000374251 0.000261194 0.000343427 0.000407361 0.000444094 0.000216895
internal_weight=471 451 181 88 66 93 270 241 221 43
internal_count=471 451 181 88 66 93 270 241 221 43
is_linear=0
shrinkage=0.01


Tree=538
num_leaves=9
num_cat=0
split_feature=70 31 14 39 39 29 40 1
split_gain=1.06755 0.640558 0.347337 0.513103 0.870358 0.295878 0.345918 0.154584
threshold=55.559998510000007 5.8999999250000004 0.62620092850000009 6.650000136500001 3.7999999595000005 2.2214285815000001 6.5500000715000004 0.25037785700000004
decision_type=2 2 2 2 2 2 2 2
left_child=1 2 3 4 -1 6 7 -4
right_child=-2 -3 5 -5 -6 -7 -8 -9
leaf_value=8.6753061239369693e-06 -1.1820196209173389e-05 -0.0012156960291067637 -4.0237379260230654e-06 0.00044867843794498707 -0.00066554379631797033 0.0010521177693859432 -4.2276058711236515e-05 6.747712982501328e-05
leaf_weight=25 20 22 26 32 21 200 21 102
leaf_count=25 20 22 26 32 21 200 21 102
internal_value=-9.25926e-05 5.55804e-06 9.7008e-05 -0.000494924 -0.00117521 0.000235849 -9.01201e-05 9.31677e-05
internal_weight=469 449 427 78 46 349 149 128
internal_count=469 449 427 78 46 349 149 128
is_linear=0
shrinkage=0.01


Tree=539
num_leaves=11
num_cat=0
split_feature=57 18 47 34 2 13 12 50 39 54
split_gain=0.490582 0.542454 0.792798 0.368286 0.255462 0.548733 0.210717 0.13174 0.0407324 0.039371
threshold=3.1849999425000006 12.690000000000003 16.399999875000002 3.6857142620000003 0.25827600000000006 0.61554221250000019 0.72410804750000013 6.2000001555000006 5.6500000320000003 1.0000000115000003
decision_type=2 2 2 2 2 2 2 2 2 2
left_child=7 2 -2 -3 5 -5 9 -1 -9 -6
right_child=1 3 -4 4 6 -7 -8 8 -10 -11
leaf_value=-0.0001060567269103662 -0.0006892987971015836 -3.0766627020787102e-05 7.6350091762993711e-06 0.00075401229938809036 0.0017526267840576267 -4.2248073040952209e-06 -0.00033551158936599766 5.8454305639937885e-05 0.0033061626780476177 3.2462308154182966e-05
leaf_weight=20 20 27 20 24 87 27 24 20 138 51
leaf_count=20 20 27 20 24 87 27 24 20 138 51
internal_value=-8.50043e-05 -0.000349003 -0.00142157 -0.000157807 -7.01589e-06 -0.000627413 0.000178133 0.000318792 0.000421914 0.000338617
internal_weight=458 280 40 240 213 51 162 178 158 138
internal_count=458 280 40 240 213 51 162 178 158 138
is_linear=0
shrinkage=0.01


Tree=540
num_leaves=13
num_cat=0
split_feature=18 75 11 47 28 46 12 0 71 71 34 1
split_gain=0.622881 0.608134 1.07632 1.39992 0.419498 0.194088 0.157252 0.507618 0.113861 0.317324 0.196002 0.0226349
threshold=39.945000000000007 6.8257142220000011 0.60172677350000014 16.400000285000004 4.3499999895000014 4.6500000355000006 0.71999150000000012 0.15174629200000003 52.144999505000008 49.479999065000008 3.7857142690000005 0.23523003550000002
decision_type=2 2 2 2 2 2 2 2 2 2 2 2
left_child=1 5 3 -3 -4 -1 8 11 9 -2 -11 -8
right_child=6 2 4 -5 -6 -7 7 -9 -10 10 -12 -13
leaf_value=0.0027732042207851519 0.00084685802884049925 -0.0012839732623364957 5.2972925103155735e-05 -2.1723520122802506e-05 -1.9600704713230457e-05 -0.00053146758241111715 0.0024951026551870486 -0.00033215647347233589 0.0011583599052087498 -0.00075151193359681559 3.7403272335628e-06 0.0066474193060272017
leaf_weight=45 63 20 34 20 20 24 20 24 112 20 21 32
leaf_count=45 63 20 34 20 20 24 20 24 112 20 21 32
internal_value=-0.000154673 -0.000650183 -0.00117089 -0.00240196 -0.00020073 3.58166e-05 0.00011612 -0.000260417 0.000258303 1.27257e-11 -0.000657895 0.000265152
internal_weight=455 163 94 40 54 69 292 76 216 104 41 52
internal_count=455 163 94 40 54 69 292 76 216 104 41 52
is_linear=0
shrinkage=0.01


Tree=541
num_leaves=9
num_cat=0
split_feature=69 23 61 62 2 13 25 15
split_gain=0.760987 0.735912 0.326834 0.259277 0.314125 0.262384 0.642935 1.16156
threshold=88.014999390000014 1.6857142955000002 1.5950002670000003 34.889999865000007 0.30596821450000006 0.72274220000000011 2.2000000095000005 0.73805559550000011
decision_type=2 2 2 2 2 2 2 2
left_child=3 -2 -3 4 -1 -5 7 -7
right_child=1 2 -4 5 -6 6 -8 -9
leaf_value=-0.00054410669855289363 -0.001125648484303531 1.3742683758772676e-05 -1.0607431207366801e-05 0.0006147683267268304 1.057816463702788e-05 -0.00090728101712093652 0.0048597525244799657 0.006377171581428598
leaf_weight=28 23 31 32 212 20 20 72 23
leaf_count=28 23 31 32 212 20 20 72 23
internal_value=-1.62408e-05 -0.000864055 -0.000258621 0.000174295 -0.000491803 0.000279134 -9.06736e-05 -0.00106164
internal_weight=461 86 63 375 48 327 115 43
internal_count=461 86 63 375 48 327 115 43
is_linear=0
shrinkage=0.01


Tree=542
num_leaves=10
num_cat=0
split_feature=43 17 8 47 23 11 11 46 79
split_gain=0.477209 0.615418 0.353906 0.162965 0.36156 0.154158 0.104611 0.0886096 0.0423186
threshold=6.4999998365000007 0.68072900000000003 0.47526735700000006 15.350000200000002 1.700000001 0.70326192850000002 0.5984919285000001 6.2000000400000017 3.7957142740000003
decision_type=2 2 2 2 2 2 2 2 2
left_child=2 -2 -1 7 -5 6 -6 8 -4
right_child=1 -3 3 4 5 -7 -8 -9 -10
leaf_value=-0.0006367549913416584 -0.00078044843919242754 0.0069689467055160347 -2.8612265175740317e-05 -0.00027784861032567149 -1.7973101670491636e-06 -1.5644278551228922e-05 0.00033463574438774546 -1.4084290982009644e-05 0.0023019691521368878
leaf_weight=24 35 21 20 21 25 27 85 30 171
leaf_count=24 35 21 20 21 25 27 85 30 171
internal_value=-1.84863e-05 -0.000880282 9.78207e-05 0.000177725 -5.6675e-05 0.000119739 0.000297834 0.000353922 0.000435349
internal_weight=459 56 403 379 158 137 110 221 191
internal_count=459 56 403 379 158 137 110 221 191
is_linear=0
shrinkage=0.01


Tree=543
num_leaves=12
num_cat=1
split_feature=94 87 8 84 93 50 19 7 43 14 0
split_gain=1.10552 1.29718 0.561974 0.551806 0.289081 0.445069 0.240209 0.0686894 0.0502359 0.087495 0.0314669
threshold=0 22.662857055000003 0.49459371450000006 13.244999885 17.974813495000003 11.050000190000002 0.61428572250000013 0.54870617850000014 5.5499999675000007 0.71544738100000005 0.27487510400000004
decision_type=1 2 2 2 10 2 2 2 2 2 2
left_child=1 2 -1 -3 5 7 -2 -4 -8 -10 -6
right_child=6 3 4 -5 10 -7 8 -9 9 -11 -12
leaf_value=-0.00076551867394105701 -7.5582219328004989e-06 -0.0012968297532365688 0.00012260155527712871 -2.0513687735667669e-05 0.00059171925720616662 -0.00066832301723202567 0.0012624690941373219 -2.0463069106945491e-05 1.0414557990358724e-05 -8.73310992613569e-05 0.001405310503753372
leaf_weight=20 25 26 23 21 58 21 164 20 32 20 20
leaf_count=20 25 26 23 21 58 21 164 20 32 20 20
internal_value=-0.000184117 -0.000698362 -0.000288698 -0.00218619 -4.90196e-05 -0.000555556 0.000272041 0 0.000396679 7.57576e-05 0.00034264
internal_weight=450 209 162 47 142 64 241 43 216 52 78
internal_count=450 209 162 47 142 64 241 43 216 52 78
cat_boundaries=0 1
cat_threshold=681577607
is_linear=0
shrinkage=0.01


Tree=544
num_leaves=11
num_cat=1
split_feature=94 17 92 52 16 26 19 1 4 1
split_gain=0.53026 0.937379 0.92274 0.261484 0.131457 0.287338 0.102555 0.0793555 0.0639114 0.0231242
threshold=0 0.66098564250000014 20.758675000000004 0.45000000300000004 0.54217126200000021 4.0571428200000001 1.0428571490000003 0.28882064300000004 0.4038965235000001 0.28041000000000005
decision_type=1 2 10 2 2 2 2 2 2 2
left_child=1 2 -1 -2 5 -5 7 -6 -9 -3
right_child=3 9 -4 4 6 -7 -8 8 -10 -11
leaf_value=0.00050720621392829929 -7.8594226150190656e-05 0.0020884917394069216 -0.00051519747325261961 0.0007295348713350203 0.00031151355074687874 -1.1410334281192424e-05 -0.00082780105993326015 -5.1363159378615939e-05 0.0014011461200915743 0.0033877741213267738
leaf_weight=21 20 33 30 34 231 26 26 20 21 20
leaf_count=21 20 33 30 34 231 26 26 20 21 20
internal_value=1.86413e-05 -0.000574913 -0.00159266 0.000198045 0.000270346 -0.000131579 0.000358099 0.000417889 0 0.000269517
internal_weight=482 104 51 378 358 60 298 272 41 53
internal_count=482 104 51 378 358 60 298 272 41 53
cat_boundaries=0 1
cat_threshold=12586180
is_linear=0
shrinkage=0.01


Tree=545
num_leaves=9
num_cat=0
split_feature=17 70 2 1 53 5 91 46
split_gain=0.440933 0.468063 0.443943 0.878386 0.298036 0.126809 0.212726 0.0394822
threshold=0.68431400000000009 43.944997790000009 0.20361050000000003 0.14147721450000003 0.70000001050000005 0.44977717850000004 95.446443330000008 6.2000000400000017
decision_type=2 2 2 2 2 2 2 2
left_child=1 -1 3 -3 -4 6 -6 -2
right_child=7 2 4 -5 5 -7 -8 -9
leaf_value=-6.4789957465045012e-05 0.0053983256336501955 0.00086198591779737283 -0.00063325237491407814 -0.00024950282177843466 -0.00043117180766732126 0.0012013066680470605 0.00012896826069141851 0.0013018883786588475
leaf_weight=29 119 20 25 23 75 78 77 20
leaf_count=29 119 20 25 23 75 78 77 20
internal_value=-5.35561e-05 -0.000257779 -0.000130522 -0.00106164 2.15012e-05 0.000142981 -1.3089e-05 0.000411302
internal_weight=466 327 298 43 255 230 152 139
internal_count=466 327 298 43 255 230 152 139
is_linear=0
shrinkage=0.01


Tree=546
num_leaves=10
num_cat=0
split_feature=48 23 8 2 20 16 20 54 11
split_gain=0.447968 0.544575 0.567266 0.534882 0.723435 1.04119 0.226444 0.2615 0.0969204
threshold=13.000000325 1.6857142660000004 0.60812251800000017 0.29888239300000002 2.2857142605000003 0.68955792850000008 2.3428571565000005 0.50000001100000013 0.63410651400000007
decision_type=2 2 2 2 2 2 2 2 2
left_child=6 2 -2 4 8 -6 -1 -8 -3
right_child=1 3 -4 -5 5 -7 7 -9 -10
leaf_value=0.0005519556375139839 -0.00018770241403551712 2.3363975621522172e-05 -7.4643256754769501e-05 0.00090903524260803857 -0.0007263123028784889 0.00059676877003012388 -0.00087919363578724946 0.0032836411828585169 -8.3525959389283716e-06
leaf_weight=168 27 38 23 92 21 21 25 25 20
leaf_count=168 27 38 23 92 21 21 25 25 20
internal_value=-1.73611e-05 -0.000317133 -0.00124016 -6.22407e-05 -0.000575397 -0.00156542 0.000306216 -0.000255905 0.000119048
internal_weight=460 242 50 192 100 42 218 50 58
internal_count=460 242 50 192 100 42 218 50 58
is_linear=0
shrinkage=0.01


Tree=547
num_leaves=8
num_cat=0
split_feature=93 36 62 62 39 17 9
split_gain=0.667655 0.584357 0.404001 0.386692 0.257963 0.219678 0.0369895
threshold=24.358773140000004 4.1714285270000007 34.825000765000006 41.605000020000013 5.5999999385000008 0.48156450000000006 0.57369380000000014
decision_type=10 2 2 2 2 2 2
left_child=1 -1 -3 4 5 -4 -6
right_child=-2 2 3 -5 6 -7 -8
leaf_value=-0.00076604868975502813 0.0024361374599639707 -0.00018001583090118773 0.00050390058741916414 -0.00042643918243729116 -8.5434345312125064e-06 -4.8081439357011164e-05 0.00081380677384165973
leaf_weight=37 117 32 29 28 20 83 92
leaf_count=37 117 32 29 28 20 83 92
internal_value=-0.000157247 -0.000396209 -0.000231742 -8.70253e-05 4.4484e-05 -0.000283688 0.000390071
internal_weight=438 321 284 252 224 112 112
internal_count=438 321 284 252 224 112 112
is_linear=0
shrinkage=0.01


Tree=548
num_leaves=11
num_cat=0
split_feature=39 39 9 17 27 22 6 5 0 17
split_gain=0.573402 0.536895 0.762185 0.352686 0.302361 0.237601 0.183945 0.494917 0.210875 0.033148
threshold=6.7000001370000009 5.2999999855000004 0.607449075 0.59665769050000017 3.5000000170000001 1.6571428695000001 0.39384911900000003 0.3071638570000001 0.31458908350000009 0.48587064250000006
decision_type=2 2 2 2 2 2 2 2 2 2
left_child=1 6 -3 -4 -2 -6 7 -1 9 -8
right_child=4 2 3 -5 5 -7 8 -9 -10 -11
leaf_value=9.639728549214713e-06 -1.4477561204356885e-05 -0.00066743279481374003 -2.3289246736353086e-05 3.2154355454622473e-05 -0.00036169352143168972 0.0011649349067770524 0.00027986279926999684 -3.3632031801776313e-05 -0.00020616951966496403 0.00050060739513693535
leaf_weight=20 20 20 20 23 30 216 20 21 23 66
leaf_count=20 20 20 20 23 30 216 20 21 23 66
internal_value=-3.85577e-05 -0.00042797 -0.00119906 -0.000376712 0.000266117 0.00036872 -8.62069e-05 -0.000657895 0.000113843 0.000357143
internal_weight=479 213 63 43 266 246 150 41 109 86
internal_count=479 213 63 43 266 246 150 41 109 86
is_linear=0
shrinkage=0.01


Tree=549
num_leaves=10
num_cat=0
split_feature=17 59 57 61 53 14 42 22 0
split_gain=0.64283 1.09671 0.465336 0.344862 0.250877 0.148098 0.0969382 0.106923 0.0268617
threshold=0.55852528550000013 0.10500001900000001 7.3599996570000004 2.4100003240000003 0.89999999100000017 0.70757221400000014 14.799999800000002 1.6571428695000001 0.17002076400000002
decision_type=2 2 2 2 2 2 2 2 2
left_child=1 -1 8 4 5 -2 7 -6 -3
right_child=3 2 -4 -5 6 -7 -8 -9 -10
leaf_value=-0.00096228121229538293 1.2273277181971358e-05 4.7066176609334504e-05 -1.748732252127413e-05 -5.349932828574311e-05 0.00025891212010793611 -0.00018100467538025844 -0.00047507943103819943 0.00084767590320455151 0.0010875643140107519
leaf_weight=30 27 42 27 25 30 26 26 205 20
leaf_count=30 27 42 27 25 30 26 26 205 20
internal_value=-0.0001068 -0.000738731 -0.000150334 0.000110359 0.00020648 -0.000399628 0.000338044 0.000405004 0.000302548
internal_weight=458 119 89 339 314 53 261 235 62
internal_count=458 119 89 339 314 53 261 235 62
is_linear=0
shrinkage=0.01


Tree=550
num_leaves=9
num_cat=1
split_feature=28 13 94 10 0 61 10 29
split_gain=1.00394 1.03962 0.496899 0.451553 0.759523 0.400332 0.0954833 0.0437724
threshold=4.4428570950000008 0.64246213350000014 0 0.62512742850000014 0.21413445850000004 2.4100003240000003 0.69016100000000014 2.0428571615000002
decision_type=2 2 1 2 2 2 2 2
left_child=2 -2 3 4 -1 7 -5 -4
right_child=1 -3 5 6 -6 -7 -8 -9
leaf_value=-0.00021180493761161577 8.3032514990805674e-06 -2.1459912896263411e-05 0.0044591367337879348 0.00014230635055106778 -0.0009731975321615379 -3.9908820512354063e-05 -0.00033584348912550697 0.00114088693692912
leaf_weight=34 29 37 20 37 27 30 20 216
leaf_count=34 29 37 20 37 27 30 20 216
internal_value=-0.000139752 -0.00127246 5.19751e-05 -0.000458075 -0.00109223 0.00029263 0.000112457 0.000447635
internal_weight=450 66 384 118 61 266 57 236
internal_count=450 66 384 118 61 266 57 236
cat_boundaries=0 1
cat_threshold=35654786
is_linear=0
shrinkage=0.01


Tree=551
num_leaves=10
num_cat=1
split_feature=94 17 20 42 49 17 48 69 25
split_gain=0.704897 0.687245 1.23103 0.287977 0.244002 0.248282 0.22057 0.114041 0.0434414
threshold=0 0.65092185750000009 2.2785714185000008 2.8500000315000005 39.300000435000008 0.71936857150000011 18.099999700000001 77.125000000000014 2.4785714150000007
decision_type=1 2 2 2 2 2 2 2 2
left_child=1 2 6 -2 7 -6 -1 -5 -9
right_child=3 -3 -4 4 5 -7 -8 8 -10
leaf_value=0.00073367233870020589 -1.3985809805647101e-05 0.0021488019070249323 -0.00066387945407935466 0.00035097595385919503 -0.00091635014851648711 0.0080324267060323026 -9.5233277396006767e-06 0.0011855766468657374 0.00028502357552123486
leaf_weight=23 29 30 32 25 34 23 27 204 20
leaf_count=23 29 30 32 25 34 23 27 204 20
internal_value=-9.93747e-05 -0.000749186 -0.00129227 0.000131579 0.000231421 -0.00033737 -0.000255905 0.000370296 0.00044484
internal_weight=447 112 82 335 306 57 50 249 224
internal_count=447 112 82 335 306 57 50 249 224
cat_boundaries=0 1
cat_threshold=134218374
is_linear=0
shrinkage=0.01


Tree=552
num_leaves=11
num_cat=0
split_feature=42 46 8 46 52 26 68 6 4 52
split_gain=0.694952 0.613696 0.592763 0.53192 0.409996 0.482783 0.288736 0.137291 0.216537 0.288982
threshold=5.299999982000001 2.7999999970000005 0.56699541650000007 4.0999998935000006 0.50000000750000007 4.0000000170000005 63.409999850000005 0.44236657150000008 0.3146339285000001 1.1000000200000002
decision_type=2 2 2 2 2 2 2 2 2 2
left_child=1 6 -3 -4 5 -2 -1 8 -6 -10
right_child=4 2 3 -5 7 -7 -8 -9 9 -11
leaf_value=-2.6386447200352746e-05 -0.0005420249939301437 -4.1967070332821652e-05 -0.00025023037439706218 -2.2643368178063578e-05 0.0021912832311271656 1.0120450802372063e-05 0.00021363756173232621 0.001973480072713067 0.0032671519849772858 -0.0008686692826278304
leaf_weight=28 20 20 20 21 56 30 44 179 21 30
leaf_count=28 20 20 20 21 56 30 44 179 21 30
internal_value=-7.13069e-05 -0.000683856 -0.00141586 -0.0020933 0.000166271 -0.000649606 -2.74725e-05 0.000317294 1.39147e-05 -0.000434363
internal_weight=469 133 61 41 336 50 72 286 107 51
internal_count=469 133 61 41 336 50 72 286 107 51
is_linear=0
shrinkage=0.01


Tree=553
num_leaves=11
num_cat=1
split_feature=28 10 94 91 6 5 26 93 10 42
split_gain=0.8699 0.545965 0.348058 0.660319 0.792798 0.257345 0.23064 0.759925 0.107968 0.0405094
threshold=4.4357142450000007 0.5899232860000001 0 109.82819450000001 0.43666714250000005 0.43033850000000007 4.0999999560000004 17.285832155000005 0.58792457150000021 13.950000010000002
decision_type=2 2 1 2 2 2 2 10 2 2
left_child=2 -2 3 4 -1 -3 9 -8 -5 -4
right_child=1 5 6 8 -6 -7 7 -9 -10 -11
leaf_value=-0.00067764753794320135 0.0005944920778297129 -2.6827604546986323e-05 0.00094745396686125697 -7.3671552335418931e-05 -7.2358135133068568e-05 -1.3593171616574801e-05 -0.00064345316498026523 0.0028172198262843766 0.0036005825552793591 0.0003943321013642409
leaf_weight=20 25 26 189 20 20 22 20 47 47 21
leaf_count=20 25 26 189 20 20 22 20 47 47 21
internal_value=-0.000108126 -0.00110434 7.79626e-05 -0.000377759 -0.00142157 -0.00172131 0.00026581 -0.000213864 0.000169617 0.000441176
internal_weight=457 73 384 107 40 48 277 67 67 210
internal_count=457 73 384 107 40 48 277 67 67 210
cat_boundaries=0 1
cat_threshold=170921088
is_linear=0
shrinkage=0.01


Tree=554
num_leaves=11
num_cat=0
split_feature=17 25 47 57 61 17 70 7 39 1
split_gain=0.906649 1.19168 0.936663 0.67496 0.928431 0.553285 0.38798 0.229626 0.102751 0.0537707
threshold=0.68431400000000009 2.2000000095000005 9.1999997645000011 5.3149995805000012 1.5950002670000003 0.61347135700000011 50.575000290000006 0.45050207150000005 5.8000001165000006 0.15722564250000001
decision_type=2 2 2 2 2 2 2 2 2 2
left_child=1 2 -1 7 6 -4 9 -3 -2 -5
right_child=8 3 5 4 -6 -7 -8 -9 -10 -11
leaf_value=-0.0024496767046914836 0.00086728164072691902 -4.4048667672511431e-05 -0.00083476592466865036 -7.0009284425331816e-06 -1.4409875850076334e-05 0.0011097770868528157 0.00082540404187677404 0.00011615809046604935 0.0049396919467446865 -0.00071420978968541899
leaf_weight=22 28 27 34 20 26 28 39 105 122 20
leaf_count=22 28 27 34 20 26 28 39 105 122 20
internal_value=-0.000280839 -0.00058266 -0.00160377 -0.000208158 -0.000808129 -0.000907643 -0.00023183 0.000256024 0.000351459 -0.000931373
internal_weight=471 321 84 237 105 62 79 132 150 40
internal_count=471 321 84 237 105 62 79 132 150 40
is_linear=0
shrinkage=0.01


Tree=555
num_leaves=9
num_cat=0
split_feature=28 61 61 43 11 16 25 86
split_gain=1.48357 0.995797 0.530537 0.343329 0.539582 0.65881 0.119941 0.134444
threshold=4.3785714595000007 1.4699997900000004 1.0000000180025095e-35 5.5499999675000007 0.64013254800000008 0.73759514250000013 2.4857142820000004 19.425000055000002
decision_type=2 2 2 2 2 2 2 2
left_child=2 -2 -1 6 -5 -6 7 -4
right_child=1 -3 3 4 5 -7 -8 -9
leaf_value=-0.00045110193592280359 -6.0279466235212765e-06 -3.4089853800515116e-05 0.0012515422618566213 9.0611279503895601e-06 -0.00081745945681276533 0.0082886605108715879 -0.001006054229813783 3.7750653152617897e-05
leaf_weight=26 37 37 222 47 39 21 22 24
leaf_count=26 37 37 222 47 39 21 22 24
internal_value=-0.000190206 -0.00148396 4.60428e-05 0.000147685 -0.000320037 -0.000953947 0.000342262 0.000409238
internal_weight=475 74 401 375 107 60 268 246
internal_count=475 74 401 375 107 60 268 246
is_linear=0
shrinkage=0.01


Tree=556
num_leaves=11
num_cat=1
split_feature=73 91 42 94 50 70 43 6 27 7
split_gain=0.925156 0.706809 0.919862 0.51195 0.735924 0.210374 0.205835 0.239845 0.0363119 0.100956
threshold=-2.6328571285 78.719873865000011 2.7999999190000007 0 10.750000000000002 50.275001050000007 6.2500000070000015 0.37806078550000005 3.7857142860000006 0.57248294050000015
decision_type=2 2 2 1 2 2 2 2 2 2
left_child=1 -1 -3 4 5 -2 7 -5 9 -9
right_child=3 2 -4 6 -6 -7 -8 8 -10 -11
leaf_value=0.00038068692366318379 0.00091671725776800881 -3.8957174902403146e-06 -2.3745389761115222e-05 -9.8753671012646812e-06 -0.001074274622079415 -0.0005323563851165349 -5.9505761553425939e-05 0.0012373995476440995 0.0026903864097198465 -7.9657853634763529e-05
leaf_weight=24 38 25 21 25 38 33 38 41 154 20
leaf_count=24 38 25 21 25 38 33 38 41 154 20
internal_value=-0.000261031 -0.00131356 -0.00202991 -6.31769e-05 -0.000613523 -3.48189e-05 0.000162742 0.000282392 0.0003962 0.00013754
internal_weight=457 70 46 387 109 71 278 240 215 61
internal_count=457 70 46 387 109 71 278 240 215 61
cat_boundaries=0 1
cat_threshold=2100230
is_linear=0
shrinkage=0.01


Tree=557
num_leaves=11
num_cat=1
split_feature=42 48 48 53 94 11 48 17 20 0
split_gain=1.49488 0.601738 0.57182 0.445715 0.371563 0.579512 0.423562 0.0704131 0.0425128 0.0325544
threshold=3.4000000285000005 17.999999820000003 14.100000125000003 0.60000001650000001 0 0.68498232150000016 22.649999985000004 0.58816109550000018 2.5857142550000005 0.24826577100000005
decision_type=2 2 2 2 1 2 2 2 2 2
left_child=1 2 -1 -2 5 6 9 -6 -9 -5
right_child=3 -3 -4 4 7 -7 -8 8 -10 -11
leaf_value=-2.6642902885817885e-05 -0.00052264569677419267 -0.00032307023802365337 6.0672882026423414e-05 0.00014014360442222491 3.1302360559975574e-07 -3.8492593321077805e-05 -0.0005498373821982783 0.0041047049479026277 0.00046653104999305343 5.8694300346280594e-08
leaf_weight=20 28 36 23 63 37 27 22 176 20 20
leaf_count=20 28 36 23 63 37 27 22 176 20 20
internal_value=-0.000236887 -0.00148496 -0.000605023 1.14271e-05 0.000110716 -0.000294118 4.72591e-06 0.000346596 0.000436992 0.000352029
internal_weight=472 79 43 393 365 132 105 233 196 83
internal_count=472 79 43 393 365 132 105 233 196 83
cat_boundaries=0 1
cat_threshold=137365639
is_linear=0
shrinkage=0.01


Tree=558
num_leaves=10
num_cat=1
split_feature=33 79 75 24 94 52 76 4 4
split_gain=1.17513 0.504318 0.4942 0.327681 0.2299 0.333246 0.164439 0.0488158 0.092457
threshold=6.035714285500001 3.6778571140000005 7.8307142925000006 2.1714285695000002 0 4.2499999925000012 6.171428510000001 0.29947035700000008 0.28764014250000008
decision_type=2 2 2 2 1 2 2 2 2
left_child=1 -1 3 -2 5 6 -3 8 -6
right_child=2 4 -4 -5 7 -7 -8 -9 -10
leaf_value=-0.00057779426618954845 0.0018753005580735508 0.0016140801746256114 -2.0606785987194328e-05 -0.0012086399713793156 0.00060377239759567918 -0.00060943456012845811 -0.00063766787765424026 0.0011254207055060425 -8.8171020183153875e-05
leaf_weight=20 23 54 39 21 35 21 29 203 20
leaf_count=20 23 54 39 21 35 21 29 203 20
internal_value=-7.6213e-05 0.000154127 -0.00115155 -0.000357143 0.000245314 -0.000139373 0.000113365 0.000398065 9.85663e-05
internal_weight=465 382 83 44 362 104 83 258 55
internal_count=465 382 83 44 362 104 83 258 55
cat_boundaries=0 1
cat_threshold=136315911
is_linear=0
shrinkage=0.01


Tree=559
num_leaves=13
num_cat=0
split_feature=68 7 12 6 48 21 75 47 3 48 12 1
split_gain=1.13839 0.678197 1.10438 0.564426 0.660535 0.506843 0.418862 0.299935 0.546452 0.0557108 0.0799496 0.0166011
threshold=63.204998970000005 0.62304800000000016 0.70388450000000014 0.44236657150000008 19.100000075000001 1.8142857255000002 7.8307142925000006 15.350000200000002 0.27718142900000003 10.399999930000002 0.71247673800000011 0.18920292850000001
decision_type=2 2 2 2 2 2 2 2 2 2 2 2
left_child=3 2 5 4 7 6 11 -1 -9 10 -5 -2
right_child=1 -3 -4 9 -6 -7 -8 8 -10 -11 -12 -13
leaf_value=0.0042800780453451414 -3.2657611395437725e-05 0.00084563973972814498 -0.00012588322316928142 0.0004538343032416923 -0.00058711947113321413 -5.6077174356647696e-05 -1.5161855728512572e-05 0.00100318870297917 -0.00065698047035037512 0.0012361260057761224 -0.00042867938273005393 0.0038884226006901737
leaf_weight=56 20 24 22 28 37 21 25 21 20 148 20 22
leaf_count=56 20 24 22 28 37 21 25 21 20 148 20 22
internal_value=-0.000271084 -0.00104599 -0.00138087 3.92987e-05 -0.000452522 -0.000833333 -0.000361357 0 -0.000657895 0.000386179 4.09836e-05 0.00021028
internal_weight=464 134 110 330 134 88 67 97 41 196 48 42
internal_count=464 134 110 330 134 88 67 97 41 196 48 42
is_linear=0
shrinkage=0.01


Tree=560
num_leaves=12
num_cat=0
split_feature=17 83 18 79 52 92 25 18 92 76 0
split_gain=1.58338 0.981301 1.18665 0.569053 0.525841 0.402226 0.178625 0.3207 0.190845 0.0708924 0.0639114
threshold=0.55852528550000013 10.152142830000003 66.250000000000014 3.7957142740000003 2.6499999610000002 18.426978845000004 2.2000000095000005 104.13500000000001 22.873081490000004 6.171428510000001 0.24506320850000005
decision_type=2 2 2 2 2 10 2 2 10 2 2
left_child=1 2 -1 -2 -3 -5 7 8 -7 -8 -11
right_child=3 4 -4 5 -6 6 9 -9 -10 10 -12
leaf_value=-0.00069179656945154175 -6.6094519941269978e-05 -1.2213114488219628e-05 -1.7449579004918553e-05 -0.00029253810193613348 0.00069193958991076718 0.002582194209127794 0.0021873632348910509 -0.00012770010524505772 -4.4853758603048067e-05 -5.911268616072752e-05 0.0026281639680121416
leaf_weight=38 23 24 33 32 34 61 144 22 27 20 21
leaf_count=38 23 24 33 32 34 61 144 22 27 20 21
internal_value=-0.000392872 -0.00133667 -0.00212396 -3.70581e-05 -0.000323129 6.55888e-05 0.000187627 -0.000117329 0.000135135 0.00037944 0
internal_weight=479 129 71 350 58 327 295 110 88 185 41
internal_count=479 129 71 350 58 327 295 110 88 185 41
is_linear=0
shrinkage=0.01


Tree=561
num_leaves=11
num_cat=0
split_feature=15 4 5 41 11 34 6 15 54 5
split_gain=0.790877 0.552065 0.518155 0.309914 0.345894 0.36728 0.695739 0.3395 0.135413 0.0376402
threshold=0.61547571450000016 0.30455757150000001 0.45031735700000003 12.449999840000002 0.71397942850000018 3.8000000030000005 0.45079700000000006 0.72415983950000007 5.1499999090000008 0.36490269050000007
decision_type=2 2 2 2 2 2 2 2 2 2
left_child=1 8 -3 4 5 6 -2 -7 -1 -5
right_child=3 2 -4 9 -6 7 -8 -9 -10 -11
leaf_value=0.00052879785259237074 -0.00088858227182280402 -0.00016344580850986495 3.8114003216155045e-05 0.0016590822799393654 -0.00010568176188006933 0.0023844603671380311 0.00048586675972458088 -3.533641714492944e-05 -1.8957472845698368e-05 0.002010310897085569
leaf_weight=20 28 37 22 20 26 107 36 32 34 98
leaf_count=20 28 37 22 20 26 107 36 32 34 98
internal_value=-0.000256076 -0.000979789 -0.00164716 -1.29385e-05 -0.000232811 -8.09617e-05 -0.000709877 0.00019671 -0.00020073 0.000395623
internal_weight=460 113 59 347 229 203 64 139 54 118
internal_count=460 113 59 347 229 203 64 139 54 118
is_linear=0
shrinkage=0.01


Tree=562
num_leaves=11
num_cat=0
split_feature=28 15 13 52 17 0 46 5 13 26
split_gain=1.958 0.963266 0.799499 0.722268 0.466769 0.160294 0.143638 0.379351 0.113802 0.0414788
threshold=4.4357142450000007 0.58525135750000012 0.61554221250000019 0.50000000750000007 0.50010800000000011 0.29139645800000008 4.3499999945000001 0.36613171450000004 0.72274220000000011 3.9214285440000003
decision_type=2 2 2 2 2 2 2 2 2 2
left_child=1 -1 -2 5 -4 -3 9 -8 -9 -5
right_child=2 3 4 6 -6 -7 7 8 -10 -11
leaf_value=-9.3370730163306074e-05 5.9346384553462184e-05 -7.015510642990617e-05 -1.1764074775825641e-05 0.0014351961757841352 -4.1936082039765904e-05 -0.00056245638134264141 -0.0017217085183547048 0.00093210779854305779 -9.5827730249756392e-05 0.0016557035346313491
leaf_weight=36 24 20 25 20 26 20 22 74 43 152
leaf_count=36 24 20 25 20 26 20 22 74 43 152
internal_value=-0.000382455 -8.89634e-05 -0.00185356 6.67993e-05 -0.00255792 -0.00117647 0.000235728 0 0.000224958 0.000428241
internal_weight=462 387 75 351 51 40 311 139 117 172
internal_count=462 387 75 351 51 40 311 139 117 172
is_linear=0
shrinkage=0.01


Tree=563
num_leaves=11
num_cat=0
split_feature=93 26 92 85 22 82 6 42 18 41
split_gain=1.27413 1.29767 1.12678 0.509061 0.320137 0.131001 0.0983585 0.162175 0.0981302 0.186415
threshold=17.974813495000003 4.0642856870000008 23.133991545000004 19.187143055000003 1.9285714205000002 14.717857290000003 0.40804366650000007 9.4000000245000006 104.13500000000001 11.750000000000002
decision_type=10 2 10 2 2 2 2 2 2 2
left_child=1 3 -3 5 6 -1 7 -2 -8 -10
right_child=4 2 -4 -5 -6 -7 8 -9 9 -11
leaf_value=-0.00018683383572117113 -0.0017642591838817425 -9.5413654743754327e-06 -0.00020102167989904953 -3.4281877004140194e-05 -0.00018056960032954096 0.002087834809125682 0.0010373319376640734 0.00036075060860761224 -0.00012376188803504864 0.0063479404887590019
leaf_weight=33 21 28 36 38 27 49 140 21 23 37
leaf_count=33 21 28 36 38 27 49 140 21 23 37
internal_value=-0.000311811 -0.000952381 -0.00209877 -0.00031457 0.00012046 0.000108696 0.000242998 -0.000163551 0.000338645 0
internal_weight=453 184 64 120 269 82 242 42 200 60
internal_count=453 184 64 120 269 82 242 42 200 60
is_linear=0
shrinkage=0.01


Tree=564
num_leaves=11
num_cat=1
split_feature=68 5 11 68 94 91 37 7 21 16
split_gain=1.19145 1.35835 0.748031 0.807113 0.602305 0.61133 0.488189 0.131952 0.0359031 0.0228118
threshold=63.295000075000011 0.44883900000000004 0.68152635750000012 65.970000265000024 0 95.400250690000021 3.1500000620000006 0.42753969050000007 1.5571428495000001 0.62757321450000003
decision_type=2 2 2 2 1 2 2 2 2 2
left_child=4 2 3 -2 5 -1 -7 -6 -9 -10
right_child=1 -3 -4 -5 7 6 -8 8 9 -11
leaf_value=-0.00077426748842418427 -0.00014491426578956115 0.00067873519337153664 -0.00012160037009258981 0.00057793256975081214 -1.9812537987862243e-05 0.00093713431982557992 -0.00086460265978444053 0.0060261519498361494 0.0011716366427316431 0.0026157695239280203
leaf_weight=36 37 39 22 28 20 53 20 20 29 187
leaf_count=36 37 39 22 28 20 53 20 20 29 187
internal_value=-0.000228752 -0.00106467 -0.00175968 -0.00114742 5.60416e-05 -0.00053005 -2.03252e-05 0.000322339 0.000405405 0.000442804
internal_weight=491 126 87 65 365 109 73 256 236 216
internal_count=491 126 87 65 365 109 73 256 236 216
cat_boundaries=0 1
cat_threshold=2100230
is_linear=0
shrinkage=0.01


Tree=565
num_leaves=12
num_cat=0
split_feature=57 26 75 91 51 17 50 1 75 15 1
split_gain=1.12077 1.16632 1.2265 0.664222 0.522072 0.378814 0.253092 0.206486 0.192101 0.130715 0.0204918
threshold=3.6600003240000007 3.9785714490000004 7.8985713015000014 87.274355950000015 0.15000000200000005 0.66047564300000017 6.0000000595000005 0.15381642850000002 6.4428571460000006 0.68695080950000009 0.27271957150000004
decision_type=2 2 2 2 2 2 2 2 2 2 2
left_child=6 4 3 -3 9 10 -1 -4 -8 -2 -5
right_child=1 2 7 5 -6 -7 8 -9 -10 -11 -12
leaf_value=-6.4966563895217454e-05 0.00057838649227315308 -2.7678085695538947e-05 -1.3184761546019116e-05 0.00075411296026325122 -0.0013269429577236695 -0.00021483987238107572 0.0040318787905160511 -4.4963218359942666e-05 -4.7777273478182618e-05 -0.0004681267413979281 0.0042286049154518536
leaf_weight=21 78 30 20 20 35 28 146 20 34 20 28
leaf_count=21 78 30 20 20 35 28 146 20 34 20 28
internal_value=-0.000370216 -0.000780915 -0.00139646 -0.00079588 -8.59492e-05 -0.000260417 0.000190783 -0.00289216 0.000320796 0.000273279 0.000245902
internal_weight=480 279 146 106 133 76 201 40 180 98 48
internal_count=480 279 146 106 133 76 201 40 180 98 48
is_linear=0
shrinkage=0.01


Tree=566
num_leaves=10
num_cat=0
split_feature=84 74 22 61 50 4 73 46 22
split_gain=1.03863 1.00215 1.37128 0.965019 0.74213 0.31692 0.291715 0.11474 0.0804897
threshold=12.823571410000001 7.5500000205000006 1.8857142840000003 1.0000000180025095e-35 13.799999725000001 0.29146157150000002 -2.3828571194999992 3.5000000300000003 1.9285714205000002
decision_type=2 2 2 2 2 2 2 2 2
left_child=3 4 -3 -1 7 -6 -5 -2 -8
right_child=1 2 -4 6 5 -7 8 -9 -10
leaf_value=-9.5869073210030892e-05 0.00076271190013901357 -8.3773581269919173e-05 -0.00058955717241497725 -2.1729517242811172e-05 -4.5722548811744092e-07 -2.7153644517992002e-05 0.0026232372337869625 -2.2936822512354987e-05 6.5496442310002505e-05
leaf_weight=25 54 27 21 36 21 25 185 20 39
leaf_count=25 54 27 21 36 21 25 185 20 39
internal_value=-0.000289775 -0.000912322 -0.00213115 7.17285e-05 -0.000397351 -0.00138889 0.000260736 0.000200535 0.000400356
internal_weight=453 168 48 285 120 46 260 74 224
internal_count=453 168 48 285 120 46 260 74 224
is_linear=0
shrinkage=0.01


Tree=567
num_leaves=11
num_cat=0
split_feature=53 87 5 8 14 4 80 39 14 42
split_gain=1.19919 0.871622 0.564985 1.23752 0.492813 0.714501 0.257309 0.24985 0.142417 0.0429746
threshold=0.60000001650000001 22.624999860000006 0.36656221450000009 0.54920382150000013 0.59575647650000008 0.33170807150000003 14.984285695000002 6.4500000550000012 0.63788850000000008 15.349999815000002
decision_type=2 2 2 2 2 2 2 2 2 2
left_child=-1 2 3 7 -3 -6 -4 -2 -8 -10
right_child=1 4 6 -5 5 -7 8 -9 9 -11
leaf_value=-0.00026687151473678918 -6.024544949650753e-05 0.0004897352937651559 -0.0001089162254624293 -0.00057882989623868222 -3.1418727861650451e-05 -2.0454797481898871e-05 -9.2494960605057649e-06 0.0029958520310681752 0.0010726532488005034 6.3176429501328349e-05
leaf_weight=21 20 24 37 25 21 39 20 46 189 20
leaf_count=21 20 24 37 25 21 39 20 46 189 20
internal_value=-0.000339239 -0.000220688 0 -0.000680828 -0.00113208 -0.00161184 0.000228636 1.49701e-05 0.000359008 0.000440896
internal_weight=462 441 357 91 84 60 266 66 229 209
internal_count=462 441 357 91 84 60 266 66 229 209
is_linear=0
shrinkage=0.01


Tree=568
num_leaves=13
num_cat=0
split_feature=16 26 14 79 0 91 74 3 84 0 40 0
split_gain=1.58335 1.04519 0.923817 0.867812 0.698407 0.312349 0.289998 0.132573 0.126128 0.199105 0.0894932 0.0432623
threshold=0.62757321450000003 3.9785714490000004 0.6784618575000001 3.7957142740000003 0.094894187500000018 91.026997120000019 8.3728572300000028 0.24092107150000003 12.823571410000001 0.13214512500000003 1.9500000065000003 0.078784125000000024
decision_type=2 2 2 2 2 2 2 2 2 2 2 2
left_child=1 5 4 -2 7 10 8 -3 11 -10 -1 -5
right_child=3 2 -4 6 -6 -7 -8 -9 9 -11 -12 -13
leaf_value=0.00036250623410935426 -0.00039731297887960268 -8.2426138311238086e-06 -0.00021224744162501674 0.0016745571967797476 0.00040303380313693729 -4.7380941874288527e-05 -0.00011483529710617603 -0.00030688462567861119 0.0016058602815341542 -4.3437054340745185e-05 -1.7244756613094479e-05 0.0022543438547780498
leaf_weight=37 27 21 20 20 32 21 20 20 27 20 21 198
leaf_count=37 27 21 20 20 32 21 20 20 27 20 21 198
internal_value=-0.000342409 -0.00111111 -0.00182836 7.67264e-05 -0.00123984 -0.00023183 0.000246676 -0.0020933 0.000340482 -9.41422e-05 0.000119048 0.000443327
internal_weight=484 172 93 312 73 79 285 41 265 47 58 218
internal_count=484 172 93 312 73 79 285 41 265 47 58 218
is_linear=0
shrinkage=0.01


Tree=569
num_leaves=11
num_cat=1
split_feature=15 60 39 50 94 7 39 14 62 61
split_gain=1.77632 0.74302 0.894786 0.7151 0.445891 0.722344 0.425863 0.390064 0.126454 0.136644
threshold=0.61547571450000016 8.2099995610000018 6.7500000300000016 10.750000000000002 0 0.49037214300000004 5.6500000320000003 0.71544738100000005 34.825000765000006 2.4549999235000004
decision_type=2 2 2 2 1 2 2 2 2 2
left_child=1 2 -1 -4 5 -2 7 -7 -6 -10
right_child=4 -3 3 -5 8 6 -8 -9 9 -11
leaf_value=-0.00031807833747862335 -0.00053090762886627639 0.0002994607184197082 0.0018013812758141392 -7.1077495863502505e-05 -0.00012466962019181771 1.3245827006023776e-05 0.0010879810513006816 -0.00012347523418301023 0.0017976635538719083 -3.1693153965046492e-05
leaf_weight=39 22 25 22 22 20 23 59 20 186 23
leaf_count=39 22 25 22 22 20 23 59 20 186 23
internal_value=-0.000297748 -0.00141544 -0.00186754 -0.000803571 4.09836e-05 -0.00041543 -6.80934e-05 -0.000833333 0.000302335 0.000393232
internal_weight=461 108 83 44 353 124 102 43 229 209
internal_count=461 108 83 44 353 124 102 43 229 209
cat_boundaries=0 1
cat_threshold=35718211
is_linear=0
shrinkage=0.01


Tree=570
num_leaves=10
num_cat=0
split_feature=48 18 6 25 13 16 1 16 9
split_gain=1.59022 2.9409 1.20731 0.832424 0.944596 0.781759 0.321414 0.0434122 0.031695
threshold=17.999999820000003 13.56 0.40456201450000001 2.2000000095000005 0.71555840000000004 0.51101728550000003 0.15159507150000004 0.54785035750000011 0.58754485000000012
decision_type=2 2 2 2 2 2 2 2 2
left_child=3 -2 -3 4 -1 -4 -5 -8 -7
right_child=1 2 5 6 -6 8 7 -9 -10
leaf_value=0.00076330654113718254 -0.0013296737008583234 -2.5798651639570292e-05 -2.6890795138186673e-05 -5.8211342675235002e-06 -0.00031245852919696771 -2.0979217805627982e-05 0.00024059264896473403 0.0019194024038439381 0.00059487533811887385
leaf_weight=36 20 25 20 21 33 20 20 203 59
leaf_count=36 20 25 20 21 33 20 20 203 59
internal_value=-0.000348405 -0.00121547 -0.000608974 4.62078e-05 -0.000909742 -8.51703e-05 0.000326797 0.000444593 0.000344612
internal_weight=457 144 124 313 69 99 244 223 79
internal_count=457 144 124 313 69 99 244 223 79
is_linear=0
shrinkage=0.01


Tree=571
num_leaves=12
num_cat=0
split_feature=68 74 3 79 17 92 74 17 7 0 3
split_gain=1.1592 1.62416 1.12613 0.644053 0.63934 0.367302 0.433365 0.304294 0.291291 0.0420292 0.0235968
threshold=63.409999850000005 7.4492857455000001 0.28764742850000008 3.7049999420000006 0.55967792850000009 18.426978845000004 8.3828570840000012 0.62471471450000016 0.55696314300000005 0.083115948000000009 0.35729614250000002
decision_type=2 2 2 2 2 8 2 2 2 2 2
left_child=3 2 4 -1 -2 -5 7 8 -7 -9 -4
right_child=1 -3 10 5 -6 6 -8 9 -10 -11 -12
leaf_value=-0.0005718453130225318 -1.3431963541740567e-05 -0.0001446266398315389 0.0023198082806928149 -0.00054484671039934773 -3.0578584218989271e-05 -0.00014363556869874446 -0.00025869510974636052 0.0016216035767313119 0.0015759323378827504 0.0033487427394028354 0.00030552231063153538
leaf_weight=20 21 23 34 21 25 55 21 20 33 164 20
leaf_count=20 21 23 34 21 25 55 21 20 33 164 20
internal_value=-0.00043578 -0.00126414 -0.000674603 -0.000122461 -0.00181624 -3.17661e-06 8.33901e-05 0.000197947 -0.00027027 0.0004329 0.000273723
internal_weight=457 123 100 334 46 314 293 272 88 184 54
internal_count=457 123 100 334 46 314 293 272 88 184 54
is_linear=0
shrinkage=0.01


Tree=572
num_leaves=12
num_cat=0
split_feature=75 25 91 75 5 13 25 16 76 18 2
split_gain=1.38641 1.1417 0.541247 1.34961 0.884421 1.25594 0.41 0.225775 0.352686 0.0404945 0.031233
threshold=6.4107141665000009 2.2999999945000007 78.397125575000004 7.7178571725000014 0.46218607150000007 0.69460232500000008 2.4999999915000006 0.68780607150000017 5.3957143615000005 20.865000000000006 0.25531257150000003
decision_type=2 2 2 2 2 2 2 2 2 2 2
left_child=7 2 -2 4 5 -4 10 8 -1 -9 -3
right_child=1 6 3 -5 -6 -7 -8 9 -10 -11 -12
leaf_value=-0.00062892210784479502 -1.8000981414149093e-05 0.0010403742460085037 -1.389660367313833e-05 -2.1550335201935408e-05 0.0018788684105874212 -0.00024558526104007209 -5.8970928111156714e-05 0.00089038392425054699 0.0077776949476694559 0.0064249492789938047 0.0010063004391056589
leaf_weight=20 38 20 47 28 35 23 22 20 23 134 57
leaf_count=20 38 20 47 28 35 23 22 20 23 134 57
internal_value=-0.000394399 -0.000860414 -0.00135332 -0.00165546 -0.00109168 -0.00173729 0 0.000235086 -0.000376712 0.000419897 0.000340617
internal_weight=467 270 171 133 105 70 99 197 43 154 77
internal_count=467 270 171 133 105 70 99 197 43 154 77
is_linear=0
shrinkage=0.01


Tree=573
num_leaves=12
num_cat=0
split_feature=91 43 4 14 14 15 76 14 7 2 16
split_gain=0.961915 1.22627 0.629702 0.742022 0.364959 0.615553 0.361314 0.280296 0.594987 0.128621 0.195577
threshold=109.82819450000001 5.7999999375000009 0.34695564300000009 0.6766461250000001 0.64276785700000005 0.54581542850000009 5.2371428715000006 0.70757221400000014 0.59336904800000012 0.32078395250000008 0.71983528600000013
decision_type=2 2 2 2 2 2 2 2 2 2 2
left_child=1 2 3 4 5 -1 -2 -4 -9 -8 -11
right_child=6 -3 7 -5 -6 -7 9 8 -10 10 -12
leaf_value=0.00058855604380628559 -4.8825623875127192e-05 -7.9687504316911905e-05 0.00076107385482425904 -0.00012057108072690598 0.00014442021644781567 -9.4834455816433542e-05 0.0038708772379028285 -0.00065496298207297842 0.0051881642675780061 -0.00037486592862847603 0.00293593272204288
leaf_weight=29 26 35 64 25 25 38 122 20 25 20 26
leaf_count=29 26 35 64 25 25 38 122 20 25 20 26
internal_value=-0.000396007 -0.00079259 -0.000507055 -0.00101443 -0.000560345 -0.000951327 0.000128337 2.27687e-05 -0.000556769 0.000308057 -0.000106838
internal_weight=455 261 226 117 92 67 194 109 45 168 46
internal_count=455 261 226 117 92 67 194 109 45 168 46
is_linear=0
shrinkage=0.01


Tree=574
num_leaves=11
num_cat=0
split_feature=16 4 11 92 1 16 4 6 3 3
split_gain=1.62893 0.784183 1.59335 0.638388 0.493253 0.572931 0.70976 0.14481 0.0969204 0.0307473
threshold=0.69284235700000008 0.36795921400000003 0.67470092850000019 20.812305095000003 0.25887092900000003 0.60406620400000011 0.25709385750000008 0.40456201450000001 0.27244857150000007 0.34565277100000008
decision_type=2 2 2 10 2 2 2 2 2 2
left_child=1 2 4 -3 5 6 -1 -2 -7 -5
right_child=7 3 -4 9 -6 8 -8 -9 -10 -11
leaf_value=0.00025004588583473777 -0.00053614544663415644 -5.2998822827504892e-05 -0.00011031156420491316 0.00044596939351818668 -0.0006921682277410753 -0.00014768190519200692 -8.6500106215534403e-05 0.0026953962077705569 0.00094311558091828452 0.0013331484335253557
leaf_weight=26 21 39 26 20 20 20 43 152 38 55
leaf_count=26 21 39 26 20 20 20 43 152 38 55
internal_value=-0.000386285 -0.000849548 -0.00127445 -0.000182927 -0.000842355 -0.000582942 -0.00119628 0.000371116 0.000119048 0.000336412
internal_weight=460 287 173 114 147 127 69 173 58 75
internal_count=460 287 173 114 147 127 69 173 58 75
is_linear=0
shrinkage=0.01


Tree=575
num_leaves=11
num_cat=0
split_feature=91 43 6 13 63 41 4 74 76 75
split_gain=1.13343 1.33626 0.692385 0.756355 0.501538 0.743473 0.414153 0.220341 0.179648 0.141112
threshold=109.82819450000001 5.7999999375000009 0.51979032150000004 0.69540750000000007 31.599999905000004 15.199999780000001 0.36795921400000003 8.4521427495000019 5.2371428715000006 6.4800000360000007
decision_type=2 2 2 2 2 2 2 2 2 2
left_child=1 2 3 4 5 -1 -5 8 -2 -10
right_child=7 -3 -4 6 -6 -7 -8 -9 9 -11
leaf_value=-5.0541621897887994e-05 -4.3949403572582473e-05 -6.0416886222649687e-05 0.0019219788653900428 -0.00016060827529478848 0.0027759589199404079 -4.6141118782479516e-05 -0.00011862842619711315 -0.00039645546105015897 0.0053992056356165974 -0.00015800613717859623
leaf_weight=85 28 32 46 21 37 22 20 20 132 21
leaf_count=85 28 32 46 21 37 22 20 20 132 21
internal_value=-0.000464716 -0.000896512 -0.000614754 -0.000890743 -0.000524862 -0.000876623 -0.0020933 9.16749e-05 0.000211771 0.000354356
internal_weight=464 263 231 185 144 107 41 201 181 153
internal_count=464 263 231 185 144 107 41 201 181 153
is_linear=0
shrinkage=0.01


Tree=576
num_leaves=11
num_cat=0
split_feature=17 43 5 4 63 39 5 5 77 23
split_gain=0.805979 1.41959 0.84841 0.837454 0.819892 0.655149 0.249812 0.973509 0.10043 0.0374307
threshold=0.68374750000000006 5.7999999115000014 0.42315952350000002 0.36064200000000007 29.965000630000002 6.9999997465000012 0.33204728550000007 0.36774604750000001 8.7221427645000009 1.6999999925000002
decision_type=2 2 2 2 2 2 2 2 2 2
left_child=1 2 4 -3 6 -6 -1 -8 -2 -4
right_child=8 3 9 -5 5 -7 7 -9 -10 -11
leaf_value=0.00094889239995898239 0.0042645125156223138 -7.1248029746244252e-05 0.0015511765634631234 -0.0001179401711372181 -8.5779081916748931e-05 2.2481836504214608e-05 -0.0001500866529868076 0.00058815562397616125 0.00050774577305328738 0.0017974629615920268
leaf_weight=38 112 21 20 39 30 22 20 32 28 96
leaf_count=38 112 21 20 39 30 22 20 32 28 96
internal_value=-0.000281168 -0.000561481 -0.000227975 -0.00194079 -0.0007493 -0.00174242 -0.000143172 -0.000606061 0.000340909 0.000393836
internal_weight=458 318 258 60 142 52 90 52 140 116
internal_count=458 318 258 60 142 52 90 52 140 116
is_linear=0
shrinkage=0.01


Tree=577
num_leaves=12
num_cat=0
split_feature=17 48 82 18 6 8 12 17 22 61 18
split_gain=1.44121 1.19348 1.37042 0.852543 0.606632 0.829838 0.49978 0.42327 0.40407 0.33017 0.100677
threshold=0.68431400000000009 17.899999905000005 14.272142890000003 39.240000000000002 0.4522603575000001 0.5821400000000001 0.72410804750000013 0.55502561900000014 1.9571428215000002 1.7299995420000001 22.270000000000007
decision_type=2 2 2 2 2 2 2 2 2 2 2
left_child=1 4 -3 -4 5 7 -6 -1 -5 -9 -2
right_child=10 2 3 8 6 -7 -8 9 -10 -11 -12
leaf_value=-8.7222358946817635e-05 0.00069721185482344683 -0.0012136262856286917 -0.00027594197881351633 0.00078403616050984446 0.0017691929106986054 -0.00031361218356918666 -0.00032577210027780271 0.0036710496108398332 -1.9262887400118838e-05 -0.0013371317446546529 0.0064839315439410459
leaf_weight=21 28 21 34 31 85 20 32 41 20 25 113
leaf_count=21 28 21 34 31 85 20 32 41 20 25 113
internal_value=-0.000492794 -0.000855502 -0.00173221 -0.00111305 -0.000427046 -0.000969388 5.51783e-05 -0.000506834 -0.000241313 -7.48503e-05 0.000342031
internal_weight=471 330 106 85 224 107 117 87 51 66 141
internal_count=471 330 106 85 224 107 117 87 51 66 141
is_linear=0
shrinkage=0.01


Tree=578
num_leaves=13
num_cat=0
split_feature=45 21 76 91 76 91 91 51 68 14 0 6
split_gain=0.900112 0.878872 0.611809 1.18368 0.599465 0.898895 1.25359 0.255037 0.13409 0.0986264 0.04079 0.0296969
threshold=0.40000000950000009 1.9142856855000001 5.9278571860000016 95.400250690000021 5.6264285360000006 111.25171990000001 78.719873865000011 4.0999999940000009 65.66000080000002 0.64276785700000005 0.27026441650000005 0.50988871400000013
decision_type=2 2 2 2 2 2 2 2 2 2 2 2
left_child=1 2 4 -4 5 6 -1 10 9 -6 -2 -3
right_child=7 11 3 -5 8 -7 -8 -9 -10 -11 -12 -13
leaf_value=5.0257524575213837e-05 0.0038421576000665487 0.00045516052696796392 -0.00079617295232800687 -7.3974362827326445e-05 -9.0273655382405018e-06 0.0070347226391256762 -9.1555851369823016e-05 -3.6182146820062896e-05 0.0016089114426713585 0.00013963379543682105 9.6066596979384124e-05 0.0061826903350732853
leaf_weight=25 139 51 32 33 20 22 27 24 39 24 20 20
leaf_count=25 139 51 32 33 20 22 27 24 39 24 20 20
internal_value=-0.000272651 -0.000617767 -0.000929084 -0.00175532 -0.000567174 -0.00121658 -0.00193182 0.000269314 0 -0.000357143 0.000422403 0.000327298
internal_weight=476 293 222 65 157 74 52 183 83 44 159 71
internal_count=476 293 222 65 157 74 52 183 83 44 159 71
is_linear=0
shrinkage=0.01


Tree=579
num_leaves=12
num_cat=0
split_feature=28 47 26 12 74 5 62 16 11 0 0
split_gain=1.51319 0.641792 1.40638 0.373048 0.369893 0.300557 0.42344 0.231838 0.382188 0.18539 0.0210574
threshold=4.4928571240000013 14.000000320000002 4.0571428540000012 0.66957464300000014 8.3828570840000012 0.45031735700000003 39.055000780000007 0.68780607150000017 0.64434916650000018 0.24297752100000003 0.13618970800000002
decision_type=2 2 2 2 2 2 2 2 2 2 2
left_child=1 4 5 -2 7 6 9 8 10 -3 -1
right_child=3 2 -4 -5 -6 -7 -8 -9 -10 -11 -12
leaf_value=0.00029662893668590029 -4.5876933043064441e-05 0.0016672154973546799 -0.00034190304236672326 -6.2519373796365214e-05 -0.00024031493113657606 0.00087533081509962463 -0.00039991903265181787 0.0048181432035803388 -7.7248556239021629e-05 -3.2299066437308634e-05 0.0010290150121345617
leaf_weight=29 25 49 37 25 25 47 28 155 20 20 20
leaf_count=29 25 49 37 25 25 47 28 155 20 20 20
internal_value=-0.000391015 -0.000192665 -0.000646315 -0.00202756 0.000130104 -0.000179558 -0.000506135 0.000266904 -0.00019341 -5.01433e-05 0.000251004
internal_weight=480 430 181 50 249 144 97 224 69 69 49
internal_count=480 430 181 50 249 144 97 224 69 69 49
is_linear=0
shrinkage=0.01


Tree=580
num_leaves=11
num_cat=0
split_feature=6 17 48 11 25 33 87 8 17 63
split_gain=1.01911 1.05156 1.33801 1.14049 0.83789 0.32428 0.421307 0.173597 0.319171 0.0956034
threshold=0.4736581425000001 0.68431400000000009 19.599999875000005 0.68034628550000009 2.1928571420000007 5.9714285645000009 21.336428505000004 0.63008898200000008 0.60800007150000013 28.094998835000002
decision_type=2 2 2 2 2 2 2 2 2 2
left_child=1 2 3 5 -4 6 -1 8 -2 -3
right_child=7 9 4 -5 -6 -7 -8 -9 -10 -11
leaf_value=-7.1325974330234114e-05 -0.00013183256218502395 0.005203662380934857 -0.00047707511032851969 -0.0002472859984638077 -0.0006122192708627708 -7.4703943907362665e-05 0.00037325798968335203 0.0020071467317633253 0.0024899046722063395 0.00021071088837531894
leaf_weight=22 24 59 24 20 24 28 82 122 33 24
leaf_count=22 24 59 24 20 24 28 82 122 33 24
internal_value=-0.000317632 -0.000692389 -0.00108566 -0.000602094 -0.00254098 -0.000240964 1.27257e-11 0.000264182 -0.00016436 0.000232697
internal_weight=462 283 200 152 48 132 104 179 57 83
internal_count=462 283 200 152 48 132 104 179 57 83
is_linear=0
shrinkage=0.01


Tree=581
num_leaves=11
num_cat=1
split_feature=94 8 17 14 54 14 70 17 14 2
split_gain=1.39763 1.17507 1.0265 1.31522 0.940772 0.486404 0.205729 0.373995 0.157379 0.0264977
threshold=0 0.63736228550000007 0.68627167850000015 0.6933450240000002 5.6500000020000014 0.61994557150000007 43.944997790000009 0.68374750000000006 0.60192561900000008 0.30753778550000005
decision_type=1 2 2 2 2 2 2 2 2 2
left_child=1 2 3 4 5 -1 7 -2 -8 -3
right_child=6 9 -4 -5 -6 -7 8 -9 -10 -11
leaf_value=0.00044618824001418542 -0.00032595294773282843 0.00098955664853314965 0.0005453340350764029 -0.001914600588794125 -0.00052412396284604317 -0.00041328029802956156 -9.9120840217640946e-05 0.0047457587062101139 0.0015974766952944243 0.0013832098942828375
leaf_weight=35 20 20 35 21 21 47 20 26 191 41
leaf_count=35 20 20 35 21 21 47 20 26 191 41
internal_value=-0.000250105 -0.000814558 -0.00130476 -0.00173077 -0.00121869 -0.000688406 0.00024832 -0.000320513 0.00039424 0.000299353
internal_weight=477 220 159 124 103 82 257 46 211 61
internal_count=477 220 159 124 103 82 257 46 211 61
cat_boundaries=0 1
cat_threshold=38866599
is_linear=0
shrinkage=0.01


Tree=582
num_leaves=12
num_cat=1
split_feature=15 94 18 26 91 77 48 4 46 15 14
split_gain=0.975877 0.787593 1.0002 0.86275 0.644116 0.421462 0.260601 0.230254 0.171683 0.162266 0.325011
threshold=0.57979161900000009 0 55.565000000000005 3.9714285820000002 78.397125575000004 9.1042857515000026 24.049999575000005 0.40527171450000005 4.3499999945000001 0.7158924765000001 0.6953796430000001
decision_type=2 1 2 2 2 2 2 2 2 2 2
left_child=4 2 3 -2 -1 -6 8 -4 -3 10 -10
right_child=1 6 7 -5 5 -7 -8 -9 9 -11 -12
leaf_value=0.00023013790264847471 -4.8450443051209502e-05 0.00076889017883482991 0.0010162522156911854 -0.00010900259142509147 -7.5883489396058745e-05 -4.2562809895348523e-05 -9.9596447794160774e-05 -0.00044473070616880632 1.3820661011875358e-05 0.004074204689804386 -0.00018478671945925396
leaf_weight=22 20 164 38 22 21 25 20 20 42 45 29
leaf_count=22 20 164 38 22 21 25 20 20 42 45 29
internal_value=-0.000264505 -6.98603e-05 -0.000794224 -0.00203271 -0.00136628 -0.00202991 0.000186615 0 0.000277778 0 -0.00031337
internal_weight=468 400 100 42 68 46 300 58 280 116 71
internal_count=468 400 100 42 68 46 300 58 280 116 71
cat_boundaries=0 1
cat_threshold=134218797
is_linear=0
shrinkage=0.01


Tree=583
num_leaves=13
num_cat=1
split_feature=61 5 7 18 60 94 70 23 22 60 64 1
split_gain=0.998347 0.846928 0.893423 0.51266 0.68841 0.455876 0.429588 0.237647 0.210453 0.12847 0.234343 0.0199046
threshold=1.0000000180025095e-35 0.36656221450000009 0.48580900000000005 31.175000000000004 3.7200002670000001 0 51.415000435000003 1.6857142955000002 1.8571428315000003 3.8249998090000004 31.755000115000005 0.19542189800000004
decision_type=2 2 2 2 2 1 2 2 2 2 2 2
left_child=-1 2 3 4 -2 6 8 -8 -3 -7 -11 -5
right_child=1 5 -4 11 -6 9 7 -9 -10 10 -12 -13
leaf_value=-0.00049959124975181956 0.0050624654431872676 -8.8630336226574584e-06 -0.00020380104271281753 0.0016712473423778689 -0.000398313411960962 0.0063276467692579301 -0.00035534246809891242 1.2813038999025632e-05 -0.0010387484686704722 -0.00017701005972499704 0.00089214587299902182 0.0036108660397318167
leaf_weight=23 26 20 24 27 34 137 20 41 23 32 43 20
leaf_count=23 26 20 24 27 34 137 20 41 23 32 43 20
internal_value=-0.00036746 -0.000255694 -0.000929439 -0.000505566 -0.00111842 1.89394e-05 -0.000487805 0 -0.00128995 0.000287253 -6.59629e-06 0.000240586
internal_weight=470 447 131 107 60 316 104 61 43 212 75 47
internal_count=470 447 131 107 60 316 104 61 43 212 75 47
cat_boundaries=0 1
cat_threshold=67079
is_linear=0
shrinkage=0.01


Tree=584
num_leaves=9
num_cat=0
split_feature=48 91 7 11 50 53 76 93
split_gain=1.00286 0.700005 0.774364 1.19317 0.788754 0.327088 0.164526 0.123149
threshold=24.550000110000003 119.07247730000002 0.55945142850000007 0.67142419650000018 15.100000050000002 3.0999999825000004 6.4449998995000009 33.118136480000011
decision_type=2 2 2 2 2 2 2 8
left_child=1 2 3 4 5 -1 -4 -3
right_child=-2 7 6 -5 -6 -7 -8 -9
leaf_value=2.8156148331487985e-05 -0.0005283317122239654 0.0024798779093924261 0.00083504820672968569 -0.00023036283036405151 -6.6880890121888317e-05 -0.00090862847349126776 -1.3901617631154265e-05 -0.0015418012048428931
leaf_weight=74 30 133 72 21 25 51 32 24
leaf_count=74 30 133 72 21 25 51 32 24
internal_value=-0.000296024 -0.000166359 -0.000473169 -0.00088766 -0.000550398 -0.000202703 0.00019084 0.000358048
internal_weight=462 432 275 171 150 125 104 157
internal_count=462 432 275 171 150 125 104 157
is_linear=0
shrinkage=0.01


Tree=585
num_leaves=13
num_cat=0
split_feature=66 47 79 42 66 2 30 80 42 38 3 1
split_gain=1.2982 0.730464 0.770449 0.589021 0.613013 0.406937 0.386759 0.343057 0.216667 0.364288 0.248879 0.04079
threshold=20.505000115000005 23.400000405000004 5.5278571290000009 2.6499999615000003 21.885000230000003 0.26212950000000007 3.0642857040000004 14.975000110000002 9.5999999415000019 1.5500000120000001 0.27357792850000001 0.22289542850000002
decision_type=2 2 2 2 2 2 2 2 2 2 2 2
left_child=7 2 6 -4 -5 -6 -2 -1 9 10 -9 -10
right_child=1 -3 3 4 5 -7 -8 8 11 -11 -12 -13
leaf_value=-0.00011817881355810103 -0.00051438013778007494 0.00028528036816566913 -6.3516301822720559e-06 -0.00028869338645799134 -5.8695711866182293e-05 -2.9917984420945993e-05 0.0019360482800950868 -6.1585832887059493e-05 0.0005060676202339816 -0.00038943460614807496 0.0007358677470891956 0.0015105227098094207
leaf_weight=35 20 26 21 22 22 20 28 22 20 20 62 139
leaf_count=35 20 26 21 22 22 20 28 22 20 20 62 139
internal_value=-0.000326562 -0.00105444 -0.0013565 -0.0019289 -0.00240741 -0.00156542 -0.000286885 5.68943e-05 0.000187642 -0.000152672 0.000117925 0.000422403
internal_weight=457 159 133 85 64 42 48 298 263 104 84 159
internal_count=457 159 133 85 64 42 48 298 263 104 84 159
is_linear=0
shrinkage=0.01


Tree=586
num_leaves=12
num_cat=0
split_feature=17 26 18 73 47 16 92 92 62 52 17
split_gain=1.30835 1.23981 1.38541 1.04064 1.02692 0.868415 0.196538 0.522921 0.12414 0.0996547 0.087495
threshold=0.68431400000000009 4.0642856870000008 44.765000000000008 1.4592857085000002 14.100000005000002 0.5334143575000001 23.193183440000002 22.196465360000001 34.825000765000006 4.6999999955000016 0.64885928600000009
decision_type=2 2 2 2 2 2 10 8 2 2 2
left_child=1 3 4 6 -3 -4 7 9 -8 -1 -7
right_child=-2 2 5 -5 -6 10 8 -9 -10 -11 -12
leaf_value=9.3468498194406119e-05 0.0034879397552409624 -4.8840370440012934e-05 -3.2150475557108736e-05 -0.0028119850981191776 -0.00028899772381234571 0.00055573617156230997 -6.666360540876424e-05 -0.00015555320381299763 0.0018245993312743852 -6.376181019633949e-06 -7.2143231709757274e-05
leaf_weight=40 150 22 20 20 21 32 22 22 94 20 20
leaf_count=40 150 22 20 20 21 32 22 22 94 20 20
internal_value=-0.000282141 -0.000633613 -0.00147237 -0.000178245 -0.00288813 -0.000576923 3.52113e-05 -0.000326087 0.000308219 0.000131579 7.57576e-05
internal_weight=483 333 115 218 43 72 198 82 116 60 52
internal_count=483 333 115 218 43 72 198 82 116 60 52
is_linear=0
shrinkage=0.01


Tree=587
num_leaves=13
num_cat=0
split_feature=93 5 48 12 17 12 70 16 1 1 18 5
split_gain=0.912649 0.764899 1.03503 0.56071 0.428811 0.270096 0.247212 0.655118 0.237647 0.11004 0.0697006 0.0639114
threshold=18.755804620000003 0.43033850000000007 18.199999915000003 0.60471700000000006 0.54069188100000021 0.71999150000000012 44.395000935000006 0.69630909500000004 0.24515347600000001 0.27223564300000008 113.62500000000001 0.47714655350000007
decision_type=10 2 2 2 2 2 2 2 2 2 2 2
left_child=1 2 4 -4 -1 -3 7 -2 -6 -9 -8 -12
right_child=6 5 3 -5 8 -7 10 9 -10 -11 11 -13
leaf_value=-7.5371450116607433e-05 -0.00059152948428241943 0.0021253208679512334 -0.00010847921832070959 -4.9931943138336641e-05 0.0034284579365381428 -0.00089189274776341806 0.00059087941191214924 0.0048593515192487348 -0.0006310003716245619 -0.00028842992844990294 -0.00016314211919210716 0.0066660032026535053
leaf_weight=36 20 56 20 28 41 20 136 49 20 20 20 21
leaf_count=36 20 56 20 28 41 20 136 49 20 20 20 21
internal_value=-0.000234727 -0.000710099 -0.00113512 -0.00233607 -0.000506135 7.8125e-05 0.000153673 -0.000261693 0 0.000179083 0.000374016 0
internal_weight=487 221 145 48 97 76 266 89 61 69 177 41
internal_count=487 221 145 48 97 76 266 89 61 69 177 41
is_linear=0
shrinkage=0.01


Tree=588
num_leaves=13
num_cat=0
split_feature=93 50 7 4 83 77 18 10 77 7 12 71
split_gain=1.8836 1.0449 0.659656 0.932309 0.846419 0.613979 0.737148 0.275184 0.200886 0.164771 0.265516 0.16294
threshold=18.755804620000003 11.050000190000002 0.57943197600000007 0.25462892850000007 9.9299998625000025 8.7221427645000009 47.985000000000007 0.6868006710000002 8.5407144000000006 0.58719269050000011 0.71999150000000012 56.180001255000008
decision_type=10 2 2 2 2 2 2 2 2 2 2 2
left_child=1 5 3 -3 -5 6 -1 -7 -2 10 11 -10
right_child=8 2 -4 4 -6 7 -8 -9 9 -11 -12 -13
leaf_value=-0.00049054567634802782 0.0029536459400998577 -6.8986266706068993e-05 3.6813792069861632e-05 -0.0024109852324490227 -6.1009050834696368e-05 0.00061506063268871062 0.00091233565770050475 -0.00013584599499392912 -1.5642508945243009e-05 0.00090524889516264821 -0.00022249959413141336 0.00069194332930396559
leaf_weight=26 131 20 23 29 20 59 22 20 39 43 21 39
leaf_count=26 131 20 23 29 20 59 22 20 39 43 21 39
internal_value=-0.000349026 -0.00103958 -0.00185345 -0.00234241 -0.00308233 -0.000426448 -0.00131148 9.3985e-05 0.00019905 -4.90196e-05 -0.000285571 0
internal_weight=492 219 92 69 49 127 48 79 273 142 99 78
internal_count=492 219 92 69 49 127 48 79 273 142 99 78
is_linear=0
shrinkage=0.01


Tree=589
num_leaves=11
num_cat=0
split_feature=91 48 18 15 12 8 93 18 2 2
split_gain=1.14423 0.99344 1.66638 0.421612 0.35892 1.08893 0.205742 0.174103 0.15521 0.015083
threshold=109.82819450000001 17.899999905000005 16.420000000000005 0.5913322860000001 0.69622350000000011 0.64697264300000012 16.900728290000004 24.640000000000004 0.35815552400000006 0.30825885700000005
decision_type=2 2 2 2 2 2 10 2 2 2
left_child=1 4 -3 -4 7 -6 -5 -1 -2 -7
right_child=8 2 3 6 5 9 -8 -9 -10 -11
leaf_value=-0.00010867240032917788 0.003456947889793741 -0.00061891983097714983 -4.5141240438190368e-05 0.00025499233187105917 -0.00026143585454464942 0.0033056306019513489 -5.3265747041600799e-05 0.0010516752841526606 -6.5217304159575289e-05 0.0028906461964757343
leaf_weight=31 173 22 26 29 22 20 20 75 20 20
leaf_count=31 173 22 26 29 22 20 20 75 20 20
internal_value=-0.000193984 -0.000622649 -0.00142638 -0.000666227 -0.00014218 -0.000748408 -7.02811e-05 0.000196629 0.000384417 0.000196078
internal_weight=458 265 97 75 168 62 49 106 193 40
internal_count=458 265 97 75 168 62 49 106 193 40
is_linear=0
shrinkage=0.01


Tree=590
num_leaves=9
num_cat=0
split_feature=53 33 53 63 17 62 45 87
split_gain=1.31754 0.703605 0.713055 0.531329 0.65577 0.296738 0.332526 0.121336
threshold=0.60000001650000001 6.0928571225000008 2.5000000485000005 25.020000460000002 0.69515511900000015 34.71999979000001 1.2000000365000003 22.497857095000004
decision_type=2 2 2 2 2 2 2 2
left_child=-1 3 -3 4 -2 -5 7 -7
right_child=1 2 -4 5 -6 6 -8 -9
leaf_value=-0.000523855432552502 -0.0012868433404659943 -5.5982591189988023e-05 0.00029824610599642665 -9.7191239040931456e-05 0.0063022971410227639 0.0010444430331081494 -0.00025962719669105706 -6.3618547649997427e-06
leaf_weight=26 20 27 32 29 25 240 31 50
leaf_count=26 20 27 32 29 25 240 31 50
internal_value=-0.000266223 -0.000134125 -0.00114548 1.38959e-05 -0.00099345 0.000151083 0.00024394 0.000354195
internal_weight=480 454 59 395 45 350 321 290
internal_count=480 454 59 395 45 350 321 290
is_linear=0
shrinkage=0.01


Tree=591
num_leaves=13
num_cat=0
split_feature=42 64 12 92 92 64 16 60 5 22 11 2
split_gain=0.684868 0.558537 0.669963 0.654747 0.465794 0.546267 0.373995 0.293155 0.29647 0.198489 0.0394822 0.0275573
threshold=10.299999930000002 21.655000210000001 0.70934453600000014 22.020477250000003 22.484581360000004 30.549999710000005 0.55489678600000014 4.4999995230000005 0.45031735700000003 1.9285714375000003 0.71797071400000012 0.26987107150000006
decision_type=2 2 2 10 10 2 2 2 2 2 2 2
left_child=1 -1 4 -4 9 -6 -7 10 -9 11 -2 -3
right_child=7 2 3 -5 5 6 -8 8 -10 -11 -12 -13
leaf_value=0.0050903885365568436 0.0022489323636030721 -1.6264989012344957e-06 -0.002257416056426233 -3.680862485566003e-05 -0.00053288726412493677 -6.2049100631746942e-05 1.5701447383536217e-05 -0.00041912258603261031 0.0028627270597060802 -2.0505602145207493e-05 0.0022700392456659279 0.00044090498435336948
leaf_weight=40 119 20 29 27 29 20 26 29 20 33 20 44
leaf_count=40 119 20 29 27 29 20 26 29 20 33 20 44
internal_value=-0.000284588 -0.000610119 -0.000804196 -0.00176056 -0.000474537 -0.00106201 -0.000320513 0.000169492 -0.000471888 0 0.000411302 0.000308642
internal_weight=456 268 228 56 172 75 46 188 49 97 139 64
internal_count=456 268 228 56 172 75 46 188 49 97 139 64
is_linear=0
shrinkage=0.01


Tree=592
num_leaves=12
num_cat=0
split_feature=93 26 18 77 11 23 0 43 20 22 0
split_gain=1.12465 1.05818 1.79619 1.04035 0.443863 0.334546 0.333824 0.228966 0.160294 0.0750083 0.0404331
threshold=22.746033020000002 4.0285715035000011 55.565000000000005 9.0578572070000014 0.58758342900000005 1.6785714075000002 0.10642549300000002 5.5499999675000007 2.2857142605000003 1.9428571035000002 0.08092618750000001
decision_type=10 2 2 2 2 2 2 2 2 2 2
left_child=1 4 3 -3 8 -6 -4 10 -1 -7 -2
right_child=7 2 6 -5 5 9 -8 -9 -10 -11 -12
leaf_value=-6.6368261267748659e-05 0.0012450323353456177 -0.00031722127293429519 -2.6530537790959513e-05 -0.00032828033364416408 -0.00030706294331011739 0.0017331532127767147 0.0034240932262900549 -0.00014727341868711477 -0.0011566385566927505 0.00010317926902120131 0.0029355244248788189
leaf_weight=20 20 20 20 28 36 74 39 26 20 32 133
leaf_count=20 20 20 20 28 36 74 39 26 20 32 133
internal_value=-0.000349829 -0.000736715 -0.00152597 -0.00295082 -0.000257112 0 -0.000309365 0.000264182 -0.00117647 0.000290262 0.000419376
internal_weight=468 289 107 48 182 142 59 179 40 106 153
internal_count=468 289 107 48 182 142 59 179 40 106 153
is_linear=0
shrinkage=0.01


Tree=593
num_leaves=11
num_cat=1
split_feature=94 2 17 77 61 5 10 9 16 43
split_gain=1.36733 0.797001 0.837051 1.0288 0.606367 0.519627 0.821806 0.328281 0.114452 0.138825
threshold=0 0.25340971450000005 0.64526335700000015 8.9900000095000028 0.52500009550000015 0.44977717850000004 0.5899232860000001 0.56721910000000009 0.62757321450000003 3.6499999945000003
decision_type=1 2 2 2 2 2 2 2 2 2
left_child=4 2 3 -2 -1 6 -6 -5 9 -3
right_child=1 8 -4 7 5 -7 -8 -9 -10 -11
leaf_value=0.00020004986807261606 -0.00034241491969264076 0.0017095513821534926 0.0031420684573657677 0.00061863413541640049 -1.7484581546564645e-05 -1.3503567563722631e-05 -0.0013091887256960191 -3.0948442029276235e-05 0.0026088873226879214 -6.1036467706581217e-05
leaf_weight=32 20 30 36 20 24 22 37 20 172 26
leaf_count=32 20 30 36 20 24 22 37 20 172 26
internal_value=-0.000314916 2.98686e-05 -0.00072314 -0.00144737 -0.00119634 -0.00174821 -0.00222492 -0.000441176 0.000358392 0
internal_weight=439 324 96 60 115 83 61 40 228 56
internal_count=439 324 96 60 115 83 61 40 228 56
cat_boundaries=0 1
cat_threshold=570491906
is_linear=0
shrinkage=0.01


Tree=594
num_leaves=12
num_cat=1
split_feature=94 39 27 50 70 17 61 49 61 3 93
split_gain=0.809059 1.16023 0.757483 0.770058 0.390458 0.340309 0.158246 0.177873 0.121756 0.170852 0.0686894
threshold=0 6.7500000300000016 4.0214285510000005 11.849999815000002 43.799999715000006 0.70287450000000018 2.3849997520000001 49.199999815000005 1.5650000575000003 0.3135258575 20.899222515000002
decision_type=1 2 2 2 2 2 2 2 2 2 10
left_child=1 2 3 10 5 -3 7 -2 -6 -10 -1
right_child=6 4 -4 -5 8 -7 -8 -9 9 -11 -12
leaf_value=0.00018121644082156495 0.00086193443315625052 -0.00032296282125574601 -0.00028031593992852076 -0.00024402833022905951 0.0017700265616817515 0.0070103937629620704 -8.4171005096186322e-05 -1.9306812645252005e-05 -0.00011994065515232126 0.0022835886816508031 -0.00013623014840732781
leaf_weight=23 139 20 37 25 70 20 29 36 20 20 20
leaf_count=23 139 20 37 25 70 20 29 36 20 20 20
internal_value=-0.000279469 -0.00064146 -0.00146975 -0.000784884 -8.62069e-05 -0.000931373 0.00018622 0.0003157 0.000207581 -0.000196078 0
internal_weight=459 255 105 68 150 40 204 175 110 40 43
internal_count=459 255 105 68 150 40 204 175 110 40 43
cat_boundaries=0 1
cat_threshold=36244507
is_linear=0
shrinkage=0.01


Tree=595
num_leaves=14
num_cat=0
split_feature=39 91 17 39 47 7 39 12 42 9 62 3 3
split_gain=1.2168 0.865967 1.48996 0.674666 0.712666 0.485897 0.355922 0.225334 0.16617 0.324521 0.0409586 0.0264977 0.0235968
threshold=6.7999999560000015 87.274355950000015 0.48156450000000006 4.1000000500000011 16.200000305000003 0.49037214300000004 10.849999935000001 0.71725157150000018 7.5999999645000011 0.67242430000000009 35.125000000000007 0.39831439500000004 0.26909442850000004
decision_type=2 2 2 2 2 2 2 2 2 2 2 2 2
left_child=1 2 -1 11 5 -5 8 -7 9 12 -10 -3 -2
right_child=6 3 -4 4 -6 7 -8 -9 10 -11 -12 -13 -14
leaf_value=1.0462755712139574e-05 9.3279867104966753e-06 0.0042408540458218997 -0.00015344758400540344 -0.00022046704064687881 -8.078876833793604e-05 0.002664071482742252 -0.00098886918983327808 -6.2467370918590828e-05 0.00032947656775612471 -0.0001020512060644267 0.0025372945975265112 0.00010263969947240649 8.4122655366736312e-06
leaf_weight=22 20 41 33 20 21 36 25 20 20 23 142 20 34
leaf_count=22 20 41 33 20 21 36 25 20 20 23 142 20 34
internal_value=-0.000333822 -0.000895697 -0.00198029 -0.000497481 -0.00101738 -0.000520833 0.000113293 0 0.000239783 -0.000122108 0.000423833 0.000299353 0.000273723
internal_weight=477 213 55 158 97 76 264 56 239 77 162 61 54
internal_count=477 213 55 158 97 76 264 56 239 77 162 61 54
is_linear=0
shrinkage=0.01


Tree=596
num_leaves=10
num_cat=0
split_feature=33 62 36 18 92 61 61 0 17
split_gain=1.05637 0.922424 0.577251 0.504114 0.338712 0.173368 0.349158 0.170852 0.0848267
threshold=5.9714285645000009 34.810000895000009 4.5785714045000008 69.90000000000002 38.335444120000012 1.4050002095 1.2949995995000003 0.099405520500000025 0.68072900000000003
decision_type=2 2 2 2 8 2 2 2 2
left_child=1 -1 7 -4 5 6 8 -2 -3
right_child=2 4 3 -5 -6 -7 -8 -9 -10
leaf_value=-0.00015324831333066752 -7.7476716323093291e-05 0.00012989151048144114 -0.00065236306499711846 -5.8868400818929404e-05 -0.00020100748732392211 0.00087106307089463407 -5.1236755814670441e-05 0.0025922849828620138 0.0047852634086994125
leaf_weight=31 20 75 34 25 26 143 23 20 64
leaf_count=31 20 75 34 25 26 143 23 20 64
internal_value=-0.000276094 -1.92944e-05 -0.00118737 -0.00181438 0.000131103 0.000230543 0 -0.000196078 0.00019671
internal_weight=461 362 99 59 331 305 162 40 139
internal_count=461 362 99 59 331 305 162 40 139
is_linear=0
shrinkage=0.01


Tree=597
num_leaves=13
num_cat=1
split_feature=61 94 70 25 12 73 14 27 33 19 25 52
split_gain=0.856124 0.739533 0.623514 0.631707 0.322981 0.322 0.33845 0.227793 0.0895329 0.181395 0.0774689 0.242909
threshold=1.0000000180025095e-35 0 50.360000610000007 2.1928571420000007 0.6585176195000001 -2.6049999424999997 0.63237428600000012 3.9999999830000004 5.9714285645000009 0.90714285650000015 2.2000000180000003 3.0500000530000002
decision_type=2 1 2 2 2 2 2 2 2 2 2 2
left_child=-1 2 3 -2 -5 6 -3 -4 10 -10 11 -7
right_child=1 5 7 4 -6 8 -8 -9 9 -11 -12 -13
leaf_value=-0.00062146765035743566 -0.00026652821185357047 0.00045402691603187341 -0.00042647724497733733 -0.0010008190806363047 0.00019891914145834025 0.0036952117877588433 -0.00011023373541141381 4.6776098066314268e-06 0.0029437456035508688 -0.00011516079453077145 0.0019490804760627879 -0.00031178432391922739
leaf_weight=21 23 20 20 23 25 50 34 37 26 21 151 21
leaf_count=21 23 20 20 23 25 50 34 37 26 21 151 21
internal_value=-0.000236887 -0.000138336 -0.00074928 -0.00142758 -0.000696721 0.000118334 -0.000565693 0 0.000268718 -9.41422e-05 0.000354578 4.87465e-05
internal_weight=472 451 128 71 48 323 54 57 269 47 222 71
internal_count=472 451 128 71 48 323 54 57 269 47 222 71
cat_boundaries=0 1
cat_threshold=34145410
is_linear=0
shrinkage=0.01


Tree=598
num_leaves=9
num_cat=0
split_feature=29 17 88 10 91 46 6 88
split_gain=0.754905 0.622528 1.40783 0.914901 0.739793 0.14927 0.0972196 0.0840293
threshold=2.3285714475000003 0.68431400000000009 17.074999880000004 0.60527995250000011 86.633641515000008 5.3500000240000007 0.39384911900000003 17.597857135000002
decision_type=2 2 2 2 2 2 2 2
left_child=1 2 3 -1 -4 -3 -2 -6
right_child=6 5 4 -5 7 -7 -8 -9
leaf_value=-0.00010452758280662864 -9.5218811989836103e-06 0.0041032119228464527 -7.9676839892682761e-05 -0.00026242179040535893 0.0032571469507606666 -0.000145569935975153 0.00078162602299130125 -1.0918772616093225e-05
leaf_weight=39 29 58 35 39 67 32 114 28
leaf_count=39 29 58 35 39 67 32 114 28
internal_value=-0.000243323 -0.000532128 -0.000833333 -0.00189086 -0.000175841 0.000143172 0.000344228 0.00026618
internal_weight=441 298 208 78 130 90 143 95
internal_count=441 298 208 78 130 90 143 95
is_linear=0
shrinkage=0.01


Tree=599
num_leaves=13
num_cat=1
split_feature=94 7 13 16 61 23 76 11 54 34 27 18
split_gain=1.37145 0.592019 0.886076 1.49198 0.760947 0.552727 0.456434 0.340309 0.30012 0.186123 0.119211 0.0157974
threshold=0 0.62009130000000001 0.69540750000000007 0.66402850000000013 1.5199999810000002 1.7428571200000003 5.1871428170000007 0.67250023800000014 0.50000001100000013 4.1142857075000014 3.5500000035000006 123.13500000000001
decision_type=1 2 2 2 2 2 2 2 2 2 2 2
left_child=1 2 4 -4 8 -6 -2 -5 -1 10 -8 -12
right_child=6 -3 3 7 5 -7 9 -9 -10 -11 11 -13
leaf_value=-0.0001001910983134175 -2.2239035922776426e-05 0.0018837484700157212 -0.0034147814384591153 -0.00016261718337726329 -0.0012364434152946472 -7.9770244575180682e-05 -0.00022914709010896407 0.002178676330811734 0.0008712181545188762 -5.1371745975899982e-05 0.0013456412372650629 0.0021466270931736718
leaf_weight=38 21 24 22 20 20 23 23 20 44 28 157 33
leaf_count=38 21 24 22 20 20 23 23 20 44 28 157 33
internal_value=-0.000383073 -0.00095807 -0.00119542 -0.00218153 -0.00067965 -0.00174658 0.000106305 -0.000931373 -8.4541e-05 0.000241935 0.000348457 0.00043501
internal_weight=473 211 187 62 125 43 262 40 82 241 213 190
internal_count=473 211 187 62 125 43 262 40 82 241 213 190
cat_boundaries=0 1
cat_threshold=169870479
is_linear=0
shrinkage=0.01


Tree=600
num_leaves=13
num_cat=0
split_feature=17 49 21 3 2 2 1 47 7 92 69 0
split_gain=1.06254 1.17133 1.11246 0.779945 0.987882 0.492981 1.11705 0.234138 0.457611 1.10878 0.0393308 0.0186605
threshold=0.68374750000000006 38.600000450000003 1.8428571305000003 0.29868111950000004 0.24034504750000005 0.20361050000000003 0.13139007100000002 15.750000075000001 0.59456850000000017 28.518319975000004 83.569999695000021 0.090650389000000012
decision_type=2 2 2 2 2 2 2 2 2 10 2 2
left_child=1 3 -3 4 5 6 -1 -5 9 -9 -2 -7
right_child=10 2 -4 7 -6 11 -8 8 -10 -11 -12 -13
leaf_value=0.00085684356302430289 0.0037648002202392062 -0.0024534032985905423 -8.2501092617973117e-06 0.00089820945155695585 -0.0012059961392125549 0.00068378634313625241 -0.0002785514911754222 -0.00016460168994297629 0.0013468380100473613 0.00030448281816343849 0.0017073155352442704 0.00079632037588066914
leaf_weight=21 117 23 21 73 27 20 24 27 45 29 20 25
leaf_count=21 117 23 21 73 27 20 24 27 45 29 20 25
internal_value=-0.000321489 -0.000626861 -0.00214286 -0.000385538 -0.00101443 -0.000473568 -0.00121179 2.86041e-05 -0.000270138 -0.000880282 0.000410015 0.000229258
internal_weight=472 335 44 291 117 90 45 174 101 56 137 45
internal_count=472 335 44 291 117 90 45 174 101 56 137 45
is_linear=0
shrinkage=0.01


Tree=601
num_leaves=9
num_cat=0
split_feature=91 7 17 43 57 28 15 31
split_gain=0.9093 1.06251 0.936096 1.14742 0.888863 0.733578 0.109019 0.102217
threshold=126.98163360000002 0.58610300000000015 0.68784068600000015 5.5499999675000007 6.2149996755000005 4.3285714560000006 0.73444328550000015 5.7857142690000005
decision_type=2 2 2 2 2 2 2 2
left_child=1 2 3 4 5 -1 -4 -6
right_child=-2 -3 6 -5 7 -7 -8 -9
leaf_value=-0.00029001579909528389 0.0054019647703738381 0.0011759217353897878 0.0015720404329179114 -0.00050578315795003651 0.00031006588469212158 -0.00016584673096216112 -0.00017577465663364455 -1.6982643629135578e-05
leaf_weight=101 110 78 48 35 42 26 20 20
leaf_count=101 110 78 48 35 42 26 20 20
internal_value=-0.00030782 -0.000547465 -0.000826503 -0.00113879 -0.000808746 -0.00128717 0.000174419 0.000143312
internal_weight=480 370 292 224 189 127 68 62
internal_count=480 370 292 224 189 127 68 62
is_linear=0
shrinkage=0.01


Tree=602
num_leaves=11
num_cat=0
split_feature=81 91 71 18 20 12 54 75 42 4
split_gain=0.785272 0.957679 0.427844 0.827832 0.277134 0.177687 0.161453 0.0705845 0.193263 0.0335219
threshold=13.320714305000001 83.137014475000015 55.055000305000007 44.765000000000008 2.5928571225000003 0.71531635700000018 0.85000001650000001 6.4800000360000007 3.1500000135000006 0.42032628550000006
decision_type=2 2 2 2 2 2 2 2 2 2
left_child=4 -2 3 -3 7 6 9 -1 -9 -4
right_child=1 2 5 -5 -6 -7 -8 8 -10 -11
leaf_value=0.0030500664473993833 -9.691107548042056e-05 -0.00016848273844756204 0.0034873938103202242 0.001344152492457327 -0.00020939783193159024 -0.00095218775082565909 -3.1065228311921377e-06 1.3305882991050906e-05 -0.00029574879879202973 0.0026204191368261417
leaf_weight=151 27 22 68 26 21 20 28 50 25 20
leaf_count=151 27 22 68 26 21 20 28 50 25 20
internal_value=-0.000128596 -0.000578376 -0.00030303 -0.00110656 0.000248184 0 0.000136986 0.000357143 7.25594e-05 0.00036036
internal_weight=458 211 184 48 247 136 116 226 75 88
internal_count=458 211 184 48 247 136 116 226 75 88
is_linear=0
shrinkage=0.01


Tree=603
num_leaves=10
num_cat=0
split_feature=29 28 5 14 20 42 5 20 16
split_gain=0.703703 0.892073 1.61855 0.31058 0.23725 0.137483 0.154125 0.0662955 0.0397726
threshold=2.3285714475000003 4.2642856750000009 0.45031735700000003 0.59575647650000008 2.5571428200000006 12.700000025000003 0.45319545250000004 2.2357142910000003 0.51101728550000003
decision_type=2 2 2 2 2 2 2 2 2
left_child=1 3 -3 -1 5 6 -5 -4 -2
right_child=8 2 7 4 -6 -7 -8 -9 -10
leaf_value=-0.00028701275156878584 2.7061049952212977e-05 -0.0001143496463776446 0.00054751694882329322 0.00059407358166683024 -0.00021348401172005364 -0.00044285508962250411 -7.6314109143432724e-05 -1.5009233288448881e-06 0.0012437100155745029
leaf_weight=21 20 38 22 133 39 28 34 20 123
leaf_count=21 20 38 22 133 39 28 34 20 123
internal_value=-0.000164996 -0.000418404 -0.00133663 -0.000119234 -4.25893e-06 0.000130235 0.000247318 0 0.000413769
internal_weight=478 335 80 255 234 195 167 42 143
internal_count=478 335 80 255 234 195 167 42 143
is_linear=0
shrinkage=0.01


Tree=604
num_leaves=13
num_cat=1
split_feature=94 5 5 17 21 6 57 3 7 46 2 0
split_gain=0.968984 0.922752 0.738999 0.915298 1.03682 0.55943 0.487058 0.312907 0.37205 0.0731013 0.0615385 0.0173151
threshold=0 0.42004521450000004 0.40594542850000009 0.66254657150000018 1.8285714135000002 0.39186509500000005 5.2750005725000007 0.29333092850000003 0.48580900000000005 6.3000001610000007 0.30964271400000004 0.089006678500000005
decision_type=1 2 2 2 2 2 2 2 2 2 2 2
left_child=1 2 3 4 5 -1 -3 8 11 -9 -11 -2
right_child=7 6 -4 -5 -6 -7 -8 9 -10 10 -12 -13
leaf_value=-0.0012174762583796852 0.0040612978460413023 0.0012027611687985187 -0.00058016462593202039 0.0021682607277494245 -0.00061549825092586821 0.00019567489699959703 -0.00012215106822133307 0.0015259856961143737 -0.0001971977661780089 0.0032132473130020139 -4.7000422919057268e-05 0.003314554438687169
leaf_weight=20 23 62 21 30 22 22 30 143 35 20 20 20
leaf_count=20 23 62 21 30 22 22 30 143 35 20 20 20
internal_value=-0.000264505 -0.00075528 -0.00138601 -0.000959916 -0.0016358 -0.000630841 -2.15517e-05 0.000141648 -0.00036802 0.000378128 0 0.000216895
internal_weight=468 207 115 94 64 42 92 261 78 183 40 43
internal_count=468 207 115 94 64 42 92 261 78 183 40 43
cat_boundaries=0 1
cat_threshold=580914339
is_linear=0
shrinkage=0.01


Tree=605
num_leaves=12
num_cat=0
split_feature=16 14 48 64 0 25 18 92 81 47 63
split_gain=0.86553 0.971969 0.759414 0.870239 0.515029 0.345328 0.184248 0.468455 0.155324 0.132308 0.0362666
threshold=0.70662519050000017 0.73363311900000017 17.899999905000005 29.895000460000002 0.11679660400000001 2.4857142820000004 68.960000000000022 25.856076950000006 13.96642862 9.9999999065000011 31.289999960000006
decision_type=2 2 2 2 2 2 2 8 2 2 2
left_child=1 2 5 -4 -5 6 10 -8 -6 -2 -1
right_child=9 -3 3 4 8 -7 7 -9 -10 -11 -12
leaf_value=0.00025106399970889872 0.0057589190121209175 -0.00038499564177291135 -0.0011007892723487378 -6.2270061878966617e-05 0.00032314587218001137 -0.0010594990389052219 -0.00023797025328472826 0.0026891600565217269 -0.00012321947662206873 -0.00018247657971031924 -3.8517080927541448e-06
leaf_weight=86 122 21 23 32 33 22 26 34 25 22 20
leaf_count=86 122 21 23 32 33 22 26 34 25 22 20
internal_value=-0.000289203 -0.000579306 -0.000422465 -0.00106766 -0.0005837 -2.11864e-05 0.000125899 -0.000296053 0 0.000345304 0.000383895
internal_weight=466 322 301 113 90 188 166 60 58 144 106
internal_count=466 322 301 113 90 188 166 60 58 144 106
is_linear=0
shrinkage=0.01


Tree=606
num_leaves=12
num_cat=0
split_feature=60 5 9 81 22 52 53 33 6 34 16
split_gain=0.636485 0.631423 1.1975 0.737994 0.643396 0.507917 0.3911 0.460224 0.357807 0.268512 0.168992
threshold=3.8249998090000004 0.45513783350000009 0.55353105000000014 13.938571455000002 1.9499999795 4.6999999955000016 0.60000001650000001 4.921428510000001 0.42336860700000006 3.2499999660000003 0.55146235700000013
decision_type=2 2 2 2 2 2 2 2 2 2 2
left_child=6 2 -2 4 5 -4 -1 -8 -6 -9 -3
right_child=1 10 3 -5 8 -7 7 9 -10 -11 -12
leaf_value=-0.00025421786980136152 1.3854362085174748e-05 -6.812689320855119e-06 -0.00068256778397269907 0.0023791691820072257 -3.5957675259460213e-05 -0.00038114568418103615 -0.00025327316629205238 -0.00024604623884328644 9.23724133601575e-06 0.0027988956042740228 0.00038687549198315296
leaf_weight=22 39 27 31 23 20 21 23 26 21 180 47
leaf_count=22 39 27 31 23 20 21 23 26 21 180 47
internal_value=-0.000287022 -0.000667972 -0.00103017 -0.0015411 -0.00193497 -0.00268939 5.3614e-05 0.000184943 -0.000897129 0.000343327 6.68449e-05
internal_weight=480 229 155 116 93 52 251 229 41 206 74
internal_count=480 229 155 116 93 52 251 229 41 206 74
is_linear=0
shrinkage=0.01


Tree=607
num_leaves=10
num_cat=0
split_feature=54 54 33 70 52 17 34 34 6
split_gain=0.540553 0.456171 0.432829 0.310613 0.326396 0.351529 0.290748 0.112308 0.0399119
threshold=6.5999998825000015 5.4999999810000011 4.921428510000001 54.025000575000007 0.50000000750000007 0.65960417850000008 3.1785714290000002 3.7857142690000005 0.38990785700000002
decision_type=2 2 2 2 2 2 2 2 2
left_child=1 2 -1 4 5 -4 -2 -6 -8
right_child=6 -3 3 -5 7 -7 8 -9 -10
leaf_value=-0.0005455024294304013 -2.8519171449859202e-05 -0.00032518095661048299 -0.00058842521574078098 -2.2993695548700079e-05 -8.3372946415582711e-06 0.0011384656163537748 -8.9819485831122336e-05 0.00054903899873864556 0.0022572442696642755
leaf_weight=22 21 39 22 39 40 25 20 113 125
leaf_count=22 21 39 22 39 40 25 20 113 125
internal_value=-0.000203513 -0.000458777 -0.000296027 -0.00016055 0 -0.000721757 0.000245803 0.000224317 0.000414952
internal_weight=466 300 261 239 200 47 166 153 145
internal_count=466 300 261 239 200 47 166 153 145
is_linear=0
shrinkage=0.01


Tree=608
num_leaves=11
num_cat=1
split_feature=77 94 18 4 10 48 12 49 10 3
split_gain=0.835312 0.678487 0.726252 0.432559 0.676947 0.728012 0.302647 0.21987 0.199105 0.0235968
threshold=8.6050000530000013 0 30.940000000000005 0.36795921400000003 0.5899232860000001 11.399999795000001 0.69807888100000015 49.199999815000005 0.63838076200000005 0.27357792850000001
decision_type=2 1 2 2 2 2 2 2 2 2
left_child=7 2 -2 4 9 -6 8 -1 -4 -3
right_child=1 3 6 -5 5 -7 -8 -9 -10 -11
leaf_value=0.0039248416991187855 -0.00051105344971351125 0.00065505169136258093 -0.00011759515927712663 0.0013338303500482591 3.0715910700537233e-05 -0.00011771530935265572 -0.00024134023231605302 -0.00031526408361239429 0.0010570976314245625 0.00032336317518564882
leaf_weight=143 32 34 20 71 25 37 36 30 27 20
leaf_count=143 32 34 20 71 25 37 36 30 27 20
internal_value=-0.00023224 -0.000551519 -0.00111685 -0.000123862 -0.000513699 -0.00122611 -0.000674224 0.000313579 -9.41422e-05 0.000273723
internal_weight=475 302 115 187 116 62 83 173 47 54
internal_count=475 302 115 187 116 62 83 173 47 54
cat_boundaries=0 1
cat_threshold=1558
is_linear=0
shrinkage=0.01


Tree=609
num_leaves=13
num_cat=0
split_feature=17 17 18 40 53 24 53 76 80 7 3 0
split_gain=1.04475 1.01896 0.521282 1.24834 0.365272 0.729069 0.268792 0.132827 0.0454426 0.092457 0.0240534 0.015083
threshold=0.54069188100000021 0.51600007150000005 30.345000000000002 1.9500000065000003 2.3000000790000006 2.2142857310000004 0.60000001650000001 5.2449999945000014 15.801428455000002 0.5706775715000002 0.27357792850000001 0.23388037500000003
decision_type=2 2 2 2 2 2 2 2 2 2 2 2
left_child=1 4 3 -2 -1 -6 -4 11 -9 -10 -5 -8
right_child=2 -3 6 10 5 -7 7 8 9 -11 -12 -13
leaf_value=0.00099866906783069179 -0.00045310700211000348 -0.00030461078689047262 -0.0005923099337801249 0.00069936101582388226 -9.9942977086931193e-05 -1.2335610576603945e-05 0.001283968527256434 0.0038336921204281216 0.0032279765397900933 -0.00024044892520084783 0.0014055622501402607 -0.00030141709059663886
leaf_weight=23 38 21 20 20 23 34 20 164 35 20 35 20
leaf_count=23 38 21 20 20 23 34 20 164 35 20 35 20
internal_value=-0.000256437 -0.00115422 -5.36479e-06 -0.00065565 -0.000594059 -0.00102941 0.000205504 0.000298306 0.000398089 9.85663e-05 0.000277778 -0.000196078
internal_weight=473 101 372 93 80 57 279 259 219 55 55 40
internal_count=473 101 372 93 80 57 279 259 219 55 55 40
is_linear=0
shrinkage=0.01


Tree=610
num_leaves=11
num_cat=0
split_feature=17 88 91 91 12 14 12 7 46 1
split_gain=1.08684 1.09907 0.719989 1.11038 0.713924 0.576322 0.204678 0.0778705 0.0395564 0.0385915
threshold=0.68431400000000009 16.310714245000003 87.55763721000001 75.012119650000002 0.71999150000000012 0.61994557150000007 0.59229864300000012 0.49723800000000001 6.2000000400000017 0.31474792850000005
decision_type=2 2 2 2 2 2 2 2 2 2
left_child=1 -1 3 7 6 -5 -4 -3 -2 -8
right_child=8 2 4 5 -6 -7 9 -9 -10 -11
leaf_value=-0.0004490278872809133 0.0039524406810582651 -0.00011500478705320894 -0.00082498384535510704 -2.6173485303259427e-05 -0.00026047167997578712 -8.2325152136192393e-05 0.00055392119556408866 0.0018053169330860246 0.0020608548705066771 0.00071783067650925598
leaf_weight=34 120 20 27 24 29 35 108 27 20 20
leaf_count=34 120 20 27 24 29 35 108 27 20 20
internal_value=-0.000314114 -0.000634236 -0.000422971 -0.00107678 -3.24675e-05 -0.00198161 0.000227856 3.13808e-05 0.000411932 0.000403727
internal_weight=464 324 290 106 184 59 155 47 140 128
internal_count=464 324 290 106 184 59 155 47 140 128
is_linear=0
shrinkage=0.01


Tree=611
num_leaves=11
num_cat=0
split_feature=78 62 5 53 8 21 79 56 93 7
split_gain=0.88417 0.616291 0.663833 1.32637 0.748415 0.611694 0.48612 0.387836 0.283331 0.126562
threshold=6.6328572025000012 37.194999220000007 0.45513783350000009 2.4000000170000004 0.60264192850000009 1.7785714270000004 3.7957142740000003 1.9299998280000004 20.899222515000002 0.52969569050000009
decision_type=2 2 2 2 2 2 2 2 8 2
left_child=6 9 3 -3 5 -5 -1 -8 -4 -2
right_child=1 2 8 4 -6 -7 7 -9 -10 -11
leaf_value=-0.00016153990409517916 -2.480245872796559e-05 -0.00028834014524998873 -2.0514319752429162e-05 0.00042135405230588231 -0.00025127117048588524 -0.00054159470237521718 0.0045315105149949944 -0.00030152812080900415 0.0010452376112091569 0.00023696988030102008
leaf_weight=30 30 23 26 41 37 30 159 31 33 37
leaf_count=30 30 23 26 41 37 30 159 31 33 37
internal_value=-0.00037568 -0.000773856 -0.00106394 -0.00146055 -0.000955882 -0.00031337 8.15218e-05 0.000277778 -0.00014214 2.21239e-05
internal_weight=477 257 190 131 108 71 220 190 59 67
internal_count=477 257 190 131 108 71 220 190 59 67
is_linear=0
shrinkage=0.01


Tree=612
num_leaves=11
num_cat=1
split_feature=94 92 42 2 62 26 23 46 42 28
split_gain=1.33702 1.05401 0.816694 0.681997 0.639644 0.543492 0.158212 0.143 0.0680466 0.0413292
threshold=0 18.755804620000003 3.0499999900000003 0.34856400000000004 34.825000765000006 4.085714255000001 1.6142857115000002 5.7000001370000009 12.550000005000001 3.2928571530000004
decision_type=1 10 2 2 2 2 2 2 2 2
left_child=1 -1 -2 4 -3 7 -4 -6 9 -8
right_child=2 3 6 -5 5 -7 8 -9 -10 -11
leaf_value=-0.00077928706805926388 -3.2223337518407455e-05 -0.00067978606692479973 -0.00033171654310412929 -0.0002389865618028405 0.00019756700594207428 -0.00023229210037237547 0.0030409605904749633 -7.7197627114983257e-06 0.0001821930161166102 0.0023230042830808544
leaf_weight=38 20 23 31 24 68 32 20 35 36 149
leaf_count=38 20 23 31 24 68 32 20 35 36 149
internal_value=-0.000440436 -0.000987868 5.997e-05 -0.000694748 -0.000434509 -0.000150957 0.000236486 0.000187861 0.000342566 0.000426973
internal_weight=476 220 256 182 158 135 236 103 205 169
internal_count=476 220 256 182 158 135 236 103 205 169
cat_boundaries=0 1
cat_threshold=170460807
is_linear=0
shrinkage=0.01


Tree=613
num_leaves=11
num_cat=0
split_feature=17 70 39 57 14 6 93 17 86 17
split_gain=1.07368 1.74325 1.27853 1.56253 1.22729 1.06112 0.195514 0.195511 0.144318 0.0373232
threshold=0.68431400000000009 44.174999715000006 6.7000001370000009 4.8300004005000003 0.61994557150000007 0.45645992850000006 24.358773140000004 0.60072909550000009 16.131428375000002 0.52034192850000005
decision_type=2 2 2 2 2 2 8 2 2 2
left_child=1 -1 3 7 -5 -6 -4 -3 -2 -8
right_child=8 2 6 4 5 -7 9 -9 -10 -11
leaf_value=-0.00052093582007712344 -0.00028237986205311891 -0.0001191215879626365 -0.001860084435426519 0.00031794574712215541 -0.00044924949556854744 -8.1493188555417062e-05 1.5255907373901132e-05 0.00089943634257627332 0.0035299878354115312 0.0021231087130074268
leaf_weight=26 20 36 27 24 30 45 20 43 115 95
leaf_count=26 20 36 27 24 30 45 20 43 115 95
internal_value=-0.000409921 -0.000706459 -0.000492519 -0.00105705 -0.00188878 -0.00251319 0.000203081 0 0.000335052 0.000392919
internal_weight=481 346 320 178 99 75 142 79 135 115
internal_count=481 346 320 178 99 75 142 79 135 115
is_linear=0
shrinkage=0.01


Tree=614
num_leaves=12
num_cat=0
split_feature=91 25 12 53 17 53 5 70 17 18 1
split_gain=1.02986 0.718717 0.787412 0.728817 0.574264 0.671628 0.562383 0.327059 0.379213 0.131105 0.015083
threshold=109.82819450000001 2.2000000095000005 0.68095057100000012 0.99999998900000009 0.55852528550000013 2.7500000225000005 0.45031735700000003 43.869997980000008 0.69084445250000004 26.080000000000002 0.25515121400000002
decision_type=2 2 2 2 2 2 2 2 2 2 2
left_child=1 2 -1 -3 5 6 -5 8 -2 -6 -10
right_child=7 3 -4 4 9 -7 -8 -9 10 -11 -12
leaf_value=-0.00031595379868233576 -0.00024417035077708158 -0.00022637522111653398 -0.00070142684148545022 -0.00014227009234276986 -0.000350855655191284 5.1086726614926693e-05 -1.4218128196808639e-05 0.0048699509050479243 0.0057155776706921861 0.0011034776260533839 0.002748678193540033
leaf_weight=26 26 20 23 29 37 26 37 126 20 66 20
leaf_count=26 26 20 23 29 37 26 37 126 20 66 20
internal_value=-0.000372154 -0.000777946 -0.00187751 -0.000512048 -0.000308989 -0.000883621 -0.00142216 0.000176349 -0.000374251 0.000187861 0.000196078
internal_weight=456 264 49 215 195 92 66 192 66 103 40
internal_count=456 264 49 215 195 92 66 192 66 103 40
is_linear=0
shrinkage=0.01


Tree=615
num_leaves=14
num_cat=0
split_feature=48 48 76 93 16 33 14 16 7 50 3 26 0
split_gain=0.765063 0.788864 0.703506 0.382712 0.349897 0.762848 0.312055 0.84262 1.74748 0.25653 0.246964 0.186392 0.031233
threshold=17.899999905000005 20.549999895000003 5.7578570800000008 26.012883985000006 0.6921907140000001 6.0142857690000016 0.68274928600000007 0.69250814300000008 0.59456850000000017 11.050000190000002 0.29700407100000009 4.085714255000001 0.24444683350000004
decision_type=2 2 2 10 2 2 2 2 2 2 2 2 2
left_child=3 2 10 6 5 -3 11 8 -8 -9 -2 12 -1
right_child=1 4 -4 -5 -6 -7 7 9 -10 -11 -12 -13 -14
leaf_value=0.00088527887681653841 -0.00011544588627062957 -0.00041724998213059583 -6.3939100919479978e-06 0.0033641385434165423 0.0022745108334849486 0.00027294154547022835 -0.00099064487585697023 0.0015763164578981904 0.002749280103914213 -0.00033802145112811824 -0.0005271576050571836 -0.00015836757701769913 0.00013119372630161107
leaf_weight=57 20 20 24 86 36 31 28 49 22 20 26 24 20
leaf_count=57 20 20 24 86 36 31 28 49 22 20 26 24 20
internal_value=-0.000380552 -0.000947402 -0.00173729 -8.14863e-05 -0.000279043 -0.000820463 -0.000307971 -0.000655259 -0.00163386 3.58166e-05 -0.00245726 8.34971e-05 0.000340617
internal_weight=463 157 70 306 87 51 220 119 50 69 46 101 77
internal_count=463 157 70 306 87 51 220 119 50 69 46 101 77
is_linear=0
shrinkage=0.01


Tree=616
num_leaves=10
num_cat=0
split_feature=29 48 69 70 76 0 39 75 5
split_gain=0.710901 1.0134 0.311084 0.441133 0.859508 0.338476 0.218545 0.122488 0.0376402
threshold=2.3500000240000003 24.249999975000005 88.014999390000014 50.575000290000006 6.0664286485000014 0.25661739600000005 2.3499999790000001 8.0057143170000025 0.34628221400000009
decision_type=2 2 2 2 2 2 2 2 2
left_child=1 2 3 4 5 -1 -2 -5 -8
right_child=6 -3 -4 7 -6 -7 8 -9 -10
leaf_value=-1.0675383943251778e-05 -5.4203456778700309e-05 -0.00070401115005926747 -0.0003388764370289162 0.0022317407779989724 -0.00026382608073234213 -0.0003352809364189905 -0.00010598402914584101 -6.0463028708828873e-05 0.0012605123255242871
leaf_weight=114 25 20 36 64 28 43 20 20 98
leaf_count=114 25 20 36 64 28 43 20 20 98
internal_value=-0.00037116 -0.000630755 -0.000475801 -0.000346553 -0.000621636 -0.000313688 0.000205146 0.000235849 0.000395623
internal_weight=468 325 305 269 185 157 143 84 118
internal_count=468 325 305 269 185 157 143 84 118
is_linear=0
shrinkage=0.01


Tree=617
num_leaves=12
num_cat=1
split_feature=94 18 13 57 64 9 23 9 28 11 1
split_gain=1.23848 1.91344 0.853638 0.649101 0.652711 0.698235 0.674407 0.515156 0.340871 0.220242 0.0347098
threshold=0 55.565000000000005 0.62203382500000004 2.7749996185000003 31.755000115000005 0.56239800000000006 1.6785714075000002 0.60323425000000019 4.4357142450000007 0.64698435750000016 0.3195544285000001
decision_type=1 2 2 2 2 2 2 2 2 2 2
left_child=1 2 -1 -2 5 -5 -7 -8 10 -3 -6
right_child=3 9 -4 4 8 6 7 -9 -10 -11 -12
leaf_value=-0.00012441587861852592 0.0026899393565386204 -5.0068783335823035e-05 -0.00073918888979022847 0.0015803218711346481 0.00079111206102552975 -0.00036413473086318855 -0.0014888116001300245 -1.7281326836688033e-05 -5.1052384926439435e-05 0.0012254186995593931 0.00034972688944918322
leaf_weight=20 125 20 35 25 75 22 23 36 27 34 20
leaf_count=20 125 20 35 25 75 22 23 36 27 34 20
internal_value=-0.000404062 -0.0012813 -0.00269713 -8.6586e-05 -0.000410839 -0.000983146 -0.00143643 -0.000811037 7.32899e-05 -1.82482e-05 0.000370564
internal_weight=462 109 55 353 228 106 81 59 122 54 95
internal_count=462 109 55 353 228 106 81 59 122 54 95
cat_boundaries=0 1
cat_threshold=167772706
is_linear=0
shrinkage=0.01


Tree=618
num_leaves=11
num_cat=1
split_feature=94 5 1 23 53 2 18 37 1 23
split_gain=1.08962 1.11786 1.93958 0.963391 0.641348 0.465152 0.131571 0.130828 0.0734472 0.0355541
threshold=0 0.42164786900000006 0.24419435700000003 1.7714285810000001 0.60000001650000001 0.20173676200000004 20.020000000000007 4.5500000120000008 0.26813975000000007 1.5928571225000001
decision_type=1 2 2 2 2 2 2 2 2 2
left_child=1 2 3 -1 -2 -6 -7 9 -3 -8
right_child=4 8 -4 -5 5 6 7 -9 -10 -11
leaf_value=-0.00034636310824431914 -0.00030232741153969601 -9.8421216205472682e-06 -0.0011075883198852202 3.9141381491951402e-05 -0.00020370934482256321 -0.00012171614879434925 0.0029918659836261105 -0.00014357799729642129 0.0012220917231913536 0.0010133046785163267
leaf_weight=24 22 20 21 27 31 35 20 20 25 210
leaf_count=24 22 20 21 27 31 35 20 20 25 210
internal_value=-0.000308249 -0.00109155 -0.00195055 -0.000820463 0 0.000113636 0.000246676 0.000330941 1.0917e-05 0.000402946
internal_weight=455 117 72 51 338 316 285 250 45 230
internal_count=455 117 72 51 338 316 285 250 45 230
cat_boundaries=0 1
cat_threshold=572524546
is_linear=0
shrinkage=0.01


Tree=619
num_leaves=12
num_cat=0
split_feature=51 18 13 35 79 91 50 70 2 18 18
split_gain=1.0927 1.02759 1.13797 0.792417 0.457751 0.62055 0.428676 0.214308 0.33477 0.126993 0.040674
threshold=0.40000000950000009 53.785000000000004 0.69540750000000007 4.1214285750000004 6.2642857600000008 95.953702695000018 7.1500000135000006 43.799999715000006 0.26114570450000008 158.56500000000003 166.60000000000005
decision_type=2 2 2 2 2 2 2 2 2 2 2
left_child=1 2 4 -3 5 6 -1 8 -2 -5 -9
right_child=7 3 -4 9 -6 -7 -8 10 -10 -11 -12
leaf_value=-9.2601471554980573e-05 0.0048932143287198464 -9.0966067559338911e-05 -0.00072082695752722205 0.00078477673151355735 0.00043718674227939436 0.0015860435483048142 -0.0010696766969454793 0.0020688947938001436 -0.00037359605783430046 -3.5915562748300991e-06 2.8518449971199038e-05
leaf_weight=23 24 27 38 85 24 26 23 137 21 21 20
leaf_count=23 24 27 38 85 24 26 23 137 21 21 20
internal_value=-0.000305449 -0.000726288 -0.00134273 -8.59492e-05 -0.00072314 -0.00112637 -0.00181624 0.000241617 -0.000338428 0.000290262 0.00042142
internal_weight=469 267 134 133 96 72 46 202 45 106 157
internal_count=469 267 134 133 96 72 46 202 45 106 157
is_linear=0
shrinkage=0.01


Tree=620
num_leaves=15
num_cat=0
split_feature=91 25 20 20 8 7 10 33 29 8 0 29 19 0
split_gain=0.644706 0.613751 0.502565 0.923488 0.58097 0.485343 0.472408 0.238401 0.22603 0.172735 0.358201 0.107795 0.0369895 0.015083
threshold=126.98163360000002 2.2571428545000005 2.2785714185000008 2.5285713925000004 0.56951092900000011 0.54411971450000018 0.70310200000000012 5.9500000135000013 2.2500000000000004 0.57582796400000014 0.079744916500000027 2.0142857095000006 0.73571428650000004 0.28510645100000004
decision_type=2 2 2 2 2 2 2 2 2 2 2 2 2 2
left_child=1 2 6 5 -5 -4 9 11 -9 10 -1 -3 -2 -6
right_child=12 7 3 4 13 -7 -8 8 -10 -11 -12 -13 -14 -15
leaf_value=0.00051487666175034652 0.00092584678529980373 -0.00034097713297647213 -0.00038300111484174798 -0.00051932174092181468 0.00039375388454692816 -0.0002443875400777419 -8.2044362302851066e-05 -7.2766573860389263e-05 1.4053154261494153e-06 0.0002188360822628279 -0.00056316504990690523 0.00030643961953326235 0.0065024772106456845 0.0038346782650145123
leaf_weight=25 20 24 22 20 20 21 22 20 24 43 28 81 92 20
leaf_count=25 20 24 22 20 20 21 22 20 24 43 28 81 92 20
internal_value=-0.000263049 -0.000466559 -0.00080027 -0.00131503 -0.000460526 -0.00243151 -0.000328283 1.66889e-05 -0.000580357 0 -0.000399628 0.00028828 0.000390071 0.000196078
internal_weight=482 370 221 103 60 43 118 149 44 96 53 105 112 40
internal_count=482 370 221 103 60 43 118 149 44 96 53 105 112 40
is_linear=0
shrinkage=0.01


Tree=621
num_leaves=12
num_cat=0
split_feature=17 53 5 41 82 17 13 48 18 61 30
split_gain=1.30734 0.933181 1.58597 0.564802 0.68961 1.16472 1.1432 0.3023 0.245055 0.118265 0.0397726
threshold=0.55852528550000013 2.5000000335000006 0.45031735700000003 11.600000050000002 14.60500002 0.68249278550000014 0.69618112500000007 18.199999915000003 60.680000000000007 1.0099997520000001 2.5428571275000005
decision_type=2 2 2 2 2 2 2 2 2 2 2
left_child=1 2 -1 4 5 6 -2 -3 -7 -6 -5
right_child=3 7 -4 10 9 8 -8 -9 -10 -11 -12
leaf_value=-0.00055429444894306414 -0.00036128884516678061 3.1660993939103519e-05 -1.1058517938211622e-05 -5.8157156455425857e-05 0.0015204138065571476 -0.00024077280374113963 -0.00033796609394201317 -9.5374837394857122e-05 0.0032315461380566369 -7.156629877388222e-05 0.00052948826380962166
leaf_weight=29 29 38 35 20 68 20 27 21 44 21 123
leaf_count=29 29 38 35 20 68 20 27 21 44 21 123
internal_value=-0.000379361 -0.00126414 -0.00209877 -6.23583e-05 -0.000397998 -0.00089404 -0.00193662 -0.000309365 1.25326e-11 0.000250557 0.000413769
internal_weight=475 123 64 352 209 120 56 59 64 89 143
internal_count=475 123 64 352 209 120 56 59 64 89 143
is_linear=0
shrinkage=0.01


Tree=622
num_leaves=11
num_cat=0
split_feature=91 7 9 71 18 71 18 15 0 0
split_gain=0.91727 0.653778 1.03595 0.382821 0.586366 0.922684 0.262976 0.193771 0.0372139 0.0261223
threshold=126.98163360000002 0.62009130000000001 0.67387765000000022 56.180001255000008 70.385000000000005 46.264999870000004 112.09000000000002 0.68695080950000009 0.26465027750000009 0.26304451400000006
decision_type=2 2 2 2 2 2 2 2 2 2
left_child=1 2 3 4 5 -1 -6 9 -2 -5
right_child=8 -3 -4 7 6 -7 -8 -9 -10 -11
leaf_value=-1.6488361207386869e-05 0.0047102053714326922 0.0012345720463574896 -0.0012861699505122006 2.929212388023093e-05 0.0017656644278444644 -0.00032186275711516848 -0.00017569111947396743 -1.9855857232434589e-05 0.0021877180422177861 1.7554018032561658e-05
leaf_weight=40 94 46 37 40 40 79 29 21 20 20
leaf_count=40 94 46 37 40 40 79 29 21 20 20
internal_value=-0.000374893 -0.000629252 -0.000798566 -0.00056894 -0.000815678 -0.00123957 -5.01433e-05 0 0.000391986 0.000296053
internal_weight=466 352 306 269 188 119 69 81 114 60
internal_count=466 352 306 269 188 119 69 81 114 60
is_linear=0
shrinkage=0.01


Tree=623
num_leaves=12
num_cat=0
split_feature=16 25 18 18 3 2 10 56 75 5 0
split_gain=0.837504 0.795846 1.43992 0.434925 0.426827 1.05109 0.362583 0.220592 0.219087 0.040674 0.0338796
threshold=0.69381592900000011 2.2000000095000005 77.705000000000013 37.955000000000005 0.30644400000000005 0.24034504750000005 0.58477135700000005 1.9299998280000004 7.9528570960000016 0.35776542900000002 0.27438364600000004
decision_type=2 2 2 2 2 2 2 2 2 2 2
left_child=1 2 3 -1 5 6 -3 9 10 -2 -6
right_child=7 4 -4 -5 8 -7 -8 -9 -10 -11 -12
leaf_value=-0.00099624508979075468 0.00083636548560979266 0.00017730236198649726 -0.0008042097047859855 0.00063109944282452345 0.00053135258313617283 -0.0010545426195164296 -0.0002488916034389351 -0.00036364771283554985 -2.1505038773933989e-05 0.002313916525891887 3.6608296896500426e-05
leaf_weight=24 20 45 20 23 70 31 24 27 36 137 20
leaf_count=24 20 45 20 23 70 31 24 27 36 137 20
internal_value=-0.000250105 -0.00058373 -0.0015413 -0.000512552 -0.000286596 -0.00077381 -5.01433e-05 0.000270563 8.67508e-05 0.00042142 0.000363436
internal_weight=477 293 67 47 226 100 69 184 126 157 90
internal_count=477 293 67 47 226 100 69 184 126 157 90
is_linear=0
shrinkage=0.01


Tree=624
num_leaves=10
num_cat=0
split_feature=76 64 16 66 93 19 31 16 93
split_gain=0.756658 1.62768 0.53467 0.891532 1.25094 1.54901 0.423321 0.185942 0.114297
threshold=6.1371427690000013 32.960000040000004 0.68913071400000014 21.465000155000002 26.012883985000006 0.89999999750000004 5.7214285985000011 0.66402850000000013 33.118136480000011
decision_type=2 2 2 2 8 2 2 2 8
left_child=2 -2 3 4 5 -1 -6 -3 -4
right_child=1 7 8 -5 6 -7 -8 -9 -10
leaf_value=-0.0012159260968472628 -0.00081341974862902651 -1.1372882136237226e-05 0.0053798138911815997 3.9503196046521564e-05 0.0021882025425816599 -0.00051893847650325323 -8.5851693144319545e-05 0.0026743001739183872 1.6687736644761254e-05
leaf_weight=20 36 34 138 71 50 33 22 33 26
leaf_count=20 36 34 138 71 50 33 22 33 26
internal_value=-0.000272747 -0.00102601 -4.98891e-05 -0.000406504 -0.000918124 -0.00207249 -2.74725e-05 -6.63717e-05 0.000364078
internal_weight=463 103 360 196 125 53 72 67 164
internal_count=463 103 360 196 125 53 72 67 164
is_linear=0
shrinkage=0.01


Tree=625
num_leaves=13
num_cat=1
split_feature=94 4 7 92 23 65 0 0 18 43 28 0
split_gain=1.11555 0.674465 1.41914 0.458654 0.510443 1.05416 0.206596 0.179847 0.178935 0.169655 0.120905 0.0319177
threshold=0 0.36407553050000002 0.49607742850000008 26.000940735000004 1.6857142955000002 2.1300001145000005 0.18199452050000003 0.19793970150000004 68.960000000000022 1.4999999890000002 4.4357142450000007 0.27026441650000005
decision_type=1 2 2 8 2 2 2 2 2 2 2 2
left_child=1 2 6 4 5 8 -1 -3 -2 -6 -5 -11
right_child=3 7 -4 10 9 -7 -8 -9 -10 11 -12 -13
leaf_value=1.3419950817511711e-05 0.0056792020607082262 -3.5716581287145915e-05 -0.00095419711292523779 0.0027849716794428997 -4.1532625873607147e-05 -0.00037473451864177508 -0.00010539450759795965 0.0027148717889079865 -0.00019563170095894086 0.00072769165104064797 -9.6555850152678893e-06 0.0010747313890681011
leaf_weight=22 26 20 25 149 26 24 20 22 32 60 25 20
leaf_count=22 26 20 25 149 26 24 20 22 32 60 25 20
internal_value=-0.000280839 -0.00111436 -0.00183628 0 -0.000338983 -0.000929952 -0.000630841 -0.000163551 -0.000153061 0.000102996 0.000371854 0.000346535
internal_weight=471 109 67 362 188 82 42 42 58 106 174 80
internal_count=471 109 67 362 188 82 42 42 58 106 174 80
cat_boundaries=0 1
cat_threshold=134742146
is_linear=0
shrinkage=0.01


Tree=626
num_leaves=12
num_cat=1
split_feature=94 80 93 12 27 23 19 18 48 25 2
split_gain=1.04214 1.16145 0.392047 0.457116 0.326114 0.291137 0.251936 0.190763 0.0809468 0.0693571 0.0662955
threshold=0 15.845714225000002 22.201159045000001 0.70833064300000015 3.5000000170000001 1.8000000115000001 1.0142857135000003 105.56500000000001 19.800000220000005 2.2000000095000005 0.30092292850000008
decision_type=1 2 8 2 2 2 2 2 2 2 2
left_child=1 2 -1 -4 -2 9 7 8 -7 10 -6
right_child=4 -3 3 -5 5 6 -8 -9 -10 -11 -12
leaf_value=-0.0001980010510029301 -0.00036578032346429925 -0.00015731560901358432 0.00039414668648665463 -0.0010195932417531026 -0.00018366342151328592 0.00077158991228189081 -0.0010440871350586804 -8.8784438312573366e-05 -3.1563411616763972e-06 0.00081930117311457273 0.0040585069928738985
leaf_weight=34 24 20 43 20 20 51 22 20 26 150 22
leaf_count=34 24 20 43 20 20 51 22 20 26 150 22
internal_value=-0.00024735 -0.0010133 -0.000608384 -0.000101881 4.48236e-05 0.000139513 -0.000237896 0 0.000212082 0.000383817 0
internal_weight=452 117 97 63 335 311 119 97 77 192 42
internal_count=452 117 97 63 335 311 119 97 77 192 42
cat_boundaries=0 1
cat_threshold=704710276
is_linear=0
shrinkage=0.01


Tree=627
num_leaves=10
num_cat=0
split_feature=17 5 17 5 0 10 46 92 17
split_gain=1.56472 0.998963 0.899586 0.473631 0.702345 0.495244 0.196108 0.346013 0.647861
threshold=0.54069188100000021 0.45031735700000003 0.48156450000000006 0.37355885700000008 0.21269302050000002 0.59185221450000014 4.5000000190000007 26.000940735000004 0.65311300000000017
decision_type=2 2 2 2 2 2 2 8 2
left_child=1 2 -1 4 5 -2 -5 8 -8
right_child=3 -3 -4 6 -6 -7 7 -9 -10
leaf_value=-4.8923928156613848e-05 0.00065335656314481627 1.380754038077449e-05 -0.0002290955309422931 0.0037336086517296896 -0.00070427652554470215 -0.00040505033611062675 -0.0013581568024550051 0.00072470503900517547 0.0039118322758220385
leaf_weight=33 50 35 29 138 21 28 24 61 38
leaf_count=33 50 35 29 138 21 28 24 61 38
internal_value=-0.000304718 -0.00142638 -0.00218153 0 -0.000586172 -0.000114213 0.000223453 -5.2504e-05 -0.000589172
internal_weight=457 97 62 360 99 78 261 123 62
internal_count=457 97 62 360 99 78 261 123 62
is_linear=0
shrinkage=0.01


Tree=628
num_leaves=12
num_cat=0
split_feature=39 7 13 23 14 0 34 15 80 59 15
split_gain=0.622071 0.81018 0.878653 0.458961 0.665173 0.230214 0.201685 0.246207 0.153375 0.115606 0.0819471
threshold=6.9999997465000012 0.5607209285000001 0.69050300000000009 1.8000000115000001 0.61994557150000007 0.27026441650000005 3.2785714010000002 0.71941769050000015 15.943571430000002 0.045000076500000007 0.61458771400000012
decision_type=2 2 2 2 2 2 2 2 2 2 2
left_child=1 2 3 10 -5 6 7 -2 -8 -3 -1
right_child=5 9 -4 4 -6 -7 8 -9 -10 -11 -12
leaf_value=-9.2766911574339111e-05 -0.00037964404808617019 -3.8794510507377692e-05 -0.00061077526970288181 7.0000042962307439e-06 -0.00031477945782854331 -0.00083513170169929429 0.00077775339997875948 0.0047199108410002555 -0.00017635545202896501 0.00028875951650846862 0.002583206641827564
leaf_weight=20 24 20 27 31 32 20 160 20 20 55 29
leaf_count=20 24 20 27 31 32 20 160 20 20 55 29
internal_value=-0.00021578 -0.00060987 -0.00106223 -0.000638298 -0.00119906 0.000122549 0.00022242 -0.000357143 0.000376106 0.000204485 5.02008e-05
internal_weight=458 214 139 112 63 244 224 44 180 75 49
internal_count=458 214 139 112 63 244 224 44 180 75 49
is_linear=0
shrinkage=0.01


Tree=629
num_leaves=11
num_cat=0
split_feature=93 48 13 16 11 48 93 18 0 0
split_gain=1.01445 0.922958 0.556678 0.330049 0.491355 0.640009 0.174679 0.165769 0.3368 0.138041
threshold=21.941544825000005 17.899999905000005 0.64246213350000014 0.69284235700000008 0.70957257150000019 23.649999940000004 21.941544825000005 25.705000000000002 0.16271763550000004 0.07619991700000002
decision_type=8 2 2 2 2 2 10 2 2 2
left_child=1 -1 -3 4 5 7 -5 8 -2 -9
right_child=3 2 -4 6 -6 -7 -8 9 -10 -11
leaf_value=-1.3843039636890741e-06 3.8455600359912463e-05 -8.3018842420589636e-05 -9.8938562297701138e-05 -0.00013899952007304811 -0.00072314976280671794 -4.039460553192953e-05 0.0050975459461651612 -0.00010480933722691223 -0.0001363569233819414 0.0011066639624212162
leaf_weight=39 21 23 31 36 21 21 130 20 20 95
leaf_count=39 21 23 31 36 21 21 130 20 20 95
internal_value=-0.000261031 -0.0011887 -0.00202555 -1.64474e-05 -0.000296781 -0.000109674 0.000305755 0.000102041 -0.00041866 0.000306563
internal_weight=457 93 54 364 198 177 166 156 41 115
internal_count=457 93 54 364 198 177 166 156 41 115
is_linear=0
shrinkage=0.01


Tree=630
num_leaves=10
num_cat=0
split_feature=16 79 81 29 15 15 74 32 30
split_gain=0.955661 1.30049 0.635357 0.812741 0.883757 0.798844 0.274067 0.182327 0.123164
threshold=0.70662519050000017 3.8435713475000006 13.807143105000002 2.3571428655000006 0.59966028550000006 0.67763202350000007 8.3614285675000009 4.0428571530000008 2.9999999915000006
decision_type=2 2 2 2 2 2 2 2 2
left_child=1 -1 3 4 -3 -6 -2 -5 -4
right_child=6 2 8 7 5 -7 -8 -9 -10
leaf_value=-0.00045668144693036995 0.0043733792060866982 -0.00079677768012448216 3.7177184551792651e-05 -9.3294383164487814e-05 3.8778670816724367e-06 -0.00042691262216126429 -0.00034677964118841326 0.0019936268365346103 -9.2594437915359304e-06
leaf_weight=26 126 29 65 38 51 49 24 44 20
leaf_count=26 126 29 65 38 51 49 24 44 20
internal_value=-0.00036379 -0.000672243 -0.000471698 -0.000767233 -0.00125963 -0.00077381 0.000285146 0 0.000238928
internal_weight=472 322 296 211 129 100 150 82 85
internal_count=472 322 296 211 129 100 150 82 85
is_linear=0
shrinkage=0.01


Tree=631
num_leaves=11
num_cat=1
split_feature=94 18 48 64 59 92 16 14 63 1
split_gain=1.34662 1.26798 1.88097 0.738242 0.90478 0.553957 0.269195 0.861265 0.202283 0.029128
threshold=0 55.565000000000005 19.549999880000005 32.960000040000004 0.055000305500000006 21.959913585000002 0.69381592900000011 0.70757221400000014 27.950000285000005 0.25447076200000007
decision_type=1 2 2 2 2 8 2 2 2 2
left_child=1 2 3 4 -1 -3 7 8 -2 -7
right_child=6 5 -4 -5 -6 9 -8 -9 -10 -11
leaf_value=-0.00035106150172996455 -1.9485410365397364e-05 -0.0001907455495808797 -0.0005125478909023376 0.00027149830239010217 -0.0014286619924719008 6.0632956038813157e-05 0.0061829394427970179 -0.00025082180824161071 3.1411431349635767e-05 0.0010676198701438256
leaf_weight=26 28 33 28 26 25 20 120 24 80 49
leaf_count=26 28 33 28 26 25 20 120 24 80 49
internal_value=-0.000366464 -0.000938935 -0.00175331 -0.000893316 -0.00159266 -0.00016537 0.000129376 -0.000165663 0.000202206 0.00032235
internal_weight=459 207 105 77 51 102 252 132 108 69
internal_count=459 207 105 77 51 102 252 132 108 69
cat_boundaries=0 1
cat_threshold=169936526
is_linear=0
shrinkage=0.01


Tree=632
num_leaves=12
num_cat=1
split_feature=94 91 20 20 70 15 39 6 4 11 42
split_gain=0.735392 0.930749 1.31094 0.746602 0.376453 0.484547 0.37289 0.130624 0.179847 0.128057 0.033837
threshold=0 93.898297925000023 2.2785714185000008 2.5499999865000005 43.799999715000006 0.73306664300000002 5.5999999160000007 0.39384911900000003 0.27648757150000008 0.69381558550000011 13.950000010000002
decision_type=1 2 2 2 2 2 2 2 2 2 2
left_child=1 2 6 9 5 -2 -1 8 -6 -3 -9
right_child=4 3 -4 -5 7 -7 -8 10 -10 -11 -12
leaf_value=-4.9590202420901931e-05 -0.00052312748640950802 0.0034066219112052769 -0.00046027803449714218 -0.00040171725561651586 0.00049459803311917207 0.0048518357735453099 6.6249198396789159e-06 0.00086495743553694263 -0.00039928979063673272 -0.00033865527645524009 0.00023034386370914691
leaf_weight=22 37 73 28 20 22 26 39 146 20 20 23
leaf_count=22 37 73 28 20 22 26 39 146 20 20 23
internal_value=-0.000251678 -0.000690789 -0.00148664 -0.000101054 8.77809e-05 -0.0005721 -0.000606796 0.000299811 -0.000163551 0.000261194 0.000426973
internal_weight=476 202 89 113 274 63 61 211 42 93 169
internal_count=476 202 89 113 274 63 61 211 42 93 169
cat_boundaries=0 1
cat_threshold=673777290
is_linear=0
shrinkage=0.01


Tree=633
num_leaves=12
num_cat=0
split_feature=29 17 21 14 7 69 77 21 26 10 2
split_gain=0.728689 0.9713 1.28394 0.948539 0.802072 0.467228 0.429975 0.403642 0.123814 0.0794355 0.0314669
threshold=2.3571428655000006 0.68431400000000009 1.8285714135000002 0.6677936430000001 0.58719269050000011 85.034999845000016 9.0185713425000014 1.7142857100000002 3.9928571325000006 0.61552528600000012 0.26509064250000008
decision_type=2 2 2 2 2 2 2 2 2 2 2
left_child=1 2 3 6 7 10 -1 -5 -2 -3 -4
right_child=8 9 5 4 -6 -7 -8 -9 -10 -11 -12
leaf_value=-0.00020092977507509609 4.5957925999396899e-05 0.00055690397323912468 0.00072176086172903958 -0.0030738776400413004 -1.7046401039659505e-05 -0.00022525173540663524 0.00075844736348264674 -0.00037561301287515169 0.0006301734247469654 0.003149522279697458 0.00059245276927119073
leaf_weight=32 23 30 20 20 24 29 25 30 112 71 58
leaf_count=32 23 30 20 20 24 29 25 30 112 71 58
internal_value=-0.000275906 -0.000525309 -0.000875209 -0.00153642 -0.0022861 -4.1744e-05 -0.000510381 -0.00301181 0.000335052 0.000279961 0.00034264
internal_weight=474 339 238 131 74 107 57 50 135 101 78
internal_count=474 339 238 131 74 107 57 50 135 101 78
is_linear=0
shrinkage=0.01


Tree=634
num_leaves=10
num_cat=0
split_feature=39 91 29 22 61 33 16 51 18
split_gain=0.72022 0.905451 0.713121 0.590383 0.487025 0.47407 0.173815 0.102209 0.0425504
threshold=6.7000001370000009 95.400250690000021 2.2500000000000004 1.8999999845000002 2.3349995615000005 4.9357142785000017 0.64658050000000011 0.70000001750000018 11.465000000000002
decision_type=2 2 2 2 2 2 2 2 2
left_child=1 2 -1 -4 5 -2 -3 -8 -7
right_child=4 6 3 -5 -6 8 7 -9 -10
leaf_value=-0.00059434960243777738 -0.00051802904829504118 -0.0001135011841231405 0.00048629358631890565 -1.1670863361662224e-05 -0.00029252334377646199 -0.00016127211152019947 0.0019719230603547269 -0.00036986065902621659 0.0021082054950694509
leaf_weight=35 25 21 26 39 30 20 54 22 177
leaf_count=35 25 21 26 39 30 20 54 22 177
internal_value=-0.000252334 -0.000705258 -0.00136905 -0.000691489 9.49367e-05 0.000264812 0 0.000208333 0.00043731
internal_weight=449 197 100 65 252 222 97 76 197
internal_count=449 197 100 65 252 222 97 76 197
is_linear=0
shrinkage=0.01


Tree=635
num_leaves=11
num_cat=0
split_feature=42 0 16 70 57 16 70 16 20 0
split_gain=0.790862 0.678968 0.629191 0.34327 0.702392 0.362444 0.684713 0.209825 0.142042 0.037843
threshold=3.2999999970000005 0.071890014000000016 0.53622757100000007 51.415000435000003 5.084999561500001 0.70057669050000004 44.599998475000007 0.62942708900000011 2.5857142550000005 0.28231254200000006
decision_type=2 2 2 2 2 2 2 2 2 2
left_child=1 -1 -3 4 5 6 -2 -8 -7 -5
right_child=3 2 -4 9 -6 8 7 -9 -10 -11
leaf_value=1.8196788855831103e-06 -0.00050076971250161226 -6.9289637258992083e-05 -0.00046093534074871754 6.4988356719140685e-05 -0.00039916326888515526 0.0042732752706388004 -0.00032103929820068817 0.001994066448076994 -0.00039956139204549643 0.0024238105433853786
leaf_weight=34 30 23 20 100 39 107 23 47 20 20
leaf_count=34 30 23 20 100 39 107 23 47 20 20
internal_value=-0.000229625 -0.00115039 -0.00197489 -3.87797e-05 -0.000243628 -1.97542e-05 -0.00047619 4.23729e-05 0.000324726 0.000397351
internal_weight=463 77 43 386 266 227 100 70 127 120
internal_count=463 77 43 386 266 227 100 70 127 120
is_linear=0
shrinkage=0.01


Tree=636
num_leaves=13
num_cat=0
split_feature=60 5 62 61 52 92 17 75 1 13 1 0
split_gain=0.804198 1.118 1.15017 1.07728 0.657219 0.423949 0.599922 0.663825 0.235028 0.231377 0.170852 0.0275573
threshold=3.7200002670000001 0.42887588100000007 37.34499979000001 1.8550000195000003 4.6999999955000016 25.164862530000004 0.69393428550000003 6.0921429185000013 0.20664688050000002 0.64907587500000008 0.29363107150000006 0.27487510400000004
decision_type=2 2 2 2 2 10 2 2 2 2 2 2
left_child=5 2 9 8 -3 6 7 -1 -4 -2 -9 -8
right_child=1 4 3 -5 -6 -7 11 10 -10 -11 -12 -13
leaf_value=-0.0019653421297170692 0.00042713961461548404 0.0014390333103480328 -0.00029859577934709047 -1.1388796321463207e-05 -0.00020776556506883455 0.0035796001259712452 0.0035287611785164534 0.00016806365381826836 -0.0015793937576555103 -3.5722225502113355e-05 -0.0006822283499072025 0.0038930052700690771
leaf_weight=23 25 76 21 31 25 118 44 20 20 27 20 20
leaf_count=23 25 76 21 31 25 118 44 20 20 27 20 20
internal_value=-0.000346219 -0.000777236 -0.00141026 -0.00222527 0 4.27177e-05 -0.0003482 -0.00104232 -0.00328947 -0.000227273 -0.000196078 0.000308642
internal_weight=470 225 124 72 101 245 127 63 41 52 40 64
internal_count=470 225 124 72 101 245 127 63 41 52 40 64
is_linear=0
shrinkage=0.01


Tree=637
num_leaves=11
num_cat=0
split_feature=17 18 74 2 0 92 87 19 24 18
split_gain=0.878509 0.549483 1.08154 1.2621 0.455216 0.544924 0.219256 0.199601 0.143775 0.0397726
threshold=0.68374750000000006 47.650000000000006 7.5500000205000006 0.28431474300000004 0.095361611500000013 20.758874275000004 22.573571345000001 0.61428572250000013 1.6571428395000003 18.110000000000003
decision_type=2 2 2 2 2 8 2 2 2 2
left_child=1 2 6 -4 7 -6 -1 -3 -7 -2
right_child=9 4 3 -5 5 8 -8 -9 -10 -11
leaf_value=2.9553887278016985e-05 0.0011776917893201227 -8.2733236921682995e-07 -0.0013359409908951065 -7.2301176968883542e-05 -3.3760045915711841e-05 -0.00060801014964151844 -0.00053986140422313455 -0.00021609886317928992 0.00067218554545813932 0.0045787454814935312
leaf_weight=34 20 22 29 35 28 20 31 20 113 123
leaf_count=34 20 22 29 35 28 20 31 20 113 123
internal_value=-0.00023224 -0.000516827 -0.00102851 -0.00194444 -0.000179097 5.2534e-05 -8.35866e-05 -0.00109813 0.000332586 0.000413769
internal_weight=475 332 129 64 203 161 65 42 133 143
internal_count=475 332 129 64 203 161 65 42 133 143
is_linear=0
shrinkage=0.01


Tree=638
num_leaves=13
num_cat=0
split_feature=91 25 48 75 12 29 18 33 25 17 6 11
split_gain=0.706071 0.64755 0.445143 0.897892 0.431248 0.379834 0.336469 0.252454 0.211733 0.144182 0.184043 0.0942587
threshold=109.82819450000001 2.2000000095000005 17.899999905000005 7.9528570960000016 0.68192007100000007 2.4142857025000004 35.515000000000008 4.921428510000001 2.4857142820000004 0.65092185750000009 0.47193557150000004 0.70957257150000019
decision_type=2 2 2 2 2 2 2 2 2 2 2 2
left_child=1 4 5 6 -1 8 -4 -2 11 10 -9 -3
right_child=7 2 3 -5 -6 -7 -8 9 -10 -11 -12 -13
leaf_value=-3.3213444957287143e-05 -0.00058406760479717389 0.00093489639034399763 -4.7209267360444861e-05 -4.397153553146261e-05 -0.00095795459620629105 -0.00022249222947007261 0.00079041578464312872 0.00054824522062407732 -3.6329296404458199e-05 0.0033708106668682964 -0.00021153274409375968 0.0003125248077935977
leaf_weight=24 21 107 22 20 20 20 28 23 21 136 20 23
leaf_count=24 21 107 22 20 20 20 28 23 21 136 20 23
internal_value=-0.000258337 -0.000579076 -0.000361869 -0.00103107 -0.00169643 -7.2759e-05 -0.000255905 0.000189243 8.89328e-05 0.0003198 -0.000148402 0.000252294
internal_weight=485 285 241 70 44 171 50 200 151 179 43 130
internal_count=485 285 241 70 44 171 50 200 151 179 43 130
is_linear=0
shrinkage=0.01


Tree=639
num_leaves=12
num_cat=0
split_feature=53 78 63 70 2 31 21 18 63 18 27
split_gain=0.801752 0.666081 0.467859 0.555925 1.43223 1.04962 0.356499 0.404945 0.297967 0.188022 0.111033
threshold=0.60000001650000001 6.6328572025000012 31.599999905000004 49.405000690000008 0.28431474300000004 5.8142857550000011 1.7428571370000003 72.335000000000008 25.034999850000002 55.035000000000004 4.0500000205000006
decision_type=2 2 2 2 2 2 2 2 2 2 2
left_child=-1 8 3 6 5 -5 7 -3 -2 -6 -4
right_child=1 2 10 4 9 -7 -8 -9 -10 -11 -12
leaf_value=-0.0003131086883041444 -0.00015745401725069123 1.316736942476266e-05 -1.7728795071916111e-05 -0.00076799907032153527 -4.8357777575674941e-05 -1.4326420342323409e-05 0.00070445957434707202 -0.00035671580659729185 0.0044362098853558789 0.0010794144544230575 1.9274615058828662e-05
leaf_weight=28 39 24 20 23 21 21 44 20 158 28 50
leaf_count=28 39 24 20 23 21 21 44 20 158 28 50
internal_value=-0.000251678 -0.000142602 -0.000486497 -0.000756326 -0.00129531 -0.00258929 -0.000157658 -0.000803571 0.000285642 -7.02811e-05 0.000183616
internal_weight=476 448 251 181 93 44 88 44 197 49 70
internal_count=476 448 251 181 93 44 88 44 197 49 70
is_linear=0
shrinkage=0.01


Tree=640
num_leaves=12
num_cat=0
split_feature=48 75 83 91 5 92 46 12 0 0 4
split_gain=0.995807 0.802127 0.534672 0.629859 0.614348 0.366434 0.461719 0.690369 0.184775 0.0757048 0.031233
threshold=17.899999905000005 7.9528570960000016 9.6421427725000015 106.71203290000001 0.43517100000000003 26.231004275000004 4.5000000190000007 0.70138421400000006 0.26586679200000002 0.25261373300000006 0.28051721450000006
decision_type=2 2 2 2 2 8 2 2 2 2 2
left_child=5 2 3 4 -2 6 10 9 -5 -8 -1
right_child=1 -3 -4 8 -6 -7 7 -9 -10 -11 -12
leaf_value=-2.8502530814144744e-06 -0.00047258079789110503 -5.2637929125908926e-05 1.6751211284926569e-05 0.0063695729152640056 -5.6949222541220477e-05 0.0012310501578963046 0.00067457320944210269 -0.00055411243811158265 -0.00057665238264373872 -9.3932004908564543e-05 0.0019759768681314673
leaf_weight=20 22 26 40 27 20 158 26 33 21 20 57
leaf_count=20 22 26 40 27 20 158 26 33 21 20 57
internal_value=-0.000176296 -0.000829082 -0.000481651 -0.000914097 -0.00179907 0.000142948 -0.000191327 -0.000733083 -8.19672e-05 2.13675e-05 0.000340617
internal_weight=470 156 130 90 42 314 156 79 48 46 77
internal_count=470 156 130 90 42 314 156 79 48 46 77
is_linear=0
shrinkage=0.01


Tree=641
num_leaves=11
num_cat=0
split_feature=17 79 22 15 6 80 22 47 27 0
split_gain=0.676282 0.666096 0.651718 0.769755 1.50976 0.511135 0.640389 0.167282 0.0799924 0.0268617
threshold=0.69393428550000003 3.8842857270000004 1.8285714390000003 0.68363878600000005 0.48752295700000009 15.313571320000003 1.8928571260000002 5.0499999745000013 3.7285714320000003 0.08460875000000001
decision_type=2 2 2 2 2 2 2 2 2 2
left_child=1 -1 7 5 -5 9 -7 -3 -2 -4
right_child=8 2 3 4 -6 6 -8 -9 -10 -11
leaf_value=-0.00047472421373703967 0.00034236458054607676 -0.00029634245774988032 0.00013470928409046301 -0.00092542433572124052 0.0017846941593834375 0.00011158771144524545 -9.3568592543803191e-05 0.00069785012839587647 0.005256841347711351 0.0010140507978417565
leaf_weight=20 32 32 20 27 23 30 92 75 87 42
leaf_count=20 32 32 20 27 23 30 92 75 87 42
internal_value=-0.000328619 -0.000545882 -0.000431539 -0.000728279 -0.00183071 -0.000411255 -0.000789902 0.000199443 0.000313022 0.000302548
internal_weight=480 361 341 234 50 184 122 107 119 62
internal_count=480 361 341 234 50 184 122 107 119 62
is_linear=0
shrinkage=0.01


Tree=642
num_leaves=12
num_cat=0
split_feature=17 88 40 88 5 61 93 63 4 46 4
split_gain=0.810066 0.997689 0.841036 1.05554 1.67197 0.736288 0.286484 0.2357 0.216592 0.134452 0.0345506
threshold=0.69393428550000003 16.257142815000005 2.3500000235000003 17.396428585000006 0.44883900000000004 2.2649998665000006 25.199560300000005 31.289999960000006 0.35255138550000004 4.9999998395000009 0.27281500000000009
decision_type=2 2 2 2 2 2 8 2 2 2 2
left_child=1 -1 3 4 -3 7 8 -5 -4 -2 -8
right_child=9 2 6 5 -6 -7 10 -9 -10 -11 -12
leaf_value=-0.00048687938854636296 0.0035069460945774344 -0.001235220218112015 -0.0011124390037705479 -3.2974389621906515e-05 0.0021458332991368973 -2.7771902493636995e-05 -1.8860646251605737e-06 1.5378417992948055e-05 0.0037637594543839556 -0.0005866265893392132 0.001257710413270509
leaf_weight=29 86 34 20 34 22 23 20 52 23 20 74
leaf_count=29 86 34 20 34 22 23 20 52 23 20 74
internal_value=-0.000455688 -0.000700723 -0.000518494 -0.000998191 -0.00211268 -0.000396175 4.71698e-05 1.15207e-05 -0.000605023 0.000290262 0.000369198
internal_weight=437 331 302 165 56 109 137 86 43 106 94
internal_count=437 331 302 165 56 109 137 86 43 106 94
is_linear=0
shrinkage=0.01


Tree=643
num_leaves=12
num_cat=1
split_feature=94 43 16 22 39 39 74 26 60 14 0
split_gain=0.762078 0.612718 0.863876 0.368733 0.565563 1.04164 0.278004 0.153845 0.0462368 0.0908624 0.0249217
threshold=0 3.6499999945000003 0.69284235700000008 1.8928571260000002 6.7999999560000015 3.7999999595000005 8.3135714530000016 3.9642856800000001 3.8249998090000004 0.71195683350000005 0.21146525000000002
decision_type=1 2 2 2 2 2 2 2 2 2 2
left_child=1 7 -3 6 5 -5 8 -1 -2 -10 -6
right_child=3 2 -4 4 10 -7 -8 -9 9 -11 -12
leaf_value=-0.00071806364142056229 0.0024711122914461694 -0.00024594817466182554 0.00046670125938116062 2.6367367505658136e-06 2.230099448669561e-05 -0.0012643469165085131 -0.00054311976027289022 8.2812722261302919e-06 0.00042521559413106732 -0.00018219527313153335 0.0034688349141069677
leaf_weight=23 157 33 26 38 37 24 22 25 34 20 20
leaf_count=23 157 33 26 38 37 24 22 25 34 20 20
internal_value=-0.000192475 -0.000887097 -0.00164716 3.85888e-05 -0.000404841 -0.00106688 0.000275877 -8.19672e-05 0.00039424 9.12409e-05 0.000285467
internal_weight=459 107 59 352 119 62 233 48 211 54 57
internal_count=459 107 59 352 119 62 233 48 211 54 57
cat_boundaries=0 1
cat_threshold=167840388
is_linear=0
shrinkage=0.01


Tree=644
num_leaves=12
num_cat=1
split_feature=94 93 91 63 88 5 33 45 88 4 10
split_gain=1.14066 1.38203 1.3962 0.681605 0.529952 0.65577 0.150391 0.336469 0.158517 0.175454 0.0319177
threshold=0 20.427325495000002 83.137014475000015 30.429999830000003 16.310714245000003 0.40685835700000006 5.0428570510000013 0.60000001650000001 17.597857135000002 0.39039204750000006 0.69235421400000019
decision_type=1 10 2 2 2 2 2 2 2 2 2
left_child=1 2 -1 -4 5 -3 7 -2 -8 -10 -6
right_child=6 4 3 -5 10 -7 8 -9 9 -11 -12
leaf_value=-0.00054736634080112341 0.0025966099142991235 0.00073378108759489496 -0.0010590262542783482 0.00044589288513603817 0.00033909311219946874 -0.00052000653079984683 0.00047778726056023297 -0.002046041816655431 3.9155573716036857e-05 -5.5001098784088125e-05 0.0062309818615603639
leaf_weight=21 28 25 36 29 60 20 157 22 21 20 20
leaf_count=21 28 25 36 29 60 20 157 22 21 20 20
internal_value=-0.000257721 -0.000777728 -0.00178571 -0.000995441 -0.000123211 -0.00099345 0.000200927 -0.000255905 0.000337022 -0.000179426 0.000346535
internal_weight=459 211 86 65 125 45 248 50 198 41 80
internal_count=459 211 86 65 125 45 248 50 198 41 80
cat_boundaries=0 1
cat_threshold=2100378
is_linear=0
shrinkage=0.01


Tree=645
num_leaves=11
num_cat=0
split_feature=17 60 61 17 87 33 33 4 46 0
split_gain=0.684537 0.881082 0.684583 0.437483 0.622081 0.322365 0.18893 0.558637 0.155216 0.0351682
threshold=0.68431400000000009 0.9649996755000001 2.4549999235000004 0.55852528550000013 22.147857120000001 6.0142857690000016 5.4571428640000006 0.35440475000000005 5.3500000240000007 0.25836732650000005
decision_type=2 2 2 2 2 2 2 2 2 2
left_child=1 -1 3 4 -3 -6 7 -5 -2 -8
right_child=8 2 -4 6 5 -7 9 -9 -10 -11
leaf_value=-0.0014397409006974863 0.0037515263593539943 -0.00025568397368015943 -0.00030516674710184545 -0.00041984483319590246 5.3178447590699348e-06 -6.9595232354659534e-05 3.7423575234105395e-05 0.0043435385190324629 -0.00052159680972418433 0.00030247877822063069
leaf_weight=33 99 26 22 23 35 53 78 34 37 20
leaf_count=33 99 26 22 23 35 53 78 34 37 20
internal_value=-0.000321181 -0.00057266 -0.000385538 -0.00023536 -0.000705575 -0.00027027 9.94865e-05 -0.00033737 0.000263158 0.000374494
internal_weight=460 324 291 269 114 88 155 57 136 98
internal_count=460 324 291 269 114 88 155 57 136 98
is_linear=0
shrinkage=0.01


Tree=646
num_leaves=12
num_cat=0
split_feature=61 10 39 12 10 12 73 0 0 59 4
split_gain=0.532738 0.515707 0.366533 0.415073 1.12397 0.20785 0.117982 0.0977708 0.0662955 0.0418538 0.0302359
threshold=2.3349995615000005 0.67407207150000004 5.8000001165000006 0.68095057100000012 0.67107886300000008 0.58770471450000017 -2.4228570729999999 0.27026441650000005 0.23704348600000003 1.0999999050000002 0.37976689300000005
decision_type=2 2 2 2 2 2 2 2 2 2 2
left_child=2 -2 3 5 -5 -1 -4 9 -6 -8 -7
right_child=1 -3 6 4 8 10 7 -9 -10 -11 -12
leaf_value=-3.4742299890184639e-05 8.8881815374276606e-05 -0.00032518155927221569 -0.0005403222619057899 -0.00049387440368894159 -5.7691089325454653e-05 6.6065024224044549e-05 0.00071154750369433167 -0.00019225494540475868 0.0053963652352813666 0.00057857140720684393 0.00216520178440039
leaf_weight=34 28 20 38 24 20 53 160 27 22 20 20
leaf_count=34 28 20 38 24 20 53 160 27 22 20 20
internal_value=-0.000117823 -0.00110656 0 -0.000353855 -0.000973054 1.39147e-05 0.000246135 0.000344081 0 0.000431416 0.000331978
internal_weight=466 48 418 173 66 107 245 207 42 180 73
internal_count=466 48 418 173 66 107 245 207 42 180 73
is_linear=0
shrinkage=0.01


Tree=647
num_leaves=10
num_cat=0
split_feature=91 41 61 3 8 63 23 46 17
split_gain=0.801243 1.4412 0.636617 0.293481 0.53019 0.845069 0.201279 0.11645 0.0930785
threshold=109.82819450000001 2.0999999940000005 2.2649998665000006 0.34472635750000008 0.5675867710000001 29.420000075000004 1.9499999965000001 4.0999998935000006 0.64776278600000003
decision_type=2 2 2 2 2 2 2 2 2
left_child=1 -1 3 4 7 -6 8 -3 -2
right_child=6 2 -4 -5 5 -7 -8 -9 -10
leaf_value=-0.00046067940572881586 5.4578903339572685e-05 1.2656767849760827e-05 -0.00010050947906087969 2.5435729717116071e-05 0.0030210156324231058 -0.00016048351762677567 -0.0003292556082566423 -0.0014570747824122386 0.0037705621927856992
leaf_weight=26 32 56 24 56 28 54 27 20 143
leaf_count=26 32 56 24 56 28 54 27 20 143
internal_value=-0.000224936 -0.000589124 -0.000330821 -0.00014432 -0.000371537 -0.000929952 0.000241617 0.000208333 0.000372582
internal_weight=466 264 238 214 158 82 202 76 175
internal_count=466 264 238 214 158 82 202 76 175
is_linear=0
shrinkage=0.01


Tree=648
num_leaves=11
num_cat=0
split_feature=79 5 7 23 53 70 48 23 56 75
split_gain=0.673237 0.450632 0.706174 0.441155 0.252181 0.444794 0.649228 0.413449 0.0892094 0.0814454
threshold=3.8435713475000006 0.36283364250000005 0.44188500000000003 1.7428571625000002 4.0499999895000007 51.254999160000004 19.699999870000003 1.8000000115000001 0.4250001905000001 8.1071429380000009
decision_type=2 2 2 2 2 2 2 2 2 2
left_child=-1 2 8 -4 5 6 7 -3 -2 -7
right_child=1 4 3 -5 -6 9 -8 -9 -10 -11
leaf_value=-0.00037750631366193567 4.4504293558343825e-05 -0.00015082989423152382 -0.00070484241887915154 -1.0265223460463384e-06 0.0017052400483634875 0.0015977222190939799 0.0022643706569840244 -0.001020311699797037 -5.254200737483965e-05 -1.7314850127950374e-05
leaf_weight=32 33 38 26 21 110 83 35 24 20 31
leaf_count=32 33 38 26 21 110 83 35 24 20 31
internal_value=-0.000201631 -8.89047e-05 -0.000674603 -0.00155858 8.85643e-05 -0.000106232 -0.000608384 -0.00122611 8.36431e-05 0.000304878
internal_weight=453 421 100 47 321 211 97 62 53 114
internal_count=453 421 100 47 321 211 97 62 53 114
is_linear=0
shrinkage=0.01


Tree=649
num_leaves=11
num_cat=0
split_feature=18 40 47 21 29 57 3 53 12 80
split_gain=0.843994 0.917695 1.18595 0.508181 0.399592 0.621575 0.346764 0.414693 0.227793 0.105492
threshold=39.945000000000007 1.9500000065000003 16.400000050000003 1.6928571290000003 2.2714285765000004 2.5950002670000005 0.33904378550000008 1.4000000135000004 0.71027235700000013 15.801428455000002
decision_type=2 2 2 2 2 2 2 2 2 2
left_child=1 2 -1 -3 5 -2 -7 8 -8 -5
right_child=4 3 -4 9 -6 6 7 -9 -10 -11
leaf_value=-0.00066322227588010596 -0.00048393568770822414 -0.00026741288569224206 -1.0636813011306147e-05 0.0013121799785839427 0.00037152625217169765 0.0010985867052001536 0.0026068252975376526 -0.00041843218646895594 -0.00046563824027692584 -0.0020871829338519536
leaf_weight=36 26 24 34 51 115 73 37 22 20 21
leaf_count=36 26 24 34 51 115 73 37 22 20 21
internal_value=-0.000301218 -0.000869305 -0.00173729 -0.000206612 1.53166e-05 -0.000274049 -1.3089e-05 -0.000482456 0 0.000192308
internal_weight=459 166 70 96 293 178 152 79 57 72
internal_count=459 166 70 96 293 178 152 79 57 72
is_linear=0
shrinkage=0.01


Tree=650
num_leaves=12
num_cat=0
split_feature=17 5 10 15 14 20 1 92 92 10 5
split_gain=1.06162 1.18982 1.09027 1.25164 0.916617 0.347597 0.287029 0.616227 0.149974 0.115606 0.0857157
threshold=0.65092185750000009 0.45513783350000009 0.5899232860000001 0.63268792850000011 0.68534450000000013 2.3214285460000004 0.28252721400000008 22.199425840000007 20.812305095000003 0.6593144285000001 0.31839114250000006
decision_type=2 2 2 2 2 2 2 8 10 2 2
left_child=1 2 5 -4 -5 10 8 -8 -2 -3 -1
right_child=6 9 3 4 -6 -7 7 -9 -10 -11 -12
leaf_value=-1.9481370195112231e-05 -0.00049407058258004507 -1.5244168874265242e-05 -6.4318189777053789e-05 0.0027464115229835183 -0.00051854066735395514 -0.00044776676660793685 0.0054866511893032687 -0.00059828469097049288 0.0022384266831137986 0.00040877549982816801 0.00061918713845421705
leaf_weight=20 20 20 33 23 33 26 27 20 140 55 31
leaf_count=20 20 20 33 23 33 26 27 20 140 55 31
internal_value=-0.000365419 -0.000816791 -0.00128897 -0.00204343 -0.00105634 -0.000379177 0.000151588 -0.000512552 0.000360697 0.000204485 6.75676e-05
internal_weight=448 241 166 89 56 77 207 47 160 75 51
internal_count=448 241 166 89 56 77 207 47 160 75 51
is_linear=0
shrinkage=0.01


Tree=651
num_leaves=10
num_cat=0
split_feature=17 62 92 10 51 3 15 67 92
split_gain=0.848627 1.3099 0.565279 0.964883 0.916968 0.696529 0.458546 0.74743 0.14014
threshold=0.69393428550000003 34.889999865000007 26.000940735000004 0.68298335750000005 0.80000001550000011 0.34079800000000005 0.64704452050000005 63.919999125000011 22.020477250000003
decision_type=2 2 8 2 2 2 2 2 8
left_child=1 -1 3 4 5 -3 7 -4 -2
right_child=8 2 6 -5 -6 -7 -8 -9 -10
leaf_value=-0.00061131806829147753 -0.00059508400937277335 -1.5896877442030262e-06 -0.0002873626525438204 0.0010606197079570659 -0.00049823672592514366 -0.00012464551060932462 0.0018095666980189236 0.00088115975184801772 0.004315192561089475
leaf_weight=31 20 79 22 44 29 30 88 24 101
leaf_count=31 20 79 22 44 29 30 88 24 101
internal_value=-0.000392491 -0.000645486 -0.000441919 -0.000804158 -0.00121758 -0.000760474 3.7092e-05 -0.000747863 0.000316092
internal_weight=468 347 316 182 138 109 134 46 121
internal_count=468 347 316 182 138 109 134 46 121
is_linear=0
shrinkage=0.01


Tree=652
num_leaves=11
num_cat=0
split_feature=17 57 7 21 7 13 18 0 36 62
split_gain=0.975756 0.634519 0.693675 0.89349 0.969559 1.7468 0.305559 0.254368 0.190605 0.124854
threshold=0.68374750000000006 2.1849999425000006 0.47984328600000009 1.9142856855000001 0.58719269050000011 0.69942957500000014 55.035000000000004 0.20335552100000004 4.6000000240000007 40.894999980000009
decision_type=2 2 2 2 2 2 2 2 2 2
left_child=1 -1 7 4 5 -4 -5 -3 -6 -2
right_child=9 2 3 6 8 -7 -8 -9 -10 -11
leaf_value=0.003171798522375628 0.0031238789150518503 0.00021032217370138483 -0.00031200038117956637 -9.050054401228672e-05 0.00093252637417536141 -0.003133015380276937 0.0015404141752908894 -4.792277011365179e-05 -4.342168190354996e-05 0.00032766660689353575
leaf_weight=43 116 48 75 26 20 29 39 20 28 23
leaf_count=43 116 48 75 26 20 29 39 20 28 23
internal_value=-0.000351646 -0.000650852 -0.000824003 -0.00109963 -0.00151832 -0.00206107 -8.35866e-05 2.90698e-05 -0.000286885 0.000339771
internal_weight=467 328 285 217 152 104 65 68 48 139
internal_count=467 328 285 217 152 104 65 68 48 139
is_linear=0
shrinkage=0.01


Tree=653
num_leaves=12
num_cat=0
split_feature=69 0 92 16 70 18 92 93 56 2 1
split_gain=0.934577 0.582474 0.507297 0.336089 0.414167 0.390671 0.508285 0.144584 0.110928 0.222565 0.0254902
threshold=87.739999770000011 0.095361611500000013 20.812305095000003 0.70662519050000017 43.944997790000009 30.740000000000006 23.973633205000002 22.030933040000004 0.28499984750000001 0.27937857150000006 0.23047792850000001
decision_type=2 2 8 2 2 2 10 8 2 2 2
left_child=3 -2 -3 4 -1 6 -6 -5 9 -7 -8
right_child=1 2 -4 7 5 8 10 -9 -10 -11 -12
leaf_value=-0.00049244089968732997 -8.5297918060637392e-05 -0.00077308536472835729 3.2867475625078455e-05 -0.00047028363590790706 0.00085431178361228602 0.00067723598610060351 -0.0003895967508506021 0.0043136713074103218 0.0030615236784716248 -0.00051374333672075544 -0.00013344578372978836
leaf_weight=39 36 30 28 20 22 35 20 116 73 31 20
leaf_count=39 36 30 28 20 22 35 20 116 73 31 20
internal_value=-0.000282498 -0.00117089 -0.000493197 -5.30785e-05 -0.000282392 -8.67195e-05 -0.000748408 0.000336257 0.00019671 -7.48503e-05 -0.00142157
internal_weight=470 94 58 376 240 201 62 136 139 66 40
internal_count=470 94 58 376 240 201 62 136 139 66 40
is_linear=0
shrinkage=0.01


Tree=654
num_leaves=12
num_cat=0
split_feature=79 22 10 6 25 12 16 6 4 42 0
split_gain=0.862937 0.8578 0.842323 0.961701 0.264542 0.506003 0.542986 0.127564 0.130241 0.106404 0.0226349
threshold=3.7957142740000003 1.9285714375000003 0.5899232860000001 0.4833077380000001 2.2000000095000005 0.71071016700000011 0.72323602400000009 0.44363492850000003 0.3146339285000001 7.8999998460000009 0.088368854500000024
decision_type=2 2 2 2 2 2 2 2 2 2 2
left_child=-1 4 -3 -4 5 9 -7 8 10 -2 -6
right_child=1 2 3 -5 7 6 -8 -9 -10 -11 -12
leaf_value=-0.00038997319458382074 -0.00024895947394684535 0.00024510887203384386 -0.00010346470486011946 -4.1836688923427499e-06 -2.4058092314891461e-05 -0.00081442452687149338 0.0015352372735373758 0.0010425974994633406 -5.1366712264117623e-05 0.00081654307359208683 0.0016222886547571989
leaf_weight=27 21 30 37 36 20 20 20 146 25 52 32
leaf_count=27 21 30 37 36 20 20 20 146 25 52 32
internal_value=-0.000246358 -0.000133015 -0.000929672 -0.00151084 0.000106888 -0.000276801 -0.00117647 0.000310545 0 0.000196477 0.000265152
internal_weight=466 439 103 73 336 113 40 223 77 73 52
internal_count=466 439 103 73 336 113 40 223 77 73 52
is_linear=0
shrinkage=0.01


Tree=655
num_leaves=12
num_cat=1
split_feature=53 94 93 18 54 32 8 77 10 3 10
split_gain=0.887823 0.976258 1.0465 0.930082 0.70357 0.679721 1.4607 0.128658 0.103439 0.0566964 0.212709
threshold=0.60000001650000001 0 26.012883985000006 40.225000000000009 6.4000000770000005 3.9142856600000004 0.52065254750000012 9.5357143535000031 0.68035150000000011 0.34079800000000005 0.66380150000000004
decision_type=2 1 10 2 2 2 2 2 2 2 2
left_child=-1 2 3 5 8 -2 -7 9 -5 -3 -11
right_child=1 7 -4 4 -6 6 -8 -9 -10 10 -12
leaf_value=-0.00049005207516852336 -3.7731943705248937e-05 0.002999482654090585 0.0032438635342518667 0.00073978803991787468 -0.00021374981085316852 -6.6272605842244568e-05 -0.0012366193146578607 -4.3639593438010251e-06 -9.5187199508183122e-05 -0.000276606275111454 0.0023441637502682935
leaf_weight=25 21 117 54 43 31 20 30 35 20 24 55
leaf_count=25 21 117 54 43 31 20 30 35 20 24 55
internal_value=-0.000337327 -0.000228483 -0.00068973 -0.00111882 -0.000432489 -0.00198468 -0.00261811 0.000221257 0.000148903 0.000335366 9.3985e-05
internal_weight=475 450 219 165 94 71 50 231 63 196 79
internal_count=475 450 219 165 94 71 50 231 63 196 79
cat_boundaries=0 1
cat_threshold=169869466
is_linear=0
shrinkage=0.01


Tree=656
num_leaves=12
num_cat=0
split_feature=79 75 59 5 46 18 8 57 87 12 23
split_gain=0.922312 0.903258 1.09315 0.41642 0.779733 0.622698 0.40209 0.273682 0.113378 0.179847 0.111946
threshold=3.8435713475000006 7.8985713015000014 1.0999999050000002 0.41287457150000001 4.0999998935000006 28.745000000000005 0.56243088100000016 8.1049995420000016 21.429999760000005 0.66785521400000014 1.6142857115000002
decision_type=2 2 2 2 2 2 2 2 2 2 2
left_child=-1 3 -3 4 8 -6 -7 -4 9 -2 -5
right_child=1 2 7 10 5 6 -8 -9 -10 -11 -12
leaf_value=-0.00021070660381188356 -0.00051016871068131455 -7.3175997837866361e-05 2.9608774421341651e-05 0.00092608715307738348 -0.001334038224927491 0.0034306214997392899 -0.00010270886933317305 -1.6143728448682323e-05 0.00030662720801729481 0.00081940046042596143 0.0026620052145270908
leaf_weight=31 20 26 37 27 22 25 26 22 69 22 150
leaf_count=31 20 26 37 27 22 25 26 22 69 22 150
internal_value=-0.000312892 -0.000190242 -0.00111305 2.34937e-05 -0.00030303 -0.00110434 -0.000434363 -0.000309365 0.000210197 -0.000163551 0.000374016
internal_weight=477 446 85 361 184 73 51 59 111 42 177
internal_count=477 446 85 361 184 73 51 59 111 42 177
is_linear=0
shrinkage=0.01


Tree=657
num_leaves=12
num_cat=0
split_feature=5 3 91 54 30 93 5 32 3 7 7
split_gain=0.993768 1.3732 1.13933 1.46189 0.645359 0.335252 0.243178 0.17152 0.154124 0.045311 0.0838677
threshold=0.43033850000000007 0.34227875600000007 95.400250690000021 3.1499999535000005 3.0499999780000002 20.758760545000005 0.40685835700000006 4.0428571530000008 0.27094921400000005 0.56857490450000003 0.55696314300000005
decision_type=2 2 2 2 2 8 2 2 2 2 2
left_child=1 2 3 -1 -5 -2 8 -6 -4 10 -7
right_child=5 -3 6 4 7 9 -8 -9 -10 -11 -12
leaf_value=-0.0010644174411662015 -2.2222132974356303e-05 -0.00058375788000439809 -1.8377656516963959e-05 -0.00059361241690732993 -7.3305196245578616e-05 0.0067897714864300178 -6.5267571181513379e-05 3.8494251727437832e-05 0.002683297878352431 0.0017481584884431801 -0.0001509075345487487
leaf_weight=20 29 20 35 33 23 30 29 31 81 106 20
leaf_count=20 29 20 35 33 23 30 29 31 81 106 20
internal_value=-0.000392093 -0.000777126 -0.000561709 -0.00134045 -0.000734624 0.000164155 3.42937e-06 -1.82482e-05 0.000222603 0.000357143 5.90551e-05
internal_weight=457 272 252 107 87 185 145 54 116 156 50
internal_count=457 272 252 107 87 185 145 54 116 156 50
is_linear=0
shrinkage=0.01


Tree=658
num_leaves=11
num_cat=0
split_feature=57 41 61 92 37 16 61 10 25 91
split_gain=0.845494 1.66431 0.974453 0.630786 0.443743 0.313306 0.232572 0.0722186 0.0668954 0.195045
threshold=5.084999561500001 1.3500000390000002 1.5950002670000003 18.627672485000002 4.8499999045000015 0.66049697150000009 2.3349995615000005 0.59389150000000013 2.2142857185000007 111.25171990000001
decision_type=2 2 2 8 2 2 2 2 2 2
left_child=3 -2 5 -1 6 7 8 -3 9 -5
right_child=1 2 -4 4 -6 -7 -8 -9 -10 -11
leaf_value=-0.0010773142128237632 -0.00048242536898845489 2.7354282921503844e-05 -2.571609421978921e-05 -0.00054572100478829887 -0.00064297302609426566 -0.00037316465359439355 -0.00011377168768809345 0.00015564534496463674 0.0019598118337206872 0.0019436874942057075
leaf_weight=38 21 28 23 25 21 33 39 49 141 51
leaf_count=38 21 28 23 25 21 33 39 49 141 51
internal_value=-0.000369306 -0.000975452 -0.00053438 -6.49145e-05 9.53924e-05 -0.000117329 0.000218069 0.000212082 0.00035124 7.8125e-05
internal_weight=469 154 133 315 277 110 256 77 217 76
internal_count=469 154 133 315 277 110 256 77 217 76
is_linear=0
shrinkage=0.01


Tree=659
num_leaves=10
num_cat=0
split_feature=93 61 64 53 15 54 8 42 46
split_gain=0.953174 0.985158 1.01515 0.966016 0.596521 0.590516 0.480807 0.135713 0.104623
threshold=26.158520245000002 2.2649998665000006 33.050001145000003 0.94999999950000003 0.71059983350000011 7.2500000520000016 0.60812251800000017 2.9999999930000008 4.8999999465000004
decision_type=10 2 2 2 2 2 2 2 2
left_child=1 2 3 -1 5 -5 -3 -4 -6
right_child=-2 6 7 4 8 -7 -8 -9 -10
leaf_value=-0.00044196353709670736 0.0056966195552127378 -3.8456059969405322e-05 -0.0001959863173521217 -4.3287101065367285e-05 0.0059104045493628592 -0.00037158634185795739 -0.00032556269832593023 0.00059240673810552849 -0.00064226605508405598
leaf_weight=23 87 20 20 128 44 27 20 89 20
leaf_count=23 87 20 20 128 44 27 20 89 20
internal_value=-0.000457393 -0.000669985 -0.000490335 -0.000852554 -0.000630118 -0.000965982 -0.00215686 0.000295993 0.000154321
internal_weight=478 391 351 242 219 155 40 109 64
internal_count=478 391 351 242 219 155 40 109 64
is_linear=0
shrinkage=0.01


Tree=660
num_leaves=13
num_cat=0
split_feature=18 57 77 4 4 50 7 4 39 19 68 2
split_gain=0.962508 1.14387 1.324 1.09532 1.57223 0.423242 0.378008 0.918574 0.278195 0.374583 0.129466 0.0192946
threshold=39.945000000000007 2.7749996185000003 9.2000000135000022 0.36606088800000008 0.3146339285000001 13.849999955000003 0.48994885700000007 0.39586273800000005 5.5999999975000003 0.92857143100000006 66.07999992000002 0.25088085750000005
decision_type=2 2 2 2 2 2 2 2 2 2 2 2
left_child=1 11 3 4 -3 8 -7 -8 9 -2 -10 -1
right_child=5 2 -4 -5 -6 6 7 -9 10 -11 -12 -13
leaf_value=0.00064274719825578987 -7.5762284769784262e-05 -0.00026562458373362362 8.7965276260628122e-06 -0.00020174042160447125 -0.0012399432281869599 0.0011809866541196842 -0.00054335527897095076 0.0021039274375237692 0.0024374823437987711 0.0026945793231276404 -5.6659267663441915e-05 0.0016427088817091119
leaf_weight=20 26 23 37 26 27 21 31 30 137 22 23 26
leaf_count=20 26 23 37 26 27 21 31 30 137 22 23 26
internal_value=-0.000430191 -0.00105444 -0.0015949 -0.00234375 -0.00320866 -7.90921e-05 -0.000688406 -0.00109223 0.000153257 -0.000491803 0.000360697 0.000235043
internal_weight=449 159 113 76 50 290 82 61 208 48 160 46
internal_count=449 159 113 76 50 290 82 61 208 48 160 46
is_linear=0
shrinkage=0.01


Tree=661
num_leaves=12
num_cat=0
split_feature=61 13 65 20 5 14 93 13 14 67 92
split_gain=0.865576 0.338179 0.494648 0.737919 0.417096 1.09428 0.375527 0.341577 0.321615 0.332781 0.133117
threshold=1.0000000180025095e-35 0.63314107500000005 2.1300001145000005 2.5571428200000006 0.45513783350000009 0.70435407150000018 20.899222515000002 0.68198537500000012 0.69721657100000012 46.56999921500001 28.987920785000004
decision_type=2 2 2 2 2 2 8 2 2 2 10
left_child=-1 10 3 8 5 7 -6 -4 9 -3 -2
right_child=1 2 4 -5 6 -7 -8 -9 -10 -11 -12
leaf_value=-0.00046383296847143831 0.0003103765103524412 0.0023120308157794029 -7.6072777668613587e-05 -0.00061536997831757295 -2.7886983493132491e-05 -0.00066884842991121133 0.0018491791756822991 5.2065068182589303e-06 0.0044707373919952737 -0.00084519485474188671 -3.1025856225514496e-05
leaf_weight=20 83 22 28 28 22 24 36 23 123 28 20
leaf_count=20 83 22 28 28 22 24 36 23 123 28 20
internal_value=-0.000304718 -0.000204431 -0.00036141 -3.71655e-05 -0.000833333 -0.00132586 -0.000153061 -0.000434363 0.000198504 -0.000452756 0.0002842
internal_weight=457 437 334 201 133 75 58 51 173 50 103
internal_count=457 437 334 201 133 75 58 51 173 50 103
is_linear=0
shrinkage=0.01


Tree=662
num_leaves=13
num_cat=1
split_feature=79 94 33 17 57 86 18 13 11 19 23 93
split_gain=0.917686 0.3153 0.729724 0.47254 0.823398 0.218015 0.194921 0.155109 0.170852 0.103439 0.10084 0.0794498
threshold=3.7957142740000003 0 5.2642857005000012 0.61277692900000014 4.4650001525000009 18.972856930000003 68.960000000000022 0.66939020000000016 0.71280210700000013 0.75000001250000004 1.8714285535000001 25.437675475000002
decision_type=2 1 2 2 2 2 2 2 2 2 2 8
left_child=-1 2 -2 4 -4 10 9 -8 -9 -7 -3 -12
right_child=1 5 3 -5 -6 6 7 8 -10 -11 11 -13
leaf_value=-0.00039900976660124394 -0.00059191306897677493 0.0036165603980598073 -0.00087136328435040878 0.00070627384431501449 7.2440141565909991e-06 4.7218320646593703e-05 -9.358224194620832e-05 0.00053842575415365883 -0.00031762178655030804 -2.4059505666468423e-05 0.0015970796281079269 -0.00032993240024223748
leaf_weight=27 21 126 25 58 35 43 20 20 20 20 24 33
leaf_count=27 21 126 25 58 35 43 20 20 20 20 24 33
internal_value=-0.000194585 -7.96321e-05 -0.000457276 -0.000159933 -0.000789474 9.78535e-05 -0.000214055 -0.000625 -0.000196078 0.000148903 0.000323721 0
internal_weight=472 445 139 118 60 306 123 60 40 63 183 57
internal_count=472 445 139 118 60 306 123 60 40 63 183 57
cat_boundaries=0 1
cat_threshold=2163906
is_linear=0
shrinkage=0.01


Tree=663
num_leaves=10
num_cat=0
split_feature=16 62 5 3 3 62 23 53 1
split_gain=0.950744 0.828719 0.491155 0.625305 0.673182 0.653615 0.404279 0.333233 0.033148
threshold=0.70662519050000017 34.889999865000007 0.42887588100000007 0.32750214250000004 0.29493442850000001 37.34499979000001 1.6857142955000002 0.94999999950000003 0.3071138570000001
decision_type=2 2 2 2 2 2 2 2 2
left_child=1 -1 3 4 5 -3 -4 -2 -8
right_child=7 2 6 -5 -6 -7 8 -9 -10
leaf_value=-0.00052768412331553589 -0.00044642905684742242 0.00042977078491455794 -0.00020355172204094101 -0.0024779183452795545 5.8861547690792537e-05 -0.00051504487820031378 0.0010683902769174237 0.0042283533663477211 0.00035390337470121312
leaf_weight=37 20 33 33 23 43 79 66 123 20
leaf_count=37 20 33 33 23 43 79 66 123 20
internal_value=-0.000396609 -0.000689964 -0.000502015 -0.000833333 -0.000580873 -0.000992908 0 0.000274687 0.000357143
internal_weight=477 334 297 178 155 112 119 143 86
internal_count=477 334 297 178 155 112 119 143 86
is_linear=0
shrinkage=0.01


Tree=664
num_leaves=13
num_cat=1
split_feature=94 39 76 91 27 64 68 25 16 33 5 0
split_gain=0.845396 0.606138 0.793319 0.637346 0.416869 0.625597 0.388219 0.325275 0.131863 0.15108 0.0825569 0.0193206
threshold=0 5.8000001165000006 6.171428510000001 86.163175245000005 4.0214285510000005 32.379999635000011 65.294999125000018 2.2285713975000001 0.6125375715000001 4.9500000135000013 0.42164786900000006 0.21668177050000001
decision_type=1 2 2 2 2 2 2 2 2 2 2 2
left_child=1 2 4 -3 -1 -6 8 -8 -2 -10 11 -5
right_child=6 3 -4 10 5 -7 7 -9 9 -11 -12 -13
leaf_value=2.168140220346899e-05 -4.3761042411770375e-05 -0.0021751728037840089 -0.0012469387260363727 3.8825647212196332e-06 -0.00022315117585349682 -5.1816159310184204e-06 -0.00029115650745231133 7.2799036724523725e-06 -0.00056298839136554961 0.0029288019011945794 0.0013068591752094958 -8.0413628597571148e-05
leaf_weight=37 36 20 25 22 25 25 22 23 20 146 41 20
leaf_count=37 36 20 25 22 25 25 22 23 20 146 41 20
internal_value=-0.000360847 -0.00079938 -0.00134752 -0.000255299 -0.000848519 -0.00143701 4.46082e-05 -0.000775109 0.000241617 0.000365707 0.000113365 -0.000163551
internal_weight=462 215 112 103 87 50 247 45 202 166 83 42
internal_count=462 215 112 103 87 50 247 45 202 166 83 42
cat_boundaries=0 1
cat_threshold=169936043
is_linear=0
shrinkage=0.01


Tree=665
num_leaves=12
num_cat=0
split_feature=53 42 12 18 10 1 3 20 12 48 10
split_gain=0.92252 0.532687 0.523122 0.40595 0.536186 0.82849 0.318984 0.263939 0.221073 0.130272 0.206002
threshold=0.60000001650000001 5.299999982000001 0.69807888100000015 29.740000000000006 0.65073514300000013 0.24388165700000003 0.23128571450000004 2.6071428400000003 0.6461100715000001 11.199999935000003 0.66171585750000006
decision_type=2 2 2 2 2 2 2 2 2 2 2
left_child=-1 2 6 4 5 -3 -2 9 -8 10 -5
right_child=1 3 -4 7 -6 -7 8 -9 -10 -11 -12
leaf_value=-0.00045690148267198556 -6.5768732870368746e-05 -9.4011029786874293e-05 -0.000337670273068199 0.0027874435741565944 0.0012722927861250643 -0.00080091447770028396 -1.9404185291463897e-05 -0.0007570291990726685 1.2638988511507157e-05 0.0017608805854155305 -0.00013498004206077924
leaf_weight=24 26 38 38 40 30 20 33 20 42 136 34
leaf_count=24 26 38 38 40 30 20 33 20 42 136 34
internal_value=-0.00036841 -0.000261031 -0.000776109 -2.82309e-05 -0.000608108 -0.00117347 -0.000368369 0.000186309 -6.59629e-06 0.000298861 -1.3369e-05
internal_weight=481 457 139 318 88 58 101 230 75 210 74
internal_count=481 457 139 318 88 58 101 230 75 210 74
is_linear=0
shrinkage=0.01


Tree=666
num_leaves=11
num_cat=1
split_feature=94 3 30 75 15 8 15 18 25 2
split_gain=0.502496 0.648023 0.856057 0.372181 0.544837 0.307844 0.235181 0.138435 0.195577 0.0302359
threshold=0 0.27177692900000006 3.0428571190000002 6.4107141665000009 0.68439514250000011 0.67282402350000015 0.60295828550000008 112.09000000000002 2.2142857015000006 0.30964271400000004
decision_type=1 2 2 2 2 2 2 2 2 2
left_child=1 2 -1 9 6 7 -5 -2 -9 -3
right_child=5 3 -4 4 -6 -7 -8 8 -10 -11
leaf_value=-0.00098301422612531134 0.00046870751987391769 0.0053338744313729128 1.1040071920455178e-06 -8.2384805768205308e-05 -0.00036308817657552034 -7.4070416178550959e-05 8.7126683284965628e-05 -6.0647819490496997e-05 0.0014510867192033363 0.001578226775642155
leaf_weight=22 154 53 26 20 38 31 40 20 26 20
leaf_count=22 154 53 26 20 38 31 40 20 26 20
internal_value=-0.000139752 -0.00047215 -0.00151639 -0.000189173 -0.000597166 0.000179901 0 0.000338645 -0.000106838 0.000331978
internal_weight=450 219 48 171 98 231 60 200 46 73
internal_count=450 219 48 171 98 231 60 200 46 73
cat_boundaries=0 1
cat_threshold=170393754
is_linear=0
shrinkage=0.01


Tree=667
num_leaves=13
num_cat=1
split_feature=94 92 91 91 6 32 3 7 7 45 3 6
split_gain=0.835279 1.35476 0.561503 0.811214 0.454359 0.263591 0.263374 0.366865 0.71236 0.1316 0.0235968 0.0180012
threshold=0 21.597050835000005 81.602127495000019 78.397125575000004 0.45194978550000003 4.0071428675000007 0.33971077550000006 0.5852201425000001 0.54676664300000011 1.1500000245000004 0.39936442850000003 0.51027864250000021
decision_type=1 8 2 2 2 2 2 2 2 2 2 2
left_child=1 -1 3 5 -3 -2 9 8 -8 -4 -9 -6
right_child=2 4 6 -5 11 -7 7 10 -10 -11 -12 -13
leaf_value=-0.0010234505494413934 0.00065772627386315174 -0.00043287453355099172 0.00017808745566348132 -0.00014530686758788472 0.0034573112420556492 -0.00024294310204173259 0.00036820408051711578 0.0030855783462076197 -0.00031052228025933395 -0.00017815768694787569 0.00018456774076849744 0.0017788255102135792
leaf_weight=31 32 39 149 23 24 27 28 34 20 23 20 20
leaf_count=31 32 39 149 23 24 27 28 34 20 23 20 20
internal_value=-0.000346219 -0.00104968 -8.17884e-05 -0.000809179 -0.000435561 -0.00014214 0.000127365 -0.000262646 -0.000901639 0.00037037 0.000273723 0.000223214
internal_weight=470 114 356 82 83 59 274 102 48 172 54 44
internal_count=470 114 356 82 83 59 274 102 48 172 54 44
cat_boundaries=0 1
cat_threshold=169936388
is_linear=0
shrinkage=0.01


Tree=668
num_leaves=9
num_cat=0
split_feature=53 16 70 80 84 57 46 5
split_gain=0.527464 0.503174 1.16824 0.265038 0.349416 0.346384 0.128255 0.195577
threshold=0.60000001650000001 0.69381592900000011 46.034999845000009 14.975000110000002 12.936428480000002 4.2500004770000013 5.3500000240000007 0.42707578600000007
decision_type=2 2 2 2 2 2 2 2
left_child=-1 2 -2 -4 -5 -6 -3 -8
right_child=1 6 3 4 5 -7 7 -9
leaf_value=-0.00030592426176968872 -0.00044920115415096335 0.0028730591912704364 -0.00022562093262316139 2.8762230974757228e-05 1.3540223299950588e-05 -4.5788169961517953e-05 -0.0006638992054226932 0.0034443750063972703
leaf_weight=28 39 121 23 90 52 77 20 26
leaf_count=28 39 121 23 90 52 77 20 26
internal_value=-0.000209732 -0.000120321 -0.000381476 -0.000111203 0 -0.000335131 0.000306913 -0.000106838
internal_weight=476 448 281 242 219 129 167 46
internal_count=476 448 281 242 219 129 167 46
is_linear=0
shrinkage=0.01


Tree=669
num_leaves=12
num_cat=0
split_feature=80 42 69 91 22 92 41 33 48 60 22
split_gain=0.866449 0.627278 0.55709 0.365335 0.732844 0.243646 0.321608 0.554741 0.263235 0.211874 0.139116
threshold=14.975000110000002 5.1500000355000006 85.265000345000018 66.85331105500002 1.9571428385000003 25.856076950000006 1.0500000045000002 5.2428571500000007 10.750000135000002 7.8250002860000007 1.9142857025000002
decision_type=2 2 2 2 2 8 2 2 2 2 2
left_child=-1 2 -2 -4 9 6 -3 -8 -9 -5 -7
right_child=1 5 3 4 -6 10 7 8 -10 -11 -12
leaf_value=-0.00060874565477054849 -0.00028184426564215661 0.0012163044281061801 0.00025066479727034159 5.8258931379519189e-06 -6.8071704660571138e-05 0.0027533477691040632 -0.0018612857811749503 -0.0011417918760856 0.00023395226973017914 -1.8119783247295818e-05 -4.1575202952871883e-05
leaf_weight=38 20 45 30 31 30 123 24 26 53 20 21
leaf_count=38 20 45 30 31 30 123 24 26 53 20 21
internal_value=-0.000341057 -0.000204106 -0.000777693 -0.000469589 -0.000825183 4.78142e-05 -0.000228495 -0.000544316 -0.000106516 -4.82625e-05 0.000345304
internal_weight=461 423 131 111 81 292 148 103 79 51 144
internal_count=461 423 131 111 81 292 148 103 79 51 144
is_linear=0
shrinkage=0.01


Tree=670
num_leaves=14
num_cat=1
split_feature=94 17 36 75 47 89 46 88 17 92 43 43 1
split_gain=0.59773 0.610861 0.691399 0.465027 0.47965 0.655612 0.425825 0.210768 0.50012 0.111879 0.121554 0.139935 0.0186605
threshold=0 0.62112930950000012 4.5499999865000005 7.8985713015000014 19.250000125000003 18.111428670000006 5.7000000475000006 16.277856825000004 0.68784068600000015 18.397204175000002 5.5499999675000007 6.3499999120000004 0.25515121400000002
decision_type=1 2 2 2 2 2 2 2 2 10 2 2 2
left_child=1 2 -1 7 5 -5 -3 8 -2 -9 -11 -12 -10
right_child=3 6 -4 4 -6 -7 -8 9 12 10 11 -13 -14
leaf_value=-1.1286630859677649e-06 -0.00062433106555857072 0.0010334326848755596 -0.0011798009956110556 -7.2200176407082714e-05 3.2254031280997967e-05 5.7313032190850493e-07 -0.0006734499265741012 -1.2428067938600297e-05 0.0032213511659953354 0.0012574173025789166 -0.00025718848806801443 0.00060404102527109483 0.0015898660801196335
leaf_weight=21 23 35 25 21 21 26 28 20 25 159 25 27 20
leaf_count=21 23 35 25 21 21 26 28 20 25 159 25 27 20
internal_value=-0.000251678 -0.00086394 -0.00181624 -3.83801e-05 -0.000784884 -0.00134937 -0.000258621 0.000125083 -0.000348837 0.000273943 0.000347026 -3.78788e-05 0.000229258
internal_weight=476 109 46 367 68 47 63 299 68 231 211 52 45
internal_count=476 109 46 367 68 47 63 299 68 231 211 52 45
cat_boundaries=0 1
cat_threshold=572523652
is_linear=0
shrinkage=0.01


Tree=671
num_leaves=12
num_cat=0
split_feature=17 5 3 91 39 91 81 11 37 0 6
split_gain=0.505702 0.446617 0.697605 0.532912 0.574931 0.901923 0.242128 0.211874 0.120992 0.11645 0.0383218
threshold=0.68431400000000009 0.45513783350000009 0.33904378550000008 95.446443330000008 6.7500000300000016 78.719873865000011 13.96642862 0.62818764300000007 4.8499999045000015 0.10300379150000001 0.39272507150000008
decision_type=2 2 2 2 2 2 2 2 2 2 2
left_child=1 2 3 4 5 -1 -3 -6 10 -5 -2
right_child=8 6 -4 9 7 -7 -8 -9 -10 -11 -12
leaf_value=8.920213820482938e-05 0.0027682063059539372 0.0016874259511990759 -0.00053866126504085641 -0.00053380053544285679 0.0016238111799612332 -0.00065336506156430719 -2.6459402892743946e-05 -0.0021110843263863468 -0.00013033782888169151 0.00040729726725866543 0.0029215683199651978
leaf_weight=22 20 67 35 20 31 35 23 20 20 56 105
leaf_count=22 20 67 35 20 31 35 23 20 20 56 105
internal_value=-0.000200088 -0.000430923 -0.000675614 -0.000411255 -0.000863971 -0.00154844 0.000143172 -4.82625e-05 0.000277778 0.000208333 0.000401431
internal_weight=454 309 219 184 108 57 90 51 145 76 125
internal_count=454 309 219 184 108 57 90 51 145 76 125
is_linear=0
shrinkage=0.01


Tree=672
num_leaves=12
num_cat=1
split_feature=94 93 21 21 0 93 5 57 18 47 0
split_gain=0.523087 0.982967 0.587792 1.12735 1.1668 0.914953 0.388468 0.530579 0.211874 0.041986 0.0186605
threshold=0 26.012883985000006 1.6571428735000002 1.8285714135000002 0.19250341700000004 25.894776115000003 0.36613171450000004 4.379999637500001 59.560000000000009 19.650000220000006 0.075247895500000009
decision_type=1 10 2 2 2 8 2 2 2 2 2
left_child=1 2 -1 4 5 -4 7 -2 -5 -8 -9
right_child=6 -3 3 8 -6 -7 9 10 -10 -11 -12
leaf_value=0.0016443645577056127 -0.0012834224590261261 0.0031526901025277125 1.1789903908234383e-05 -0.00085384222501097421 -0.00075606698272480237 -0.00031929481717791287 4.1253839617743468e-05 0.0003468626136333371 0.00023138825108906904 3.4574256442703855e-05 1.696396732087798e-05
leaf_weight=24 29 69 33 20 21 20 163 20 31 20 25
leaf_count=24 29 69 33 20 21 20 163 20 31 20 25
internal_value=-0.000127154 -0.000476399 -0.000957944 -0.00123609 -0.00201872 -0.00114312 0.000173637 -0.000414438 -4.82625e-05 0.000432535 0.000229258
internal_weight=475 218 149 125 74 53 257 74 51 183 45
internal_count=475 218 149 125 74 53 257 74 51 183 45
cat_boundaries=0 1
cat_threshold=11536060
is_linear=0
shrinkage=0.01


Tree=673
num_leaves=8
num_cat=0
split_feature=93 46 21 17 87 87 2
split_gain=0.54455 0.433971 0.372746 0.372707 0.849484 0.404281 0.0249217
threshold=25.694522490000004 8.5500001795000014 1.9142856855000001 0.69084445250000004 21.336428505000004 22.573571345000001 0.32387264250000009
decision_type=10 2 2 2 2 2 2
left_child=1 2 3 4 -1 -6 -5
right_child=-2 -3 -4 6 5 -7 -8
leaf_value=-0.00044658087383329714 0.0030785523010101322 -0.00082478002944880516 0.00074937420495240165 0.00377947055877596 8.3870406545413106e-06 -6.1217221067490452e-05 0.0015067642524006965
leaf_weight=34 105 21 59 37 90 82 20
leaf_count=34 105 21 59 37 90 82 20
internal_value=-0.000142602 -0.00033886 -0.000238538 -0.000403715 -0.000604449 -0.000300926 0.000285467
internal_weight=448 343 322 263 206 172 57
internal_count=448 343 322 263 206 172 57
is_linear=0
shrinkage=0.01


Tree=674
num_leaves=10
num_cat=1
split_feature=94 93 48 0 91 19 73 0 5
split_gain=0.557512 1.12739 0.505549 0.409805 0.399346 0.349223 0.273176 0.0420292 0.0268617
threshold=0 14.156054705000001 18.099999700000001 0.27026441650000005 80.232286600000009 0.91428571500000011 -2.3828571194999992 0.29496735400000001 0.42560378550000005
decision_type=1 10 2 2 2 2 2 2 2
left_child=1 -1 7 4 -4 6 -3 -2 -6
right_child=2 5 3 -5 8 -7 -8 -9 -10
leaf_value=-0.00091106720921509989 0.00030798361120752769 -0.00021050999233709303 -5.0452317552013707e-05 -0.0006552553989552087 1.2414033692650893e-05 -0.00020043807610505755 2.6411858983893169e-05 0.0015057222354424144 0.0004583658256197848
leaf_weight=30 164 33 21 22 42 37 65 20 20
leaf_count=30 164 33 21 22 42 37 65 20 20
internal_value=-0.000156113 -0.000600114 0.000108406 -0.000430057 -7.75656e-05 -0.000224595 7.08502e-05 0.0004329 0.000302548
internal_weight=454 165 289 105 83 135 98 184 62
internal_count=454 165 289 105 83 135 98 184 62
cat_boundaries=0 1
cat_threshold=136316560
is_linear=0
shrinkage=0.01


Tree=675
num_leaves=13
num_cat=0
split_feature=57 64 16 26 16 0 41 3 2 48 0 2
split_gain=0.791962 1.1014 1.59752 0.655641 0.302351 0.256891 0.310041 0.576881 0.240115 0.145775 0.0382291 0.0319177
threshold=4.8300004005000003 33.095000745000007 0.65516954750000012 4.0642856870000008 0.7073590715000001 0.24826577100000005 12.700000170000001 0.27244857150000007 0.29986052350000003 17.899999905000005 0.26586679200000002 0.29115764300000008
decision_type=2 2 2 2 2 2 2 2 2 2 2 2
left_child=4 2 3 -2 5 6 11 -8 -9 -3 -6 -1
right_child=1 9 -4 -5 10 -7 7 8 -10 -11 -12 -13
leaf_value=2.6831970781498009e-05 0.00035802622965992221 0.0013518478481695329 -0.00073540338479796241 -7.0115279396394247e-05 0.0047289416015501842 -0.0012326388340543153 -0.00059787986731235448 0.0016780418207718701 -0.00022437501322803433 -1.3565102943326325e-05 0.0017188017525322291 0.00026237957954062765
leaf_weight=60 36 43 25 29 104 21 25 42 20 29 20 20
leaf_count=60 36 43 25 29 104 21 25 42 20 29 20 20
internal_value=-0.000275906 -0.000841523 -0.00157489 -0.000691489 1.27877e-05 -0.000233051 -8.64124e-05 -0.000506834 0 5.49451e-05 0.000400641 0.000346535
internal_weight=474 162 90 65 312 188 167 87 62 72 124 80
internal_count=474 162 90 65 312 188 167 87 62 72 124 80
is_linear=0
shrinkage=0.01


Tree=676
num_leaves=12
num_cat=0
split_feature=68 9 68 14 92 46 14 9 2 3 42
split_gain=0.526327 0.797409 0.621634 0.414883 0.32433 0.292255 0.518462 0.732187 0.198473 0.18323 0.13935
threshold=65.294999125000018 0.67242430000000009 66.199997900000014 0.59000164300000013 26.231004275000004 5.2000001075000002 0.6933450240000002 0.65832500000000016 0.20814571400000001 0.34945450000000006 12.550000005000001
decision_type=2 2 2 2 10 2 2 2 2 2 2
left_child=3 2 -2 -1 5 8 -7 -8 -5 -10 -6
right_child=1 -3 -4 4 10 6 7 -9 9 -11 -12
leaf_value=-0.00025474360493982646 -0.00014879500832257043 -0.00053264039079217577 1.4397654432112007e-05 -7.4314826036470311e-05 0.000687141512789242 0.004077838370953127 -0.00088346330612784434 -0.00034830219571072073 0.00042853861714399206 -0.00015127398225396038 -2.1433646042828823e-06
leaf_weight=26 22 26 38 20 124 24 20 34 77 30 21
leaf_count=26 22 26 38 20 124 24 20 34 77 30 21
internal_value=-0.000274417 -0.000979263 -0.000296053 -0.000106157 -8.55187e-06 -0.000269679 -0.000748731 -0.00129562 1.17371e-05 0.000199443 0.000346365
internal_weight=462 86 60 376 350 205 78 54 127 107 145
internal_count=462 86 60 376 350 205 78 54 127 107 145
is_linear=0
shrinkage=0.01


Tree=677
num_leaves=9
num_cat=1
split_feature=94 16 53 52 6 10 74 42
split_gain=0.830549 0.88557 0.534551 0.702468 0.527399 0.581485 0.241558 0.231083
threshold=0 0.7073590715000001 4.7999999750000013 4.3000000270000003 0.51452969050000008 0.58477135700000005 8.3828570840000012 15.499999790000002
decision_type=1 2 2 2 2 2 2 2
left_child=1 2 3 4 5 -1 7 -2
right_child=6 -3 -4 -5 -6 -7 -8 -9
leaf_value=-6.1414165219312063e-06 0.00011676528652700711 0.0036607850836582055 0.00010257256339811353 -0.00038854913286933421 0.0016576217272999364 -0.00025898819976976777 -0.00055979651461421126 -0.00015845266266130206
leaf_weight=35 183 56 23 32 26 68 23 30
leaf_count=35 183 56 23 32 26 68 23 30
internal_value=-0.000188758 -0.000590112 -0.000952381 -0.00115884 -0.000797381 -0.00112235 0.000226904 0.000348457
internal_weight=476 240 184 161 129 103 236 213
internal_count=476 240 184 161 129 103 236 213
cat_boundaries=0 1
cat_threshold=134217919
is_linear=0
shrinkage=0.01


Tree=678
num_leaves=11
num_cat=0
split_feature=39 5 39 8 18 3 4 50 40 3
split_gain=0.529465 0.554654 0.697993 0.599725 0.420012 0.331435 1.16708 0.278113 0.145292 0.0253349
threshold=5.9999999665000017 0.49723407150000004 5.2999999855000004 0.59541307150000011 9.3850000000000016 0.33971077550000006 0.38621613100000002 9.7500000000000018 8.7500003945000024 0.32958571450000002
decision_type=2 2 2 2 2 2 2 2 2 2
left_child=1 2 3 7 -2 8 -7 -1 -6 -9
right_child=4 -3 -4 -5 5 6 -8 9 -10 -11
leaf_value=-4.2104081359433082e-05 -0.0011116911541476943 9.8963207996653546e-05 -0.00091346646901321166 -0.00011411084842017833 0.00061933755814616489 -0.00063938721675513201 0.0014706363690726312 6.3664339987876259e-06 -0.00060794937552111517 0.0025990945649071355
leaf_weight=26 20 34 31 36 155 25 49 38 21 20
leaf_count=26 20 34 31 36 155 25 49 38 21 20
internal_value=-0.00026437 -0.000675457 -0.000938735 -0.000562914 1.10783e-05 0.000131579 -0.000414438 -7.07547e-05 0.000373303 0.000289116
internal_weight=455 185 151 120 270 250 74 84 176 58
internal_count=455 185 151 120 270 250 74 84 176 58
is_linear=0
shrinkage=0.01


Tree=679
num_leaves=10
num_cat=1
split_feature=53 94 33 63 10 5 10 88 66
split_gain=0.726962 0.400764 0.393582 0.400975 0.469033 0.310379 0.847201 0.0892053 0.0809468
threshold=0.60000001650000001 0 5.2642857005000012 30.349999425000004 0.66171585750000006 0.36613171450000004 0.58477135700000005 16.114285810000002 20.505000115000005
decision_type=2 1 2 2 2 2 2 2 2
left_child=-1 2 -2 8 -5 6 -3 -7 -4
right_child=1 5 3 4 -6 7 -8 -9 -10
leaf_value=-0.00040875955351110676 -0.0006032524681739603 0.00015713314045744242 0.0013933046337732291 1.0781664813668186e-06 -0.00074136014224270713 -1.7086957288564108e-05 -0.0013399049400729392 0.0010724797216373396 -0.00019204834540686934
leaf_weight=25 21 51 51 33 23 35 32 176 26
leaf_count=25 21 51 51 33 23 35 32 176 26
internal_value=-0.000129802 -3.11943e-05 -0.000430825 -0.000235426 -0.000880282 0.000180446 -0.000316229 0.00039424 0.000212082
internal_weight=473 448 154 133 56 294 83 211 77
internal_count=473 448 154 133 56 294 83 211 77
cat_boundaries=0 1
cat_threshold=9438446
is_linear=0
shrinkage=0.01


Tree=680
num_leaves=9
num_cat=0
split_feature=53 68 66 47 78 79 2 7
split_gain=0.503129 0.325785 0.572246 0.168787 0.252871 0.42068 0.15139 0.0892094
threshold=0.60000001650000001 65.294999125000018 21.719999790000006 4.2499999255000009 6.6328572025000012 5.0207142455000007 0.19590371450000002 0.57849114300000015
decision_type=2 2 2 2 2 2 2 2
left_child=-1 3 -3 -2 -5 -6 -7 -4
right_child=1 2 7 4 5 6 -8 -9
leaf_value=-0.00042790902392162155 -0.0009474060920339005 -0.00063484319969866565 1.5028112942684403e-05 0.0031328606929600872 -0.00019493805777516757 -0.00018248742457468368 1.0628237353424784e-05 -1.2762506149335912e-05
leaf_weight=31 37 39 33 149 28 28 116 20
leaf_count=31 37 39 33 149 28 28 116 20
internal_value=-0.000119344 -2.88376e-05 -0.000560345 0.000103122 0.00018179 -6.94444e-05 0.000138122 8.36431e-05
internal_weight=481 450 92 358 321 172 144 53
internal_count=481 450 92 358 321 172 144 53
is_linear=0
shrinkage=0.01


Tree=681
num_leaves=11
num_cat=1
split_feature=94 39 0 62 22 67 1 41 14 0
split_gain=0.648643 0.679604 0.680813 0.345102 0.342724 0.635371 0.176595 0.157712 0.14557 0.0158575
threshold=0 7.1000001545000009 0.19250341700000004 40.809998990000004 1.8285714390000003 66.890000345000018 0.26315150000000004 0.85000000500000017 0.59575647650000008 0.12550053100000003
decision_type=1 2 2 2 2 2 2 2 2 2
left_child=1 2 -1 7 9 -6 -3 -2 -9 -5
right_child=3 6 -4 4 5 -7 -8 8 -10 -11
leaf_value=-3.343458797902039e-05 -3.626448975417707e-05 0.00057687308435831893 -0.00021971745202720744 0.00052499118737257659 -0.00029372794628343402 1.3179148399589414e-05 -2.4205919212839498e-05 -0.0002478128164946761 0.0007216473577886203 0.00015508475379251562
leaf_weight=28 36 33 22 21 20 24 23 22 214 20
leaf_count=28 36 33 22 21 20 24 23 22 214 20
internal_value=-7.86977e-05 -0.00072774 -0.00163386 0.000126427 -0.000413753 -0.00102679 0 0.000307918 0.000405405 0.000203349
internal_weight=463 106 50 357 85 44 56 272 236 41
internal_count=463 106 50 357 85 44 56 272 236 41
cat_boundaries=0 1
cat_threshold=8456932
is_linear=0
shrinkage=0.01


Tree=682
num_leaves=13
num_cat=0
split_feature=39 39 17 0 52 45 12 42 15 15 42 45
split_gain=0.490635 0.685572 1.20767 0.581223 0.40653 0.335256 0.325473 0.296272 0.206596 0.143 0.130591 0.202491
threshold=6.7000001370000009 5.499999948000001 0.6063485715000001 0.27026441650000005 0.35000000900000006 1.2000000365000003 0.6898453335000001 9.6499999800000023 0.71120335700000015 0.57979161900000009 4.0500000195000014 0.15000000200000005
decision_type=2 2 2 2 2 2 2 2 2 2 2 2
left_child=1 4 -3 5 -1 10 9 -8 -7 -6 11 -2
right_child=3 2 -4 -5 6 8 7 -9 -10 -11 -12 -13
leaf_value=-0.00020685690371478524 4.4735456840942352e-05 -0.00024577058540297027 -0.0004378171904645646 -0.00078726707178170376 -1.5008247946967453e-05 -0.00056820646347204408 -7.9408034905118844e-05 1.6279609468849988e-06 0.00021912674310344603 0.00017739620962491139 0.00057170451413085467 -0.0010975175552899053
leaf_weight=23 28 22 27 24 35 20 22 21 22 68 149 20
leaf_count=23 28 22 27 24 35 20 22 21 22 68 149 20
internal_value=-0.000285388 -0.000635283 -0.00167671 0 -0.000315077 0.00015638 -0.00010218 -0.000833333 -0.000630841 0.000187861 0.000336198 -8.19672e-05
internal_weight=481 218 49 263 169 239 146 43 42 103 197 48
internal_count=481 218 49 263 169 239 146 43 42 103 197 48
is_linear=0
shrinkage=0.01


Tree=683
num_leaves=12
num_cat=0
split_feature=39 39 8 12 1 33 35 3 21 29 48
split_gain=0.682321 1.23195 1.3334 0.342556 0.285203 0.26903 0.364656 0.19886 0.320272 0.128239 0.158016
threshold=6.7500000300000016 5.2999999855000004 0.63340750000000001 0.68301473200000007 0.31582357150000001 5.0642856530000016 4.6714285780000013 0.27177692900000006 1.7785714270000004 2.1857142705000006 11.199999885000002
decision_type=2 2 2 2 2 2 2 2 2 2 2
left_child=1 3 -3 7 -5 6 -2 8 -1 10 -7
right_child=5 2 -4 4 -6 9 -8 -9 -10 -11 -12
leaf_value=-3.3576251795876255e-05 -0.0016425190787238203 -0.0009048521359848133 1.6116674863002333e-06 1.5660618079070543e-06 -0.00036428297044971343 0.0011113748357520559 0.0015358160306335733 0.0021232595292140235 1.1969470286930901e-05 0.00065847356507024821 -9.084437254212459e-05
leaf_weight=21 26 31 21 29 21 37 21 71 22 142 39
leaf_count=21 26 31 21 29 21 37 21 71 22 142 39
internal_value=-0.000181611 -0.000599631 -0.00193182 -0.000157767 -0.000846457 0.00015237 -0.000512552 0.000130662 -0.000376712 0.000306216 0
internal_weight=481 216 52 164 50 265 47 114 43 218 76
internal_count=481 216 52 164 50 265 47 114 43 218 76
is_linear=0
shrinkage=0.01


Tree=684
num_leaves=11
num_cat=0
split_feature=17 69 7 68 9 33 76 8 18 19
split_gain=0.636245 0.857466 0.899523 0.499469 0.465465 0.655698 0.389836 0.539733 0.217151 0.0806789
threshold=0.68431400000000009 79.730000500000003 0.53064492850000011 65.294999125000018 0.67242430000000009 6.1214285575000007 6.3878571730000013 0.63080326200000003 23.080000000000002 0.59285715000000005
decision_type=2 2 2 2 2 2 2 2 2 2
left_child=1 2 -1 6 5 -5 9 -8 -2 -3
right_child=8 3 -4 4 -6 -7 7 -9 -10 -11
leaf_value=-0.0011007805152101898 -0.00037823726544653754 -1.0884957539548409e-05 0.0026777331136078266 -2.143002314148698e-05 -0.00022525316556149734 1.5347006093419722e-05 -0.00099307943682598555 0.0022440788595129869 0.0038068972555282601 3.3875794014062247e-05
leaf_weight=39 29 33 22 21 27 37 26 21 116 98
leaf_count=39 29 33 22 21 27 37 26 21 116 98
internal_value=-0.000262878 -0.000511084 -0.00157767 -0.000252085 -0.000879953 -0.000323129 3.91499e-05 -0.000721757 0.000277778 0.000330046
internal_weight=469 324 61 263 85 58 178 47 145 131
internal_count=469 324 61 263 85 58 178 47 145 131
is_linear=0
shrinkage=0.01


Tree=685
num_leaves=13
num_cat=1
split_feature=94 18 10 92 17 17 11 6 8 20 2 36
split_gain=0.76946 1.07444 1.35372 0.515625 0.413347 1.08469 0.375573 0.452694 0.118855 0.11004 0.0778705 0.0401139
threshold=0 55.565000000000005 0.59185221450000014 26.000940735000004 0.68431400000000009 0.66957750000000016 0.6574057860000001 0.50314714300000007 0.5655712140000001 2.3785714080000004 0.28093861550000004 5.2571427820000007
decision_type=1 2 2 10 2 2 2 2 2 2 2 2
left_child=1 2 -1 4 5 6 9 -8 -6 -2 -3 -5
right_child=3 10 -4 11 8 -7 7 -9 -10 -11 -12 -13
leaf_value=-5.9188252027187914e-05 1.8688123402301921e-05 -2.066766034162324e-05 -0.0015598807100330762 0.001219991362693047 -0.00061948129140081294 -0.00067522536238455986 -0.00025734344176142512 4.1405023228853453e-05 0.0037949356947580017 -9.8524560559037872e-06 0.000233060620451739 0.0012791724717105964
leaf_weight=31 49 20 29 128 20 20 23 32 59 20 27 20
leaf_count=31 49 20 29 128 20 20 23 32 59 20 27 20
internal_value=-0.000269424 -0.000971986 -0.00194079 -3.27396e-05 -0.000341823 -0.000662983 -0.000288462 -0.000905018 0.000219298 0.000179083 3.13808e-05 0.000416667
internal_weight=478 107 60 371 223 144 124 55 79 69 47 148
internal_count=478 107 60 371 223 144 124 55 79 69 47 148
cat_boundaries=0 1
cat_threshold=33554566
is_linear=0
shrinkage=0.01


Tree=686
num_leaves=14
num_cat=1
split_feature=94 50 91 70 70 30 47 18 43 6 27 3 1
split_gain=0.62087 0.522079 0.884939 0.832249 0.770764 0.274282 0.492904 0.470653 0.106342 0.172535 0.0592892 0.0710918 0.02997
threshold=0 9.8499999050000024 126.3016338 51.415000435000003 47.790000440000007 2.9000000185000006 16.399999875000002 63.145000000000003 2.2500000000000004 0.39272507150000008 3.8071428705000003 0.33529569050000002 0.18086821400000003
decision_type=1 2 2 2 2 2 2 2 2 2 2 2 2
left_child=1 5 3 4 -3 6 7 -1 9 -2 11 -10 -7
right_child=8 2 -4 -5 -6 12 -8 -9 10 -11 -12 -13 -14
leaf_value=-0.00099085214350085808 7.1458556543378051e-06 -0.00028432493473264049 0.001264414873418562 7.4821452635999038e-06 -0.00091329949623963457 4.6260989941101905e-05 0.0034016032438376614 6.3899786057875914e-05 0.0035525652133223508 -2.5348968703145566e-05 0.00043941115245124077 -0.0003612794490969133 0.0008005567481664638
leaf_weight=20 29 37 30 24 27 20 30 26 24 34 116 20 52
leaf_count=20 29 37 30 24 27 20 30 26 24 34 116 20 52
internal_value=-0.000170478 -0.000487717 -0.00100168 -0.00150901 -0.00209877 -9.4086e-05 -0.000520833 -0.00117521 0.000211719 -0.000101881 0.000360697 1.23068e-11 0.00032967
internal_weight=489 266 118 88 64 148 76 46 223 63 160 44 72
internal_count=489 266 118 88 64 148 76 46 223 63 160 44 72
cat_boundaries=0 1
cat_threshold=136383642
is_linear=0
shrinkage=0.01


Tree=687
num_leaves=13
num_cat=1
split_feature=94 16 33 16 74 18 16 12 50 92 15 1
split_gain=0.920388 0.589033 1.19632 0.721448 0.793847 0.306845 0.228474 0.463024 0.737021 0.197035 0.167605 0.033337
threshold=0 0.69003928600000008 5.4285714290000007 0.61683864300000013 7.5771428860000007 47.985000000000007 0.70662519050000017 0.67014275000000012 10.250000150000002 28.600154440000004 0.73050889250000017 0.16213907150000004
decision_type=1 2 2 2 2 2 2 2 2 8 2 2
left_child=1 2 -1 4 5 -4 7 11 9 -9 -3 -2
right_child=6 10 3 -5 -6 -7 -8 8 -10 -11 -12 -13
leaf_value=-0.0018087903413971415 -6.0682354252969459e-06 0.00046476778314269982 -0.00049214854885946144 1.781393162201338e-05 -0.00010976179843625289 3.1763708399451541e-06 0.0044842068007392233 0.00064587329366923383 -0.00035766665460594749 -9.8041338862134498e-05 -0.00050050462471918137 0.00081068400080710373
leaf_weight=23 20 38 31 36 23 39 105 31 20 21 25 67
leaf_count=23 20 38 31 36 23 39 105 31 20 21 25 67
internal_value=-0.000288662 -0.000755093 -0.00112565 -0.000720339 -0.0011887 -0.000607345 0.00010917 -0.00011577 -0.000714286 -3.78788e-05 0 0.00035877
internal_weight=479 215 152 129 93 70 264 159 72 52 63 87
internal_count=479 215 152 129 93 70 264 159 72 52 63 87
cat_boundaries=0 1
cat_threshold=706743939
is_linear=0
shrinkage=0.01


Tree=688
num_leaves=9
num_cat=1
split_feature=93 94 48 49 68 15 48 48
split_gain=0.595945 0.66363 0.576675 0.905343 0.78871 0.391086 0.125659 0.0947827
threshold=26.012883985000006 0 20.549999895000003 38.600000450000003 65.294999125000018 0.71059983350000011 22.449999890000004 24.249999975000005
decision_type=10 1 2 2 2 2 2 2
left_child=1 6 3 4 5 -3 -1 -4
right_child=-2 2 7 -5 -6 -7 -8 -9
leaf_value=0.0003188432709149481 0.0019192805770797986 -0.00015233932890714762 0.00094002800684368283 -0.00068389748654057924 -9.8513999364448939e-05 0.0010211790665417017 -8.269869254950353e-06 -0.00035539174647630274
leaf_weight=82 92 111 41 23 28 54 21 21
leaf_count=82 92 111 41 23 28 54 21 21
internal_value=-0.000235331 -0.00041252 -0.000654432 -0.000922509 -0.000678535 -0.000395054 0.000259227 0.000143312
internal_weight=473 381 278 216 193 165 103 62
internal_count=473 381 278 216 193 165 103 62
cat_boundaries=0 1
cat_threshold=672141704
is_linear=0
shrinkage=0.01


Tree=689
num_leaves=12
num_cat=0
split_feature=16 74 25 0 47 48 92 62 70 54 0
split_gain=0.967037 0.903068 0.659324 0.500499 0.344762 0.387766 0.266507 0.435764 0.377469 0.114333 0.0337027
threshold=0.6125375715000001 7.5771428860000007 2.2000000095000005 0.31458908350000009 18.149999590000004 17.899999905000005 26.231004275000004 40.894999980000009 42.80000067000001 0.35000000500000006 0.27026441650000005
decision_type=2 2 2 2 2 2 8 2 2 2 2
left_child=1 2 -1 6 -4 -6 7 8 -2 -8 -10
right_child=3 -3 4 -5 5 -7 9 -9 10 -11 -12
leaf_value=-0.00096175989111848561 -0.0006190826728065806 -0.00010222099836482692 1.7044510508335988e-05 -0.00035734145262867635 -6.6544253445791247e-06 -1.5726726267563899e-05 0.00014003597101553536 -0.00060899871207524233 0.00021439496017083948 0.0013594887693182468 0.0014137801177680398
leaf_weight=21 35 36 41 24 34 20 25 32 69 116 20
leaf_count=21 35 36 41 24 34 20 25 32 69 116 20
internal_value=-0.000404179 -0.00106021 -0.000599315 -8.54568e-05 -0.000213987 -0.000748175 2.18267e-05 -0.000255102 1.27758e-11 0.000342031 0.000361915
internal_weight=473 152 116 321 95 54 297 156 124 141 89
internal_count=473 152 116 321 95 54 297 156 124 141 89
is_linear=0
shrinkage=0.01


Tree=690
num_leaves=10
num_cat=0
split_feature=16 16 17 39 14 42 93 27 7
split_gain=0.827682 0.640858 0.334389 0.425427 0.539585 0.22717 0.320455 0.151431 0.0757048
threshold=0.69381592900000011 0.68083361900000006 0.55967792850000009 6.7000001370000009 0.64276785700000005 10.249999920000002 26.996233585000002 4.0714285200000004 0.56306028600000013
decision_type=2 2 2 2 2 2 8 2 2
left_child=1 2 3 4 -1 -4 -7 -2 -5
right_child=7 -3 5 8 -6 6 -8 -9 -10
leaf_value=-3.8079913498842656e-05 0.0024245268935280248 -0.00067215177572078097 3.0982255030737857e-05 5.8100820527457026e-06 -5.7457385983474753e-06 -0.00030684383909334689 0.0019010610351771018 -0.00012103733667311528 -0.00014464938042214271
leaf_weight=39 148 33 62 26 38 28 38 20 20
leaf_count=39 148 33 62 26 38 28 38 20 20
internal_value=-0.000181095 -0.00051264 -0.000327641 -0.000698708 -0.00115039 1.5528e-05 -0.000374251 0.000367299 2.13675e-05
internal_weight=452 284 251 123 77 128 66 168 46
internal_count=452 284 251 123 77 128 66 168 46
is_linear=0
shrinkage=0.01


Tree=691
num_leaves=11
num_cat=1
split_feature=94 53 52 53 16 88 88 88 88 5
split_gain=1.0245 0.614615 0.53551 0.562268 0.347219 0.524611 0.308745 0.207755 0.395675 0.037843
threshold=0 0.94999999950000003 1.0500000045000002 2.4000000170000004 0.7073590715000001 16.257142815000005 17.937142645000005 17.322142735000003 16.827142920000004 0.36212315750000007
decision_type=1 2 2 2 2 2 2 2 2 2
left_child=1 -1 -3 -4 5 -2 7 8 -7 -6
right_child=4 2 3 -5 9 6 -8 -9 -10 -11
leaf_value=-0.00056585814650170674 -0.00055521903467707547 0.0024026301272143469 -0.00081008412522079508 2.7544302001200051e-05 0.0026057966379564508 0.00072735901154893858 -5.2000218889007382e-06 1.0747288377611677e-05 -0.00023309145920502169 0.0037341911154755202
leaf_weight=24 28 24 33 20 20 66 22 73 60 100
leaf_count=24 28 24 33 20 20 66 22 73 60 100
internal_value=-0.000303738 -0.00114043 -0.000764781 -0.001329 -3.5545e-05 -0.000254203 -7.88999e-05 3.75375e-05 -0.000197161 0.000397351
internal_weight=470 101 77 53 369 249 221 199 126 120
internal_count=470 101 77 53 369 249 221 199 126 120
cat_boundaries=0 1
cat_threshold=66566
is_linear=0
shrinkage=0.01


Tree=692
num_leaves=10
num_cat=0
split_feature=93 10 9 48 33 17 93 0 0
split_gain=0.565048 0.40075 0.642409 0.444564 0.432582 0.305677 0.11645 0.0369895 0.0257349
threshold=25.572599765000003 0.57563116700000017 0.57114820000000011 19.900000170000002 5.2428571500000007 0.62934459500000006 20.616162125000002 0.14519931950000003 0.12493404150000002
decision_type=10 2 2 2 2 2 8 2 2
left_child=1 6 -3 4 -4 -6 -1 -2 -5
right_child=7 2 3 8 5 -7 -8 -9 -10
leaf_value=-0.00048905244473935962 0.0025249804481531813 -0.0012129748961165982 -0.00058361067005298904 -4.1382999169600635e-06 -4.24315585915927e-05 0.00042223378571206593 0.00079987405093686292 -0.00013231815366082373 0.0043739140501501458
leaf_weight=20 92 20 35 20 110 58 56 20 39
leaf_count=20 92 20 35 20 110 58 56 20 39
internal_value=-0.000218777 -0.000415273 -0.000590523 -0.000445205 -0.000669774 -0.000438389 0.000208333 0.000390071 0.000292642
internal_weight=470 358 282 262 203 168 76 112 59
internal_count=470 358 282 262 203 168 76 112 59
is_linear=0
shrinkage=0.01


Tree=693
num_leaves=10
num_cat=0
split_feature=25 17 88 40 41 91 62 63 62
split_gain=0.673123 0.902485 1.04047 0.605972 0.532003 0.280868 0.133504 0.231928 0.115427
threshold=2.2571428545000005 0.68431400000000009 16.277856825000004 1.0500000120000001 1.1000000050000003 80.639652165000015 37.264999390000007 30.504999635000001 35.244999410000013
decision_type=2 2 2 2 2 2 2 2 2
left_child=1 2 -1 -4 -5 -6 7 -2 -3
right_child=6 8 3 4 5 -7 -8 -9 -10
leaf_value=-0.00058657975828680633 -4.7372456402337249e-05 -0.00045622863566536885 -1.5742315618363794e-05 -0.00026156603834531463 -0.00019091987588815994 5.6383908837374409e-05 0.00018498471034184485 0.00107236681085278 0.002500106262065367
leaf_weight=22 31 22 21 20 50 69 117 38 74
leaf_count=22 31 22 21 20 50 69 117 38 74
internal_value=-0.000185026 -0.000498565 -0.000913567 -0.000609453 -0.000346924 -7.09516e-05 0.000273019 -5.01433e-05 0.000268595
internal_weight=464 278 182 160 139 119 186 69 96
internal_count=464 278 182 160 139 119 186 69 96
is_linear=0
shrinkage=0.01


Tree=694
num_leaves=12
num_cat=1
split_feature=53 94 18 46 70 17 47 28 50 1 22
split_gain=0.666545 0.528165 0.977074 1.22131 0.205539 0.572536 0.257609 0.356451 0.24645 0.0996547 0.0763575
threshold=0.60000001650000001 0 55.565000000000005 4.5500000010000008 43.799999715000006 0.68784068600000015 15.05000006 4.1285713910000004 14.349999900000002 0.23714497600000004 1.8714285665000003
decision_type=2 1 2 2 2 2 2 2 2 2 2
left_child=-1 2 3 10 5 -3 -6 -8 -9 -4 -2
right_child=1 4 9 -5 6 -7 7 8 -10 -11 -12
leaf_value=-0.00042366669467743716 -0.00015849343582077007 -0.00069075250175860753 -6.4924908491650556e-06 -0.00080856044137766526 0.0016799672799415832 0.0035554489769784904 -0.00086040831075064397 4.1175323432540412e-05 -1.56940733702542e-05 0.00078577063019232853 -3.5234101180354366e-05
leaf_weight=30 20 20 20 25 131 39 20 80 20 40 20
leaf_count=30 20 20 20 25 131 39 20 80 20 40 20
internal_value=-0.000290897 -0.000184718 -0.00070324 -0.00160334 4.05237e-05 -0.000476589 0.000172756 -0.000149007 7.93651e-05 0.000131579 -0.000441176
internal_weight=465 435 125 65 310 59 251 120 100 60 40
internal_count=465 435 125 65 310 59 251 120 100 60 40
cat_boundaries=0 1
cat_threshold=167772302
is_linear=0
shrinkage=0.01


Tree=695
num_leaves=13
num_cat=1
split_feature=94 93 74 18 71 77 66 17 49 77 16 6
split_gain=0.922544 1.1619 0.556593 0.482539 0.466876 0.518222 0.339403 0.214966 0.209047 0.352686 0.0653154 0.0686894
threshold=0 26.012883985000006 7.8571428570000004 55.565000000000005 51.169999600000004 8.6807143350000029 21.325000285000005 0.53054121450000014 49.199999815000005 8.5942857265000026 0.56325750000000008 0.42336860700000006
decision_type=1 10 2 2 2 2 2 2 2 2 2 2
left_child=1 2 4 -4 5 -1 -7 -6 10 -10 11 -2
right_child=8 -3 3 -5 7 6 -8 -9 9 -11 -12 -13
leaf_value=0.00052497649614919673 -1.3654263852593064e-05 0.0024535467108755642 -0.00083293848635287656 -0.00022137353055907931 -1.6627589285772846e-05 -0.0010215209119554623 -9.2825888754311282e-05 3.1164000263195195e-05 -0.00036042953178213455 0.0028089702844583133 0.0006127998879449022 6.8170800016541044e-05
leaf_weight=22 20 64 33 29 21 24 22 38 20 23 138 23
leaf_count=22 20 64 33 29 21 24 22 38 20 23 138 23
internal_value=-0.000250105 -0.000650114 -0.00107218 -0.00186306 -0.000661189 -0.00122093 -0.00181624 0 0.000212947 -0.000376712 0.000376788 0
internal_weight=477 253 189 62 127 68 46 59 224 43 181 43
internal_count=477 253 189 62 127 68 46 59 224 43 181 43
cat_boundaries=0 1
cat_threshold=2100950
is_linear=0
shrinkage=0.01


Tree=696
num_leaves=11
num_cat=0
split_feature=61 91 4 5 91 59 75 69 17 4
split_gain=0.74428 0.595738 0.576104 0.702009 0.759243 0.711557 0.190714 0.119614 0.389113 0.0319177
threshold=1.0000000180025095e-35 98.471114805000013 0.35440475000000005 0.31621607150000003 78.397125575000004 0.18499994250000004 8.1228570615000013 78.325001715000013 0.68903750000000008 0.42261600000000005
decision_type=2 2 2 2 2 2 2 2 2 2
left_child=-1 2 3 -2 -5 -6 9 8 -3 -4
right_child=1 7 6 4 5 -7 -8 -9 -10 -11
leaf_value=-0.00029886857458989605 4.3210900041430729e-05 -0.00056672651117655381 8.9594996901525451e-05 -3.107364005513745e-05 -0.00010023637915024463 -0.00094913372206791729 -1.5178240601434768e-05 0.0019188677604453439 0.0033344028475101994 7.0561963211587492e-06
leaf_weight=24 28 24 60 39 31 21 24 136 55 20
leaf_count=24 28 24 60 39 31 21 24 136 55 20
internal_value=-0.000166379 -6.60893e-05 -0.000431189 -0.000905676 -0.00133442 -0.00212121 9.54199e-05 0.000303522 0 0.000346535
internal_weight=462 438 223 119 91 52 104 215 79 80
internal_count=462 438 223 119 91 52 104 215 79 80
is_linear=0
shrinkage=0.01


Tree=697
num_leaves=12
num_cat=0
split_feature=17 41 5 17 79 14 5 43 17 1 20
split_gain=0.686058 1.02236 0.489894 0.59041 1.10187 0.662568 0.641039 0.239398 0.0986264 0.0763575 0.0371026
threshold=0.69393428550000003 1.3500000390000002 0.42809138050000006 0.55251757150000014 5.9878570795000003 0.6699166430000002 0.38910500000000009 2.7999999780000002 0.46895495200000009 0.26458471450000004 2.5857142550000005
decision_type=2 2 2 2 2 2 2 2 2 2 2
left_child=1 -1 3 4 -3 -5 -7 9 -6 -4 -2
right_child=10 2 7 5 8 6 -8 -9 -10 -11 -12
leaf_value=-0.00073926328534229568 0.0035604543074877625 -0.00081721824151787447 1.3479648312957374e-06 1.8657862241649239e-05 4.2105412666997197e-05 -0.00086787496525195381 1.4281195444617285e-05 0.00048332817499832696 -1.9190872195305614e-05 -0.00027989639003698423 0.0043034120465244782
leaf_weight=38 93 24 20 66 24 25 25 87 20 20 20
leaf_count=38 93 24 20 66 24 25 25 87 20 20 20
internal_value=-0.000274417 -0.000495998 -0.000296665 -0.000627706 -0.00136628 -0.000171233 -0.00104331 0.000168232 -0.000357143 -0.000441176 0.000391037
internal_weight=462 349 311 184 68 116 50 127 44 40 113
internal_count=462 349 311 184 68 116 50 127 44 40 113
is_linear=0
shrinkage=0.01


Tree=698
num_leaves=14
num_cat=1
split_feature=94 53 17 79 12 51 34 39 1 17 10 0 0
split_gain=1.07427 0.523864 0.472488 0.659502 0.25004 0.244605 0.306119 0.308645 0.219788 0.110788 0.039407 0.0358742 0.0210574
threshold=0 0.94999999950000003 0.55852528550000013 5.9749999355000005 0.65356507150000009 0.60000001650000001 3.6857142620000003 5.5999999975000003 0.30782092850000004 0.47647247150000005 0.7122327140000001 0.26465027750000009 0.26845663200000008
decision_type=1 2 2 2 2 2 2 2 2 2 2 2 2
left_child=1 -1 3 -3 -4 6 7 -2 9 -8 -7 -11 -6
right_child=5 2 4 -5 12 10 8 -9 -10 11 -12 -13 -14
leaf_value=-0.00058767676708404242 -0.00086205021064055302 -0.0010494121674549316 -0.00077310478799688111 -1.1876410310451949e-07 0.00072505777681375696 0.0025412109920120601 -4.4114592541036767e-06 5.360893250133951e-08 -0.00012153014189173451 0.00011008099984279221 0.00035340514398830391 0.00045631672227946395 0.00012756935144002355
leaf_weight=28 21 20 26 24 29 118 20 20 20 83 20 20 20
leaf_count=28 21 20 26 24 29 118 20 20 20 83 20 20 20
internal_value=-0.000241592 -0.000915716 -0.000655259 -0.00147321 -0.000138522 8.71394e-05 -0.000140693 -0.000897129 6.6064e-05 0.000238288 0.000410663 0.00038054 0.000251004
internal_weight=469 147 119 44 75 322 184 41 143 123 138 103 49
internal_count=469 147 119 44 75 322 184 41 143 123 138 103 49
cat_boundaries=0 1
cat_threshold=33623174
is_linear=0
shrinkage=0.01


Tree=699
num_leaves=12
num_cat=1
split_feature=53 94 34 91 57 93 7 53 70 16 29
split_gain=0.604611 0.286259 0.411434 0.55652 0.816357 0.162527 0.367199 0.113686 0.114739 0.211874 0.0433531
threshold=0.60000001650000001 0 3.9571429150000004 126.2724424 4.6199998860000013 20.758760545000005 0.56980932150000008 7.3000002170000009 42.80000067000001 0.7073590715000001 2.0142857265000003
decision_type=2 1 2 2 2 8 2 2 2 2 2
left_child=-1 2 3 4 -2 6 -3 8 9 -7 -10
right_child=1 5 -4 -5 -6 7 -8 -9 10 -11 -12
leaf_value=-0.00011228444950023063 -0.00089986151331794908 0.00015264640738201093 0.0004318442676113727 0.0011370838939422578 -5.9304709115665103e-07 -0.00057451620422996558 -0.00017219673498956856 -0.00025746947309917173 0.0011119731282387463 0.0033431209645905504 0.00010928693450070188
leaf_weight=22 23 25 35 22 27 20 20 20 20 31 201
leaf_count=22 23 25 35 22 27 20 20 20 20 31 201
internal_value=-3.21337e-05 4.4964e-05 -0.000377759 -0.000851648 -0.00143701 0.000191202 -0.000338428 0.000286885 0.000344575 -4.82625e-05 0.000444094
internal_weight=466 444 107 72 50 337 45 292 272 51 221
internal_count=466 444 107 72 50 337 45 292 272 51 221
cat_boundaries=0 1
cat_threshold=709362820
is_linear=0
shrinkage=0.01


Tree=700
num_leaves=11
num_cat=0
split_feature=29 17 48 64 7 8 63 46 18 31
split_gain=0.889188 0.620065 0.547323 1.122 0.365364 1.06273 0.462047 0.22236 0.209418 0.196636
threshold=2.2857142775000003 0.68431400000000009 17.899999905000005 32.250000000000007 0.61227264300000017 0.59724800000000011 29.420000075000004 3.2000000810000002 53.785000000000004 5.7857142690000005
decision_type=2 2 2 2 2 2 2 2 2 2
left_child=1 2 4 -4 5 7 -7 -1 -3 -2
right_child=9 8 3 -5 -6 6 -8 -9 -10 -11
leaf_value=-0.00023945051168000158 3.2070350905312203e-05 -0.00067420174486113743 -0.0007908339149279264 -1.3494552860529333e-05 0.0021998334974152674 -0.00027498577731900116 -0.00038925596253609372 2.2678720764709031e-05 0.0023213758031560261 -3.3124592597504548e-06
leaf_weight=21 140 38 25 31 28 21 21 41 56 33
leaf_count=21 140 38 25 31 28 21 21 41 56 33
internal_value=-0.000242431 -0.000590523 -0.00092161 -0.00176056 -0.000542169 -0.000820611 -0.00203271 0 5.27426e-05 0.000313579
internal_weight=455 282 188 56 132 104 42 62 94 173
internal_count=455 282 188 56 132 104 42 62 94 173
is_linear=0
shrinkage=0.01


Tree=701
num_leaves=11
num_cat=0
split_feature=62 62 42 12 81 12 11 22 6 8
split_gain=0.440014 0.515482 0.264928 0.278372 0.261102 0.275868 0.538268 0.213467 0.304407 0.0778622
threshold=34.944999695000007 34.299999235000008 9.399999965000001 0.73964307150000008 13.620714255000001 0.71107757150000006 0.67142419650000018 1.9285714205000002 0.48266139300000005 0.55750423800000004
decision_type=2 2 2 2 2 2 2 2 2 2
left_child=1 -1 3 4 5 6 -2 9 -9 -4
right_child=2 -3 7 -5 -6 -7 -8 8 -10 -11
leaf_value=0.0020576277770964022 -3.1484900465528556e-05 -0.00075908132247907338 0.00046732585689528155 -0.00052793954186701811 9.909425737670264e-06 0.00066606504974231126 -0.00070982715020435243 -7.2363501059770753e-05 0.0025494168796779278 0.0024540964432065442
leaf_weight=23 93 27 37 27 50 31 23 21 20 129
leaf_count=23 93 27 37 27 50 31 23 21 20 129
internal_value=-0.000160855 -0.00104331 -5.21074e-05 -0.000293594 -0.000149141 -0.000368742 -0.000599315 0.000199711 -0.00041866 0.000365707
internal_weight=481 50 431 224 197 147 116 207 41 166
internal_count=481 50 431 224 197 147 116 207 41 166
is_linear=0
shrinkage=0.01


Tree=702
num_leaves=10
num_cat=0
split_feature=76 12 64 1 88 75 31 23 1
split_gain=0.522881 0.545629 0.720755 0.431212 0.868415 0.329836 0.170841 0.158229 0.087495
threshold=5.975714249000001 0.72183314250000008 31.755000115000005 0.27603864250000004 16.342142990000003 8.0057143170000025 5.8357143060000007 1.5928571225000001 0.30782092850000004
decision_type=2 2 2 2 2 2 2 2 2
left_child=3 2 -2 6 -5 -4 7 -1 -6
right_child=1 -3 5 4 8 -7 -8 -9 -10
leaf_value=-0.00014635520027036825 -0.00046802566869340377 -0.00077789272883819539 9.2725105358280779e-05 -0.00085962586268513073 0.0014643781550403698 -1.6710813959265133e-05 -2.9388002212148448e-06 3.47892649187897e-05 -0.00010380362926438952
leaf_weight=20 31 22 68 20 32 29 33 199 20
leaf_count=20 31 22 68 20 32 29 33 199 20
internal_value=-0.000128475 -0.000616711 -0.000341615 9.23645e-05 -0.000576923 6.64622e-05 0.000292722 0.000398089 7.57576e-05
internal_weight=474 150 128 324 72 97 252 219 52
internal_count=474 150 128 324 72 97 252 219 52
is_linear=0
shrinkage=0.01


Tree=703
num_leaves=10
num_cat=1
split_feature=94 91 79 93 75 23 39 45 72
split_gain=0.540565 0.700273 0.467216 0.453881 0.388144 0.143196 0.348357 0.123757 0.0430406
threshold=0 85.543722075000019 3.8435713475000006 14.156054705000001 7.4907143265000009 1.6785714075000002 5.5999999680000005 1.2000000365000003 70.380000115000016
decision_type=1 2 2 10 2 2 2 2 2
left_child=1 -1 -2 4 -3 6 -4 -8 -7
right_child=2 3 5 -5 -6 8 7 -9 -10
leaf_value=-0.0019537519166247823 -0.00020489992552392665 -0.00092199077558136056 -0.00035202267595053579 5.9090769295070333e-05 1.0701287470475047e-05 4.3937700372289416e-05 0.00024953669860004648 -0.00025836025117430771 0.0011235004900323783
leaf_weight=20 22 25 24 45 22 191 78 21 20
leaf_count=20 22 25 24 45 22 191 78 21 20
internal_value=-8.53241e-06 -0.000586319 0.000179935 -0.000237069 -0.000930962 0.000283752 0 0.000275551 0.000441454
internal_weight=468 112 356 92 47 334 123 99 211
internal_count=468 112 356 92 47 334 123 99 211
cat_boundaries=0 1
cat_threshold=33555590
is_linear=0
shrinkage=0.01


Tree=704
num_leaves=10
num_cat=0
split_feature=51 71 79 75 91 93 10 13 41
split_gain=0.427613 0.305358 0.368417 0.244306 0.555072 0.194775 0.173623 0.243271 0.160294
threshold=0.80000002300000006 46.729999540000009 3.8435713475000006 8.1357142400000004 78.719873865000011 25.572599765000003 0.69101535700000005 0.59847855000000016 10.200000175000001
decision_type=2 2 2 2 2 8 2 2 2
left_child=1 8 -3 6 -5 -2 7 -4 -1
right_child=5 2 3 4 -6 -7 -8 -9 -10
leaf_value=-0.00013093605194056365 -0.00040767539698510633 -0.00024936870412063851 -4.4399073372726175e-05 0.0006831546752702354 -1.253368920442274e-05 0.0025330642004523308 -0.00028148055029114758 8.3145404494844362e-06 -0.00084353433642461609
leaf_weight=20 32 25 22 24 33 118 35 146 20
leaf_count=20 32 25 22 24 33 118 35 146 20
internal_value=-0.000148171 -0.000354512 -0.000229181 -0.000107362 -0.000683391 0.000285146 4.66143e-05 0.000189573 -0.00117647
internal_weight=475 325 285 260 57 150 203 168 40
internal_count=475 325 285 260 57 150 203 168 40
is_linear=0
shrinkage=0.01


Tree=705
num_leaves=11
num_cat=1
split_feature=61 93 53 50 94 76 63 5 10 18
split_gain=0.411163 0.71095 0.449626 0.57823 0.214264 0.567557 0.422608 0.1783 0.437632 0.0345506
threshold=2.1550002095000003 20.800702515000005 0.94999999950000003 18.049999820000004 0 5.2449999945000014 30.225000860000005 0.36613171450000004 0.58792457150000021 118.70500000000001
decision_type=2 10 2 2 1 2 2 2 2 2
left_child=2 -2 3 -1 5 -4 9 8 -6 -7
right_child=1 -3 4 -5 7 6 -8 -9 -10 -11
leaf_value=-0.00042449664084651952 -5.3105875821715242e-05 -1.0197117733524904e-05 -0.00045113152761510906 0.00079259732887785705 0.00074790769362038576 0.00031487442372088567 -0.00083946898796360102 3.3035920461531625e-05 -0.0019029514664024153 0.00010979806647582037
leaf_weight=21 30 39 21 34 38 74 33 139 20 20
leaf_count=21 30 39 21 34 38 74 33 139 20 20
internal_value=-0.000199021 -0.000909742 -6.98603e-05 -0.000905018 5.92828e-05 -0.000214106 1.17371e-05 0.000271896 -0.000153061 0.000369198
internal_weight=469 69 400 55 345 148 127 197 58 94
internal_count=469 69 400 55 345 148 127 197 58 94
cat_boundaries=0 1
cat_threshold=142606422
is_linear=0
shrinkage=0.01


Tree=706
num_leaves=13
num_cat=0
split_feature=41 80 3 3 23 53 46 92 46 14 61 3
split_gain=0.427853 0.285836 0.235031 0.413397 0.765448 0.329875 0.287241 0.402457 0.15099 0.175454 0.0354589 0.0272148
threshold=13.350000005000002 15.858571530000001 0.33099478600000004 0.35469935700000005 1.8714285665000003 0.60000001650000001 3.2000000810000002 25.793231570000003 3.7500000300000003 0.69026742850000011 1.5199999810000002 0.39936442850000003
decision_type=2 2 2 2 2 2 2 10 2 2 2 2
left_child=1 2 6 4 -4 -5 7 -1 -2 -10 -8 -7
right_child=8 -3 3 5 -6 11 10 -9 9 -11 -12 -13
leaf_value=0.00062493146478043648 1.6717038727614956e-05 -0.00020569936401893779 -5.9304289018795055e-05 -0.00033189263710647318 -0.00077994862655546358 0.0033357715963785589 3.2874125543669147e-05 -0.00044266493455568859 0.00012692783190112496 -0.0019117029673188094 -5.5416986901079331e-05 2.094199800923672e-06
leaf_weight=20 132 26 30 24 21 43 80 24 21 20 20 20
leaf_count=20 132 26 30 24 21 43 80 24 21 20 20 20
internal_value=-7.78331e-05 -0.000304404 -0.000201556 -0.000497118 -0.00120656 -5.12528e-05 6.90608e-05 -0.000580357 0.000313579 -0.000179426 0.000376984 0.000305643
internal_weight=481 308 282 138 51 87 144 44 173 41 100 63
internal_count=481 308 282 138 51 87 144 44 173 41 100 63
is_linear=0
shrinkage=0.01


Tree=707
num_leaves=11
num_cat=1
split_feature=94 4 60 91 2 15 16 13 1 1
split_gain=0.408362 0.450907 0.635002 0.520379 0.231273 0.216937 0.999334 0.230414 0.0420718 0.0319177
threshold=0 0.3644748570000001 7.3550000190000011 96.752676805000007 0.29115764300000008 0.66954580950000009 0.68549789250000015 0.70250907000000018 0.14795371450000003 0.32139909500000002
decision_type=1 2 2 2 2 2 2 2 2 2
left_child=1 2 3 -1 8 -6 -7 -8 -2 -9
right_child=4 -3 -4 -5 5 6 7 9 -10 -11
leaf_value=-0.0015483136731220359 -1.8115940626728324e-05 0.0010126043207934882 7.8759749541183998e-05 -9.9352498098086157e-06 5.1451837211943048e-05 -0.00056240636640695024 -0.00062106495753377151 0.0023364367132961603 3.2473417612632069e-05 0.0015705630153602574
leaf_weight=29 20 30 21 22 52 20 21 60 165 20
leaf_count=29 20 30 21 22 52 20 21 60 165 20
internal_value=1.73611e-05 -0.000505319 -0.000989011 -0.00159266 0.00018167 -6.6168e-05 -0.000307882 8.34971e-05 0.000433262 0.000346535
internal_weight=460 102 72 51 358 173 121 101 185 80
internal_count=460 102 72 51 358 173 121 101 185 80
cat_boundaries=0 1
cat_threshold=35651714
is_linear=0
shrinkage=0.01


Tree=708
num_leaves=9
num_cat=0
split_feature=92 68 53 33 92 2 6 23
split_gain=0.400235 0.436638 0.41127 0.228342 0.14208 0.223707 0.0780491 0.0393238
threshold=18.627672485000002 63.919999120000007 0.60000001650000001 4.9357142785000017 28.979092055000006 0.28431474300000004 0.37404064300000006 1.6071428610000003
decision_type=10 2 2 2 10 2 2 2
left_child=1 -1 -2 -4 6 -6 -5 -8
right_child=2 -3 3 4 5 -7 7 -9
leaf_value=2.2894945558520393e-05 -0.00039880978012297888 -0.00068961798516514467 -0.00056393704703872386 -3.5398785218142564e-05 -6.7785350208004864e-05 0.0015469336476874257 7.6169641408977413e-05 2.3025122019355429e-05
leaf_weight=31 23 34 23 37 30 32 22 237
leaf_count=31 23 34 23 37 30 32 22 237
internal_value=2.66071e-05 -0.000691489 0.000148221 0.000231797 0.000298216 -0.000111465 0.000390836 0.000452271
internal_weight=469 65 404 381 358 62 296 259
internal_count=469 65 404 381 358 62 296 259
is_linear=0
shrinkage=0.01


Tree=709
num_leaves=10
num_cat=1
split_feature=62 94 15 7 91 29 54 7 42
split_gain=0.475414 0.273753 0.310352 0.36358 0.540859 0.118178 0.208209 0.0717706 0.0430732
threshold=34.825000765000006 0 0.62904761900000017 0.58719269050000011 109.82819450000001 2.2214285815000001 0.85000001650000001 0.56453935700000013 2.7999999190000007
decision_type=2 1 2 2 2 2 2 2 2
left_child=-1 2 -2 4 -4 6 7 -3 -7
right_child=1 5 3 -5 -6 8 -8 -9 -10
leaf_value=-0.00063284599708223616 1.2192957449177659e-05 0.0020440566670717124 -0.0015651934990391209 0.0018487169347971603 -1.3402581606185716e-08 1.1775575450753804e-06 -0.00096042120116047818 0.00047355191015595322 0.00022511653156220558
leaf_weight=38 37 57 25 21 30 20 20 30 192
leaf_count=38 37 57 25 21 30 20 20 30 192
internal_value=4.8853e-05 0.000147874 -0.000254443 -0.000651042 -0.00108423 0.000295634 1.39147e-05 0.000244875 0.000441729
internal_weight=470 432 113 76 55 319 107 87 212
internal_count=470 432 113 76 55 319 107 87 212
cat_boundaries=0 1
cat_threshold=35129414
is_linear=0
shrinkage=0.01


Tree=710
num_leaves=8
num_cat=0
split_feature=62 48 27 39 39 40 12
split_gain=0.423242 0.337118 0.151155 0.0784256 0.509635 0.0437724 0.0375363
threshold=34.810000895000009 24.550000110000003 3.5428571360000007 5.5999999385000008 5.3999998645000007 12.499999910000001 0.71247673800000011
decision_type=2 2 2 2 2 2 2
left_child=-1 2 -2 4 6 -5 -4
right_child=1 -3 3 5 -6 -7 -8
leaf_value=-0.00037480072462662748 -0.0003074002647480465 -0.00017614469353804049 9.5629434695944854e-06 0.00091302810073883402 -0.00021617804045383722 0.001141000140945503 0.0013146923858608694
leaf_weight=32 33 28 97 216 21 20 20
leaf_count=32 33 28 97 216 21 20 20
internal_value=0.00011009 0.000196191 0.000273418 0.000333511 0.000122478 0.000447635 0.000394737
internal_weight=467 435 407 374 138 236 117
internal_count=467 435 407 374 138 236 117
is_linear=0
shrinkage=0.01


Tree=711
num_leaves=9
num_cat=0
split_feature=29 33 17 14 18 71 67 5
split_gain=0.442347 0.309323 0.371172 0.928744 0.591681 0.181103 0.110395 0.0323472
threshold=2.3571428655000006 4.9357142785000017 0.68431400000000009 0.73363311900000017 12.535000000000002 59.19000006000001 61.375000950000008 0.36656221450000009
decision_type=2 2 2 2 2 2 2 2
left_child=1 -1 3 4 -3 -6 -2 -4
right_child=6 2 7 -5 5 -7 -8 -9
leaf_value=-0.00072003933391640398 6.5190397235188966e-06 -0.00031207135321470746 0.0024033540457188527 -0.00053827991564430063 4.8590582351437855e-06 -0.00040810688781774433 2.421744233042424e-05 0.0019227325718311748
leaf_weight=25 26 28 20 24 165 20 119 62
leaf_count=25 26 28 20 24 165 20 119 62
internal_value=-0.000109228 -0.000307425 -0.000214196 -0.000418419 -0.000194107 2.69108e-06 0.000346365 0.000350242
internal_weight=489 344 319 237 213 185 145 82
internal_count=489 344 319 237 213 185 145 82
is_linear=0
shrinkage=0.01


Tree=712
num_leaves=9
num_cat=0
split_feature=33 46 17 5 7 4 1 4
split_gain=0.614908 0.345095 0.291518 0.40619 0.652573 0.402446 0.119618 0.033148
threshold=4.9357142785000017 2.7499999590000006 0.68431400000000009 0.45513783350000009 0.5607209285000001 0.33777235700000008 0.33135521400000006 0.32578535750000009
decision_type=2 2 2 2 2 2 2 2
left_child=-1 -2 3 4 5 -3 -5 -4
right_child=1 2 7 6 -6 -7 -8 -9
leaf_value=-0.00073550785218018172 1.2452469164427171e-05 -0.0004460730995364815 0.00020144452970654802 0.0012817420528311555 -0.00088016499949155008 9.1143388655919108e-06 -1.5359594646649724e-05 0.0035909155920845724
leaf_weight=22 135 63 20 60 20 53 20 66
leaf_count=22 135 63 20 60 20 53 20 66
internal_value=-1.84863e-05 6.05299e-05 -0.000122193 -0.000322878 -0.000657895 -0.000342466 0.000222772 0.000357143
internal_weight=459 437 302 216 136 116 80 86
internal_count=459 437 302 216 136 116 80 86
is_linear=0
shrinkage=0.01


Tree=713
num_leaves=11
num_cat=0
split_feature=43 73 0 21 0 5 70 16 41 74
split_gain=0.415366 0.495656 0.281687 0.394863 0.180917 0.320272 0.127582 0.170852 0.0796174 0.0385862
threshold=5.5499999675000007 -1.1192857439999997 0.2660955805000001 1.6928571290000003 0.26921189550000008 0.46032367850000006 43.799999715000006 0.70797842850000003 3.9499999655000004 6.9078571460000004
decision_type=2 2 2 2 2 2 2 2 2 2
left_child=4 -2 -3 -4 6 -6 7 -1 -8 -10
right_child=1 2 3 -5 5 -7 8 -9 9 -11
leaf_value=-0.00045426429925892083 -0.00016617757174245491 0.00014273779201977833 -0.00066014603884953862 0.0015859016240094808 -0.00075537269441330792 0.0031712702299531298 -4.06173891691122e-06 0.0025113858076757883 1.1410933587651333e-05 0.00046761881191668644
leaf_weight=20 26 44 31 20 21 22 35 20 22 207
leaf_count=20 26 44 31 20 21 22 35 20 22 207
internal_value=2.55973e-05 -0.000472085 -0.000109603 -0.000627413 0.000205578 -0.000376712 0.000295276 -0.000196078 0.000377644 0.00044604
internal_weight=468 121 95 51 347 43 304 40 264 229
internal_count=468 121 95 51 347 43 304 40 264 229
is_linear=0
shrinkage=0.01


Tree=714
num_leaves=9
num_cat=0
split_feature=29 62 17 22 43 53 20 6
split_gain=0.508624 0.407592 0.323451 0.756179 0.224872 0.304039 0.115036 0.0741536
threshold=2.3500000240000003 41.785000325000006 0.69084445250000004 1.7285714360000002 7.2499998810000008 3.4500000475000006 2.5857142550000005 0.39733476200000006
decision_type=2 2 2 2 2 2 2 2
left_child=1 2 3 -1 5 -5 -4 -2
right_child=7 -3 6 4 -6 -7 -8 -9
leaf_value=-0.00064588610205576925 2.922625463649877e-06 -0.00082254273494128676 0.0021200545374982847 4.9601020844365588e-06 -0.0001151677107358612 -0.00046544002741875841 -0.00057798151599330687 0.00083356755044388981
leaf_weight=20 36 21 63 153 21 40 21 101
leaf_count=20 36 21 63 153 21 40 21 101
internal_value=-0.000167785 -0.000378164 -0.000279172 -0.000472743 -0.000283985 -0.000162539 0.000235849 0.000337446
internal_weight=476 339 318 234 214 193 84 137
internal_count=476 339 318 234 214 193 84 137
is_linear=0
shrinkage=0.01


Tree=715
num_leaves=13
num_cat=0
split_feature=18 93 39 39 3 86 9 26 1 12 1 1
split_gain=0.460054 0.47272 0.616763 0.675375 0.456731 0.348535 0.359068 0.240115 0.0892094 0.0615385 0.0417171 0.0253349
threshold=53.315000000000005 22.421689365000002 5.2999999855000004 6.7000001370000009 0.33285257100000004 18.972856930000003 0.67242430000000009 3.9714286160000003 0.18086821400000003 0.60758183300000013 0.31891319050000005 0.22034000000000004
decision_type=2 10 2 2 2 2 2 2 2 2 2 2
left_child=1 2 7 -4 9 10 8 -1 -7 -5 -2 -3
right_child=5 11 3 4 -6 6 -8 -9 -10 -11 -12 -13
leaf_value=3.5678205253029904e-05 0.0012390830034578345 0.0006567269525869291 -0.00085226316727755414 -4.821163157525162e-05 -0.00086405696785201466 -2.5101608536491765e-05 -0.00016844061503308672 -9.4396780314834363e-05 1.4659625207267754e-05 4.2176624650474525e-05 0.0014826899326430205 0.0021552047911100177
leaf_weight=42 157 20 28 20 20 20 26 20 33 20 20 38
leaf_count=42 157 20 28 20 20 20 26 20 33 20 20 38
internal_value=-9.89673e-05 -0.000450192 -0.000749337 -0.00128378 -0.000625 0.000179128 -0.000357143 0 8.36431e-05 0 0.000430259 0.000289116
internal_weight=464 208 150 88 60 256 79 62 53 40 177 58
internal_count=464 208 150 88 60 256 79 62 53 40 177 58
is_linear=0
shrinkage=0.01


Tree=716
num_leaves=11
num_cat=0
split_feature=0 79 11 6 8 68 6 8 53 17
split_gain=0.360377 0.533483 0.905747 0.495807 0.312977 0.238319 0.123629 0.299011 0.216592 0.02997
threshold=0.27402272900000008 5.5278571290000009 0.68498232150000016 0.51452969050000008 0.60530428550000015 63.409999850000005 0.44363492850000003 0.55342050000000009 1.5000000075000002 0.49467807150000004
decision_type=2 2 2 2 2 2 2 2 2 2
left_child=1 6 5 4 -2 -3 7 -1 -9 -7
right_child=3 2 -4 -5 -6 9 -8 8 -10 -11
leaf_value=2.9452116958533985e-05 -0.00017773661732542364 -3.516977585435393e-06 -0.00012544323869986999 0.0021199574237299183 -0.0010269693253743832 1.8775969688008138e-06 0.00048638483855100676 0.00014657739604065703 -0.00080871359812266833 3.409940415678722e-05
leaf_weight=64 27 31 38 22 20 20 143 23 20 52
leaf_count=64 27 31 38 22 20 20 143 23 20 52
internal_value=-0.000104167 8.93314e-06 -0.000476023 -0.000766476 -0.00134937 0 0.000291069 1.39147e-05 -0.000605023 0.00032967
internal_weight=460 391 141 69 47 103 250 107 43 72
internal_count=460 391 141 69 47 103 250 107 43 72
is_linear=0
shrinkage=0.01


Tree=717
num_leaves=10
num_cat=1
split_feature=17 94 93 68 93 9 77 5 11
split_gain=0.436043 0.583164 0.941183 1.09756 0.570466 0.315492 0.106063 0.037843 0.0363926
threshold=0.69393428550000003 0 26.158520245000002 65.294999125000018 21.841133310000004 0.6757131500000001 8.6421427725000015 0.35398371450000005 0.70554471450000011
decision_type=2 1 10 2 10 2 2 2 2
left_child=1 6 3 4 5 -3 -1 -2 -8
right_child=7 2 -4 -5 -6 -7 8 -9 -10
leaf_value=-0.00036299057811537523 0.0023339076019062805 8.1704241543385556e-06 0.004218818548653535 -0.000470744162624252 -0.00029337437209340665 -0.00046672961146331622 1.5677988946503379e-05 0.0024499382309645539 -0.00014540349807081523
leaf_weight=21 20 85 57 25 34 20 87 100 20
leaf_count=21 20 85 57 25 34 20 87 100 20
internal_value=-0.000113878 -0.000295883 -0.000593184 -0.00100728 -0.000633047 -0.000241021 0.000230548 0.000397351 0.000384972
internal_weight=469 349 221 164 139 105 128 120 107
internal_count=469 349 221 164 139 105 128 120 107
cat_boundaries=0 1
cat_threshold=537400070
is_linear=0
shrinkage=0.01


Tree=718
num_leaves=10
num_cat=0
split_feature=0 1 61 1 1 92 8 80 0
split_gain=0.663578 0.687437 0.252944 0.248885 0.3368 0.194145 0.184543 0.0851759 0.0442557
threshold=0.2660955805000001 0.29730178550000003 2.3349995615000005 0.15159507150000004 0.13139007100000002 21.599211740000005 0.61868271400000008 15.882857255000003 0.25836732650000005
decision_type=2 2 2 2 2 10 2 2 2
left_child=2 -2 3 4 -1 -3 -4 8 -5
right_child=1 5 6 7 -6 -7 -8 -9 -10
leaf_value=0.0004696968393511896 -0.00090993654969181526 -0.00020825570418926665 0.0024561160745553601 3.8764214223543896e-05 -2.4343756365089647e-05 0.0026558464604953904 -9.7346717580969335e-05 -0.00026804948854920654 0.00057563611997449185
leaf_weight=21 31 21 26 236 20 30 23 34 20
leaf_count=21 31 21 26 236 20 30 23 34 20
internal_value=0 -0.000809179 0.000178571 0.000281796 -0.00041866 -4.82625e-05 -0.000471888 0.000388583 0.000451713
internal_weight=462 82 380 331 41 51 49 290 256
internal_count=462 82 380 331 41 51 49 290 256
is_linear=0
shrinkage=0.01


Tree=719
num_leaves=10
num_cat=0
split_feature=0 70 83 61 61 61 80 82 10
split_gain=0.443203 0.665333 0.465009 0.478889 0.180139 0.331754 0.151781 0.0892094 0.0734472
threshold=0.2660955805000001 49.864999290000007 8.6478572235000026 2.2649998665000006 1.4800000190000002 1.2550001145000003 15.865714275000002 14.732142925000002 0.67603052350000004
decision_type=2 2 2 2 2 2 2 2 2
left_child=2 -2 -1 4 5 7 -6 -4 -3
right_child=1 8 3 -5 6 -7 -8 -9 -10
leaf_value=0.0008264140234473887 -0.00062153936375084959 0.003206677504190545 -6.0855061057008978e-06 -7.5670623068186277e-05 5.3301930379934278e-05 -0.00039493570352621939 -3.0834136487809793e-07 9.7227361987309305e-05 -0.0010063364089552206
leaf_weight=138 39 25 20 38 78 35 35 33 20
leaf_count=138 39 25 20 38 78 35 35 33 20
internal_value=-0.000124513 -0.000778302 1.72049e-05 -0.000243953 -3.71655e-05 -0.000382883 0.00021529 8.36431e-05 1.0917e-05
internal_weight=461 84 377 239 201 88 113 53 45
internal_count=461 84 377 239 201 88 113 53 45
is_linear=0
shrinkage=0.01


Tree=720
num_leaves=11
num_cat=0
split_feature=79 25 93 56 7 1 41 53 56 13
split_gain=0.485562 0.33335 0.276892 0.337065 0.155177 0.476715 0.125567 0.162175 0.0442613 0.0939964
threshold=3.7049999420000006 2.4857142820000004 14.156054705000001 0.17500019050000001 0.50936671400000011 0.21511478550000004 16.950000295000006 2.4000000585000003 0.28499984750000001 0.72199647500000019
decision_type=2 2 10 2 2 2 2 2 2 2
left_child=-1 2 3 4 -2 -6 8 -8 9 -4
right_child=1 -3 6 -5 5 -7 7 -9 -10 -11
leaf_value=-0.00020132672826117984 3.9875305785544686e-05 -0.00078199471597068925 8.4823871470622226e-06 -0.00082176925312537371 -6.2314835538572866e-06 3.8107907340309229e-05 5.9063718312190409e-06 -3.3261751176061693e-05 0.0018005776173656075 -0.00010821373238770651
leaf_weight=25 51 23 36 37 25 52 21 21 167 20
leaf_count=25 51 23 36 37 25 52 21 21 167 20
internal_value=-3.96825e-05 3.19524e-05 9.98143e-05 -0.000214113 1.5528e-05 -0.000250643 0.000302859 -0.000163551 0.000399911 0.000105634
internal_weight=478 453 430 165 128 77 265 42 223 56
internal_count=478 453 430 165 128 77 265 42 223 56
is_linear=0
shrinkage=0.01


Tree=721
num_leaves=11
num_cat=1
split_feature=94 93 91 46 12 1 12 63 18 25
split_gain=0.508367 0.600754 0.457929 0.596982 0.696176 0.185615 0.168714 0.129042 0.0564662 0.0819471
threshold=0 26.158520245000002 83.42103185500001 5.2000001075000002 0.68764928550000015 0.20456692850000002 0.62844966650000011 25.020000460000002 24.640000000000004 2.2285713975000001
decision_type=1 10 2 2 2 2 2 2 2 2
left_child=1 2 5 6 -5 -1 -4 -2 9 -9
right_child=7 -3 3 4 -6 -7 -8 8 -10 -11
leaf_value=-3.1491304287001527e-06 -0.00013728987080940171 0.0027182290513970554 -0.00050655243676271959 2.2135108594557861e-06 -0.00073003373582894416 -0.0018709552054891974 5.0859871970356504e-05 -4.6855202092114146e-05 7.4764086836395121e-05 0.00013722438375509462
leaf_weight=22 20 64 29 21 22 20 57 20 172 29
leaf_count=22 20 64 29 21 22 20 57 20 172 29
internal_value=0 -0.000327502 -0.000654831 -0.000335131 -0.00128995 -0.00156542 0.000126728 0.000311755 0.000399008 5.02008e-05
internal_weight=476 235 171 129 43 42 86 241 221 49
internal_count=476 235 171 129 43 42 86 241 221 49
cat_boundaries=0 1
cat_threshold=33555678
is_linear=0
shrinkage=0.01


Tree=722
num_leaves=11
num_cat=0
split_feature=53 25 3 35 22 3 0 76 2 0
split_gain=0.474611 0.249406 0.33077 0.413983 0.46815 0.321593 0.402457 0.119102 0.225777 0.0401794
threshold=0.60000001650000001 2.2285714405000001 0.33099478600000004 5.0285714350000008 1.6714285780000002 0.27094921400000005 0.08460875000000001 6.1371427690000013 0.28431474300000004 0.063424395500000008
decision_type=2 2 2 2 2 2 2 2 2 2
left_child=-1 2 5 4 -4 6 -2 9 -9 -3
right_child=1 7 3 -5 -6 -7 -8 8 -10 -11
leaf_value=-0.00044508671866784553 6.2611809475324228e-06 0.00043037216125982043 0.0002160187851534845 0.0071946717790110542 -0.0010994503612582053 0.00015121386927646548 -0.00048211917804989182 -6.9228171925590784e-05 1.6408001486448618e-05 4.9124364448479133e-05
leaf_weight=25 20 20 21 21 37 80 24 31 36 129
leaf_count=25 20 20 21 21 37 80 24 31 36 129
internal_value=-5.84532e-05 1.78657e-05 -0.000228165 -0.000733083 -0.00117347 8.01282e-05 -0.000580357 0.000258303 -6.63717e-05 0.000417223
internal_weight=444 419 203 79 58 124 44 216 67 149
internal_count=444 419 203 79 58 124 44 216 67 149
is_linear=0
shrinkage=0.01


Tree=723
num_leaves=10
num_cat=0
split_feature=88 16 1 61 2 1 53 61 1
split_gain=0.511118 0.715881 0.307977 0.195599 0.157673 0.303616 0.125294 0.107443 0.0662955
threshold=16.257142815000005 0.7073590715000001 0.31891319050000005 2.3849997520000001 0.20173676200000004 0.14147721450000003 7.249999948000001 0.3400001525000001 0.25807064250000006
decision_type=2 2 2 2 2 2 2 2 2
left_child=1 -1 3 4 5 -2 7 -6 -3
right_child=2 8 -4 -5 6 -7 -8 -9 -10
leaf_value=-0.00049309608141114144 0.00048447159658646127 0.0033703413209333357 -0.00013135113540003419 -1.431605023610233e-05 -5.1792411298446291e-05 -0.00017844986701023854 -0.00022099437063193665 2.1163492523399168e-05 -0.00061653135629427416
leaf_weight=31 26 22 37 23 27 23 20 244 20
leaf_count=31 26 22 37 23 27 23 20 244 20
internal_value=-6.64837e-05 -0.000833333 6.98603e-05 0.000163551 0.000228873 -0.000271084 0.000320425 0.000380795 0
internal_weight=473 73 400 363 340 49 291 271 42
internal_count=473 73 400 363 340 49 291 271 42
is_linear=0
shrinkage=0.01


Tree=724
num_leaves=12
num_cat=0
split_feature=79 27 10 10 18 1 76 5 25 5 1
split_gain=0.40514 0.21888 0.284338 0.437464 0.503383 0.531855 0.357812 0.55943 0.0475564 0.0857157 0.0226349
threshold=3.6778571140000005 4.0428571530000008 0.62512742850000014 0.5781122860000002 95.215000000000018 0.25769163100000009 6.1371427690000013 0.47233514250000003 2.2000000095000005 0.43729707150000002 0.19162064300000003
decision_type=2 2 2 2 2 2 2 2 2 2 2
left_child=-1 2 3 10 5 -5 8 -8 9 -4 -2
right_child=1 -3 6 4 -6 -7 7 -9 -10 -11 -12
leaf_value=-0.000203568252727789 3.5472696949827862e-05 3.9623631318527718e-05 5.8716763555490833e-05 -0.00026072034276976015 2.7718357168121171e-05 -0.0011069952468903295 -0.00098013064423246757 1.3849016187515726e-05 0.00075804289319125891 -8.4041844095718578e-05 0.0011396578054875298
leaf_weight=20 20 106 31 36 20 21 20 22 129 20 32
leaf_count=20 20 106 31 36 20 21 20 22 129 20 32
internal_value=1.3604e-05 7.97292e-05 -3.55315e-05 -0.000412173 -0.000893316 -0.00137543 0.000175045 -0.000630841 0.000376106 6.75676e-05 0.000265152
internal_weight=477 457 351 129 77 57 222 42 180 51 52
internal_count=477 457 351 129 77 57 222 42 180 51 52
is_linear=0
shrinkage=0.01


Tree=725
num_leaves=9
num_cat=1
split_feature=94 91 0 20 92 47 34 20
split_gain=0.760967 0.660914 0.359875 0.316695 0.300778 0.125132 0.11581 0.0430078
threshold=0 83.42103185500001 0.091837021000000005 2.5642856870000004 18.426978845000004 16.200000305000003 3.3142857720000003 2.5999999730000005
decision_type=1 2 2 2 8 2 2 2
left_child=1 2 -1 4 -3 6 -6 -2
right_child=7 3 -4 -5 5 -7 -8 -9
leaf_value=2.4880403718192945e-06 0.00019895496017571332 -0.00082801558710464363 -0.00114709082705891 -0.00060566850228134907 -9.6052132706678581e-05 -2.9783316157919885e-05 0.00018733708021595051 -9.9218319747130572e-05
leaf_weight=22 190 25 29 21 24 33 103 20
leaf_count=22 190 25 29 21 24 33 103 20
internal_value=-9.61948e-06 -0.000371546 -0.00139961 -0.00012089 2.69108e-06 0.000174129 0.000324726 0.000421196
internal_weight=467 257 51 206 185 160 127 210
internal_count=467 257 51 206 185 160 127 210
cat_boundaries=0 1
cat_threshold=174130330
is_linear=0
shrinkage=0.01


Tree=726
num_leaves=10
num_cat=0
split_feature=2 2 92 18 33 10 46 12 13
split_gain=0.398847 0.718732 0.27766 0.450319 0.283298 0.238767 0.112201 0.0530666 0.0892094
threshold=0.20361050000000003 0.17881271450000003 20.766363120000005 28.745000000000005 4.921428510000001 0.69402185700000008 8.8999999165000023 0.60758183300000013 0.61112443350000012
decision_type=2 2 10 2 2 2 2 2 2
left_child=1 -1 3 -2 -4 -5 7 8 -6
right_child=2 -3 4 5 6 -7 -8 -9 -10
leaf_value=0.0008042810424008283 -0.001057448885562887 -0.00035690359131760246 -0.00070167826113750448 0.00034572902889500891 1.2974972883996895e-05 -0.00052425609036322858 3.3343916330842021e-06 0.00018801516090670764 -0.00036836538185835266
leaf_weight=24 23 28 21 48 33 21 24 218 20
leaf_count=24 23 28 21 48 33 21 24 218 20
internal_value=1.73611e-05 -0.000795455 0.000127202 -0.000344828 0.000271465 3.58166e-05 0.00035666 0.000417586 8.36431e-05
internal_weight=460 52 408 92 316 69 295 271 53
internal_count=460 52 408 92 316 69 295 271 53
is_linear=0
shrinkage=0.01


Tree=727
num_leaves=9
num_cat=0
split_feature=1 7 0 32 26 27 48 27
split_gain=0.460241 0.26832 0.7626 0.330638 0.141124 0.0327806 0.00649218 0.0132049
threshold=0.31891319050000005 0.48693454800000008 0.22090962500000003 4.4714285475000013 4.0499999865000005 4.1428571260000009 10.399999930000002 3.8999999930000002
decision_type=2 2 2 2 2 2 2 2
left_child=1 2 4 5 -1 6 7 -3
right_child=-2 3 -4 -5 -6 -7 -8 -9
leaf_value=0.00057910226846023349 -0.00020337076370935685 0.00015105834157055713 -0.00073860550718381842 -0.00021297622148233847 -0.00015835070591089254 2.8571260687745556e-06 1.8145258612204839e-05 8.637972413854483e-05
leaf_weight=61 39 22 25 20 34 22 207 22
leaf_count=61 39 22 25 20 34 22 207 22
internal_value=5.30035e-05 0.000155872 -0.000231788 0.000321647 0.000161795 0.000418188 0.000450755 0.000223214
internal_weight=452 413 120 293 95 273 251 44
internal_count=452 413 120 293 95 273 251 44
is_linear=0
shrinkage=0.01


Tree=728
num_leaves=9
num_cat=1
split_feature=1 94 5 5 1 32 13 53
split_gain=0.398564 0.39823 0.839893 0.357807 0.304951 0.147157 0.0439257 0.0357385
threshold=0.31891319050000005 0 0.35683935700000008 0.49723407150000004 0.27107421450000008 3.0214285850000002 0.75028315000000012 7.0000000780000011
decision_type=2 1 2 2 2 2 2 2
left_child=1 2 -1 -2 7 -3 -7 -4
right_child=3 5 4 -5 -6 6 -8 -9
leaf_value=-0.0005670514279542358 -0.00074349634134684734 -0.00078836070101659828 4.2140619898162248e-05 0.0003631421101471741 -0.00046532838201640228 2.6535899595781049e-05 -0.00014218585749633427 1.4255771250078491e-06
leaf_weight=37 20 20 82 21 30 222 20 20
leaf_count=37 20 20 82 21 30 222 20 20
internal_value=2.96108e-05 0.0001239 -0.000241935 -0.000897129 0.000105422 0.000362903 0.000448929 0.000379377
internal_weight=472 431 169 41 132 262 242 102
internal_count=472 431 169 41 132 262 242 102
cat_boundaries=0 1
cat_threshold=170920020
is_linear=0
shrinkage=0.01


Tree=729
num_leaves=8
num_cat=0
split_feature=25 25 34 3 13 59 18
split_gain=0.405274 0.428126 0.41895 0.615375 0.18336 0.0435142 0.0722187
threshold=2.4857142820000004 2.2000000095000005 3.8000000030000005 0.33839942850000004 0.72528151650000006 1.2950000765000003 47.985000000000007
decision_type=2 2 2 2 2 2 2
left_child=1 2 3 -1 -4 -3 -7
right_child=-2 5 4 -5 -6 6 -8
leaf_value=-0.00019863989628868679 -0.00080429119436902972 5.7763462273174834e-05 0.00055679401768030437 -0.0007804770940064321 -0.0021031113812857503 -9.7434396210502753e-08 0.00070274333501359784
leaf_weight=33 22 209 62 20 28 24 35
leaf_count=33 22 209 62 20 28 24 35
internal_value=0.000102582 0.000178485 -0.000253825 -0.000957249 0.000143172 0.000416667 0.000125418
internal_weight=433 411 143 53 90 268 59
internal_count=433 411 143 53 90 268 59
is_linear=0
shrinkage=0.01


Tree=730
num_leaves=10
num_cat=1
split_feature=33 94 91 12 1 92 46 11 11
split_gain=0.562624 0.251946 0.594065 0.339868 0.191239 0.149596 0.0985135 0.214768 0.104155
threshold=4.9357142785000017 0 93.898297925000023 0.71999150000000012 0.14726835700000002 18.627672485000002 6.2000000400000017 0.67831683900000017 0.5817602380000001
decision_type=2 1 2 2 2 10 2 2 2
left_child=-1 2 -2 -4 -3 -6 8 -8 -7
right_child=1 4 3 -5 5 6 7 -9 -10
leaf_value=-0.00066952843460237402 -0.0009999286938625247 -3.7083597934674056e-06 0.0013405738944127319 -0.00041186238093501539 -9.2050949048510137e-05 -0.00016346063051457857 0.0032297733910395532 -0.00020762179936442186 4.8816580587839654e-05
leaf_weight=23 26 24 58 27 32 31 32 20 212
leaf_count=23 26 24 58 27 32 31 32 20 212
internal_value=-3.19061e-05 4.10545e-05 -0.000348933 5.82752e-06 0.000175511 0.000248627 0.000322853 -3.78788e-05 0.000408121
internal_weight=485 462 111 85 351 327 295 52 243
internal_count=485 462 111 85 351 327 295 52 243
cat_boundaries=0 1
cat_threshold=36701384
is_linear=0
shrinkage=0.01


Tree=731
num_leaves=10
num_cat=0
split_feature=0 64 5 31 36 42 27 39 0
split_gain=0.599739 0.732102 0.611782 0.348298 0.3368 0.153303 0.121703 0.0503815 0.0834448
threshold=0.25436704900000001 33.095000745000007 0.43137941450000006 5.8357143060000007 5.0428571360000012 14.799999800000002 3.5000000170000001 5.0000000110000009 0.15960302100000004
decision_type=2 2 2 2 2 2 2 2 2
left_child=3 2 -2 5 -4 6 -1 8 -8
right_child=1 -3 4 -5 -6 -7 7 -9 -10
leaf_value=-0.00016694053247318273 -0.00087845068032027865 0.0028116877480855026 0.0025335409454356268 -8.6496661019894793e-05 -0.00019259858613097249 -8.9865078791478354e-05 9.0868917830323555e-06 4.8891615111088018e-05 -6.2899877040087873e-06
leaf_weight=22 30 35 21 39 20 33 33 203 21
leaf_count=22 30 35 21 39 20 33 33 203 21
internal_value=-4.2595e-05 -0.000702247 -0.0012883 0.000152075 -0.00041866 0.000268542 0.000348463 0.000413111 9.12409e-05
internal_weight=457 106 71 351 41 312 279 257 54
internal_count=457 106 71 351 41 312 279 257 54
is_linear=0
shrinkage=0.01


Tree=732
num_leaves=12
num_cat=0
split_feature=43 7 7 91 8 11 80 18 74 18 18
split_gain=0.269904 0.370311 0.319033 0.440167 0.252142 0.160294 0.129416 0.179847 0.0857157 0.0384166 0.100956
threshold=1.7500000000000002 0.52220939300000013 0.48693454800000008 94.132448350000018 0.54402878550000011 0.71231575000000014 15.017857145000002 57.980000000000011 6.9749999385000008 113.62500000000001 144.06500000000003
decision_type=2 2 2 2 2 2 2 2 2 2 2
left_child=1 8 3 -2 -5 -3 7 -4 -1 -8 -11
right_child=2 5 6 4 -6 -7 9 -9 -10 10 -12
leaf_value=-1.1627588668123193e-05 -0.0010093008661952695 -9.1854602539727116e-06 -0.00069260761522731032 0.0029965532842150255 -0.00044759574554440308 -0.00019478071793495763 5.8138299434141556e-05 0.00028905355673108446 5.3079386531723076e-05 -0.00019092098654836028 0.00015633698058722852
leaf_weight=20 23 20 20 47 20 20 176 22 31 20 41
leaf_count=20 23 20 20 47 20 20 176 22 31 20 41
internal_value=1.73611e-05 -0.000462963 0.000141969 -0.000363436 2.21239e-05 -0.00117647 0.000312723 -0.000163551 6.75676e-05 0.000405803 0.00013754
internal_weight=460 91 369 90 67 40 279 42 51 237 61
internal_count=460 91 369 90 67 40 279 42 51 237 61
is_linear=0
shrinkage=0.01


Tree=733
num_leaves=9
num_cat=1
split_feature=79 94 93 64 76 11 28 0
split_gain=0.390644 0.536953 0.409879 0.384531 0.398617 0.26162 0.159395 0.029128
threshold=3.6778571140000005 0 26.012883985000006 33.080001355000007 6.0664286485000014 0.59459728600000006 4.6857142790000008 0.12911741650000003
decision_type=2 1 10 2 2 2 2 2
left_child=-1 2 3 4 5 -2 -3 -4
right_child=1 6 7 -5 -6 -7 -8 -9
leaf_value=-0.00017003606937223808 0.00065670247943184991 4.8421977535815528e-05 0.0019872868388246517 0.0020337497442898082 -0.00066440437307372106 -0.0004107909912650785 -0.00015287688164362717 0.0010713954113194268
leaf_weight=20 21 211 49 28 22 83 20 20
leaf_count=20 21 211 49 28 22 83 20 20
internal_value=-2.10614e-06 5.49692e-05 -0.000284431 -0.000587855 -0.000828076 -0.000534351 0.000386683 0.00032235
internal_weight=474 454 223 154 126 104 231 69
internal_count=474 454 223 154 126 104 231 69
cat_boundaries=0 1
cat_threshold=170985108
is_linear=0
shrinkage=0.01


Tree=734
num_leaves=10
num_cat=0
split_feature=29 18 48 1 63 17 93 17 10
split_gain=0.611984 0.463315 0.891275 0.37783 0.345212 0.714339 0.310976 0.408247 0.0389323
threshold=2.3500000240000003 39.945000000000007 19.699999870000003 0.32582951800000004 30.504999635000001 0.62471471450000016 22.559776245000005 0.68374750000000006 0.69578037150000005
decision_type=2 2 2 2 2 2 10 2 2
left_child=1 2 4 6 5 -1 8 -8 -3
right_child=-2 3 -4 -5 -6 -7 7 -9 -10
leaf_value=-0.00083859738495401708 0.0002137946470808496 0.00026296070394549002 -0.00034759206987461432 -7.8514890361709207e-05 8.07211734278112e-06 2.9460274680778617e-05 -0.00026730060889075438 0.0025183797790920941 -2.5756186008001416e-05
leaf_weight=20 148 112 21 21 33 39 34 27 20
leaf_count=20 148 112 21 21 33 39 34 27 20
internal_value=-4.30853e-05 -0.000288286 -0.000804042 -4.65548e-06 -0.000344828 -0.000811037 0.000126419 -0.000444984 0.000406627
internal_weight=475 327 113 214 92 59 193 61 132
internal_count=475 327 113 214 92 59 193 61 132
is_linear=0
shrinkage=0.01


Tree=735
num_leaves=10
num_cat=0
split_feature=29 12 34 23 31 14 91 23 42
split_gain=0.465975 0.528393 0.743448 0.39662 0.313586 0.128054 0.170852 0.122168 0.032914
threshold=2.2428571415000005 0.72410804750000013 3.8000000030000005 1.7857143115000003 5.8357143060000007 0.70435407150000018 119.07247730000002 1.8928571385000001 15.499999790000002
decision_type=2 2 2 2 2 2 2 2 2
left_child=1 2 3 -1 7 -4 -7 8 -2
right_child=4 -3 5 -5 -6 6 -8 -9 -10
leaf_value=-4.7330560749327698e-05 3.8565814258957739e-05 -0.00057548775324385711 0.00056803976236141271 -0.00090617846753556397 -5.1776144231719889e-06 -0.00017287700189194671 0.001432633708354893 -0.00013966011914475456 5.2276214749456647e-05
leaf_weight=23 183 32 78 20 32 20 20 23 24
leaf_count=23 183 32 78 20 32 20 20 23 24
internal_value=-4.49759e-05 -0.000420537 -0.000169963 -0.00128995 0.000224505 0.000227273 -0.000196078 0.000359619 0.000440327
internal_weight=455 193 161 43 262 118 40 230 207
internal_count=455 193 161 43 262 118 40 230 207
is_linear=0
shrinkage=0.01


Tree=736
num_leaves=11
num_cat=0
split_feature=53 6 71 0 63 7 56 23 93 37
split_gain=0.605183 0.360196 0.401449 0.68709 0.272326 0.113851 0.0729375 0.189013 0.344926 0.0358742
threshold=0.60000001650000001 0.44236657150000008 55.055000305000007 0.21413445850000004 25.750000000000004 0.50380321400000005 0.28499984750000001 1.6857142955000002 26.012883985000006 2.2000000330000007
decision_type=2 2 2 2 2 2 2 2 8 2
left_child=-1 2 3 4 -2 -6 7 8 -3 -9
right_child=1 6 -4 -5 5 -7 -8 9 -10 -11
leaf_value=-0.00038576462226785826 -0.00075117322383038559 -0.00031593642755208776 0.00061900107098808606 -0.00088158091304535208 3.1448665337540475e-05 -3.7636882328179261e-07 0.0017501446556645306 9.0655477882233448e-06 0.0017804895499503892 0.00032293675518000367
leaf_weight=23 25 20 55 34 53 20 147 83 22 20
leaf_count=23 25 20 55 34 53 20 147 83 22 20
internal_value=1.78998e-05 9.89996e-05 -0.000236954 -0.000542169 -9.10931e-05 0.000196477 0.000321038 0.000140604 -0.000397196 0.00038054
internal_weight=502 479 187 132 98 73 292 145 42 103
internal_count=502 479 187 132 98 73 292 145 42 103
is_linear=0
shrinkage=0.01


Tree=737
num_leaves=11
num_cat=0
split_feature=74 34 91 21 67 3 93 46 48 42
split_gain=0.574209 0.363104 0.322806 0.592735 0.334219 0.276796 0.196002 0.132316 0.0360157 0.0407638
threshold=7.7921428340000007 3.2785714010000002 99.192172740000018 1.9142857195000003 21.590001580000003 0.37686164300000008 26.831538410000004 0.94999998800000018 27.650000380000005 15.499999790000002
decision_type=2 2 2 2 2 2 8 2 2 2
left_child=1 6 3 -2 -4 -6 -1 -3 9 -9
right_child=2 7 4 -5 5 -7 -8 8 -10 -11
leaf_value=-0.00048856250093729338 -0.00068796849710513522 -3.4049492468134738e-06 -0.00043282729415384537 1.6676567666399768e-05 0.0013065678694578055 -0.00068843516778313563 2.6275634036131945e-05 2.0192220930253725e-05 3.634037871647951e-05 9.3693953788251584e-05
leaf_weight=20 23 20 29 28 60 20 21 197 20 21
leaf_count=20 23 20 29 28 60 20 21 197 20 21
internal_value=-6.19835e-05 0.000191795 -0.000547264 -0.00120656 -0.000214025 9.90099e-05 -0.000657895 0.000336167 0.000406198 0.000443327
internal_weight=459 299 160 51 109 80 41 258 238 218
internal_count=459 299 160 51 109 80 41 258 238 218
is_linear=0
shrinkage=0.01


Tree=738
num_leaves=9
num_cat=1
split_feature=94 17 50 0 12 88 23 18
split_gain=0.45008 0.895794 0.465832 0.251976 0.514016 0.225986 0.0842117 0.0421972
threshold=0 0.65092185750000009 7.6500000955000003 0.20795437500000002 0.63830064300000011 16.095714365000003 1.9142856980000003 8.1550000000000029
decision_type=1 2 2 2 2 2 2 2
left_child=1 2 -1 7 -5 -3 -6 -2
right_child=3 5 -4 4 6 -7 -8 -9
leaf_value=-4.0671723636729278e-05 4.0707027310621648e-05 -0.00043454615531595293 -0.00017400388507296082 -0.00049892876701912155 0.00091292492362933183 0.0045098559651284608 0.00069349715741859829 2.2969610024869235e-05
leaf_weight=25 20 36 20 34 61 56 27 168
leaf_count=25 20 36 20 34 61 56 27 168
internal_value=-1.00491e-05 -0.00047023 -0.00164847 0.000196384 -0.000138436 4.31035e-05 0.000247748 0.000434322
internal_weight=447 137 45 310 122 92 88 188
internal_count=447 137 45 310 122 92 88 188
cat_boundaries=0 1
cat_threshold=135267412
is_linear=0
shrinkage=0.01


Tree=739
num_leaves=10
num_cat=0
split_feature=25 91 41 2 12 10 27 20 0
split_gain=0.385473 0.568674 0.387336 0.699825 0.258678 0.324724 0.70737 0.0431054 0.029128
threshold=2.2000000010000007 109.82819450000001 1.0500000045000002 0.31064235700000004 0.65356507150000009 0.5781122860000002 3.9785714320000003 2.3785714080000004 0.17002076400000002
decision_type=2 2 2 2 2 2 2 2 2
left_child=1 -1 -3 -4 5 8 -7 -6 -2
right_child=4 2 3 -5 7 6 -8 -9 -10
leaf_value=-0.00076055031360138805 0.00028905067074760021 0.0013149898918181557 0.0017679440034065554 -0.0023332943985734586 1.1017246605859459e-05 -0.00096955975024148812 7.4980007573499281e-06 5.0185901471660057e-05 3.6673667274578968e-05
leaf_weight=33 49 64 24 23 193 22 35 20 20
leaf_count=33 49 64 24 23 193 22 35 20 20
internal_value=4.03059e-05 -0.00038674 -2.23613e-05 -0.000721757 0.000228075 -0.000118297 -0.000683391 0.000442002 0.00032235
internal_weight=483 144 111 47 339 126 57 213 69
internal_count=483 144 111 47 339 126 57 213 69
is_linear=0
shrinkage=0.01


Tree=740
num_leaves=8
num_cat=0
split_feature=44 33 17 34 62 26 42
split_gain=0.692059 0.574442 0.371251 0.270342 0.0994971 0.0381083 0.0319883
threshold=1.0000000180025095e-35 5.2428571500000007 0.6364255000000002 3.2499999660000003 41.785000325000006 3.8999999420000004 15.499999790000002
decision_type=2 2 2 2 2 2 2
left_child=3 -2 -3 -1 5 -5 -7
right_child=1 2 -4 4 -6 6 -8
leaf_value=-0.00021570997597290185 -0.00041506089650971393 -0.00071753112667961502 0.0031319392006053958 0.00032329013673894721 -0.00050435087821788457 9.9292007265201249e-06 2.6915042926896425e-05
leaf_weight=37 35 33 44 20 27 237 25
leaf_count=37 35 33 44 20 27 237 25
internal_value=3.70532e-05 -0.000638298 -0.000122108 0.000262399 0.000363138 0.000420792 0.000452816
internal_weight=458 112 77 346 309 282 262
internal_count=458 112 77 346 309 282 262
is_linear=0
shrinkage=0.01


Tree=741
num_leaves=10
num_cat=0
split_feature=52 46 17 63 76 93 27 0 2
split_gain=0.645737 0.184913 0.207189 0.430777 0.425462 0.387606 0.0392534 0.0342222 0.0329546
threshold=0.35000000900000006 2.7499999590000006 0.68431400000000009 30.684999945000005 6.171428510000001 26.012883985000006 3.7999999690000004 0.27402272900000008 0.33633114300000005
decision_type=2 2 2 2 2 8 2 2 2
left_child=-1 6 3 4 5 -3 -2 -4 -5
right_child=1 2 7 8 -6 -7 -8 -9 -10
leaf_value=-0.00016078192524643297 1.4796797329410324e-06 -0.00064255419515199736 0.0036799268792387296 1.0978516066410675e-05 -0.00086600000845039611 2.7451868646886749e-05 6.3253624670870258e-06 0.0011856245840079032 5.7170768485909628e-06
leaf_weight=22 20 49 72 65 33 61 116 20 20
leaf_count=22 20 49 72 65 33 61 116 20 20
internal_value=1.46199e-05 0.000100701 -2.49376e-05 -0.000192308 -0.000531989 -0.000207581 0.000409357 0.000366379 0.000355478
internal_weight=478 456 320 228 143 110 136 92 85
internal_count=478 456 320 228 143 110 136 92 85
is_linear=0
shrinkage=0.01


Tree=742
num_leaves=9
num_cat=0
split_feature=49 17 93 81 21 26 42 6
split_gain=0.827638 0.993631 0.170699 0.450936 0.138819 0.117948 0.143375 0.0406706
threshold=38.600000450000003 0.69531664300000007 26.012883985000006 12.422142915000002 1.8071428450000002 3.8071428365000002 14.799999800000002 0.35067535750000006
decision_type=2 2 8 2 2 2 2 2
left_child=2 -2 3 -1 -5 -4 7 -7
right_child=1 -3 5 4 -6 6 -8 -9
leaf_value=-0.00069574741011495223 -0.00088755180291725806 0.0017092724163631692 -0.00010292626619770807 3.6267585991667533e-05 -5.8223000949127876e-05 5.1687742588082949e-07 -4.9098909239410837e-05 1.9331857105872236e-05
leaf_weight=26 36 34 20 59 34 21 20 194
leaf_count=26 36 34 20 59 34 21 20 194
internal_value=-3.59712e-05 -0.00103107 0.000146745 -0.000154424 0.000154584 0.000295152 0.000362595 0.000442539
internal_weight=444 70 374 119 93 255 235 215
internal_count=444 70 374 119 93 255 235 215
is_linear=0
shrinkage=0.01


Tree=743
num_leaves=9
num_cat=0
split_feature=46 92 51 18 92 7 27 15
split_gain=0.431186 0.47617 0.888483 0.269134 0.499932 0.111033 0.0831365 0.115795
threshold=6.1999998575000008 26.231004275000004 0.75000000750000007 30.740000000000006 18.714100130000002 0.4486157145000001 3.8071428705000003 0.7158924765000001
decision_type=2 8 2 2 10 2 2 2
left_child=3 2 -2 4 -1 -6 7 -5
right_child=1 -3 -4 6 5 -7 -8 -9
leaf_value=-0.00078271344090176148 0.0031643513479661274 0.00096350467726281702 -0.0019398201839095962 -0.00025557558712190228 -0.00015805952362318236 4.8221915910840916e-05 3.0771954388274364e-05 0.0032149053949602131
leaf_weight=24 23 39 20 33 20 50 207 40
leaf_count=24 23 39 20 33 20 50 207 40
internal_value=7.88091e-05 -0.000567633 -0.00128995 0.000226788 -0.000221519 0.000183616 0.000384615 6.09756e-05
internal_weight=456 82 43 374 94 70 280 73
internal_count=456 82 43 374 94 70 280 73
is_linear=0
shrinkage=0.01


Tree=744
num_leaves=9
num_cat=2
split_feature=94 75 5 1 94 3 6 5
split_gain=0.414176 0.542223 0.510336 0.742016 0.254628 0.436362 0.805078 0.132656
threshold=0 7.4307142790000009 0.41381985700000007 0.24881958950000002 1 0.33904378550000008 0.52278207150000011 0.34845830950000006
decision_type=1 2 2 2 1 2 2 2
left_child=1 2 3 -1 5 7 -7 -2
right_child=4 -3 -4 -5 -6 6 -8 -9
leaf_value=-2.8755586813266841e-06 -0.00016585058089547993 2.2433410310751453e-05 0.00017101258656147025 -0.00077400444196792885 1.81845098394871e-05 -0.00016036148488352068 0.0027591009142499895 1.7158360166095919e-05
leaf_weight=23 20 40 36 22 186 26 24 82
leaf_count=23 20 40 36 22 186 26 24 82
internal_value=3.806e-05 -0.000436267 -0.000947433 -0.00164847 0.000220757 -7.37101e-05 -0.000846457 0.000282101
internal_weight=459 121 81 45 338 152 50 102
internal_count=459 121 81 45 338 152 50 102
cat_boundaries=0 1 2
cat_threshold=136316034 1050748
is_linear=0
shrinkage=0.01


Tree=745
num_leaves=10
num_cat=0
split_feature=74 4 10 61 36 17 42 12 4
split_gain=0.338537 0.270841 0.725276 0.225668 0.182154 0.309367 0.10685 0.04385 0.0288315
threshold=7.8571428570000004 0.37743192850000001 0.66642007150000016 0.19499969450000001 3.5928571565000005 0.68627167850000015 15.499999790000002 0.7361902855000001 0.32095100000000004
decision_type=2 2 2 2 2 2 2 2 2
left_child=4 3 -3 -2 5 -1 7 -6 -5
right_child=1 2 -4 8 6 -7 -8 -9 -10
leaf_value=-0.00048952301024098293 -0.00015884568233866768 -0.00027957868685826352 0.00074762656143188811 -2.8818797521373307e-05 1.4816039381438257e-05 0.0035157130442597519 2.7770406833110069e-06 0.00538241429912391 0.00016309544292768147
leaf_weight=23 20 26 32 20 219 27 27 20 48
leaf_count=23 20 26 32 20 219 27 27 20 48
internal_value=8.42697e-05 -0.000306539 -0.000833333 2.25225e-05 0.000271465 -0.000255905 0.000378561 0.00044829 0.000319767
internal_weight=462 146 58 88 316 50 266 239 68
internal_count=462 146 58 88 316 50 266 239 68
is_linear=0
shrinkage=0.01


Tree=746
num_leaves=7
num_cat=0
split_feature=33 53 27 26 61 61
split_gain=0.760421 0.45092 0.297835 0.139445 0.126607 0.0733182
threshold=4.9357142785000017 0.55000000800000015 3.5428571360000007 4.1785714625000008 2.3349995615000005 0.3400001525000001
decision_type=2 2 2 2 2 2
left_child=-1 -2 -3 4 5 -4
right_child=1 2 3 -5 -6 -7
leaf_value=-0.00079500417979852804 -0.00030586891837646959 -0.00033247689185757407 -2.2302302983497605e-06 -9.5491183985849191e-05 -3.7654586425443914e-06 4.6757381909446958e-05
leaf_weight=20 21 31 40 36 21 287
leaf_count=20 21 31 40 36 21 287
internal_value=3.50263e-05 0.000128205 0.000205628 0.000285863 0.000349771 0.000401159
internal_weight=456 436 415 384 348 327
internal_count=456 436 415 384 348 327
is_linear=0
shrinkage=0.01


Tree=747
num_leaves=8
num_cat=0
split_feature=53 46 7 7 20 19 42
split_gain=0.463637 0.236504 0.186575 0.60834 0.212594 0.610713 0.0911611
threshold=0.55000000800000015 3.9999999890000004 0.5765927380000001 0.55995945250000012 2.3285714390000005 0.95714285950000011 2.6999999285000005
decision_type=2 2 2 2 2 2 2
left_child=-1 6 3 4 -3 -6 -2
right_child=1 2 -4 -5 5 -7 -8
leaf_value=-0.00030281022919270597 -3.5179366641441738e-05 5.6909811005722201e-05 0.001448976327725843 -0.00030716458134833217 0.0013680802835551481 -0.0016824893053920915 2.9196420258912163e-05
leaf_weight=21 36 57 50 20 31 21 226
leaf_count=21 36 57 50 20 31 21 226
internal_value=0.000149092 0.000222952 -4.72747e-05 -0.000258089 2.27687e-05 -0.000416667 0.000414764
internal_weight=462 441 179 129 109 52 262
internal_count=462 441 179 129 109 52 262
is_linear=0
shrinkage=0.01


Tree=748
num_leaves=10
num_cat=0
split_feature=20 8 34 25 1 62 93 23 53
split_gain=0.499773 0.500245 0.327627 0.224653 0.184766 0.10319 0.117773 0.217555 0.0395131
threshold=2.5428571190000002 0.56951092900000011 3.2785714010000002 2.4857142820000004 0.19850314250000003 34.825000765000006 20.758760545000005 1.7142857100000002 7.4000000545000004
decision_type=2 2 2 2 2 2 8 2 2
left_child=2 -2 4 5 -1 -4 7 -7 -8
right_child=1 -3 3 -5 -6 6 8 -9 -10
leaf_value=0.00043981004988593149 -0.00053203290783176028 -7.5389632446241014e-05 -0.00012949512591163068 -0.00065534109017088187 -0.0005516749915252066 -0.00088766810425401242 1.7425081831322189e-05 3.1898679560134007e-05 1.9160955845335688e-05
leaf_weight=20 23 35 23 24 20 20 246 33 22
leaf_count=20 23 35 23 24 20 20 246 33 22
internal_value=2.35647e-05 -0.000833333 0.000151663 0.000249458 -0.000686274 0.000319026 0.000368241 -2.7881e-05 0.000453869
internal_weight=466 58 408 368 40 344 321 53 268
internal_count=466 58 408 368 40 344 321 53 268
is_linear=0
shrinkage=0.01


Tree=749
num_leaves=7
num_cat=0
split_feature=14 16 5 43 16 5
split_gain=0.39084 0.798778 1.35354 0.364505 0.201872 0.144318
threshold=0.6933450240000002 0.68325592850000005 0.46399578550000004 6.2500000070000015 0.68690221450000011 0.37577835750000005
decision_type=2 2 2 2 2 2
left_child=4 2 -2 5 -1 -3
right_child=1 3 -4 -5 -6 -7
leaf_value=2.1304759494191857e-05 -0.0031547463154605747 -0.00050001354796603615 2.3657222656563465e-05 -0.00049039013851986393 -0.00011734003411051511 0.0038474450019221171
leaf_weight=216 20 20 27 26 35 115
leaf_count=216 20 20 27 26 35 115
internal_value=0.000103306 -0.000210728 -0.00134937 0.000114339 0.000371326 0.000335052
internal_weight=459 208 47 161 251 135
internal_count=459 208 47 161 251 135
is_linear=0
shrinkage=0.01


Tree=750
num_leaves=10
num_cat=1
split_feature=94 93 83 9 15 47 31 41 26
split_gain=0.402414 0.661534 0.624162 0.170366 0.162041 0.0828858 0.0281495 0.0382602 0.0983101
threshold=0 26.012883985000006 8.3600000655000013 0.60086657500000007 0.73050889250000017 17.349999955000005 5.8357143060000007 2.7000000105000006 3.9857143160000006
decision_type=1 8 2 2 2 2 2 2 2
left_child=1 2 3 -1 5 -3 7 8 -2
right_child=6 4 -4 -5 -6 -7 -8 -9 -10
leaf_value=-0.00038414844793283629 -0.00084685797273548918 4.0700610379745398e-05 -0.00082024793353590892 0.0041647992698622075 -0.00034443267385014624 -2.1788279504636774e-05 -0.00014736061939081411 2.9655660346693094e-05 0.0042451201187623565
leaf_weight=21 20 87 35 23 27 31 20 149 39
leaf_count=21 20 87 35 23 27 31 20 149 39
internal_value=5.30035e-05 -0.000238501 -0.000983709 -0.000133929 0.000140604 0.000311448 0.000343384 0.00039272 0.000125418
internal_weight=452 224 79 44 145 118 228 208 59
internal_count=452 224 79 44 145 118 228 208 59
cat_boundaries=0 1
cat_threshold=170984601
is_linear=0
shrinkage=0.01


Tree=751
num_leaves=9
num_cat=0
split_feature=0 5 0 27 72 39 39 2
split_gain=0.671295 0.517643 0.240821 0.175534 0.240264 0.0679588 0.54616 0.0221279
threshold=0.25661739600000005 0.42050785700000004 0.31458908350000009 3.5857143230000004 49.780001640000009 5.5999999975000003 5.2999999855000004 0.31537385700000004
decision_type=2 2 2 2 2 2 2 2
left_child=3 -2 7 4 -1 6 -5 -3
right_child=1 2 -4 5 -6 -7 -8 -9
leaf_value=0.0015427320259570904 -0.00076122004082688208 0.00090614880579891063 -0.00027073385137350907 9.620748494569323e-06 -0.00037286886781817235 0.00010487340055740044 -0.00014690017593083592 0.00090293702730470605
leaf_weight=24 37 20 27 99 26 183 21 31
leaf_count=24 37 20 27 99 26 183 21 31
internal_value=4.69283e-05 -0.000608808 -0.000114213 0.0002671 -0.000255905 0.000360435 0.000149007 0.000260618
internal_weight=468 115 78 353 50 303 120 51
internal_count=468 115 78 353 50 303 120 51
is_linear=0
shrinkage=0.01


Tree=752
num_leaves=10
num_cat=1
split_feature=94 46 4 1 69 16 47 46 0
split_gain=0.499588 0.918972 0.179262 0.486811 0.131828 0.457116 0.09477 0.165501 0.0173151
threshold=0 6.1999998575000008 0.36795921400000003 0.24242300000000003 78.325001715000013 0.70473278550000007 17.349999955000005 2.4000000730000006 0.095361611500000013
decision_type=1 2 2 2 2 2 2 2 2
left_child=1 2 3 8 5 -2 -6 -8 -1
right_child=4 -3 -4 -5 6 -7 7 -9 -10
leaf_value=-3.6650665874418331e-05 -0.00053265868820974308 -0.00065142666632555493 0.00013462114167256471 -0.00074835874798020638 4.6215155941947842e-05 0.0024388599091467061 3.4635864553725533e-06 -3.3080418460101553e-05 1.1161416019339604e-05
leaf_weight=20 20 25 43 23 206 43 41 26 23
leaf_count=20 20 25 43 23 206 43 41 26 23
internal_value=7.00935e-05 -0.000421271 -3.18761e-05 -0.000374251 0.000276817 -0.000101881 0.000381665 2.21239e-05 0.000216895
internal_weight=470 134 109 66 336 63 273 67 43
internal_count=470 134 109 66 336 63 273 67 43
cat_boundaries=0 1
cat_threshold=66758
is_linear=0
shrinkage=0.01


Tree=753
num_leaves=9
num_cat=0
split_feature=74 71 12 25 18 18 4 9
split_gain=0.547813 0.541505 0.505118 0.194768 0.228359 0.193254 0.121087 0.0936117
threshold=7.8571428570000004 50.125000000000007 0.72410804750000013 2.2285714105000003 96.665000000000006 40.225000000000009 0.29718764250000002 0.59475165000000008
decision_type=2 2 2 2 2 2 2 2
left_child=3 -2 5 4 6 7 -1 -3
right_child=1 2 -4 -5 -6 -7 -8 -9
leaf_value=-0.00079882446199385946 -0.00072284220597883231 9.6380047729932137e-06 -0.00061492125313403103 1.7137628651138211e-05 -8.8752673873155417e-05 0.00099185079639789019 6.3110991750476431e-05 -0.00054041821453310989
leaf_weight=20 25 23 24 191 29 67 62 20
leaf_count=20 25 23 24 191 29 67 62 20
internal_value=4.00606e-05 -0.000428661 -0.000155786 0.000293923 -2.23613e-05 0.000117329 0.000229469 -0.000376712
internal_weight=461 159 134 302 111 110 82 43
internal_count=461 159 134 302 111 110 82 43
is_linear=0
shrinkage=0.01


Tree=754
num_leaves=10
num_cat=1
split_feature=53 94 93 46 10 31 75 25 4
split_gain=0.492457 0.245246 0.366441 0.41918 0.256866 0.103189 0.139076 0.0387749 0.0204918
threshold=0.60000001650000001 0 26.012883985000006 6.2000000400000017 0.63330421400000014 5.8999999250000004 8.1228570615000013 2.4999999915000006 0.32693214300000006
decision_type=2 1 10 2 2 2 2 2 2
left_child=-1 2 3 4 -2 6 7 -3 -6
right_child=1 5 -4 -5 8 -7 -8 -9 -10
leaf_value=-0.00023121398086801829 -0.00047951247741364944 7.1397014142896226e-05 0.0017621776160946527 -0.00071460728065237745 -1.3327255858163411e-05 -0.00067297286735995814 -2.341503700051627e-05 2.8392136968887273e-06 0.00038036007543893363
leaf_weight=27 35 214 54 20 20 23 21 22 28
leaf_count=27 35 214 54 20 20 23 21 22 28
internal_value=4.30293e-05 0.000129054 -0.000175805 -0.000544316 -0.000196897 0.000302613 0.000374321 0.000447635 0.000245902
internal_weight=464 437 157 103 83 280 257 236 48
internal_count=464 437 157 103 83 280 257 236 48
cat_boundaries=0 1
cat_threshold=36701716
is_linear=0
shrinkage=0.01


Tree=755
num_leaves=8
num_cat=1
split_feature=94 39 15 23 10 43 54
split_gain=0.403031 0.595558 0.826339 0.267947 0.102217 0.101844 0.104862
threshold=0 5.8000001165000006 0.67449740450000017 1.6142857115000002 0.69332107150000011 6.5500000270000003 0.35000000500000006
decision_type=1 2 2 2 2 2 2
left_child=1 2 -1 -2 -3 6 -5
right_child=3 4 -4 5 -6 -7 -8
leaf_value=2.9882319919944824e-05 -0.00014573749685663497 0.00027003877532855153 -0.00099573586558581915 5.5537001731239711e-05 -0.00047183236075267344 -1.3863735054034059e-05 2.745908557542498e-05
leaf_weight=21 38 42 20 32 20 27 270
leaf_count=21 38 42 20 32 20 27 270
internal_value=0.000112574 -0.000408612 -0.0013756 0.000268661 0.000143312 0.000371437 0.000426024
internal_weight=470 103 41 367 62 329 302
internal_count=470 103 41 367 62 329 302
cat_boundaries=0 1
cat_threshold=3212388
is_linear=0
shrinkage=0.01


Tree=756
num_leaves=9
num_cat=0
split_feature=27 68 18 27 76 76 39 0
split_gain=0.251285 0.202612 0.19748 0.155324 0.126453 0.108352 0.198432 0.0763575
threshold=3.6928571125000005 64.635000230000017 7.285000000000001 3.5857143230000004 5.2171428545000014 6.171428510000001 5.700000182000001 0.28510645100000004
decision_type=2 2 2 2 2 2 2 2
left_child=1 3 -2 -1 -4 -6 7 -7
right_child=2 -3 4 -5 5 6 -8 -9
leaf_value=0.0001073377762424076 -0.00022407259455428947 -0.00042191452510248375 -0.00014171078940458895 -0.00063106882212212497 6.3617266614977516e-05 -0.00074936139099795627 1.7795102830206354e-05 0.0029246180059545089
leaf_weight=33 27 23 20 25 248 20 58 20
leaf_count=33 27 23 20 25 248 20 58 20
internal_value=0.000157961 -0.000336186 0.000265363 0 0.00032988 0.000377739 7.08502e-05 -0.000441176
internal_weight=474 81 393 58 366 346 98 40
internal_count=474 81 393 58 366 346 98 40
is_linear=0
shrinkage=0.01


Tree=757
num_leaves=11
num_cat=0
split_feature=0 1 0 34 90 13 18 42 9 0
split_gain=0.606695 0.34649 0.330715 0.246383 0.123337 0.161633 0.0376458 0.0416431 0.0221279 0.0173151
threshold=0.2660955805000001 0.28589383350000003 0.31458908350000009 3.2785714010000002 19.367142815000005 0.69745960850000011 6.6450000000000005 15.499999790000002 0.60606983000000014 0.28399154150000006
decision_type=2 2 2 2 2 2 2 2 2 2
left_child=3 -2 9 -1 6 8 -5 -8 -6 -3
right_child=1 2 -4 4 5 -7 7 -9 -10 -11
leaf_value=-0.00038150354379874854 -0.00099159628699486296 -2.4404894969602912e-05 -0.00025847284751524412 -0.0001451733896026656 1.5077158703153431e-05 -1.4800228529323697e-05 7.8564290999485063e-05 9.6625600562069229e-06 -2.1670911905259066e-05 0.0012916179014851148
leaf_weight=37 20 20 29 20 31 22 230 21 20 23
leaf_count=37 20 20 29 20 31 22 230 21 20 23
internal_value=5.17096e-05 -0.000668103 -0.000302198 0.000231797 0.000319026 -2.03252e-05 0.000417586 0.000450755 0.000260618 0.000216895
internal_weight=473 92 72 381 344 73 271 251 51 43
internal_count=473 92 72 381 344 73 271 251 51 43
is_linear=0
shrinkage=0.01


Tree=758
num_leaves=9
num_cat=1
split_feature=94 13 63 23 68 23 76 25
split_gain=0.52643 0.398805 0.98597 0.182725 0.117286 0.087495 0.0367616 0.0374621
threshold=0 0.69745960850000011 27.434999470000005 1.6142857115000002 66.430000305000007 1.7214285690000002 5.1871428170000007 2.4999999915000006
decision_type=1 2 2 2 2 2 2 2
left_child=1 5 -3 -2 6 -1 -5 -8
right_child=3 2 -4 4 -6 -7 7 -9
leaf_value=-8.3704786499957769e-05 -0.00022812223263533529 0.002107420839192803 -0.00061635362219819567 8.1161393590032639e-07 -9.8341680383017649e-06 0.00019192341609447578 4.64575235393388e-05 8.2401358421183706e-06
leaf_weight=20 31 29 25 21 24 32 269 23
leaf_count=20 31 29 25 21 24 32 269 23
internal_value=0.000115838 -0.00047089 -0.00111314 0.000295671 0.000374482 7.57576e-05 0.000428617 0.00045765
internal_weight=474 106 54 368 337 52 313 292
internal_count=474 106 54 368 337 52 313 292
cat_boundaries=0 1
cat_threshold=34604620
is_linear=0
shrinkage=0.01


Tree=759
num_leaves=8
num_cat=0
split_feature=1 25 13 40 36 76 1
split_gain=0.463607 0.191078 0.308312 0.45273 0.0890083 0.0444908 0.0323472
threshold=0.32582951800000004 2.2142857100000004 0.70220135850000009 6.7499999775000008 5.2999999350000015 5.1871428170000007 0.21038070750000001
decision_type=2 2 2 2 2 2 2
left_child=1 2 6 -4 5 -3 -1
right_child=-2 4 3 -5 -6 -7 -8
leaf_value=-7.6480767024686387e-05 -0.00013706745094518212 -5.6931120127154207e-06 -0.00069287619988146136 0.0045745496103727166 -1.3212372250480886e-06 3.6416907177996452e-05 5.9699597285907926e-05
leaf_weight=20 32 20 38 25 33 247 62
leaf_count=20 32 20 38 25 33 247 62
internal_value=0.000160109 0.000247869 -3.77229e-05 -0.0005721 0.000392287 0.000453697 0.000350242
internal_weight=477 445 145 63 300 267 82
internal_count=477 445 145 63 300 267 82
is_linear=0
shrinkage=0.01


Tree=760
num_leaves=11
num_cat=0
split_feature=53 25 4 70 40 4 27 25 50 2
split_gain=0.520444 0.298169 0.345235 0.452283 0.390345 0.198881 0.253267 0.0996445 0.0422785 0.0221279
threshold=0.60000001650000001 2.2428571245000004 0.35995871400000007 44.259999755000003 2.3500000235000003 0.29654454800000007 3.7642857005000008 2.4857142820000004 0.85000000900000006 0.31354950000000009
decision_type=2 2 2 2 2 2 2 2 2 2
left_child=-1 2 5 -4 -5 6 -2 8 -3 -6
right_child=1 7 3 4 9 -7 -8 -9 -10 -11
leaf_value=-0.00030450992439372569 -0.00070057691263434446 0.00031622833958056131 -0.00064361742076740375 -0.00034187723024656734 0.0021110082104158581 3.5314884603797793e-05 1.2574665299363349e-05 -0.0005108054818487455 8.1803105130588943e-05 0.0037187897593101496
leaf_weight=25 24 20 25 20 20 81 21 27 170 31
leaf_count=25 24 20 25 20 20 81 21 27 170 31
internal_value=1.2968e-11 8.5266e-05 -0.000166068 -0.000619835 -0.000174095 0.000165615 -0.000338428 0.00035124 0.00043501 0.000260618
internal_weight=464 439 222 96 71 126 45 217 190 51
internal_count=464 439 222 96 71 126 45 217 190 51
is_linear=0
shrinkage=0.01


Tree=761
num_leaves=8
num_cat=0
split_feature=61 25 32 0 3 93 0
split_gain=0.696938 0.258415 0.305206 0.245389 0.398525 0.222718 0.0893052
threshold=1.0000000180025095e-35 2.2142857100000004 4.3357142975000009 0.23977154150000005 0.34079800000000005 23.463113215000003 0.28882258350000006
decision_type=2 2 2 2 2 10 2
left_child=-1 2 5 -3 -5 6 -2
right_child=1 3 -4 4 -6 -7 -8
leaf_value=-0.00019927576232848488 1.2244591723539994e-05 1.6751456801089508e-05 -0.00061755783983482215 -0.0007365237297188383 0.00070094485034685522 -0.00092000899250716743 0.00042394882819377837
leaf_weight=22 78 234 31 20 30 33 28
leaf_count=22 78 234 31 20 30 33 28
internal_value=7.55034e-05 0.000164908 -0.00013466 0.000351124 -0.000255905 5.36481e-05 0.000290262
internal_weight=476 454 170 284 50 139 106
internal_count=476 454 170 284 50 139 106
is_linear=0
shrinkage=0.01


Tree=762
num_leaves=8
num_cat=1
split_feature=20 1 94 7 37 18 1
split_gain=0.450925 0.548818 0.316807 0.596085 0.255636 0.0976057 0.0354589
threshold=2.5428571190000002 0.27603864250000004 0 0.48798028600000004 2.3999999575000004 12.535000000000002 0.27223564300000008
decision_type=2 2 1 2 2 2 2
left_child=2 -2 3 -1 6 -4 -5
right_child=1 -3 5 4 -6 -7 -8
leaf_value=-0.00074595371075230905 5.2318665705622345e-06 -0.00057307339072540755 -7.8012822510810666e-05 1.7670337979095891e-05 -0.00063559757724657889 6.1953739473868987e-05 4.1458120693828292e-05
leaf_weight=38 20 31 33 80 21 207 20
leaf_count=38 20 31 33 80 21 207 20
internal_value=5.10204e-05 -0.000820463 0.000168834 -0.000167845 0.000151888 0.00039075 0.000376984
internal_weight=450 51 399 159 121 240 100
internal_count=450 51 399 159 121 240 100
cat_boundaries=0 1
cat_threshold=35652764
is_linear=0
shrinkage=0.01


Tree=763
num_leaves=9
num_cat=0
split_feature=46 14 10 91 0 6 29 0
split_gain=0.353243 0.471905 0.689466 0.1601 0.16335 0.130128 0.0420726 0.0192946
threshold=5.2000001075000002 0.6933450240000002 0.68175792850000005 81.602127495000019 0.091837021000000005 0.4736581425000001 2.0571428540000003 0.066451479500000007
decision_type=2 2 2 2 2 2 2 2
left_child=3 -2 5 4 7 -3 -5 -1
right_child=1 2 -4 6 -6 -7 -8 -9
leaf_value=0.00051927672158193585 0.00060818771857209337 -0.00073739860357464263 0.0027533495939882475 2.0046333136737161e-05 -0.00012577313918433049 -1.6640267890094429e-05 2.2966978280504612e-05 5.2068058327363866e-06
leaf_weight=20 51 20 37 21 21 20 250 26
leaf_count=20 51 20 37 21 21 20 250 26
internal_value=0.000173522 -0.000263975 -0.000764781 0.000345336 -6.63717e-05 -0.00166667 0.000454378 0.000235043
internal_weight=466 128 77 338 67 40 271 46
internal_count=466 128 77 338 67 40 271 46
is_linear=0
shrinkage=0.01


Tree=764
num_leaves=9
num_cat=0
split_feature=79 25 36 14 59 9 26 15
split_gain=0.402531 0.268483 0.39253 0.3004 0.170512 0.102285 0.0442108 0.0337027
threshold=3.6778571140000005 2.2142857100000004 4.3071428875000004 0.6933450240000002 1.4549999235000002 0.6777772915000001 4.2357143335000016 0.73386642850000017
decision_type=2 2 2 2 2 2 2 2
left_child=-1 2 3 -2 6 7 -3 -4
right_child=1 4 5 -5 -6 -7 -8 -9
leaf_value=-0.0001964850159013276 0.00015930928390166661 2.1689912888733762e-05 1.3960231722590623e-05 -0.00066953900321065508 -5.9169793301037366e-06 -0.0030896320952560207 4.8982392525094179e-07 0.0039836961711843186
leaf_weight=22 24 234 69 36 38 20 20 20
leaf_count=22 24 234 69 36 38 20 20 20
internal_value=0.000102315 0.000169987 -0.000138398 -0.000789474 0.000355191 0.000204918 0.000451334 0.000361915
internal_weight=483 461 169 60 292 109 254 89
internal_count=483 461 169 60 292 109 254 89
is_linear=0
shrinkage=0.01


Tree=765
num_leaves=10
num_cat=0
split_feature=92 53 43 70 76 12 28 42 14
split_gain=0.361867 0.173756 0.104918 0.115697 0.217814 0.0996547 0.0363431 0.0434414 0.0319177
threshold=14.156054705000001 0.60000001650000001 3.1499999055000001 51.415000435000003 5.5821429020000002 0.66219571450000014 3.2571428585000004 15.499999790000002 0.69721657100000012
decision_type=10 2 2 2 2 2 2 2 2
left_child=-1 -2 3 4 5 -3 -4 -8 -5
right_child=1 2 6 8 -6 -7 7 -9 -10
leaf_value=-0.00043710476181119638 -0.0003101766062253837 -0.00013607897971993914 0.00083984086391135067 2.820065282370601e-05 -0.00067986128655055014 5.9415634785064227e-05 2.1916020056730722e-05 2.9398398143631642e-05 5.0931079363564022e-06
leaf_weight=25 27 20 20 60 26 40 204 20 20
leaf_count=25 27 20 20 60 26 40 204 20 20
internal_value=0.000149092 0.00022042 0.000275073 6.59473e-05 -0.000172811 0.000131579 0.000408497 0.00044484 0.000346535
internal_weight=462 437 410 166 86 60 244 224 80
internal_count=462 437 410 166 86 60 244 224 80
is_linear=0
shrinkage=0.01


Tree=766
num_leaves=10
num_cat=1
split_feature=0 1 34 16 39 94 25 6 0
split_gain=0.342794 0.515518 0.199383 0.352686 0.137834 0.108623 0.277623 0.0439506 0.0314669
threshold=0.26921189550000008 0.28734107150000004 3.2785714010000002 0.69962471450000019 3.9500000145000005 0 2.2285714105000003 0.34344664300000011 0.18199452050000003
decision_type=2 2 2 2 2 1 2 2 2
left_child=2 -2 3 -1 -3 6 -4 -7 -8
right_child=1 4 5 -5 -6 7 8 -9 -10
leaf_value=-0.00041039058350208753 -0.00095692011419690746 -0.00027769864438106239 -0.00046686648888063348 0.0015905357063981929 0.00074615064134697564 3.7674595886703227e-05 1.0966754204717058e-05 0.00010381190177356908 -1.7649764386337785e-05
leaf_weight=20 20 27 29 23 33 20 58 223 20
leaf_count=20 20 27 29 23 33 20 58 223 20
internal_value=0.000115027 -0.000470297 0.00023997 -0.000376712 0 0.000322121 1.27335e-05 0.000431442 0.00034264
internal_weight=473 80 393 43 60 350 107 243 78
internal_count=473 80 393 43 60 350 107 243 78
cat_boundaries=0 1
cat_threshold=195
is_linear=0
shrinkage=0.01


Tree=767
num_leaves=9
num_cat=0
split_feature=33 92 13 1 0 90 50 52
split_gain=0.401754 0.156722 0.534729 0.144228 0.118855 0.106281 0.0526573 0.0892094
threshold=4.9357142785000017 20.766363120000005 0.72364961250000015 0.16733992850000004 0.20157316650000004 20.257142885000004 6.0000000595000005 1.0999999900000001
decision_type=2 10 2 2 2 2 2 2
left_child=-1 2 4 -3 -2 6 7 -5
right_child=1 3 -4 5 -6 -7 -8 -9
leaf_value=-0.00057261957961283875 1.938173835408717e-05 -3.7132606442602017e-05 -0.0025466252104157316 0.00058010470899271123 -0.000224553462173952 2.0861240163768808e-05 0.00013294399185875984 -0.00076292074622914515
leaf_weight=32 59 35 24 33 20 25 212 20
leaf_count=32 59 35 24 33 20 25 212 20
internal_value=8.24653e-05 0.00016791 -0.00015896 0.000277778 0.000219298 0.000354195 0.000415726 8.36431e-05
internal_weight=460 428 103 325 79 290 265 53
internal_count=460 428 103 325 79 290 265 53
is_linear=0
shrinkage=0.01


Tree=768
num_leaves=9
num_cat=0
split_feature=0 3 81 17 92 53 40 51
split_gain=0.453272 0.566126 0.193337 0.316809 0.182638 0.124605 0.143431 0.208868
threshold=0.2660955805000001 0.34968233300000001 12.310000045000002 0.68627167850000015 21.959913585000002 7.4000000545000004 0.50000000350000018 1.0000000180025095e-35
decision_type=2 2 2 2 10 2 2 2
left_child=2 -2 3 -1 -3 6 7 -4
right_child=1 4 5 -5 -6 -7 -8 -9
leaf_value=-0.00040070334260950232 -0.00065270028866223602 -0.00029283253354149747 0.00084736972126969474 0.0026372877234905326 0.0018619544474390531 -9.8879712318083424e-05 1.648077020088596e-05 -4.295785527607345e-05
leaf_weight=33 32 24 30 32 40 21 262 20
leaf_count=33 32 24 30 32 40 21 262 20
internal_value=9.09458e-05 -0.000516529 0.00024323 -0.000235562 1.25326e-11 0.00034302 0.000396419 -5.90551e-05
internal_weight=494 96 398 65 64 333 312 50
internal_count=494 96 398 65 64 333 312 50
is_linear=0
shrinkage=0.01


Tree=769
num_leaves=9
num_cat=0
split_feature=41 41 17 15 18 1 67 1
split_gain=0.270588 0.454109 0.180266 0.367365 0.209338 0.0825037 0.0781849 0.0615385
threshold=11.599999845000001 10.450000115000002 0.68249278550000014 0.70931792850000008 39.945000000000007 0.25639421450000005 63.519999025000011 0.24613357150000001
decision_type=2 2 2 2 2 2 2 2
left_child=1 2 3 4 5 -1 7 -2
right_child=6 -3 -4 -5 -6 -7 -8 -9
leaf_value=1.3620453674022173e-05 -7.8160579725994434e-05 -0.00052178132281652495 0.0014047331512400348 -0.00050786464576727506 0.00013652607063854123 -0.00030574916182606927 1.954299938741204e-05 0.0069432294734405623
leaf_weight=21 20 26 75 29 69 20 186 20
leaf_count=21 20 26 75 29 69 20 186 20
internal_value=0.000152099 -7.47508e-05 6.98324e-05 -0.000132332 0.000117329 -0.00041866 0.000401235 0
internal_weight=466 240 214 139 110 41 226 40
internal_count=466 240 214 139 110 41 226 40
is_linear=0
shrinkage=0.01


Tree=770
num_leaves=9
num_cat=1
split_feature=33 94 25 16 32 56 1 0
split_gain=0.297719 0.230116 0.391845 0.340309 0.323774 0.372594 0.0426612 0.0192946
threshold=4.9357142785000017 0 2.2000000095000005 0.69630909500000004 4.0428571530000008 0.095000267000000013 0.14795371450000003 0.21980954200000002
decision_type=2 1 2 2 2 2 2 2
left_child=-1 2 3 -2 5 7 -3 -4
right_child=1 6 4 -5 -6 -7 -8 -9
leaf_value=-0.00038316442545422032 -0.003022345743235161 2.6459695895044133e-05 7.4761977975909809e-06 2.4994841351490317e-05 4.2630295304911299e-05 -0.00065527116841848057 3.7506250141028452e-05 0.00041081977115139067
leaf_weight=27 20 20 20 20 119 36 180 26
leaf_count=27 20 20 20 20 119 36 180 26
internal_value=0.000110922 0.000177682 -2.97855e-05 -0.000931373 0.000141229 -0.000326087 0.000417457 0.000235043
internal_weight=468 441 241 40 201 82 200 46
internal_count=468 441 241 40 201 82 200 46
cat_boundaries=0 1
cat_threshold=35652830
is_linear=0
shrinkage=0.01


Tree=771
num_leaves=7
num_cat=1
split_feature=94 24 2 9 56 53
split_gain=0.262914 0.614438 0.234954 0.119618 0.0835496 0.0394722
threshold=0 1.8428571435000001 0.19590371450000002 0.67331645000000007 2.0650000575000003 7.4000000545000004
decision_type=1 2 2 2 2 2
left_child=1 -1 -2 -3 5 -4
right_child=2 3 4 -5 -6 -7
leaf_value=-0.00067171355874826868 -5.9938008775772371e-07 9.5381225321824875e-06 4.691182466658266e-05 -0.00073881183002231273 0.0013832589020511246 7.8155962601804567e-05
leaf_weight=37 26 60 244 20 35 22
leaf_count=37 26 60 244 20 35 22
internal_value=0.000157374 -0.000230829 0.000300474 0.000222772 0.000392644 0.000453523
internal_weight=444 117 327 80 301 266
internal_count=444 117 327 80 301 266
cat_boundaries=0 1
cat_threshold=34668582
is_linear=0
shrinkage=0.01


Tree=772
num_leaves=9
num_cat=1
split_feature=94 18 77 45 39 2 53 4
split_gain=0.310485 0.377453 0.227602 0.101898 0.0648951 0.0686894 0.0445915 0.029128
threshold=0 28.005000000000006 9.3435713905000011 1.2000000365000003 9.6000001540000017 0.29397800000000002 7.0000000780000011 0.32498471400000006
decision_type=1 2 2 2 2 2 2 2
left_child=1 -1 7 4 6 -6 -2 -3
right_child=3 2 -4 -5 5 -7 -8 -9
leaf_value=-0.00081181873398639528 2.5775787693080487e-05 1.8047863113104841e-05 -0.00059538933923709088 -2.9477236342314837e-06 0.00030020125000782954 -0.00076399208183185131 0.00054499526094182625 0.00055379662663687093
leaf_weight=26 252 20 20 25 23 20 20 49
leaf_count=26 252 20 20 25 23 20 20 49
internal_value=0.000187582 -0.000242448 2.78397e-05 0.000336374 0.000397403 0 0.000454545 0.00032235
internal_weight=455 115 89 340 315 43 272 69
internal_count=455 115 89 340 315 43 272 69
cat_boundaries=0 1
cat_threshold=40961184
is_linear=0
shrinkage=0.01


Tree=773
num_leaves=8
num_cat=0
split_feature=0 18 27 5 0 0 76
split_gain=0.363354 0.318527 0.239507 0.313864 0.114344 0.0799496 0.0417567
threshold=0.2660955805000001 53.785000000000004 3.7785714185000003 0.35398371450000005 0.14259300000000003 0.30146440250000006 5.2514285700000007
decision_type=2 2 2 2 2 2 2
left_child=2 -2 3 -1 -5 -3 -4
right_child=1 5 6 4 -6 -7 -8
leaf_value=-0.00064934276317464372 -0.00053457281722858415 0.0025149339344691891 6.8283345356833861e-06 7.2061699639339315e-05 -1.2503086950820113e-05 -0.00058943544584472108 2.5016844790079388e-05
leaf_weight=34 34 28 21 62 21 20 235
leaf_count=34 34 28 21 62 21 20 235
internal_value=0.000143703 -0.00044686 0.000279561 -8.06451e-05 0.000232697 4.09836e-05 0.000451713
internal_weight=455 82 373 117 83 48 256
internal_count=455 82 373 117 83 48 256
is_linear=0
shrinkage=0.01


Tree=774
num_leaves=7
num_cat=1
split_feature=33 27 94 37 92 46
split_gain=0.355068 0.33481 0.252212 0.291628 0.243688 0.147966
threshold=4.921428510000001 3.6571427925000006 0 0.70000001050000005 26.000940735000004 3.9999999890000004
decision_type=2 2 1 2 8 2
left_child=-1 4 3 5 -2 -3
right_child=1 2 -4 -5 -6 -7
leaf_value=-0.00061094283694707496 -0.00052800886348072578 7.3755444551722881e-05 1.8339105568331683e-05 -0.00056252236231849951 9.2670217437719677e-05 -0.00037929372747018907
leaf_weight=25 29 62 275 24 30 33
leaf_count=25 29 62 275 24 30 33
internal_value=0.000139933 0.000208242 0.000316616 -6.54853e-05 -0.000476589 0.000161795
internal_weight=478 453 394 119 59 95
internal_count=478 453 394 119 59 95
cat_boundaries=0 1
cat_threshold=2097254
is_linear=0
shrinkage=0.01


Tree=775
num_leaves=7
num_cat=1
split_feature=94 25 4 46 2 0
split_gain=0.445085 0.421129 0.413971 0.22765 0.256248 0.0393308
threshold=0 2.2000000010000007 0.36018485700000008 6.6499999610000007 0.20004300000000003 0.24826577100000005
decision_type=1 2 2 2 2 2
left_child=1 2 -1 4 -3 -6
right_child=-2 3 -4 -5 5 -7
leaf_value=-0.00018057244956048903 1.4492149670839976e-05 -0.00010154418932690625 -0.0017195015444797445 -0.00065570594580154551 3.9591781003853062e-05 1.3895564963012416e-05
leaf_weight=35 220 23 31 20 117 20
leaf_count=35 220 23 31 20 117 20
internal_value=0.000152099 -0.000136293 -0.000823353 9.95575e-05 0.000236318 0.000410015
internal_weight=466 246 66 180 160 137
internal_count=466 246 66 180 160 137
cat_boundaries=0 1
cat_threshold=35720342
is_linear=0
shrinkage=0.01


Tree=776
num_leaves=7
num_cat=0
split_feature=92 38 12 76 41 92
split_gain=0.29656 0.129501 0.184043 0.104461 0.0409931 0.0458616
threshold=17.039911375000006 1.6500000360000002 0.67817089300000022 5.1871428170000007 17.550000160000003 18.426978845000004
decision_type=10 2 2 2 2 10
left_child=-1 3 -3 -2 5 -5
right_child=1 2 -4 4 -6 -7
leaf_value=-0.00053109699453891704 3.6542026881395861e-06 0.0051211691817780033 -0.00090073004391832631 -9.6524021210944201e-06 -4.1124389147980271e-07 5.3708311103663503e-05
leaf_weight=34 28 23 20 20 20 336
leaf_count=34 28 23 20 20 20 336
internal_value=0.000266708 0.000338321 -0.000148402 0.000395257 0.000440552 0.000465247
internal_weight=481 447 43 404 376 356
internal_count=481 447 43 404 376 356
is_linear=0
shrinkage=0.01


Tree=777
num_leaves=8
num_cat=1
split_feature=94 74 15 9 14 33 91
split_gain=0.442259 0.534249 0.393063 0.353583 0.168333 0.10773 0.160191
threshold=0 7.8714285575000007 0.6879518575000001 0.65511862500000018 0.59671500000000011 5.4285713775000008 126.98163360000002
decision_type=1 2 2 2 2 2 2
left_child=1 4 -3 -4 -1 6 -6
right_child=-2 2 3 -5 5 -7 -8
leaf_value=-0.00051068397066017642 1.4599563872536491e-05 7.4984081278394346e-05 -0.00062715627696002915 -0.00060512660211776016 -0.00030368592695247088 1.4671991494840356e-05 0.0053553973908835525
leaf_weight=26 220 26 24 21 23 100 27
leaf_count=26 220 26 24 21 23 100 27
internal_value=0.000152843 -0.000133825 -0.000870474 -0.00143013 0.000147059 0.000285146 -5.90551e-05
internal_weight=467 247 71 45 176 150 50
internal_count=467 247 71 45 176 150 50
cat_boundaries=0 1
cat_threshold=3212534
is_linear=0
shrinkage=0.01


Tree=778
num_leaves=6
num_cat=0
split_feature=53 75 2 23 25
split_gain=0.367742 0.381954 0.256501 0.367199 0.135218
threshold=0.70000001050000005 5.3978570735000009 0.20173676200000004 1.7714285470000002 2.4857142820000004
decision_type=2 2 2 2 2
left_child=-1 -2 3 -3 -4
right_child=1 2 4 -5 -6
leaf_value=-0.00025119048966639054 -0.0011842994397052305 -0.00034269261958038116 3.998326413955711e-05 0.00047804741377713457 -0.00054627579748482734
leaf_weight=38 28 20 328 25 25
leaf_count=38 28 20 328 25 25
internal_value=0.000172117 0.000260075 0.000343531 -0.000338428 0.000436687
internal_weight=464 426 398 45 353
internal_count=464 426 398 45 353
is_linear=0
shrinkage=0.01


Tree=779
num_leaves=9
num_cat=0
split_feature=33 17 17 26 70 60 6 2
split_gain=0.392349 0.413518 1.5895 0.143595 0.385434 0.242719 0.0411671 0.0192946
threshold=5.2428571500000007 0.69531664300000007 0.66029349300000006 3.9571428810000007 52.059999465000004 3.8249998090000004 0.34464350000000005 0.31722652400000001
decision_type=2 2 2 2 2 2 2 2
left_child=1 2 -1 4 5 -2 -5 -3
right_child=3 7 -4 6 -6 -7 -8 -9
leaf_value=0.0018831018723268827 3.6427201303642777e-05 0.00389235700957432 -0.0014846166661783755 4.3138999721973993e-05 0.00010873478367810889 -0.00067215587516931247 3.4631513691214383e-05 0.00087948916262935335
leaf_weight=29 24 26 21 21 77 26 211 20
leaf_count=29 24 26 21 21 77 26 211 20
internal_value=0.000143703 -0.000413223 -0.00104331 0.000298777 1.17371e-05 -0.000649606 0.000446735 0.000235043
internal_weight=455 96 50 359 127 50 232 46
internal_count=455 96 50 359 127 50 232 46
is_linear=0
shrinkage=0.01


Tree=780
num_leaves=11
num_cat=0
split_feature=33 91 73 27 40 46 7 18 1 1
split_gain=0.685681 0.703937 0.390345 0.137602 0.44547 0.0697297 0.0615385 0.0440478 0.0288315 0.0221279
threshold=5.2428571500000007 109.82819450000001 1.6514285590000002 3.7857142350000004 3.4000000655000004 6.1999998575000008 0.58152752400000007 8.6300000000000008 0.18215792850000004 0.27345942900000003
decision_type=2 2 2 2 2 2 2 2 2 2
left_child=1 -1 9 4 -2 7 -7 -5 -6 -3
right_child=3 2 -4 5 8 6 -8 -9 -10 -11
leaf_value=-0.00053217484029408101 -0.0006179903411835994 0.0018802299783688373 -0.00069265884491846871 -0.00013103297024706227 0.00034724213404583969 -0.00031203323388748135 0.0032639905185150339 2.3042503363429898e-05 0.00041192082164206848 1.5316162273353894e-05
leaf_weight=20 20 31 20 20 20 20 20 227 48 20
leaf_count=20 20 31 20 20 20 20 20 227 48 20
internal_value=8.78321e-05 -0.000680828 -0.000174095 0.000280734 -4.5045e-05 0.000387422 0 0.00044996 0.000319767 0.000260618
internal_weight=466 91 71 375 88 287 40 247 68 51
internal_count=466 91 71 375 88 287 40 247 68 51
is_linear=0
shrinkage=0.01


Tree=781
num_leaves=8
num_cat=0
split_feature=41 18 2 57 2 24 53
split_gain=0.454411 0.159033 0.063181 0.0503118 0.0778705 0.0396886 0.0402061
threshold=0.60000000500000006 8.6300000000000008 0.19590371450000002 7.5300006865000011 0.29646200000000006 1.6142856945000001 7.3000002170000009
decision_type=2 2 2 2 2 2 2
left_child=-1 -2 -3 5 -5 -4 -7
right_child=1 2 3 4 -6 6 -8
leaf_value=-0.00011151466386690531 -0.00039735570992081805 -2.2506597257059393e-05 0.0033497488438962932 1.2788614389540281e-05 -3.1900399588886939e-05 5.847286625202945e-05 9.0951217449929052e-05
leaf_weight=23 33 36 20 27 20 285 22
leaf_count=23 33 36 20 27 20 285 22
internal_value=0.000216367 0.000291798 0.000348101 0.000386873 3.13808e-05 0.000431666 0.000459714
internal_weight=466 443 410 374 47 327 307
internal_count=466 443 410 374 47 327 307
is_linear=0
shrinkage=0.01


Tree=782
num_leaves=9
num_cat=0
split_feature=0 1 3 77 80 39 80 11
split_gain=0.449074 0.886057 0.229226 0.482489 0.211149 0.0555373 0.0733311 0.0264977
threshold=0.2660955805000001 0.28396417850000005 0.26909442850000004 9.0185713425000014 15.022857120000003 5.3999998645000007 15.815714430000002 0.68034628550000009
decision_type=2 2 2 2 2 2 2 2
left_child=2 -2 3 -1 -3 6 -4 -6
right_child=1 4 5 -5 7 -7 -8 -9
leaf_value=-0.00046681421542253318 -0.00090149967688264016 -0.00014537231450411283 2.5256357144764382e-05 8.6088526324921024e-06 0.00066828647085032805 7.4547099366047159e-05 1.6832942772264816e-07 0.003699690885980485
leaf_weight=38 20 20 30 52 41 230 22 20
leaf_count=38 20 20 30 52 41 230 22 20
internal_value=0.000115027 -0.000466601 0.00027897 -0.000143172 0 0.000420792 7.57576e-05 0.000299353
internal_weight=473 101 372 90 81 282 52 61
internal_count=473 101 372 90 81 282 52 61
is_linear=0
shrinkage=0.01


Tree=783
num_leaves=7
num_cat=1
split_feature=94 22 6 28 92 29
split_gain=0.462642 0.342798 0.351364 0.230642 0.179282 0.0452508
threshold=0 1.9142857195000003 0.44236657150000008 3.2928571530000004 18.627672485000002 2.0142857265000003
decision_type=1 2 2 2 10 2
left_child=1 2 -1 -2 -5 -6
right_child=3 -3 -4 4 5 -7
leaf_value=-0.00051805474654593856 -0.0012437064116356739 -0.00024005817108876414 9.3756263540762267e-05 -0.00019424727245638526 0.0028144976335906912 3.7253254981346174e-05
leaf_weight=34 26 23 43 38 20 290
leaf_count=34 26 23 43 38 20 290
internal_value=0.0001369 -0.000433213 -0.000122108 0.000298857 0.00037844 0.000460103
internal_weight=474 100 77 374 348 310
internal_count=474 100 77 374 348 310
cat_boundaries=0 1
cat_threshold=3214848
is_linear=0
shrinkage=0.01


Tree=784
num_leaves=7
num_cat=0
split_feature=80 56 5 36 92 18
split_gain=0.40189 0.441143 0.267693 0.526519 0.093482 0.0448186
threshold=15.017857145000002 0.095000267000000013 0.35272250000000005 4.192857129500001 18.627672485000002 208.12000000000003
decision_type=2 2 2 2 8 2
left_child=1 -1 3 -2 -4 -6
right_child=2 -3 4 -5 5 -7
leaf_value=0.00088175563811900459 -0.0006086241472845243 -0.00059190071182747318 -0.00036127057975773126 1.8636729285748293e-05 9.3568215630534407e-05 9.9361880531653003e-05
leaf_weight=24 34 38 32 44 264 20
leaf_count=24 34 38 32 44 264 20
internal_value=0.000144483 -0.000589172 0.000265957 -0.000241117 0.000397727 0.000456461
internal_weight=456 62 394 78 316 284
internal_count=456 62 394 78 316 284
is_linear=0
shrinkage=0.01


Tree=785
num_leaves=10
num_cat=1
split_feature=94 56 6 14 6 20 41 8 3
split_gain=0.536343 0.672805 0.624276 1.08158 0.222366 0.0379856 0.0443218 0.0340528 0.015083
threshold=0 0.095000267000000013 0.48752295700000009 0.6933450240000002 0.44516278600000003 2.1285714165000003 0.60000000500000006 0.63965471450000011 0.37686164300000008
decision_type=1 2 2 2 2 2 2 2 2
left_child=1 7 3 4 -3 -2 -7 -1 -4
right_child=5 2 8 -5 -6 6 -8 -9 -10
leaf_value=2.2353713377331695e-05 8.4095653772989552e-06 -0.00067756168176385579 0.0017114641158574105 -0.0011054675987256649 1.4628939962716475e-05 0.0018212733798803151 3.2009948846572647e-05 -7.5072101388300074e-05 0.0011989156712507959
leaf_weight=71 20 26 20 29 21 20 239 20 20
leaf_count=71 20 26 20 29 21 20 239 20 20
internal_value=0.000125308 -0.00025023 -0.000770548 -0.00130208 -0.000303347 0.000405452 0.000452271 0.000364924 0.000196078
internal_weight=486 207 116 76 47 279 259 91 40
internal_count=486 207 116 76 47 279 259 91 40
cat_boundaries=0 1
cat_threshold=36768910
is_linear=0
shrinkage=0.01


Tree=786
num_leaves=6
num_cat=0
split_feature=33 5 56 12 14
split_gain=0.499938 0.265052 0.707965 0.0616697 0.275663
threshold=4.9357142785000017 0.35683935700000008 0.22499990450000004 0.71999150000000012 0.72413283350000002
decision_type=2 2 2 2 2
left_child=-1 2 -2 -3 -5
right_child=1 3 -4 4 -6
leaf_value=-0.00056431890343100358 5.0356084224763018e-05 3.2931948677067933e-05 -0.00059074546687973956 -0.0027753465484069884 0.00012776313395389878
leaf_weight=21 65 261 39 21 71
leaf_count=21 65 261 39 21 71
internal_value=0.00020259 0.000276322 -0.000152672 0.000408423 0.000150862
internal_weight=478 457 104 353 92
internal_count=478 457 104 353 92
is_linear=0
shrinkage=0.01


Tree=787
num_leaves=7
num_cat=0
split_feature=20 4 92 42 47 46
split_gain=0.346666 0.369008 0.261301 0.0934146 0.078543 0.10277
threshold=2.5428571190000002 0.36250778550000007 14.156054705000001 14.799999800000002 17.799999900000003 2.0500000270000003
decision_type=2 2 10 2 2 2
left_child=2 -2 -1 4 -4 -6
right_child=1 -3 3 -5 5 -7
leaf_value=-0.00037956390182482063 -0.00050833486530586715 0.0011128453386828952 5.3599273017904447e-05 -7.48778104541166e-06 9.6143858996149999e-05 -1.7590266416196757e-05
leaf_weight=23 24 32 274 28 43 37
leaf_count=23 24 32 274 28 43 37
internal_value=0.000191641 -0.000528169 0.000296944 0.000363114 0.000408681 9.90099e-05
internal_weight=461 56 405 382 354 80
internal_count=461 56 405 382 354 80
is_linear=0
shrinkage=0.01


Tree=788
num_leaves=7
num_cat=1
split_feature=94 18 56 45 48 20
split_gain=0.251494 0.364246 0.489623 0.21739 0.186329 0.0445113
threshold=0 26.965000000000003 0.39499998100000006 1.2000000365000003 10.899999900000003 2.6071428400000003
decision_type=1 2 2 2 2 2
left_child=1 2 -1 5 -3 -2
right_child=3 4 -4 -5 -6 -7
leaf_value=1.4193990073789122e-05 5.7732004900145701e-05 -0.00040873112336509853 -0.0007646488111407991 -0.00015603902237819691 7.3627356826910513e-05 -9.7842483155640011e-05
leaf_weight=26 248 29 24 31 72 20
leaf_count=26 248 29 24 31 72 20
internal_value=0.000184117 -0.000139061 -0.000846457 0.000346998 0.000181729 0.000453869
internal_weight=450 151 50 299 101 268
internal_count=450 151 50 299 101 268
cat_boundaries=0 1
cat_threshold=35652806
is_linear=0
shrinkage=0.01


Tree=789
num_leaves=9
num_cat=1
split_feature=33 94 18 0 25 19 31 35
split_gain=0.356816 0.322178 0.4999 0.615162 0.208868 0.145458 0.170366 0.0444076
threshold=4.9357142785000017 0 55.565000000000005 0.19250341700000004 2.2285713975000001 0.62142857950000019 5.7499999830000013 5.3142856530000007
decision_type=2 1 2 2 2 2 2 2
left_child=-1 2 3 4 -2 6 -3 -7
right_child=1 5 -4 -5 -6 7 -8 -9
leaf_value=-0.0005376383982314875 -0.0014842944841760653 -8.7812940115443669e-05 0.00016562225510166902 -0.00068553677468660647 1.1643003921987886e-05 0.00057315085192347754 5.5735763360171916e-05 -0.00024401028751276741
leaf_weight=24 20 21 56 27 30 243 23 20
leaf_count=24 20 21 56 27 30 243 23 20
internal_value=0.000107573 0.000176951 -0.000219054 -0.000764781 -5.90551e-05 0.00035085 -0.000133929 0.000452995
internal_weight=464 440 133 77 50 307 44 263
internal_count=464 440 133 77 50 307 44 263
cat_boundaries=0 1
cat_threshold=35652230
is_linear=0
shrinkage=0.01


Tree=790
num_leaves=8
num_cat=1
split_feature=94 24 93 25 52 92 1
split_gain=0.300562 0.578702 0.179279 0.104762 0.148008 0.373995 0.0337027
threshold=0 1.8428571350000003 23.642177115000006 2.2142857100000004 2.6999999435000004 26.398989690000004 0.31796535700000006
decision_type=1 2 8 2 2 10 2
left_child=1 -1 -3 4 6 -6 -2
right_child=3 2 -4 -5 5 -7 -8
leaf_value=-0.00056936710508495537 0.00073896258530717449 -0.00055489129916181919 0.00010233812795598239 3.8226396968554317e-05 -0.0014534546991410891 0.00048108484665615974 5.5236016787370157e-05
leaf_weight=21 69 27 53 227 20 26 20
leaf_count=21 69 27 53 227 20 26 20
internal_value=0.000214532 -0.000245975 9.90099e-05 0.00034603 0.000114138 -0.000320513 0.000361915
internal_weight=463 101 80 362 135 46 89
internal_count=463 101 80 362 135 46 89
cat_boundaries=0 1
cat_threshold=3145794
is_linear=0
shrinkage=0.01


Tree=791
num_leaves=8
num_cat=1
split_feature=94 25 16 29 5 27 53
split_gain=0.246036 0.385158 0.375627 0.121087 0.119944 0.26581 0.0442557
threshold=0 2.2142857270000005 0.70134283350000015 2.0142857265000003 0.36613171450000004 3.8285714390000005 0.65000000600000007
decision_type=1 2 2 2 2 2 2
left_child=1 2 -1 -3 5 -2 -6
right_child=4 3 -4 -5 6 -7 -8
leaf_value=-0.0011401095866556857 -0.00044004030062275574 -0.00065525466807471889 0.0013124912669176499 5.7875711670060404e-05 -0.00030965200461273364 1.6616771410342093e-05 2.2726254395331968e-05
leaf_weight=26 31 20 23 62 20 51 236
leaf_count=26 31 20 23 62 20 51 236
internal_value=0.000196892 -0.000158674 -0.000873494 0.000229469 0.000335436 0 0.000451713
internal_weight=469 131 49 82 338 82 256
internal_count=469 131 49 82 338 82 256
cat_boundaries=0 1
cat_threshold=168886342
is_linear=0
shrinkage=0.01


Tree=792
num_leaves=8
num_cat=1
split_feature=94 56 2 18 2 70 42
split_gain=0.226444 0.332579 0.397692 0.206029 0.386759 0.0763222 0.0369731
threshold=0 0.17500019050000001 0.27510092900000011 12.535000000000002 0.28056778550000006 42.670000555000009 13.950000010000002
decision_type=1 2 2 2 2 2 2
left_child=1 -1 -3 4 -2 -5 -7
right_child=3 2 -4 5 -6 6 -8
leaf_value=2.2897949319872394e-05 5.3590955717259639e-05 -0.00071084630631490617 -2.5316937959485681e-05 7.7947016019799287e-07 -0.00055885970185639243 3.1634133132049807e-05 9.6784920385754183e-05
leaf_weight=40 28 27 38 38 20 243 23
leaf_count=40 28 27 38 38 20 243 23
internal_value=0.000167104 -0.000220207 -0.000691489 0.000286659 -0.000286885 0.000393701 0.000453523
internal_weight=457 105 65 352 48 304 266
internal_count=457 105 65 352 48 304 266
cat_boundaries=0 1
cat_threshold=170983556
is_linear=0
shrinkage=0.01


Tree=793
num_leaves=8
num_cat=1
split_feature=0 1 38 94 25 19 0
split_gain=0.334496 0.51522 0.21818 0.158958 0.377879 0.163369 0.0307473
threshold=0.26921189550000008 0.28634985750000003 1.6500000360000002 0 2.2142857270000005 0.58571429100000005 0.18588866150000002
decision_type=2 2 2 1 2 2 2
left_child=3 -2 -3 4 -1 -5 -6
right_child=1 2 -4 5 6 -7 -8
leaf_value=-0.00087925166966764127 -0.00076869782242238024 0.00012452136300061963 -0.00054285670857406507 -4.4474633117899681e-06 2.1156726222127829e-05 5.4030710206670027e-05 5.8137344167378152e-05
leaf_weight=33 21 45 22 20 55 264 20
leaf_count=33 21 45 22 20 55 264 20
internal_value=0.00016223 -0.000382883 2.21239e-05 0.000290224 -3.367e-05 0.000407056 0.000336412
internal_weight=480 88 67 392 108 284 75
internal_count=480 88 67 392 108 284 75
cat_boundaries=0 1
cat_threshold=36700226
is_linear=0
shrinkage=0.01


Tree=794
num_leaves=10
num_cat=0
split_feature=33 92 18 5 13 0 3 42 0
split_gain=0.493031 0.276809 0.50012 0.128975 0.184043 0.0633147 0.0710918 0.042283 0.0186605
threshold=4.921428510000001 18.627672485000002 24.640000000000004 0.34123250000000005 0.61424050850000012 0.28399154150000006 0.38581578550000006 14.049999980000001 0.10180833350000001
decision_type=2 10 2 2 2 2 2 2 2
left_child=-1 2 -2 4 -3 7 -7 -5 -4
right_child=1 3 8 5 -6 6 -8 -9 -10
leaf_value=-0.00064275841819763397 -0.00073924696300102662 0.00027591095692886507 0.00071014165836309491 2.2829711684888957e-05 -0.00036498161076765721 -0.00029822043716624616 0.0013314139151487838 0.00013503228474792683 6.9983720240928419e-05
leaf_weight=20 23 23 20 261 20 20 24 21 25
leaf_count=20 23 23 20 261 20 20 24 21 25
internal_value=0.00014526 0.00022042 -0.000348837 0.00033126 -0.000148402 0.000400857 1.23068e-11 0.000456153 0.000229258
internal_weight=457 437 68 369 43 326 44 282 45
internal_count=457 437 68 369 43 326 44 282 45
is_linear=0
shrinkage=0.01


Tree=795
num_leaves=6
num_cat=1
split_feature=94 62 23 62 89
split_gain=0.376672 0.620895 0.269444 0.114956 0.0455101
threshold=0 34.979999545000005 1.7071428595000002 41.785000325000006 15.324999945000002
decision_type=1 2 2 2 2
left_child=1 -1 -3 4 -2
right_child=3 2 -4 -5 -6
leaf_value=-0.00044394751931702274 0.00035443366497913369 -0.00086319895077698083 2.2793167856410565e-05 -0.00035128857884751105 5.3701356800477869e-05
leaf_weight=20 20 33 63 27 308
leaf_count=20 20 33 63 27 308
internal_value=0.000240568 -0.000236593 6.19835e-05 0.000397758 0.000462287
internal_weight=471 116 96 355 328
internal_count=471 116 96 355 328
cat_boundaries=0 1
cat_threshold=167840932
is_linear=0
shrinkage=0.01


Tree=796
num_leaves=8
num_cat=0
split_feature=33 92 14 36 16 91 0
split_gain=0.410536 0.200906 0.369095 0.124005 0.202491 0.108878 0.0192946
threshold=4.921428510000001 18.627672485000002 0.6953796430000001 5.2999999350000015 0.67720392850000011 70.137508020000013 0.096013500000000015
decision_type=2 10 2 2 2 2 2
left_child=-1 2 6 5 -5 -3 -2
right_child=1 3 -4 4 -6 -7 -8
leaf_value=-0.00052771915886645532 9.5303463242505233e-05 -3.3275199839633146e-05 -0.00064040291245113102 -0.00090970065537085941 0.0066642604738028416 2.9260355368303362e-05 2.8756586947141545e-05
leaf_weight=24 20 31 20 20 28 286 26
leaf_count=24 20 31 20 20 28 286 26
internal_value=0.000187582 0.000262853 -0.000224551 0.000356752 -8.19672e-05 0.000429515 0.000235043
internal_weight=455 431 66 365 48 317 46
internal_count=455 431 66 365 48 317 46
is_linear=0
shrinkage=0.01


Tree=797
num_leaves=8
num_cat=1
split_feature=0 1 94 92 5 5 64
split_gain=0.493022 0.871996 0.23912 0.230991 0.226958 0.184766 0.119618
threshold=0.2660955805000001 0.28351002850000001 0 22.020477250000003 0.36050786750000002 0.30952550000000006 32.529999735000011
decision_type=2 2 1 10 2 2 2
left_child=2 -2 4 -3 5 -1 -6
right_child=1 3 -4 -5 6 -7 -8
leaf_value=-2.0736316926075328e-05 -0.0008355062511334288 -0.00037728769342642475 2.7269311803829408e-05 0.0007260695862595423 2.8879952143728593e-05 -0.00056718328684539799 -0.0007795167587330761
leaf_weight=20 20 33 246 46 60 20 20
leaf_count=20 20 33 246 46 60 20 20
internal_value=0.000129884 -0.000485972 0.000302617 0 -6.11621e-05 -0.000686274 0.000222772
internal_weight=465 99 366 79 120 40 80
internal_count=465 99 366 79 120 40 80
cat_boundaries=0 1
cat_threshold=40894594
is_linear=0
shrinkage=0.01


Tree=798
num_leaves=8
num_cat=0
split_feature=29 12 14 7 9 91 12
split_gain=0.23053 0.240794 0.491872 0.385576 0.357428 0.0908624 0.0412264
threshold=2.3500000240000003 0.71999150000000012 0.73856535750000007 0.49243864300000006 0.56239800000000006 94.132448350000018 0.61196617850000001
decision_type=2 2 2 2 2 2 2
left_child=1 3 -3 4 5 -1 -5
right_child=-2 2 -4 6 -6 -7 -8
leaf_value=-0.00018627817382237344 9.5397292124448649e-05 -0.0019550794176180944 4.4682398668598781e-05 -2.7708296070620944e-05 -0.00045237641431190352 0.0020146731794572067 4.2449807387296295e-05
leaf_weight=20 142 28 37 20 34 34 147
leaf_count=20 142 28 37 20 34 34 147
internal_value=0.000149092 0 -0.000539514 0.00013878 -0.000382883 9.12409e-05 0.000426103
internal_weight=462 320 65 255 88 54 167
internal_count=462 320 65 255 88 54 167
is_linear=0
shrinkage=0.01


Tree=799
num_leaves=8
num_cat=0
split_feature=33 6 27 0 26 48 21
split_gain=0.478948 0.221018 0.251568 0.296166 0.217053 0.0439257 0.038503
threshold=4.921428510000001 0.45194978550000003 3.7428571670000004 0.26845663200000008 4.0999999560000004 22.649999985000004 1.9142857025000002
decision_type=2 2 2 2 2 2 2
left_child=-1 2 4 6 -2 -3 -4
right_child=1 5 3 -5 -6 -7 -8
leaf_value=-0.00053644658340955872 -0.00052112476109853997 9.1453420105459365e-05 2.8456510977976697e-05 -0.00028942049695072257 0.00013217799199830089 -0.00013284065543307593 2.4241159062668711e-05
leaf_weight=21 28 222 107 20 25 20 20
leaf_count=21 28 222 107 20 25 20 20
internal_value=0.00017141 0.000246161 0 0.000213126 -0.000585502 0.000448929 0.000402973
internal_weight=463 442 200 147 53 242 127
internal_count=463 442 200 147 53 242 127
is_linear=0
shrinkage=0.01


Tree=800
num_leaves=9
num_cat=0
split_feature=62 92 76 92 92 0 22 0
split_gain=0.438145 0.668912 0.150803 0.227335 0.0720439 0.0639114 0.0426265 0.015083
threshold=35.145000455000009 26.231004275000004 5.2685713770000007 24.952197460000004 18.627672485000002 0.13618970800000002 1.6214285830000004 0.23977154150000005
decision_type=2 10 2 8 8 2 2 2
left_child=1 -1 3 -2 5 -4 -6 -3
right_child=2 7 4 -5 6 -7 -8 -9
leaf_value=-0.00051229955525087243 0.00054523514627222624 0.0019311842300429442 2.7421189692121152e-05 -0.00033673300400000641 0.00087490297958665723 -0.00083454206263466337 7.4065369911219253e-05 -1.8467024327821219e-05
leaf_weight=24 33 20 21 30 21 20 281 20
leaf_count=24 33 20 21 30 21 20 281 20
internal_value=0.000197536 -0.000555556 0.000322026 -0.000101881 0.000405759 0 0.000459049 0.000196078
internal_weight=470 64 406 63 343 41 302 40
internal_count=470 64 406 63 343 41 302 40
is_linear=0
shrinkage=0.01


Tree=801
num_leaves=8
num_cat=0
split_feature=5 2 63 54 2 92 92
split_gain=0.457871 0.533994 0.303825 0.206121 0.18561 0.176817 0.216992
threshold=0.35683935700000008 0.24242164250000001 24.410000800000002 0.50000001100000013 0.20173676200000004 28.981746495000003 26.220461355000005
decision_type=2 2 2 2 2 10 8
left_child=1 4 -2 5 -1 6 -4
right_child=2 -3 3 -5 -6 -7 -8
leaf_value=-0.00013160303545505607 -0.00061761348978478688 -0.00046558064139347235 0.0022521527902369756 4.5423345278467779e-05 0.00034644318132656026 2.7163179457144427e-05 -0.00056628900389695501
leaf_weight=36 20 26 28 273 39 38 22
leaf_count=36 20 26 28 273 39 38 22
internal_value=0.000122204 -0.000466601 0.00028418 0.000355169 -6.59629e-06 -4.5045e-05 -0.000452756
internal_weight=482 101 381 361 75 88 50
internal_count=482 101 381 361 75 88 50
is_linear=0
shrinkage=0.01


Tree=802
num_leaves=8
num_cat=0
split_feature=53 3 21 92 0 1 6
split_gain=0.394925 0.227967 0.525997 0.213777 0.174431 0.179847 0.0272148
threshold=0.94999999950000003 0.26909442850000004 1.7285714190000003 21.855866765000005 0.26921189550000008 0.29730178550000003 0.40456201450000001
decision_type=2 2 2 8 2 2 2
left_child=3 2 -2 -1 -3 -6 -4
right_child=1 4 6 -5 5 -7 -8
leaf_value=0.00014807556043781132 -0.00048430931773415717 2.6908112231209431e-05 4.81538632473691e-05 -0.00023266755222239565 -0.00081188331850362691 0.0038639829602700442 -6.4214226638673979e-06
leaf_weight=23 25 283 43 27 20 22 20
leaf_count=23 25 283 43 27 20 22 20
internal_value=0.00017141 0.000276704 -0.000157658 -0.000649606 0.000400552 -0.000163551 0.000305643
internal_weight=463 413 88 50 325 42 63
internal_count=463 413 88 50 325 42 63
is_linear=0
shrinkage=0.01


Tree=803
num_leaves=6
num_cat=0
split_feature=68 92 46 39 6
split_gain=0.34356 0.316943 0.107733 0.0498037 0.070838
threshold=42.965000155000006 17.039911375000006 8.8500000315000005 3.1000000465000004 0.39384911900000003
decision_type=2 10 2 2 2
left_child=-1 -2 3 4 -3
right_child=1 2 -4 -5 -6
leaf_value=-0.0004753732499792321 -0.0003959826258412025 -2.2924030528442601e-06 -0.00039521683535314955 5.4560432528928336e-05 8.746767766533881e-05
leaf_weight=29 35 24 27 307 34
leaf_count=29 35 24 27 307 34
internal_value=0.000232049 0.000307387 0.000392057 0.000438764 0.000119048
internal_weight=456 427 392 365 58
internal_count=456 427 392 365 58
is_linear=0
shrinkage=0.01


Tree=804
num_leaves=7
num_cat=1
split_feature=94 93 63 63 4 25
split_gain=0.472369 0.405064 0.438914 0.298132 0.310743 0.279517
threshold=0 25.572599765000003 31.464999680000002 30.225000860000005 0.29695514300000009 1.9285714375000003
decision_type=1 10 2 2 2 2
left_child=1 2 3 4 -1 -6
right_child=-2 -3 -4 -5 5 -7
leaf_value=-0.00040037115945435088 3.7537691989302858e-05 0.00086820874378733932 1.1132540726067306e-05 -0.00061030199340246407 -0.00047061951747944062 2.3660041577589611e-05
leaf_weight=34 221 72 43 33 29 46
leaf_count=34 221 72 43 33 29 46
internal_value=0.000139933 -0.000147498 -0.000406351 -0.000679272 -0.000396175 -6.59629e-06
internal_weight=478 257 185 142 109 75
internal_count=478 257 185 142 109 75
cat_boundaries=0 1
cat_threshold=34670262
is_linear=0
shrinkage=0.01


Tree=805
num_leaves=8
num_cat=0
split_feature=18 91 56 56 16 51 36
split_gain=0.413477 0.497805 1.0269 0.344955 0.165717 0.143899 0.0447264
threshold=30.740000000000006 106.71203290000001 0.28499984750000001 1.9299998280000004 0.5985840240000001 3.6500000435000004 5.3999999930000007
decision_type=2 2 2 2 2 2 2
left_child=1 2 4 5 -1 6 -2
right_child=3 -3 -4 -5 -6 -7 -8
leaf_value=-2.6556764994304385e-05 5.280696088333674e-05 0.0044892363707318521 -0.00074961369507248264 -0.0013293804197261258 0.00021641571323264484 -0.00030160702249431583 0.00081096010648497145
leaf_weight=33 259 42 20 32 25 21 20
leaf_count=33 259 42 20 32 25 21 20
internal_value=9.71732e-05 -0.000397351 -0.000875634 0.000282452 -0.000153061 0.000392287 0.000455683
internal_weight=452 120 78 332 58 300 279
internal_count=452 120 78 332 58 300 279
is_linear=0
shrinkage=0.01


Tree=806
num_leaves=10
num_cat=0
split_feature=74 91 43 4 92 11 9 23 1
split_gain=0.218006 0.501267 0.348414 0.321427 0.0930376 0.0496678 0.0778705 0.0380438 0.0325544
threshold=7.8842856880000012 95.400250690000021 6.2500000070000015 0.25811200000000006 17.039911375000006 0.60172677350000014 0.56239800000000006 1.6071428610000003 0.29216750000000008
decision_type=2 2 2 2 10 2 2 2 2
left_child=3 -2 8 -1 -5 6 -6 -7 -3
right_child=1 2 -4 4 5 7 -8 -9 -10
leaf_value=-0.00016491158028781664 -0.00057071992011969563 0.00095277039653899514 -0.00094845272825043599 -0.00020283533752556967 1.2095004823955134e-05 5.8668977906313897e-05 -3.2943978530564114e-06 3.9608041533933693e-05 2.8115242731687182e-05
leaf_weight=30 22 63 36 25 27 22 20 189 20
leaf_count=30 22 63 36 25 27 22 20 189 20
internal_value=5.49692e-05 -0.000264457 0 0.000205545 0.000315363 0.000374807 3.13808e-05 0.000441454 0.000352029
internal_weight=454 141 119 313 283 258 47 211 83
internal_count=454 141 119 313 283 258 47 211 83
is_linear=0
shrinkage=0.01


Tree=807
num_leaves=7
num_cat=1
split_feature=52 92 39 94 6 6
split_gain=0.245454 0.224102 0.215837 0.162207 0.325327 0.210281
threshold=0.50000000750000007 21.959913585000002 10.849999935000001 0 0.44154514300000008 0.41233316300000006
decision_type=2 10 2 1 2 2
left_child=1 -1 3 4 5 -2
right_child=2 -3 -4 -5 -6 -7
leaf_value=-0.00022685782628942885 -1.7914268703743844e-05 4.267222111976339e-05 -0.00049166963080220542 3.0843987973027258e-05 0.00055327775693476142 -0.00035171782750447633
leaf_weight=22 35 29 26 272 72 20
leaf_count=22 35 29 26 272 72 20
internal_value=0.000201342 -0.000434363 0.000282997 0.000343922 1.08854e-05 -0.000546595
internal_weight=476 51 425 399 127 55
internal_count=476 51 425 399 127 55
cat_boundaries=0 1
cat_threshold=3145752
is_linear=0
shrinkage=0.01


Tree=808
num_leaves=7
num_cat=1
split_feature=62 94 0 73 25 20
split_gain=0.36965 0.238724 0.298227 0.356621 0.302669 0.0432315
threshold=34.810000895000009 0 0.26921189550000008 -2.3828571194999992 2.2285714275000004 2.6071428400000003
decision_type=2 1 2 2 2 2
left_child=-1 2 3 4 -2 -3
right_child=1 5 -4 -5 -6 -7
leaf_value=-0.00017190422973901054 -0.00036166069708014304 4.2582222534968981e-05 -0.00055554279959508038 9.4944403099357988e-05 8.3727625343642923e-06 -7.46752246867336e-05
leaf_weight=35 37 197 34 112 38 20
leaf_count=35 37 197 34 112 38 20
internal_value=0.000115027 0.000198268 -3.23555e-05 0.000114484 -0.000402375 0.000423617
internal_weight=473 438 221 187 75 217
internal_count=473 438 221 187 75 217
cat_boundaries=0 1
cat_threshold=3212435
is_linear=0
shrinkage=0.01


Tree=809
num_leaves=7
num_cat=0
split_feature=18 92 60 29 1 6
split_gain=0.291096 0.473843 0.279904 0.103787 0.0947581 0.161173
threshold=25.705000000000002 18.627672485000002 1.9549999235000002 2.0142857095000006 0.28882064300000004 0.48181329050000005
decision_type=2 10 2 2 2 2
left_child=1 -1 -3 -2 -5 -6
right_child=3 2 -4 4 5 -7
leaf_value=-0.00066848923645890733 -0.00028302392719114057 -0.00043960513561565193 7.1637603763320717e-05 4.3446540784446727e-05 -0.00033047542195389283 3.0327281655195938e-05
leaf_weight=24 25 20 62 260 27 43
leaf_count=24 25 20 62 260 27 43
internal_value=0.000213296 -0.000234082 0.000108696 0.000352726 0.000402056 4.23729e-05
internal_weight=461 106 82 355 330 70
internal_count=461 106 82 355 330 70
is_linear=0
shrinkage=0.01


Tree=810
num_leaves=7
num_cat=1
split_feature=33 94 5 1 18 54
split_gain=0.480246 0.25498 0.366969 0.318154 0.0386493 0.0446694
threshold=4.921428510000001 0 0.35398371450000005 0.27107421450000008 8.1550000000000029 0.25000000350000007
decision_type=2 1 2 2 2 2
left_child=-1 2 -2 -4 -3 -6
right_child=1 4 3 -5 5 -7
leaf_value=-0.00046564901698130975 -0.00041063303412474425 -9.8014873344600794e-05 0.00010247223357099496 -0.00062410885952432797 0.0027919731192767396 2.5336599998487596e-05
leaf_weight=21 30 20 87 32 20 256
leaf_count=21 30 20 87 32 20 256
internal_value=0.000173522 0.000247869 -8.44806e-05 0.000146077 0.000410691 0.000455202
internal_weight=466 445 149 119 296 276
internal_count=466 445 149 119 296 276
cat_boundaries=0 1
cat_threshold=36701204
is_linear=0
shrinkage=0.01


Tree=811
num_leaves=5
num_cat=0
split_feature=92 74 35 50
split_gain=0.284354 0.15178 0.0393844 0.0362888
threshold=14.156054705000001 8.3828570840000012 3.2571428335000001 0.90000000950000014
decision_type=10 2 2 2
left_child=-1 2 -2 -4
right_child=1 -3 3 -5
leaf_value=-0.00029669345787880068 0.0079602795524155289 -0.00032797946470631742 5.4562954970967596e-05 3.6878995876225718e-05
leaf_weight=23 21 20 24 373
leaf_count=23 21 20 24 373
internal_value=0.000343222 0.000403373 0.000446514 0.000468829
internal_weight=461 438 418 397
internal_count=461 438 418 397
is_linear=0
shrinkage=0.01


Tree=812
num_leaves=6
num_cat=0
split_feature=92 18 68 76 34
split_gain=0.232 0.373995 0.110347 0.0415394 0.0436324
threshold=18.627672485000002 24.640000000000004 42.965000155000006 6.8550000360000007 3.1785714290000002
decision_type=8 2 2 2 2
left_child=1 -1 -2 4 -4
right_child=2 -3 3 -5 -6
leaf_value=-0.0007851480714644503 0.0012862026617120471 2.3010287459796995e-05 3.7137011379458845e-05 -2.5053338135565695e-05 3.3997720171160079e-05
leaf_weight=20 27 26 21 20 360
leaf_count=20 27 26 21 20 360
internal_value=0.000326453 -0.000320513 0.000401119 0.000444251 0.000467522
internal_weight=474 46 428 401 381
internal_count=474 46 428 401 381
is_linear=0
shrinkage=0.01


Tree=813
num_leaves=8
num_cat=1
split_feature=94 75 88 21 51 50 39
split_gain=0.326242 0.439119 0.422663 0.205742 0.133025 0.0397022 0.103439
threshold=0 7.4307142790000009 17.035714290000005 1.7428571540000004 3.3500000240000003 14.550000005000003 4.4999999925000003
decision_type=1 2 2 2 2 2 2
left_child=1 2 3 -1 5 -2 -7
right_child=4 -3 -4 -5 -6 6 -8
leaf_value=-0.00052025791604860924 3.8195030938917399e-05 3.1042273986980407e-05 -0.00067976973618206582 0.00047783250275030566 -0.00029054528329756679 0.00014306734273025249 -0.00016967985988151275
leaf_weight=20 228 52 32 29 21 43 20
leaf_count=20 228 52 32 29 21 43 20
internal_value=0.000180574 -0.000219054 -0.000702934 -7.02811e-05 0.00035316 0.000423235 0.000148903
internal_weight=445 133 81 49 312 291 63
internal_count=445 133 81 49 312 291 63
cat_boundaries=0 1
cat_threshold=35717282
is_linear=0
shrinkage=0.01


Tree=814
num_leaves=8
num_cat=0
split_feature=62 5 5 9 10 44 10
split_gain=0.207677 0.215715 0.417057 0.0729166 0.0615385 0.0447821 0.0268617
threshold=34.825000765000006 0.36613171450000004 0.33946078550000008 0.58228697500000004 0.56784328550000007 0.94999998800000018 0.58477135700000005
decision_type=2 2 2 2 2 2 2
left_child=-1 2 6 4 -3 -5 -2
right_child=1 3 -4 5 -6 -7 -8
leaf_value=-0.00040887974384762836 0.00013259592943883083 0.00012474664473748141 -0.00040343514130446623 8.3082597123173025e-05 -3.366700272585535e-05 0.0012356337681955409 -2.441252107745706e-06
leaf_weight=39 42 20 29 262 20 20 20
leaf_count=39 42 20 29 262 20 20 20
internal_value=0.000207597 0.000276704 -0.000136166 0.000399628 0 0.000456153 0.000302548
internal_weight=452 413 91 322 40 282 62
internal_count=452 413 91 322 40 282 62
is_linear=0
shrinkage=0.01


Tree=815
num_leaves=8
num_cat=0
split_feature=38 49 7 91 32 13 28
split_gain=0.197851 0.352686 0.128658 0.211683 0.115163 0.041085 0.104623
threshold=1.5500000120000001 38.600000450000003 0.45050207150000005 91.026997120000019 4.4857142650000013 0.73785137500000009 3.9142857110000002
decision_type=2 2 2 2 2 2 2
left_child=2 -2 3 -1 5 -4 -7
right_child=1 -3 4 -5 -6 6 -8
leaf_value=-0.00027433918805330656 0.001491344929394401 -0.0025036105396018054 9.8286302121798845e-06 0.00060867911847377982 -0.00021257650605133012 0.0017555819116136023 -0.00066050132391193284
leaf_weight=32 23 20 280 35 25 44 20
leaf_count=32 23 20 280 35 25 44 20
internal_value=0.000244894 -0.000376712 0.000311355 -6.63717e-05 0.000385343 0.000435035 0.000154321
internal_weight=479 43 436 67 369 344 64
internal_count=479 43 436 67 369 344 64
is_linear=0
shrinkage=0.01


Tree=816
num_leaves=7
num_cat=1
split_feature=94 1 5 11 8 7
split_gain=0.39729 0.443286 0.439295 0.0538945 0.0892094 0.0357385
threshold=0 0.28202542850000006 0.35398371450000005 0.70554471450000011 0.66565569050000006 0.51089932400000015
decision_type=1 2 2 2 2 2
left_child=1 2 -1 -2 -5 -4
right_child=3 -3 5 4 -6 -7
leaf_value=-0.00036921221100252372 3.6484665800915043e-05 -0.00043801074367162294 8.8126984683074949e-05 -0.00055317650314062352 0.0010796303013220526 8.7804101514160103e-05
leaf_weight=33 231 33 20 20 33 82
leaf_count=33 231 33 20 20 33 82
internal_value=0.000185512 -0.000190157 4.05007e-05 0.000407056 8.36431e-05 0.000379377
internal_weight=452 168 135 284 53 102
internal_count=452 168 135 284 53 102
cat_boundaries=0 1
cat_threshold=36766772
is_linear=0
shrinkage=0.01


Tree=817
num_leaves=8
num_cat=0
split_feature=53 68 14 3 29 36 17
split_gain=0.201541 0.14542 0.400855 0.0763575 0.0588108 0.122746 0.0928056
threshold=0.70000001050000005 66.07999992000002 0.68677389300000014 0.37915714300000009 2.2500000000000004 4.414285694000001 0.55852528550000013
decision_type=2 2 2 2 2 2 2
left_child=3 4 -3 -1 5 -2 -7
right_child=1 2 -4 -5 -6 6 -8
leaf_value=2.0473219817332682e-06 -0.00033056486440201935 3.7205728604976245e-06 -0.00030672559969571555 -0.0004932933129926741 4.8713168322389209e-05 4.090797243591252e-07 0.00057704542875191059
leaf_weight=20 35 36 21 20 187 30 110
leaf_count=20 35 36 21 20 187 30 110
internal_value=0.000212049 0.000279895 -0.00016436 -0.000441176 0.000355568 0.000201934 0.000340909
internal_weight=459 419 57 40 362 175 140
internal_count=459 419 57 40 362 175 140
is_linear=0
shrinkage=0.01


Tree=818
num_leaves=9
num_cat=0
split_feature=29 76 17 52 50 2 19 51
split_gain=0.326253 0.418541 0.436187 0.215014 0.101736 0.0763575 0.0374235 0.0440238
threshold=2.2214285815000001 5.5935714160000005 0.68627167850000015 1.0999999900000001 15.000000215000002 0.29467918700000001 1.0428571490000003 3.1500000245000002
decision_type=2 2 2 2 2 2 2 2
left_child=1 2 -1 -3 6 -5 7 -2
right_child=4 3 -4 5 -6 -7 -8 -9
leaf_value=-0.00044473196776788939 3.1831259874644408e-05 0.00045617693029921714 0.0014276592521339643 -3.756300961366977e-05 1.1327605595640047e-06 -7.9552702949522521e-06 9.2635139361973469e-06 0.00036268753622335261
leaf_weight=23 226 68 21 20 26 20 20 20
leaf_count=23 226 68 21 20 26 20 20 20
internal_value=0.000157374 -0.000209424 -0.00102679 0.000110294 0.000355191 -0.000441176 0.000416042 0.000449757
internal_weight=444 152 44 108 292 40 266 246
internal_count=444 152 44 108 292 40 266 246
is_linear=0
shrinkage=0.01


Tree=819
num_leaves=9
num_cat=1
split_feature=94 54 91 88 16 53 3 2
split_gain=0.344156 0.507914 0.252359 0.0977341 0.222833 0.0628796 0.0799496 0.0327568
threshold=0 0.50000001100000013 83.42103185500001 16.257142815000005 0.7081746430000001 6.0999999715000008 0.31997146450000008 0.26114570450000008
decision_type=1 2 2 2 2 2 2 2
left_child=1 -1 -3 4 -2 -5 -7 -4
right_child=3 2 7 5 -6 6 -8 -9
leaf_value=-0.00055919226341888937 -0.00037816019330924903 -0.001445042844877149 -1.3340879239647172e-05 3.9373213527098669e-05 0.0038482277487655705 -2.312024801752046e-05 0.0003590811296431812 3.4005971536115735e-05
leaf_weight=39 20 20 20 227 35 20 28 64
leaf_count=39 20 20 20 227 35 20 28 64
internal_value=0.000157239 -0.000237321 9.54199e-05 0.000331573 -8.96056e-06 0.000418782 4.09836e-05 0.000353774
internal_weight=473 143 104 330 55 275 48 84
internal_count=473 143 104 330 55 275 48 84
cat_boundaries=0 1
cat_threshold=167773318
is_linear=0
shrinkage=0.01


Tree=820
num_leaves=7
num_cat=0
split_feature=68 50 64 61 14 3
split_gain=0.333862 0.136784 0.267427 0.121284 0.0669045 0.0799496
threshold=42.965000155000006 1.6500000020000003 32.960000040000004 1.0000000180025095e-35 0.59000164300000013 0.24804885700000004
decision_type=2 2 2 2 2 2
left_child=-1 2 -2 -3 5 -5
right_child=1 3 -4 4 -6 -7
leaf_value=-0.00040985814883116661 -0.00045491304190448139 -3.4794118410445565e-05 0.00074982913434353926 0.00049460141433171033 3.7369767200242918e-05 -8.095002725439857e-05
leaf_weight=30 28 24 37 28 307 20
leaf_count=30 28 24 37 28 307 20
internal_value=0.000242207 0.000314748 -8.35866e-05 0.000388362 0.000437043 4.09836e-05
internal_weight=474 444 65 379 355 48
internal_count=474 444 65 379 355 48
is_linear=0
shrinkage=0.01


Tree=821
num_leaves=9
num_cat=0
split_feature=62 15 0 6 23 49 91 6
split_gain=0.34415 0.184766 0.144147 0.263648 0.194831 0.184766 0.0654377 0.0799496
threshold=34.825000765000006 0.68363878600000005 0.26921189550000008 0.48181329050000005 1.6071428610000003 48.34999997500001 70.137508020000013 0.40316790500000005
decision_type=2 2 2 2 2 2 2 2
left_child=1 -1 4 5 -2 -4 7 -6
right_child=2 -3 3 -5 6 -7 -8 -9
leaf_value=4.9458756865244934e-06 -0.0001175450514577807 -0.00054264546118646783 -0.00094625229820612642 0.0018498446494916471 -0.00011493563561524895 2.0663083425599313e-05 3.5491968893490771e-05 7.2742695426723263e-05
leaf_weight=20 33 20 20 40 20 20 273 28
leaf_count=20 33 20 20 40 20 20 273 28
internal_value=0.000179023 -0.000686274 0.000264489 -9.90099e-05 0.000352311 -0.000686274 0.000430392 4.09836e-05
internal_weight=474 40 434 80 354 40 321 48
internal_count=474 40 434 80 354 40 321 48
is_linear=0
shrinkage=0.01


Tree=822
num_leaves=7
num_cat=1
split_feature=94 80 50 12 5 14
split_gain=0.363153 0.397516 0.258034 0.467194 0.139463 0.0441421
threshold=0 14.975000110000002 13.949999620000002 0.69807888100000015 0.34628221400000009 0.59000164300000013
decision_type=1 2 2 2 2 2
left_child=1 -1 4 -4 -3 -2
right_child=5 2 3 -5 -6 -7
leaf_value=-0.00048057237832085828 3.0086409822993554e-05 -0.00050505840127017341 1.6496990718617231e-05 -0.0024822141324802897 2.6139910016001155e-05 6.2065954105588694e-05
leaf_weight=27 20 20 36 22 99 231
leaf_count=27 20 20 36 22 99 231
internal_value=0.000187582 -0.000121043 3.65579e-05 -0.000493197 0.000313022 0.000433537
internal_weight=455 204 177 58 119 251
internal_count=455 204 177 58 119 251
cat_boundaries=0 1
cat_threshold=168101543
is_linear=0
shrinkage=0.01


Tree=823
num_leaves=8
num_cat=0
split_feature=25 18 91 11 6 37 1
split_gain=0.225208 0.447234 0.808767 0.247337 0.420082 0.143061 0.0431054
threshold=2.2285714405000001 30.940000000000005 106.71203290000001 0.67142419650000018 0.48426071400000004 2.3999999685000004 0.14726835700000002
decision_type=2 2 2 2 2 2 2
left_child=1 2 -1 -3 -5 6 -2
right_child=5 3 -4 4 -6 -7 -8
leaf_value=-0.00086370190295014557 -1.2499098378965137e-05 0.00061315707146999444 0.0057684805598882932 -0.00068229066257568887 1.6478758444455603e-05 -3.8187191753125021e-05 4.3510644782893421e-05
leaf_weight=32 20 108 26 38 39 20 193
leaf_count=32 20 108 26 38 39 20 193
internal_value=0.000138423 -6.76784e-05 -0.000833333 0.000164155 -0.000250643 0.00036142 0.000442002
internal_weight=476 243 58 185 77 233 213
internal_count=476 243 58 185 77 233 213
is_linear=0
shrinkage=0.01


Tree=824
num_leaves=9
num_cat=0
split_feature=0 23 17 68 53 15 6 4
split_gain=0.246481 0.40649 0.227967 0.166576 0.253617 0.206596 0.0677758 0.0757048
threshold=0.25836732650000005 1.8928571385000001 0.67995178550000002 65.585000040000011 2.4000000585000003 0.62680950000000013 0.37404064300000006 0.27562860700000008
decision_type=2 2 2 2 2 2 2 2
left_child=3 2 -2 6 -5 -6 7 -1
right_child=1 -3 -4 4 5 -7 -8 -9
leaf_value=6.6206803413072787e-05 0.00076928241680186671 -0.00063042065371754128 -0.00014286961176289645 1.0400772531721503e-05 -2.5987826981167797e-05 6.3344969828318231e-06 0.00012197307195888718 -0.0001051825519980346
leaf_weight=26 57 26 23 43 20 22 237 20
leaf_count=26 57 26 23 43 20 22 237 20
internal_value=0.000179023 -0.000234082 9.90099e-05 0.000303688 -6.41026e-05 -0.000630841 0.000421071 2.13675e-05
internal_weight=474 106 80 368 85 42 283 46
internal_count=474 106 80 368 85 42 283 46
is_linear=0
shrinkage=0.01


Tree=825
num_leaves=11
num_cat=0
split_feature=62 19 92 25 43 7 36 81 42 0
split_gain=0.256407 0.58366 0.19165 0.33932 0.121434 0.175454 0.104955 0.0384618 0.0420726 0.015083
threshold=34.825000765000006 1.0571428580000004 18.627672485000002 2.2000000010000007 6.6499998420000006 0.53542550000000011 5.2999999350000015 12.184285775000001 13.950000010000002 0.13177510400000003
decision_type=2 2 10 2 2 2 2 2 2 2
left_child=1 -1 3 -2 6 -6 7 -4 -9 -5
right_child=2 -3 4 9 5 -7 -8 8 -10 -11
leaf_value=-0.00052614424999972511 -0.00055121924658187941 0.0002243838577965754 0.00014065599808946318 1.6893751815361223e-05 1.9087304845702774e-05 -0.00067338791426542553 1.8721602541963648e-06 7.7940614296782132e-05 0.00013433093730509134 6.7152509911426722e-06
leaf_weight=20 20 24 20 20 21 20 26 250 21 20
leaf_count=20 20 24 20 20 21 20 26 250 21 20
internal_value=0.000127485 -0.000580357 0.000207736 -0.000296053 0.000298216 -0.000179426 0.000366583 0.000423235 0.000454378 0.000196078
internal_weight=462 44 418 60 358 41 317 291 271 40
internal_count=462 44 418 60 358 41 317 291 271 40
is_linear=0
shrinkage=0.01


Tree=826
num_leaves=8
num_cat=1
split_feature=94 17 39 6 76 1 21
split_gain=0.396639 0.604513 0.328443 0.194442 0.0717525 0.0639114 0.0450607
threshold=0 0.61008367850000012 10.749999920000002 0.45194978550000003 5.2371428715000006 0.17916600000000002 1.9428571545000002
decision_type=1 2 2 2 2 2 2
left_child=1 -1 4 -3 5 -2 -6
right_child=2 3 -4 -5 6 -7 -8
leaf_value=-0.0006228514508385515 -5.1075444805126923e-05 -0.00018376301268390043 -0.00053111690830403072 0.00045604374354966541 4.1606524721325771e-05 0.0001069507959017818 0.0025170950849104801
leaf_weight=26 20 38 20 49 278 21 20
leaf_count=26 20 38 20 49 278 21 20
internal_value=0.000156514 -0.000335218 0.000317739 1.70843e-05 0.00040465 0 0.000458501
internal_weight=472 113 359 87 339 41 298
internal_count=472 113 359 87 339 41 298
cat_boundaries=0 1
cat_threshold=677446724
is_linear=0
shrinkage=0.01


Tree=827
num_leaves=8
num_cat=0
split_feature=33 46 10 9 81 37 0
split_gain=0.290868 0.442018 0.142417 0.297746 0.154833 0.124499 0.0372139
threshold=4.9785714150000011 4.3499999945000001 0.62512742850000014 0.60323425000000019 12.709285770000003 2.4999999925000007 0.25261373300000006
decision_type=2 2 2 2 2 2 2
left_child=1 -1 3 4 -2 -4 -6
right_child=2 -3 5 -5 6 -7 -8
leaf_value=3.8846814789565977e-05 -0.00014618673251708754 -0.0012574158040480077 2.8987720532442395e-05 -0.00033179455013141097 4.1356478857046892e-05 -1.5467645273220612e-05 1.3560064192050176e-05
leaf_weight=21 32 23 223 26 94 26 20
leaf_count=21 32 23 223 26 94 26 20
internal_value=0.000172821 -0.000580357 0.000257231 2.31482e-05 0.000211172 0.000410328 0.000391986
internal_weight=465 44 421 172 146 249 114
internal_count=465 44 421 172 146 249 114
is_linear=0
shrinkage=0.01


Tree=828
num_leaves=8
num_cat=0
split_feature=18 41 88 20 2 62 0
split_gain=0.324016 0.365849 0.530299 0.150465 0.188056 0.0450275 0.0268617
threshold=30.740000000000006 11.599999845000001 17.336428505000004 2.5642856870000004 0.31771297600000009 34.810000895000009 0.11959318750000002
decision_type=2 2 2 2 2 2 2
left_child=1 2 -1 5 -5 -2 -3
right_child=3 6 -4 4 -6 -7 -8
leaf_value=-0.00043340329867913021 -2.7727691339361393e-05 3.3754379724397829e-05 0.00016067243903378797 2.9662235242437063e-05 -0.00045788555238159017 0.00011717383150459413 -0.0001193019499012334
leaf_weight=39 20 42 22 24 20 276 20
leaf_count=39 20 42 22 24 20 276 20
internal_value=0.000214532 -0.000214055 -0.000768608 0.000375587 -0.000133929 0.000458221 0.000302548
internal_weight=463 123 61 340 44 296 62
internal_count=463 123 61 340 44 296 62
is_linear=0
shrinkage=0.01


Tree=829
num_leaves=6
num_cat=1
split_feature=94 33 92 20 0
split_gain=0.449816 0.479221 0.358827 0.0454827 0.0347098
threshold=0 5.3071428365000015 18.627672485000002 2.5999999730000005 0.2660955805000001
decision_type=1 2 8 2 2
left_child=1 -1 -3 -2 -4
right_child=3 2 4 -5 -6
leaf_value=-0.00034019195061115874 3.7768346151622761e-05 -0.0005938721046188037 8.5633289955992469e-05 -7.560994211569206e-05 0.00078503817622219032
leaf_weight=32 306 26 75 20 20
leaf_count=32 306 26 75 20 20
internal_value=0.000244894 -0.000192308 6.97865e-05 0.000448337 0.000370564
internal_weight=479 153 121 326 95
internal_count=479 153 121 326 95
cat_boundaries=0 1
cat_threshold=3146918
is_linear=0
shrinkage=0.01


Tree=830
num_leaves=8
num_cat=0
split_feature=0 11 5 62 50 6 11
split_gain=0.197762 0.219504 0.189777 0.352588 0.106311 0.104611 0.0857157
threshold=0.27402272900000008 0.68560650000000012 0.36283364250000005 40.894999980000009 1.5999999900000001 0.3393112860000001 0.61042942850000015
decision_type=2 2 2 2 2 2 2
left_child=2 6 3 5 -4 -1 -2
right_child=1 -3 4 -5 -6 -7 -8
leaf_value=-7.3347857652682896e-06 -1.041035526288678e-05 -0.00049259588270413447 -1.4262967581335974e-05 -0.00041619824306989852 3.9309213537892093e-05 1.0354717746592135e-05 0.00069699841065378213
leaf_weight=22 20 24 31 22 241 57 31
leaf_count=22 20 24 31 22 241 57 31
internal_value=0.000182709 -0.000270449 0.000279561 -7.36739e-05 0.000417889 0.000219298 6.75676e-05
internal_weight=448 75 373 101 272 79 51
internal_count=448 75 373 101 272 79 51
is_linear=0
shrinkage=0.01


Tree=831
num_leaves=8
num_cat=0
split_feature=66 45 90 92 14 12 12
split_gain=0.236978 0.11407 0.133836 0.115347 0.211874 0.0593893 0.0857157
threshold=0.83500003850000015 1.2500000000000002 20.257142885000004 18.627672485000002 0.6677936430000001 0.5947392855000001 0.57831450000000018
decision_type=2 2 2 10 2 2 2
left_child=-1 2 3 4 -2 6 -5
right_child=1 -3 -4 5 -6 -7 -8
leaf_value=-0.00035108594039887152 3.1800557963928479e-05 -0.00027420070857102081 -4.9170471765253475e-05 0.00076741970016380083 -0.00052563192077583528 2.9295064085164211e-05 -6.3866870825682711e-05
leaf_weight=21 31 37 38 31 20 268 20
leaf_count=21 31 37 38 31 20 268 20
internal_value=0.000194944 0.000247869 0.000298434 0.000358684 -4.82625e-05 0.000429956 6.75676e-05
internal_weight=466 445 408 370 51 319 51
internal_count=466 445 408 370 51 319 51
is_linear=0
shrinkage=0.01


Tree=832
num_leaves=9
num_cat=0
split_feature=38 49 46 92 18 76 18 19
split_gain=0.267266 0.584175 0.189103 0.120655 0.199105 0.0658881 0.0710918 0.0329699
threshold=1.5500000120000001 39.300000435000008 8.8500000315000005 18.627672485000002 28.745000000000005 5.2371428715000006 74.520000000000024 1.0428571490000003
decision_type=2 2 2 8 2 2 2 2
left_child=2 -2 3 4 -1 6 -5 -7
right_child=1 -3 -4 5 -6 7 -8 -9
leaf_value=-0.00052918152669653815 0.001215229466853291 -0.0022333980097304015 -0.00031947933673309367 -4.4400146867999894e-05 2.824417047378746e-05 2.3472135461715628e-05 7.1213138050384598e-05 0.00040218583466985206
leaf_weight=20 28 21 29 20 27 293 24 25
leaf_count=20 28 21 29 20 27 293 24 25
internal_value=0.000208077 -0.000471888 0.000289426 0.000347731 -9.41422e-05 0.000410695 1.23068e-11 0.000461104
internal_weight=487 49 438 409 47 362 44 318
internal_count=487 49 438 409 47 362 44 318
is_linear=0
shrinkage=0.01


Tree=833
num_leaves=8
num_cat=0
split_feature=29 5 74 64 63 34 92
split_gain=0.252704 0.442982 0.199085 0.124608 0.188516 0.122903 0.105833
threshold=2.2285714235000005 0.35683935700000008 8.3828570840000012 32.529999735000011 30.739999770000004 3.2785714010000002 18.627672485000002
decision_type=2 2 2 2 2 2 8
left_child=1 -1 3 -3 -5 -2 -7
right_child=5 2 -4 4 -6 6 -8
leaf_value=-0.00037511241784369371 -0.00023714246481116962 4.5160303578724714e-05 -0.00029561129925239293 -0.00056542536103143428 0.0027549279604893446 -0.00031248589569344556 2.7946175850167296e-05
leaf_weight=26 22 83 21 33 31 31 234
leaf_count=26 22 83 21 33 31 31 234
internal_value=0.000162931 -0.000107803 7.10901e-05 0.000213126 -9.25926e-05 0.000352675 0.000415726
internal_weight=481 194 168 147 64 287 265
internal_count=481 194 168 147 64 287 265
is_linear=0
shrinkage=0.01


Tree=834
num_leaves=8
num_cat=0
split_feature=53 54 5 10 28 80 18
split_gain=0.275255 0.169488 0.152167 0.35871 0.470977 0.137487 0.0447821
threshold=0.89999999100000017 0.50000001100000013 0.36613171450000004 0.58477135700000005 3.8571428400000003 14.975000110000002 12.535000000000002
decision_type=2 2 2 2 2 2 2
left_child=1 -1 3 -2 -5 -4 -7
right_child=2 -3 5 4 -6 6 -8
leaf_value=-0.00027457146907156001 2.0749695912537232e-05 2.6489891846672823e-05 -0.00047189440404816113 -0.0013733622015756001 2.985477472854921e-06 -0.00011378102322994504 8.2660913198354647e-05
leaf_weight=23 62 24 22 20 29 20 262
leaf_count=23 62 24 22 20 29 20 262
internal_value=0.000192308 -0.000512552 0.000277778 -2.23613e-05 -0.000672691 0.000393701 0.000456153
internal_weight=462 47 415 111 49 304 282
internal_count=462 47 415 111 49 304 282
is_linear=0
shrinkage=0.01


Tree=835
num_leaves=7
num_cat=1
split_feature=94 8 12 31 12 12
split_gain=0.330114 0.321897 0.475851 0.311163 0.0823461 0.174333
threshold=0 0.5655712140000001 0.72410804750000013 5.8999999250000004 0.60758183300000013 0.58705257150000001
decision_type=1 2 2 2 2 2
left_child=1 -1 -3 4 5 -2
right_child=3 2 -4 -5 -6 -7
leaf_value=-0.00056249640450275909 6.4328978481616313e-05 9.5939663173866141e-05 -0.00049771328361857372 -0.00041450039727134201 4.0425302360504676e-05 -8.6054718712222304e-05
leaf_weight=27 50 60 21 21 263 27
leaf_count=27 50 60 21 21 263 27
internal_value=0.000175607 -0.000286195 0 0.00031872 0.00040493 8.35476e-05
internal_weight=469 108 81 361 340 77
internal_count=469 108 81 361 340 77
cat_boundaries=0 1
cat_threshold=36768772
is_linear=0
shrinkage=0.01


Tree=836
num_leaves=7
num_cat=0
split_feature=0 1 80 32 19 10
split_gain=0.128292 0.442795 0.095707 0.0840933 0.0451257 0.0285266
threshold=0.2660955805000001 0.28686164250000007 15.969285760000002 4.4714285475000013 0.58571429100000005 0.68487628550000013
decision_type=2 2 2 2 2 2
left_child=2 -2 3 4 -1 -3
right_child=1 5 -4 -5 -6 -7
leaf_value=2.096561416869023e-05 -0.00070847229109412616 5.0785090478646164e-05 -0.00026778832882254984 2.9374293071446682e-05 2.335041420842845e-05 0.0014773561977471062
leaf_weight=20 20 47 27 36 282 20
leaf_count=20 20 47 27 36 282 20
internal_value=0.000273852 -5.12528e-05 0.000356752 0.000404368 0.000459049 0.000317109
internal_weight=452 87 365 338 302 67
internal_count=452 87 365 338 302 67
is_linear=0
shrinkage=0.01


Tree=837
num_leaves=7
num_cat=0
split_feature=27 93 0 2 6 5
split_gain=0.253616 0.193107 0.106016 0.518284 0.044365 0.0357385
threshold=3.6928571125000005 26.012883985000006 0.23977154150000005 0.28941417850000006 0.33527142850000008 0.40449144400000003
decision_type=2 8 2 2 2 2
left_child=1 -1 4 -4 -2 -5
right_child=2 -3 3 5 -6 -7
leaf_value=-0.0003480916808454245 0.00013360251764506153 0.00013202647787384633 -0.00062402456960116467 -8.5640423832801117e-05 2.2168577499331676e-05 0.00053379248792025926
leaf_weight=36 20 37 20 20 241 82
leaf_count=36 20 37 20 20 241 82
internal_value=0.000232049 -0.000291328 0.000337415 7.32899e-05 0.000452636 0.000379377
internal_weight=456 73 383 122 261 102
internal_count=456 73 383 122 261 102
is_linear=0
shrinkage=0.01


Tree=838
num_leaves=7
num_cat=0
split_feature=0 14 6 53 6 4
split_gain=0.238314 0.253478 0.453755 0.121537 0.0428561 0.103439
threshold=0.27026441650000005 0.70757221400000014 0.51854359500000013 7.4000000545000004 0.37404064300000006 0.28100307150000009
decision_type=2 2 2 2 2 2
left_child=3 -2 -3 4 5 -1
right_child=1 2 -4 -5 -6 -7
leaf_value=2.318846531351791e-05 0.0010725474832272753 -0.001508498176319087 0.0052985605215705679 1.4176973889858685e-05 4.6164809928881328e-05 -9.6721639725112562e-05
leaf_weight=43 35 29 21 24 295 20
leaf_count=43 35 29 21 24 295 20
internal_value=0.000281103 -0.000180653 -0.000649606 0.000389237 0.00043757 0.000148903
internal_weight=467 85 50 382 358 63
internal_count=467 85 50 382 358 63
is_linear=0
shrinkage=0.01


Tree=839
num_leaves=8
num_cat=1
split_feature=94 18 1 76 92 57 1
split_gain=0.231866 0.252749 0.834268 0.145404 0.205742 0.123164 0.0158575
threshold=0 41.130000000000003 0.24881958950000002 5.2549999440000006 22.979626460000002 2.8649997715000004 0.19162064300000003
decision_type=1 2 2 2 10 2 2
left_child=1 2 6 4 -2 -3 -1
right_child=3 5 -4 -5 -6 -7 -8
leaf_value=8.0826125977335079e-05 6.626478477902978e-05 -1.2948809489385738e-05 -0.00061738234385167086 4.0994639216853881e-05 -0.0003479688745105293 0.00010988505699211163 0.00013708482292296834
leaf_weight=20 29 20 21 252 20 65 21
leaf_count=20 29 20 21 252 20 65 21
internal_value=0.000227273 -9.18885e-05 -0.000589172 0.000380051 -7.02811e-05 0.000238928 0.000203349
internal_weight=448 147 62 301 49 85 41
internal_count=448 147 62 301 49 85 41
cat_boundaries=0 1
cat_threshold=3146954
is_linear=0
shrinkage=0.01


Tree=840
num_leaves=9
num_cat=1
split_feature=33 94 2 56 6 12 26 1
split_gain=0.410152 0.358741 0.264668 0.559374 0.0838677 0.0388664 0.0447821 0.0257349
threshold=4.921428510000001 0 0.30092292850000008 0.095000267000000013 0.43808228550000006 0.5681637140000001 4.2071428980000007 0.31891319050000005
decision_type=2 1 2 2 2 2 2 2
left_child=-1 2 3 4 -2 -3 -7 -4
right_child=1 5 7 -5 -6 6 -8 -9
leaf_value=-0.00030539005369588753 1.4462044771705652e-05 3.0764654629225489e-06 0.00030815289311044331 -0.00054478933296463379 -0.00012674313713009701 2.6530625635260217e-05 0.00037982285840531366 -0.00027907804379811345
leaf_weight=23 30 20 39 32 20 262 20 20
leaf_count=23 30 20 39 32 20 262 20 20
internal_value=0.000152099 0.0002242 -0.000181159 -0.000567633 5.90551e-05 0.000412404 0.000456153 0.000292642
internal_weight=466 443 141 82 50 302 282 59
internal_count=466 443 141 82 50 302 282 59
cat_boundaries=0 1
cat_threshold=33555662
is_linear=0
shrinkage=0.01


Tree=841
num_leaves=7
num_cat=0
split_feature=0 3 56 5 36 18
split_gain=0.260608 0.376676 0.200122 0.17089 0.41407 0.0443435
threshold=0.25836732650000005 0.34079800000000005 2.0650000575000003 0.35272250000000005 4.192857129500001 11.465000000000002
decision_type=2 2 2 2 2 2
left_child=3 -2 -3 4 -1 -5
right_child=1 2 -4 5 -6 -7
leaf_value=-0.00038754528357961318 -0.00041173798639195305 0.00024152729325507415 -0.0017533535265940934 -7.5626422498411511e-05 6.5518563452370297e-06 2.5945509648617857e-05
leaf_weight=33 27 54 25 20 57 240
leaf_count=33 27 54 25 20 57 240
internal_value=0.000188266 -0.000234082 9.3985e-05 0.000322121 -3.30396e-05 0.000452454
internal_weight=456 106 79 350 90 260
internal_count=456 106 79 350 90 260
is_linear=0
shrinkage=0.01


Tree=842
num_leaves=7
num_cat=0
split_feature=0 5 92 91 22 11
split_gain=0.328347 0.401996 0.123318 0.150643 0.143499 0.106886
threshold=0.25836732650000005 0.43033850000000007 14.156054705000001 70.137508020000013 1.9571428555000001 0.70115721450000013
decision_type=2 2 10 2 2 2
left_child=2 -2 -1 4 -4 -3
right_child=1 5 3 -5 -6 -7
leaf_value=-0.00023235113128564953 -0.00039768424834903636 0.0012303339975974462 -0.0011061466148378826 1.7016646807199127e-05 0.0010476688278740231 -0.00074408447704034895
leaf_weight=22 35 46 24 306 25 20
leaf_count=22 35 46 24 306 25 20
internal_value=0.000223475 -0.000270138 0.000361302 0.000408938 -7.02811e-05 0.000164671
internal_weight=478 101 377 355 49 66
internal_count=478 101 377 355 49 66
is_linear=0
shrinkage=0.01


Tree=843
num_leaves=8
num_cat=0
split_feature=0 3 6 68 66 25 6
split_gain=0.506306 0.57232 0.13531 0.0883342 0.167605 0.0398682 0.0452961
threshold=0.2660955805000001 0.34705196450000003 0.48181329050000005 65.975000380000012 21.794999595000004 2.4857142820000004 0.33527142850000008
decision_type=2 2 2 2 2 2 2
left_child=3 -2 -3 5 -5 6 -1
right_child=1 2 -4 4 -6 -7 -8
leaf_value=0.00016968113161761327 -0.00042046825421302158 -0.0013199778285702636 0.0027854061664569509 -0.00019814487805818248 5.2779612657777775e-06 -2.9647778541137187e-05 3.8012380689285828e-05
leaf_weight=20 26 29 38 25 38 20 293
leaf_count=20 26 29 38 25 38 20 293
internal_value=0.000209269 -0.000442431 2.21239e-05 0.000367944 0 0.000432894 0.000460484
internal_weight=489 93 67 396 63 333 313
internal_count=489 93 67 396 63 333 313
is_linear=0
shrinkage=0.01


Tree=844
num_leaves=8
num_cat=1
split_feature=62 94 6 1 31 56 51
split_gain=0.398335 0.286533 0.281422 0.461282 0.183647 0.095834 0.045311
threshold=34.825000765000006 0 0.4736581425000001 0.25769163100000009 5.7857142690000005 2.0650000575000003 4.0999999940000009
decision_type=2 1 2 2 2 2 2
left_child=-1 2 3 4 -2 6 -3
right_child=1 5 -4 -5 -6 -7 -8
leaf_value=-0.00030988042355099241 0.00014318972788119767 2.9410548840019701e-05 0.00010822454357223108 -0.00038535799325186668 -0.00037828832112592924 0.00065165443898144797 8.7224419802686256e-05
leaf_weight=36 31 294 42 20 22 32 20
leaf_count=36 31 294 42 20 22 32 20
internal_value=0.000173765 0.000256605 -0.000162957 -0.000562331 -2.7881e-05 0.000395179 0.00046061
internal_weight=497 461 115 73 53 346 314
internal_count=497 461 115 73 53 346 314
cat_boundaries=0 1
cat_threshold=6357122
is_linear=0
shrinkage=0.01


Tree=845
num_leaves=8
num_cat=0
split_feature=0 12 0 68 4 50 15
split_gain=0.292712 0.340436 0.258632 0.144307 0.0873907 0.040422 0.103439
threshold=0.2660955805000001 0.71071016700000011 0.27487510400000004 66.430000305000007 0.25709385750000008 6.0000000595000005 0.68593721400000007
decision_type=2 2 2 2 2 2 2
left_child=3 2 -2 4 -1 6 -6
right_child=1 -3 -4 -5 5 -7 -8
leaf_value=-0.00012227007096989013 -0.00067218370501405053 -0.00040517034541568721 0.0011779269233877041 -4.940399332833893e-05 0.00014725047873173497 4.2286659581353702e-05 -0.00065339180428449276
leaf_weight=31 20 27 50 37 43 241 20
leaf_count=31 20 27 50 37 43 241 20
internal_value=0.000175607 -0.000301636 4.23729e-05 0.000305794 0.000373734 0.000426509 0.000148903
internal_weight=469 97 70 372 335 304 63
internal_count=469 97 70 372 335 304 63
is_linear=0
shrinkage=0.01


Tree=846
num_leaves=9
num_cat=1
split_feature=94 24 1 52 18 5 9 56
split_gain=0.469428 0.833937 0.238007 0.305201 0.203747 0.328281 0.185615 0.142544
threshold=0 1.8428571435000001 0.16733992850000004 2.6999999920000004 35.515000000000008 0.38124067850000004 0.60323425000000019 2.0650000575000003
decision_type=1 2 2 2 2 2 2 2
left_child=1 6 3 -2 5 -3 -1 -4
right_child=2 4 7 -5 -6 -7 -8 -9
leaf_value=-6.7984308478832029e-05 3.3651564572980852e-06 0.00012915252734349588 4.3629892597416199e-05 -0.00023700842041440425 0.00021912183208730598 -0.00068427585807310501 -0.00038282847365708837 -0.0016263056307549545
leaf_weight=22 23 20 256 22 61 20 20 23
leaf_count=22 23 20 256 22 61 20 20 23
internal_value=8.87131e-05 -0.00036736 0.000298686 -0.000338428 8.34971e-05 -0.000441176 -0.00156542 0.000419943
internal_weight=467 143 324 45 101 40 42 279
internal_count=467 143 324 45 101 40 42 279
cat_boundaries=0 1
cat_threshold=36767754
is_linear=0
shrinkage=0.01


Tree=847
num_leaves=7
num_cat=0
split_feature=79 28 92 78 29 88
split_gain=0.250598 0.0927551 0.10478 0.214768 0.114956 0.0405113
threshold=3.7049999420000006 3.2928571530000004 18.426978845000004 7.0650000530000012 2.0142857095000006 17.937142645000005
decision_type=2 2 10 2 2 2
left_child=-1 -2 3 -3 -4 -6
right_child=1 2 4 -5 5 -7
leaf_value=-7.6582411701672821e-06 -0.00012948808807106097 -0.00037759103644790116 -7.7795732605692727e-05 2.0761439340713247e-05 3.8427815731515677e-05 8.7992821963215818e-07
leaf_weight=22 24 20 27 32 306 22
leaf_count=22 24 20 27 32 306 22
internal_value=0.000252314 0.000309171 0.000346984 -3.78788e-05 0.000408938 0.000462287
internal_weight=453 431 407 52 355 328
internal_count=453 431 407 52 355 328
is_linear=0
shrinkage=0.01


Tree=848
num_leaves=8
num_cat=0
split_feature=0 2 23 5 10 0 27
split_gain=0.278665 0.279853 0.233685 0.371297 0.419164 0.208569 0.135713
threshold=0.2660955805000001 0.30596821450000006 1.700000001 0.35272250000000005 0.58436757100000014 0.31458908350000009 3.9428571630000007
decision_type=2 2 2 2 2 2 2
left_child=2 -2 3 4 -1 -3 -5
right_child=1 5 -4 6 -6 -7 -8
leaf_value=0.00082353283124699396 -0.00045411809970191653 0.00084696587197115596 2.3439216076519501e-05 0.00016873987679749452 -0.00040883008800439853 -4.7546858552608519e-05 -0.0001250672527862208
leaf_weight=25 20 41 219 89 20 34 20
leaf_count=25 20 41 219 89 20 34 20
internal_value=0.000153584 -0.000318372 0.000279561 -6.45994e-06 -0.000775109 -6.59629e-06 0.000295993
internal_weight=468 95 373 154 45 75 109
internal_count=468 95 373 154 45 75 109
is_linear=0
shrinkage=0.01


Tree=849
num_leaves=6
num_cat=0
split_feature=92 85 92 2 26
split_gain=0.346477 0.269046 0.170241 0.100867 0.045693
threshold=38.335444120000012 12.914285725000001 18.627672485000002 0.19590371450000002 3.7785714355000004
decision_type=8 2 10 2 2
left_child=1 -1 -3 -4 -5
right_child=-2 2 3 4 -6
leaf_value=-0.00029282227281458655 -5.6941650308180782e-05 -0.00044275029549146658 -4.5993756870248875e-06 -1.7232386352338103e-05 3.3075479777983988e-05
leaf_weight=22 28 36 31 20 322
leaf_count=22 28 36 31 20 322
internal_value=0.000212049 0.000286012 0.000347731 0.000413323 0.000463827
internal_weight=459 431 409 373 342
internal_count=459 431 409 373 342
is_linear=0
shrinkage=0.01


Tree=850
num_leaves=7
num_cat=0
split_feature=0 35 11 0 25 53
split_gain=0.46062 0.33776 0.0908624 0.0363057 0.0356063 0.0406306
threshold=0.26921189550000008 4.9357142445000006 0.67675750000000012 0.063424395500000008 2.4857142565000001 7.4000000545000004
decision_type=2 2 2 2 2 2
left_child=3 -2 -3 -1 5 -5
right_child=1 2 -4 4 -6 -7
leaf_value=0.0003812330854683992 -0.00048066177560779501 0.0010112357932188874 -0.00035566665239612077 3.3985024391144934e-05 4.5592602740576493e-06 9.8757630047741318e-05
leaf_weight=20 35 34 20 315 22 22
leaf_count=20 35 34 20 315 22 22
internal_value=0.000260239 -0.000373051 9.12409e-05 0.000414692 0.000437743 0.000463292
internal_weight=468 89 54 379 359 337
internal_count=468 89 54 379 359 337
is_linear=0
shrinkage=0.01


Tree=851
num_leaves=7
num_cat=1
split_feature=94 49 5 82 0 52
split_gain=0.414956 0.724175 0.386804 0.573813 0.151257 0.319897
threshold=0 39.300000435000008 0.35398371450000005 13.731428415000002 0.15174629200000003 1.1000000200000002
decision_type=1 2 2 2 2 2
left_child=1 2 3 -1 -4 -6
right_child=-2 -3 4 -5 5 -7
leaf_value=-0.00038725290245831883 1.0538760547460225e-05 -0.00027692335719245106 3.6464155489620347e-05 3.4125274099855204e-06 3.4034658765293129e-05 -0.00045129785333142633
leaf_weight=25 213 26 119 21 38 25
leaf_count=25 213 26 119 21 38 25
internal_value=0.000152843 -0.000117069 5.24476e-05 -0.000747863 0.000268053 -0.000101881
internal_weight=467 254 228 46 182 63
internal_count=467 254 228 46 182 63
cat_boundaries=0 1
cat_threshold=36766962
is_linear=0
shrinkage=0.01


Tree=852
num_leaves=7
num_cat=0
split_feature=92 20 41 42 4 32
split_gain=0.317772 0.194296 0.205971 0.0467577 0.0908624 0.0454965
threshold=17.039911375000006 2.5428571190000002 0.99999999650000004 12.700000025000003 0.33806902850000004 4.4857142650000013
decision_type=10 2 2 2 2 2
left_child=-1 3 -3 5 -5 -2
right_child=1 2 -4 4 -6 -7
leaf_value=-0.00030274053977366637 3.4240888292477326e-05 0.00095109628987150897 -0.0001998454502171812 -0.00036434834537966732 0.0028165926892300204 0.00012804920604779114
leaf_weight=32 307 25 29 20 34 20
leaf_count=32 307 25 29 20 34 20
internal_value=0.000259726 0.000333869 -0.00020073 0.000415139 9.12409e-05 0.000462172
internal_weight=467 435 54 381 54 327
internal_count=467 435 54 381 54 327
is_linear=0
shrinkage=0.01


Tree=853
num_leaves=9
num_cat=0
split_feature=0 1 27 5 12 12 25 6
split_gain=0.297787 0.644771 0.212528 0.502133 0.103439 0.0375134 0.0440717 0.0319177
threshold=0.2660955805000001 0.28960922650000004 3.7785714185000003 0.35272250000000005 0.7188131095000001 0.74167728600000016 2.4999999915000006 0.51656864300000016
decision_type=2 2 2 2 2 2 2 2
left_child=2 -2 3 -1 -3 6 -4 -5
right_child=1 4 5 7 -6 -7 -8 -9
leaf_value=-0.00035608568948543209 -0.00052695771394004325 0.0012493784418228673 1.8063759691124982e-05 7.0540648916362009e-05 -0.00034745934093417862 0.00018643579943080287 2.0614002223493236e-05 0.0022238217474967402
leaf_weight=37 26 43 228 60 20 20 20 20
leaf_count=37 26 43 228 60 20 20 20 20
internal_value=0.0001369 -0.000373051 0.000260498 -8.06451e-05 0.000148903 0.000416667 0.000450161 0.000346535
internal_weight=474 89 385 117 63 268 248 80
internal_count=474 89 385 117 63 268 248 80
is_linear=0
shrinkage=0.01


Tree=854
num_leaves=8
num_cat=0
split_feature=49 17 26 7 25 29 70
split_gain=0.41881 0.283126 0.545011 0.143303 0.346437 0.10457 0.0450275
threshold=39.300000435000008 0.71796154300000004 4.0428571190000016 0.46037507150000007 2.2285714405000001 2.0142857095000006 55.684998515000011
decision_type=2 2 2 2 2 2 2
left_child=3 2 -2 4 -1 -5 -7
right_child=1 -3 -4 5 -6 6 -8
leaf_value=-0.00037868090076294448 -0.002013342516773607 0.003498037168062712 -9.7660701265746193e-06 -0.00024885855417221015 0.00018243973870295534 3.4957137501666809e-05 9.9643092543565864e-07
leaf_weight=24 22 23 35 29 40 276 20
leaf_count=24 22 23 35 29 40 276 20
internal_value=0.000175607 -0.000470297 -0.000856401 0.000314264 -9.25926e-05 0.000400552 0.000458221
internal_weight=469 80 57 389 64 325 296
internal_count=469 80 57 389 64 325 296
is_linear=0
shrinkage=0.01


Tree=855
num_leaves=7
num_cat=0
split_feature=62 28 39 39 81 54
split_gain=0.413158 0.214948 0.0949251 0.411361 0.129783 0.104063
threshold=34.825000765000006 3.2928571530000004 5.5999999385000008 5.2999999855000004 12.152857000000003 0.50000001100000013
decision_type=2 2 2 2 2 2
left_child=-1 -2 3 5 -4 -3
right_child=1 2 4 -5 -6 -7
leaf_value=-0.00029811649435128757 -0.0011210466802444206 -4.0681363073334668e-05 -9.602143309831182e-05 -0.00031125019825630065 7.3091602553885024e-05 1.8770659568588593e-05
leaf_weight=34 24 26 25 23 229 96
leaf_count=34 24 26 25 23 229 96
internal_value=0.00014526 0.000234781 0.000293897 7.20165e-05 0.000412088 0.00031759
internal_weight=457 423 399 145 254 122
internal_count=457 423 399 145 254 122
is_linear=0
shrinkage=0.01


Tree=856
num_leaves=6
num_cat=1
split_feature=94 14 11 4 31
split_gain=0.247556 0.542762 0.149462 0.135089 0.0455101
threshold=0 0.72145840500000014 0.5817602380000001 0.26228385700000006 2.0857142550000005
decision_type=1 2 2 2 2
left_child=1 2 -1 -2 -5
right_child=3 -3 -4 4 -6
leaf_value=-0.00044001899809671468 5.1453265991135282e-07 -0.00041426636925715919 7.5030741228958412e-05 0.0031038260550025959 1.8530361964273665e-05
leaf_weight=34 23 24 69 20 308
leaf_count=34 23 24 69 20 308
internal_value=0.000265246 -0.000105225 0.000187861 0.000396628 0.000462287
internal_weight=478 127 103 351 328
internal_count=478 127 103 351 328
cat_boundaries=0 1
cat_threshold=3145862
is_linear=0
shrinkage=0.01


Tree=857
num_leaves=8
num_cat=0
split_feature=0 1 0 36 2 0 53
split_gain=0.430434 0.528893 0.191338 0.186158 0.0563774 0.0799496 0.0402216
threshold=0.2660955805000001 0.28545300000000007 0.31458908350000009 3.5142857180000004 0.20173676200000004 0.071051750000000011 7.4000000545000004
decision_type=2 2 2 2 2 2 2
left_child=3 -2 -3 -1 5 -5 -6
right_child=1 2 -4 4 6 -7 -8
leaf_value=-0.00022718502032339911 -0.00062209859826269087 0.0012745710408822301 -3.7807974359939763e-05 2.6264501180190771e-05 2.9348765936616077e-05 -1.918498266055174e-05 0.00014014013636484557
leaf_weight=33 20 39 23 28 286 20 22
leaf_count=33 20 39 23 28 286 20 22
internal_value=0.000198177 -0.00044686 0 0.000339918 0.000409193 4.09836e-05 0.000459845
internal_weight=471 82 62 389 356 48 308
internal_count=471 82 62 389 356 48 308
is_linear=0
shrinkage=0.01


Tree=858
num_leaves=8
num_cat=1
split_feature=94 19 4 0 19 8 20
split_gain=0.374566 0.438258 0.182502 0.160294 0.101765 0.100956 0.0451891
threshold=0 0.91428571500000011 0.25811200000000006 0.2660955805000001 1.0428571490000003 0.62293923800000017 2.6071428400000003
decision_type=1 2 2 2 2 2 2
left_child=1 5 -2 -3 6 -1 -4
right_child=2 3 4 -5 -6 -7 -8
leaf_value=1.9809267490288511e-05 -9.5002299845281928e-05 -6.328935261706956e-05 3.3072582545155443e-05 -0.00050423510403053247 -0.00029272724924720307 -5.3361144629232343e-05 -2.3216636748544033e-06
leaf_weight=41 33 20 286 20 30 20 20
leaf_count=41 33 20 286 20 30 20 20
internal_value=0.000176296 -0.00033542 0.000322538 -0.00117647 0.0004038 0.00013754 0.000459583
internal_weight=470 101 369 40 336 61 306
internal_count=470 101 369 40 336 61 306
cat_boundaries=0 1
cat_threshold=168887872
is_linear=0
shrinkage=0.01


Tree=859
num_leaves=8
num_cat=0
split_feature=0 1 33 68 84 53 72
split_gain=0.371004 0.558999 0.144671 0.13488 0.265926 0.0383073 0.0444908
threshold=0.2660955805000001 0.28545300000000007 5.2428571500000007 65.585000040000011 13.104285650000003 7.4000000545000004 47.735000610000007
decision_type=2 2 2 2 2 2 2
left_child=3 -2 -3 5 -5 6 -1
right_child=1 2 -4 4 -6 -7 -8
leaf_value=0.00080063462358309515 -0.00061309554253926907 -3.3191379386279772e-05 0.0016768939930837362 -0.00031212398867813955 2.2640576099027532e-05 6.6129974235849007e-05 3.2779879337747493e-05
leaf_weight=20 20 28 39 29 41 20 247
leaf_count=20 20 28 39 29 41 20 247
internal_value=0.000179856 -0.000392938 2.21239e-05 0.000325601 -4.23729e-05 0.000422168 0.000453697
internal_weight=444 87 67 357 70 287 267
internal_count=444 87 67 357 70 287 267
is_linear=0
shrinkage=0.01


Tree=860
num_leaves=8
num_cat=0
split_feature=56 67 53 80 45 1 12
split_gain=0.155165 0.163236 0.124205 0.0698978 0.0682429 0.0686894 0.0378571
threshold=2.0650000575000003 68.444999695000021 7.4000000545000004 14.975000110000002 1.2500000000000002 0.21511478550000004 0.55782661950000001
decision_type=2 2 2 2 2 2 2
left_child=1 2 3 -1 6 -6 -5
right_child=-2 -3 -4 4 5 -7 -8
leaf_value=-9.7489690650134754e-05 -0.0012651326584506312 -0.00018662352332410415 -5.9440602602249865e-05 7.9219201228995721e-05 -0.0002946318421871997 0.0014081119299672552 2.1574399633978952e-05
leaf_weight=36 29 31 20 23 20 23 294
leaf_count=36 29 31 20 23 20 23 294
internal_value=0.000222315 0.000271326 0.000326296 0.000367944 0.0004102 0 0.000460982
internal_weight=476 447 416 396 360 43 317
internal_count=476 447 416 396 360 43 317
is_linear=0
shrinkage=0.01


Tree=861
num_leaves=7
num_cat=1
split_feature=94 24 0 57 49 22
split_gain=0.286563 0.577481 0.134928 0.113204 0.0534875 0.0908624
threshold=0 1.8285714345000004 0.066451479500000007 4.0950002670000005 49.199999815000005 1.6857142875000002
decision_type=1 2 2 2 2 2
left_child=1 -1 -2 -3 -4 -6
right_child=2 3 4 -5 5 -7
leaf_value=-0.0003237195046349717 -7.6993856082985831e-08 -9.2820609162018634e-05 2.9628783399961694e-05 2.6038204548599322e-05 2.009755570960302e-05 -0.00013970206030715512
leaf_weight=30 21 39 253 57 34 20
leaf_count=30 21 39 253 57 34 20
internal_value=0.000208883 -0.000182749 0.000360094 0.000165289 0.000427225 9.12409e-05
internal_weight=454 126 328 96 307 54
internal_count=454 126 328 96 307 54
cat_boundaries=0 1
cat_threshold=36765762
is_linear=0
shrinkage=0.01


Tree=862
num_leaves=6
num_cat=0
split_feature=33 43 65 53 13
split_gain=0.283115 0.250686 0.23955 0.157403 0.045896
threshold=5.2428571500000007 6.2500000070000015 0.88500022850000015 7.4000000545000004 0.52547572500000006
decision_type=2 2 2 2 2
left_child=1 2 -1 4 -2
right_child=3 -3 -4 -5 -6
leaf_value=0.0010734233769622021 0.00016078119577401126 -0.00029131978929089318 -0.00019829205556340008 -5.7802541069549333e-05 1.916554842208864e-05
leaf_weight=56 20 24 22 20 339
leaf_count=56 20 24 22 20 339
internal_value=0.000287464 -0.00016537 8.88325e-05 0.000414692 0.000465536
internal_weight=481 102 78 379 359
internal_count=481 102 78 379 359
is_linear=0
shrinkage=0.01


Tree=863
num_leaves=9
num_cat=0
split_feature=18 48 1 22 13 13 93 25
split_gain=0.178424 0.648847 0.206266 0.101502 0.10048 0.236208 0.0893052 0.0419086
threshold=12.535000000000002 18.199999915000003 0.14726835700000002 1.6500000105000001 0.72274220000000011 0.73070820000000014 15.62283908 2.4999999915000006
decision_type=2 2 2 2 2 2 10 2
left_child=1 -1 -2 -4 7 -6 -7 -5
right_child=2 -3 3 4 5 6 -8 -9
leaf_value=0.00017456079537923912 -2.6000436371400171e-07 -0.00037303558344303908 2.8742081665734803e-05 2.1826697568755249e-05 -0.00061227922890430856 -0.0001216523250587143 0.00274822778624873 9.1992853291703107e-05
leaf_weight=36 25 21 22 242 20 28 78 21
leaf_count=36 25 21 22 242 20 28 78 21
internal_value=0.000171122 -0.00033737 0.000242674 0.000299903 0.000339918 8.67508e-05 0.000290262 0.000452995
internal_weight=493 57 436 411 389 126 106 263
internal_count=493 57 436 411 389 126 106 263
is_linear=0
shrinkage=0.01


Tree=864
num_leaves=9
num_cat=0
split_feature=0 18 62 12 6 42 0 71
split_gain=0.507318 0.555262 0.826339 0.279336 0.0954833 0.0507408 0.0838677 0.0423013
threshold=0.2660955805000001 53.315000000000005 35.559999465000011 0.74335969050000006 0.45616695250000006 12.700000025000003 0.16844663200000001 38.250000000000007
decision_type=2 2 2 2 2 2 2 2
left_child=3 2 -2 5 -3 7 -7 -1
right_child=1 4 -4 -5 -6 6 -8 -9
leaf_value=0.00041013708717200543 -0.00030902518179405614 -0.00013334879894142312 0.0017527724746336699 -4.2048138595952235e-05 0.0022716495811880189 0.00015177856824520014 -6.4327370733545259e-05 2.1721701769027157e-05
leaf_weight=21 20 20 21 39 37 30 20 262
leaf_count=21 20 20 21 39 37 30 20 262
internal_value=0.000133815 -0.000495951 -0.0013756 0.000305794 0.000112457 0.000402936 5.90551e-05 0.000456307
internal_weight=470 98 41 372 57 333 50 283
internal_count=470 98 41 372 57 333 50 283
is_linear=0
shrinkage=0.01


Tree=865
num_leaves=9
num_cat=1
split_feature=49 1 18 94 12 10 62 34
split_gain=0.468076 0.516113 0.423564 0.243119 0.274973 0.175624 0.278133 0.0440953
threshold=39.300000435000008 0.27779023800000008 61.365000000000002 0 0.71999150000000012 0.59866014300000014 39.330001355000007 3.2285714065000009
decision_type=2 2 2 1 2 2 2 2
left_child=3 -2 -3 4 5 6 -1 -5
right_child=1 2 -4 7 -6 -7 -8 -9
leaf_value=-0.00033261844603643404 1.4000326836506555e-05 -0.00020130650857793869 -0.00095034993282851101 2.906924463424626e-05 -0.00017812990538804569 1.9540858114135318e-05 0.00020328555146794874 3.5272896660638077e-05
leaf_weight=23 30 20 32 20 24 63 22 229
leaf_count=23 30 20 32 20 24 63 22 229
internal_value=0.000106727 -0.000567633 -0.00117424 0.000257988 -8.40336e-05 0.000110294 -0.000338428 0.000433025
internal_weight=463 82 52 381 132 108 45 249
internal_count=463 82 52 381 132 108 45 249
cat_boundaries=0 1
cat_threshold=5243083
is_linear=0
shrinkage=0.01


Tree=866
num_leaves=9
num_cat=1
split_feature=94 92 66 83 34 17 53 11
split_gain=0.231077 0.282621 0.314076 0.459029 0.313952 0.21783 0.0433828 0.0360075
threshold=0 26.231004275000004 21.465000155000002 8.7614285605000024 3.6857142620000003 0.69173770400000012 6.7999998220000011 0.58758342900000005
decision_type=1 8 2 2 2 2 2 2
left_child=1 2 3 5 -5 -1 -2 -3
right_child=6 7 -4 4 -6 -7 -8 -9
leaf_value=-0.00012183791717290534 7.2532321939767884e-05 -1.8625671024249585e-05 5.9654104100386868e-05 -0.00058167135344358383 -0.0005109982419627707 0.0012418707094599905 0.0035923712988139012 0.00075678971981096648
leaf_weight=32 202 20 39 20 20 37 20 84
leaf_count=32 202 20 39 20 20 37 20 84
internal_value=0.000200084 -7.61034e-06 -0.000295699 -0.000578324 -0.00142157 -5.01433e-05 0.000425258 0.000381679
internal_weight=474 252 148 109 40 69 222 104
internal_count=474 252 148 109 40 69 222 104
cat_boundaries=0 1
cat_threshold=169936022
is_linear=0
shrinkage=0.01


Tree=867
num_leaves=9
num_cat=0
split_feature=25 91 53 52 1 6 27 37
split_gain=0.332499 0.387327 0.584246 0.237647 0.217225 0.230348 0.0363431 0.0434414
threshold=2.2285714405000001 109.82819450000001 2.5000000335000006 4.8000000530000007 0.28934150000000003 0.48181329050000005 3.6999999630000002 2.3000000155000007
decision_type=2 2 2 2 2 2 2 2
left_child=1 2 -1 -4 -3 -6 -2 -8
right_child=6 4 3 -5 5 -7 7 -9
leaf_value=-6.212976588704305e-05 4.1084234866415177e-05 0.0014041238270813062 8.4947040631577592e-06 -0.00040421167748197435 -0.00025262405727008197 0.00070737990480711265 2.8017018867456967e-05 -2.0003103826249181e-05
leaf_weight=37 20 100 41 20 25 20 204 20
leaf_count=37 20 100 41 20 25 20 204 20
internal_value=0.000146576 -0.000108696 -0.000597166 0 0.000209191 -0.000338428 0.000408497 0.00044484
internal_weight=487 243 98 61 145 45 244 224
internal_count=487 243 98 61 145 45 244 224
is_linear=0
shrinkage=0.01


Tree=868
num_leaves=8
num_cat=1
split_feature=94 49 78 24 1 67 4
split_gain=0.427411 0.552549 0.219539 0.39166 0.829253 0.246959 0.0357385
threshold=0 39.300000435000008 6.6435714575000011 1.9928571325000004 0.24881958950000002 68.444999695000021 0.30863892900000006
decision_type=1 2 2 2 2 2 2
left_child=1 2 6 4 -4 -5 -1
right_child=-2 -3 3 5 -6 -7 -8
leaf_value=0.0040137389104671194 8.7001334892816606e-05 -0.00026231551158763196 6.9678576958846197e-05 1.948522925771443e-05 -0.00052041876017561769 -3.642719620023292e-06 0.00012477220570969
leaf_weight=20 198 30 32 71 24 23 82
leaf_count=20 198 30 32 71 24 23 82
internal_value=0.000120632 -0.000126366 1.58228e-05 -0.000218833 -0.000880282 0.000158228 0.000379377
internal_weight=480 282 252 150 56 94 102
internal_count=480 282 252 150 56 94 102
cat_boundaries=0 1
cat_threshold=35654903
is_linear=0
shrinkage=0.01


Tree=869
num_leaves=8
num_cat=0
split_feature=57 16 63 28 12 9 25
split_gain=0.225857 0.354518 0.68405 0.202743 0.158116 0.191897 0.144408
threshold=5.2750005725000007 0.65823107150000004 30.739999770000004 3.2928571530000004 0.74475050000000009 0.69306427500000012 2.2428571245000004
decision_type=2 2 2 2 2 2 2
left_child=3 6 -3 -1 -5 -6 -2
right_child=1 2 -4 4 5 -7 -8
leaf_value=-0.00088622267125235674 -4.7045437436804044e-07 -0.00051631215201310989 0.0003767788038685714 0.00012882637351456611 -0.00031290461441658903 0.0028048499078635837 1.5921271723093413e-05
leaf_weight=29 34 28 22 244 20 25 64
leaf_count=29 34 28 22 244 20 25 64
internal_value=0.000152099 -0.00016129 -0.000846457 0.000304266 0.000388199 -0.000120087 0.000172065
internal_weight=466 148 50 318 289 45 98
internal_count=466 148 50 318 289 45 98
is_linear=0
shrinkage=0.01


Tree=870
num_leaves=9
num_cat=0
split_feature=25 84 0 8 80 8 14 1
split_gain=0.492588 0.349189 0.315134 0.542278 0.220389 0.160294 0.0986567 0.02997
threshold=2.2142857100000004 12.856428555000003 0.2660955805000001 0.63186635750000009 14.984285695000002 0.5675867710000001 0.59000164300000013 0.22698078550000003
decision_type=2 2 2 2 2 2 2 2
left_child=1 2 7 -4 -2 -3 -6 -1
right_child=4 5 3 -5 6 -7 -8 -9
leaf_value=3.5617091909254575e-05 -0.0002606580605709605 -0.00031746919347839359 -0.00091855252313941037 0.0031456563901067153 0.00010616232132294127 -0.00030977556827242525 3.1106696286532354e-05 0.0032457819290592151
leaf_weight=20 28 20 34 25 33 20 220 52
leaf_count=20 28 20 34 25 33 20 220 52
internal_value=5.30035e-05 -0.000363795 -9.48407e-05 -0.000643813 0.000314053 -0.00117647 0.000411742 0.00032967
internal_weight=452 171 131 59 281 40 253 72
internal_count=452 171 131 59 281 40 253 72
is_linear=0
shrinkage=0.01


Tree=871
num_leaves=9
num_cat=1
split_feature=94 39 14 80 16 22 49 25
split_gain=0.473378 0.529421 0.890497 0.107352 0.202491 0.0904049 0.0860514 0.108973
threshold=0 5.9999999665000017 0.69793405400000019 15.017857145000002 0.6921907140000001 1.6857143045000003 1.0000000180025095e-35 2.2285714275000004
decision_type=1 2 2 2 2 2 2 2
left_child=1 2 -1 4 -2 -3 7 -5
right_child=3 5 -4 6 -6 -7 -8 -9
leaf_value=1.9779371446579805e-06 6.3020264247115877e-05 -2.5478961820718464e-05 -0.00059332398459530946 -2.6000040894497876e-06 -0.00030208886416827866 0.0021573298619832924 7.6399330421284556e-05 5.6538400639087477e-05
leaf_weight=32 28 22 20 34 20 42 231 39
leaf_count=32 28 22 20 34 20 42 231 39
internal_value=0.000132253 -0.000394322 -0.00117424 0.000314223 -8.19672e-05 0.000154321 0.000393701 6.09756e-05
internal_weight=468 116 52 352 48 64 304 73
internal_count=468 116 52 352 48 64 304 73
cat_boundaries=0 1
cat_threshold=3214944
is_linear=0
shrinkage=0.01


Tree=872
num_leaves=11
num_cat=1
split_feature=94 74 5 66 13 22 16 15 21 26
split_gain=0.402613 0.445585 0.263325 0.251398 0.580877 0.116193 0.154245 0.111906 0.0503401 0.0733311
threshold=0 7.9050000395000009 0.41356554750000002 20.240000725000005 0.70351365850000014 1.7142857015000004 0.70797842850000003 0.59072547600000014 1.7428571200000003 4.0642856870000008
decision_type=1 2 2 2 2 2 2 2 2 2
left_child=1 3 -3 -1 7 6 -2 -5 9 -7
right_child=5 2 -4 4 -6 8 -8 -9 -10 -11
leaf_value=5.448732547953631e-05 -0.0012021558700184389 -0.00030303397222868669 -1.0725100546369888e-05 2.2455362583476431e-05 -0.00030647396210319646 0.0032546457487625212 0.0038489609175216713 -2.589560972455694e-06 6.8664483692261569e-05 -5.5279731867875426e-06
leaf_weight=63 22 24 32 38 20 30 22 33 165 22
leaf_count=63 22 24 32 38 20 30 22 33 165 22
internal_value=2.86138e-05 -0.000285326 -0.00105634 -6.45994e-06 -0.00035403 0.000288815 -0.000133929 4.87465e-05 0.000397153 7.57576e-05
internal_weight=471 210 56 154 91 261 44 71 217 52
internal_count=471 210 56 154 91 261 44 71 217 52
cat_boundaries=0 1
cat_threshold=7343815
is_linear=0
shrinkage=0.01


Tree=873
num_leaves=10
num_cat=1
split_feature=1 94 93 1 2 8 91 2 25
split_gain=0.352783 0.187028 0.315693 0.374371 0.243686 0.11474 0.06518 0.0662955 0.0440953
threshold=0.32582951800000004 0 24.358773140000004 0.25639421450000005 0.20004300000000003 0.64973369050000007 131.70045210000004 0.30390589300000004 2.4857142820000004
decision_type=2 1 8 2 2 2 2 2 2
left_child=1 2 3 -1 -3 -4 8 -8 -6
right_child=-2 4 5 -5 6 -7 7 -9 -10
leaf_value=-0.0003995501620697427 -2.8590570633202622e-05 -5.4625976031770594e-06 9.8911476655899682e-06 7.0196080797965776e-06 8.076553129139253e-05 -2.5501132522397887e-05 0.0057132430076292711 -0.00011699094656481738 -4.8615835245895918e-06
leaf_weight=20 24 25 54 22 229 20 22 20 20
leaf_count=20 24 25 54 22 229 20 22 20 20
internal_value=0.000100701 0.00017098 -0.000157729 -0.000864486 0.000293758 0.000200535 0.000388965 0 0.00045036
internal_weight=456 432 116 42 316 74 291 42 249
internal_count=456 432 116 42 316 74 291 42 249
cat_boundaries=0 1
cat_threshold=169869509
is_linear=0
shrinkage=0.01


Tree=874
num_leaves=10
num_cat=0
split_feature=69 46 17 31 40 35 43 43 3
split_gain=0.277438 0.358289 0.193803 0.191943 0.137942 0.169752 0.0951061 0.220404 0.0173151
threshold=78.325001715000013 4.6500000355000006 0.68903750000000008 5.8999999250000004 0.50000000350000018 4.4785714320000016 5.5499999675000007 6.3499999120000004 0.33082507150000007
decision_type=2 2 2 2 2 2 2 2 2
left_child=1 2 -1 4 5 -2 -6 -8 -7
right_child=3 -3 -4 -5 6 8 7 -9 -10
leaf_value=-0.00017367977654087535 -2.9757608725345439e-05 -0.00026350861310884941 0.0016495941931188424 -0.00026315455587356314 5.5489662204009519e-05 0.0026094539309456754 -2.8162454135814816e-05 5.1070804807318903e-05 -1.7530215106086118e-05
leaf_weight=23 20 25 40 26 225 23 22 46 20
leaf_count=23 20 25 40 26 225 23 22 46 20
internal_value=0.000112574 -0.000382883 0 0.000232497 0.000297085 -0.000101881 0.000389721 2.90698e-05 0.000216895
internal_weight=470 88 63 382 356 63 293 68 43
internal_count=470 88 63 382 356 63 293 68 43
is_linear=0
shrinkage=0.01


Tree=875
num_leaves=11
num_cat=1
split_feature=94 6 24 68 23 12 6 76 52 1
split_gain=0.277967 0.347974 0.627891 0.208104 0.194145 0.172144 0.3368 0.125509 0.15524 0.0329546
threshold=0 0.45046050000000004 1.8428571350000003 66.07999992000002 1.8142857170000004 0.71999150000000012 0.52814857150000016 5.2549999440000006 3.0500000530000002 0.31582357150000001
decision_type=1 2 2 2 2 2 2 2 2 2
left_child=1 2 -1 7 -4 9 -7 8 -2 -3
right_child=3 5 4 -5 -6 6 -8 -9 -10 -11
leaf_value=-0.00048750439250726615 1.1057595556038611e-05 2.0084486113680789e-05 1.6616778381050853e-05 -9.619911613201253e-06 -1.1915157313562671e-06 -0.00049291058287669271 0.0057689509991820489 0.00048181452044611747 -0.00021103647463067946 1.3475702581601246e-05
leaf_weight=27 29 65 30 27 21 20 21 192 24 20
leaf_count=27 29 65 30 27 21 20 21 192 24 20
internal_value=5.45302e-05 -0.000214153 -0.000748731 0.000261669 -4.82625e-05 8.67508e-05 -0.00041866 0.000368186 -2.7881e-05 0.000355478
internal_weight=476 204 78 272 51 126 41 245 53 85
internal_count=476 204 78 272 51 126 41 245 53 85
cat_boundaries=0 1
cat_threshold=40898126
is_linear=0
shrinkage=0.01


Tree=876
num_leaves=10
num_cat=0
split_feature=49 46 68 9 68 9 30 93 7
split_gain=0.330931 0.472844 0.214769 0.167724 0.220657 0.258917 0.0838677 0.0822366 0.0272148
threshold=38.600000450000003 4.149999965000001 62.255002975000004 0.56239800000000006 62.859998705000002 0.67242430000000009 2.0142856925000001 24.358773140000004 0.55313504750000009
decision_type=2 2 2 2 2 2 2 8 2
left_child=2 6 7 -4 -5 8 -2 -1 -6
right_child=1 -3 3 4 5 -7 -8 -9 -10
leaf_value=-4.3822301151345446e-06 0.00016255871080594612 -0.00020982041192768683 7.8242508635777323e-05 -0.00023289297584502407 7.1722879768522205e-06 -7.0112187247661233e-05 -4.5349491257270632e-06 0.00071680821839682275 1.8213328077474343e-05
leaf_weight=37 30 35 40 22 43 39 20 158 20
leaf_count=37 30 35 40 22 43 39 20 158 20
internal_value=2.2482e-05 -0.000530303 0.000159811 -9.70874e-05 -0.000288462 -6.80934e-05 5.90551e-05 0.000385598 0.000305643
internal_weight=444 85 359 164 124 102 50 195 63
internal_count=444 85 359 164 124 102 50 195 63
is_linear=0
shrinkage=0.01


Tree=877
num_leaves=10
num_cat=2
split_feature=94 2 94 15 8 25 43 92 2
split_gain=0.385383 0.509611 0.192685 0.803377 0.538148 0.187766 0.143967 0.161735 0.0216024
threshold=0 0.27510092900000011 1 0.67998607150000012 0.58315235700000012 1.8857142885000002 1.7500000000000002 23.133991545000004 0.29964964300000008
decision_type=1 2 1 2 2 2 2 10 2
left_child=1 -1 3 -2 -5 -3 7 -4 -7
right_child=2 5 6 4 -6 8 -8 -9 -10
leaf_value=-0.00032182195194348814 1.8967437790222185e-05 -0.00030833041964567503 6.4173993828495277e-06 2.656389566580413e-05 -0.0003289902145372574 6.4832206807388318e-05 0.0011836153070546081 -2.7556277746757846e-06 0.0010007154371153276
leaf_weight=32 85 20 24 24 32 20 178 22 30
leaf_count=32 85 20 24 24 32 20 178 22 30
internal_value=3.20651e-06 -0.000505319 0.00016099 -0.000115283 -0.00105634 -4.23729e-05 0.000340716 -0.000106838 0.000255906
internal_weight=467 102 365 141 56 70 224 46 50
internal_count=467 102 365 141 56 70 224 46 50
cat_boundaries=0 1 2
cat_threshold=136316040 34670599
is_linear=0
shrinkage=0.01


Tree=878
num_leaves=11
num_cat=1
split_feature=49 92 61 8 24 94 18 12 13 76
split_gain=0.331226 0.683711 0.370836 0.458734 0.167881 0.165527 0.224503 0.184766 0.118855 0.109387
threshold=38.600000450000003 22.020477250000003 2.3349995615000005 0.61714950000000013 1.6499999890000001 0 26.965000000000003 0.61848257150000008 0.72274220000000011 5.2449999945000014
decision_type=2 10 2 2 2 1 2 2 2 2
left_child=2 -2 5 -4 -3 6 7 -1 -8 -7
right_child=1 4 3 -5 -6 9 8 -9 -10 -11
leaf_value=-1.6941325705683821e-05 -0.00026245189228027671 0.0026453626954818228 5.2738708367676849e-05 -6.2913945190748883e-05 -2.6580786935628765e-05 -8.4335438192854563e-07 2.0480647391227653e-05 -0.0013030518783607112 -7.3385162674157039e-05 0.00041924430145591767
leaf_weight=20 22 34 28 20 24 29 59 20 20 193
leaf_count=20 22 34 28 20 24 29 59 20 20 193
internal_value=-7.44997e-06 -0.000594059 0.00010903 -0.000696721 0 0.000229666 -6.54853e-05 -0.000686274 0.000219298 0.000382302
internal_weight=469 80 389 48 58 341 119 40 79 222
internal_count=469 80 389 48 58 341 119 40 79 222
cat_boundaries=0 1
cat_threshold=33554638
is_linear=0
shrinkage=0.01


Tree=879
num_leaves=9
num_cat=1
split_feature=33 94 33 46 42 52 68 0
split_gain=0.507945 0.431192 0.781883 0.42589 0.298704 0.315742 0.0939776 0.0442557
threshold=4.9357142785000017 0 5.9999998980000013 5.2000001075000002 2.9999999930000008 0.35000000900000006 66.07999992000002 0.073444458000000004
decision_type=2 1 2 2 2 2 2 2
left_child=-1 2 3 -2 -3 -6 7 -7
right_child=1 4 -4 -5 5 6 -8 -9
leaf_value=-0.00025745524340407421 0.00056850377696273009 -8.4903866229764062e-06 -0.0003596900512362749 -0.00076292325788162544 -1.3236845531731438e-05 -1.0650651302041794e-05 1.3165465358697532e-05 0.00014476014654797286
leaf_weight=24 49 31 20 31 20 20 31 236
leaf_count=24 49 31 20 31 20 20 31 236
internal_value=-5.83405e-05 1.59526e-05 -0.000523466 -9.90099e-05 0.000192087 0.000297271 0.000387422 0.000451713
internal_weight=462 438 100 80 338 307 287 256
internal_count=462 438 100 80 338 307 287 256
cat_boundaries=0 1
cat_threshold=44041409
is_linear=0
shrinkage=0.01


Tree=880
num_leaves=8
num_cat=0
split_feature=33 66 80 27 87 17 74
split_gain=0.380714 0.4396 0.281563 0.161214 0.247388 0.127491 0.0390261
threshold=6.0928571225000008 22.175000190000002 14.97285727 3.7785714185000003 21.056428640000004 0.5903036665000001 8.4971428940000013
decision_type=2 2 2 2 2 2 2
left_child=2 -2 -1 4 -4 -6 -5
right_child=1 -3 3 6 5 -7 -8
leaf_value=-7.1607003009902895e-05 -1.652030223665072e-05 8.1873653529127537e-05 -0.00026344799635676656 8.3196778185588106e-05 -5.0433306658443227e-06 0.00080953874359791106 0.0011942249259447217
leaf_weight=33 28 32 29 224 20 72 22
leaf_count=33 28 32 29 224 20 72 22
internal_value=0.000104167 -0.000625 0.000219561 0.000303154 0 0.000258621 0.000449757
internal_weight=460 60 400 367 121 92 246
internal_count=460 60 400 367 121 92 246
is_linear=0
shrinkage=0.01


Tree=881
num_leaves=10
num_cat=0
split_feature=54 31 27 7 27 0 0 34 12
split_gain=0.480819 0.436293 0.458143 0.340086 0.40585 0.672824 0.378864 0.150644 0.175454
threshold=6.5999999940000009 5.8999999250000004 4.1071428060000015 0.61227264300000017 4.0214285510000005 0.24063061800000005 0.25661739600000005 3.2785714010000002 0.71247673800000011
decision_type=2 2 2 2 2 2 2 2 2
left_child=1 2 3 4 6 -6 -1 8 -2
right_child=7 -3 -4 -5 5 -7 -8 -9 -10
leaf_value=2.1043042428427191e-05 -0.00029999128963609386 -0.00034655168195969955 9.2317211332011356e-05 0.0011518798627329029 -4.5124514041495117e-05 -5.2407950972177878e-05 -0.00051022257011562589 8.2735524312997736e-05 0.002933990028323492
leaf_weight=93 20 21 69 34 20 39 43 131 21
leaf_count=93 20 21 69 34 20 39 43 131 21
internal_value=-0.000106751 -0.000339275 -0.000230924 -0.000450392 -0.000615424 -0.00131271 -0.000292398 0.0003125 -0.000179426
internal_weight=491 319 298 229 195 59 136 172 41
internal_count=491 319 298 229 195 59 136 172 41
is_linear=0
shrinkage=0.01


Tree=882
num_leaves=10
num_cat=1
split_feature=94 93 56 2 88 93 93 15 46
split_gain=0.498863 0.632143 0.555473 0.290134 0.255946 0.332781 0.16019 0.263591 0.112174
threshold=0 22.800746040000003 0.48499965650000004 0.25239192850000008 16.257142815000005 23.773911500000001 20.798091500000002 0.62904761900000017 8.8500000315000005
decision_type=1 10 2 2 2 10 8 2 2
left_child=1 2 3 -1 5 -2 7 -6 -8
right_child=4 -3 -4 -5 6 -7 8 -9 -10
leaf_value=5.1149760958563144e-05 0.00016093078519303905 0.00016010754145472019 -0.00023655581217234931 -0.00021042708740367816 0.00034187528073572574 -0.00022125758987515408 5.2889567477064019e-05 -2.4060727356200186e-05 -0.0002292737602198611
leaf_weight=32 22 38 28 20 32 28 225 27 29
leaf_count=32 22 38 28 20 32 28 225 27 29
internal_value=0 -0.000535714 -0.00108911 -0.000416667 0.000185928 -0.000452756 0.000301147 -0.00014214 0.000412088
internal_weight=481 118 80 52 363 50 313 59 254
internal_count=481 118 80 52 363 50 313 59 254
cat_boundaries=0 1
cat_threshold=141625504
is_linear=0
shrinkage=0.01


Tree=883
num_leaves=9
num_cat=0
split_feature=37 62 6 12 43 74 3 3
split_gain=0.37148 0.230133 0.363018 0.24645 0.159147 0.142591 0.0444703 0.0319177
threshold=4.8499999045000015 40.809998990000004 0.41378135750000006 0.73448728600000013 6.3999999090000008 6.9078571460000004 0.39041135700000001 0.30306235700000006
decision_type=2 2 2 2 2 2 2 2
left_child=1 4 -3 7 5 -1 -7 -4
right_child=-2 2 3 -5 -6 6 -8 -9
leaf_value=-3.4468253646308687e-06 -0.00023859228996975267 -0.00027824407747407026 9.9813527965469373e-05 -0.0002091568856873527 -5.2543248998606051e-05 8.2242957182929044e-05 0.00064870820305332601 3.3816836314238757e-05
leaf_weight=21 23 28 20 20 35 246 20 60
leaf_count=21 23 28 20 20 35 246 20 60
internal_value=9.39215e-05 0.000161934 -0.000186335 7.93651e-05 0.000306691 0.000387422 0.000453523 0.000346535
internal_weight=473 450 128 100 322 287 266 80
internal_count=473 450 128 100 322 287 266 80
is_linear=0
shrinkage=0.01


Tree=884
num_leaves=10
num_cat=1
split_feature=5 5 16 94 4 93 32 9 2
split_gain=0.416932 0.398368 0.461111 0.225428 0.590609 0.77363 0.207334 0.130128 0.0158575
threshold=0.36283364250000005 0.31255097600000009 0.69003928600000008 0 0.36795921400000003 23.642177115000006 4.3785714595000007 0.54769005000000015 0.18773042850000002
decision_type=2 2 2 1 2 8 2 2 2
left_child=1 8 7 4 5 -2 -5 -3 -1
right_child=3 2 -4 6 -6 -7 -8 -9 -10
leaf_value=0.00014449360792486397 -0.00049017611184938115 -3.885066118169623e-06 0.00077671651030782746 6.2368414077360599e-05 8.8328924168636772e-05 3.0017070127191337e-05 -1.4123296296508601e-05 -0.00029199235198219527 1.551404550243871e-06
leaf_weight=21 24 20 24 211 62 29 34 20 20
leaf_count=21 24 20 24 211 62 29 34 20 20
internal_value=2.25419e-05 -0.000524575 -0.00101852 0.00018847 -0.000162957 -0.000957249 0.000353792 -0.00166667 0.000203349
internal_weight=465 105 64 360 115 53 245 40 41
internal_count=465 105 64 360 115 53 245 40 41
cat_boundaries=0 1
cat_threshold=136380994
is_linear=0
shrinkage=0.01


Tree=885
num_leaves=12
num_cat=0
split_feature=6 1 51 3 4 46 11 3 24 1 1
split_gain=0.431112 0.401859 0.279893 0.196001 0.544969 0.164991 0.360966 0.120361 0.0908624 0.0416705 0.0253349
threshold=0.45194978550000003 0.25769163100000009 0.35000000900000006 0.26909442850000004 0.27562860700000008 5.2000001075000002 0.70874671450000004 0.30438690500000004 2.1714286080000007 0.20030842850000002 0.26315150000000004
decision_type=2 2 2 2 2 2 2 2 2 2 2
left_child=1 3 -3 4 8 9 10 -5 -1 -2 -7
right_child=5 2 -4 7 -6 6 -8 -9 -10 -11 -12
leaf_value=-0.00024576132082990913 0.00010201376498664662 -0.00027342166000675534 -3.4003285278821507e-05 0.00086816316464320351 -0.00014892301350526277 5.5007628945870845e-05 -0.00038152888318910687 -3.0684224402100661e-05 9.983936006934598e-05 5.5750040896949103e-05 0.00061283183518466382
leaf_weight=20 20 23 23 61 27 20 22 20 34 156 38
leaf_count=20 20 23 23 61 27 20 22 20 34 156 38
internal_value=-1.29088e-05 -0.000354406 -0.00117521 -0.000104423 -0.000458435 0.000257009 -9.90099e-05 0.000226161 9.12409e-05 0.000429864 0.000289116
internal_weight=464 208 46 162 81 256 80 81 54 176 58
internal_count=464 208 46 162 81 256 80 81 54 176 58
is_linear=0
shrinkage=0.01


Tree=886
num_leaves=10
num_cat=1
split_feature=94 33 69 46 17 17 56 83 0
split_gain=0.380683 0.51224 0.419082 0.161095 0.198086 0.661533 0.214031 0.609194 0.0257349
threshold=0 5.9999998980000013 79.730000500000003 2.7499999590000006 0.69173770400000012 0.67827464300000007 0.4250001905000001 8.7850000520000027 0.22090962500000003
decision_type=1 2 2 2 2 2 2 2 2
left_child=1 2 -1 -2 5 6 7 -5 -4
right_child=3 -3 8 4 -6 -7 -8 -9 -10
leaf_value=-0.00017010479469615171 1.6169424767761252e-05 -0.00027501607563407994 9.3895337928909093e-05 -8.5447751555477788e-05 0.0015187854018876091 -0.00032984906253047278 0.00012668151923179866 9.9145832124187786e-06 0.0058181264093749531
leaf_weight=20 117 25 39 21 73 20 73 69 20
leaf_count=20 117 25 39 21 73 20 73 69 20
internal_value=1.3604e-05 -0.000487805 -0.000106516 0.000168056 2.33645e-05 -0.000144178 5.79976e-05 -0.000253304 0.000292642
internal_weight=477 104 79 373 256 183 163 90 59
internal_count=477 104 79 373 256 183 163 90 59
cat_boundaries=0 1
cat_threshold=3147393
is_linear=0
shrinkage=0.01


Tree=887
num_leaves=8
num_cat=1
split_feature=94 11 11 2 7 46 3
split_gain=0.417284 0.284903 0.423388 0.143714 0.226423 0.0443218 0.0296969
threshold=0 0.58686866650000014 0.70326192850000002 0.32078395250000008 0.57403542850000011 8.8500000315000005 0.30731476200000007
decision_type=1 2 2 2 2 2 2
left_child=1 -1 6 5 -5 -2 -3
right_child=3 2 -4 4 -6 -7 -8
leaf_value=-0.00038231889546368582 1.8294779133688181e-05 7.1934478494539977e-05 -0.002438380650701922 -5.6995427717224864e-05 3.1950293463790185e-05 0.00023137633436535614 4.3462431787469174e-05
leaf_weight=36 239 20 21 32 40 20 51
leaf_count=36 239 20 21 32 40 20 51
internal_value=0.000146803 -0.000317003 -2.15517e-05 0.000332066 -2.74725e-05 0.000452271 0.000327298
internal_weight=459 128 92 331 72 259 71
internal_count=459 128 92 331 72 259 71
cat_boundaries=0 1
cat_threshold=10486914
is_linear=0
shrinkage=0.01


Tree=888
num_leaves=9
num_cat=0
split_feature=33 92 46 26 93 40 12 27
split_gain=0.415753 0.218381 0.208279 0.0955803 0.19982 0.0624158 0.0710918 0.00410847
threshold=4.9357142785000017 17.039911375000006 8.8500000315000005 4.1785714625000008 25.572599765000003 0.50000000350000018 0.6461100715000001 3.7857142350000004
decision_type=2 10 2 2 8 2 2 2
left_child=-1 -2 3 5 -5 6 -3 -7
right_child=1 2 -4 4 -6 7 -8 -9
leaf_value=-0.00023931886330752025 -0.00023396404953970681 -5.8347560599373703e-06 -0.00029251603472552962 -0.0002351462034346957 0.0025649209293452592 0.00011397936805497518 0.00087976452950727288 8.9332693613503521e-06
leaf_weight=22 37 20 26 21 32 48 24 223
leaf_count=22 37 20 26 21 32 48 24 223
internal_value=0.000120097 0.000193377 0.000265957 0.000330803 -2.7881e-05 0.000397403 1.23068e-11 0.000454378
internal_weight=453 431 394 368 53 315 44 271
internal_count=453 431 394 368 53 315 44 271
is_linear=0
shrinkage=0.01


Tree=889
num_leaves=10
num_cat=0
split_feature=29 10 6 81 27 67 75 0 0
split_gain=0.320006 0.276921 0.43154 0.21048 0.262825 0.143219 0.0431374 0.02997 0.0261223
threshold=2.2500000000000004 0.59242735700000015 0.43842175000000005 13.868571620000003 4.0785714385000009 70.145000935000013 5.2407142730000009 0.26465027750000009 0.13379374000000002
decision_type=2 2 2 2 2 2 2 2 2
left_child=1 7 -3 8 -5 6 -2 -1 -4
right_child=5 2 3 4 -6 -7 -8 -9 -10
leaf_value=0.0011140912212412675 0.00061901248866550785 -0.00040891729107709387 9.7126997086775743e-06 -0.00027884049226709659 1.7915919035299066e-05 -0.00013416904426304661 3.5233148850654472e-05 -6.245242352768949e-07 0.001301620433343626
leaf_weight=52 20 36 20 27 28 20 194 20 40
leaf_count=52 20 36 20 27 28 20 194 20 40
internal_value=0.000101573 -0.000163092 -0.000411726 -9.06736e-05 -0.000546595 0.00036201 0.000442272 0.00032967 0.000296053
internal_weight=457 223 151 115 55 234 214 72 60
internal_count=457 223 151 115 55 234 214 72 60
is_linear=0
shrinkage=0.01


Tree=890
num_leaves=10
num_cat=0
split_feature=52 86 81 6 8 93 46 46 12
split_gain=0.696929 0.284514 0.825432 0.185142 0.241379 0.32476 0.400553 0.0587725 0.110099
threshold=0.35000000900000006 19.330714360000005 13.654999870000003 0.43842175000000005 0.51505621450000005 23.642177115000006 2.7499999590000006 5.2000001075000002 0.71071016700000011
decision_type=2 2 2 2 2 8 2 2 2
left_child=-1 3 -3 4 -2 -6 -7 -5 -9
right_child=1 2 -4 7 5 6 -8 8 -10
leaf_value=-1.2343807957015682e-05 0.00046599253916459283 -0.00023058125274967513 7.4054215521749154e-06 0.00026857498294530566 0.00039807535468635663 9.6033346704035424e-08 -0.00085312509502332421 8.612419602144497e-05 -9.6569131106053629e-05
leaf_weight=20 49 37 41 137 30 36 32 45 36
leaf_count=20 49 37 41 137 30 36 32 45 36
internal_value=-3.55757e-05 4.39387e-05 -0.000494924 0.000165391 -9.81055e-05 -0.000394737 -0.000784884 0.00035192 0.000103912
internal_weight=463 443 78 365 147 98 68 218 81
internal_count=463 443 78 365 147 98 68 218 81
is_linear=0
shrinkage=0.01


Tree=891
num_leaves=10
num_cat=0
split_feature=79 78 63 0 18 7 43 43 3
split_gain=0.336352 0.224267 0.371663 0.722703 0.202589 0.204928 0.195963 0.116795 0.0275573
threshold=3.8435713475000006 6.6578571370000006 30.565000535000003 0.13817531250000004 69.715000000000018 0.52262700000000006 6.5500000270000003 5.8999999800000014 0.23463750000000003
decision_type=2 2 2 2 2 2 2 2 2
left_child=-1 6 3 4 8 -6 -2 -4 -3
right_child=1 2 7 -5 5 -7 -8 -9 -10
leaf_value=-1.1328219697405571e-05 0.0015869551983777707 -1.634969845672221e-05 2.5668331950994049e-05 -0.00052698049193334099 -2.0566486522149119e-05 1.6586390225109614e-06 -0.0008777763154222502 -1.2094235249387446e-05 6.2984102718982915e-05
leaf_weight=32 159 20 90 35 21 24 34 23 44
leaf_count=32 159 20 90 35 21 24 34 23 44
internal_value=0 7.32032e-05 -0.00011443 -0.000455801 -3.18761e-05 -0.000556769 0.000332817 0.000303163 0.000308642
internal_weight=482 450 257 144 109 45 193 113 64
internal_count=482 450 257 144 109 45 193 113 64
is_linear=0
shrinkage=0.01


Tree=892
num_leaves=10
num_cat=0
split_feature=63 63 41 41 40 17 76 69 1
split_gain=0.226529 0.461947 0.415259 0.385656 0.292376 0.823359 0.287056 0.257169 0.14561
threshold=30.429999830000003 30.005001545000002 11.600000050000002 10.450000115000002 6.499999851000001 0.72302271450000011 6.3278571880000003 77.39500046000002 0.31474792850000005
decision_type=2 2 2 2 2 2 2 2 2
left_child=1 2 3 4 6 -6 -1 -4 -2
right_child=8 -3 7 -5 5 -7 -8 -9 -10
leaf_value=0.00078593487854274058 1.1855336746315099e-05 -0.00046610746978149778 -0.00022712862308016811 -0.00032392710451376538 -0.00026129018094349138 0.0031294669529003151 -0.00078237330559940391 9.355433930104442e-05 -6.8069991760317237e-06
leaf_weight=67 120 24 26 22 20 22 20 142 20
leaf_count=67 120 24 26 22 20 22 20 142 20
internal_value=0 -0.000135253 -2.65791e-05 -0.000411726 -0.000181048 -0.000864486 0.00013098 0.000308057 0.000340909
internal_weight=483 343 319 151 129 42 87 168 140
internal_count=483 343 319 151 129 42 87 168 140
is_linear=0
shrinkage=0.01


Tree=893
num_leaves=10
num_cat=1
split_feature=94 33 43 0 1 89 93 25 0
split_gain=0.576171 0.522572 0.427128 0.233763 0.254672 0.16676 0.0782742 0.044365 0.0231242
threshold=0 5.9500000135000013 5.3500001430000008 0.27026441650000005 0.28960922650000004 15.792143005000002 16.770745340000001 2.4857142820000004 0.100386875
decision_type=1 2 2 2 2 2 10 2 2
left_child=1 2 8 5 -5 -2 -6 -7 -1
right_child=3 -3 -4 4 6 7 -8 -9 -10
leaf_value=7.7982129903737018e-05 -2.6872506248501537e-05 -0.00030514612637641894 -0.00024704635744309591 -0.00036425421568939869 -6.2606742742478576e-06 9.4621808739691848e-05 5.1291830693024364e-05 1.682110436084847e-06 0.00047039551119922528
leaf_weight=20 39 23 27 23 22 241 33 20 33
leaf_count=20 39 23 27 23 22 241 33 20 33
internal_value=3.83977e-05 -0.000584359 -0.000222772 0.000223765 -0.000241117 0.000359043 9.85663e-05 0.000452636 0.000269517
internal_weight=481 103 80 378 78 300 55 261 53
internal_count=481 103 80 378 78 300 55 261 53
cat_boundaries=0 1
cat_threshold=36766400
is_linear=0
shrinkage=0.01


Tree=894
num_leaves=11
num_cat=0
split_feature=2 91 14 86 10 6 18 22 6 61
split_gain=0.338353 0.800136 0.309225 0.24161 0.290134 0.179427 0.382078 0.0612728 0.0710918 0.0442999
threshold=0.20173676200000004 79.795722920000017 0.59722592850000011 19.425000055000002 0.67981657150000008 0.39868921400000007 31.965000000000003 1.9285714375000003 0.46796735700000008 2.3349995615000005
decision_type=2 2 2 2 2 2 2 2 2 2
left_child=1 -1 -2 5 -5 6 -4 9 -9 -7
right_child=2 -3 3 4 -6 7 -8 8 -10 -11
leaf_value=9.9818196193629524e-05 -3.0834089375280421e-05 -0.00023350385806055157 -0.00033407013304106883 2.4008194195239263e-05 -0.0003088974728610642 0.00040908779653310644 0.0010160978608392871 -1.1643550809170946e-06 0.00025893237368426134 5.5440853058707824e-06
leaf_weight=24 27 21 21 32 20 238 32 20 24 20
leaf_count=24 27 21 21 32 20 238 32 20 24 20
internal_value=3.64735e-05 -0.000775109 0.000126495 0.000199853 -0.000416667 0.000296515 -0.000213755 0.000392999 1.23068e-11 0.000452087
internal_weight=479 45 434 407 52 355 53 302 44 258
internal_count=479 45 434 407 52 355 53 302 44 258
is_linear=0
shrinkage=0.01


Tree=895
num_leaves=12
num_cat=1
split_feature=52 94 91 23 18 50 69 12 0 0 0
split_gain=0.518353 0.34786 0.551627 0.179727 0.360103 0.13277 0.114709 0.0408643 0.0983101 0.0231242 0.0173123
threshold=0.45000000300000004 0 95.953702695000018 1.6142857115000002 63.630000000000003 14.849999900000002 77.39500046000002 0.62844966650000011 0.16146656950000002 0.17280683350000001 0.24670375000000003
decision_type=2 1 2 2 2 2 2 2 2 2 2
left_child=-1 2 -2 4 -3 7 -4 8 -5 -8 -7
right_child=1 3 6 5 -6 10 9 -9 -10 -11 -12
leaf_value=-1.5397645430698794e-05 -0.00039869572472526766 0.00028930102613893742 -3.7127124617196289e-06 0.0001395680833443865 -0.00051555664279072041 1.5852720878497819e-05 3.5256644640500786e-05 5.7523069749999665e-05 -3.7160000703654078e-05 5.7812871383372015e-05 -0.00013986372321561351
leaf_weight=24 33 24 27 39 20 21 33 175 20 20 20
leaf_count=24 33 24 27 39 20 21 33 175 20 20 20
internal_value=-4.37828e-05 3.23475e-05 -0.000415994 0.00020467 -0.000357143 0.000310007 0 0.0004046 0.000125418 0.000269517 -0.000179426
internal_weight=456 432 113 319 44 275 80 234 59 53 41
internal_count=456 432 113 319 44 275 80 234 59 53 41
cat_boundaries=0 1
cat_threshold=707791040
is_linear=0
shrinkage=0.01


Tree=896
num_leaves=10
num_cat=1
split_feature=33 94 14 14 16 43 54 71 92
split_gain=0.572172 0.465257 0.447897 0.435967 0.545341 0.116422 0.150662 0.129256 0.26165
threshold=4.9357142785000017 0 0.60785904750000008 0.6933450240000002 0.70134283350000015 2.2500000000000004 0.35000000500000006 51.014999865000007 26.400175465
decision_type=2 1 2 2 2 2 2 2 10
left_child=-1 2 -2 -4 -5 7 -7 8 -3
right_child=1 5 3 4 -6 6 -8 -9 -10
leaf_value=-0.00025764273439852131 -5.1098299168911321e-05 -8.86679131315159e-05 0.0012129450133150218 -0.0011250072066188784 2.9718749314540377e-06 -1.0743999084005807e-05 0.00052156607596850742 9.6290412894914559e-06 6.7292422527490635e-05
leaf_weight=23 20 34 50 23 27 21 197 37 25
leaf_count=23 20 34 50 23 27 21 197 37 25
internal_value=-2.07514e-05 5.74977e-05 -0.000443425 -0.000178571 -0.000846457 0.0002617 0.000397623 0 -0.000309365
internal_weight=457 434 120 100 50 314 218 96 59
internal_count=457 434 120 100 50 314 218 96 59
cat_boundaries=0 1
cat_threshold=571540620
is_linear=0
shrinkage=0.01


Tree=897
num_leaves=10
num_cat=0
split_feature=33 33 69 3 79 76 21 92 3
split_gain=0.433707 0.456145 0.61707 0.313952 0.308552 0.0929963 0.0385375 0.0446112 0.0192946
threshold=4.9357142785000017 5.9714285645000009 90.294999120000014 0.29537585750000006 3.8435713475000006 5.2449999945000014 1.9714285735000001 18.426978845000004 0.32298254800000009
decision_type=2 2 2 2 2 2 2 8 2
left_child=-1 4 3 -3 -2 -6 7 -7 -4
right_child=1 2 8 -5 5 6 -8 -9 -10
leaf_value=-0.00022537734237067209 -1.116742847825347e-05 -0.00033454274278302704 3.5512193334478116e-06 -1.619514255523969e-05 3.4398928330826472e-06 -1.278997140408802e-05 -8.7956322014980879e-06 0.00080649323305785592 -0.00011704894841619093
leaf_weight=29 20 20 26 20 29 20 20 253 20
leaf_count=29 20 20 26 20 29 20 20 253 20
internal_value=3.6042e-05 0.000121269 -0.000518433 -0.00142157 0.000288798 0.000368649 0.000423758 0.000454711 0.000235043
internal_weight=457 428 86 40 342 322 293 273 46
internal_count=457 428 86 40 342 322 293 273 46
is_linear=0
shrinkage=0.01


Tree=898
num_leaves=10
num_cat=0
split_feature=17 20 18 51 14 48 20 35 48
split_gain=0.413869 0.497481 0.481315 0.648837 0.329845 0.202139 0.15899 0.133884 0.124471
threshold=0.64776278600000003 2.1999999970000004 32.400000000000006 0.25000000350000007 0.71111892850000002 17.899999905000005 2.5642856870000004 3.2785713675000001 14.349999905000002
decision_type=2 2 2 2 2 2 2 2 2
left_child=1 8 3 -3 5 -4 7 -2 -1
right_child=6 2 4 -5 -6 -7 -8 -9 -10
leaf_value=-2.2884540682472341e-06 -0.00012354775528369778 -4.0716394718194376e-05 0.00033857585857630118 -0.00041349692199530851 -0.00025435885147659306 -2.3013931501514159e-05 -9.3423995780589038e-05 0.0019847270480316342 1.2283553448000263e-05
leaf_weight=20 23 24 49 24 28 24 33 164 67
leaf_count=20 23 24 49 24 28 24 33 164 67
internal_value=-4.37828e-05 -0.000337838 -0.000690921 -0.00151639 -0.000270138 6.09756e-05 0.000262681 0.000380724 0.000244875
internal_weight=456 236 149 48 101 73 220 187 87
internal_count=456 236 149 48 101 73 220 187 87
is_linear=0
shrinkage=0.01


Tree=899
num_leaves=9
num_cat=0
split_feature=1 18 18 20 32 38 66 42
split_gain=0.217701 0.24589 0.55441 0.444664 0.196115 0.114318 0.0992314 0.0701934
threshold=0.32582951800000004 31.680000000000003 23.080000000000002 2.3428570880000006 4.4857142140000006 1.5500000120000001 22.315001010000003 12.700000025000003
decision_type=2 2 2 2 2 2 2 2
left_child=1 2 3 -1 5 6 7 -3
right_child=-2 4 -4 -5 -6 -7 -8 -9
leaf_value=2.7526458295981863e-05 -1.5699526838818437e-05 9.3605411502412612e-05 -0.0003226285437078816 -4.1100402646611294e-05 -0.00017381142955020696 -0.00035033691411410746 -2.070866688544152e-06 7.6083215022754142e-05
leaf_weight=69 28 205 28 23 25 20 26 44
leaf_count=69 28 205 28 23 25 20 26 44
internal_value=4.26622e-06 6.35209e-05 -0.00031457 4.31035e-05 0.00021197 0.000289047 0.000346265 0.000410328
internal_weight=468 440 120 92 320 295 275 249
internal_count=468 440 120 92 320 295 275 249
is_linear=0
shrinkage=0.01


Tree=900
num_leaves=10
num_cat=1
split_feature=52 94 52 53 73 93 25 93 0
split_gain=0.689734 0.523833 0.424684 0.380374 0.0967026 0.284499 0.122446 0.0441188 0.0244948
threshold=0.35000000900000006 0 4.799999982000001 1.1000000165000003 -2.5478570914999996 26.012883985000006 2.4857142565000001 28.601284495000005 0.11422
decision_type=2 1 2 2 2 8 2 10 2
left_child=-1 2 3 -2 5 -3 7 -6 -5
right_child=1 4 -4 8 6 -7 -8 -9 -10
leaf_value=-2.5106717011304303e-05 -0.00016240039677034717 -1.414809003500364e-05 -0.00023059717809683191 1.3356711508511341e-05 0.00016784655371796333 4.4872952237684354e-06 -0.00041724925719421191 -8.160224358340488e-05 0.00026883328917018851
leaf_weight=21 21 29 27 20 230 48 24 20 36
leaf_count=21 21 29 27 20 230 48 24 20 36
internal_value=1.25839e-05 9.98245e-05 -0.000487805 -0.000122108 0.00028607 0 0.000382096 0.000450558 0.00028169
internal_weight=476 455 104 77 351 77 274 250 56
internal_count=476 455 104 77 351 77 274 250 56
cat_boundaries=0 1
cat_threshold=570428545
is_linear=0
shrinkage=0.01


Tree=901
num_leaves=9
num_cat=1
split_feature=62 18 94 64 0 32 42 0
split_gain=0.752505 0.666975 0.286134 0.400158 0.589912 0.0795283 0.039121 0.0285266
threshold=34.944999695000007 57.185000000000009 0 31.384999750000002 0.19250341700000004 4.4857142140000006 14.049999980000001 0.2660955805000001
decision_type=2 2 1 2 2 2 2 2
left_child=1 -1 3 4 -2 6 -4 -5
right_child=2 -3 5 7 -6 -7 -8 -9
leaf_value=-0.00031493650286189083 3.9552210179190509e-05 0.00013107129344228281 0.00013174831429149764 1.3252457548493059e-05 -0.00033696166915582346 4.4695056496976691e-05 0.00013561086969158254 0.002878530345576889
leaf_weight=24 38 24 228 47 22 36 22 20
leaf_count=24 38 24 228 47 22 36 22 20
internal_value=6.1715e-05 -0.00110656 0.000204205 -0.000177794 -0.000789474 0.000373989 0.000450558 0.000317109
internal_weight=461 48 413 127 60 286 250 67
internal_count=461 48 413 127 60 286 250 67
cat_boundaries=0 1
cat_threshold=136382082
is_linear=0
shrinkage=0.01


Tree=902
num_leaves=10
num_cat=0
split_feature=50 5 50 56 54 92 34 26 5
split_gain=0.427033 0.590652 0.577247 0.292556 0.845534 0.260952 0.349087 0.25576 0.0199046
threshold=13.849999955000003 0.43033850000000007 17.450000585000002 0.095000267000000013 0.70000001400000011 26.000940735000004 3.3714285920000004 3.9714285480000004 0.46827282100000006
decision_type=2 2 2 2 2 8 2 2 2
left_child=3 2 -2 -1 -5 6 -6 -8 -3
right_child=1 8 -4 4 5 -7 7 -9 -10
leaf_value=5.0056399219746192e-05 -0.00034486618936726941 -0.00029407010683939536 4.2687541367741036e-06 -0.00031332892255158366 -0.00018327262359674228 0.002008758034055425 -0.00035026161968584586 0.00059957227259558037 0.0012766567737510833
leaf_weight=130 39 20 31 24 28 97 21 57 27
leaf_count=130 39 20 31 24 28 97 21 57 27
internal_value=-6.52906e-05 -0.000589983 -0.00117232 0.000102012 -0.00010755 9.56821e-05 -0.000234082 8.88325e-05 0.000240586
internal_weight=474 117 70 357 227 203 106 78 47
internal_count=474 117 70 357 227 203 106 78 47
is_linear=0
shrinkage=0.01


Tree=903
num_leaves=10
num_cat=1
split_feature=94 42 91 0 25 16 14 0 0
split_gain=0.866063 0.424062 0.525786 0.212616 0.246134 0.240862 0.606499 0.0436928 0.0166011
threshold=0 10.499999970000003 111.25171990000001 0.068555750000000013 2.2000000095000005 0.70662519050000017 0.6953796430000001 0.27330042700000007 0.12610350000000001
decision_type=1 2 2 2 2 2 2 2 2
left_child=1 2 -1 -2 5 6 8 -6 -5
right_child=3 -3 -4 4 7 -7 -8 -9 -10
leaf_value=-5.6115183217488077e-05 -2.974320813370236e-06 4.1438214867754039e-06 -6.2504480399024829e-06 1.3318884441508621e-05 2.0074128072460567e-05 0.0023866179263139155 -0.0015777450211732675 0.0015926179576139807 9.8245887923344299e-05
leaf_weight=36 37 38 33 20 213 43 26 20 22
leaf_count=36 37 38 33 20 213 43 26 20 22
internal_value=-4.90998e-05 -0.000802207 -0.00133954 0.000174834 0.000261021 -0.000111807 -0.000494186 0.000446963 0.00021028
internal_weight=488 107 69 381 344 111 68 233 42
internal_count=488 107 69 381 344 111 68 233 42
cat_boundaries=0 1
cat_threshold=134219432
is_linear=0
shrinkage=0.01


Tree=904
num_leaves=11
num_cat=1
split_feature=94 91 11 25 25 11 17 1 62 41
split_gain=0.617694 0.818421 0.76267 0.434919 0.223156 0.560675 0.407534 0.241892 0.202157 0.0386138
threshold=0 97.036986940000006 0.65108085700000007 1.8857142885000002 2.2000000095000005 0.65689907150000015 0.68431400000000009 0.14795371450000003 34.944999695000007 4.150000050500001
decision_type=1 2 2 2 2 2 2 2 2 2
left_child=1 2 -1 -3 5 -2 -7 -6 -9 -10
right_child=4 3 -4 -5 7 6 -8 8 9 -11
leaf_value=-0.00051621397334837267 0.00019454637597207225 -0.00015361721384876987 -1.8401758836086834e-05 0.00024302554786403101 -8.4205629858347961e-06 -0.0012926723021390656 0.0035855394211433689 -0.00016799324796947906 3.7046669563155744e-05 0.00012122300510985219
leaf_weight=20 47 21 20 45 23 29 21 32 22 208
leaf_count=20 47 21 20 45 23 29 21 32 22 208
internal_value=-9.00164e-05 -0.00072774 -0.00191176 -7.48503e-05 9.92872e-05 -0.000301636 -0.00104331 0.000246676 0.000338661 0.000446274
internal_weight=488 106 40 66 382 97 50 285 262 230
internal_count=488 106 40 66 382 97 50 285 262 230
cat_boundaries=0 1
cat_threshold=169870976
is_linear=0
shrinkage=0.01


Tree=905
num_leaves=11
num_cat=0
split_feature=0 62 7 0 10 74 62 45 23 1
split_gain=0.597523 0.456884 0.856325 0.435162 0.700296 0.19982 0.190718 0.110291 0.0415276 0.0366378
threshold=0.12610350000000001 40.60999918000001 0.5852201425000001 0.2660955805000001 0.62466898800000015 8.1492857590000014 34.889999865000007 1.2500000000000002 1.8428571435000001 0.22958078600000001
decision_type=2 2 2 2 2 2 2 2 2 2
left_child=7 3 -3 6 -5 -6 -2 8 -1 -8
right_child=1 2 -4 4 5 -7 9 -9 -10 -11
leaf_value=1.6308176310653567e-05 -2.4276143014441113e-05 -0.00053096574439601889 2.7715885808470565e-05 -0.00039439105354727356 0.0021394174115917496 -0.00031285300462735767 2.1567555104109528e-05 0.00016346230686338948 5.5429681586785177e-07 0.00033258624685428447
leaf_weight=153 27 37 30 26 32 21 20 24 20 89
leaf_count=153 27 37 30 26 32 21 20 24 20 89
internal_value=-8.02418e-05 -0.000378359 -0.00109882 -0.000141335 -0.000733083 -2.7881e-05 0.000190058 0.000336198 0.000428654 0.000387067
internal_weight=479 282 67 215 79 53 136 197 173 109
internal_count=479 282 67 215 79 53 136 197 173 109
is_linear=0
shrinkage=0.01


Tree=906
num_leaves=12
num_cat=2
split_feature=94 91 74 62 94 12 2 48 24 65 2
split_gain=0.520405 0.777709 0.901418 0.397946 0.168087 0.49535 0.121882 0.117272 0.0472831 0.0834448 0.0173151
threshold=0 93.13407500000001 7.2892856260000007 34.810000895000009 1 0.71071016700000011 0.20173676200000004 14.349999905000002 1.9571428465000003 3.3600006100000006 0.29608450000000003
decision_type=1 2 2 2 1 2 2 2 2 2 2
left_child=1 2 -1 -2 5 7 -6 -5 -8 -10 -3
right_child=3 10 -4 4 6 -7 8 -9 9 -11 -12
leaf_value=-1.420836175495628e-06 -0.00014215922606622544 0.00028530426988891114 -0.00035037975941307328 -6.0864806405792597e-05 -9.3789877433747515e-06 -0.00028861941655164642 0.0016769069549409333 8.4114570235768806e-06 -5.6361790040285187e-06 2.3546903847499725e-05 0.00025930945864349389
leaf_weight=33 22 23 25 20 21 25 167 57 21 33 20
leaf_count=33 22 23 25 20 21 25 167 57 21 33 20
internal_value=-9.51261e-05 -0.000693202 -0.00151361 8.22718e-05 0.000174014 -0.000150709 0.0003125 0.000212082 0.000399008 9.12409e-05 0.000216895
internal_weight=467 101 58 366 344 102 242 77 221 54 43
internal_count=467 101 58 366 344 102 242 77 221 54 43
cat_boundaries=0 1 2
cat_threshold=538968709 34670658
is_linear=0
shrinkage=0.01


Tree=907
num_leaves=11
num_cat=0
split_feature=53 13 68 84 20 26 53 15 0 0
split_gain=0.667881 0.493585 0.197414 0.712624 0.218972 0.237476 0.385285 0.0977648 0.04385 0.0244948
threshold=0.94999999950000003 0.69460232500000008 65.585000040000011 13.104285650000003 2.6071428400000003 3.9571428810000007 3.3500000200000004 0.69731790450000009 0.066451479500000007 0.10975664550000001
decision_type=2 2 2 2 2 2 2 2 2 2
left_child=1 -1 4 -4 5 6 7 -2 -7 -5
right_child=2 -3 3 9 -6 8 -8 -9 -10 -11
leaf_value=-1.4405254363725309e-05 3.1877269513053117e-05 -0.00043781321687770672 -0.00028116432747464916 2.7266801675417154e-05 -0.00027630684899153184 0.00033838412865687341 -0.00036220277904388225 -0.00031754680627946175 7.3722865190444404e-05 6.2535980330908855e-06
leaf_weight=27 49 20 26 20 23 20 20 22 219 36
leaf_count=27 49 20 26 20 23 20 20 22 219 36
internal_value=-1.44987e-05 -0.00114017 0.000104406 -0.000326087 0.000210571 0.000281137 -0.000136166 0.000188022 0.00044829 0.00028169
internal_weight=482 47 435 82 353 330 91 71 239 56
internal_count=482 47 435 82 353 330 91 71 239 56
is_linear=0
shrinkage=0.01


Tree=908
num_leaves=9
num_cat=0
split_feature=84 17 13 10 10 1 93 6
split_gain=0.399821 0.234157 0.295365 0.25775 0.536133 0.109019 0.0655927 0.0639114
threshold=8.9257142200000015 0.66047564300000017 0.73785137500000009 0.59993107150000013 0.5781122860000002 0.22189266650000003 20.753460205000003 0.51259321400000013
decision_type=2 2 2 2 2 2 10 2
left_child=-1 2 3 4 5 -2 -5 -8
right_child=1 -3 -4 6 -6 -7 7 -9
leaf_value=-0.00021511941794136587 0.00013263315740831501 0.0021082877033083004 -0.00032305007692020937 9.0718734494709284e-06 -0.00025779864762476095 -3.7504904333667784e-05 0.0002222491881965407 -9.9396643134266415e-06
leaf_weight=32 48 149 24 113 30 20 21 20
leaf_count=32 48 149 24 113 30 20 21 20
internal_value=7.97292e-05 0.000165571 0 9.49367e-05 -0.000293522 0.000174419 0.000355297 0
internal_weight=457 425 276 252 98 68 154 41
internal_count=457 425 276 252 98 68 154 41
is_linear=0
shrinkage=0.01


Tree=909
num_leaves=10
num_cat=1
split_feature=62 19 94 46 23 62 70 27 1
split_gain=0.656171 0.542986 0.438026 0.439686 0.602554 0.0952077 0.0809077 0.0444286 0.0210574
threshold=34.825000765000006 1.0571428580000004 0 3.7500000300000003 1.8285714430000002 41.785000325000006 42.670000555000009 4.1785714285000006 0.26094537500000009
decision_type=2 2 1 2 2 2 2 2 2
left_child=1 -1 3 8 -5 6 -4 -8 -2
right_child=2 -3 5 4 -6 -7 7 -9 -10
leaf_value=-0.00037279304610451187 8.0669224741030574e-06 9.3963010332955745e-05 -3.6917397354754163e-06 -0.00019518489397490381 4.0885904144320664e-05 -0.00027976384842039214 6.967890201590696e-05 1.6629825410588507e-06 -3.9097469915654901e-07
leaf_weight=20 29 20 36 25 33 26 244 20 20
leaf_count=20 29 20 36 25 33 26 244 20 20
internal_value=3.06036e-05 -0.00117647 0.000148686 -0.000377759 -0.0010034 0.000329572 0.000392287 0.000453172 0.000251004
internal_weight=473 40 433 107 58 326 300 264 49
internal_count=473 40 433 107 58 326 300 264 49
cat_boundaries=0 1
cat_threshold=168889024
is_linear=0
shrinkage=0.01


Tree=910
num_leaves=11
num_cat=0
split_feature=79 23 18 1 16 46 1 50 7 33
split_gain=0.681123 0.321148 0.57986 0.342526 0.281265 0.180253 0.240264 0.0922237 0.0804512 0.123037
threshold=3.6778571140000005 1.8714285535000001 53.785000000000004 0.25037785700000004 0.49660935750000007 6.1999998575000008 0.26634871450000003 13.400000145000002 0.48693454800000008 5.6071429255000007
decision_type=2 2 2 2 2 2 2 2 2 2
left_child=-1 4 3 -3 -2 8 -7 -4 9 -6
right_child=1 2 7 -5 5 6 -8 -9 -10 -11
leaf_value=-3.027475347549825e-05 -1.4425365549538291e-05 -3.7556949383275057e-06 0.00067030323446016051 -0.00036553223900530118 -0.00013127699866715122 0.0027550628733950039 -8.9023509819385877e-05 -1.2342384389141043e-06 6.4764286335625815e-05 1.6842254474362175e-05
leaf_weight=20 31 21 39 20 32 24 26 21 188 41
leaf_count=20 31 21 39 20 32 24 26 21 188 41
internal_value=-5.71367e-05 2.14061e-05 -0.000466601 -0.0013756 0.000172112 0.0002678 -0.000255905 0.000131579 0.000376241 6.09756e-05
internal_weight=463 443 101 41 342 311 50 60 261 73
internal_count=463 443 101 41 342 311 50 60 261 73
is_linear=0
shrinkage=0.01


Tree=911
num_leaves=12
num_cat=0
split_feature=20 42 80 91 91 0 14 5 23 17 53
split_gain=0.633345 0.482364 0.361428 0.190525 0.31347 0.087495 0.080132 0.202491 0.11324 0.208868 0.0427332
threshold=2.5499999865000005 9.8000000005000008 14.975000110000002 80.639652165000015 73.069060915000009 0.096013500000000015 0.62376642850000008 0.37450614250000008 1.6142857115000002 0.68374750000000006 7.1999998685000017
decision_type=2 2 2 2 2 2 2 2 2 2 2
left_child=2 -2 -1 4 5 -4 7 -5 9 -8 -10
right_child=1 -3 3 6 -6 -7 8 -9 10 -11 -12
leaf_value=-0.00016412170554361174 -0.0002568745733350785 0.00029111704131028242 0.00032247318113754045 0.00013014886001786895 -5.5789380344601733e-06 -7.7088698321255237e-05 -0.00053115325237535003 -2.6459965170043746e-05 1.755809080082071e-05 0.001578414019576978 5.4085034174371755e-05
leaf_weight=33 26 20 32 28 20 20 20 20 182 30 20
leaf_count=33 26 20 32 28 20 20 20 20 182 30 20
internal_value=-7.19345e-05 -0.00117521 5.05175e-05 0.00014485 -0.000302198 7.57576e-05 0.000259309 -8.19672e-05 0.000332278 -5.90551e-05 0.000438856
internal_weight=451 46 405 372 72 52 300 48 252 50 202
internal_count=451 46 405 372 72 52 300 48 252 50 202
is_linear=0
shrinkage=0.01


Tree=912
num_leaves=11
num_cat=0
split_feature=61 39 64 92 29 69 17 28 8 8
split_gain=0.481202 0.307849 0.45385 0.614439 0.899306 0.220256 0.700467 0.171423 0.120104 0.320223
threshold=1.0000000180025095e-35 5.9999999665000017 30.820000175000004 28.514820095000001 2.2642857175000004 77.39500046000002 0.70487876150000017 4.2857142605000007 0.58737814300000013 0.63340750000000001
decision_type=2 2 2 10 2 2 2 2 2 2
left_child=-1 2 3 4 -2 6 -3 -7 -4 -10
right_child=1 5 8 -5 -6 7 -8 -9 9 -11
leaf_value=-2.6254825363199515e-05 -0.00013023421452139423 -0.0012497011485023228 1.1774748918683856e-05 0.00078847248186642059 -2.3394048339069555e-06 0.00021300446682252384 0.0029197627339193235 -1.3266830965904176e-06 -0.00047880330106047037 1.3738071764543025e-05
leaf_weight=24 21 20 48 22 32 172 37 39 23 29
leaf_count=24 21 20 48 22 32 172 37 39 23 29
internal_value=-9.51261e-05 -1.46462e-05 -0.000344141 -0.000930079 -0.00151487 0.000193452 -0.00033737 0.000347026 7.93651e-05 -0.000227273
internal_weight=467 443 175 75 53 268 57 211 100 52
internal_count=467 443 175 75 53 268 57 211 100 52
is_linear=0
shrinkage=0.01


Tree=913
num_leaves=10
num_cat=0
split_feature=10 70 19 40 92 70 65 24 1
split_gain=0.641001 0.630334 0.731065 0.485902 0.339403 0.0692446 0.0666737 0.187533 0.033148
threshold=0.62512742850000014 51.775000095000003 0.93571428750000007 3.4000000655000004 25.164862530000004 42.354998590000008 2.1300001145000005 1.9642857145000001 0.30166985700000004
decision_type=2 2 2 2 8 2 2 2 2
left_child=1 2 3 -1 -4 -5 -2 -8 -9
right_child=6 -3 4 5 -6 -7 7 8 -10
leaf_value=-0.0001448144718051459 0.00070545642302341516 1.4615989403035514e-05 -0.0010866773728942609 -3.2205819416513943e-06 -3.1268892711502105e-05 0.0028997756894143167 -5.3850350220151295e-05 7.2625549362444026e-06 3.4034597931509293e-06
leaf_weight=32 136 55 24 27 22 42 25 66 20
leaf_count=32 136 55 24 27 22 42 25 66 20
internal_value=-7.78122e-06 -0.000428994 -0.000774696 -0.000270138 -0.00181624 0.000179083 0.000328894 0.000120751 0.000357143
internal_weight=449 202 147 101 46 69 247 111 86
internal_count=449 202 147 101 46 69 247 111 86
is_linear=0
shrinkage=0.01


Tree=914
num_leaves=9
num_cat=0
split_feature=62 27 93 46 53 69 64 9
split_gain=0.431303 0.184045 0.37707 0.340309 0.203559 0.151914 0.294559 0.031695
threshold=34.825000765000006 3.6928571125000005 26.012883985000006 3.5000000300000003 0.60000001650000001 87.484999660000014 32.099999425000007 0.68112849500000017
decision_type=2 2 8 2 2 2 2 2
left_child=-1 2 3 -2 -3 -6 -7 -8
right_child=1 4 -4 -5 5 6 7 -9
leaf_value=-0.00019733671435080341 0.00072190070912474605 -4.2140504546751072e-05 0.00052523442148120787 -0.0003746535380772631 0.00024339394938072161 -2.2852094731840957e-05 6.2940537719625163e-06 -0.00011372297931159825
leaf_weight=31 20 27 37 20 231 28 59 20
leaf_count=31 20 27 37 20 231 28 59 20
internal_value=9.39215e-05 0.00017841 -0.000250643 -0.000931373 0.00027474 0.000345336 1.39147e-05 0.000344612
internal_weight=473 442 77 40 365 338 107 79
internal_count=473 442 77 40 365 338 107 79
is_linear=0
shrinkage=0.01


Tree=915
num_leaves=10
num_cat=0
split_feature=79 46 15 12 13 50 23 50 52
split_gain=0.298005 0.360209 0.360805 0.422029 0.525729 0.327681 0.184671 0.0915446 0.238767
threshold=3.7957142740000003 5.2000001075000002 0.67763202350000007 0.72825792850000004 0.71684469600000011 7.8499999940000009 1.6142857115000002 13.949999620000002 3.5000000375000004
decision_type=2 2 2 2 2 2 2 2 2
left_child=-1 6 -3 4 5 -4 -2 -8 -9
right_child=1 2 3 -5 -6 -7 7 8 -10
leaf_value=-3.3768967122466176e-05 -0.00023422817565670002 0.0016397362479009343 -4.1646877105586731e-06 0.00033850545278466383 -0.00036790552020248468 0.0046652739166242055 7.261229291089392e-05 0.00026218075993626906 -1.4140992125331044e-05
leaf_weight=25 31 40 21 24 24 23 213 48 21
leaf_count=25 31 40 21 24 24 23 213 48 21
internal_value=4.8853e-05 0.00011328 -0.000316265 -0.000668103 -0.00107558 -0.000357143 0.000301147 0.000385431 3.58166e-05
internal_weight=470 445 132 92 68 44 313 282 69
internal_count=470 445 132 92 68 44 313 282 69
is_linear=0
shrinkage=0.01


Tree=916
num_leaves=11
num_cat=0
split_feature=61 46 18 91 13 8 19 17 18 2
split_gain=0.371405 0.317288 0.697374 0.342526 0.304055 0.216592 0.141271 0.164653 0.282095 0.0360075
threshold=1.0000000180025095e-35 3.9999999890000004 24.335000000000004 97.220549985000005 0.72199647500000019 0.65587590500000015 0.72142858150000011 0.52399414300000013 80.780000000000015 0.25611342850000002
decision_type=2 2 2 2 2 2 2 2 2 2
left_child=-1 6 3 -3 9 -6 7 -2 -9 -4
right_child=1 2 4 -5 5 -7 -8 8 -10 -11
leaf_value=-2.2831972469991672e-05 7.9468606253047776e-06 -0.00054272995053765611 -1.3541329234458445e-06 -1.1399436198791524e-05 -6.5874671534243428e-05 0.00060115391064790528 2.9012381701167214e-05 -0.00010605923014517071 0.0028378192078081679 0.00040752736279601396
leaf_weight=21 46 20 20 21 20 23 161 32 24 84
leaf_count=21 46 20 20 21 20 23 161 32 24 84
internal_value=8.46025e-06 7.41479e-05 -0.000233051 -0.0013756 7.78079e-05 -0.000605023 0.000301365 0 -0.000352113 0.000381679
internal_weight=472 451 188 41 147 43 263 102 56 104
internal_count=472 451 188 41 147 43 263 102 56 104
is_linear=0
shrinkage=0.01


Tree=917
num_leaves=12
num_cat=1
split_feature=79 94 8 37 70 16 50 11 1 1 0
split_gain=0.641167 0.584387 1.05773 0.390195 0.362595 0.444628 0.137609 0.206982 0.0257349 0.0257349 0.0158575
threshold=3.6778571140000005 0 0.57582796400000014 2.4999999775000004 43.944997790000009 0.70797842850000003 13.949999620000002 0.6793835235000002 0.25447076200000007 0.17717000000000002 0.20080979150000003
decision_type=2 1 2 2 2 2 2 2 2 2 2
left_child=-1 2 -2 8 5 -3 -6 9 -4 -8 -7
right_child=1 4 3 -5 6 10 7 -9 -10 -11 -12
leaf_value=-2.6101295110888966e-05 -0.00034913151774045595 -0.00023082530159868172 7.9939423874928295e-06 -5.3528200958011394e-06 3.8069710910321216e-05 0.0027641815261048269 6.5420801494677571e-07 -0.00020873252951481334 0.0010425013851401983 3.6298336535497027e-06 0.00054406932856442523
leaf_weight=20 26 31 20 21 196 21 20 20 39 39 20
leaf_count=20 26 31 20 21 196 21 20 20 39 39 20
internal_value=-0.000108696 -2.53415e-05 -0.000642123 -9.90099e-05 0.000171884 -0.00043956 0.000346265 0 0.000292642 0.000292642 0.000203349
internal_weight=473 453 106 80 347 72 275 79 59 59 41
internal_count=473 453 106 80 347 72 275 79 59 59 41
cat_boundaries=0 1
cat_threshold=6292684
is_linear=0
shrinkage=0.01


Tree=918
num_leaves=11
num_cat=1
split_feature=94 77 49 57 21 48 34 13 8 53
split_gain=0.560823 0.422199 0.318778 0.275696 0.383414 0.243749 0.104442 0.0608078 0.0710918 0.044188
threshold=0 9.1542857035000029 46.300000185000009 4.5250000955000012 1.6571428735000002 22.099999935000003 3.2499999660000003 0.60194375000000011 0.47800664250000008 7.3000002170000009
decision_type=1 2 2 2 2 2 2 2 2 2
left_child=1 3 6 4 -1 -4 -2 8 -8 -9
right_child=2 -3 5 -5 -6 -7 7 9 -10 -11
leaf_value=0.0017982815623637158 6.7934451230798612e-06 -0.00030456778779141267 -0.00041663620972605918 7.8522614160359591e-05 -0.00030968081383309684 0.0013701511258612093 0.00040904870670025964 1.299087426625045e-05 -2.2375730305311913e-05 0.00059537520113670602
leaf_weight=25 24 25 20 32 21 26 24 233 20 20
leaf_count=25 24 25 20 32 21 26 24 233 20 20
internal_value=2.76126e-05 -0.000584359 0.000215723 -0.000241117 -0.000747863 -0.000534188 0.000337166 0.000391202 1.23068e-11 0.000451143
internal_weight=470 103 367 78 46 46 321 297 44 253
internal_count=470 103 367 78 46 46 321 297 44 253
cat_boundaries=0 1
cat_threshold=34671748
is_linear=0
shrinkage=0.01


Tree=919
num_leaves=11
num_cat=0
split_feature=46 62 23 13 23 19 1 62 22 16
split_gain=0.584513 0.335152 0.268745 0.425306 0.267565 0.55943 0.136118 0.123337 0.183647 0.0615385
threshold=3.7500000300000003 34.944999695000007 1.685714283 0.72199647500000019 1.8928571385000001 0.95714285950000011 0.21354107150000004 40.894999980000009 1.8285714390000003 0.69048167700000007
decision_type=2 2 2 2 2 2 2 2 2 2
left_child=7 -2 3 9 6 -6 -4 -1 -9 -3
right_child=1 2 4 -5 5 -7 -8 8 -10 -11
leaf_value=4.5345358300136238e-06 -0.00013968647503433604 0.0041144666739063853 -8.2939147578441478e-05 -0.0011519393689322552 0.0013987922802610085 -0.0005160741623843134 0.00010232524847291428 0.0016858376801749011 -1.1832695558057035e-05 -1.5133452456006645e-05
leaf_weight=180 24 20 20 33 22 20 90 31 22 20
leaf_count=180 24 20 20 33 22 20 90 31 22 20
internal_value=0 -0.000334267 -0.000201506 -0.000697832 2.6178e-05 -0.000630841 0.000297834 0.00036142 -2.7881e-05 0
internal_weight=482 249 225 73 152 42 110 233 53 40
internal_count=482 249 225 73 152 42 110 233 53 40
is_linear=0
shrinkage=0.01


Tree=920
num_leaves=10
num_cat=1
split_feature=94 18 57 0 37 93 62 14 7
split_gain=0.706411 0.897715 0.737114 0.28108 0.247489 0.174437 0.264249 0.0438244 0.0257349
threshold=0 41.130000000000003 4.7449998855000013 0.27487510400000004 3.1500000620000006 24.358773140000004 40.919999600000004 0.7564218570000002 0.54197014300000013
decision_type=1 2 2 2 2 8 2 2 2
left_child=1 2 -1 5 -3 6 8 -7 -2
right_child=3 4 -4 -5 -6 7 -8 -9 -10
leaf_value=-0.00034297468930591195 0.00012300424499260719 0.00067639238282998966 3.4271428736622808e-06 -0.00017792887897408194 -0.00033580949934882424 5.2542707163556268e-05 -0.00082919828916689698 0.0043629625843725128 -4.0410421458680051e-07
leaf_weight=25 39 45 22 33 20 218 27 20 20
leaf_count=25 39 45 22 33 20 218 27 20 20
internal_value=-7.44997e-06 -0.000667752 -0.00176778 0.000207993 7.5988e-06 0.000307882 -5.76037e-05 0.000448074 0.000292642
internal_weight=469 112 47 357 65 324 86 238 59
internal_count=469 112 47 357 65 324 86 238 59
cat_boundaries=0 1
cat_threshold=136318088
is_linear=0
shrinkage=0.01


Tree=921
num_leaves=11
num_cat=1
split_feature=94 91 21 79 56 91 59 29 70 1
split_gain=0.545696 0.487129 0.28887 0.252663 0.212505 0.117615 0.175454 0.139007 0.0632605 0.0799496
threshold=0 109.82819450000001 1.8357142720000004 3.7957142740000003 1.5799999240000002 72.840353275000027 0.17500019050000001 2.0142857265000003 43.799999715000006 0.25037785700000004
decision_type=1 2 2 2 2 2 2 2 2 2
left_child=1 2 -1 -2 -3 6 -5 -7 9 -9
right_child=3 4 -4 5 -6 7 -8 8 -10 -11
leaf_value=-0.00030547118834723741 -4.2176558873534396e-05 0.002524469709426904 -2.6694281584987582e-05 -0.0012282236651655776 -7.8316518761794535e-05 -0.00035962643459891316 0.0012003715555927716 0.00048124032219626676 1.1132498766814485e-05 -0.00014669674279850083
leaf_weight=20 21 37 26 20 21 20 21 28 233 20
leaf_count=20 21 37 26 20 21 20 21 28 233 20
internal_value=2.45832e-05 -0.000574913 -0.00138889 0.000212681 0 0.000288798 -0.000179426 0.00035951 0.000420511 4.09836e-05
internal_weight=467 104 46 363 58 342 41 301 281 48
internal_count=467 104 46 363 58 342 41 301 281 48
cat_boundaries=0 1
cat_threshold=3214528
is_linear=0
shrinkage=0.01


Tree=922
num_leaves=10
num_cat=1
split_feature=94 6 64 3 8 6 51 65 17
split_gain=0.765297 0.491944 0.563794 0.834455 0.198072 0.667045 0.181409 0.139066 0.202491
threshold=0 0.48602971400000006 32.344999310000013 0.28971385750000006 0.62638573800000008 0.47632516650000006 1.0000000180025095e-35 0.70499992350000007 0.69173770400000012
decision_type=1 2 2 2 2 2 2 2 2
left_child=1 2 3 -1 7 -6 -7 8 -2
right_child=4 -3 -4 -5 5 6 -8 -9 -10
leaf_value=-3.2832331922891394e-05 -0.00059595376960548012 0.0015088441852265171 8.2754466241991007e-05 -0.00025288896912186099 -0.00032143224255089232 -1.0626299707768424e-05 0.00094148801716036512 7.1489538126558867e-06 0.0038333265956645578
leaf_weight=22 20 33 22 27 21 30 75 187 28
leaf_count=22 20 33 22 27 21 30 75 187 28
internal_value=-3.32761e-05 -0.000749129 -0.0012883 -0.00187751 0.000184239 -0.000118297 0.000193762 0.000362595 -8.19672e-05
internal_weight=465 104 71 49 361 126 105 235 48
internal_count=465 104 71 49 361 126 105 235 48
cat_boundaries=0 1
cat_threshold=136317128
is_linear=0
shrinkage=0.01


Tree=923
num_leaves=9
num_cat=0
split_feature=41 26 52 23 1 26 22 6
split_gain=0.31885 0.224834 0.37545 0.270684 0.229789 0.110371 0.0436659 0.0374307
threshold=0.60000000500000006 3.9857143160000006 4.5499999485000009 1.9000000060000002 0.24976161950000003 4.2071428980000007 1.6214285830000004 0.39092758600000005
decision_type=2 2 2 2 2 2 2 2
left_child=-1 2 3 7 -4 6 -3 -2
right_child=1 5 4 -5 -6 -7 -8 -9
leaf_value=-3.0824916921842491e-05 4.6032478169808583e-06 0.00052007069672605356 -0.00014079791536381441 -0.00034712015675681995 -0.00031156525747838982 5.6563705358404213e-05 1.171712906569558e-05 3.8445622054729872e-05
leaf_weight=26 20 20 29 21 23 26 212 96
leaf_count=26 20 20 29 21 23 26 212 96
internal_value=0.000115027 0.000182001 -7.11275e-05 0.000192308 -0.000795455 0.000374807 0.000446735 0.000393836
internal_weight=473 447 189 137 52 258 232 116
internal_count=473 447 189 137 52 258 232 116
is_linear=0
shrinkage=0.01


Tree=924
num_leaves=11
num_cat=1
split_feature=62 62 94 43 79 47 16 9 30 2
split_gain=0.444577 0.639065 0.302984 0.660941 0.128623 0.218068 0.564643 0.107968 0.0421972 0.0314669
threshold=34.889999865000007 34.214999675000008 0 4.8000000715000004 5.3157143595000012 13.099999875000002 0.69381592900000011 0.68112849500000017 1.9928571325000002 0.29350158900000006
decision_type=2 2 1 2 2 2 2 2 2 2
left_child=1 -1 3 7 8 6 -6 -2 -4 -7
right_child=2 -3 4 -5 5 9 -8 -9 -10 -11
leaf_value=0.0002768173471493608 0.00054981317049783657 -0.00034364895799686109 0.0027205124119823692 -2.9259481817715465e-05 -0.0022992871172700206 4.9823954870723317e-05 0.0012143915309358571 -1.6570886374569644e-05 0.00048918946282062959 4.1950466673497621e-07
leaf_weight=27 47 21 20 33 21 58 26 20 168 20
leaf_count=27 47 21 20 33 21 58 26 20 168 20
internal_value=0 -0.000901639 0.00010754 -0.00034296 0.000260964 3.97458e-06 -0.000512552 0.000169617 0.000434322 0.00034264
internal_weight=461 48 413 100 313 125 47 67 188 78
internal_count=461 48 413 100 313 125 47 67 188 78
cat_boundaries=0 1
cat_threshold=137429569
is_linear=0
shrinkage=0.01


Tree=925
num_leaves=11
num_cat=0
split_feature=92 46 81 91 76 13 71 1 27 1
split_gain=0.56401 0.341099 0.606554 0.33073 0.323471 0.319031 0.115313 0.103622 0.0414295 0.0340528
threshold=26.231004275000004 3.9999999590000006 12.909999950000001 122.10258015000001 5.7578570800000008 0.72364961250000015 57.71999979000001 0.28202542850000006 4.1142857245000011 0.15073769050000005
decision_type=8 2 2 2 2 2 2 2 2 2
left_child=1 4 -3 5 7 -4 8 9 -2 -1
right_child=6 2 3 -5 -6 -7 -8 -9 -10 -11
leaf_value=-9.0547436303798316e-06 0.0002313977992822671 -0.00028258611203564761 -5.2188510178988874e-05 0.0031283551090384477 -2.0670964969300744e-06 -0.00043701653366072296 -2.2604546478577048e-06 -4.5653668028470575e-06 4.1658682347417623e-05 0.0001575930131921887
leaf_weight=20 151 25 39 31 34 20 23 20 20 71
leaf_count=20 151 25 39 31 34 20 23 20 20 71
internal_value=-6.81618e-05 -0.000375767 -0.00078152 -0.000363436 -3.77229e-05 -0.000811037 0.000333676 0.000210197 0.000427823 0.000364924
internal_weight=454 260 115 90 145 59 194 111 171 91
internal_count=454 260 115 90 145 59 194 111 171 91
is_linear=0
shrinkage=0.01


Tree=926
num_leaves=9
num_cat=1
split_feature=94 53 42 86 11 23 59 33
split_gain=0.878482 0.651475 0.349455 0.443041 0.39171 0.130715 0.127779 0.092353
threshold=0 0.94999999950000003 12.550000005000001 19.318571365000004 0.65166869050000009 1.8714285665000003 1.4200000760000002 4.9785714150000011
decision_type=1 2 2 2 2 2 2 2
left_child=1 -1 3 5 -5 -3 7 -2
right_child=6 2 -4 4 -6 -7 -8 -9
leaf_value=-0.0001221850405024198 0.00036484788237893978 0.00012825754766912763 -0.00037761490147829698 3.9396810785937602e-05 -5.7464571177814075e-06 -1.964341713432575e-05 -1.7289555269162789e-05 2.6553440161252747e-05
leaf_weight=32 34 78 32 26 33 20 20 181
leaf_count=32 34 78 32 26 33 20 20 181
internal_value=-0.000109457 -0.000550043 -0.000334563 -0.000123574 -0.000811037 0.000273279 0.00030716 0.0003962
internal_weight=456 221 189 157 59 98 235 215
internal_count=456 221 189 157 59 98 235 215
cat_boundaries=0 1
cat_threshold=3213035
is_linear=0
shrinkage=0.01


Tree=927
num_leaves=11
num_cat=0
split_feature=62 62 68 49 11 26 62 81 21 1
split_gain=0.412014 0.621072 0.414897 0.39504 0.267234 0.222205 0.452869 0.129685 0.0424363 0.0210574
threshold=34.889999865000007 34.214999675000008 64.830000880000014 1.0000000180025095e-35 0.68498232150000016 3.9999999830000004 37.950001240000013 13.044285635000003 1.6500000060000002 0.24315379250000002
decision_type=2 2 2 2 2 2 2 2 2 2
left_child=1 -1 5 -4 9 6 7 -2 -7 -5
right_child=2 -3 3 4 -6 8 -8 -9 -10 -11
leaf_value=0.00024039953967129707 -0.00010178596358818201 -0.0003356694054802051 -0.000251590135662247 6.4909990779222376e-05 -7.097971886663721e-06 0.0049037283063920172 -0.00034560832519742597 0.00056543870374456341 0.0002691093564915674 2.0559255251500847e-06
leaf_weight=26 20 21 21 29 25 20 38 76 174 20
leaf_count=26 20 21 21 29 25 20 38 76 174 20
internal_value=-4.8853e-05 -0.000930962 4.60123e-05 -0.00052714 -0.000147059 0.000218978 -8.16024e-05 0.000268595 0.000436345 0.000251004
internal_weight=470 47 423 95 74 328 134 96 194 49
internal_count=470 47 423 95 74 328 134 96 194 49
is_linear=0
shrinkage=0.01


Tree=928
num_leaves=11
num_cat=1
split_feature=79 74 94 74 2 43 75 16 67 2
split_gain=0.883386 0.718089 0.476975 0.484907 0.765448 0.115985 0.187686 0.468025 0.0798084 0.0338796
threshold=3.8435713475000006 8.3728572300000028 0 7.5771428860000007 0.28431474300000004 3.5000000300000003 7.4035714780000008 0.69381592900000011 66.995000840000003 0.30904095200000009
decision_type=2 2 1 2 2 2 2 2 2 2
left_child=-1 2 3 8 -5 6 7 -4 -2 -8
right_child=1 -3 5 4 -6 -7 9 -9 -10 -11
leaf_value=-3.05396419468784e-05 0.00025361255289116369 -0.00027016855127852965 -0.0004505229353969163 -0.00042213845253269438 -4.3917082229721491e-08 0.00033687968316109236 6.2163684539016814e-05 0.0054009288666290204 1.2237910777051922e-06 0.0002444417428103972
leaf_weight=36 34 20 25 21 30 155 70 30 22 20
leaf_count=36 34 20 25 21 30 155 70 30 22 20
internal_value=-0.000143381 -1.05189e-05 7.72438e-05 -0.000462649 -0.00120656 0.00028314 7.20165e-05 -0.000367383 0.000105634 0.000363436
internal_weight=463 427 407 107 51 300 145 55 56 90
internal_count=463 427 407 107 51 300 145 55 56 90
cat_boundaries=0 1
cat_threshold=36700361
is_linear=0
shrinkage=0.01


Tree=929
num_leaves=11
num_cat=0
split_feature=57 1 18 1 27 33 26 93 1 1
split_gain=0.601794 0.439709 0.738659 1.22912 0.496395 0.324057 0.186448 0.185193 0.0407324 0.0272148
threshold=3.7500004770000008 0.23583459500000004 53.315000000000005 0.28516797650000009 3.9928571325000006 6.0285714010000016 3.9857143160000006 23.463113215000003 0.27794585700000002 0.29973050000000007
decision_type=2 2 2 2 2 2 2 8 2 2
left_child=6 5 3 -3 -4 -2 7 -1 -8 -6
right_child=1 2 4 -5 9 -7 8 -9 -10 -11
leaf_value=0.00087992127368268392 5.819950952059068e-06 -0.00044838409363655415 -3.4284994569225573e-05 -1.8957913068008105e-06 0.00064766328652362734 -3.8327614887935979e-06 0.00074672470702270898 -0.00029392397666166444 0.00054047066799143477 3.9827301798692235e-05
leaf_weight=21 65 34 26 38 43 29 138 29 20 20
leaf_count=21 65 34 26 38 43 29 138 29 20 20
internal_value=-0.000143381 -0.000471071 -0.00078801 -0.00153846 -0.000150334 5.27426e-05 0.000249042 -0.000255905 0.000421914 0.000305643
internal_weight=463 255 161 72 89 94 208 50 158 63
internal_count=463 255 161 72 89 94 208 50 158 63
is_linear=0
shrinkage=0.01


Tree=930
num_leaves=9
num_cat=1
split_feature=0 64 94 81 7 45 11 50
split_gain=0.584682 0.708247 0.300692 0.393462 0.294188 0.282471 0.227793 0.0817506
threshold=0.2660955805000001 32.344999310000013 0 13.014285735000003 0.57403542850000011 1.1500000245000004 0.68560650000000012 1.5999999900000001
decision_type=2 2 1 2 2 2 2 2
left_child=2 -2 3 5 -5 -1 -3 -4
right_child=1 6 7 4 -6 -7 -8 -9
leaf_value=0.00012017754211806104 -0.0004022943855589515 0.0029386215934264245 -9.6817782317662863e-08 -7.3828871911613885e-06 -9.5041890989010894e-06 -0.00021769293597752131 -0.0006097310970463155 4.5847715057601465e-05
leaf_weight=77 38 37 38 37 20 21 20 174
leaf_count=77 38 37 38 37 20 21 20 174
internal_value=-3.67329e-05 -0.000735908 0.000140022 -0.000183957 -0.000856401 0.000172065 0 0.00037702
internal_weight=462 95 367 155 57 98 57 212
internal_count=462 95 367 155 57 98 57 212
cat_boundaries=0 1
cat_threshold=35652305
is_linear=0
shrinkage=0.01


Tree=931
num_leaves=12
num_cat=0
split_feature=18 92 70 24 0 1 13 1 1 18 23
split_gain=0.355067 0.247026 0.200381 0.300274 0.357807 0.184766 0.146255 0.291534 0.120361 0.053216 0.0838677
threshold=211.47500000000002 17.974372480000003 44.395000935000006 1.6428571345000003 0.10497737500000003 0.20030842850000002 0.65294357500000022 0.24881958950000002 0.14985392850000004 104.84500000000001 1.7000000095000003
decision_type=2 10 2 2 2 2 2 2 2 2 2
left_child=1 5 3 -3 -5 -1 7 8 -4 -8 -11
right_child=-2 2 6 4 -6 -7 9 -9 -10 10 -12
leaf_value=0.00010848940834572827 -2.8045876237155625e-05 0.0017585692982135376 -6.311541378508724e-07 2.4640023238437089e-05 -0.00043516581363772035 -0.00025474593932205472 7.9287213106564569e-05 -6.8606647002006319e-05 4.6553461497956779e-06 -0.00031072337398144379 0.0010233961756691697
leaf_weight=20 21 27 20 21 20 20 159 25 61 20 30
leaf_count=20 21 27 20 21 20 20 159 25 61 20 30
internal_value=-1.34892e-05 4.60123e-05 0.000128973 -0.000348837 -0.000897129 -0.000686274 0.000239075 -4.68165e-05 0.000226161 0.000393232 5.90551e-05
internal_weight=444 423 383 68 41 40 315 106 81 209 50
internal_count=444 423 383 68 41 40 315 106 81 209 50
is_linear=0
shrinkage=0.01


Tree=932
num_leaves=11
num_cat=1
split_feature=94 5 5 34 1 10 37 11 61 2
split_gain=0.5252 0.443959 0.921732 0.445061 0.270878 0.197569 0.0654377 0.0615385 0.0405094 0.0249217
threshold=0 0.43033850000000007 0.40685835700000006 3.6785713945 0.14795371450000003 0.7008232860000001 2.4999999925000007 0.65689907150000015 2.4549999235000004 0.25162103600000002
decision_type=1 2 2 2 2 2 2 2 2 2
left_child=1 2 3 -1 -2 -3 8 -8 -6 -5
right_child=4 5 -4 9 6 -7 7 -9 -10 -11
leaf_value=-0.00030825590315628973 -9.9775386633745757e-06 4.1190054060388602e-05 -0.00039493584930951785 7.338863559949965e-05 0.00018430718936626037 -0.00024413329401771274 0.0037005108085064438 -0.00010197307169637533 0.0020901483063919288 0.00011584305684679639
leaf_weight=27 22 59 37 20 189 26 20 20 21 37
leaf_count=27 22 59 37 20 189 26 20 20 21 37
internal_value=-1.8797e-05 -0.000392066 -0.000800493 -0.000188679 0.000261669 0.000122378 0.000370813 0 0.000441176 0.000285467
internal_weight=478 206 121 84 272 85 250 40 210 57
internal_count=478 206 121 84 272 85 250 40 210 57
cat_boundaries=0 1
cat_threshold=169938566
is_linear=0
shrinkage=0.01


Tree=933
num_leaves=11
num_cat=1
split_feature=94 33 60 5 27 68 48 63 3 27
split_gain=0.695246 0.640673 0.673917 0.507188 0.6219 0.267308 0.181285 0.33702 0.0515406 0.0838677
threshold=0 5.2428571500000007 0.76999998100000011 0.39536521450000001 4.0214285510000005 66.199997900000014 10.800000245000001 28.734999660000003 0.35233857150000009 3.9071428435000004
decision_type=1 2 2 2 2 2 2 2 2 2
left_child=1 2 -1 4 -3 -5 7 -2 -8 -10
right_child=6 3 -4 5 -6 -7 8 -9 9 -11
leaf_value=0.0001236497979986076 0.0052530331066569479 7.3418737778278451e-06 -0.00035449666766166997 7.1095469201493152e-05 -7.3251909799211385e-05 -1.7941898534837473e-05 0.00015566505426506825 -0.00031938963055868811 -0.00013306012311459724 0.00049444898780895234
leaf_weight=23 36 34 23 77 25 22 145 33 20 30
leaf_count=23 36 34 23 77 25 22 145 33 20 30
internal_value=-0.000115188 -0.000540037 -0.00160256 -0.000245592 -0.000978261 0.000175351 0.000218341 -0.00019341 0.000385598 5.90551e-05
internal_weight=468 204 46 158 59 99 264 69 195 50
internal_count=468 204 46 158 59 99 264 69 195 50
cat_boundaries=0 1
cat_threshold=172038315
is_linear=0
shrinkage=0.01


Tree=934
num_leaves=12
num_cat=0
split_feature=20 8 68 9 57 15 5 87 91 2 93
split_gain=0.51475 0.586157 0.393285 0.352775 0.273961 0.196565 0.514474 0.125454 0.181395 0.0173123 0.0141432
threshold=2.5428571190000002 0.57069771400000013 65.229999545000013 0.67242430000000009 4.379999637500001 0.61458771400000012 0.34692250000000008 21.192142895000003 126.98163360000002 0.33259835700000007 23.642177115000006
decision_type=2 2 2 2 2 2 2 2 2 2 8
left_child=2 -2 5 4 -4 6 -1 8 -7 -3 -9
right_child=1 9 3 -5 -6 7 -8 10 -10 -11 -12
leaf_value=9.3510205868555616e-06 -0.000182492564112657 -4.3022913403015125e-05 3.3495738720142461e-05 -0.00016081777804826967 -4.0369305444179533e-06 -0.00021721928245040919 -1.8034125003745148e-05 9.013093173637396e-05 0.0012955137765484864 0.0005345763986685277 0.00025326236716875582
leaf_weight=37 20 20 39 30 28 21 25 35 26 21 180
leaf_count=37 20 20 39 30 28 21 25 35 26 21 180
internal_value=-7.66363e-05 -0.000930421 4.38597e-05 -0.000506135 -6.63717e-05 0.000215517 -0.000270701 0.000338661 -9.41422e-05 -0.000179426 0.000442539
internal_weight=482 61 421 97 67 324 62 262 47 41 215
internal_count=482 61 421 97 67 324 62 262 47 41 215
is_linear=0
shrinkage=0.01


Tree=935
num_leaves=11
num_cat=1
split_feature=94 10 18 75 62 25 8 10 19 43
split_gain=0.66881 0.725137 1.39052 0.560938 0.501277 0.221293 0.428144 0.0621276 0.0505027 0.0857157
threshold=0 0.62570685700000006 29.740000000000006 7.5457142700000004 34.889999865000007 2.2000000095000005 0.62293923800000017 0.62325485700000016 0.72142858150000011 1.8500000240000001
decision_type=1 2 2 2 2 2 2 2 2 2
left_child=1 2 -1 -3 -2 6 7 -6 9 -7
right_child=4 3 -4 -5 5 8 -8 -9 -10 -11
leaf_value=-0.00032193599780006894 -0.0002258264563118075 0.00048662577430902475 -2.5760803616324503e-06 -4.9728680749609549e-06 0.00131892278823713 1.6913658222875147e-07 -0.00020185318340906099 1.0264171356736276e-05 3.9962003960862659e-05 -1.1081334061227885e-05
leaf_weight=20 28 46 26 25 44 31 27 30 151 20
leaf_count=20 28 46 26 25 44 31 27 30 151 20
internal_value=-0.000164884 -0.00077856 -0.00181624 -0.000174095 6.87537e-05 0.000195853 -0.000171906 0.000200535 0.000389546 6.75676e-05
internal_weight=448 117 46 71 331 303 101 74 202 51
internal_count=448 117 46 71 331 303 101 74 202 51
cat_boundaries=0 1
cat_threshold=2098825
is_linear=0
shrinkage=0.01


Tree=936
num_leaves=11
num_cat=1
split_feature=53 94 25 16 76 1 10 87 93 24
split_gain=0.57094 0.311032 0.362698 0.641039 0.270208 0.233976 0.338686 0.138554 0.188022 0.092457
threshold=0.60000001650000001 0 2.2285714275000004 0.69464373800000012 6.171428510000001 0.24881958950000002 0.66380150000000004 21.192142895000003 24.000720115000004 1.9142857235000001
decision_type=2 1 2 2 2 2 2 2 10 2
left_child=-1 2 3 -2 7 -6 -7 8 -3 -4
right_child=1 4 9 -5 5 6 -8 -9 -10 -11
leaf_value=-6.8173172389860727e-05 -4.8067742337440405e-05 0.0035988994128634557 -3.3878203914754741e-05 0.00045813889803013812 3.0932469410895802e-05 -0.00037678208535303897 7.1379213538612162e-05 3.263794572601953e-05 -0.0011607552067004713 5.3845486464944374e-05
leaf_weight=31 25 28 20 25 25 22 24 202 21 35
leaf_count=31 25 28 20 25 25 22 24 202 21 35
internal_value=-4.14124e-05 5.02571e-05 -0.000392919 -0.00104331 0.000207332 -0.00031337 -0.000747863 0.000371326 -7.02811e-05 9.85663e-05
internal_weight=458 427 105 50 322 71 46 251 49 55
internal_count=458 427 105 50 322 71 46 251 49 55
cat_boundaries=0 1
cat_threshold=671091909
is_linear=0
shrinkage=0.01


Tree=937
num_leaves=10
num_cat=1
split_feature=53 94 93 5 32 4 18 2 0
split_gain=0.588836 0.625716 0.668647 0.503838 0.716069 0.467626 0.413447 0.140873 0.191897
threshold=0.60000001650000001 0 26.012883985000006 0.35398371450000005 4.2214285135000003 0.33673492850000003 55.565000000000005 0.32078395250000008 0.27915595800000004
decision_type=2 1 10 2 2 2 2 2 2
left_child=-1 2 3 4 -2 -5 -7 -3 -9
right_child=1 7 -4 5 -6 6 -8 8 -10
leaf_value=-7.3678201599188984e-05 -0.00030161635586743089 0.00027939422335067414 0.0051706214550245044 2.9987267380505194e-05 -0.00024355993901481042 -0.00043768183089171598 -4.4571272218849737e-06 -0.00012812931915189531 0.0033336644851544336
leaf_weight=27 22 150 59 42 29 36 54 20 25
leaf_count=27 22 150 59 42 29 36 54 20 25
internal_value=-0.000185026 -9.02238e-05 -0.000423259 -0.000742655 -0.00159266 -0.000391566 -0.000803965 0.00031827 -0.000120087
internal_weight=464 437 242 183 51 132 90 195 45
internal_count=464 437 242 183 51 132 90 195 45
cat_boundaries=0 1
cat_threshold=170920658
is_linear=0
shrinkage=0.01


Tree=938
num_leaves=10
num_cat=0
split_feature=53 25 91 25 27 41 18 0 63
split_gain=0.483712 0.31598 0.943736 0.854397 0.316283 0.051385 0.0734472 0.0423582 0.0369895
threshold=0.60000001650000001 2.2285714190000001 109.82819450000001 2.1785714455000007 3.9714285480000004 4.3499998600000014 44.765000000000008 0.063424395500000008 24.499999520000003
decision_type=2 2 2 2 2 2 2 2 2
left_child=-1 2 3 -2 -5 6 -3 -7 -4
right_child=1 5 8 4 -6 7 -8 -9 -10
leaf_value=-7.2941419583195843e-05 -0.00029721804226381021 -5.7505431518078361e-07 -9.7214204544755287e-05 2.4225434835118117e-05 -0.00013851070018138019 0.00020727940359399321 0.0010317131154770225 8.893070483965572e-06 0.0019262440070124964
leaf_weight=27 20 20 20 36 20 20 25 172 92
leaf_count=27 20 20 20 36 20 20 25 172 92
internal_value=3.09187e-05 0.0001186 -0.000180085 -0.00104167 -0.000352113 0.000363751 1.0917e-05 0.000435685 0.000390071
internal_weight=452 425 188 76 56 237 45 192 112
internal_count=452 425 188 76 56 237 45 192 112
is_linear=0
shrinkage=0.01


Tree=939
num_leaves=10
num_cat=0
split_feature=0 64 33 12 62 66 76 79 0
split_gain=0.714379 0.508942 0.241114 0.260279 0.183802 0.147822 0.0928024 0.392419 0.040607
threshold=0.2660955805000001 32.250000000000007 6.1857142790000008 0.6690862620000001 34.944999695000007 4.0399999620000004 5.7892856005000004 5.0207142455000007 0.063424395500000008
decision_type=2 2 2 2 2 2 2 2 2
left_child=2 -2 4 -4 -1 -3 8 -8 -6
right_child=1 5 3 -5 6 -7 7 -9 -10
leaf_value=-1.9014600780701718e-05 -0.00039801891724945758 0.0049991275916368835 6.6695182102668053e-05 -0.00012566396621197263 0.00022668939585724553 -0.00017702700011488939 -6.9420590925672513e-05 4.6271891568590316e-06 0.00043371237649407593
leaf_weight=28 33 21 28 20 21 33 25 65 192
leaf_count=28 33 21 28 20 21 33 25 65 192
internal_value=-3.21337e-05 -0.000848519 0.000151395 -0.000491803 0.000251658 -0.00020073 0.000327518 3.30397e-05 0.000442002
internal_weight=466 87 379 48 331 54 303 90 213
internal_count=466 87 379 48 331 54 303 90 213
is_linear=0
shrinkage=0.01


Tree=940
num_leaves=13
num_cat=0
split_feature=50 50 17 42 23 43 18 42 41 14 1 8
split_gain=0.643444 0.720331 0.717947 1.02053 0.421488 0.244457 0.23238 0.325275 0.131436 0.205742 0.102217 0.0857157
threshold=13.849999955000003 20.549999310000004 0.68161828600000007 3.0999999795000006 1.6071428610000003 4.950000010500001 39.945000000000007 9.2499999105000015 4.3499998600000014 0.68534450000000013 0.25697083300000007 0.61639419050000022
decision_type=2 2 2 2 2 2 2 2 2 2 2 2
left_child=4 2 3 -2 -1 8 7 -7 9 -6 -8 -3
right_child=1 11 -4 -5 5 6 10 -9 -10 -11 -12 -13
leaf_value=-0.00018593831758218111 -3.1940295995535468e-06 0.00079759500806455641 0.0011064884885693999 -4.1701347287532769e-05 0.0001535541598280906 1.0398040851707711e-05 -1.6590794881057267e-06 -0.00029684837389326124 0.00034936532796579149 -2.6267324012263564e-05 3.3824308249354102e-05 -1.1228137146210939e-05
leaf_weight=30 25 31 22 23 29 23 20 22 165 20 42 20
leaf_count=30 25 31 22 23 29 23 20 22 165 20 42 20
internal_value=-0.000173435 -0.000800493 -0.0014548 -0.00213115 3.83741e-05 0.000150715 -0.000227273 -0.000775109 0.000349162 -7.02811e-05 0.000143312 6.75676e-05
internal_weight=472 121 70 48 351 321 107 45 214 49 62 51
internal_count=472 121 70 48 351 321 107 45 214 49 62 51
is_linear=0
shrinkage=0.01


Tree=941
num_leaves=10
num_cat=0
split_feature=24 37 29 48 5 21 3 53 0
split_gain=0.393578 0.390784 0.241037 0.624994 0.225264 0.27242 0.114342 0.138275 0.0996547
threshold=2.3285714050000004 4.8499999045000015 2.0714285795000005 11.199999885000002 0.34628221400000009 1.7428571075000001 0.40103692850000006 7.0000000780000011 0.27438364600000004
decision_type=2 2 2 2 2 2 2 2 2
left_child=1 2 3 8 5 -4 7 -6 -1
right_child=-2 -3 4 -5 6 -7 -8 -9 -10
leaf_value=0.00023300794414491262 -7.793028899164601e-06 -0.00049943039541442834 -0.00029594863212736676 -2.6041486145585454e-05 8.5094407433472521e-05 0.00013166491696587853 -2.4602852316433277e-05 -7.4573832762997021e-06 -0.00033435542381105298
leaf_weight=40 36 20 21 26 230 33 21 21 20
leaf_count=40 36 20 21 26 230 33 21 21 20
internal_value=-9.38566e-05 -4.62106e-06 5.81395e-05 -0.000403226 0.000186659 -0.000383212 0.000307918 0.000371326 0.000131579
internal_weight=468 432 412 86 326 54 272 251 60
internal_count=468 432 412 86 326 54 272 251 60
is_linear=0
shrinkage=0.01


Tree=942
num_leaves=12
num_cat=0
split_feature=48 48 21 18 12 48 33 37 22 93 59
split_gain=0.457399 0.687932 0.513328 0.347491 0.234264 0.584065 0.23883 0.125061 0.117272 0.0506216 0.0857157
threshold=17.899999905000005 19.900000170000002 1.7999999945000003 112.09000000000002 0.62107535750000009 11.800000025000001 5.1357142925000003 2.4999999925000007 1.6714285780000002 25.572599765000003 0.034999847500000007
decision_type=2 2 2 2 2 2 2 2 2 8 2
left_child=4 2 -2 8 5 -1 -6 9 -3 10 -8
right_child=1 3 -4 -5 6 -7 7 -9 -10 -11 -12
leaf_value=-0.00028134549992375898 -0.00034712884242068696 -3.9394729007821153e-05 -3.3122130804014799e-06 -8.8264001062222945e-06 -0.0002797807558978121 0.0026644714664969911 -1.7515822736014405e-05 -0.00059973603122859785 2.4953447279369006e-05 0.00019270767311757619 0.0014155058891852943
leaf_weight=28 30 20 23 22 22 30 20 20 57 152 31
leaf_count=28 30 20 23 22 22 30 20 20 57 152 31
internal_value=-0.000154673 -0.000602094 -0.00151487 -8.51703e-05 6.4187e-05 -0.000493197 0.000205452 0.000310545 0.000212082 0.000390088 6.75676e-05
internal_weight=455 152 53 99 303 58 245 223 77 203 51
internal_count=455 152 53 99 303 58 245 223 77 203 51
is_linear=0
shrinkage=0.01


Tree=943
num_leaves=11
num_cat=0
split_feature=2 3 74 17 24 26 91 93 25 0
split_gain=0.537411 1.04966 0.292913 0.882124 0.432043 0.893925 0.225668 0.118018 0.0392534 0.0365163
threshold=0.20324639250000004 0.21704092850000004 7.5914285185000008 0.55043771450000012 1.8428571435000001 3.9857142820000004 103.55921410000002 18.714799965000001 2.1428571385000006 0.26586679200000002
decision_type=2 2 2 2 2 2 2 8 2 2
left_child=1 -1 7 -4 5 -5 -7 -2 -9 -6
right_child=2 -3 3 4 9 6 -8 8 -10 -11
leaf_value=0.00049387981621934669 -1.1001007163086039e-06 -0.00017355669062465068 -2.432370190434767e-05 -0.0011711734725098554 3.3078740891270464e-05 -0.00013106041867162171 0.0012203396104976611 2.8433129932316575e-05 4.0891319194939122e-05 0.00065014690135075759
leaf_weight=21 21 25 21 32 88 20 68 20 116 20
leaf_count=21 21 25 21 32 88 20 68 20 116 20
internal_value=-0.000159011 -0.00117521 -3.68731e-05 -0.000254203 -6.11888e-05 -0.000480132 2.25225e-05 0.000294677 0.000409357 0.000386029
internal_weight=452 46 406 249 228 120 88 157 136 108
internal_count=452 46 406 249 228 120 88 157 136 108
is_linear=0
shrinkage=0.01


Tree=944
num_leaves=12
num_cat=1
split_feature=94 92 82 18 83 75 77 61 0 2 0
split_gain=0.499561 0.368458 0.715155 0.512837 0.536222 0.441672 0.287354 0.118832 0.031695 0.023603 0.0158575
threshold=0 26.000940735000004 14.377857070000003 107.77500000000002 8.5914286205000021 7.0164285900000012 9.6028571130000007 0.19499969450000001 0.087499590500000016 0.25162103600000002 0.20646798600000002
decision_type=1 8 2 2 2 2 2 2 2 2 2
left_child=1 2 3 4 -1 8 7 -2 -3 -9 -4
right_child=6 5 10 -5 -6 -7 -8 9 -10 -11 -12
leaf_value=-0.00021889944762491052 -3.1075472723096361e-05 0.0018896043423536823 3.1471678939361414e-05 1.3058127016666243e-06 -0.00030906471814013661 -7.6543266755554253e-05 -0.00030007076322134999 7.334427426497454e-07 0.00067459827715383167 0.0015625596755643944 0.00035238859356089811
leaf_weight=20 23 20 21 20 38 21 20 28 59 160 20
leaf_count=20 23 20 21 20 38 21 20 28 59 160 20
internal_value=-9.5386e-05 -0.000428634 -0.000822204 -0.00138325 -0.00185374 0 0.000221257 0.000347026 0.000344612 0.000434322 0.000203349
internal_weight=450 219 119 78 58 100 231 211 79 188 41
internal_count=450 219 119 78 58 100 231 211 79 188 41
cat_boundaries=0 1
cat_threshold=40900754
is_linear=0
shrinkage=0.01


Tree=945
num_leaves=9
num_cat=0
split_feature=43 16 18 2 25 31 30 2
split_gain=0.578295 0.553515 0.705713 0.825306 0.535952 0.278924 0.165392 0.115242
threshold=5.7999999115000014 0.72501332150000009 37.705000000000005 0.30990615700000007 2.4857142820000004 5.8357143060000007 2.4214285870000003 0.20004300000000003
decision_type=2 2 2 2 2 2 2 2
left_child=4 2 -2 -4 5 6 -1 -8
right_child=1 -3 3 -5 -6 -7 7 -9
leaf_value=-1.1910696870247305e-05 1.3925283438107391e-05 0.0010763514675851907 -2.1385884692418159e-05 -8.8031802207830137e-05 -0.00027429815195122647 -3.6328087886745231e-06 -1.5604324313871285e-05 0.00052648018909756406
leaf_weight=35 25 38 25 22 27 33 28 215
leaf_count=35 25 38 25 22 27 33 28 215
internal_value=-0.000120321 -0.000749097 -0.00126374 -0.00197699 7.9693e-05 0.000203656 0.000312052 0.000408121
internal_weight=448 110 72 47 338 311 278 243
internal_count=448 110 72 47 338 311 278 243
is_linear=0
shrinkage=0.01


Tree=946
num_leaves=11
num_cat=0
split_feature=91 4 5 39 23 5 2 43 61 8
split_gain=0.796264 0.398168 0.654888 1.10098 0.534255 0.985311 0.7916 0.422208 0.112 0.0240534
threshold=126.98163360000002 0.27562860700000008 0.36822397650000011 6.9000000545000004 1.8714285535000001 0.42757992900000003 0.34856400000000004 6.1999998725000012 2.1550002095000003 0.46936610000000006
decision_type=2 2 2 2 2 2 2 2 2 2
left_child=1 9 3 -3 6 -6 8 -8 -4 -1
right_child=-2 2 4 -5 5 -7 7 -9 -10 -11
leaf_value=0.00010841922889100123 0.0026457536077246929 -7.3887458821689984e-05 0.00013211579855415906 -9.7652246450635039e-05 -9.8035367368954504e-05 0.00056719518876104037 0.0002207646418394732 -0.00038092601071090744 -8.7659303186737563e-07 0.00022969176050110864
leaf_weight=20 110 27 120 35 34 39 24 20 21 35
leaf_count=20 110 27 120 35 34 39 24 20 21 35
internal_value=-0.000258337 -0.000480309 -0.000617207 -0.00154459 -0.000382535 -0.00110434 -8.3423e-05 -0.00125 0.000271509 0.000277778
internal_weight=485 375 320 62 258 73 185 44 141 55
internal_count=485 375 320 62 258 73 185 44 141 55
is_linear=0
shrinkage=0.01


Tree=947
num_leaves=12
num_cat=1
split_feature=94 14 91 22 59 25 91 4 4 1 0
split_gain=0.809742 0.78957 0.738171 0.44843 0.279829 0.36264 0.681396 0.228571 0.178799 0.0416234 0.015083
threshold=0 0.61994557150000007 87.722254155000016 1.9285714205000002 1.9749999045000002 2.2142857185000007 109.82819450000001 0.36585221400000006 0.38540292850000007 0.15858757150000005 0.11501839550000002
decision_type=1 2 2 2 2 2 2 2 2 2 2
left_child=1 10 -3 7 5 6 -2 -4 -8 -7 -1
right_child=4 2 3 -5 -6 9 8 -9 -10 -11 -12
leaf_value=1.6500205185388826e-05 -0.0002994237642280657 -7.4919852846702458e-05 -0.00032985057882367299 -8.294327287843157e-05 -3.1352718492653125e-06 7.8984720808997065e-07 0.0012847581037310344 0.00067086537312277376 -2.9865647901147561e-05 0.00035618637028312581 0.00073221066002729363
leaf_weight=20 34 21 26 22 26 20 65 22 29 155 20
leaf_count=20 34 21 26 22 26 20 65 22 29 155 20
internal_value=-0.000234375 -0.000863893 -0.00144336 -0.00088983 3.67864e-05 0.00013002 -0.000263975 -0.000286885 0.000158228 0.000429465 0.000196078
internal_weight=460 131 91 70 329 303 128 48 94 175 40
internal_count=460 131 91 70 329 303 128 48 94 175 40
cat_boundaries=0 1
cat_threshold=68230
is_linear=0
shrinkage=0.01


Tree=948
num_leaves=11
num_cat=1
split_feature=75 48 94 17 17 48 52 1 0 0
split_gain=0.668847 0.850121 0.309524 0.469434 0.300957 0.237743 0.142504 0.133032 0.0427687 0.0227335
threshold=7.8985713015000014 17.899999905000005 0 0.61008367850000012 0.68161828600000007 13.999999905000001 0.50000000750000007 0.19445542850000003 0.094894187500000018 0.083771701500000018
decision_type=2 2 1 2 2 2 2 2 2 2
left_child=2 5 3 -1 -5 -2 -4 9 -9 -8
right_child=1 -3 6 4 -6 -7 7 8 -10 -11
leaf_value=-2.6755758359678999e-05 -1.8717512595379212e-05 -2.0664185049393693e-05 -3.3349770802737544e-05 0.00054811616345572082 -0.00010526875674709257 0.0012808500704679442 0.00049404483459515342 2.4586459644529054e-05 0.00078696628742841001 -1.1876516850921841e-06
leaf_weight=21 36 21 33 48 39 25 24 20 183 20
leaf_count=21 36 21 33 48 39 25 24 20 183 20
internal_value=-0.000112574 -0.000929952 5.65844e-05 -0.00037037 -5.12528e-05 -0.000283172 0.000233838 0.000328894 0.000439156 -0.000133929
internal_weight=470 82 388 108 87 61 280 247 203 44
internal_count=470 82 388 108 87 61 280 247 203 44
cat_boundaries=0 1
cat_threshold=137433280
is_linear=0
shrinkage=0.01


Tree=949
num_leaves=11
num_cat=0
split_feature=69 69 12 23 3 6 6 6 22 86
split_gain=0.834888 0.562979 0.52187 0.33522 0.607141 0.207395 0.336091 0.296272 0.0892843 0.0424747
threshold=88.014999390000014 88.885001185000007 0.66957464300000014 1.9000000060000002 0.33904378550000008 0.41309635700000008 0.37124435700000008 0.39384911900000003 1.9285714205000002 19.131428445000005
decision_type=2 2 2 2 2 2 2 2 2 2
left_child=3 -2 -3 5 -5 6 -1 -8 9 -7
right_child=1 2 -4 4 -6 8 7 -9 -10 -11
leaf_value=0.00084724545363234723 -0.00023792199372190393 0.00030930104532481898 -3.8371704992871904e-05 0.001670868933753638 -0.0003811109328839521 0.0016103532279243382 -0.00027701747390590731 0.0019103512710672141 -5.7525353567274483e-06 2.4746037298004329e-05
leaf_weight=37 23 38 21 28 33 175 22 21 30 20
leaf_count=37 23 38 21 28 33 175 22 21 30 20
internal_value=-0.000142602 -0.00105072 -0.000476589 5.72519e-05 -0.000606796 0.000197842 -0.000222772 -0.000833333 0.00035651 0.00043667
internal_weight=448 82 59 366 61 305 80 43 225 195
internal_count=448 82 59 366 61 305 80 43 225 195
is_linear=0
shrinkage=0.01


Tree=950
num_leaves=11
num_cat=0
split_feature=91 79 16 36 38 35 3 16 10 22
split_gain=0.572948 0.419598 0.422675 0.483669 0.419549 0.274504 0.247976 0.141989 0.0615385 0.0368743
threshold=126.98163360000002 3.7049999420000006 0.55652200000000007 4.4142857620000013 1.6500000360000002 3.3714285240000001 0.35729614250000002 0.62757321450000003 0.62670278550000014 1.8285714390000003
decision_type=2 2 2 2 2 2 2 2 2 2
left_child=1 -1 3 -3 5 -4 8 -7 -5 -2
right_child=9 2 4 6 -6 7 -8 -9 -10 -11
leaf_value=-5.6743544077712281e-05 0.0021355894762902774 -4.7662701379173285e-05 -0.00029042942755934338 -2.6567163070738357e-06 -0.00037939847650186892 -1.9060936050262455e-05 -1.7729052157209869e-05 0.00064368265725776668 1.7925110628105874e-05 0.00072353742485674842
leaf_weight=20 91 20 26 20 26 67 20 135 20 20
leaf_count=20 91 20 26 20 26 67 20 135 20 20
internal_value=-0.000226492 -0.000425592 -0.000331541 -0.000965347 -0.000121664 8.74127e-06 -0.000460526 0.000142998 0 0.000389088
internal_weight=465 354 334 80 254 228 60 202 40 111
internal_count=465 354 334 80 254 228 60 202 40 111
is_linear=0
shrinkage=0.01


Tree=951
num_leaves=11
num_cat=0
split_feature=21 57 20 0 16 61 3 11 46 16
split_gain=0.646178 0.905025 0.678951 0.540898 1.11485 0.27984 0.22603 0.217982 0.0790071 0.0403079
threshold=1.7428571200000003 5.084999561500001 2.5499999865000005 0.13548095150000003 0.6125375715000001 2.1949996945000003 0.32604826200000009 0.59381498600000016 5.7000000475000006 0.46839321400000006
decision_type=2 2 2 2 2 2 2 2 2 2
left_child=1 2 5 9 -5 -1 -7 -6 -9 -2
right_child=3 -3 -4 4 7 6 -8 8 -10 -11
leaf_value=0.0011633511596386636 1.7599610410887135e-05 -3.7401148528786943e-05 -0.00032317520417371806 -0.00015195703472147229 -9.2076091625744349e-05 0.00029745584804183659 -4.0780675375829514e-05 0.0022941729490511746 -8.4161100210539542e-05 0.00030728520316873663
leaf_weight=60 20 36 31 35 20 24 20 64 29 131
leaf_count=60 20 36 31 35 20 24 20 64 29 131
internal_value=-0.000282498 -0.000771246 -0.00037187 0 -0.000430108 1.27257e-11 -0.000580357 3.95431e-05 0.000261194 0.000418314
internal_weight=470 171 135 299 148 104 44 113 93 151
internal_count=470 171 135 299 148 104 44 113 93 151
is_linear=0
shrinkage=0.01


Tree=952
num_leaves=9
num_cat=0
split_feature=91 61 79 47 59 38 7 29
split_gain=0.834992 0.554136 0.505055 0.6011 1.08042 0.351133 0.345209 0.111066
threshold=126.98163360000002 2.2649998665000006 3.8435713475000006 17.799999900000003 1.2100000380000002 1.6500000360000002 0.52326885700000014 2.2214285815000001
decision_type=2 2 2 2 2 2 2 2
left_child=1 2 -1 5 -5 6 -4 -2
right_child=7 -3 3 4 -6 -7 -8 -9
leaf_value=-5.1350329837047684e-05 0.00010101191705035582 -3.9551671504565367e-05 -2.6884232477925652e-05 -2.5781956396925075e-05 -1.5563378798495331e-05 -0.00036188688218248473 0.0001784240688299914 0.0034191164850048182
leaf_weight=23 24 37 100 21 38 27 120 89
leaf_count=23 24 37 100 21 38 27 120 89
internal_value=-0.000434556 -0.000667939 -0.000526076 -0.000407432 -0.00131271 -0.00017958 -3.62319e-05 0.000303163
internal_weight=479 366 329 306 59 247 220 113
internal_count=479 366 329 306 59 247 220 113
is_linear=0
shrinkage=0.01


Tree=953
num_leaves=12
num_cat=1
split_feature=75 26 94 18 26 14 46 7 10 6 6
split_gain=1.13723 1.05387 0.594331 0.644592 0.345458 0.309989 0.211017 0.22321 0.635343 0.220004 0.0819471
threshold=7.8985713015000014 3.9999999830000004 0 12.245000000000003 3.9714286160000003 0.67515285700000016 2.9000000210000003 0.57458057150000008 0.66275619050000012 0.44154514300000008 0.45738614300000008
decision_type=2 2 1 2 2 2 2 2 2 2 2
left_child=2 5 3 -1 -5 -2 -4 8 9 -8 -6
right_child=1 -3 6 4 10 -7 7 -9 -10 -11 -12
leaf_value=-0.00026022966777093886 9.844517388161671e-06 -2.4694547747322127e-05 0.0048219168744077631 -0.0002238311464902991 0.00037156801953524556 -4.1611552211896231e-05 -6.5795686555232956e-05 0.0011289887518837918 -7.4212090392205196e-05 0.00042654481838660442 -2.3266895652411094e-05
leaf_weight=23 33 22 78 33 29 34 77 46 25 52 20
leaf_count=23 33 22 78 33 29 34 77 46 25 52 20
internal_value=-0.000469543 -0.00148664 -0.000225378 -0.000824698 -0.00044686 -0.000803835 2.42382e-05 -0.000139442 -0.000329457 -2.69645e-05 5.02008e-05
internal_weight=472 89 383 105 82 67 278 200 154 129 49
internal_count=472 89 383 105 82 67 278 200 154 129 49
cat_boundaries=0 1
cat_threshold=134218882
is_linear=0
shrinkage=0.01


Tree=954
num_leaves=12
num_cat=2
split_feature=94 2 46 79 79 94 91 22 0 23 0
split_gain=1.18017 1.00272 1.10314 0.50268 0.536167 0.172227 0.371378 0.1179 0.245229 0.0398428 0.0221279
threshold=0 0.27549048550000005 6.1999998575000008 6.3871428965000012 6.6842856920000004 1 87.274355950000015 1.8285714135000002 0.18199452050000003 1.8857142885000002 0.27487510400000004
decision_type=1 2 2 2 2 1 2 2 2 2 2
left_child=1 -1 10 5 -5 6 -2 -8 -9 -7 -3
right_child=3 2 -4 4 -6 9 7 8 -10 -11 -12
leaf_value=-0.00027367110081225542 -5.3734126645022347e-05 0.00022929401207094971 -0.00029112828284427858 -5.6562279284513388e-06 0.00075652911317211982 0.00024564781984680919 0.0016830361316834614 -5.6340789045406053e-05 0.00040840968522946604 0.0023576598761822342 0.00083767384529112024
leaf_weight=33 30 31 29 22 24 124 62 28 31 20 20
leaf_count=33 30 31 29 22 24 124 62 28 31 20 20
internal_value=-0.000310026 -0.00114297 -0.000594059 0 -0.000961538 0.00015382 -7.72559e-05 0.000151888 -0.00014214 0.000387597 0.000260618
internal_weight=454 113 80 341 46 295 151 121 59 144 51
internal_count=454 113 80 341 46 295 151 121 59 144 51
cat_boundaries=0 1 2
cat_threshold=136383620 33554522
is_linear=0
shrinkage=0.01


Tree=955
num_leaves=13
num_cat=0
split_feature=91 1 92 13 9 3 59 2 50 1 1 42
split_gain=0.64848 0.636586 0.388266 0.429539 1.22084 0.29401 0.193863 0.171611 0.451436 0.136905 0.179847 0.106886
threshold=122.11707235000002 0.31891319050000005 24.381587690000003 0.64314617500000015 0.61994157500000013 0.33357957150000001 0.8149995805000001 0.28431474300000004 1.6500000020000003 0.27603864250000004 0.29075161200000005 3.2000000555000008
decision_type=2 2 8 2 2 2 2 2 2 2 2 2
left_child=1 2 3 6 -5 -6 -1 8 -4 -2 -11 -10
right_child=9 -3 7 4 5 -7 -8 -9 11 10 -12 -13
leaf_value=0.00010692348914371518 0.0016505494609848899 -6.5357917618302962e-05 -0.00025343235425437946 -0.0002545045976407841 0.00064316539807934186 -5.8903808149583456e-05 -1.6410464824007674e-05 0.00021171911213613726 -9.6715756612821564e-06 -0.00019606602677858754 0.00096084219047206103 5.234008589746662e-05
leaf_weight=35 107 33 25 29 28 33 22 55 20 20 22 46
leaf_count=35 107 33 25 29 28 33 22 55 20 20 22 46
internal_value=-0.000253258 -0.000504896 -0.000345473 -0.000707037 -0.00113436 -0.000283172 0 6.812e-06 -0.000245098 0.000283712 -0.000163551 0.000164671
internal_weight=475 326 293 147 90 61 57 146 91 149 42 66
internal_count=475 326 293 147 90 61 57 146 91 149 42 66
is_linear=0
shrinkage=0.01


Tree=956
num_leaves=13
num_cat=0
split_feature=16 21 3 7 5 10 12 19 38 10 12 0
split_gain=0.772503 0.75494 0.793404 1.03959 0.682739 0.635772 0.408356 0.382483 0.259935 0.0399801 0.033148 0.0235968
threshold=0.69381592900000011 1.8285714135000002 0.34227875600000007 0.58719269050000011 0.36356564300000005 0.59185221450000014 0.58368921400000018 1.0285714225000002 1.5500000120000001 0.58547230600000011 0.71027235700000013 0.13817531250000004
decision_type=2 2 2 2 2 2 2 2 2 2 2 2
left_child=1 2 4 -4 5 6 -1 10 9 -2 -3 -6
right_child=8 7 3 -5 11 -7 -8 -9 -10 -11 -12 -13
leaf_value=-3.1564047610874957e-05 0.00025200416226801414 0.00014119641112894147 -8.7981110632621347e-05 -2.0624639032301418e-05 0.00017123252136544539 -0.00024731997404235927 0.001203099989860897 -2.1568035172908251e-05 -9.1436007992694841e-05 0.002638135437182167 0.00015077071593088223 -9.2134959407826102e-05
leaf_weight=25 20 66 27 27 34 21 23 24 38 126 20 20
leaf_count=25 20 66 27 27 34 21 23 24 38 126 20 20
internal_value=-0.000280839 -0.000606324 -0.00100956 -0.00202555 -0.000537157 -0.00119628 -0.000491803 2.70758e-05 0.00021645 0.000415531 0.000357143 0.000273723
internal_weight=471 287 177 54 123 69 48 110 184 146 86 54
internal_count=471 287 177 54 123 69 48 110 184 146 86 54
is_linear=0
shrinkage=0.01


Tree=957
num_leaves=13
num_cat=0
split_feature=23 5 17 16 14 91 92 16 47 27 2 1
split_gain=0.665343 1.18249 1.31378 0.363022 0.705534 0.506608 0.286899 0.281879 0.154428 0.30537 0.0362666 0.0173151
threshold=1.8714285535000001 0.42227021450000007 0.69710014300000012 0.70662519050000017 0.6699166430000002 85.039583330000013 26.397590145000006 0.68083361900000006 16.300000280000003 4.0214285510000005 0.25447816650000005 0.26716800950000003
decision_type=2 2 2 2 2 2 10 2 2 2 2 2
left_child=3 2 -2 4 8 -6 7 -7 -1 -10 -5 -3
right_child=1 11 -4 10 5 6 -8 -9 9 -11 -12 -13
leaf_value=0.00018774220784880958 -0.00017823165805088705 0.00051127654176559676 0.00090795190810151135 0.0018398593953157037 -0.0012016343959154456 -3.5107374938790594e-05 0.00024064416354605537 -0.00021454835090053129 1.2855064102300736e-06 -1.5363641768700044e-05 0.0033597847564865867 0.0024930108518171085
leaf_weight=80 34 20 27 20 20 44 35 25 30 24 86 23
leaf_count=80 34 20 27 20 20 44 35 25 30 24 86 23
internal_value=-0.000307167 -0.00101145 -0.00190129 -9.86842e-05 -0.000305255 -0.000849359 -0.000534351 -0.000909742 0.00018546 -0.00020073 0.000383895 0.000216895
internal_weight=468 104 61 364 258 124 104 69 134 54 106 43
internal_count=468 104 61 364 258 124 104 69 134 54 106 43
is_linear=0
shrinkage=0.01


Tree=958
num_leaves=12
num_cat=0
split_feature=48 18 14 76 63 43 17 87 17 0 0
split_gain=0.825335 0.823993 0.759974 0.384173 0.780873 0.344154 0.875261 0.177022 0.0485758 0.0892094 0.0235968
threshold=17.899999905000005 55.565000000000005 0.62552166050000013 6.171428510000001 30.669999600000001 5.6999999320000017 0.69173770400000012 21.056428640000004 0.58672026200000016 0.13929100000000003 0.22800294750000002
decision_type=2 2 2 2 2 2 2 2 2 2 2
left_child=3 2 -2 7 -5 -3 -7 -1 9 -9 -6
right_child=1 5 -4 4 10 6 -8 8 -10 -11 -12
leaf_value=-0.00028331374071662523 -1.2878561056295594e-05 8.9738352641674698e-06 -0.00024643446225090435 -0.0003987001035236367 0.00011155264575368138 -0.00016001984996480201 0.0027029420877496234 3.5979915621626989e-05 0.0009923673008968804 -1.8442489257055253e-05 0.00184608834301489
leaf_weight=32 25 44 38 37 20 20 25 33 164 20 34
leaf_count=32 25 44 38 37 20 20 25 33 164 20 34
internal_value=-0.000186688 -0.000798429 -0.00166928 8.21596e-05 -0.000462963 -0.000150334 -0.000775109 0.000290232 0.000397153 8.36431e-05 0.000273723
internal_weight=492 152 63 340 91 89 45 249 217 53 54
internal_count=492 152 63 340 91 89 45 249 217 53 54
is_linear=0
shrinkage=0.01


Tree=959
num_leaves=11
num_cat=1
split_feature=94 9 19 81 91 68 63 80 80 88
split_gain=1.05191 0.59764 1.48465 0.548121 0.402114 0.209353 0.201145 0.122084 0.114344 0.0802927
threshold=0 0.57114820000000011 0.87142857900000015 13.565000025000002 89.867262285000024 66.07999992000002 25.034999850000002 14.997142795000002 15.801428455000002 16.095714365000003
decision_type=1 2 2 2 2 2 2 2 2 2
left_child=1 2 -1 6 -5 7 -3 -2 -8 -9
right_child=5 3 -4 4 -6 -7 8 9 -10 -11
leaf_value=3.4288956421960565e-05 -5.4566686472774112e-05 -7.6127919376407779e-05 -0.00040693094738451487 -3.245443239620744e-05 -0.00012690417389726985 -1.2829665272094916e-05 9.4911468229284324e-05 0.00058003678604809155 -2.0845318821337804e-05 0.00051942469614069012
leaf_weight=28 21 20 20 25 32 25 62 39 21 183
leaf_count=28 21 20 20 25 32 25 62 39 21 183
internal_value=-0.000188758 -0.000703839 -0.00172131 -0.000422886 -0.00120242 0.000222382 0 0.000326087 0.000232697 0.000399461
internal_weight=476 208 48 160 57 268 103 243 83 222
internal_count=476 208 48 160 57 268 103 243 83 222
cat_boundaries=0 1
cat_threshold=170397315
is_linear=0
shrinkage=0.01


Tree=960
num_leaves=11
num_cat=0
split_feature=53 61 51 90 25 21 15 2 6 5
split_gain=0.475302 0.413774 0.350327 0.490896 0.492613 0.200129 0.345248 0.143561 0.0986264 0.0375363
threshold=0.60000001650000001 2.4549999235000004 0.80000001550000011 18.405714310000004 2.1714285825000004 1.8285714135000002 0.62065960700000011 0.29808214250000004 0.41309635700000008 0.35776542900000002
decision_type=2 2 2 2 2 2 2 2 2 2
left_child=-1 2 3 4 -2 7 -7 -5 -6 -4
right_child=1 -3 9 5 8 6 -8 -9 -10 -11
leaf_value=-8.9381480803319254e-05 -0.0005233795431873519 -9.1456245442644182e-05 0.00038249948598411023 0.00011832919830637605 -1.8011149107366791e-05 -1.3896246577664527e-05 7.2429970785237402e-05 -2.0727820227870297e-05 3.4423475539454018e-05 0.00080079572432076838
leaf_weight=29 20 25 20 84 20 25 75 58 24 97
leaf_count=29 20 25 20 84 20 25 75 58 24 97
internal_value=-0.000229175 -0.000142602 -6.25295e-05 -0.000244459 -0.00101852 -2.88303e-05 -0.000376984 0.000203081 -0.000357143 0.000394737
internal_weight=477 448 423 306 64 242 100 142 44 117
internal_count=477 448 423 306 64 242 100 142 44 117
is_linear=0
shrinkage=0.01


Tree=961
num_leaves=13
num_cat=0
split_feature=48 2 45 77 7 2 77 18 63 7 18 2
split_gain=0.706871 0.61965 0.435246 0.371389 0.380856 0.645499 0.654082 0.624901 0.256853 0.123825 0.0372139 0.0285266
threshold=19.599999875000005 0.26056550000000006 0.50000000350000018 8.5407144000000006 0.58610300000000015 0.3307505 8.9285713265000002 37.955000000000005 30.320000645000004 0.53476064300000015 14.605000000000002 0.35675721400000004
decision_type=2 2 2 2 2 2 2 2 2 2 2 2
left_child=3 -2 8 10 5 6 7 -5 -3 -8 -1 -6
right_child=1 2 -4 4 11 -7 9 -9 -10 -11 -12 -13
leaf_value=0.0014149668920902855 -1.7429609779785349e-05 0.0015114762376893958 -0.00051814574775547822 -0.00019597310158743524 0.0010219812586617779 -0.00010467327462507594 0.00036484505665748505 -9.8405757693206792e-05 -5.8342428532533187e-05 -5.3229845768913765e-06 0.003695437472153949 0.0019592241692075289
leaf_weight=20 22 34 20 23 47 21 66 38 28 20 94 20
leaf_count=20 22 34 20 23 47 21 66 38 28 20 94 20
internal_value=-0.000289775 -0.00101145 -0.000567633 -6.71812e-05 -0.000298982 -0.000556872 -0.000301083 -0.00109223 -0.000111465 0.000241935 0.000391986 0.000317109
internal_weight=453 104 82 349 235 168 147 61 62 86 114 67
internal_count=453 104 82 349 235 168 147 61 62 86 114 67
is_linear=0
shrinkage=0.01


Tree=962
num_leaves=14
num_cat=0
split_feature=17 53 27 14 7 18 57 15 93 43 27 93 3
split_gain=0.765373 0.634791 0.809065 0.534591 0.410725 0.388587 0.586932 1.13298 0.58097 0.546156 0.127622 0.23972 0.0356
threshold=0.53054121450000014 2.8000000420000002 4.0785714385000009 0.65809885700000004 0.57458057150000008 39.945000000000007 2.7749996185000003 0.6786632855000001 20.795182595000004 6.2500000070000015 3.8714285920000004 25.694522490000004 0.39974778600000005
decision_type=2 2 2 2 2 2 2 2 10 2 2 10 2
left_child=1 2 3 -1 5 6 -2 8 -8 10 11 -7 -6
right_child=4 -3 -4 -5 12 9 7 -9 -10 -11 -12 -13 -14
leaf_value=-1.9040352668222463e-05 0.00078588836347467852 4.6820208102430805e-05 0.0001977931766353562 -4.3743306325972947e-05 0.0036109621598088702 -0.00017740933727750872 2.8195418647852066e-05 -0.00032565509496052436 -7.4277275937569812e-05 -0.0017522618502233602 0.0023992064299057192 0.0013045758260952867 0.00076285342267683989
leaf_weight=24 39 27 20 23 81 29 40 24 20 25 80 33 20
leaf_count=24 39 27 20 23 81 29 40 24 20 25 80 33 20
internal_value=-0.00036126 -0.00117089 -0.00168879 -0.0023954 -0.00015952 -0.000354195 -0.000779483 -0.00125 -0.000460526 -2.68176e-05 0.000203081 -0.000111465 0.000378193
internal_weight=485 94 67 47 391 290 123 84 60 167 142 62 101
internal_count=485 94 67 47 391 290 123 84 60 167 142 62 101
is_linear=0
shrinkage=0.01


Tree=963
num_leaves=11
num_cat=0
split_feature=91 24 12 14 60 83 3 76 12 18
split_gain=1.14911 0.69487 0.365909 0.629232 0.943268 0.604525 0.560659 0.216201 0.0401139 0.0319177
threshold=109.82819450000001 1.8428571435000001 0.66957464300000014 0.59722592850000011 7.6249995235000005 10.000714231500002 0.34265907150000002 5.2449999945000014 0.73913742850000008 21.425000000000004
decision_type=2 2 2 2 2 2 2 2 2 2
left_child=1 -1 3 4 -3 6 -4 -2 -9 -5
right_child=7 2 5 9 -6 -7 -8 8 -10 -11
leaf_value=-0.00036607182593023711 -0.00019013355017578545 -0.00026203681928726222 -0.00025881813891818074 9.7898391457822487e-05 0.00020531031721529415 -4.1238386144341837e-05 0.0016897955395994331 0.0030777312028691713 0.0022900960387624465 5.2252235843527352e-05
leaf_weight=38 27 21 30 20 28 33 34 128 20 60
leaf_count=38 27 21 30 20 28 33 34 128 20 60
internal_value=-0.000360391 -0.000777946 -0.000551146 -0.000181048 -0.0010743 -0.00101738 -0.000401235 0.000258817 0.000416667 0.000346535
internal_weight=439 264 226 129 49 97 64 175 148 80
internal_count=439 264 226 129 49 97 64 175 148 80
is_linear=0
shrinkage=0.01


Tree=964
num_leaves=13
num_cat=1
split_feature=94 91 21 74 78 43 77 39 74 18 22 0
split_gain=0.923495 0.853208 0.837791 1.20914 0.336618 0.31071 0.309516 0.732844 0.293529 0.137063 0.113801 0.0402441
threshold=0 123.10616740000002 1.8285714135000002 7.2892856260000007 6.5800000770000011 6.4000001105000006 8.8857142585000002 6.7500000300000016 6.9821429250000007 68.960000000000022 1.9571428385000003 0.28231254200000006
decision_type=1 2 2 2 2 2 2 2 2 2 2 2
left_child=1 2 3 -1 5 11 7 -6 -8 -9 -10 -2
right_child=4 -3 -4 -5 6 -7 8 9 10 -11 -12 -13
leaf_value=-6.0820573774282544e-06 0.0017922932905227486 0.0015098196847095873 -1.1248025247414177e-05 -0.0011266396199333506 -0.0002168298012890505 -0.00049517426818784988 -1.0941923615728489e-05 6.9835305801251466e-05 3.8935364517295301e-05 -0.00021653267095751071 1.1559879720916475e-06 0.0010731022316137035
leaf_weight=26 130 23 32 22 30 20 37 26 71 25 22 20
leaf_count=26 130 23 32 22 30 20 37 26 71 25 22 20
internal_value=-0.000321782 -0.0011116 -0.00170792 -0.00254098 -7.01889e-05 0.000251756 -0.000342304 -0.000825183 -2.29358e-05 -4.82625e-05 0.000261194 0.000417772
internal_weight=484 103 80 48 381 170 211 81 130 51 93 150
internal_count=484 103 80 48 381 170 211 81 130 51 93 150
cat_boundaries=0 1
cat_threshold=33555621
is_linear=0
shrinkage=0.01


Tree=965
num_leaves=14
num_cat=1
split_feature=83 26 18 94 93 3 3 67 3 3 42 62 2
split_gain=1.27011 1.01801 0.827384 0.796015 1.26078 0.5999 0.562059 0.305201 0.2292 0.144307 0.323427 0.0421141 0.0226349
threshold=10.000714231500002 3.9571428470000005 12.535000000000002 0 22.781460930000005 0.24132092850000003 0.30164670000000005 66.350001335000016 0.30345667850000008 0.35233857150000009 9.7999999410000012 34.810000895000009 0.30880726750000004
decision_type=2 2 2 1 8 2 2 2 2 2 2 2 2
left_child=2 7 6 4 -4 -3 -1 -2 -6 11 -11 -5 -10
right_child=1 5 3 9 8 -7 -8 -9 12 10 -12 -13 -14
leaf_value=-8.6934631592801189e-05 -2.2255219308906599e-05 -6.0849162961973729e-06 -0.00010124065732928081 0.00048528477126228467 -0.00021297265546877167 -2.8958986481452186e-05 -0.00018748848533562076 0.00083224719439927428 0.00084075293781633615 -0.00012715289196702474 0.0030669969934031122 0.00087488922383374419 0.00019615633823260524
leaf_weight=23 22 23 28 20 28 26 21 23 32 25 39 166 20
leaf_count=23 22 23 28 20 28 26 21 23 32 25 39 166 20
internal_value=-0.000442834 -0.00148734 -0.000191162 -2.50836e-05 -0.000707071 -0.00247992 -0.00147321 -0.000338428 -9.90099e-05 0.000279908 -9.25926e-05 0.000433619 0.000265152
internal_weight=496 94 402 358 108 49 44 45 80 250 64 186 52
internal_count=496 94 402 358 108 49 44 45 80 250 64 186 52
cat_boundaries=0 1
cat_threshold=137431052
is_linear=0
shrinkage=0.01


Tree=966
num_leaves=8
num_cat=0
split_feature=36 72 17 69 10 15 93
split_gain=0.849346 0.563365 0.69834 0.925296 0.677869 0.704307 0.28066
threshold=4.1357142925000012 58.840000150000009 0.68431400000000009 79.730000500000003 0.59112226200000006 0.61547571450000016 25.572599765000003
decision_type=2 2 2 2 2 2 8
left_child=6 -2 3 -3 -5 -6 -1
right_child=1 2 -4 4 5 -7 -8
leaf_value=-0.00023041076901005064 -0.0003514341437637815 -8.4289672162194101e-05 0.0022798445016345087 8.3051322323117322e-05 -1.7753583181248733e-05 -3.6590850936000882e-05 0.001585619523490796
leaf_weight=23 37 35 57 54 45 95 113
leaf_count=23 37 35 57 54 45 95 113
internal_value=-0.000388212 -0.000668623 -0.000505579 -0.000755004 -0.000467146 -0.000838068 0.000263158
internal_weight=459 323 286 229 194 140 136
internal_count=459 323 286 229 194 140 136
is_linear=0
shrinkage=0.01


Tree=967
num_leaves=11
num_cat=0
split_feature=16 17 70 5 0 17 6 7 7 6
split_gain=0.917701 0.590761 0.638514 0.510975 1.26848 0.60205 0.244737 0.0986264 0.0945605 0.453466
threshold=0.69381592900000011 0.43322835700000001 43.799999715000006 0.42560378550000005 0.24297752100000003 0.53864321400000015 0.43127988100000009 0.48066728550000004 0.59456850000000017 0.50634735700000022
decision_type=2 2 2 2 2 2 2 2 2 2
left_child=1 -1 -3 4 5 -4 7 -2 9 -5
right_child=6 2 3 8 -6 -7 -8 -9 -10 -11
leaf_value=-2.0660592720931712e-05 0.0016882951095372432 -0.00014747198816417918 -1.6891446904238162e-05 0.0018485549883983671 -7.3778781080502344e-05 2.6105127771318755e-05 0.0014040002366605684 -0.00042181947427826844 0.0016114238955259892 -8.6963829887973772e-05
leaf_weight=20 24 21 44 42 22 74 130 20 50 20
leaf_count=20 24 21 44 42 22 74 130 20 50 20
internal_value=-0.000308893 -0.000651804 -0.000516801 -0.000363924 -0.000767045 -0.000328283 0.000257437 -0.000357143 0.000124113 -0.000111465
internal_weight=467 293 273 252 140 118 174 44 112 62
internal_count=467 293 273 252 140 118 174 44 112 62
is_linear=0
shrinkage=0.01


Tree=968
num_leaves=12
num_cat=0
split_feature=17 61 3 18 91 30 84 69 17 20 0
split_gain=1.33814 0.6658 0.708671 0.619768 1.02542 1.5133 0.592076 0.269831 0.443815 0.0404331 0.0192946
threshold=0.55967792850000009 2.0400004385000003 0.34705196450000003 37.955000000000005 109.82819450000001 2.9214285525000006 13.022857190000002 78.325001715000013 0.69084445250000004 2.2214285645000005 0.25436704900000001
decision_type=2 2 2 2 2 2 2 2 2 2 2
left_child=1 2 6 4 5 -2 -1 8 -5 -9 -10
right_child=3 -3 -4 7 -6 -7 -8 9 10 -11 -12
leaf_value=-0.00031360144607995807 -0.00035512874354366503 -3.3631754934992677e-05 0.0016382831389854938 -0.00022133916435989421 0.0035602702791846519 6.3003756286553493e-06 -9.4303818129768984e-06 0.00031833183925707279 0.0044072241722891434 0.0018234251213636486 0.00033383890745364119
leaf_weight=33 33 26 26 25 43 36 31 20 26 133 20
leaf_count=33 33 26 26 25 43 36 31 20 26 133 20
internal_value=-0.000446113 -0.00136986 -0.000914097 -0.000118765 -0.00072695 -0.00148281 -0.00148148 0.000177936 -0.00031337 0.000419376 0.000235043
internal_weight=452 116 90 336 112 69 64 224 71 153 46
internal_count=452 116 90 336 112 69 64 224 71 153 46
is_linear=0
shrinkage=0.01


Tree=969
num_leaves=11
num_cat=0
split_feature=29 17 41 20 4 10 91 48 10 4
split_gain=0.855099 0.826175 1.0175 0.7305 0.539518 0.906039 0.234945 0.146562 0.0302359 0.0249217
threshold=2.3571428655000006 0.68374750000000006 1.3500000390000002 2.1428571175000006 0.39193309500000001 0.66171585750000006 109.82819450000001 16.750000255000003 0.68140264300000009 0.44099335700000003
decision_type=2 2 2 2 2 2 2 2 2 2
left_child=1 2 -1 -4 5 -5 -3 -2 -8 -6
right_child=7 6 3 4 9 -7 8 -9 -10 -11
leaf_value=-0.0013081487327959397 0.001701389748919335 -0.0002078819639877044 -4.1449599992845408e-05 -2.4700108734680189e-05 0.00039000897131102229 -0.00016249512539251933 0.001124089129992064 -1.4449313225424259e-05 0.0025732338995823512 0.00054347755312606286
leaf_weight=29 85 20 38 94 37 20 53 37 20 20
leaf_count=29 85 20 38 94 37 20 53 37 20 20
internal_value=-0.000466064 -0.000730862 -0.00104271 -0.000779314 -0.00048021 -0.000879791 4.79744e-05 0.000236156 0.000331978 0.000285467
internal_weight=453 331 238 209 171 114 93 122 73 57
internal_count=453 331 238 209 171 114 93 122 73 57
is_linear=0
shrinkage=0.01


Tree=970
num_leaves=13
num_cat=0
split_feature=91 92 84 39 3 47 53 42 50 52 76 4
split_gain=1.59261 0.652503 0.708838 0.882323 0.640784 0.542986 0.533138 1.20153 0.409306 0.275224 0.193708 0.150164
threshold=109.82819450000001 25.560182840000007 13.022857190000002 5.5999999975000003 0.36728693450000005 13.950000075000002 2.5000000335000006 11.499999900000002 11.849999815000002 1.0999999900000001 5.2449999945000014 0.42229839050000006
decision_type=2 10 2 2 2 2 2 2 2 2 2 2
left_child=1 2 3 -1 8 -5 7 -3 -4 -9 -2 -12
right_child=10 6 4 5 -6 -7 -8 9 -10 -11 11 -13
leaf_value=-0.00029172196891502086 -8.1689769812902832e-05 -1.9959805437251298e-05 0.0024210022892131255 -0.0012344966452155855 -4.8650459811562513e-05 4.0711395234688433e-05 9.7862843007989932e-05 0.0026786448314159461 -9.3092648218412208e-06 -0.0002915105751904752 0.0024624368491269169 -0.00039315714372228092
leaf_weight=25 27 23 38 20 26 20 44 35 21 27 141 20
leaf_count=25 27 23 38 20 26 20 44 35 21 27 141 20
internal_value=-0.000479906 -0.000959614 -0.00141247 -0.00221125 -0.000763403 -0.00117647 -0.000412173 -0.000879953 -0.00014214 -0.000111465 0.000222458 0.000361557
internal_weight=467 279 150 65 85 40 129 85 59 62 188 161
internal_count=467 279 150 65 85 40 129 85 59 62 188 161
is_linear=0
shrinkage=0.01


Tree=971
num_leaves=12
num_cat=0
split_feature=68 75 48 25 10 62 10 15 16 41 21
split_gain=0.961659 1.0155 1.38185 0.783872 0.607727 0.41557 0.183411 0.454678 0.374776 0.0683074 0.0412264
threshold=63.204998970000005 7.8307142925000006 17.899999905000005 2.4857142820000004 0.67407207150000004 34.825000765000006 0.6238343715000001 0.68529714300000011 0.70960224500000013 15.199999780000001 1.9571428385000003
decision_type=2 2 2 2 2 2 2 2 2 2 2
left_child=3 4 -3 5 9 -1 7 -7 -9 -2 -8
right_child=1 2 -4 -5 -6 6 10 8 -10 -11 -12
leaf_value=-0.00017790807492956424 7.6902360247769498e-05 4.9131272629453909e-06 -4.9454284902831901e-05 -0.00028796649287978198 -0.00017923910636024443 0.0006807589412809326 0.0013664572062435131 -0.0012149665078110747 0.00063752233857806517 2.1070662740649784e-05 0.00017402321932395742
leaf_weight=22 35 22 24 26 20 65 147 20 33 25 20
leaf_count=22 35 22 24 26 20 65 147 20 33 25 20
internal_value=-0.000322966 -0.00106467 -0.00224359 -3.44518e-05 -0.000346535 0.000102339 0.000211687 -7.57576e-05 -0.000771375 0.000131579 0.000426103
internal_weight=459 126 46 333 80 307 285 118 53 60 167
internal_count=459 126 46 333 80 307 285 118 53 60 167
is_linear=0
shrinkage=0.01


Tree=972
num_leaves=12
num_cat=1
split_feature=15 3 26 94 18 25 25 25 48 92 25
split_gain=1.14781 1.28817 0.815865 0.718934 0.910099 0.925288 0.465567 0.445297 0.35243 0.406906 0.181391
threshold=0.5913322860000001 0.22321200000000002 3.9571428470000005 0 55.565000000000005 2.2714285810000008 2.2428571540000006 2.2285713975000001 15.400000130000002 26.231004275000004 2.2285714105000003
decision_type=2 2 2 1 2 2 2 2 2 10 2
left_child=1 -1 -3 4 5 -2 7 8 9 -5 -6
right_child=3 2 -4 6 10 -7 -8 -9 -10 -11 -12
leaf_value=0.00041431318449253884 -0.00012277630968934611 -3.4127415172534891e-06 -2.1413137704615316e-05 -0.00026406405006746634 -7.1365041448079701e-05 -0.00040915228471570585 0.0023474716122409817 -3.6560566662820267e-05 0.0022683351473008605 0.00016510077280813205 0.00069202642029017743
leaf_weight=21 36 22 35 48 33 21 115 29 60 25 29
leaf_count=21 36 22 35 48 33 21 115 29 60 25 29
internal_value=-0.000528644 -0.00163706 -0.00241349 -0.000302419 -0.000912943 -0.00189446 0 -0.000350123 -8.59492e-05 -0.000562331 -0.000111465
internal_weight=474 78 57 396 119 57 277 162 133 73 62
internal_count=474 78 57 396 119 57 277 162 133 73 62
cat_boundaries=0 1
cat_threshold=134220807
is_linear=0
shrinkage=0.01


Tree=973
num_leaves=11
num_cat=0
split_feature=16 70 43 91 31 47 21 74 7 1
split_gain=1.19707 0.834884 0.704446 0.513463 0.646997 0.681998 0.488165 0.24329 0.211382 0.031233
threshold=0.70662519050000017 43.944997790000009 6.7999998925000016 95.953702695000018 4.492857099000001 16.349999940000004 1.7428571200000003 8.3614285675000009 0.55995945250000012 0.22607490000000002
decision_type=2 2 2 2 2 2 2 2 2 2
left_child=1 -1 3 4 5 -3 -6 -2 9 -5
right_child=7 2 -4 8 6 -7 -8 -9 -10 -11
leaf_value=-0.00025882520274890189 0.0027041306038312236 -0.00031527524413411018 -3.3712477934012108e-05 0.0040482787019196463 -4.3986423469602309e-05 -2.5485581796543224e-05 3.4795542884247967e-05 -0.0001555429603465178 -3.9266308961833358e-05 0.0024372321043872945
leaf_weight=34 111 25 29 20 47 27 66 26 22 57
leaf_count=34 111 25 29 20 47 27 66 26 22 57
internal_value=-0.000507745 -0.000837401 -0.000651804 -0.000475831 -0.00081725 -0.00174242 -0.000364675 0.000264877 7.51503e-05 0.000340617
internal_weight=464 327 293 264 165 52 113 137 99 77
internal_count=464 327 293 264 165 52 113 137 99 77
is_linear=0
shrinkage=0.01


Tree=974
num_leaves=12
num_cat=0
split_feature=78 16 47 75 2 7 78 53 63 93 20
split_gain=1.4251 0.645745 0.899205 0.809503 1.07857 0.725172 0.41024 0.397348 0.189966 0.144437 0.0411741
threshold=6.5800000770000011 0.70057669050000004 13.099999875000002 7.8985713015000014 0.17881271450000003 0.53542550000000011 6.8578571420000012 0.65000000600000007 25.020000460000002 18.201050400000003 2.5642856870000004
decision_type=2 2 2 2 2 2 2 2 2 10 2
left_child=7 2 -2 6 -5 -6 -4 -1 -9 -8 -10
right_child=1 -3 3 4 5 -7 9 8 10 -11 -12
leaf_value=-0.0001520065588719482 -0.00022832852353932244 0.00089203885121535238 -7.7256288260804881e-05 0.00087968569858517284 -4.2915137491110428e-05 -4.8170789486575034e-05 0.00017461309599584634 -3.8354092778586984e-05 0.0034795250980695614 -1.2370421782460377e-05 0.00029495136475013255
leaf_weight=24 38 28 26 20 23 43 50 31 146 31 20
leaf_count=24 38 28 26 20 23 43 50 31 146 31 20
internal_value=-0.000453411 -0.000956505 -0.00113244 -0.000833333 -0.0015553 -0.00217066 -0.000227273 0.000128494 0.000285642 0.000103912 0.000425659
internal_weight=480 259 231 193 86 66 107 221 197 81 166
internal_count=480 259 231 193 86 66 107 221 197 81 166
is_linear=0
shrinkage=0.01


Tree=975
num_leaves=12
num_cat=0
split_feature=57 57 46 15 92 5 26 42 3 63 72
split_gain=0.926732 1.12245 0.849893 0.868466 0.688594 0.477807 0.857324 0.360127 0.78454 0.283526 0.223575
threshold=5.084999561500001 5.4849991795000008 3.3000000570000005 0.57585347600000014 26.000940735000004 0.36822397650000011 3.9857142820000004 7.4999999700000011 0.33099478600000004 25.034999850000002 71.80000019500001
decision_type=2 2 2 2 10 2 2 2 2 2 2
left_child=4 -2 3 -3 5 6 -1 8 -7 -9 -4
right_child=1 2 10 -5 -6 7 -8 9 -10 -11 -12
leaf_value=-0.00037491577329423645 -0.00011933477537813979 3.1748957643011102e-05 0.00048956090988846155 -5.9320817323140809e-05 0.0013864899475090518 0.0011145370073077283 -0.00012187178066680663 -4.4833243146996694e-05 -0.00028688156823397686 0.0024070898152577184 -0.00026380357339805344
leaf_weight=24 20 20 43 34 117 20 39 21 20 78 33
leaf_count=24 20 20 43 34 117 20 39 21 20 78 33
internal_value=-0.000433163 -0.0010809 -0.000711009 -0.00166058 -0.000120388 -0.000478304 -0.00119906 -0.000132332 -0.000931373 0.000175351 0
internal_weight=469 150 130 54 319 202 63 139 40 99 76
internal_count=469 150 130 54 319 202 63 139 40 99 76
is_linear=0
shrinkage=0.01


Tree=976
num_leaves=12
num_cat=0
split_feature=69 54 91 29 17 17 11 91 32 91 6
split_gain=1.38469 0.88699 0.589912 0.43775 0.494857 0.977857 0.262806 0.620896 0.219057 0.0896892 0.0302359
threshold=88.069998740000003 3.3500000015000002 86.986962070000018 2.2642857175000004 0.68627167850000015 0.66957750000000016 0.69040714300000017 93.898297925000023 4.0214285850000007 110.27522065000001 0.4705305385000001
decision_type=2 2 2 2 2 2 2 2 2 2 2
left_child=3 -2 -3 4 5 6 7 -1 -5 -6 -11
right_child=1 2 -4 8 9 -7 -8 -9 -10 10 -12
leaf_value=-2.5657744207295075e-05 -4.6630799966213049e-05 2.4137200389279497e-05 -8.1962387146542227e-05 -5.3583054041947321e-05 -0.00019183389113354481 -0.00039005203110951118 -0.00034126627600590044 0.00035712014361691561 0.0033441006081058413 0.0025315615603190267 0.00061614638865909832
leaf_weight=31 27 38 22 29 20 20 26 72 120 53 20
leaf_count=31 27 38 22 29 20 20 26 72 120 53 20
internal_value=-0.000394737 -0.00153189 -0.000789474 -0.000133997 -0.000399506 -0.000757677 -0.000412173 -0.00015896 0.000283712 0.000154584 0.000331978
internal_weight=478 87 60 391 242 149 129 103 149 93 73
internal_count=478 87 60 391 242 149 129 103 149 93 73
is_linear=0
shrinkage=0.01


Tree=977
num_leaves=14
num_cat=0
split_feature=78 52 77 7 2 41 87 64 87 11 50 2 44
split_gain=0.68783 0.627122 0.588377 0.623253 0.727381 0.984012 0.317769 0.449766 0.301874 0.29647 0.15807 0.109019 0.0401139
threshold=6.5800000770000011 0.35000000900000006 8.9900000095000028 0.58719269050000011 0.24034504750000005 9.7499999775000017 22.581428395000003 32.435000420000001 20.808571200000003 0.62818764300000007 13.949999620000002 0.29735225000000004 2.9499999360000007
decision_type=2 2 2 2 2 2 2 2 2 2 2 2 2
left_child=1 -1 3 4 -2 -6 11 -8 9 -3 -9 -4 -10
right_child=2 8 6 -5 5 -7 7 10 12 -11 -12 -13 -14
leaf_value=-3.8942156746644419e-05 -9.371389649319793e-05 0.0012028144761462604 0.0024911915574725644 0.0025944996923325191 -1.9329317242538761e-05 -0.00022650089392605246 -7.5043806189469084e-05 0.00033661196009093 0.0035758207151000811 -0.000911312278281375 -2.8375459629247299e-05 -4.9615769489319958e-05 0.0022618111575547976
leaf_weight=23 33 20 48 26 33 31 24 23 128 29 22 20 20
leaf_count=23 33 20 48 26 33 31 24 23 128 29 22 20 20
internal_value=-0.000411814 0 -0.000759202 -0.00126414 -0.00163088 -0.00225309 -0.000286647 -0.000766476 0.00018453 -0.000471888 -0.000120087 0.000174419 0.000416667
internal_weight=480 220 260 123 97 64 137 69 197 49 45 68 148
internal_count=480 220 260 123 97 64 137 69 197 49 45 68 148
is_linear=0
shrinkage=0.01


Tree=978
num_leaves=14
num_cat=0
split_feature=16 72 33 17 17 17 6 17 11 18 39 86 0
split_gain=1.06755 0.791125 0.732026 1.20535 0.882431 0.696221 0.382262 0.475182 0.852613 0.296177 0.206486 0.0825218 0.0819471
threshold=0.57422289300000007 66.500000955000004 5.2428571500000007 0.69531664300000007 0.6556679645000002 0.46331139250000003 0.48494028600000005 0.65092185750000009 0.64698435750000016 31.965000000000003 6.1000001580000012 18.959285600000005 0.2660955805000001
decision_type=2 2 2 2 2 2 2 2 2 2 2 2 2
left_child=1 5 3 4 -2 -1 7 8 9 -4 -7 -9 -5
right_child=2 -3 6 12 -6 10 -8 11 -10 -11 -12 -13 -14
leaf_value=-1.1834436593868048e-05 -5.2430469128675927e-05 0.00083842943142122407 -5.1251509738825634e-05 0.0016549710557639031 -0.00086834931632889909 -7.1835868736460921e-05 0.0027495937205316494 0.001749490588054568 -0.00012058653376491824 0.0031558888382500969 -0.00015526453708418863 -0.00012400433650714738 -0.00018663003736278845
leaf_weight=30 20 24 25 29 28 20 101 53 22 32 20 26 20
leaf_count=30 20 24 25 29 28 20 101 53 22 32 20 26 20
internal_value=-0.000539042 -0.00148734 -0.000280269 -0.00101738 -0.00213115 -0.00201977 0 -0.000308564 -0.000858396 -0.00016436 -0.00289216 0.000219298 5.02008e-05
internal_weight=450 94 356 97 48 70 259 158 79 57 40 79 49
internal_count=450 94 356 97 48 70 259 158 79 57 40 79 49
is_linear=0
shrinkage=0.01


Tree=979
num_leaves=12
num_cat=0
split_feature=17 41 42 42 93 91 91 91 4 12 1
split_gain=1.38826 1.68672 1.20604 1.67287 0.373459 0.585988 0.328396 0.289121 0.865771 0.032135 0.0180012
threshold=0.68374750000000006 1.3500000390000002 7.9499999730000015 3.8500000610000007 18.714799965000001 66.85331105500002 101.58781145000002 95.953702695000018 0.34417692850000009 0.71155085700000009 0.27463209500000002
decision_type=2 2 2 2 10 2 2 2 2 2 2
left_child=1 -1 3 4 5 -3 -2 8 -4 -9 -10
right_child=6 2 7 -5 -6 -7 -8 9 10 -11 -12
leaf_value=-0.0010379309254210133 -0.00020047711837453981 0.00048829653495313402 -0.00052993189984659977 -0.00012774275120136077 0.00082031028184916086 -6.7892168155012789e-05 0.0020466362354451535 0.0014028237500462776 0.00032070162857177509 3.963611440892527e-05 9.9463100204002098e-05
leaf_weight=32 20 29 21 37 23 50 114 61 24 20 20
leaf_count=32 20 29 21 37 23 50 114 61 24 20 20
internal_value=-0.000581009 -0.000942417 -0.000684045 -0.00134835 -0.000651751 -0.000983709 0.000259644 -3.40599e-05 -0.000539514 0.000348411 0.000223214
internal_weight=451 317 285 139 102 79 134 146 65 81 44
internal_count=451 317 285 139 102 79 134 146 65 81 44
is_linear=0
shrinkage=0.01


Tree=980
num_leaves=14
num_cat=0
split_feature=16 10 6 48 14 0 27 16 39 77 16 46 3
split_gain=1.09704 0.560855 1.09347 0.743223 0.740698 0.819623 0.753784 0.409247 0.390656 0.471431 0.24985 0.140638 0.170852
threshold=0.70662519050000017 0.58477135700000005 0.51259321400000013 11.199999885000002 0.68534450000000013 0.10870237500000002 3.9714285480000004 0.66486142900000011 6.7999999560000015 9.2907142640000018 0.55146235700000013 5.3500000240000007 0.34819728550000006
decision_type=2 2 2 2 2 2 2 2 2 2 2 2 2
left_child=1 8 3 7 6 -6 -5 -3 9 -1 -4 -2 -13
right_child=11 2 10 4 5 -7 -8 -9 -10 -11 -12 12 -14
leaf_value=-5.4755470185863185e-05 0.0022065188846830596 -5.7696575538077575e-05 -3.9686174443311337e-05 -7.4752950703529714e-05 -0.0001031384247583164 -0.0014783975579274506 7.4995858343747632e-06 0.00071643557268180277 0.00037207769347927369 0.00069596777598013087 0.0029949421923853 -0.00040061850125356084 0.00065315699097761876
leaf_weight=34 98 33 20 24 27 34 28 25 51 20 46 20 20
leaf_count=34 98 33 20 24 27 34 28 25 51 20 46 20 20
internal_value=-0.00047421 -0.00077888 -0.0010492 -0.00146973 -0.0019464 -0.00271036 -0.000984848 -0.000493197 -0.000146503 -0.000748175 1.49701e-05 0.000266571 -0.000196078
internal_weight=480 342 237 171 113 61 52 58 105 54 66 138 40
internal_count=480 342 237 171 113 61 52 58 105 54 66 138 40
is_linear=0
shrinkage=0.01


Tree=981
num_leaves=14
num_cat=1
split_feature=75 91 8 94 87 6 92 27 39 70 35 24 5
split_gain=0.634956 0.752347 0.571305 0.397692 0.469819 0.625414 0.443629 0.251876 0.11684 0.165498 0.249492 0.0599466 0.0662955
threshold=7.8985713015000014 75.012119650000002 0.63121697600000004 0 21.501428465000004 0.44363492850000003 19.042275835000002 3.5428571360000007 6.9999997465000012 51.354999545000005 5.0285714350000008 1.7928571485000002 0.39217238550000005
decision_type=2 2 2 1 2 2 8 2 2 2 2 2 2
left_child=3 -2 -3 4 5 -1 -6 -5 9 10 -9 12 -10
right_child=1 2 -4 7 6 -7 -8 8 11 -11 -12 -13 -14
leaf_value=-0.00054179470108852606 0.00074220680602933673 -5.1751209718105058e-05 -0.000109242673396247 -9.9276737803756732e-05 -0.00027267170677245354 -6.2792899659707481e-05 0.00022452113749550306 -0.00010094938266124819 -0.00012330920279625507 0.0016510713335393535 0.00030328980427149336 0.0024522019936577262 0.00011329949209352541
leaf_weight=20 29 29 25 28 29 23 43 30 20 34 33 98 22
leaf_count=20 29 29 25 28 29 23 43 30 20 34 33 98 22
internal_value=-0.000358991 -0.00115155 -0.00184307 -0.000178571 -0.000639905 -0.00151826 -0.000164835 3.80711e-05 0.00015349 -9.7137e-05 -0.00041536 0.000340909 0
internal_weight=463 83 54 380 115 43 72 265 237 97 63 140 42
internal_count=463 83 54 380 115 43 72 265 237 97 63 140 42
cat_boundaries=0 1
cat_threshold=35652738
is_linear=0
shrinkage=0.01


Tree=982
num_leaves=13
num_cat=0
split_feature=78 7 2 18 71 41 7 6 1 64 6 1
split_gain=1.02883 0.61013 0.621506 0.73396 1.33586 0.873336 0.847135 0.71686 0.506816 0.560526 0.182605 0.092457
threshold=6.5321428820000014 0.62517864300000003 0.17881271450000003 39.945000000000007 45.519999985000005 10.549999805000001 0.5288412145000001 0.42336860700000006 0.28934150000000003 32.250000000000007 0.40597171450000008 0.25887092900000003
decision_type=2 2 2 2 2 2 2 2 2 2 2 2
left_child=8 2 -2 4 -4 11 -6 -7 10 -10 -1 -5
right_child=1 -3 3 5 6 7 -8 -9 9 -11 -12 -13
leaf_value=-0.00047904718104934091 0.00038160378501495256 0.00069008791901521585 0.00049777005671263407 0.00050825425511044067 -0.00038829242856969524 -0.00024217531256755443 -7.042418612362636e-05 -6.6896468822870599e-05 -0.00014887297325080393 0.0019134581042827359 0.0027752902370466017 -0.00015049538879887344
leaf_weight=33 21 25 22 35 39 21 23 57 22 36 107 20
leaf_count=33 21 25 22 35 39 21 23 57 22 36 107 20
internal_value=-0.000600909 -0.00101024 -0.00116834 -0.0013292 -0.00207547 -0.000833333 -0.00281847 -0.00151015 -4.52716e-05 -0.000833333 0.000269886 9.85663e-05
internal_weight=461 263 238 217 84 133 62 78 198 58 140 55
internal_count=461 263 238 217 84 133 62 78 198 58 140 55
is_linear=0
shrinkage=0.01


Tree=983
num_leaves=14
num_cat=1
split_feature=69 69 24 53 94 65 12 61 14 21 27 3 8
split_gain=1.39154 1.02011 1.02851 0.51032 0.303969 0.49983 0.342526 0.218987 0.196269 0.170852 0.126572 0.175454 0.0401139
threshold=86.854999545000013 91.709999080000017 2.2000000050000006 0.60000001650000001 0 2.1300001145000005 0.68720714250000003 0.19499969450000001 0.69721657100000012 1.7999999945000003 4.0714285200000004 0.31889092850000006 0.52600885700000011
decision_type=2 2 2 2 1 2 2 2 2 2 2 2 2
left_child=3 2 -2 -1 5 8 -7 -6 -5 -3 12 -12 -9
right_child=1 9 -4 4 7 6 -8 10 -10 -11 11 -13 -14
leaf_value=-0.00020443048810723092 -0.00021160060734585551 4.6853111954046511e-05 -7.3926995432799865e-05 -6.8921934066079447e-05 -2.550232031469398e-05 -3.0971640092158495e-05 -0.00038629855531700319 0.0036412066136682132 0.0044782291856074732 -0.00015618638820102913 0.0066291294892426205 -0.0002222802279571403 0.0023147056333611823
leaf_weight=22 34 20 29 23 22 21 20 20 41 20 21 20 128
leaf_count=22 34 20 29 23 22 21 20 20 41 20 21 20 128
internal_value=-0.000492304 -0.00150771 -0.00229624 -0.000174144 -6.31313e-05 -0.000479275 -0.0013756 0.000151037 1.25326e-11 -0.000196078 0.000276607 -0.000179426 0.000416667
internal_weight=441 103 63 338 316 105 41 211 64 40 189 41 148
internal_count=441 103 63 338 316 105 41 211 64 40 189 41 148
cat_boundaries=0 1
cat_threshold=2097300
is_linear=0
shrinkage=0.01


Tree=984
num_leaves=13
num_cat=0
split_feature=60 18 6 9 47 16 64 20 62 35 1 1
split_gain=1.41128 1.06124 1.53963 1.94953 1.01719 0.610423 0.535668 0.250455 0.261284 0.134269 0.0392534 0.031233
threshold=3.5000004765000008 35.515000000000008 0.4833077380000001 0.51577205850000007 16.300000005000005 0.50305035750000016 30.514999390000003 2.5428571190000002 35.244999410000013 3.2928571190000002 0.30363478550000006 0.27603864250000004
decision_type=2 2 2 2 2 2 2 2 2 2 2 2
left_child=7 2 3 -2 -5 -3 -7 9 -9 -1 -11 -8
right_child=1 5 -4 4 -6 6 11 8 -10 10 -12 -13
leaf_value=-1.3907704443514777e-05 -2.5441325032442617e-05 -5.1592853046871995e-05 0.00041836736107259852 -0.00047384506331337481 -8.1683254055637053e-05 -0.00012273124464125926 0.00091272466421857528 -0.00015724711034749005 0.00050213642524058193 0.0033296112386301973 -0.00029793293476009202 0.0010608741693225541
leaf_weight=38 23 30 27 20 21 35 57 28 30 116 20 20
leaf_count=38 23 30 27 20 21 35 57 28 30 116 20 20
internal_value=-0.000484113 -0.00103293 -0.00187908 -0.00271605 -0.00400718 -0.000469188 -0.000106383 6.01375e-05 -0.000493197 0.000257437 0.000409357 0.000340617
internal_weight=465 233 91 64 41 142 112 232 58 174 136 77
internal_count=465 233 91 64 41 142 112 232 58 174 136 77
is_linear=0
shrinkage=0.01


Tree=985
num_leaves=12
num_cat=0
split_feature=75 91 92 6 89 36 92 93 21 70 1
split_gain=1.12605 1.18194 0.628983 0.401009 0.513817 0.894818 0.599175 0.942161 0.161776 0.0881581 0.0275573
threshold=7.8985713015000014 75.012119650000002 26.168896200000002 0.48494028600000005 17.865000045000006 4.6500000105000003 26.000940735000004 23.993880675000003 1.7142856845000003 50.275001050000007 0.19542189800000004
decision_type=2 2 10 2 2 2 8 10 2 2 2
left_child=3 -2 -3 4 5 6 7 -1 -5 -6 -8
right_child=1 2 -4 8 9 -7 10 -9 -10 -11 -12
leaf_value=-0.00019652627125528094 0.00047309048871267657 -8.7304310285137444e-05 -8.4936609417620888e-05 -5.4066036003409684e-06 -8.9172197216007884e-06 -0.00017257507810832095 0.0015438900453896864 -0.00075367572863179583 0.0021491282849878395 0.0017293034200081398 0.0025692007722701825
leaf_weight=67 29 34 21 35 25 26 20 30 92 55 44
leaf_count=67 29 34 21 35 25 26 20 30 92 55 44
internal_value=-0.000436508 -0.00148585 -0.00233871 -0.000205167 -0.000427558 -0.000716187 -0.000417182 -0.000915133 0.000246479 0.000222772 0.000308642
internal_weight=478 84 55 394 267 187 161 97 127 80 64
internal_count=478 84 55 394 267 187 161 97 127 80 64
is_linear=0
shrinkage=0.01


Tree=986
num_leaves=13
num_cat=0
split_feature=17 48 82 18 32 8 14 17 91 40 17 1
split_gain=1.1222 1.05387 1.1699 0.81926 0.604966 0.440343 0.70894 1.4663 0.339627 0.320844 0.29249 0.029128
threshold=0.69393428550000003 17.899999905000005 14.346428735000002 29.315000000000001 4.4714285475000013 0.63514432150000011 0.68274928600000007 0.63263027150000017 93.898297925000023 5.3499999050000007 0.51041417850000015 0.30945240450000006
decision_type=2 2 2 2 2 2 2 2 2 2 2 2
left_child=1 4 -3 -4 5 6 8 -8 -1 -2 -5 -7
right_child=9 2 3 10 -6 11 7 -9 -10 -11 -12 -13
leaf_value=-7.2549312182712514e-05 -0.00020314767015888326 -0.00019762026413635146 -0.00015888879364305702 -4.4999423892175471e-05 -0.00022724922715879948 0.001690093432917078 -0.00050572642567443674 -0.00010915156598582892 0.0014258038606933484 0.0025086669625417452 0.00016065574104012396 0.0018610515573654319
leaf_weight=48 20 26 20 28 22 49 21 38 52 102 34 20
leaf_count=48 20 26 20 28 22 49 21 38 52 102 34 20
internal_value=-0.000578203 -0.000861204 -0.00169118 -0.00105072 -0.000490431 -0.000323427 -0.000616395 -0.00147993 -7.93651e-05 0.000236156 -0.000429936 0.00032235
internal_weight=480 358 108 82 250 228 159 59 100 122 62 69
internal_count=480 358 108 82 250 228 159 59 100 122 62 69
is_linear=0
shrinkage=0.01


Tree=987
num_leaves=12
num_cat=0
split_feature=91 5 5 18 63 9 12 15 34 39 5
split_gain=0.957792 0.686644 0.87848 1.70967 1.53109 0.671926 0.451772 0.479788 0.308915 0.170067 0.0347098
threshold=128.03490560000003 0.31621607150000003 0.43033850000000007 32.400000000000006 28.094998835000002 0.60606983000000014 0.71999150000000012 0.61298792850000006 3.8000000030000005 8.4499999435000017 0.46723364300000009
decision_type=2 2 2 2 2 2 2 2 2 2 2
left_child=1 -1 3 4 -3 9 7 -4 -7 -5 -2
right_child=10 2 6 5 -6 8 -8 -9 -10 -11 -12
leaf_value=5.8256378890381871e-05 0.0021318527843599108 -9.8890943905776427e-05 -5.1463529096270037e-05 0.00043042207201860193 -0.00028502564848955541 -0.00045890482185774407 -0.00033370040984676219 0.0011401989502638871 -5.944347026050366e-05 -5.2735317656079482e-05 0.00060604197440398435
leaf_weight=40 75 23 22 39 33 28 32 74 26 25 20
leaf_count=40 75 23 22 39 33 28 32 74 26 25 20
internal_value=-0.00050137 -0.000749708 -0.000914795 -0.00137872 -0.0028169 -0.000664983 -0.000263975 6.19835e-05 -0.0014781 1.25326e-11 0.000370564
internal_weight=437 342 302 174 56 118 128 96 54 64 95
internal_count=437 342 302 174 56 118 128 96 54 64 95
is_linear=0
shrinkage=0.01


Tree=988
num_leaves=13
num_cat=0
split_feature=60 43 4 48 24 56 26 10 72 42 48 48
split_gain=0.926051 0.837559 1.13429 0.672607 0.553563 0.471997 0.42547 0.414844 0.394763 0.215378 0.228571 0.153087
threshold=3.5000004765000008 3.4999999255000005 0.34879420250000009 19.100000075000001 1.6428571345000003 0.085000038500000014 4.0642856870000008 0.64542292900000009 57.730000495000006 8.4000000655000022 14.950000190000003 17.899999905000005
decision_type=2 2 2 2 2 2 2 2 2 2 2 2
left_child=3 5 -3 9 -5 6 11 -8 -7 10 -1 -2
right_child=1 2 -4 4 -6 8 7 -9 -10 -11 -12 -13
leaf_value=-0.00016529339857008379 0.0014477631606793395 -0.00032400627642947653 -8.6567909026768152e-05 -7.171872852574538e-05 -0.00024022125572501234 -0.00012959760560224667 -7.2536385232032266e-05 8.1060047353566585e-08 -0.00035634989588280165 0.0036031198723266754 0.0016323171364042745 -6.0888219656846291e-05
leaf_weight=26 56 26 38 39 20 21 23 20 23 122 22 31
leaf_count=26 56 26 38 39 20 21 23 20 23 122 22 31
internal_value=-0.000522659 -0.000958961 -0.00194444 -5.87467e-05 -0.000978261 -0.000577803 -0.000252294 -0.00106164 -0.00147321 0.000251756 -0.000286885 0.00013098
internal_weight=467 238 64 229 59 174 130 43 44 170 48 87
internal_count=467 238 64 229 59 174 130 43 44 170 48 87
is_linear=0
shrinkage=0.01


Tree=989
num_leaves=12
num_cat=0
split_feature=17 81 7 14 17 17 36 33 17 23 18
split_gain=1.09002 0.53042 0.620268 1.08515 0.516126 1.20915 0.32346 0.245279 0.746354 0.195577 0.132711
threshold=0.65092185750000009 13.902857065000001 0.5852201425000001 0.68534450000000013 0.55251757150000014 0.48417957150000007 4.6000000240000007 5.2642857005000012 0.69591704800000009 1.8285714345000004 41.82500000000001
decision_type=2 2 2 2 2 2 2 2 2 2 2
left_child=1 2 3 4 5 -1 -4 8 -2 -6 -3
right_child=7 10 6 -5 9 -7 -8 -9 -10 -11 -12
leaf_value=-3.3560776200440582e-05 -0.00032848460835002111 -4.8861724239109363e-05 0.00092088061272345857 -0.00043151879196807937 0.00098539473253527149 -8.2894016144529367e-05 -0.00015619916417606533 0.0025624867271536312 0.0016471031916888712 -2.388312399031116e-05 0.0014670020760510459
leaf_weight=34 28 28 34 25 26 22 24 123 53 20 34
leaf_count=34 28 28 34 25 26 22 24 123 53 20 34
internal_value=-0.000337539 -0.000784907 -0.00105221 -0.00144366 -0.00094358 -0.00158451 -0.000153061 0.000195313 -0.000213936 -0.000106838 0
internal_weight=451 247 185 127 102 56 58 204 81 46 62
internal_count=451 247 185 127 102 56 58 204 81 46 62
is_linear=0
shrinkage=0.01


Tree=990
num_leaves=13
num_cat=1
split_feature=94 91 43 14 16 12 56 62 8 14 1 27
split_gain=1.11686 1.30864 1.65566 0.823292 0.466532 1.56967 0.246214 0.228562 0.33003 0.184775 0.121087 0.0397015
threshold=0 99.923863260000019 4.8000000715000004 0.62966652400000012 0.68154645200000008 0.71725157150000018 1.9299998280000004 37.34499979000001 0.55395057150000016 0.69721657100000012 0.28634985750000003 3.5428571360000007
decision_type=1 2 2 2 2 2 2 2 2 2 2 2
left_child=1 2 3 -1 5 7 11 8 -2 -5 -9 -6
right_child=4 -3 -4 9 6 -7 -8 10 -10 -11 -12 -13
leaf_value=-9.9338304752784724e-05 0.00028900200680500774 0.0017484772029336751 -0.00031944672190806168 0.00079094146156948183 0.0019520802999308698 -0.00042722649200690761 -0.00019885763268860375 3.0317003418215004e-06 -2.1207234021505318e-05 -3.8356818042642967e-05 -8.5265578996350482e-06 0.0037270306720091086
leaf_weight=37 28 34 29 27 20 22 24 62 24 21 20 122
leaf_count=37 28 34 29 27 20 22 24 62 24 21 20 122
internal_value=-0.000473662 -0.00115869 -0.00175087 -0.000996503 -0.000111178 -0.000510204 0.000245803 -8.16024e-05 -0.000606061 -8.19672e-05 0.000229469 0.000413165
internal_weight=470 148 114 85 322 156 166 134 52 48 82 142
internal_count=470 148 114 85 322 156 166 134 52 48 82 142
cat_boundaries=0 1
cat_threshold=572522634
is_linear=0
shrinkage=0.01


Tree=991
num_leaves=15
num_cat=1
split_feature=94 18 15 33 48 48 93 7 43 18 11 67 0 3
split_gain=0.950676 1.06424 1.12472 1.09334 0.534869 0.53398 0.667488 0.54583 0.533486 0.495204 0.0710918 0.0386787 0.0272148 0.0244948
threshold=0 53.315000000000005 0.6786632855000001 5.9500000135000013 17.999999820000003 13.000000325 24.000720115000004 0.48693454800000008 5.050000057000001 96.665000000000006 0.56285014250000009 66.209999085000007 0.27298850000000008 0.34914285700000008
decision_type=1 2 2 2 2 2 8 2 2 2 2 2 2 2
left_child=1 2 3 10 12 11 13 -8 -9 -6 -1 -2 -3 -7
right_child=5 4 -4 -5 9 6 7 8 -10 -11 -12 -13 -14 -15
leaf_value=-2.6234169994954037e-07 0.00064199905717670942 0.00077636781605078004 -0.00044768559885095393 -0.00026298588556406227 0.00041517760982501218 0.0023879990299243148 0.0011677686419007461 -0.00014768613988411564 -0.00010680447647689039 -8.1971648784896404e-05 0.0016058526056676181 0.00077083959915880411 0.00055416314152330489 0.00012331316125693291
leaf_weight=20 109 43 30 34 20 36 24 27 20 21 24 20 20 20
leaf_count=20 109 43 30 34 20 36 24 27 20 21 24 20 20 20
internal_value=-0.000477816 -0.000951526 -0.00169118 -0.00100254 -0.000248092 -3.74812e-05 -0.000504695 -0.00114903 -0.00176778 -0.00113636 1.23068e-11 0.000404468 0.000305643 0.00028169
internal_weight=468 212 108 78 104 256 127 71 47 41 44 129 63 56
internal_count=468 212 108 78 104 256 127 71 47 41 44 129 63 56
cat_boundaries=0 1
cat_threshold=2104975
is_linear=0
shrinkage=0.01


Tree=992
num_leaves=13
num_cat=0
split_feature=52 22 7 13 47 51 5 3 14 0 1 8
split_gain=0.758453 0.576788 0.531734 0.622134 1.17906 0.497366 0.273435 0.430207 0.250428 0.206596 0.147047 0.170852
threshold=0.35000000900000006 1.8285714135000002 0.62009130000000001 0.63226336650000015 17.799999900000003 1.0000000180025095e-35 0.36774604750000001 0.26746421400000003 0.59671500000000011 0.087940229000000023 0.28252721400000008 0.62052864250000017
decision_type=2 2 2 2 2 2 2 2 2 2 2 2
left_child=-1 6 3 8 5 -5 7 -2 9 -3 -8 -12
right_child=1 2 -4 4 -6 -7 10 -9 -10 -11 11 -13
leaf_value=-6.1935533037097055e-05 0.0019626222478514995 8.1297226872929993e-05 0.0011748391742705474 3.3066361968047836e-06 -0.00010649913081008965 -0.000220012913897471 0.0032002379072151479 -0.0011265864186966962 0.00082491496197019789 -5.8960172675506738e-05 -0.00018810345354094212 0.00056098510394741064
leaf_weight=20 20 22 38 39 31 91 111 23 42 20 20 20
leaf_count=20 20 22 38 39 31 91 111 23 42 20 20 20
internal_value=-0.000420852 -0.000333822 -0.000621917 -0.000795362 -0.00115884 -0.000711009 7.70021e-05 -0.000605023 -7.07547e-05 -0.000630841 0.000286561 -0.000196078
internal_weight=497 477 283 245 161 130 194 43 84 42 151 40
internal_count=497 477 283 245 161 130 194 43 84 42 151 40
is_linear=0
shrinkage=0.01


Tree=993
num_leaves=13
num_cat=0
split_feature=17 48 69 91 16 79 17 79 0 11 47 28
split_gain=0.935174 0.630272 1.1315 1.60398 0.466965 0.745314 0.239018 0.281771 0.340309 0.175454 0.159389 0.139808
threshold=0.66098564250000014 17.899999905000005 90.294999120000014 89.867262285000024 0.65823107150000004 5.1864285210000007 0.55502561900000014 6.3957143085000006 0.1782004375 0.67250023800000014 10.450000150000003 3.4499999885000006
decision_type=2 2 2 2 2 2 2 2 2 2 2 2
left_child=1 4 3 -3 6 9 7 8 -1 -6 11 -2
right_child=10 2 -4 -5 5 -7 -8 -9 -10 -11 -12 -13
leaf_value=-7.34410420690408e-05 -0.00013682904062679025 -7.9167515841911879e-05 -1.1662637182398609e-06 -2.4376548774387354e-05 -0.00021558337817481962 -0.0004132250804825595 0.0007125778437658308 0.00035242035067497543 0.0018742730637479805 0.0043074876688880478 -0.00013295581452234403 0.0023601085429520909
leaf_weight=20 21 32 39 30 20 22 60 23 20 21 30 126
leaf_count=20 21 32 39 30 20 22 60 23 20 21 30 126
internal_value=-0.000357143 -0.000710563 -0.00135069 -0.00218153 -0.000347966 -0.00104232 0 -0.00041536 -0.000931373 -0.000179426 0.000205287 0.000348444
internal_weight=464 287 101 62 186 63 123 63 40 41 177 147
internal_count=464 287 101 62 186 63 123 63 40 41 177 147
is_linear=0
shrinkage=0.01


Tree=994
num_leaves=12
num_cat=0
split_feature=18 4 7 27 71 27 16 23 69 1 7
split_gain=1.39492 1.10624 1.29528 2.09643 2.08295 0.425191 0.3593 1.04516 1.01079 0.228459 0.352686
threshold=39.945000000000007 0.27562860700000008 0.5852201425000001 3.9428571630000007 55.959999560000007 3.7428571670000004 0.70134283350000015 1.6857142955000002 82.66000080500001 0.22856878550000001 0.5288412145000001
decision_type=2 2 2 2 2 2 2 2 2 2 2
left_child=1 -1 3 5 -5 -3 7 8 -2 10 -9
right_child=6 2 -4 4 -6 -7 -8 9 -10 -11 -12
leaf_value=0.00028817870289460953 -0.0004201709150355941 -0.00018580837056565673 0.0020470937946758315 -0.00035975937479168203 -5.8725893774550509e-05 4.5083479863688419e-05 0.0022744797901426261 0.00050198787082498619 -6.4726491990790662e-06 0.00046806162756008103 -2.7907272849268084e-05
leaf_weight=37 21 23 28 24 37 35 115 23 28 98 20
leaf_count=37 21 23 28 24 37 35 115 23 28 98 20
internal_value=-0.000374643 -0.00106061 -0.00145129 -0.00190735 -0.00319579 -0.000493197 3.43362e-05 -0.000225367 -0.0014759 0.000200987 -0.000376712
internal_weight=489 184 147 119 61 58 305 190 49 141 43
internal_count=489 184 147 119 61 58 305 190 49 141 43
is_linear=0
shrinkage=0.01


Tree=995
num_leaves=11
num_cat=0
split_feature=16 48 66 93 20 62 47 51 43 65
split_gain=0.899879 0.566122 0.748648 1.32838 1.12597 0.613717 0.978127 0.350827 0.32809 0.111033
threshold=0.70662519050000017 10.099999895000002 21.694999695000003 25.199560300000005 2.4142857365000006 40.020000460000013 15.800000125000002 0.35000000900000006 5.7999999670000006 9.9600000380000022
decision_type=2 2 2 8 2 2 2 2 2 2
left_child=1 -1 3 4 -3 6 -5 -2 9 -4
right_child=7 2 8 5 -6 -7 -8 -9 -10 -11
leaf_value=0.003139995219304251 -0.00027935898664352242 -0.00045027607978914984 9.3023406083298925e-05 -0.0019183887940884604 -7.5037321647274685e-05 0.0010445582835780373 -1.5910790065894369e-05 0.0024752435573471301 -8.7932182848078405e-05 -1.437061467085042e-05
leaf_weight=33 31 39 50 23 39 38 66 105 22 20
leaf_count=33 31 39 50 23 39 38 66 105 22 20
internal_value=-0.000482005 -0.000764813 -0.00090497 -0.0012415 -0.00227157 -0.000582942 -0.0010412 0.000190058 -0.00012931 0.000183616
internal_weight=466 330 297 205 78 127 89 136 92 70
internal_count=466 330 297 205 78 127 89 136 92 70
is_linear=0
shrinkage=0.01


Tree=996
num_leaves=12
num_cat=0
split_feature=42 33 41 51 79 14 5 91 14 27 2
split_gain=1.05731 0.580186 0.668175 0.553632 0.518296 0.673567 0.493233 0.65107 0.149038 0.1246 0.0407324
threshold=6.9500001260000008 6.3357142720000015 10.450000115000002 0.35000000900000006 6.3957143085000006 0.66514396450000013 0.41356554750000002 99.322562265000016 0.70757221400000014 3.5928571735000001 0.35091878550000005
decision_type=2 2 2 2 2 2 2 2 2 2 2
left_child=1 2 -1 6 5 -4 7 -2 -8 -5 -11
right_child=3 -3 4 9 -6 -7 8 -9 -10 10 -12
leaf_value=8.7037285811027989e-05 -0.00031044168468848972 3.4420871968991905e-06 -9.0676614877020363e-05 -0.0001290999497312896 -5.5101521292475169e-05 -0.00012696670539503283 0.0001621908428093153 -0.00015121079578601761 -2.8096055972510142e-05 0.0023809206700031553 0.00047008603519175851
leaf_weight=24 27 30 22 21 37 31 41 38 28 138 20
leaf_count=24 27 30 22 21 37 31 41 38 28 138 20
internal_value=-0.000370249 -0.00107735 -0.00140244 -3.66475e-05 -0.00179515 -0.00244424 -0.000526706 -0.00114742 3.58166e-05 0.0003198 0.000421914
internal_weight=457 144 114 313 90 53 134 65 69 179 158
internal_count=457 144 114 313 90 53 134 65 69 179 158
is_linear=0
shrinkage=0.01


Tree=997
num_leaves=12
num_cat=1
split_feature=94 18 46 26 17 88 10 18 4 2 0
split_gain=0.843399 1.00867 0.869202 0.969009 0.406445 0.77646 0.323461 0.679501 0.921352 0.206482 0.0351682
threshold=0 12.535000000000002 3.8999999350000008 4.0428571190000016 0.69173770400000012 16.277856825000004 0.5781122860000002 50.02000000000001 0.36110800000000004 0.33703885700000008 0.24670375000000003
decision_type=1 2 2 2 2 2 2 2 2 2 2
left_child=1 -1 -3 -4 5 -2 -7 8 -8 -9 -6
right_child=4 2 3 -5 10 6 7 9 -10 -11 -12
leaf_value=-0.00020831421312805895 -0.00037364237241244061 0.00039158607564596755 -0.00024611604898362483 -0.00016529965190446039 0.0028279062069945511 0.0002518104753554387 -0.00046870106935155615 0.00027935476619288512 6.2812985320525035e-05 -2.3941996792667477e-05 6.3538641663484323e-05
leaf_weight=20 27 35 38 20 78 57 23 86 22 20 20
leaf_count=20 27 35 38 20 78 57 23 86 22 20 20
internal_value=-0.000436437 -0.00114297 -0.00076226 -0.00151361 -0.000149796 -0.0003838 -0.000162835 -0.000411726 -0.00143013 9.36331e-06 0.000374494
internal_weight=446 113 93 58 333 235 208 151 45 106 98
internal_count=446 113 93 58 333 235 208 151 45 106 98
cat_boundaries=0 1
cat_threshold=34081964
is_linear=0
shrinkage=0.01


Tree=998
num_leaves=14
num_cat=1
split_feature=94 91 25 39 88 30 23 18 18 84 10 84 2
split_gain=0.825031 0.846536 0.827438 0.97971 1.02692 0.42835 0.333544 0.357807 0.193206 0.458762 0.562656 0.171323 0.0226349
threshold=0 128.03490560000003 2.2571428715000006 5.9999999665000017 17.262857300000004 3.0071428335000001 1.8000000115000001 48.375000000000007 42.830000000000005 12.494999885 0.58921322850000013 12.936428480000002 0.28647371450000009
decision_type=1 2 2 2 2 2 2 2 2 2 2 2 2
left_child=1 2 3 4 -1 -5 -4 -8 9 10 -2 -10 -3
right_child=8 12 6 5 -6 -7 7 -9 11 -11 -12 -13 -14
leaf_value=-0.00033581318912730634 0.0012063516918897131 0.0035936562173842883 0.00043559209311446107 -5.3580040168596304e-06 -1.6372086203771753e-05 -0.00029108740156024961 -0.00022809618711082933 0.00023152608899071981 0.0011142566394454591 0.00033770306253737026 -0.00019990128798766924 -9.845181163823085e-05 0.00021316710632801806
leaf_weight=21 23 32 32 34 22 30 20 21 109 38 21 35 20
leaf_count=21 23 32 32 34 22 30 20 21 109 38 21 35 20
internal_value=-0.000390148 -0.000790774 -0.00115044 -0.0017115 -0.00288813 -0.000864198 -0.000291328 -0.000897129 4.64527e-05 -0.000326087 -0.00102679 0.000276243 0.000265152
internal_weight=458 232 180 107 43 64 73 41 226 82 44 144 52
internal_count=458 232 180 107 43 64 73 41 226 82 44 144 52
cat_boundaries=0 1
cat_threshold=2166450
is_linear=0
shrinkage=0.01


Tree=999
num_leaves=12
num_cat=0
split_feature=15 79 92 48 15 7 15 84 93 53 14
split_gain=0.860307 1.05443 0.924254 0.870891 0.456125 0.615375 0.528185 0.374371 0.29647 0.14014 0.0390144
threshold=0.72059364300000006 3.8435713475000006 20.812305095000003 17.899999905000005 0.69731790450000009 0.51216867850000014 0.58062152050000015 13.104285650000003 20.795182595000004 0.99999998900000009 0.69439957150000009
decision_type=2 2 8 2 2 2 2 2 8 2 2
left_child=1 -1 3 8 6 -6 7 -4 -3 -2 -8
right_child=9 2 4 -5 5 -7 10 -9 -10 -11 -12
leaf_value=-0.00010897213017891306 -0.00025370344767160468 0.00081176571624208094 -8.3208596334519302e-05 -0.00015969681023711061 -0.0012500828773753454 0.00019121170549560917 0.00033626173710691611 1.24431408855802e-06 -0.00024615564256289191 0.002290233656583744 4.2351410009604769e-06
leaf_weight=24 20 20 20 34 20 33 113 22 29 101 20
leaf_count=24 20 20 20 34 20 33 113 22 29 101 20
internal_value=-0.000394046 -0.000656641 -0.000489096 -0.00139021 -0.000148601 -0.000957249 8.81684e-05 -0.000864486 -0.000471888 0.000316092 0.000407324
internal_weight=456 335 311 83 228 53 175 42 49 121 133
internal_count=456 335 311 83 228 53 175 42 49 121 133
is_linear=0
shrinkage=0.01


end of trees

feature_importances:
ndvi_mean_9=348
Area=297
ndvi_mean_26=242
ndvi_mean_25=239
HDBSCAN_operation_cluster=226
ndvi_mean_10=219
N=184
P=183
ndvi_mean_11=180
ndvi_mean_24=178
ndvi_mean_14=172
ndvi_mean_15=168
ndvi_mean_23=152
ndvi_mean_21=149
PrecipitationCumulative_sum_25=140
K=140
ndvi_mean_12=139
ndvi_mean_16=137
ndvi_mean_13=136
PrecipitationCumulative_sum_20=133
TempEffective_16=132
EvapoTranspiration_avg_23=129
EvapoTranspiration_avg_15=124
PrecipitationCumulative_sum_14=119
ndvi_mean_19=115
PrecipitationCumulative_sum_11=111
EvapoTranspiration_avg_10=108
Temp_avg_12=108
EvapoTranspiration_avg_12=103
TempEffective_15=102
PrecipitationCumulative_sum_15=101
ndvi_mean_20=97
EvapoTranspiration_avg_18=93
ndvi_mean_17=91
EvapoTranspiration_avg_13=90
ndvi_mean_22=89
EvapoTranspiration_avg_16=89
PrecipitationCumulative_sum_18=88
EvapoTranspiration_avg_17=86
PrecipitationCumulative_sum_22=86
Temp_avg_15=85
TempEffective_11=78
TempEffective_24=78
ndvi_mean_18=77
PrecipitationCumulative_sum_13=68
TempEffective_23=68
EvapoTranspiration_avg_19=67
Temp_avg_11=67
EvapoTranspiration_avg_21=66
TempEffective_17=66
PrecipitationCumulative_sum_19=65
TempEffective_18=64
EvapoTranspiration_avg_11=61
EvapoTranspiration_avg_24=60
Temp_avg_16=59
PrecipitationCumulative_sum_24=58
Temp_avg_10=56
TempEffective_10=55
Temp_avg_13=53
EvapoTranspiration_avg_9=50
EvapoTranspiration_avg_14=49
TempEffective_22=46
TempEffective_20=42
Temp_avg_24=40
EvapoTranspiration_avg_26=39
PrecipitationCumulative_sum_26=35
PrecipitationCumulative_sum_12=34
TempEffective_14=34
Temp_avg_23=34
EvapoTranspiration_avg_25=33
Temp_avg_17=33
PrecipitationCumulative_sum_21=31
Temp_avg_20=30
EvapoTranspiration_avg_22=29
Temp_avg_9=28
PrecipitationCumulative_sum_23=27
PrecipitationCumulative_sum_9=25
TempEffective_21=25
TempEffective_13=24
Temp_avg_19=23
TempEffective_25=22
PrecipitationCumulative_sum_17=21
Temp_avg_18=20
PrecipitationCumulative_sum_10=16
TempEffective_26=16
Temp_avg_14=15
EvapoTranspiration_avg_20=14
TempEffective_19=13
Temp_avg_22=11
PrecipitationCumulative_sum_16=8
Temp_avg_26=7
Temp_avg_25=6
Temp_avg_21=4
TempEffective_12=1

parameters:
[boosting: gbdt]
[objective: quantile]
[metric: quantile]
[tree_learner: serial]
[device_type: cpu]
[data_sample_strategy: bagging]
[data: ]
[valid: ]
[num_iterations: 1000]
[learning_rate: 0.01]
[num_leaves: 31]
[num_threads: 12]
[seed: 42]
[deterministic: 0]
[force_col_wise: 0]
[force_row_wise: 0]
[histogram_pool_size: -1]
[max_depth: 6]
[min_data_in_leaf: 20]
[min_sum_hessian_in_leaf: 0.01]
[bagging_fraction: 0.7]
[pos_bagging_fraction: 1]
[neg_bagging_fraction: 1]
[bagging_freq: 1]
[bagging_seed: 400]
[bagging_by_query: 0]
[feature_fraction: 0.6]
[feature_fraction_bynode: 1]
[feature_fraction_seed: 30056]
[extra_trees: 0]
[extra_seed: 12879]
[early_stopping_round: 0]
[early_stopping_min_delta: 0]
[first_metric_only: 0]
[max_delta_step: 0]
[lambda_l1: 0.2]
[lambda_l2: 0.8]
[linear_lambda: 0]
[min_gain_to_split: 0]
[drop_rate: 0.1]
[max_drop: 50]
[skip_drop: 0.5]
[xgboost_dart_mode: 0]
[uniform_drop: 0]
[drop_seed: 17869]
[top_rate: 0.2]
[other_rate: 0.1]
[min_data_per_group: 100]
[max_cat_threshold: 32]
[cat_l2: 10]
[cat_smooth: 10]
[max_cat_to_onehot: 4]
[top_k: 20]
[monotone_constraints: ]
[monotone_constraints_method: basic]
[monotone_penalty: 0]
[feature_contri: ]
[forcedsplits_filename: ]
[refit_decay_rate: 0.9]
[cegb_tradeoff: 1]
[cegb_penalty_split: 0]
[cegb_penalty_feature_lazy: ]
[cegb_penalty_feature_coupled: ]
[path_smooth: 0]
[interaction_constraints: ]
[verbosity: 1]
[saved_feature_importance_type: 0]
[use_quantized_grad: 0]
[num_grad_quant_bins: 4]
[quant_train_renew_leaf: 0]
[stochastic_rounding: 1]
[linear_tree: 0]
[max_bin: 255]
[max_bin_by_feature: ]
[min_data_in_bin: 3]
[bin_construct_sample_cnt: 200000]
[data_random_seed: 175]
[is_enable_sparse: 1]
[enable_bundle: 1]
[use_missing: 1]
[zero_as_missing: 0]
[feature_pre_filter: 1]
[pre_partition: 0]
[two_round: 0]
[header: 0]
[label_column: ]
[weight_column: ]
[group_column: ]
[ignore_column: ]
[categorical_feature: 94]
[forcedbins_filename: ]
[precise_float_parser: 0]
[parser_config_file: ]
[objective_seed: 16083]
[num_class: 1]
[is_unbalance: 0]
[scale_pos_weight: 1]
[sigmoid: 1]
[boost_from_average: 1]
[reg_sqrt: 0]
[alpha: 0.05]
[fair_c: 1]
[poisson_max_delta_step: 0.7]
[tweedie_variance_power: 1.5]
[lambdarank_truncation_level: 30]
[lambdarank_norm: 1]
[label_gain: ]
[lambdarank_position_bias_regularization: 0]
[eval_at: ]
[multi_error_top_k: 1]
[auc_mu_weights: ]
[num_machines: 1]
[local_listen_port: 12400]
[time_out: 120]
[machine_list_filename: ]
[machines: ]
[gpu_platform_id: -1]
[gpu_device_id: -1]
[gpu_use_dp: 0]
[num_gpu: 1]

end of parameters

pandas_categorical:[[-1, 0, 1, 2, 3, 4, 5, 6, 7, 8, 9, 10, 11, 12, 13, 14, 15, 16, 17, 18, 19, 20, 21, 22, 23, 24, 25, 26, 27, 28]]
