tree
version=v4
num_class=1
num_tree_per_iteration=1
label_index=0
max_feature_idx=99
objective=quantile
feature_names=ndvi_mean_9 ndvi_mean_10 ndvi_mean_11 ndvi_mean_12 ndvi_mean_13 ndvi_mean_14 ndvi_mean_15 ndvi_mean_16 ndvi_mean_17 ndvi_mean_18 ndvi_mean_19 ndvi_mean_20 ndvi_mean_21 ndvi_mean_22 ndvi_mean_23 ndvi_mean_24 ndvi_mean_25 ndvi_mean_26 ndvi_mean_27 Area EvapoTranspiration_avg_9 EvapoTranspiration_avg_10 EvapoTranspiration_avg_11 EvapoTranspiration_avg_12 EvapoTranspiration_avg_13 EvapoTranspiration_avg_14 EvapoTranspiration_avg_15 EvapoTranspiration_avg_16 EvapoTranspiration_avg_17 EvapoTranspiration_avg_18 EvapoTranspiration_avg_19 EvapoTranspiration_avg_20 EvapoTranspiration_avg_21 EvapoTranspiration_avg_22 EvapoTranspiration_avg_23 EvapoTranspiration_avg_24 EvapoTranspiration_avg_25 EvapoTranspiration_avg_26 EvapoTranspiration_avg_27 PrecipitationCumulative_sum_9 PrecipitationCumulative_sum_10 PrecipitationCumulative_sum_11 PrecipitationCumulative_sum_12 PrecipitationCumulative_sum_13 PrecipitationCumulative_sum_14 PrecipitationCumulative_sum_15 PrecipitationCumulative_sum_16 PrecipitationCumulative_sum_17 PrecipitationCumulative_sum_18 PrecipitationCumulative_sum_19 PrecipitationCumulative_sum_20 PrecipitationCumulative_sum_21 PrecipitationCumulative_sum_22 PrecipitationCumulative_sum_23 PrecipitationCumulative_sum_24 PrecipitationCumulative_sum_25 PrecipitationCumulative_sum_26 PrecipitationCumulative_sum_27 TempEffective_9 TempEffective_10 TempEffective_11 TempEffective_12 TempEffective_13 TempEffective_14 TempEffective_15 TempEffective_16 TempEffective_17 TempEffective_18 TempEffective_19 TempEffective_20 TempEffective_21 TempEffective_22 TempEffective_23 TempEffective_24 TempEffective_25 TempEffective_26 TempEffective_27 Temp_avg_9 Temp_avg_10 Temp_avg_11 Temp_avg_12 Temp_avg_13 Temp_avg_14 Temp_avg_15 Temp_avg_16 Temp_avg_17 Temp_avg_18 Temp_avg_19 Temp_avg_20 Temp_avg_21 Temp_avg_22 Temp_avg_23 Temp_avg_24 Temp_avg_25 Temp_avg_26 Temp_avg_27 N P K HDBSCAN_operation_cluster
feature_infos=[0.034192:0.38707049999999998] [0.064615143:0.43245485700000003] [0.11805057100000001:0.51213785700000003] [0.15023400000000001:0.55371342899999998] [0.16448942899999999:0.57072628599999997] [0.212652429:0.62079357099999999] [0.23796457100000001:0.65154400000000001] [0.296326429:0.72853999999999997] [0.315534857:0.75981142899999998] [0.31859935:0.76898834999999999] [0.32624571400000002:0.77468171399999997] [0.34380428600000001:0.796689286] [0.37324214300000003:0.82559157100000002] [0.39111889999999999:0.82606575000000004] [0.39856914300000001:0.81389314300000004] [0.40239585700000002:0.80057742899999995] [0.38102457099999998:0.80489085699999996] [0.356655571:0.80588199999999999] [0.31351595199999999:0.78636442900000003] [0.76000000000000001:590.01999999999998] [0.55714285799999996:1.128571451] [1.7714285679999999:2.7285713810000001] [1.5142856920000001:2.0285714179999998] [1.571428571:2.1285714250000001] [1.5142857089999999:2.0714285710000002] [1.5857142470000001:2.4285714459999999] [1.8142857299999999:2.5714285710000002] [3.3571428910000001:4.3571427890000001] [3.3571428569999999:4.4428571630000002] [3.1857142789999999:4.8857142580000001] [1.8999999759999999:2.828571422] [1.942857112:3.2999999689999999] [2.0285714349999999:6.5142857689999998] [2.8142857380000001:4.6714286119999997] [4.8428570879999997:6.9571427620000001] [2.9285713769999999:4.6428571429999996] [3.1000000409999999:5.9428570609999998] [3.4428571630000002:5.7857142860000002] [4.9571428299999996:6.7714285170000004] [0:5.8000000719999996] [0:3.4000000950000002] [1.600000031:12.70000044] [0:13.59999962] [0.30000000399999999:19.399999139999998] [1.900000028:17.999999720000002] [0.30000001199999998:11.69999988] [0:4.1000000239999999] [0:2.6000000010000002] [0.5:11.400000390000001] [1.0999999789999999:26.699999529999999] [8.800000206:37.30000055] [0:64.999998489999996] [0.40000000600000002:27.100000380000001] [0:13.00000021] [0.20000000300000001:18.50000004] [0.30000001199999998:8.5999999200000001] [0.20000000300000001:18.499999630000001] [0.10000000100000001:7.1000000239999999] none [0:3.079999924] [0:9.1299991610000006] [0:0.64999961900000003] [0:4.0399999619999996] [0.44999980899999997:9.3900003430000005] [0:3.130000114] [32.989999769999997:44.840001110000003] [22.870000839999999:36.900001529999997] [17.809999470000001:37.630000109999997] [0:12.60999966] [0.40999984699999997:26.060000420000001] [18.10999966:71.719999310000006] [41.72000027:71.86000061] [69.75:99.310003280000004] [39.190000529999999:57.899998660000001] [37.029997829999999:70.269998549999997] [46.839998250000001:78.559999469999994] [75.949999809999994:101.8900032] [-4.9600000380000004:2.5185714190000001] [4.6299999100000004:9.7342856270000002] [4.9671428540000004:9.0457143270000007] [4.9985714210000003:7.0771428179999996] [7.907142844:10.07142857] [4.5685714229999999:9.4571426600000006] [3.5228572740000001:7.4257142539999998] [14.71285711:16.405714440000001] [11.76714284:14.88857147] [12.21999999:15.3757143] [7.1971427370000001:11.51714284] [8.7071425569999992:13.7228572] [12.465714180000001:20.245714190000001] [15.960000040000001:20.265714370000001] [19.964285709999999:24.187143330000001] [15.5985715:18.27142838] [15.28999969:20.038571220000001] [16.69142832:21.22285707] [20.849999969999999:24.555714739999999] [53.432282000000001:165.72075469999999] [13.84205856:39.862529700000003] [11.614401859999999:47.61115538] -1:4:1:21:0:3:10:7:27:2:25:8:9:16:29:11:6:12:20:23:18:5:19:22:15:28:17:13:24:26:14
tree_sizes=704 588 762 588 674 669 587 592 668 678 762 765 767 849 750 756 842 929 761 849 769 760 764 759 758 593 768 841 670 678 680 846 764 760 845 759 672 591 673 673 595 767 592 592 744 669 855 673 765 759 766 838 679 681 846 768 848 762 681 763 839 756 682 669 770 759 848 763 771 676 744 767 845 760 855 834 762 848 935 676 761 680 761 743 765 676 844 680 762 939 856 766 930 866 849 851 757 764 935 766 849 856 761 674 683 678 847 682 756 768 678 847 843 850 768 1018 753 847 757 767 762 858 772 761 758 930 769 763 764 854 764 772 706 856 1027 674 770 845 853 839 757 591 846 848 851 846 851 764 593 755 670 841 681 755 843 678 766 772 848 661 754 770 852 853 755 852 756 677 599 682 855 767 859 763 853 858 853 768 848 678 769 759 852 857 938 766 593 681 764 861 771 857 937 741 847 772 939 854 684 859 846 944 847 838 687 681 936 770 771 764 851 938 855 841 679 943 850 942 705 851 941 843 853 792 792 970 769 687 768 767 764 941 944 684 773 688 856 846 764 768 1102 857 776 663 938 883 757 941 762 765 940 853 1031 933 1008 775 767 1031 964 860 1021 768 1027 925 930 1105 1027 1025 1054 854 1023 940 1021 1033 935 941 1015 844 855 1025 878 1028 1027 945 938 859 943 1028 942 854 856 848 1023 941 787 939 854 1017 930 959 1024 855 1105 942 853 1113 940 931 854 940 939 946 1053 862 1032 931 848 1029 852 944 1038 1030 1027 929 856 758 854 853 944 942 1028 943 952 933 680 1038 835 965 936 964 1032 937 841 943 755 942 852 771 939 1025 858 1116 860 1025 865 761 852 934 1013 1103 764 857 943 945 858 941 855 849 1028 928 1120 942 854 858 934 757 945 1027 853 1029 942 856 855 1045 1118 1031 1025 1027 772 1026 1031 966 1036 1024 1108 1105 1015 942 1112 1021 1022 968 938 1127 940 1105 945 1024 1027 854 1119 1306 1198 1026 1013 940 1034 1200 1119 1054 1028 1037 934 1141 1218 1110 1033 1032 1027 946 763 1109 1030 843 941 1115 1188 1030 1021 939 1119 1023 1029 936 1106 854 1110 858 1053 1116 1029 1134 853 1033 1124 1054 772 935 1027 1278 856 1190 948 1120 1036 946 1135 1031 1026 938 1120 1034 944 1031 944 1108 845 1049 943 1122 1211 1108 858 1117 1012 1027 1108 940 1111 938 936 943 1290 1134 1271 1109 1194 1119 1203 1021 1107 1126 1027 1200 1049 1113 1114 1286 1108 1121 1027 1097 1112 1455 1204 1312 1114 1030 1192 1115 1202 1144 964 1199 1107 1120 1191 1054 942 939 947 1029 843 1202 966 1202 1206 1115 1315 941 1204 1100 1113 1025 1207 1137 1036 1048 1102 1027 1192 1018 1123 939 1112 1106 1029 1113 1202 953 1104 1198 1026 1197 1118 1202 1032 1269 1031 1116 1111 1015 1117 1147 1097 1272 1222 1280 1278 1279 1118 1199 1203 1207 1115 1106 1285 1206 1377 1291 943 1140 1115 769 1216 917 1119 1104 1200 1030 1185 1202 1138 857 1205 1202 761 1030 1029 1027 1196 1181 947 1033 945 1233 1233 1027 966 1191 1226 927 1135 1284 941 1200 1206 1028 1107 1144 1310 1033 1406 1190 946 1031 1313 1321 1188 1208 1098 1109 1125 1033 1053 1027 1031 1294 1114 1307 1290 1032 1224 1040 964 945 1225 942 1049 1063 1057 1058 1291 1206 1023 1032 1105 1209 1205 1022 1141 1024 1190 1204 1232 1193 1123 1033 1230 942 1201 1150 1027 1033 1227 1204 1056 1117 1393 1210 1119 862 1137 1142 1029 1144 1133 1036 1026 1203 1118 1116 1118 1373 1122 965 1111 1106 1376 1114 1119 857 877 1027 1114 1202 960 1196 1145 1293 856 1052 1128 1028 1057 1201 1182 1113 1022 1207 884 947 1122 1227 1218 1113 1232 1197 1198 1281 1212 1032 943 1114 1192 1118 1028 1119 1203 1107 1114 942 1316 1230 1198 1286 1293 1104 1202 1111 1063 1202 946 1288 966 1115 1210 1315 1208 1025 1107 1116 1195 1194 1296 1121 1145 1141 1057 1107 1296 1112 944 1209 1307 1035 1220 1193 944 1288 1201 1315 1195 1230 1205 1120 1121 1374 1035 1381 1193 1195 1215 971 1236 1053 1141 1060 941 1290 1058 1114 1116 1193 1140 1026 1050 969 1114 1112 1200 849 1134 1317 1031 1026 1378 1231 1021 1146 1113 1222 1051 1205 1021 1027 1026 1373 1148 1147 1219 943 1116 1115 847 1122 1224 851 1142 1111 1114 1109 1292 1208 1313 1291 1212 1027 1225 1115 939 1398 1208 944 1292 1030 1287 945 944 947 1016 1229 1291 1115 1118 1056 1125 1031 1108 1031 953 967 1393 1204 1128 1120 1026 849 1059 1119 1023 1239 946 1119 850 1104 972 849 942 1230 1113 939 1027 973 1109 1016 1032 942 1111 1047 860 946 1126 1140 873 1030 1059 879 1030 1134 1041 802 1038 1053 974 947 1035 770 942 969 1014 860 1017 940 1119 1035 942 942 877 1057 1055 936 847 772 1062 793 969 854 972 883 962 867 892 854 771 852 864 862 956 1044 852 858 947 768 1035 969 793 1058 776 973 968 794 673 779 861 1037 883 950 888 797 968 886 709 885 859 879 776 937 860 855 958 796 863 874 1030 854 876 864 853 689

Tree=0
num_leaves=7
num_cat=0
split_feature=16 30 52 17 18 38
split_gain=3.32002 2.67046 0.985463 0.603238 0.146256 0.191143
threshold=0.72378202350000009 2.2714285935000005 16.399999620000003 0.69850821450000011 0.63711014300000013 5.9214285440000012
decision_type=2 2 2 2 2 2
left_child=3 2 -2 4 -1 -6
right_child=1 -3 -4 -5 5 -7
leaf_value=8.1802097408234005 8.1822455900240669 8.1950526092849376 8.1924259689378118 8.1944816532198494 8.1818133425163424 8.1953068815117529
leaf_weight=291 33 27 20 31 29 21
leaf_count=291 33 27 20 31 29 21
internal_value=8.18712 8.18896 8.18759 8.18672 8.1866 8.18706
internal_weight=452 80 53 372 341 50
internal_count=452 80 53 372 341 50
is_linear=0
shrinkage=1


Tree=1
num_leaves=5
num_cat=0
split_feature=18 26 28 10
split_gain=1.97335 1.78682 1.10926 0.125102
threshold=0.63711014300000013 2.2571428545000005 3.9928571325000006 0.68346490450000019
decision_type=2 2 2 2
left_child=-1 2 3 -2
right_child=1 -3 -4 -5
leaf_value=-0.0074727621966714257 -0.0035556563150411879 0.0058220095146012873 0.0087160940009210902 0.00022266105722930696
leaf_weight=311 68 39 20 20
leaf_count=311 68 39 20 20
internal_value=-3.70533e-05 0.000910013 0.000220588 -0.000247748
internal_weight=458 147 108 88
internal_count=458 147 108 88
is_linear=0
shrinkage=0.01


Tree=2
num_leaves=7
num_cat=0
split_feature=14 83 36 36 65 10
split_gain=1.91585 1.55031 0.367761 0.543415 0.234316 0.0454965
threshold=0.74731664300000011 5.0385714040000016 3.3714285750000004 3.3285714390000005 34.810000895000009 0.49315400000000004
decision_type=2 2 2 2 2 2
left_child=2 -2 3 -1 -4 -6
right_child=1 -3 4 -5 5 -7
leaf_value=-0.0047265408038951748 0.0048073025118858231 -0.0011348291288093826 0.0050513791834549465 0.0060238868698859454 -0.0073609989665345751 -0.0048601647154679324
leaf_weight=24 32 27 30 21 20 307
leaf_count=24 32 27 30 21 20 307
internal_value=-1.84064e-05 0.00164716 -0.000270606 0.000556768 -0.000381498 -0.000462172
internal_weight=461 59 402 45 357 327
internal_count=461 59 402 45 357 327
is_linear=0
shrinkage=0.01


Tree=3
num_leaves=5
num_cat=0
split_feature=15 18 26 37
split_gain=2.36987 0.894773 1.05647 0.531891
threshold=0.75473470250000008 0.62823992900000014 2.2428571540000006 4.8857142925000003
decision_type=2 2 2 2
left_child=1 -1 3 -3
right_child=-2 2 -4 -5
leaf_value=-0.0079917857324363593 0.0079179903517455005 -0.0034747649514473089 0.0087146223714011581 0.0081129231709494952
leaf_weight=287 30 71 35 20
leaf_count=287 30 71 35 20
internal_value=1.46461e-05 -0.000180039 0.000512618 -3.81265e-05
internal_weight=443 413 126 91
internal_count=443 413 126 91
is_linear=0
shrinkage=0.01


Tree=4
num_leaves=6
num_cat=0
split_feature=14 60 18 26 2
split_gain=2.38045 1.74398 0.400659 0.873877 0.031695
threshold=0.75020021450000007 2.0999999050000002 0.63711014300000013 2.2642857260000002 0.24034504750000005
decision_type=2 2 2 2 2
left_child=2 -2 -1 4 -4
right_child=1 -3 3 -5 -6
leaf_value=-0.0079994871081246772 0.0056244527015678995 0.00073805350479955612 -0.0028303813175410419 0.0070728900256627108 -0.0015966292676481567
leaf_weight=294 20 31 20 32 59
leaf_count=294 20 31 20 32 59
internal_value=-3.50264e-05 0.00197876 -0.000296944 0.000201252 -0.000344612
internal_weight=456 51 405 111 79
internal_count=456 51 405 111 79
is_linear=0
shrinkage=0.01


Tree=5
num_leaves=6
num_cat=0
split_feature=18 9 28 26 3
split_gain=2.10764 2.12154 1.53684 0.577437 0.206486
threshold=0.62823992900000014 0.6687478750000001 4.0571428880000004 2.2571428330000005 0.35670794900000008
decision_type=2 2 2 2 2
left_child=-1 2 3 -2 -3
right_child=1 4 -4 -5 -6
leaf_value=-0.0072534096762905563 -0.0025081202048590589 0.0052509910891921051 0.0084699020609434583 0.0089680631391627855 0.0026958384907483346
leaf_weight=294 99 20 20 20 20
leaf_count=294 99 20 20 20 20
internal_value=2.42717e-05 0.000881535 0.000275393 -0.000146077 0.00289216
internal_weight=473 179 139 119 40
internal_count=473 179 139 119 40
is_linear=0
shrinkage=0.01


Tree=6
num_leaves=5
num_cat=0
split_feature=14 18 35 30
split_gain=2.32254 0.364502 0.395688 0.29344
threshold=0.7533740000000001 0.63328252850000011 4.0428571360000012 2.4214285700000002
decision_type=2 2 2 2
left_child=1 -1 3 -3
right_child=-2 2 -4 -5
leaf_value=-0.007085839999883348 0.0051656601857030535 -0.0044745129637129202 0.0082244170403346882 0.0088571443289280679
leaf_weight=297 39 72 28 20
leaf_count=297 39 72 28 20
internal_value=-7.88092e-05 -0.000302777 0.000149007 -0.000150862
internal_weight=456 417 120 92
internal_count=456 417 120 92
is_linear=0
shrinkage=0.01


Tree=7
num_leaves=5
num_cat=0
split_feature=15 17 53 0
split_gain=2.73051 0.550632 0.652618 0.720619
threshold=0.75473470250000008 0.67901128600000005 0.65000000600000007 0.11745643050000001
decision_type=2 2 2 2
left_child=1 -1 -3 -4
right_child=-2 2 3 -5
leaf_value=-0.0078738505049896681 0.0047642862294006248 -0.0020980270015195372 -0.00011031640340295302 0.0082978669918197107
leaf_weight=306 28 58 37 29
leaf_count=306 28 58 37 29
internal_value=-5.88493e-05 -0.000262303 0.000288461 0.000973054
internal_weight=458 430 124 66
internal_count=458 430 124 66
is_linear=0
shrinkage=0.01


Tree=8
num_leaves=6
num_cat=0
split_feature=15 48 73 22 19
split_gain=3.22153 1.02002 0.3699 0.648057 0.810576
threshold=0.74893435700000011 3.8000000865000003 46.440001490000007 1.6999999925000002 79.88000000000001
decision_type=2 2 2 2 2
left_child=2 -2 3 -1 -5
right_child=1 -3 -4 4 -6
leaf_value=-0.0036462374775917379 0.0098605604138647523 0.0030231911369384447 -0.0056742454997226223 -0.00035966120921996248 0.0041332014703935631
leaf_weight=67 20 20 291 28 23
leaf_count=67 20 20 291 28 23
internal_value=-2.77902e-05 0.00264706 -0.000298926 0.000159933 0.00101351
internal_weight=449 40 409 118 51
internal_count=449 40 409 118 51
is_linear=0
shrinkage=0.01


Tree=9
num_leaves=6
num_cat=0
split_feature=15 18 96 66 55
split_gain=2.18579 0.63641 0.912046 0.304304 0.0427968
threshold=0.75473470250000008 0.64417014300000008 95.446443330000008 27.315001010000007 7.1999998685000017
decision_type=2 2 2 2 2
left_child=1 4 -3 -4 -1
right_child=-2 2 3 -5 -6
leaf_value=-0.0078356658298244248 0.0062360200156439463 0.0058956180542511375 -0.0028231886970542003 0.0081480144214233444 -0.0036617904179624388
leaf_weight=292 33 20 56 29 21
leaf_count=292 33 20 56 29 21
internal_value=-2.98806e-05 -0.000231614 0.000430057 -5.82762e-06 -0.000460485
internal_weight=451 418 105 85 313
internal_count=451 418 105 85 313
is_linear=0
shrinkage=0.01


Tree=10
num_leaves=7
num_cat=0
split_feature=96 66 18 15 18 55
split_gain=3.04547 2.91348 0.323638 0.166279 0.0406802 0.0407066
threshold=130.16331580000002 28.580000400000003 0.63515595200000019 0.7397412430000001 0.69968707150000009 6.6999999545000009
decision_type=2 2 2 2 2 2
left_child=3 2 -2 4 5 -1
right_child=1 -3 -4 -5 -6 -7
leaf_value=-0.0074243162999408597 -0.0045869962029086797 0.0044373302650192918 0.00440629756307817 0.0028794362305709894 -0.0008382150201834027 -0.0017900998565511484
leaf_weight=321 21 21 28 39 20 22
leaf_count=321 21 21 28 39 20 22
internal_value=-2.96109e-05 0.00187853 0.000471887 -0.000369911 -0.000438428 -0.000463933
internal_weight=472 70 49 402 363 343
internal_count=472 70 49 402 363 343
is_linear=0
shrinkage=0.01


Tree=11
num_leaves=7
num_cat=0
split_feature=15 18 97 85 13 0
split_gain=3.5677 0.461622 0.776291 1.10537 0.0451257 0.032135
threshold=0.76214888550000015 0.63328252850000011 25.560182840000007 12.947857175000001 0.75315920000000014 0.11098786800000002
decision_type=2 2 10 2 2 2
left_child=1 4 5 -4 -1 -3
right_child=-2 2 3 -5 -6 -7
leaf_value=-0.0080047652234115953 0.0048531683554800566 -0.0089123102511582484 -0.0010162564606091588 0.0079111814437153143 -0.00073188622198700056 -0.0015174258344825961
leaf_weight=282 22 20 28 23 20 61
leaf_count=282 22 20 28 23 20 61
internal_value=-3.50264e-05 -0.00024149 0.000240964 0.00120656 -0.000459049 -0.000348411
internal_weight=456 434 132 51 302 81
internal_count=456 434 132 51 302 81
is_linear=0
shrinkage=0.01


Tree=12
num_leaves=7
num_cat=0
split_feature=15 19 65 28 26 26
split_gain=2.55206 0.913306 0.311991 0.0926211 1.00154e-05 0.0228741
threshold=0.74893435700000011 74.520000000000024 34.810000895000009 4.1428571940000003 2.3642857245000006 2.4428571460000006
decision_type=2 2 2 2 2 2
left_child=2 -2 -1 4 -4 -6
right_child=1 -3 3 -5 5 -7
leaf_value=0.0023536351248913613 0.0086440579130227027 0.003845868128964636 -0.0036319302052191809 -0.0024816026647428639 -0.00077643885180172752 -0.0077571750588236168
leaf_weight=37 23 20 296 34 21 37
leaf_count=37 23 20 296 34 21 37
internal_value=-8.95906e-05 0.0022032 -0.000329967 -0.000416667 -0.000465051 -0.000289116
internal_weight=468 43 425 388 354 58
internal_count=468 43 425 388 354 58
is_linear=0
shrinkage=0.01


Tree=13
num_leaves=8
num_cat=0
split_feature=15 96 51 18 10 19 1
split_gain=2.37434 0.758789 0.902102 0.29606 0.349829 0.0455101 0.0166011
threshold=0.76371035700000012 131.61942115000002 1.3000000270000001 0.68323078550000005 0.64824292850000009 190.87000000000003 0.22566653550000002
decision_type=2 2 2 2 2 2 2
left_child=1 3 -3 5 6 -1 -5
right_child=-2 2 -4 4 -6 -7 -8
leaf_value=-0.0060522670011950996 0.0047288665065240388 -0.0043909942321936866 0.0072311577969858135 -0.0035120752492603649 0.0086783494853630988 -0.011065530380186277 -0.0021243835875240742
leaf_weight=308 25 21 23 20 20 20 22
leaf_count=308 25 21 23 20 20 20 22
internal_value=-1.63116e-05 -0.000195492 0.00102679 -0.000340328 0.000270701 -0.000462287 -0.00021028
internal_weight=459 434 44 390 62 328 42
internal_count=459 434 44 390 62 328 42
is_linear=0
shrinkage=0.01


Tree=14
num_leaves=7
num_cat=0
split_feature=60 87 65 56 55 25
split_gain=1.98551 2.41344 0.849539 0.2593 0.0855951 0.0615385
threshold=2.0999999050000002 8.7850000520000027 34.810000895000009 10.299999860000002 0.80000001550000011 1.6571428395000003
decision_type=2 2 2 2 2 2
left_child=1 -1 -2 4 5 -4
right_child=2 -3 3 -5 -6 -7
leaf_value=0.0059935894615077414 0.0078706552759371922 -0.0043100725935327636 0.00032665122029788661 0.0039739275043463498 -0.0054326480325374051 -0.0020156074914162709
leaf_weight=34 31 36 20 26 303 20
leaf_count=34 31 36 20 26 303 20
internal_value=4.88529e-05 0.00159605 -0.000219561 -0.000358302 -0.000434846 0
internal_weight=470 70 400 369 343 40
internal_count=470 70 400 369 343 40
is_linear=0
shrinkage=0.01


Tree=15
num_leaves=7
num_cat=0
split_feature=15 27 17 26 19 28
split_gain=2.8688 1.48252 0.473449 0.963582 0.124471 0.0964271
threshold=0.74893435700000011 4.0214285510000005 0.67547628550000016 2.2571428545000005 99.285000000000011 4.1428571940000003
decision_type=2 2 2 2 2 2
left_child=2 -2 5 4 -4 -1
right_child=1 -3 3 -5 -6 -7
leaf_value=-0.0078791817261481076 0.0011228117718849395 0.0046162041233257138 -0.0014735116993653547 0.008219730390135415 0.00010412839027547367 -0.0039010383701316687
leaf_weight=271 20 22 67 35 20 35
leaf_count=271 20 22 67 35 20 35
internal_value=2.76125e-05 0.0025 -0.000214552 0.000301303 -0.000244875 -0.000426988
internal_weight=470 42 428 122 87 306
internal_count=470 42 428 122 87 306
is_linear=0
shrinkage=0.01


Tree=16
num_leaves=8
num_cat=0
split_feature=13 17 19 96 50 6 6
split_gain=2.13447 0.570295 1.26549 0.479001 0.0810409 0.0639114 0.0350185
threshold=0.76652608500000008 0.67622035700000016 130.56500000000003 131.61942115000002 22.350000105000003 0.44814457150000003 0.38990785700000002
decision_type=2 2 2 2 2 2 2
left_child=1 4 3 6 -1 -6 -3
right_child=-2 2 -4 -5 5 -7 -8
leaf_value=-0.0077713239462259658 0.004575077454953007 -0.0025367041525259284 0.0043880256201392492 0.0074427693539884342 0.00049937914802003827 -0.026435620611823737 -0.0022444034982331204
leaf_weight=259 27 20 22 21 20 21 77
leaf_count=259 27 20 22 21 20 21 77
internal_value=-3.20662e-06 -0.000176951 0.000340909 -5.89227e-05 -0.000425532 0 -0.000373211
internal_weight=467 440 140 118 300 41 97
internal_count=467 440 140 118 300 41 97
is_linear=0
shrinkage=0.01


Tree=17
num_leaves=9
num_cat=0
split_feature=96 57 60 14 45 63 69 20
split_gain=2.2621 3.59046 0.354016 0.532096 0.320223 0.294102 0.0397189 0.035223
threshold=130.16331580000002 1.0000000035000001 2.1300001145000005 0.7163503575000002 3.6000000535000001 0.64499998050000007 23.389999390000003 1.0571428580000004
decision_type=2 2 2 2 2 2 2 2
left_child=2 -2 3 -1 -3 -4 7 -7
right_child=1 4 5 -5 -6 6 -8 -9
leaf_value=-0.0039519891021072883 0.004761257398271778 0.0016331548321277649 0.0024424155004997526 0.0083090014663605161 -0.001013998380601041 -0.0051164360431179062 -0.021068570393789125 -0.0050681192667623651
leaf_weight=23 20 23 23 21 29 284 20 24
leaf_count=23 20 23 23 21 29 284 20 24
internal_value=5.23727e-05 0.00167582 -0.000241284 0.000580357 0.000227273 -0.000351052 -0.000431874 -0.000459845
internal_weight=467 72 395 44 52 351 328 308
internal_count=467 72 395 44 52 351 328 308
is_linear=0
shrinkage=0.01


Tree=18
num_leaves=7
num_cat=0
split_feature=15 18 18 87 44 44
split_gain=2.5788 0.900511 0.619751 0.31123 0.637339 0.149312
threshold=0.74893435700000011 0.68323078550000005 0.70722607100000012 8.604285615000002 12.050000020000001 8.2000000180000026
decision_type=2 2 2 2 2 2
left_child=2 -2 3 4 5 -1
right_child=1 -3 -4 -5 -6 -7
leaf_value=0.00091782836169385822 0.0026138800714191803 0.0044670010358623495 0.0082030528570274704 -0.0078185981085828801 0.0017250111609331076 -0.0039528683620168115
leaf_weight=35 28 23 27 267 22 75
leaf_count=35 28 23 27 267 22 75
internal_value=6.17412e-05 0.00217181 -0.000189785 -0.000293897 9.03613e-05 -0.000207581
internal_weight=477 51 426 399 132 110
internal_count=477 51 426 399 132 110
is_linear=0
shrinkage=0.01


Tree=19
num_leaves=8
num_cat=0
split_feature=16 68 97 17 81 10 1
split_gain=1.15889 0.464972 0.767422 0.80209 0.382188 0.044365 0.0210574
threshold=0.75301769650000006 1.2800002100000003 25.164862530000004 0.69393428550000003 8.5078571865000026 0.51216585700000017 0.26014710700000004
decision_type=2 2 10 2 2 2 2
left_child=1 2 -1 4 6 -3 -4
right_child=-2 5 3 -5 -6 -7 -8
leaf_value=-0.0031966343809645371 0.0043152676747698713 -0.0062453999078196463 -0.0053199747875661086 0.0072071201024356928 0.0047044665406721269 -0.010210084587214887 -0.0039241357972350744
leaf_weight=86 21 20 29 28 20 241 20
leaf_count=86 21 20 29 28 20 241 20
internal_value=-6.54789e-05 -0.000179856 0.000198585 0.000812883 0.00019341 -0.000452636 -0.000251004
internal_weight=465 444 183 97 69 261 49
internal_count=465 444 183 97 69 261 49
is_linear=0
shrinkage=0.01


Tree=20
num_leaves=7
num_cat=0
split_feature=15 24 55 65 30 43
split_gain=2.38422 1.28409 0.336184 0.274219 0.0407543 0.0457426
threshold=0.74893435700000011 1.6785714075000002 6.7999998220000011 34.810000895000009 2.6285714420000006 0.70000002150000007
decision_type=2 2 2 2 2 2
left_child=2 -2 3 -1 5 -5
right_child=1 -3 -4 4 -6 -7
leaf_value=0.00067984160921161208 0.00017073976888687281 0.0043948975459581164 0.00079158144797424632 -0.0016930328021941988 -0.0011080678667957345 -0.0049527237833807952
leaf_weight=25 22 22 32 20 20 326
leaf_count=25 22 22 32 20 20 326
internal_value=-4.59599e-05 0.00214286 -0.000281973 -0.000366258 -0.000438931 -0.000464245
internal_weight=467 44 423 391 366 346
internal_count=467 44 423 391 366 346
is_linear=0
shrinkage=0.01


Tree=21
num_leaves=7
num_cat=0
split_feature=96 28 12 6 20 96
split_gain=2.46359 4.15238 0.440039 0.424274 0.137567 0.0901185
threshold=130.16331580000002 3.8999999930000002 0.73773671450000011 0.49283511900000004 1.0642857125000003 70.137508020000013
decision_type=2 2 2 2 2 2
left_child=2 3 4 -2 5 -1
right_child=1 -3 -4 -5 -6 -7
leaf_value=-0.0038723776902213516 -0.002742663466673251 0.0045371377825297347 0.0033033367118325664 0.0026819150481834221 0.00082816224921136467 -0.0048463385586284095
leaf_weight=38 35 21 39 20 21 294
leaf_count=38 35 21 39 20 21 294
internal_value=5.11944e-05 0.00169271 -0.000264766 0.000188172 -0.000380158 -0.000432692
internal_weight=468 76 392 55 353 332
internal_count=468 76 392 55 353 332
is_linear=0
shrinkage=0.01


Tree=22
num_leaves=7
num_cat=0
split_feature=18 19 30 19 10 15
split_gain=1.25298 1.96563 0.778545 0.117953 0.0452202 0.0314669
threshold=0.65407409500000013 104.84500000000001 2.5142857175000004 162.23500000000004 0.49696047150000006 0.74060828600000017
decision_type=2 2 2 2 2 2
left_child=3 2 5 4 -1 -2
right_child=1 -3 -4 -5 -6 -7
leaf_value=-0.0064120550846591606 -0.0012849961939820499 0.003407367694020196 0.011624379632589284 -0.00022694302486112595 -0.0055568362522451778 -0.0029624361040241328
leaf_weight=20 58 26 20 26 288 20
leaf_count=20 58 26 20 26 288 20
internal_value=-8.06453e-05 0.000769231 9.1093e-05 -0.000403226 -0.000459845 -0.00034264
internal_weight=458 124 98 334 308 78
internal_count=458 124 98 334 308 78
is_linear=0
shrinkage=0.01


Tree=23
num_leaves=7
num_cat=0
split_feature=96 19 19 18 96 48
split_gain=1.62795 1.30516 0.536066 0.221287 0.436522 0.119458
threshold=131.48502525000004 68.960000000000022 195.35000000000002 0.63711014300000013 95.400250690000021 3.0000000335000006
decision_type=2 2 2 2 2 2
left_child=2 -2 3 -1 -5 -6
right_child=1 -3 -4 4 5 -7
leaf_value=-0.0076906795314883036 -0.0010609913342215919 0.0043213785009724266 0.0017784977760388616 0.0081770283729117009 0.0079933795996955572 -0.0033313237879762552
leaf_weight=270 26 31 21 20 21 70
leaf_count=270 26 31 21 20 21 70
internal_value=-1.63116e-05 0.00154844 -0.00024578 -0.000336564 2.23612e-05 -0.000255991
internal_weight=459 57 402 381 111 91
internal_count=459 57 402 381 111 91
is_linear=0
shrinkage=0.01


Tree=24
num_leaves=7
num_cat=0
split_feature=96 57 4 18 19 10
split_gain=2.9858 1.38226 0.78454 0.640624 0.275398 0.0457669
threshold=130.75529735000001 1.0000000035000001 0.36167550000000009 0.70722607100000012 162.23500000000004 0.48367490500000004
decision_type=2 2 2 2 2 2
left_child=3 -2 -3 4 5 -1
right_child=1 2 -4 -5 -6 -7
leaf_value=-0.0060970406086201662 0.0074064404531088285 -0.0013891571984773366 0.0034713415093061677 0.0057637998466191177 0.0018388491301313771 -0.0048197253762043112
leaf_weight=20 20 20 20 29 26 328
leaf_count=20 20 20 20 29 26 328
internal_value=3.55756e-05 0.00210526 0.000931372 -0.000271174 -0.000386873 -0.00046445
internal_weight=463 60 40 403 374 348
internal_count=463 60 40 403 374 348
is_linear=0
shrinkage=0.01


Tree=25
num_leaves=5
num_cat=0
split_feature=15 18 30 98
split_gain=3.00796 0.492853 0.752934 0.369886
threshold=0.75473470250000008 0.63328252850000011 2.4285714205000004 25.572599765000003
decision_type=2 2 2 10
left_child=1 -1 3 -3
right_child=-2 2 -4 -5
leaf_value=-0.0064904045821056588 0.006625623717519508 -0.0030443791769306193 0.0091467995077239607 0.0050975766205302612
leaf_weight=313 31 83 25 28
leaf_count=313 31 83 25 28
internal_value=-5.82364e-05 -0.000272343 0.000219298 -0.000120751
internal_weight=480 449 136 111
internal_count=480 449 136 111
is_linear=0
shrinkage=0.01


Tree=26
num_leaves=7
num_cat=0
split_feature=13 17 66 60 28 8
split_gain=1.64435 0.528498 0.889563 0.491871 0.0933152 0.0335219
threshold=0.76652608500000008 0.67547628550000016 28.764999390000003 2.0999999050000002 4.1428571940000003 0.63121697600000004
decision_type=2 2 2 2 2 2
left_child=1 4 3 -3 -1 -5
right_child=-2 2 -4 5 -6 -7
leaf_value=-0.0072600384631823405 0.0038468661639669871 0.0032599562561869931 0.0078862518364268691 -0.0030927293879034691 -0.0011376319953272697 -0.0010874448287060395
leaf_weight=260 27 20 21 68 36 20
leaf_count=260 27 20 21 68 36 20
internal_value=-3.09188e-05 -0.000189056 0.000335131 -1.83825e-05 -0.000424528 -0.00036036
internal_weight=452 425 129 108 296 88
internal_count=452 425 129 108 296 88
is_linear=0
shrinkage=0.01


Tree=27
num_leaves=8
num_cat=0
split_feature=96 66 17 44 53 33 1
split_gain=2.31181 3.54785 0.614115 0.912278 0.207756 0.116404 0.0192946
threshold=130.16331580000002 28.580000400000003 0.70238095200000006 8.9500000555000003 1.0499999970000002 4.4142857280000003 0.25346078550000006
decision_type=2 2 2 2 2 2 2
left_child=2 4 5 -4 -2 -1 -5
right_child=1 -3 3 6 -6 -7 -8
leaf_value=-0.0064411136627153436 -0.0015770665758948746 0.00469164529992865 0.0078362977305826646 -0.0019722589631149391 0.003479779118062683 6.3697169938302657e-05 -0.0031557243852371854
leaf_weight=296 23 20 26 20 28 29 26
leaf_count=296 23 20 26 20 28 29 26
internal_value=5.11944e-05 0.00170613 -0.000242584 0.000576923 0.000241313 -0.000431246 -0.000235043
internal_weight=468 71 397 72 51 325 46
internal_count=468 71 397 72 51 325 46
is_linear=0
shrinkage=0.01


Tree=28
num_leaves=6
num_cat=0
split_feature=23 66 73 81 73
split_gain=1.07779 2.38077 1.12675 0.324562 0.126914
threshold=1.7857142730000002 27.315001010000007 46.655000210000004 8.5028571060000022 46.034999845000009
decision_type=2 2 2 2 2
left_child=1 4 -3 -2 -1
right_child=3 2 -4 -5 -6
leaf_value=-0.0029136677035372571 0.0020945590031874505 0.0087531805247415603 0.00010109911705992778 -0.0051582113227036505 0.007948652782247715
leaf_weight=71 23 23 22 299 20
leaf_count=71 23 23 22 299 20
internal_value=-8.06453e-05 0.000657895 0.00252183 -0.000399628 -0.000255991
internal_weight=458 136 45 322 91
internal_count=458 136 45 322 91
is_linear=0
shrinkage=0.01


Tree=29
num_leaves=6
num_cat=0
split_feature=13 53 55 20 10
split_gain=1.30321 0.32462 0.329424 0.111998 0.0456805
threshold=0.76652608500000008 1.0499999970000002 4.3500000200000004 0.91428572350000004 0.71924578600000011
decision_type=2 2 2 2 2
left_child=1 4 -3 -4 -1
right_child=-2 2 3 -5 -6
leaf_value=-0.0046336297932565614 0.003387050208138447 0.0073268073326727716 -0.0028422575638004321 0.0014825852411114726 -0.0011142114056835795
leaf_weight=321 28 31 51 20 20
leaf_count=321 28 31 51 20 20
internal_value=-0.000176982 -0.000314331 0.00016537 -0.000188022 -0.000463722
internal_weight=471 443 102 71 341
internal_count=471 443 102 71 341
is_linear=0
shrinkage=0.01


Tree=30
num_leaves=6
num_cat=0
split_feature=15 18 26 36 55
split_gain=1.8042 0.272147 0.544185 0.134452 0.0454269
threshold=0.76371035700000012 0.63328252850000011 2.2571428545000005 5.0428571360000012 7.1999998685000017
decision_type=2 2 2 2 2
left_child=1 4 3 -3 -1
right_child=-2 2 -4 -5 -6
leaf_value=-0.0058959443401519918 0.0038530364713442468 -0.0021979905141967654 0.004684169647164939 0.0026070163934022463 -0.0028429121840095649
leaf_weight=302 21 86 35 20 20
leaf_count=302 21 86 35 20 20
internal_value=-0.000165017 -0.000300776 5.28913e-05 -0.000290262 -0.000461586
internal_weight=484 463 141 106 322
internal_count=484 463 141 106 322
is_linear=0
shrinkage=0.01


Tree=31
num_leaves=8
num_cat=0
split_feature=16 96 19 30 24 11 65
split_gain=1.08846 0.614123 0.939576 0.114604 0.217555 0.0404243 0.0430778
threshold=0.75253400000000015 130.16331580000002 71.410000000000011 2.4285714375 1.7142857100000002 0.72632428550000017 34.105000495000006
decision_type=2 2 2 2 2 2 2
left_child=1 3 -3 5 -5 6 -1
right_child=-2 2 -4 4 -6 -7 -8
leaf_value=-0.0046537086269789118 0.0037423945856411489 -0.0009764493906026005 0.0022012052946111648 -0.0048553549521853298 0.0076576031852130782 -0.0045652935783143033 -0.005162623419843285
leaf_weight=21 23 29 25 33 20 20 312
leaf_count=21 23 29 25 33 20 20 312
internal_value=-0.000122985 -0.000234375 0.000748175 -0.00037119 2.78809e-05 -0.000436688 -0.000462852
internal_weight=483 460 54 406 53 353 333
internal_count=483 460 54 406 53 353 333
is_linear=0
shrinkage=0.01


Tree=32
num_leaves=7
num_cat=0
split_feature=14 19 87 8 60 12
split_gain=2.24902 0.53956 0.997426 0.167211 0.0752112 0.0710918
threshold=0.76021457150000005 130.56500000000003 8.6057143550000017 0.47972328600000008 2.0700001720000007 0.68930471400000004
decision_type=2 2 2 2 2 2
left_child=1 3 -3 -1 5 -5
right_child=-2 2 -4 4 -6 -7
leaf_value=0.0070076807137853985 0.0037748686821582745 0.0040326364400648006 -0.0029873851834228684 -0.0014044514721825686 -0.0050823013812960121 0.0014795993744865449
leaf_weight=38 32 25 33 24 290 20
leaf_count=38 32 25 33 24 290 20
internal_value=-1.9447e-05 -0.000215878 0.000663265 -0.000359442 -0.000433095 -1.17081e-10
internal_weight=462 430 58 372 334 44
internal_count=462 430 58 372 334 44
is_linear=0
shrinkage=0.01


Tree=33
num_leaves=7
num_cat=0
split_feature=96 66 19 84 96 18
split_gain=2.43713 2.03124 0.98162 0.148136 0.0765721 0.0710918
threshold=131.48502525000004 28.510000705000003 201.66500000000005 14.887857095000003 70.137508020000013 0.54004785750000017
decision_type=2 2 2 2 2 2
left_child=2 -2 3 -1 5 -5
right_child=1 -3 -4 4 -6 -7
leaf_value=0.0011506851129110764 0.0028482914258215336 0.0041395723850894042 0.0021616058639143698 -0.010107923302281002 -0.0046368613145813652 0.0075969105847070841
leaf_weight=20 34 22 20 24 324 20
leaf_count=20 34 22 20 24 324 20
internal_value=-1.19004e-10 0.00193662 -0.000273973 -0.000390947 -0.000439263 -1.17081e-10
internal_weight=464 56 408 388 368 44
internal_count=464 56 408 388 368 44
is_linear=0
shrinkage=0.01


Tree=34
num_leaves=8
num_cat=0
split_feature=96 66 60 17 5 50 18
split_gain=1.88619 3.04849 0.467976 0.743826 0.202491 0.0637461 0.0819471
threshold=130.16331580000002 28.580000400000003 2.1849999425000006 0.67622035700000016 0.44774035750000002 22.500000005000004 0.63120464300000012
decision_type=2 2 2 2 2 2 2
left_child=2 4 3 -1 -2 -4 -7
right_child=1 -3 5 -5 -6 6 -8
leaf_value=-0.0054558694225349058 -0.0033381243008830685 0.0044718960852501788 -0.0045995222404016144 0.0071176138886971749 0.0031625387354235631 -0.0070203785620676952 0.0087236393205822223
leaf_weight=31 28 20 280 24 20 29 20
leaf_count=31 28 20 280 24 20 29 20
internal_value=-8.83404e-06 0.00151163 -0.000285863 0.000546595 8.19671e-05 -0.00043208 -5.02009e-05
internal_weight=452 68 384 55 48 329 49
internal_count=452 68 384 55 48 329 49
is_linear=0
shrinkage=0.01


Tree=35
num_leaves=7
num_cat=0
split_feature=16 96 23 96 53 65
split_gain=2.16799 0.544558 0.583023 0.216288 0.40407 0.158411
threshold=0.75253400000000015 130.16331580000002 1.7928571275000003 73.069060915000009 0.99999998550000002 33.730000020000006
decision_type=2 2 2 2 2 2
left_child=1 3 -3 4 -1 -5
right_child=-2 2 -4 5 -6 -7
leaf_value=-0.017226231346076801 0.0071487192089422546 0.0053058372642877964 -0.0040708213518225681 0.0007874744832276129 0.0074489623308947031 -0.00417074783021804
leaf_weight=31 27 32 24 21 20 311
leaf_count=31 27 32 24 21 20 311
internal_value=-2.35648e-05 -0.000198954 0.000704225 -0.000337415 0.000241313 -0.000432692
internal_weight=466 439 56 383 51 332
internal_count=466 439 56 383 51 332
is_linear=0
shrinkage=0.01


Tree=36
num_leaves=6
num_cat=0
split_feature=98 28 8 28 18
split_gain=1.45983 1.47002 0.723192 0.137494 0.217555
threshold=25.045844445000004 3.8714286770000004 0.62638573800000008 4.1285714930000008 0.60969867250000009
decision_type=10 2 2 2 2
left_child=3 2 -2 -1 -5
right_child=1 -3 -4 4 -6
leaf_value=-0.005198032348738113 -0.0029950867483433431 0.005663217408922081 0.0035728573869376556 -0.0069257703875260411 0.0085647656144060488
leaf_weight=289 57 29 37 33 20
leaf_count=289 57 29 37 33 20
internal_value=-6.54789e-05 0.000860258 0.000221519 -0.000405484 2.78809e-05
internal_weight=465 123 94 342 53
internal_count=465 123 94 342 53
is_linear=0
shrinkage=0.01


Tree=37
num_leaves=5
num_cat=0
split_feature=16 18 66 97
split_gain=1.55149 0.541652 0.606067 0.136414
threshold=0.75045346700000015 0.63328252850000011 28.580000400000003 25.164862530000004
decision_type=2 2 2 10
left_child=1 -1 3 -3
right_child=-2 2 -4 -5
leaf_value=-0.0058152697068385899 0.0062748842950717124 -0.0014358712375285344 0.0048798736495224418 0.0023303421373098575
leaf_weight=320 30 57 36 34
leaf_count=320 30 57 36 34
internal_value=-0.00011825 -0.000271327 0.000269953 -0.000147059
internal_weight=477 447 127 91
internal_count=477 447 127 91
is_linear=0
shrinkage=0.01


Tree=38
num_leaves=6
num_cat=0
split_feature=15 35 35 65 1
split_gain=1.08814 0.565315 0.933507 0.25795 0.0204918
threshold=0.74893435700000011 3.4785713980000006 3.3428571735000001 34.810000895000009 0.21667271400000002
decision_type=2 2 2 2 2
left_child=1 2 4 -3 -1
right_child=-2 3 -4 -5 -6
leaf_value=-0.0080842708124368966 0.0042777228674631259 0.004020918800645196 0.0046459868670950316 -0.0034144418599097942 9.9095833161258747e-05
leaf_weight=28 38 29 26 310 20
leaf_count=28 38 29 26 310 20
internal_value=-7.4148e-05 -0.000228371 0.000548128 -0.00040465 -0.000245902
internal_weight=451 413 74 339 48
internal_count=451 413 74 339 48
is_linear=0
shrinkage=0.01


Tree=39
num_leaves=6
num_cat=0
split_feature=16 54 30 18 65
split_gain=1.87792 0.532826 0.185945 0.424627 0.045693
threshold=0.75706978600000008 12.000000015000001 2.4285714375 0.63711014300000013 34.214999675000008
decision_type=2 2 2 2 2
left_child=1 2 4 -4 -1
right_child=-2 -3 3 -5 -6
leaf_value=-0.00023702769423266672 0.008481813350882177 0.0025528367536938276 -0.0023464022741287831 0.0089968131422396101 -0.0036293001269436772
leaf_weight=20 20 22 42 21 322
leaf_count=20 20 22 42 21 322
internal_value=-0.000137338 -0.000284011 -0.000370872 0.000101881 -0.000463827
internal_weight=447 427 405 63 342
internal_count=447 427 405 63 342
is_linear=0
shrinkage=0.01


Tree=40
num_leaves=5
num_cat=0
split_feature=13 96 18 65
split_gain=0.999991 0.504653 0.137339 0.045941
threshold=0.76652608500000008 132.01285560000002 0.70808342850000006 34.299999235000008
decision_type=2 2 2 2
left_child=1 2 3 -1
right_child=-2 -3 -4 -5
leaf_value=-0.0043855181070543035 0.0033337490912929012 0.0045239495681380863 0.0019842812278234932 -0.0050911719279089496
leaf_weight=20 26 37 23 343
leaf_count=20 26 37 23 343
internal_value=-0.000183415 -0.000305569 -0.000416236 -0.000465915
internal_weight=449 423 386 363
internal_count=449 423 386 363
is_linear=0
shrinkage=0.01


Tree=41
num_leaves=7
num_cat=0
split_feature=17 19 17 8 18 1
split_gain=1.20236 0.490725 0.930014 0.191707 0.0454127 0.0180012
threshold=0.7348106430000001 130.56500000000003 0.67145742850000012 0.48260336750000005 0.69747871400000017 0.27035092850000003
decision_type=2 2 2 2 2 2
left_child=1 3 5 -1 -5 -3
right_child=-2 2 -4 4 -6 -7
leaf_value=0.0068670269314346898 0.0099438504212214715 -0.0060742527924967094 0.0031644530357067286 -0.0035064877823009302 0.00011388890119958695 -0.0011289942614099869
leaf_weight=36 28 24 20 301 20 20
leaf_count=36 28 24 20 301 20 20
internal_value=-9.44866e-05 -0.000233523 0.000555555 -0.000381498 -0.000461467 -0.000223214
internal_weight=449 421 64 357 321 44
internal_count=449 421 64 357 321 44
is_linear=0
shrinkage=0.01


Tree=42
num_leaves=5
num_cat=0
split_feature=15 60 17 98
split_gain=1.24785 0.6732 0.865266 0.0916052
threshold=0.76214888550000015 2.0999999050000002 0.67622035700000016 26.400421500000004
decision_type=2 2 2 10
left_child=1 2 -1 -3
right_child=-2 3 -4 -5
leaf_value=-0.0042812382816306924 0.0032800470241640184 -0.0047094864334613759 0.0036800293168834527 0.00023354750417180437
leaf_weight=35 21 331 34 38
leaf_count=35 21 331 34 38
internal_value=-0.000146803 -0.000266636 0.000623209 -0.000439427
internal_weight=459 438 69 369
internal_count=459 438 69 369
is_linear=0
shrinkage=0.01


Tree=43
num_leaves=5
num_cat=0
split_feature=16 96 67 38
split_gain=1.41047 0.719783 0.2885 0.0459299
threshold=0.75045346700000015 131.48502525000004 20.080000875000003 6.4142857620000013
decision_type=2 2 2 2
left_child=1 2 -1 -4
right_child=-2 -3 3 -5
leaf_value=0.0023764382913986342 0.0054288143713852625 0.0022554457210481626 -0.0045930054410183562 -0.0060623998273409922
leaf_weight=25 32 37 342 20
leaf_count=25 32 37 342 20
internal_value=-0.000100701 -0.000258946 -0.000390665 -0.000465822
internal_weight=456 424 387 362
internal_count=456 424 387 362
is_linear=0
shrinkage=0.01


Tree=44
num_leaves=7
num_cat=0
split_feature=60 56 56 53 52 7
split_gain=1.12538 1.28026 0.445879 0.178109 0.195018 0.0639114
threshold=2.0999999050000002 14.649999885000001 0.25000000350000007 1.0499999970000002 8.0499999075000019 0.55277371450000012
decision_type=2 2 2 2 2 2
left_child=1 -1 -2 -4 -5 -3
right_child=2 5 3 4 -6 -7
leaf_value=0.0061278506930803247 0.0031582676520820856 -0.005177884602200809 -0.0043907184065524628 -0.0046872495234760786 0.005658186583841234 0.002480225867347008
leaf_weight=26 26 21 301 36 34 20
leaf_count=26 26 21 301 36 34 20
internal_value=-8.60586e-05 0.00109882 -0.000292861 -0.00038596 4.23728e-05 0
internal_weight=464 67 397 371 70 41
internal_count=464 67 397 371 70 41
is_linear=0
shrinkage=0.01


Tree=45
num_leaves=6
num_cat=0
split_feature=18 97 65 7 0
split_gain=1.39855 1.7461 1.08088 0.924862 0.0327568
threshold=0.63328252850000011 23.911657220000006 40.509999750000006 0.54593564300000008 0.27560828300000006
decision_type=2 10 2 2 2
left_child=-1 4 3 -3 -2
right_child=1 2 -4 -5 -6
leaf_value=-0.0053558902689434971 -0.0010937685149593772 0.007249835012080679 0.00072549527495326495 0.004930131267424788 -1.9813211939818666e-05
leaf_weight=321 64 28 30 23 20
leaf_count=321 64 28 30 23 20
internal_value=-0.000104766 0.000636309 0.00168093 0.00255791 -0.000353774
internal_weight=486 165 81 51 84
internal_count=486 165 81 51 84
is_linear=0
shrinkage=0.01


Tree=46
num_leaves=8
num_cat=0
split_feature=17 19 18 63 55 12 19
split_gain=0.826035 0.31345 0.63577 0.12949 0.0465702 0.0892094 0.0450607
threshold=0.7348106430000001 140.19000000000003 0.6011344285000001 0.75000000000000011 5.7000000775000013 0.69539414250000009 5.5500000000000007
decision_type=2 2 2 2 2 2 2
left_child=1 3 -3 -1 6 -6 -5
right_child=-2 2 -4 4 5 -7 -8
leaf_value=3.4127783008511599e-05 0.0030539694682606283 -0.0054694470225755756 0.0029513308398670347 -0.0050460102889216254 4.9467312888435978e-05 -0.00056845456326968277 -0.005114850894160374
leaf_weight=21 29 29 20 20 20 33 278
leaf_count=21 29 29 20 20 20 33 278
internal_value=-0.000139752 -0.000257231 0.000471887 -0.000359442 -0.000407902 -8.36432e-05 -0.000458501
internal_weight=450 421 49 372 351 53 298
internal_count=450 421 49 372 351 53 298
is_linear=0
shrinkage=0.01


Tree=47
num_leaves=6
num_cat=0
split_feature=18 30 8 66 96
split_gain=1.45855 1.74734 0.380283 0.29097 0.15756
threshold=0.63328252850000011 2.4214285700000002 0.64973369050000007 29.379999635000004 131.19284590000004
decision_type=2 2 2 2 2
left_child=4 2 3 -2 -1
right_child=1 -3 -4 -5 -6
leaf_value=-0.0068548382381594299 -0.001802456720708481 0.0074892148966736261 0.0025068733313321173 0.0039865259330903388 7.1142400453624529e-06
leaf_weight=293 70 37 20 20 21
leaf_count=293 70 37 20 20 21
internal_value=-4.00608e-05 0.000774695 0.000117328 -0.000143172 -0.000428844
internal_weight=461 147 110 90 314
internal_count=461 147 110 90 314
is_linear=0
shrinkage=0.01


Tree=48
num_leaves=7
num_cat=0
split_feature=96 22 19 16 18 10
split_gain=0.867606 0.896879 0.322021 0.66232 0.114394 0.0453985
threshold=130.75529735000001 1.7428571540000004 130.56500000000003 0.69752910700000015 0.70722607100000012 0.48809821400000003
decision_type=2 2 2 2 2 2
left_child=2 -2 4 -4 5 -1
right_child=1 -3 3 -5 -6 -7
leaf_value=-0.005687009076733569 -0.00094289933262679002 0.0029452846681918307 -0.0031021862497606031 0.0024818045980187879 0.00081674957662077161 -0.0044309998304571246
leaf_weight=20 24 34 32 20 27 300
leaf_count=20 24 34 32 20 27 300
internal_value=-0.000123416 0.0010034 -0.000293897 0.000416667 -0.000406843 -0.000461347
internal_weight=457 58 399 52 347 320
internal_count=457 58 399 52 347 320
is_linear=0
shrinkage=0.01


Tree=49
num_leaves=7
num_cat=0
split_feature=96 28 19 16 8 42
split_gain=1.55196 2.61617 0.362713 0.670515 0.220242 0.0458616
threshold=130.16331580000002 3.8999999930000002 130.56500000000003 0.69752910700000015 0.63008898200000008 8.7500003945000024
decision_type=2 2 2 2 2 2
left_child=2 4 5 -4 -2 -1
right_child=1 -3 3 -5 -6 -7
leaf_value=-0.0044838735406875002 -0.0010178841813310057 0.0038970754775386808 -0.0088318958172084652 0.0024569865520386088 0.0027653377062009888 0.00026668923704980418
leaf_weight=336 34 20 33 20 20 20
leaf_count=336 34 20 33 20 20 20
internal_value=-0.000102315 0.00121658 -0.000347731 0.000399628 1.82481e-05 -0.000465247
internal_weight=483 74 409 53 54 356
internal_count=483 74 409 53 54 356
is_linear=0
shrinkage=0.01


Tree=50
num_leaves=7
num_cat=0
split_feature=17 18 97 65 50 8
split_gain=1.3102 0.443251 0.564665 0.679492 0.0378571 0.031233
threshold=0.75127685700000013 0.63711014300000013 25.560182840000007 40.339999675000008 9.8500000200000013 0.53167133350000018
decision_type=2 2 10 2 2 2
left_child=1 4 5 -4 -1 -3
right_child=-2 2 3 -5 -6 -7
leaf_value=-0.0012630861274570645 0.003219196939008291 -0.0043977752718469664 0.0065187802557657359 -0.0016476045281458357 -0.0061716892316802949 -0.00088109917998991706
leaf_weight=23 20 20 39 22 294 57
leaf_count=23 20 20 39 22 294 57
internal_value=-0.000137663 -0.000253401 0.000208934 0.000930421 -0.000460982 -0.000340617
internal_weight=475 455 138 61 317 77
internal_count=475 455 138 61 317 77
is_linear=0
shrinkage=0.01


Tree=51
num_leaves=8
num_cat=0
split_feature=17 26 97 36 18 18 0
split_gain=1.2043 1.93916 1.47218 0.32292 0.121235 0.212505 0.0329546
threshold=0.67547628550000016 2.2571428545000005 26.401655540000004 5.0428571360000012 0.59664671450000006 0.61657959500000004 0.090650389000000012
decision_type=2 2 10 2 2 2 2
left_child=4 3 -3 6 -1 -6 -2
right_child=1 2 -4 -5 5 -7 -8
leaf_value=-0.0089416612322109363 -0.0022381597811192313 0.0027972572481104762 0.00047534386139171786 0.0050370037560423199 3.7185087849884577e-05 -0.006411354305467294 -0.0012656532922360136
leaf_weight=250 20 26 22 27 21 37 65
leaf_count=250 20 26 22 27 21 37 65
internal_value=-2.55974e-05 0.000671642 0.00233607 -3.54611e-05 -0.000395078 0 -0.000355478
internal_weight=468 160 48 112 308 58 85
internal_count=468 160 48 112 308 58 85
is_linear=0
shrinkage=0.01


Tree=52
num_leaves=6
num_cat=0
split_feature=16 27 44 19 21
split_gain=1.42039 0.286118 0.195387 0.49521 0.0452961
threshold=0.75045346700000015 4.1857143300000006 12.050000020000001 71.410000000000011 2.6071428400000003
decision_type=2 2 2 2 2
left_child=1 2 4 -4 -1
right_child=-2 -3 3 -5 -6
leaf_value=-0.0042956328406469797 0.0051858728324785611 0.0030298903333458474 -0.0016328264076497193 0.00075312305454847063 -0.00076232931729874887
leaf_weight=293 32 35 57 29 20
leaf_count=293 32 35 57 29 20
internal_value=-0.000109255 -0.00026449 -0.000343922 5.76036e-05 -0.000460485
internal_weight=466 434 399 86 313
internal_count=466 434 399 86 313
is_linear=0
shrinkage=0.01


Tree=53
num_leaves=6
num_cat=0
split_feature=15 96 28 30 93
split_gain=1.30654 0.648608 0.374371 0.099251 0.0435072
threshold=0.75473470250000008 131.61942115000002 3.8714285920000004 2.0142857265000003 15.352142880000001
decision_type=2 2 2 2 2
left_child=1 3 -3 -1 -5
right_child=-2 2 -4 4 -6
leaf_value=-0.00057866573257478362 0.0043655494334554484 -0.0028031752189853448 0.0064906190381049745 -0.0010101311057624123 -0.0049149641737558491
leaf_weight=32 35 22 20 21 348
leaf_count=32 35 22 20 21 348
internal_value=-0.000139933 -0.000291798 0.000864486 -0.000419363 -0.000466468
internal_weight=478 443 42 401 369
internal_count=478 443 42 401 369
is_linear=0
shrinkage=0.01


Tree=54
num_leaves=8
num_cat=0
split_feature=17 56 68 20 30 17 30
split_gain=0.984268 1.28238 0.86275 0.275184 0.0556254 0.0799496 0.0400456
threshold=0.68984860000000003 10.299999860000002 1.1549997330000001 0.98571428650000004 2.4285714375 0.63263027150000017 1.9999999915000002
decision_type=2 2 2 2 2 2 2
left_child=4 3 -3 -2 6 -6 -1
right_child=1 2 -4 -5 5 -7 -8
leaf_value=-0.0044367610605526566 -0.0009155445562841455 0.0026704493021302445 0.0023210111268932607 0.0019220176710931945 -0.0088394763519807143 0.00060644272720469902 -0.0056959065730288472
leaf_weight=22 59 22 20 20 28 20 275
leaf_count=22 59 22 20 20 28 20 275
internal_value=-0.000130677 0.000636289 0.00203271 -9.39851e-05 -0.000406304 -4.09837e-05 -0.000458361
internal_weight=466 121 42 79 345 48 297
internal_count=466 121 42 79 345 48 297
is_linear=0
shrinkage=0.01


Tree=55
num_leaves=7
num_cat=0
split_feature=16 96 24 27 65 13
split_gain=1.00786 0.394866 0.790455 0.190637 0.154909 0.0454269
threshold=0.75253400000000015 130.16331580000002 1.6999999840000004 4.1857143300000006 33.730000020000006 0.75505309150000011
decision_type=2 2 2 2 2 2
left_child=1 3 -3 4 -1 -6
right_child=-2 2 -4 -5 5 -7
leaf_value=0.00089178174078638039 0.0026474684106062084 -0.0017898969046666131 0.0037607218450560306 0.0034184351724808439 -0.005092302850216196 -0.00070608135691598126
leaf_weight=20 24 31 23 32 302 20
leaf_count=20 24 31 23 32 302 20
internal_value=-9.71733e-05 -0.000214552 0.000565693 -0.000333511 -0.000405484 -0.000461586
internal_weight=452 428 54 374 342 322
internal_count=452 428 54 374 342 322
is_linear=0
shrinkage=0.01


Tree=56
num_leaves=8
num_cat=0
split_feature=60 43 16 16 56 8 56
split_gain=1.54132 1.73666 0.398525 0.257804 0.122195 0.118779 0.0453841
threshold=2.0700001720000007 15.099999730000002 0.71832178550000003 0.75045346700000015 0.25000000350000007 0.48260336750000005 10.500000000000002
decision_type=2 2 2 2 2 2 2
left_child=1 -1 -3 4 -2 -6 -7
right_child=3 2 -4 -5 5 6 -8
leaf_value=0.0030027886188992671 0.00012234095978714429 -0.004446897675052448 0.007298289634692934 0.0025483773734335858 0.003155548150059508 -0.0041736195019696507 -0.0010726087189183325
leaf_weight=20 22 30 20 23 26 299 20
leaf_count=20 22 30 20 23 26 299 20
internal_value=-3.90626e-05 0.00131356 0.000255905 -0.000289151 -0.000357531 -0.000406304 -0.000461226
internal_weight=460 70 50 390 367 345 319
internal_count=460 70 50 390 367 345 319
is_linear=0
shrinkage=0.01


Tree=57
num_leaves=7
num_cat=0
split_feature=18 19 45 65 60 3
split_gain=1.19468 0.485735 0.906258 0.200117 0.141277 0.166066
threshold=0.72694092850000003 154.51500000000001 3.6499999945000003 34.810000895000009 2.0700001720000007 0.31532478600000008
decision_type=2 2 2 2 2 2
left_child=1 3 -3 -1 5 -5
right_child=-2 2 -4 4 -6 -7
leaf_value=0.0031159486432379797 0.0027137883769164945 0.0026030379227798542 -0.0016866034357521005 0.0064372587638749767 -0.0032811919204586504 -0.0009558093144896592
leaf_weight=31 21 20 27 23 301 29
leaf_count=31 21 20 27 23 301 29
internal_value=-9.71733e-05 -0.000216536 0.000721757 -0.000337838 -0.000408423 3.78787e-05
internal_weight=452 431 47 384 353 52
internal_count=452 431 47 384 353 52
is_linear=0
shrinkage=0.01


Tree=58
num_leaves=6
num_cat=0
split_feature=15 17 26 98 12
split_gain=1.72505 0.347948 0.549271 0.633345 0.32754
threshold=0.75473470250000008 0.63485078600000011 2.2714285595000008 26.465459855000002 0.62608385750000017
decision_type=2 2 2 8 2
left_child=1 -1 4 -4 -3
right_child=-2 2 3 -5 -6
leaf_value=-0.0084127490933625666 0.0047456287998198622 0.0046735519343230362 0.0052591022113919819 -0.00099459026490479846 -0.0010971306040425529
leaf_weight=236 33 34 20 34 122
leaf_count=236 33 34 20 34 122
internal_value=-5.73157e-05 -0.000226052 6.16697e-05 0.000930657 -0.000229592
internal_weight=479 446 210 54 156
internal_count=479 446 210 54 156
is_linear=0
shrinkage=0.01


Tree=59
num_leaves=7
num_cat=0
split_feature=15 19 26 9 3 55
split_gain=1.20971 0.419484 0.921816 0.27154 0.367199 0.0405384
threshold=0.76214888550000015 130.56500000000003 2.2571428545000005 0.51665650000000019 0.25916807150000004 7.0000000780000011
decision_type=2 2 2 2 2 2
left_child=1 3 -3 4 -1 -5
right_child=-2 2 -4 5 -6 -7
leaf_value=-0.013272303881681907 0.0026006704419828815 -0.0063666466277499615 0.0020784508265304013 -0.0037804875696968721 0.0091089966193559288 -0.00012942881603971126
leaf_weight=25 28 33 21 308 20 22
leaf_count=25 28 33 21 308 20 22
internal_value=-0.000101573 -0.000238483 0.000565693 -0.000360564 0.000338428 -0.000462515
internal_weight=457 429 54 375 45 330
internal_count=457 429 54 375 45 330
is_linear=0
shrinkage=0.01


Tree=60
num_leaves=8
num_cat=0
split_feature=18 97 1 52 27 44 17
split_gain=0.561801 0.696583 0.979464 0.781422 0.127491 0.0766219 0.0686894
threshold=0.63328252850000011 24.482091070000006 0.22754983300000001 7.9000000060000009 4.0428571530000008 12.800000015000002 0.62712633350000002
decision_type=2 10 2 2 2 2 2
left_child=5 4 -3 -4 -2 -1 -7
right_child=1 2 3 -5 -6 6 -8
leaf_value=-0.0063228613337520433 -0.0019724131435012644 -0.0029304089449193656 0.0065841907828923787 0.0039884190638159872 0.00045294463517889575 -0.0073790972225436981 9.2683600926420177e-05
leaf_weight=268 72 26 23 20 20 23 20
leaf_count=268 72 26 23 20 20 23 20
internal_value=-0.000177665 0.000293572 0.00105301 0.00197489 -0.000258621 -0.000428159 0
internal_weight=472 161 69 43 92 311 43
internal_count=472 161 69 43 92 311 43
is_linear=0
shrinkage=0.01


Tree=61
num_leaves=7
num_cat=0
split_feature=18 26 37 98 17 28
split_gain=1.12137 2.0443 1.03581 0.977523 0.157314 0.195577
threshold=0.62823992900000014 2.2571428545000005 4.957142847000001 26.403695545000005 0.65026509500000007 3.8714285920000004
decision_type=2 2 2 8 2 2
left_child=4 2 -2 -3 -1 -6
right_child=1 3 -4 -5 5 -7
leaf_value=-0.0085314229106706746 -0.0015692327995808833 0.0024718209159574709 0.0074049298611890196 0.0075201028448990594 -0.0037492252636618152 9.1756764917155488e-05
leaf_weight=269 102 21 25 21 26 20
leaf_count=269 102 21 25 21 26 20
internal_value=-4.12542e-05 0.000609541 -1.17372e-05 0.0025 -0.000397404 0.000106837
internal_weight=484 169 127 42 315 46
internal_count=484 169 127 42 315 46
is_linear=0
shrinkage=0.01


Tree=62
num_leaves=6
num_cat=0
split_feature=16 18 26 96 96
split_gain=0.991368 0.39302 0.673717 0.242922 0.208368
threshold=0.75045346700000015 0.59664671450000006 2.3142857000000006 87.722254155000016 131.48502525000004
decision_type=2 2 2 2 2
left_child=1 -1 3 -3 -5
right_child=-2 2 -4 4 -6
leaf_value=-0.006288968627994369 0.0024058764749922378 0.0070439942379966394 0.0017757595640560621 -0.0013766857242748546 0.00098729169141852026
leaf_weight=236 32 20 28 115 30
leaf_count=236 32 20 28 115 30
internal_value=-8.33695e-05 -0.000215216 0.000110939 -0.000123643 -0.000277778
internal_weight=461 429 193 165 145
internal_count=461 429 193 165 145
is_linear=0
shrinkage=0.01


Tree=63
num_leaves=6
num_cat=0
split_feature=18 30 19 28 56
split_gain=1.25049 1.41678 0.743534 0.127491 0.0961602
threshold=0.63515595200000019 2.4214285700000002 121.825 4.0071428165000009 0.35000000500000006
decision_type=2 2 2 2 2
left_child=4 2 3 -2 -1
right_child=1 -3 -4 -5 -6
leaf_value=-9.0807597340217444e-06 -0.00094771783580850936 0.0090290423176661271 0.0025944571165507214 0.0074386885971392674 -0.0056990062420967423
leaf_weight=35 72 37 20 20 266
leaf_count=35 72 37 20 20 266
internal_value=-5.10205e-05 0.000690921 0.000106383 -0.000258621 -0.000425779
internal_weight=450 149 112 92 301
internal_count=450 149 112 92 301
is_linear=0
shrinkage=0.01


Tree=64
num_leaves=7
num_cat=0
split_feature=56 60 42 35 16 10
split_gain=0.508611 0.591649 0.878089 0.0971282 0.0892094 0.0455772
threshold=0.25000000350000007 2.0999999050000002 7.9000001550000016 4.2071428810000002 0.71983528600000013 0.71861128550000009
decision_type=2 2 2 2 2 2
left_child=-1 2 -2 5 -4 -3
right_child=1 3 4 -5 -6 -7
leaf_value=0.00066374332165803468 0.0011023249996415351 -0.0049930785515807001 -0.004035404296652138 0.00058887765802163904 0.0069645953278260403 -0.0067752769621679775
leaf_weight=20 20 313 33 32 20 20
leaf_count=20 20 313 33 32 20 20
internal_value=-0.000167829 -0.000243847 0.000562331 -0.000411427 -8.36432e-05 -0.000462852
internal_weight=458 438 73 365 53 333
internal_count=458 438 73 365 53 333
is_linear=0
shrinkage=0.01


Tree=65
num_leaves=7
num_cat=0
split_feature=96 5 96 49 65 50
split_gain=1.38204 1.04512 0.259823 0.449237 0.135776 0.0270358
threshold=131.48502525000004 0.43584972850000009 73.069060915000009 11.500000055000003 34.214999675000008 9.8000003285000012
decision_type=2 2 2 2 2 2
left_child=2 -2 3 -1 -4 -6
right_child=1 -3 4 -5 5 -7
leaf_value=0.0061723703768602513 -0.00029019840541087303 0.0024433619151585386 0.0060606517572360545 -0.012428150616186344 -0.0014254888477790817 -0.0043701527702721859
leaf_weight=27 29 21 23 35 28 310
leaf_count=27 29 21 23 35 28 310
internal_value=-0.000115028 0.00143701 -0.000305569 0.000270701 -0.000410448 -0.0004634
internal_weight=473 50 423 62 361 338
internal_count=473 50 423 62 361 338
is_linear=0
shrinkage=0.01


Tree=66
num_leaves=8
num_cat=0
split_feature=96 57 17 91 6 17 18
split_gain=1.12264 1.34609 0.265563 0.460665 0.202503 0.0410434 0.0971857
threshold=130.16331580000002 1.0000000035000001 0.69850821450000011 21.199999810000005 0.4970687860000001 0.65814673200000007 0.62173360000000011
decision_type=2 2 2 2 2 2 2
left_child=2 -2 5 -4 -3 -1 -7
right_child=1 4 3 -5 -6 6 -8
leaf_value=-0.0081757173948692006 0.005352467322452187 -0.00095626594426083823 -0.0019687284003255894 0.0051680467130387599 0.0015639856476453457 8.0372576744853301e-05 -0.0040783970637376342
leaf_weight=279 26 33 37 27 21 21 43
leaf_count=279 26 33 37 27 21 21 43
internal_value=-0.000105576 0.000965346 -0.000322462 0.000246913 1.82481e-05 -0.000434846 -0.000154321
internal_weight=487 80 407 64 54 343 64
internal_count=487 80 407 64 54 343 64
is_linear=0
shrinkage=0.01


Tree=67
num_leaves=7
num_cat=0
split_feature=19 50 18 98 0 44
split_gain=1.63842 3.39747 0.259149 0.135842 0.0838677 0.0252576
threshold=130.56500000000003 11.899999860000003 0.70722607100000012 27.836040485000002 0.23704348600000003 14.049999980000001
decision_type=2 2 2 10 2 2
left_child=2 -2 3 5 -3 -1
right_child=1 4 -4 -5 -6 -7
leaf_value=-0.0033454740752481287 0.0024709081992658056 -0.0084442020734222054 0.0059868364720565802 0.0052535804385407375 0.002430739407035986 -0.0049304317089881346
leaf_weight=310 20 30 25 23 20 29
leaf_count=310 20 30 25 23 20 29
internal_value=-7.97293e-05 0.00131356 -0.000339092 -0.000410695 -5.90552e-05 -0.000463508
internal_weight=457 70 387 362 50 339
internal_count=457 70 387 362 50 339
is_linear=0
shrinkage=0.01


Tree=68
num_leaves=7
num_cat=0
split_feature=16 96 67 86 11 13
split_gain=1.82161 0.737462 0.438948 0.352028 0.0413505 0.0435393
threshold=0.75706978600000008 131.61942115000002 24.349999905000004 12.567857300000002 0.49372802400000004 0.75557692500000007
decision_type=2 2 2 2 2 2
left_child=1 3 -3 -1 -5 -6
right_child=-2 2 -4 4 5 -7
leaf_value=0.0020505180275140955 0.0077020874492679118 -0.0012248876572988276 0.0034492750245261072 -0.0048467346354910462 -0.0038624798655117103 -0.00017430771248554879
leaf_weight=20 20 23 24 20 351 21
leaf_count=20 20 23 24 20 351 21
internal_value=-9.89997e-05 -0.000233797 0.000930962 -0.000373062 -0.000442974 -0.000466738
internal_weight=479 459 47 412 392 372
internal_count=479 459 47 412 392 372
is_linear=0
shrinkage=0.01


Tree=69
num_leaves=6
num_cat=0
split_feature=18 34 19 96 27
split_gain=1.25555 1.91169 0.463169 0.217758 0.129026
threshold=0.70169578600000004 5.1000000070000011 154.51500000000001 131.61942115000002 4.1857143300000006
decision_type=2 2 2 2 2
left_child=2 -2 3 4 -1
right_child=1 -3 -4 -5 -6
leaf_value=-0.0046262260342100408 -0.00071090159440810575 0.007392582260539027 0.0019118302314510354 0.00016907396125070168 0.0029442305725887376
leaf_weight=297 22 20 36 30 26
leaf_count=297 22 20 36 30 26
internal_value=-5.44235e-05 0.00156542 -0.000237301 -0.000351894 -0.000430822
internal_weight=431 42 389 353 323
internal_count=431 42 389 353 323
is_linear=0
shrinkage=0.01


Tree=70
num_leaves=7
num_cat=0
split_feature=60 56 19 91 7 8
split_gain=1.52091 1.61644 0.507379 0.767002 0.117241 0.0639114
threshold=2.0999999050000002 15.150000270000001 130.56500000000003 21.627143040000004 0.41948735750000005 0.61664589250000013
decision_type=2 2 2 2 2 2
left_child=1 -1 4 -4 -2 -3
right_child=2 5 3 -5 -6 -7
leaf_value=0.0044143889125688243 0.0025749946235613138 -0.0015271453156408237 0.0034538004670876445 -0.0024879769805786797 -0.0035822490419042765 0.001964772675387999
leaf_weight=30 29 21 23 29 315 20
leaf_count=30 29 21 23 29 315 20
internal_value=-4.59599e-05 0.0012883 -0.000292339 0.00060606 -0.000435035 0
internal_weight=467 71 396 52 344 41
internal_count=467 71 396 52 344 41
is_linear=0
shrinkage=0.01


Tree=71
num_leaves=7
num_cat=0
split_feature=15 17 80 1 50 5
split_gain=1.23553 0.302208 0.507007 0.582957 0.088964 0.0304949
threshold=0.76214888550000015 0.68161828600000007 5.4328571555000007 0.26174914300000002 22.500000080000003 0.40979680950000003
decision_type=2 2 2 2 2 2
left_child=1 4 5 -4 -1 -3
right_child=-2 2 3 -5 -6 -7
leaf_value=-0.0049481012085190136 0.0022315560316747206 -0.0024821857055386536 0.0057267458039344556 -0.00071292466061638753 -0.0095086380380636822 -0.00020872528746814585
leaf_weight=270 28 54 21 24 38 20
leaf_count=270 28 54 21 24 38 20
internal_value=-0.000121764 -0.000260636 0.000154424 0.00099345 -0.000427461 -0.000334225
internal_weight=455 427 119 45 308 74
internal_count=455 427 119 45 308 74
is_linear=0
shrinkage=0.01


Tree=72
num_leaves=8
num_cat=0
split_feature=14 65 30 26 63 43 56
split_gain=1.12191 0.575483 0.657737 0.816091 0.156118 0.0704813 0.0456551
threshold=0.77332535700000016 34.810000895000009 2.4285714375 2.2642857260000002 0.64499998050000007 16.300000190000002 10.299999860000002
decision_type=2 2 2 2 2 2 2
left_child=1 -1 4 5 -3 -4 -6
right_child=-2 2 3 -5 6 -7 -8
leaf_value=0.004013330681655122 0.0022501336243543578 0.0014931568367819326 0.0088605195319153597 0.0065124318545754546 -0.0045042298503395655 -0.0043312202059817666 -0.0022331051696615079
leaf_weight=27 21 20 21 20 319 26 20
leaf_count=27 21 20 21 20 319 26 20
internal_value=-3.15924e-05 -0.000142133 -0.000236645 0.000656342 -0.00040995 -3.13809e-05 -0.000463508
internal_weight=474 453 426 67 359 47 339
internal_count=474 453 426 67 359 47 339
is_linear=0
shrinkage=0.01


Tree=73
num_leaves=7
num_cat=0
split_feature=96 5 17 50 96 11
split_gain=1.10409 0.867892 0.620621 0.605813 0.24985 0.0454269
threshold=130.75529735000001 0.41381985700000007 0.68984860000000003 11.200000095000002 116.36960995000003 0.48925350000000006
decision_type=2 2 2 2 2 2
left_child=2 -2 5 -4 -5 -1
right_child=1 -3 3 4 -6 -7
leaf_value=-0.004748394149044175 -0.00016254084854395084 0.0022054500175655097 0.0041614997952946686 0.0070949664284752972 -0.0022548094705181162 -0.005928310134722726
leaf_weight=20 26 30 25 20 46 302
leaf_count=20 26 30 25 20 46 302
internal_value=-6.91785e-05 0.00123239 -0.000252538 0.000462963 -1.49702e-05 -0.000461586
internal_weight=469 56 413 91 66 322
internal_count=469 56 413 91 66 322
is_linear=0
shrinkage=0.01


Tree=74
num_leaves=8
num_cat=0
split_feature=96 48 16 55 9 50 13
split_gain=1.15032 0.922483 0.294209 0.120624 0.083276 0.0559807 0.0892094
threshold=131.48502525000004 3.9000000060000004 0.74675730950000008 6.5500001235000012 0.50185125000000019 10.750000135000002 0.67967900000000014
decision_type=2 2 2 2 2 2 2
left_child=2 -2 3 4 -1 6 -6
right_child=1 -3 -4 -5 5 -7 -8
leaf_value=0.0007897854784059688 0.0030528919857699798 -0.00065923841302957423 0.0017599599840614321 8.0106680894249344e-05 -0.0043366739726075692 -0.0046375308100702565 0.00026960745010203599
leaf_weight=33 29 26 20 21 33 270 20
leaf_count=33 29 26 20 21 33 270 20
internal_value=-7.50885e-05 0.00126344 -0.000267723 -0.000334833 -0.000381166 -0.000430822 -8.36432e-05
internal_weight=452 55 397 377 356 323 53
internal_count=452 55 397 377 356 323 53
is_linear=0
shrinkage=0.01


Tree=75
num_leaves=8
num_cat=0
split_feature=18 5 29 92 81 44 16
split_gain=1.19423 1.19289 1.4078 0.289278 0.57182 0.0701112 0.0757048
threshold=0.63328252850000011 0.41864207150000005 3.6000000325000001 16.534285615000005 8.5735714435000023 12.800000015000002 0.67341846450000009
decision_type=2 2 2 2 2 2 2
left_child=5 3 -3 -2 -5 -1 -7
right_child=1 2 -4 4 -6 6 -8
leaf_value=-0.0047178484931299355 -0.0026265278876423442 0.00071101991923013669 0.0031635821956599881 0.00957521848305894 -0.0040968084025031033 -0.0062565361728956995 0.00019174829124516077
leaf_weight=281 60 28 27 20 23 26 20
leaf_count=281 60 28 27 20 23 26 20
internal_value=-8.33678e-05 0.000623426 0.00180108 0 0.000605023 -0.000431666 -2.13676e-05
internal_weight=485 158 55 103 43 327 46
internal_count=485 158 55 103 43 327 46
is_linear=0
shrinkage=0.01


Tree=76
num_leaves=7
num_cat=0
split_feature=16 96 51 96 17 55
split_gain=1.33145 0.489576 0.429558 0.130411 0.214768 0.0357811
threshold=0.75706978600000008 131.61942115000002 1.1500000060000002 73.069060915000009 0.6077260000000001 6.6999999545000009
decision_type=2 2 2 2 2 2
left_child=1 3 -3 4 -1 -5
right_child=-2 2 -4 5 -6 -7
leaf_value=-0.014783558239350411 0.0023951558127875395 -0.0034273960850579751 0.0021188644877628928 -0.004431820482495517 0.0062966580827345745 -0.0010965829451656747
leaf_weight=32 20 21 30 325 20 24
leaf_count=32 20 21 30 325 20 24
internal_value=-0.000156515 -0.000273852 0.000627413 -0.000394475 3.78787e-05 -0.000464551
internal_weight=472 452 51 401 52 349
internal_count=472 452 51 401 52 349
is_linear=0
shrinkage=0.01


Tree=77
num_leaves=8
num_cat=0
split_feature=13 16 96 44 10 54 24
split_gain=1.16441 0.33358 0.510806 0.232503 0.20763 0.0520531 0.092457
threshold=0.76430351650000017 0.7145063570000002 117.36670090000001 11.000000060000001 0.51216585700000017 1.0000000075000002 1.8285714345000004
decision_type=2 2 2 2 2 2 2
left_child=1 4 -3 -4 -1 6 -6
right_child=-2 2 3 -5 5 -7 -8
leaf_value=0.0078656520105064159 0.0019851237500124906 0.004520479211534572 -0.0022444970106589132 0.0020279972371748194 -0.00051424529330510436 -0.0049504297566530355 0.00039839294682933181
leaf_weight=31 28 22 52 22 35 256 20
leaf_count=31 28 22 52 22 35 256 20
internal_value=-6.64097e-05 -0.000198268 0.000309917 -6.6845e-05 -0.000347141 -0.000428159 -9.85664e-05
internal_weight=466 438 96 74 342 311 55
internal_count=466 438 96 74 342 311 55
is_linear=0
shrinkage=0.01


Tree=78
num_leaves=9
num_cat=0
split_feature=16 98 26 55 26 0 13 0
split_gain=1.53004 0.57017 1.08661 0.247969 0.167348 0.170852 0.0450107 0.032135
threshold=0.75706978600000008 24.358773140000004 2.3071428580000002 4.0499999895000007 2.4714285735000003 0.23516897900000003 0.54564147500000015 0.12761261450000003
decision_type=2 10 2 2 2 2 2 2
left_child=1 4 3 -3 6 -6 -1 -5
right_child=-2 2 -4 7 5 -7 -8 -9
leaf_value=-0.0047016426263081354 0.0071039677403411565 0.0056594221819422771 0.0020776316745446969 -0.0025126316347156286 0.00056104392173852329 -0.012921636734622223 -0.0037660583612474136 -0.00070226309788711894
leaf_weight=20 22 20 30 61 20 20 275 20
leaf_count=20 22 20 30 61 20 20 275 20
internal_value=-2.455e-05 -0.0001521 0.000398331 -8.34972e-05 -0.000373734 0.000196078 -0.00045808 -0.000348411
internal_weight=488 466 131 101 335 40 295 81
internal_count=488 466 131 101 335 40 295 81
is_linear=0
shrinkage=0.01


Tree=79
num_leaves=6
num_cat=0
split_feature=18 6 66 80 19
split_gain=1.28923 1.8393 0.853649 0.130205 0.127291
threshold=0.62823992900000014 0.52418547150000017 28.695000175000004 5.5071428335000006 154.51500000000001
decision_type=2 2 2 2 2
left_child=4 2 3 -2 -1
right_child=1 -3 -4 -5 -6
leaf_value=-0.0048008596087017611 -0.0023740974132780003 0.0020747260731135446 0.0039876781339078238 0.00046618833951074691 -0.00049048221908361517
leaf_weight=264 77 27 32 20 26
leaf_count=264 77 27 32 20 26
internal_value=-2.46196e-05 0.00070153 0.000181048 -0.000270961 -0.000422971
internal_weight=446 156 129 97 290
internal_count=446 156 129 97 290
is_linear=0
shrinkage=0.01


Tree=80
num_leaves=7
num_cat=0
split_feature=18 22 5 19 23 15
split_gain=0.569773 0.736575 0.611627 0.32699 0.071261 0.0734472
threshold=0.63328252850000011 1.6999999925000002 0.43647588100000007 17.510000000000002 1.7714285465000004 0.69484930950000012
decision_type=2 2 2 2 2 2
left_child=4 -2 3 -3 5 -1
right_child=1 2 -4 -5 -6 -7
leaf_value=4.9493611356455899e-05 -0.0010579863566522057 0.00909246312188936 0.0032245580831439819 -8.4339933226535024e-05 -0.006927408434904761 -0.0030022851808481428
leaf_weight=20 67 28 24 39 258 25
leaf_count=20 67 28 24 39 258 25
internal_value=-0.000169987 0.000308564 0.000898693 0.000361357 -0.000426267 -1.09171e-05
internal_weight=461 158 91 67 303 45
internal_count=461 158 91 67 303 45
is_linear=0
shrinkage=0.01


Tree=81
num_leaves=6
num_cat=0
split_feature=16 18 6 59 19
split_gain=1.83291 0.63981 1.43293 0.304174 0.0199806
threshold=0.75045346700000015 0.63515595200000019 0.49283511900000004 0.3850002285000001 154.51500000000001
decision_type=2 2 2 2 2
left_child=1 4 3 -3 -1
right_child=-2 2 -4 -5 -6
leaf_value=-0.004473939257244112 0.0046256046262631587 0.0076768970525453789 0.0021008694626815498 -0.00060870740435479997 -0.0030233042927002097
leaf_weight=268 31 31 20 69 32
leaf_count=268 31 31 20 69 32
internal_value=-2.98806e-05 -0.000209126 0.000397351 -7.93652e-05 -0.000458777
internal_weight=451 420 120 100 300
internal_count=451 420 120 100 300
is_linear=0
shrinkage=0.01


Tree=82
num_leaves=7
num_cat=0
split_feature=17 17 66 19 91 67
split_gain=1.01186 0.322511 0.495255 0.681529 0.282386 0.142928
threshold=0.7348106430000001 0.63485078600000011 28.459999560000004 79.88000000000001 21.922142850000004 20.080000875000003
decision_type=2 2 2 2 2 2
left_child=1 -1 5 4 -4 -3
right_child=-2 2 3 -5 -6 -7
leaf_value=-0.006133331300785516 0.0088339014551455895 0.0017456031471244872 -0.0031270134547848735 0.00032815749412611587 0.0046825389530048105 -0.0020061556598815521
leaf_weight=218 24 20 37 21 27 110
leaf_count=218 24 20 37 21 27 110
internal_value=-0.000101573 -0.000217842 4.8656e-05 0.000646853 9.25925e-05 -0.000328746
internal_weight=457 433 215 85 64 130
internal_count=457 433 215 85 64 130
is_linear=0
shrinkage=0.01


Tree=83
num_leaves=7
num_cat=0
split_feature=10 98 30 38 26 3
split_gain=1.32744 0.498216 0.288352 0.578503 0.0856368 0.0615385
threshold=0.71924578600000011 29.196898225000002 2.4285714375 5.8428571565000009 2.4714285735000003 0.3135258575
decision_type=2 10 2 2 2 2
left_child=1 2 4 -4 -1 -6
right_child=-2 -3 3 -5 5 -7
leaf_value=-0.0037389478991234895 0.0016513664454338062 0.0033507880075202118 -7.8569100152780545e-05 0.0078503872796910311 0.0006387876302156437 -0.0083484898097851683
leaf_weight=304 33 22 37 23 20 20
leaf_count=304 33 22 37 23 20 20
internal_value=-8.15573e-05 -0.000236645 -0.000321146 0.000296053 -0.000435035 0
internal_weight=459 426 404 60 344 40
internal_count=459 426 404 60 344 40
is_linear=0
shrinkage=0.01


Tree=84
num_leaves=7
num_cat=0
split_feature=15 56 15 9 15 7
split_gain=1.19069 0.506171 0.28749 0.361464 0.263629 0.129394
threshold=0.76371035700000012 0.25000000350000007 0.72018407150000008 0.69426457500000016 0.73023128550000005 0.40947400000000006
decision_type=2 2 2 2 2 2
left_child=1 -1 5 4 -4 -3
right_child=-2 2 3 -5 -6 -7
leaf_value=0.00031848801012810058 0.0018375981917908963 0.0041748014460004697 0.0018941715102942589 0.0010628691254947243 -0.0012518872835264819 -0.004251948969536931
leaf_weight=21 21 26 21 20 62 305
leaf_count=21 21 26 21 20 62 305
internal_value=-9.64766e-05 -0.000209522 -0.000287489 0.000158959 -0.000113365 -0.00043249
internal_weight=476 455 434 103 83 331
internal_count=476 455 434 103 83 331
is_linear=0
shrinkage=0.01


Tree=85
num_leaves=6
num_cat=0
split_feature=19 23 66 97 7
split_gain=1.53219 0.396535 0.652665 0.127447 0.122979
threshold=162.23500000000004 1.7857142730000002 28.580000400000003 24.482091070000006 0.40947400000000006
decision_type=2 2 2 10 2
left_child=1 2 3 -1 -3
right_child=-2 4 -4 -5 -6
leaf_value=-0.0027124529706992373 0.0018944035892875628 0.0036486640583413654 0.0011308399206295897 0.0026059267052481881 -0.0043124029807576911
leaf_weight=54 36 27 27 35 267
leaf_count=54 36 27 27 35 267
internal_value=-4.7001e-05 -0.000226388 0.000256849 -0.000139198 -0.000424016
internal_weight=446 410 116 89 294
internal_count=446 410 116 89 294
is_linear=0
shrinkage=0.01


Tree=86
num_leaves=8
num_cat=0
split_feature=18 98 90 50 19 6 32
split_gain=1.23778 1.2512 1.88394 0.38051 0.289695 0.0391433 0.0449252
threshold=0.62823992900000014 23.911657220000006 18.592142785000004 11.300000230000002 21.425000000000004 0.56836071450000014 2.4071428775000006
decision_type=2 10 2 2 2 2 2
left_child=5 4 -3 -4 -2 6 -1
right_child=1 2 3 -5 -6 -7 -8
leaf_value=-0.001764572196664116 0.0071582691636943689 0.0043146446894363677 0.001913602060147882 -0.0022270657424852728 -0.0017011571973398736 -0.0034821521176833319 -0.0057183972157652538
leaf_weight=20 20 28 20 27 69 20 270
leaf_count=20 20 28 20 27 69 20 270
internal_value=-5.26539e-05 0.000643204 0.00158971 0.000303347 -0.000139198 -0.000427928 -0.000457359
internal_weight=474 164 75 47 89 310 290
internal_count=474 164 75 47 89 310 290
is_linear=0
shrinkage=0.01


Tree=87
num_leaves=6
num_cat=0
split_feature=13 96 50 38 12
split_gain=0.880392 0.665688 0.301612 0.138709 0.145879
threshold=0.76430351650000017 132.01285560000002 9.899999719000002 6.4357143470000011 0.74167728600000016
decision_type=2 2 2 2 2
left_child=1 2 -1 4 -4
right_child=-2 -3 3 -5 -6
leaf_value=0.0004156110726751236 0.0013144083755616371 0.0021503190060111655 -0.0037787794195452895 9.4584243994328889e-06 0.00082810398806212491
leaf_weight=21 26 36 321 21 23
leaf_count=21 26 36 321 21 23
internal_value=-7.13014e-05 -0.00018685 -0.000312823 -0.00038409 -0.000435035
internal_weight=448 422 386 365 344
internal_count=448 422 386 365 344
is_linear=0
shrinkage=0.01


Tree=88
num_leaves=7
num_cat=0
split_feature=18 19 60 6 44 17
split_gain=1.43385 2.11135 0.865664 0.304348 0.135858 0.214768
threshold=0.63328252850000011 130.56500000000003 2.0999999050000002 0.38203442850000008 12.250000030000001 0.62259057150000008
decision_type=2 2 2 2 2 2
left_child=4 2 -2 -4 -1 -6
right_child=1 -3 3 -5 5 -7
leaf_value=-0.006529144578335604 0.0065471746732370497 0.0030936260204894369 0.0065401430746559169 -0.0007705162337742524 -0.0062994999426577124 0.00018823731840277743
leaf_weight=246 37 24 20 82 32 20
leaf_count=246 37 24 20 82 32 20
internal_value=1.62407e-05 0.000772283 0.000275393 -0.000184825 -0.000391566 3.78787e-05
internal_weight=461 163 139 102 298 52
internal_count=461 163 139 102 298 52
is_linear=0
shrinkage=0.01


Tree=89
num_leaves=9
num_cat=0
split_feature=19 13 81 50 9 10 8 48
split_gain=1.38917 0.990206 0.374737 0.683626 0.591972 0.28836 0.0438244 0.0375363
threshold=154.51500000000001 0.72299600000000008 8.6807143350000029 11.250000010000003 0.63664367500000008 0.56853100000000012 0.48546688100000007 6.6499999610000007
decision_type=2 2 2 2 2 2 2 2
left_child=2 -2 3 4 -1 -5 -4 -7
right_child=1 -3 6 5 -6 7 -8 -9
leaf_value=-0.0050035796677743074 -0.00039434012998137508 0.0018212792727658135 -0.0043977953977479408 0.0065093621700499484 0.004038876741515332 -0.0020704078119413547 -0.0035343522499086417 -4.2317429627676264e-05
leaf_weight=21 25 20 20 20 24 97 218 20
leaf_count=21 25 20 20 20 24 97 218 20
internal_value=-1.07354e-06 0.00164847 -0.000185361 0.000147702 0.00121179 -0.000192308 -0.000448074 -0.000394737
internal_weight=465 45 420 182 45 137 238 117
internal_count=465 45 420 182 45 137 238 117
is_linear=0
shrinkage=0.01


Tree=90
num_leaves=8
num_cat=0
split_feature=13 98 65 18 52 70 0
split_gain=1.19658 0.518025 0.641425 0.594361 0.152638 0.0449939 0.0278899
threshold=0.76430351650000017 23.925738300000003 40.339999675000008 0.62823992900000014 21.750000585000006 68.664999005000013 0.13929100000000003
decision_type=2 10 2 2 2 2 2
left_child=1 4 3 -3 5 -1 -4
right_child=-2 2 6 -5 -6 -7 -8
leaf_value=-0.0043144426677949686 0.0016466434687371358 -0.00041425862510255542 -0.0018375661113508234 0.0063519680861296914 0.00028161578529324469 -0.0035874285638558723 -0.00070555062587013056
leaf_weight=274 27 25 45 36 20 20 20
leaf_count=274 27 25 45 36 20 20 20
internal_value=-4.59599e-05 -0.000176951 0.000354889 0.00109223 -0.000397078 -0.000457938 -0.00031155
internal_weight=467 440 126 61 314 294 65
internal_count=467 440 126 61 314 294 65
is_linear=0
shrinkage=0.01


Tree=91
num_leaves=7
num_cat=0
split_feature=96 15 26 15 18 37
split_gain=0.567022 0.403631 0.544018 0.11645 0.0452987 0.0983101
threshold=132.27619780000003 0.71916755950000011 2.2571428545000005 0.75344214250000008 0.63711014300000013 4.5928571395000004
decision_type=2 2 2 2 2 2
left_child=1 4 3 -3 -1 -6
right_child=-2 2 -4 -5 5 -7
leaf_value=-0.0052499754796655517 0.0043001287329341555 -0.003056628222792201 0.0020068803754601343 0.0012724161958986935 -0.0013452976326549294 0.0005049313193352101
leaf_weight=238 27 56 39 20 39 20
leaf_count=238 27 56 39 20 39 20
internal_value=-0.000130741 -0.000227713 0.000263385 -0.000208333 -0.000424782 -0.000125418
internal_weight=439 412 115 76 297 59
internal_count=439 412 115 76 297 59
is_linear=0
shrinkage=0.01


Tree=92
num_leaves=9
num_cat=0
split_feature=18 73 97 68 44 97 98 31
split_gain=0.95052 1.05351 0.703827 1.59448 0.21513 0.409406 0.179847 0.0443218
threshold=0.63328252850000011 42.80000067000001 24.482091070000006 1.1900000570000002 12.250000030000001 23.400877100000006 22.781460930000005 2.1000000155000005
decision_type=2 2 10 2 2 10 8 2
left_child=4 -2 6 -4 7 -6 -3 -1
right_child=1 2 3 -5 5 -7 -8 -9
leaf_value=-2.1717483785536167e-05 -0.002217317753601566 0.0070897242302375828 0.0060795016351132512 0.0024764964986675533 -0.0047830446490542853 0.00026232849166507843 -4.198030039414142e-05 -0.005923234337861078
leaf_weight=20 56 20 32 29 32 20 22 239
leaf_count=20 56 20 32 29 32 20 22 239
internal_value=-6.37225e-06 0.000616395 0.00121869 0.00190129 -0.000331944 0.000227273 0.000163551 -0.000452271
internal_weight=470 159 103 61 311 52 42 259
internal_count=470 159 103 61 311 52 42 259
is_linear=0
shrinkage=0.01


Tree=93
num_leaves=8
num_cat=1
split_feature=17 55 4 99 35 80 17
split_gain=0.805705 0.339623 0.594987 0.13565 0.441672 0.0449426 0.031695
threshold=0.74607642850000011 6.1500000285000009 0.35824671450000006 0 4.0642857380000015 5.2350000550000013 0.65918742850000012
decision_type=2 2 2 1 2 2 2
left_child=1 3 -3 4 6 -5 -1
right_child=-2 2 -4 5 -6 -7 -8
leaf_value=-0.013067848520922477 0.0015191635065295772 -0.0028969271508599384 0.0016610356307223764 -0.009220544794277202 0.006293642977436828 -0.0021459138185781703 -0.00092589082930014837
leaf_weight=59 21 25 20 20 21 271 20
leaf_count=59 21 25 20 20 21 271 20
internal_value=-0.00014526 -0.000242674 0.000556768 -0.000340735 0 -0.000442346 -0.000344612
internal_weight=457 436 45 391 100 291 79
internal_count=457 436 45 391 100 291 79
cat_boundaries=0 1
cat_threshold=671614978
is_linear=0
shrinkage=0.01


Tree=94
num_leaves=8
num_cat=0
split_feature=14 27 0 65 26 17 10
split_gain=0.613531 0.686339 0.589967 0.347834 0.185865 0.445809 0.0447821
threshold=0.7443212855000001 4.0142857520000002 0.11679660400000001 34.810000895000009 2.3142857000000006 0.63706223800000006 0.48809821400000003
decision_type=2 2 2 2 2 2 2
left_child=3 -2 -3 -1 6 -6 -5
right_child=1 2 -4 4 5 -7 -8
leaf_value=0.0030503485523542444 -0.0014838196338702225 0.00045888144681642751 0.0017757102027923044 -0.0042845651163140675 -0.008696093935097262 0.0019951935199844805 -0.0022353725995553652
leaf_weight=30 27 22 20 20 40 20 262
leaf_count=30 27 22 20 20 40 20 262
internal_value=-8.71436e-05 0.000766476 0.00156542 -0.000252146 -0.000347141 0.000131579 -0.000456153
internal_weight=441 69 42 372 342 60 282
internal_count=441 69 42 372 342 60 282
is_linear=0
shrinkage=0.01


Tree=95
num_leaves=8
num_cat=0
split_feature=96 83 16 26 98 15 11
split_gain=1.06039 0.921434 0.257084 0.572603 0.281264 0.142042 0.0440238
threshold=131.48502525000004 4.919285748500001 0.6776522140000002 2.2571428545000005 27.435329450000001 0.7510027855000001 0.49372802400000004
decision_type=2 2 2 2 8 2 2
left_child=2 -2 6 5 -5 -4 -1
right_child=1 -3 3 4 -6 -7 -8
leaf_value=-0.0042417194651509262 0.0016006398917266936 -0.0003760453226304577 -0.0014973332208567031 0.0044941716350583132 0.00013161302768883236 0.0011939513502514244 -0.0079116953467825053
leaf_weight=20 24 33 107 20 36 20 226
leaf_count=20 24 33 107 20 36 20 226
internal_value=-6.36813e-05 0.00120242 -0.000238483 3.53644e-05 0.000880282 -0.000324726 -0.000449757
internal_weight=486 57 429 183 56 127 246
internal_count=486 57 429 183 56 127 246
is_linear=0
shrinkage=0.01


Tree=96
num_leaves=7
num_cat=0
split_feature=18 19 17 84 47 1
split_gain=0.840979 0.437958 0.506233 0.227704 0.111415 0.245055
threshold=0.72694092850000003 140.19000000000003 0.62259057150000008 14.97285727 0.84999999400000015 0.25235721450000009
decision_type=2 2 2 2 2 2
left_child=1 3 -3 -1 -5 -6
right_child=-2 2 -4 4 5 -7
leaf_value=0.0058908012212710668 0.0018313483171816147 -0.012131943969813503 0.0016664312426489338 -0.0024252149311264452 -0.0054663523300798331 0.00043064727695418028
leaf_weight=28 20 23 28 300 44 20
leaf_count=28 20 23 28 300 44 20
internal_value=-0.000128288 -0.0002242 0.000627413 -0.000341141 -0.000411184 -1.17738e-10
internal_weight=463 443 51 392 364 64
internal_count=463 443 51 392 364 64
is_linear=0
shrinkage=0.01


Tree=97
num_leaves=7
num_cat=0
split_feature=19 53 53 24 28 1
split_gain=0.856466 0.668738 0.397224 1.46048 0.0958279 0.0335219
threshold=154.51500000000001 0.60000001650000001 0.8500000015000001 1.7000000180000001 4.1785714285000006 0.27035092850000003
decision_type=2 2 2 2 2 2
left_child=2 -2 4 5 -1 -4
right_child=1 -3 3 -5 -6 -7
leaf_value=-0.0032734430973195205 -0.0011068584817614596 0.0016734611992457787 -0.002162394520772961 0.0074196237358290194 -0.0010977025731604634 -0.00027152735580199375
leaf_weight=260 22 23 68 28 35 20
leaf_count=260 22 23 68 28 35 20
internal_value=-7.88092e-05 0.00121179 -0.000227052 0.000256849 -0.000424273 -0.00036036
internal_weight=456 45 411 116 295 88
internal_count=456 45 411 116 295 88
is_linear=0
shrinkage=0.01


Tree=98
num_leaves=9
num_cat=0
split_feature=96 24 18 96 44 15 0 7
split_gain=1.22916 1.29881 0.491976 0.984443 0.298295 0.271835 0.0763575 0.0446694
threshold=131.48502525000004 1.7000000180000001 0.65407409500000013 102.80794240000002 12.250000030000001 0.74233782150000016 0.18918655550000005 0.40947400000000006
decision_type=2 2 2 2 2 2 2 2
left_child=2 -2 4 -4 7 -5 -6 -1
right_child=1 -3 3 5 6 -7 -8 -9
leaf_value=-0.002265927515258117 0.00065915973984644743 0.0049693912205858873 0.0054622636096271276 -0.0011071863187565477 -0.0024186593354417587 0.0070090147810141371 0.00012877114988872688 -0.0052079100311030893
leaf_weight=20 32 23 25 57 20 20 20 256
leaf_count=20 32 23 25 57 20 20 20 256
internal_value=4.53777e-05 0.00144265 -0.000136103 0.000457198 -0.000334596 -8.35477e-05 0.000441176 -0.000455202
internal_weight=473 55 418 102 316 77 40 276
internal_count=473 55 418 102 316 77 40 276
is_linear=0
shrinkage=0.01


Tree=99
num_leaves=7
num_cat=0
split_feature=96 83 13 46 3 12
split_gain=0.882892 0.853792 0.288632 0.137274 0.205742 0.0430378
threshold=131.48502525000004 4.919285748500001 0.75677550850000019 0.35000000900000006 0.34565277100000008 0.73944978550000007
decision_type=2 2 2 2 2 2
left_child=2 -2 3 5 -5 -1
right_child=1 -3 -4 4 -6 -7
leaf_value=-0.0033948379203748236 0.0043793336568399618 -0.00038143522826021656 0.00033695715305764342 0.0010679071765082604 -0.0066956843786249547 -0.0009562206789676199
leaf_weight=309 28 31 22 20 29 21
leaf_count=309 28 31 22 20 29 21
internal_value=-0.00014757 0.000978261 -0.000319811 -0.000388362 7.0281e-05 -0.000462515
internal_weight=460 59 401 379 49 330
internal_count=460 59 401 379 49 330
is_linear=0
shrinkage=0.01


Tree=100
num_leaves=8
num_cat=0
split_feature=96 4 19 15 28 8 29
split_gain=0.659784 0.708665 0.314893 0.472421 0.149871 0.191897 0.0454127
threshold=131.48502525000004 0.36167550000000009 130.56500000000003 0.69558964300000015 4.1428571940000003 0.54874764300000012 3.3285714215000004
decision_type=2 2 2 2 2 2 2
left_child=2 -2 4 -4 6 -6 -1
right_child=1 -3 3 -5 5 -7 -8
leaf_value=0.00010351124915321975 -7.6805283401581087e-05 0.001476199974047319 -0.0095653285828922029 0.00072513834222242993 0.006195393201527971 -0.0048231316637414486 -0.0033403862779221795
leaf_weight=20 31 26 27 24 20 25 301
leaf_count=20 31 26 27 24 20 25 301
internal_value=-0.0001369 0.000856401 -0.000278842 0.000434363 -0.000384406 0.000120087 -0.000461467
internal_weight=474 57 417 51 366 45 321
internal_count=474 57 417 51 366 45 321
is_linear=0
shrinkage=0.01


Tree=101
num_leaves=8
num_cat=0
split_feature=19 50 96 27 10 43 44
split_gain=0.697652 0.964478 0.490496 0.493378 0.071932 0.0399557 0.0403419
threshold=154.51500000000001 14.800000430000003 131.48502525000004 4.0499999865000005 0.51216585700000017 17.499999850000005 15.949999745000001
decision_type=2 2 2 2 2 2 2
left_child=2 -2 4 -4 -1 6 -6
right_child=1 -3 3 -5 5 -7 -8
leaf_value=-0.003003191920409677 0.0012124346308143318 -0.0065281243003129201 -0.00075682487891239004 0.00094254787013973128 -0.0033596430921756112 0.00010247613666169443 -0.0024978267571722297
leaf_weight=38 22 21 22 28 294 20 22
leaf_count=38 22 21 22 28 294 20 22
internal_value=-0.000131467 0.00106164 -0.000258946 0.000649606 -0.000386873 -0.000433492 -0.000460859
internal_weight=467 43 424 50 374 336 316
internal_count=467 43 424 50 374 336 316
is_linear=0
shrinkage=0.01


Tree=102
num_leaves=7
num_cat=0
split_feature=19 17 65 17 37 98
split_gain=0.958897 0.883227 0.459779 0.15807 0.401955 0.120395
threshold=154.51500000000001 0.62259057150000008 34.810000895000009 0.71075571400000015 3.7428571155000001 18.470270075000006
decision_type=2 2 2 2 2 8
left_child=2 -2 -1 5 -5 -4
right_child=1 -3 3 4 -6 -7
leaf_value=0.0059107307113782474 -0.011393004443217832 0.0015582290653854342 -0.002055595800282849 0.0056286276166350943 -0.002163754419546516 -0.0027987737920468153
leaf_weight=24 20 32 28 22 43 298
leaf_count=24 20 32 28 22 43 298
internal_value=-8.87132e-05 0.00117424 -0.000253728 -0.000340735 8.35865e-05 -0.000431457
internal_weight=467 52 415 391 65 326
internal_count=467 52 415 391 65 326
is_linear=0
shrinkage=0.01


Tree=103
num_leaves=6
num_cat=0
split_feature=19 50 98 8 0
split_gain=1.10506 0.81173 0.383302 0.516849 0.121087
threshold=154.51500000000001 14.800000430000003 24.358773140000004 0.63514432150000011 0.13548095150000003
decision_type=2 2 10 2 2
left_child=2 -2 -1 4 -4
right_child=1 -3 3 -5 -6
leaf_value=-0.0029363236912208911 0.0014856928981608042 0.00044068721503276453 -0.0018393630322414128 0.00088552981834006663 0.0050709701824219753
leaf_weight=294 20 29 62 33 20
leaf_count=294 20 29 62 33 20
internal_value=-0.000124237 0.0012751 -0.000298926 0.000177029 -0.000229469
internal_weight=458 49 409 115 82
internal_count=458 49 409 115 82
is_linear=0
shrinkage=0.01


Tree=104
num_leaves=6
num_cat=0
split_feature=96 83 13 10 10
split_gain=0.585042 0.980425 0.259551 0.146857 0.104163
threshold=131.48502525000004 4.919285748500001 0.75677550850000019 0.7144432140000001 0.51216585700000017
decision_type=2 2 2 2 2
left_child=2 -2 3 4 -1
right_child=1 -3 -4 -5 -6
leaf_value=-0.00029948934981719356 0.0044615404020265934 -0.00046230363387417663 0.00026495530311284498 0.00092416930637511058 -0.0033295108413273406
leaf_weight=33 24 28 24 20 320
leaf_count=33 24 28 24 20 320
internal_value=-0.000183415 0.000795454 -0.000317999 -0.00038657 -0.000436688
internal_weight=449 52 397 373 353
internal_count=449 52 397 373 353
is_linear=0
shrinkage=0.01


Tree=105
num_leaves=6
num_cat=0
split_feature=96 7 12 4 44
split_gain=0.594606 0.619435 0.155996 0.175454 0.107334
threshold=131.48502525000004 0.56453935700000013 0.57757257100000003 0.28051721450000006 13.999999965000002
decision_type=2 2 2 2 2
left_child=2 -2 3 -1 -4
right_child=1 -3 4 -5 -6
leaf_value=-0.0090934345792938309 -6.0647403634967698e-05 0.0012890950828276463 -0.0032903539744891085 0.0061407051572256897 3.3720818689050535e-05
leaf_weight=21 32 23 324 20 32
leaf_count=21 32 23 324 20 32
internal_value=-0.000229682 0.000725806 -0.000368276 0.000179426 -0.00043722
internal_weight=452 55 397 41 356
internal_count=452 55 397 41 356
is_linear=0
shrinkage=0.01


Tree=106
num_leaves=8
num_cat=0
split_feature=17 18 22 83 57 44 44
split_gain=1.22007 0.569616 0.713103 0.456256 0.188153 0.148376 0.202491
threshold=0.7348106430000001 0.63328252850000011 1.7999999945000003 4.9549999125000008 0.35000000900000006 12.250000030000001 14.249999820000001
decision_type=2 2 2 2 2 2 2
left_child=1 5 4 -4 -3 -1 -7
right_child=-2 2 3 -5 -6 6 -8
leaf_value=-0.0046070551699115151 0.0080315966574525076 0.0043377266905287844 0.0015786712236439549 0.0037462551025803049 -0.00058125063695388943 0.00012957421135489062 -0.0026255171459321504
leaf_weight=250 26 27 23 23 59 20 28
leaf_count=250 26 27 23 23 59 20 28
internal_value=-1.3135e-05 -0.00014624 0.000391566 0.00138889 -0.000126728 -0.000391566 8.19671e-05
internal_weight=456 430 132 46 86 298 48
internal_count=456 430 132 46 86 298 48
is_linear=0
shrinkage=0.01


Tree=107
num_leaves=6
num_cat=0
split_feature=15 15 26 92 15
split_gain=0.997751 0.313063 0.822322 1.02887 0.103389
threshold=0.75473470250000008 0.67551635700000012 2.2571428545000005 17.052142960000005 0.69137342900000009
decision_type=2 2 2 2 2
left_child=1 -1 4 -4 -3
right_child=-2 2 3 -5 -6
leaf_value=-0.0074909986795105091 0.0039286054081567271 -2.472901144535426e-06 0.0049821860203298259 -0.0038564729951571564 -0.0010421449136448968
leaf_weight=217 32 28 31 35 125
leaf_count=217 32 28 31 35 125
internal_value=-8.95906e-05 -0.00021978 3.86714e-05 0.000973054 -0.000354356
internal_weight=468 436 219 66 153
internal_count=468 436 219 66 153
is_linear=0
shrinkage=0.01


Tree=108
num_leaves=7
num_cat=0
split_feature=11 63 24 81 3 30
split_gain=0.680692 0.478997 0.948192 0.10404 0.137834 0.0449252
threshold=0.72879371400000015 0.75000000000000011 1.8714285535000001 8.422857114000001 0.31490748550000008 1.9999999915000002
decision_type=2 2 2 2 2 2
left_child=1 2 -1 4 -3 -5
right_child=-2 3 -4 5 -6 -7
leaf_value=0.0030501214327820769 0.0013198631469298156 0.0058845087518803133 -0.0017932006248263617 -0.0024492866165823179 -0.00048734660865352032 -0.0029258646747869948
leaf_weight=20 33 27 30 20 33 270
leaf_count=20 33 27 30 20 33 270
internal_value=-0.000125634 -0.000244511 0.000649606 -0.000379134 0 -0.000457359
internal_weight=433 400 50 350 60 290
internal_count=433 400 50 350 60 290
is_linear=0
shrinkage=0.01


Tree=109
num_leaves=7
num_cat=0
split_feature=11 98 11 16 14 19
split_gain=0.746754 0.550696 0.208538 0.386759 0.147294 0.0987633
threshold=0.73854542850000005 28.607379865000002 0.5549890715000001 0.61853421400000008 0.76021457150000005 154.51500000000001
decision_type=2 10 2 2 2 2
left_child=1 2 3 -1 5 -4
right_child=-2 -3 4 -5 -6 -7
leaf_value=-0.01027558426380942 0.0014837154848566618 0.0030196202184542566 -0.0011546785735032485 0.0082314603841805688 0.0011547649464980424 1.7629497516117673e-05
leaf_weight=28 22 20 323 20 20 35
leaf_count=28 22 20 323 20 20 35
internal_value=-0.000132253 -0.000226052 -0.000306935 0.000286885 -0.000388068 -0.00043757
internal_weight=468 446 426 48 378 358
internal_count=468 446 426 48 378 358
is_linear=0
shrinkage=0.01


Tree=110
num_leaves=6
num_cat=0
split_feature=8 87 1 56 29
split_gain=0.303545 1.07297 0.723858 0.122519 0.0451734
threshold=0.63403985750000014 8.6057143550000017 0.28686164250000007 0.25000000350000007 4.657142835000001
decision_type=2 2 2 2 2
left_child=3 2 -2 -1 -5
right_child=1 -3 -4 4 -6
leaf_value=0.00056856908284253535 0.0015151641790089132 -0.0032049952798239539 0.00064300692254892354 -0.0019555897777782001 -0.014719028308793748
leaf_weight=25 20 89 26 285 20
leaf_count=25 20 89 26 285 20
internal_value=-0.000237226 0.000150957 0.00138889 -0.000402056 -0.000459451
internal_weight=465 135 46 330 305
internal_count=465 135 46 330 305
is_linear=0
shrinkage=0.01


Tree=111
num_leaves=8
num_cat=0
split_feature=98 18 44 52 52 54 22
split_gain=0.49907 0.284435 0.195156 0.244721 0.184766 0.140661 0.0453985
threshold=30.801944120000005 0.70722607100000012 12.050000020000001 8.5500000715000031 1.3500000240000003 12.350000070000002 1.585714268
decision_type=10 2 2 2 2 2 2
left_child=1 2 5 4 -4 6 -1
right_child=-2 -3 3 -5 -6 -7 -8
leaf_value=-0.0021601209860446537 0.0029850003991544363 0.0025897669067175074 -0.0085526483779142844 -0.0021963464795901324 6.813122729166703e-05 0.00074474063021250038 -0.0030133186127171935
leaf_weight=20 20 33 20 35 20 22 300
leaf_count=20 20 33 20 35 20 22 300
internal_value=-0.000155055 -0.000228483 -0.000302777 0.000138522 0.000686274 -0.000405484 -0.000461347
internal_weight=470 450 417 75 40 342 320
internal_count=470 450 417 75 40 342 320
is_linear=0
shrinkage=0.01


Tree=112
num_leaves=8
num_cat=0
split_feature=96 5 17 96 35 44 11
split_gain=0.878997 0.515992 0.306015 0.734449 0.125719 0.0832057 0.0615385
threshold=131.48502525000004 0.41381985700000007 0.67622035700000016 103.55921410000002 4.0285714355000009 12.800000015000002 0.64532025000000004
decision_type=2 2 2 2 2 2 2
left_child=2 -2 5 -4 -5 -1 -7
right_child=1 -3 3 4 -6 6 -8
leaf_value=-0.0063034139064333874 -2.9444991887458586e-05 0.0014191195639654073 0.0051296383781524344 -0.0015549999123279554 0.00037238157545408491 -0.0074041158537658334 6.0646194786740247e-05
leaf_weight=254 23 32 27 69 20 20 20
leaf_count=254 23 32 27 69 20 20 20
internal_value=-8.69473e-05 0.00108423 -0.00025073 0.000171233 -0.000250557 -0.000424016 0
internal_weight=465 55 410 116 89 294 40
internal_count=465 55 410 116 89 294 40
is_linear=0
shrinkage=0.01


Tree=113
num_leaves=8
num_cat=0
split_feature=18 73 79 4 4 17 29
split_gain=0.633907 0.720687 0.626678 0.753127 0.606256 0.106038 0.271329
threshold=0.63328252850000011 43.799999715000006 6.390714237000001 0.33419702350000008 0.37769514250000008 0.62259057150000008 3.8785713910000004
decision_type=2 2 2 2 2 2 2
left_child=5 -2 3 -3 -5 -1 -7
right_child=1 2 -4 4 -6 6 -8
leaf_value=-0.0074733842581311671 -0.0016858700179970612 -0.00067046347889376746 -2.0287999830076236e-05 0.0077881701724291288 0.0014511237486161132 -0.0011967606407587742 9.0098616816458848e-05
leaf_weight=223 60 23 35 26 22 64 33
leaf_count=223 60 23 35 26 22 64 33
internal_value=-0.000104766 0.000389688 0.000889513 0.00142758 0.00213115 -0.000367831 -6.64623e-05
internal_weight=486 166 106 71 48 320 97
internal_count=486 166 106 71 48 320 97
is_linear=0
shrinkage=0.01


Tree=114
num_leaves=7
num_cat=0
split_feature=16 96 19 26 38 18
split_gain=0.766716 0.438503 0.321682 0.610713 0.155204 0.0454827
threshold=0.75045346700000015 131.83848035000003 130.56500000000003 2.2571428545000005 6.4357143470000011 0.70545036450000009
decision_type=2 2 2 2 2 2
left_child=1 2 4 -4 5 -1
right_child=-2 -3 3 -5 -6 -7
leaf_value=-0.0037416552522115533 0.0045825071400990257 0.0023574735335292031 -0.0072502026375698414 0.0011008531989697785 0.00047391514304908955 0.00010311584501384475
leaf_weight=306 29 35 31 21 20 20
leaf_count=306 29 35 31 21 20 20
internal_value=-8.42698e-05 -0.00019479 -0.00029338 0.000416667 -0.000406575 -0.000462056
internal_weight=462 433 398 52 346 326
internal_count=462 433 398 52 346 326
is_linear=0
shrinkage=0.01


Tree=115
num_leaves=10
num_cat=0
split_feature=16 19 26 79 72 12 11 98 1
split_gain=0.792529 0.344301 0.58097 0.140648 0.175454 0.0697038 0.0662955 0.0451417 0.015083
threshold=0.75706978600000008 130.56500000000003 2.2714285725000005 5.5728571650000012 78.35999870000002 0.57757257100000003 0.5019708570000001 28.279382665000004 0.25447076200000007
decision_type=2 2 2 2 2 2 2 10 2
left_child=1 3 8 4 -1 6 -5 -7 -3
right_child=-2 2 -4 5 -6 7 -8 -9 -10
leaf_value=-0.0030718165646556801 0.0066115618143533219 -0.0087001468624669474 0.00138634764306298 -0.0058311693448982868 0.0055067530372494046 -0.0029282190335748778 0.00046917599161860115 -0.00081282670094744787 -0.0027455903806580242
leaf_weight=21 21 20 20 22 20 283 20 20 20
leaf_count=21 21 20 20 22 20 283 20 20 20
internal_value=-0.000131467 -0.000226052 0.000460526 -0.000338676 0.000179426 -0.000406304 0 -0.000459184 -0.000196079
internal_weight=467 446 60 386 41 345 42 303 40
internal_count=467 446 60 386 41 345 42 303 40
is_linear=0
shrinkage=0.01


Tree=116
num_leaves=7
num_cat=0
split_feature=17 19 19 91 23 11
split_gain=0.514289 0.499724 0.554417 0.52668 0.663732 0.148783
threshold=0.62259057150000008 154.51500000000001 37.240000000000002 21.397857260000006 1.8142857295000001 0.60681342900000013
decision_type=2 2 2 2 2 2
left_child=-1 2 3 -2 -5 -4
right_child=1 -3 5 4 -6 -7
leaf_value=-0.0071539177021031622 -0.0014845901670057758 0.0012005931503177465 1.0722077166297552e-05 0.0071833724250207889 0.0030813210887692399 -0.001087274744008507
leaf_weight=219 28 31 20 27 30 134
leaf_count=219 28 31 20 27 30 134
internal_value=-0.000127603 0.000158789 0 0.000646853 0.00120242 -0.000355297
internal_weight=489 270 239 85 57 154
internal_count=489 270 239 85 57 154
is_linear=0
shrinkage=0.01


Tree=117
num_leaves=8
num_cat=0
split_feature=96 85 15 96 49 38 19
split_gain=1.52353 1.17636 0.36017 0.164678 0.405152 0.139413 0.0451576
threshold=131.48502525000004 12.971428670000002 0.74893435700000011 73.069060915000009 11.500000055000003 6.4357143470000011 150.94500000000002
decision_type=2 2 2 2 2 2 2
left_child=2 -2 3 4 -1 6 -5
right_child=1 -3 -4 5 -6 -7 -8
leaf_value=0.0052466454329437012 0.00089698734301148133 0.0046902506086133524 0.004393528256647029 -0.0026581193618276772 -0.013316424297147571 -0.0001623518414132335 -0.0032108972389114955
leaf_weight=21 36 23 28 284 37 22 20
leaf_count=21 36 23 28 284 37 22 20
internal_value=-7.41852e-06 0.00147993 -0.000227713 -0.00031185 0.000153061 -0.000400857 -0.000459318
internal_weight=471 59 412 384 58 326 304
internal_count=471 59 412 384 58 326 304
is_linear=0
shrinkage=0.01


Tree=118
num_leaves=7
num_cat=0
split_feature=11 53 7 8 1 97
split_gain=0.527813 0.202165 0.183869 0.200284 0.360103 0.0452508
threshold=0.74269890500000013 0.8500000015000001 0.45526357100000009 0.62638573800000008 0.25769163100000009 33.572341325000004
decision_type=2 2 2 2 2 10
left_child=1 5 -3 -4 -5 -1
right_child=-2 2 3 4 -6 -7
leaf_value=-0.0027272092970953565 0.00028119790314517682 0.0078945539695869198 -0.00154428310329979 0.0015960586847308645 -0.001002982530642599 -0.0010667552995601481
leaf_weight=290 21 20 77 20 24 20
leaf_count=290 21 20 77 20 24 20
internal_value=-0.000241117 -0.000317619 0 -0.000151888 0.000357143 -0.000460103
internal_weight=472 451 141 121 44 310
internal_count=472 451 141 121 44 310
is_linear=0
shrinkage=0.01


Tree=119
num_leaves=7
num_cat=0
split_feature=98 6 18 98 6 30
split_gain=0.865888 1.20932 0.576959 0.146276 0.191897 0.0449769
threshold=24.358773140000004 0.52418547150000017 0.66790017350000008 19.354371755000006 0.45046050000000004 1.9571428385000003
decision_type=10 2 2 8 2 2
left_child=3 2 -2 4 -1 -5
right_child=1 -3 -4 5 -6 -7
leaf_value=0.00075515577791632985 -0.00065939100744406755 0.0012870584559069801 0.0070123380092648657 -0.0023207311070689413 -0.0064686068702720706 -0.0032021941381680579
leaf_weight=20 68 31 27 20 25 273
leaf_count=20 68 31 27 20 25 273
internal_value=-0.000107573 0.000591483 5.21909e-06 -0.000374853 0.000120087 -0.000457795
internal_weight=464 126 95 338 45 293
internal_count=464 126 95 338 45 293
is_linear=0
shrinkage=0.01


Tree=120
num_leaves=7
num_cat=0
split_feature=18 97 57 84 28 56
split_gain=0.975297 1.0028 1.11137 0.449549 0.124471 0.0214377
threshold=0.62823992900000014 23.925738300000003 0.65000000600000007 15.787142825000002 3.9428571630000007 0.35000000500000006
decision_type=2 10 2 2 2 2
left_child=5 4 -3 -4 -2 -1
right_child=1 2 3 -5 -6 -7
leaf_value=-0.0024735826453166536 -0.00049867991643214819 0.0050739600794214978 0.0049025266410861494 -0.0014679118663540201 0.0066664151645167225 -0.0050185339179837796
leaf_weight=31 67 24 32 27 20 268
leaf_count=31 67 24 32 27 20 268
internal_value=-0.00011175 0.000485948 0.00127088 0.000476589 -0.000244875 -0.000458639
internal_weight=469 170 83 59 87 299
internal_count=469 170 83 59 87 299
is_linear=0
shrinkage=0.01


Tree=121
num_leaves=8
num_cat=0
split_feature=13 96 96 18 35 15 50
split_gain=1.17669 0.603602 0.175483 0.419498 0.132304 0.040264 0.0454965
threshold=0.76430351650000017 132.27619780000003 73.069060915000009 0.61101176200000007 4.3071428705000008 0.74346278600000015 9.8500000200000013
decision_type=2 2 2 2 2 2 2
left_child=1 2 3 -1 5 6 -4
right_child=-2 -3 4 -5 -6 -7 -8
leaf_value=-0.0046382607847035538 0.0011392903406674726 0.0039868273688051887 -0.00084174253127903078 0.0052505330609427196 -0.00013964794013989054 -0.0007139973042184644 -0.0031047977514607932
leaf_weight=34 28 28 20 20 22 20 307
leaf_count=34 28 28 20 20 22 20 307
internal_value=-7.81577e-05 -0.00020695 -0.000305569 0.00020073 -0.000385344 -0.000435595 -0.000462172
internal_weight=479 451 423 54 369 347 327
internal_count=479 451 423 54 369 347 327
is_linear=0
shrinkage=0.01


Tree=122
num_leaves=7
num_cat=0
split_feature=18 50 51 80 18 50
split_gain=0.562388 1.09245 0.311931 0.278028 0.0352928 0.0379708
threshold=0.65407409500000013 11.250000010000003 60.299998505000012 5.4814286485000006 0.64417014300000008 9.8500000200000013
decision_type=2 2 2 2 2 2
left_child=2 -2 4 -3 5 -1
right_child=1 3 -4 -5 -6 -7
leaf_value=-0.00065867214674153441 0.0018564239878764829 -0.0011991107402848922 0.00015937808765358042 0.0050362536469843412 -0.00026107179527220961 -0.0053645145690132054
leaf_weight=23 37 73 22 21 22 302
leaf_count=23 37 73 22 21 22 302
internal_value=-0.000155751 0.000398331 -0.000358302 -0.000158228 -0.000435595 -0.00046194
internal_weight=500 131 369 94 347 325
internal_count=500 131 369 94 347 325
is_linear=0
shrinkage=0.01


Tree=123
num_leaves=7
num_cat=0
split_feature=16 19 26 96 35 2
split_gain=0.826425 0.451807 1.30935 0.316013 0.173627 0.184043
threshold=0.75706978600000008 130.56500000000003 2.2571428545000005 132.27619780000003 4.1999999630000007 0.31432811900000007
decision_type=2 2 2 2 2 2
left_child=1 3 -3 4 -1 -6
right_child=-2 2 -4 -5 5 -7
leaf_value=-0.0028963065555953045 0.0066296441889819651 -0.0070113039095701726 0.0011493805911510636 0.0045616039806638071 0.0059057858172394421 -0.0011150524665908814
leaf_weight=322 20 42 22 21 20 23
leaf_count=322 20 42 22 21 20 23
internal_value=-0.000112574 -0.0002063 0.000555555 -0.000338676 -0.000411427 0.000148402
internal_weight=470 450 64 386 365 43
internal_count=470 450 64 386 365 43
is_linear=0
shrinkage=0.01


Tree=124
num_leaves=7
num_cat=0
split_feature=15 27 97 51 30 28
split_gain=1.02446 0.696176 0.320102 0.544211 0.0446738 0.100956
threshold=0.74893435700000011 4.0142857520000002 29.140435005000004 25.450000005000003 2.4285714375 3.8714286770000004
decision_type=2 2 10 2 2 2
left_child=2 -2 4 -4 -1 -6
right_child=1 -3 3 -5 5 -7
leaf_value=-0.0028950084988747242 -0.0039456035573184507 0.0061852924633516229 -0.0032977823142058761 0.0043424360988307724 -0.00062849575066345931 0.0005284594556574895
leaf_weight=279 21 22 32 23 41 20
leaf_count=279 21 22 32 23 41 20
internal_value=-0.000152689 0.00128995 -0.000317079 0.000367383 -0.000434272 -0.000137541
internal_weight=438 43 395 55 340 61
internal_count=438 43 395 55 340 61
is_linear=0
shrinkage=0.01


Tree=125
num_leaves=9
num_cat=0
split_feature=56 11 22 46 64 17 4 55
split_gain=0.44274 0.340719 0.442018 0.185066 0.362183 0.0731469 0.0639114 0.040371
threshold=0.25000000350000007 0.72309657150000006 1.7999999945000003 0.25000000750000007 0.4650001525000001 0.72302271450000011 0.35923118600000009 7.3000002170000009
decision_type=2 2 2 2 2 2 2 2
left_child=-1 3 -3 5 -5 7 -7 -2
right_child=1 2 -4 4 -6 6 -8 -9
leaf_value=0.0026413640890372066 -0.0029058185458822479 -0.0055375839721649922 0.0011974525824653228 0.0042642506454917085 -0.0012937784350694032 0.0052092116366890392 -0.00078293142852914083 -0.0017143701678887201
leaf_weight=22 296 21 23 22 33 20 21 22
leaf_count=22 296 21 23 22 33 20 21 22
internal_value=-0.00016223 -0.000233217 0.000580357 -0.000325458 0.000188172 -0.00040995 0 -0.000461104
internal_weight=480 458 44 414 55 359 41 318
internal_count=480 458 44 414 55 359 41 318
is_linear=0
shrinkage=0.01


Tree=126
num_leaves=7
num_cat=0
split_feature=10 68 97 52 1 32
split_gain=0.736579 0.23445 0.496133 0.540061 0.0799496 0.0444495
threshold=0.71924578600000011 1.1399998665000002 24.482091070000006 7.4000000730000011 0.25391185700000007 3.3071428450000004
decision_type=2 2 10 2 2 2
left_child=1 2 -1 4 -4 -3
right_child=-2 5 3 -5 -6 -7
leaf_value=-0.00031730383257313972 0.00097996299400025886 -0.002231968012808663 0.00030427305226474188 0.0018704400233084406 -0.0023199360815564689 -0.0051575949105132444
leaf_weight=93 32 20 20 32 28 245
leaf_count=93 32 20 20 32 28 245
internal_value=-0.000155055 -0.000266636 8.63049e-06 0.000594059 -4.09837e-05 -0.000453349
internal_weight=470 438 173 80 48 265
internal_count=470 438 173 80 48 265
is_linear=0
shrinkage=0.01


Tree=127
num_leaves=7
num_cat=0
split_feature=98 19 23 83 38 8
split_gain=0.874792 0.740491 0.367336 0.489895 0.215985 0.0261223
threshold=24.358773140000004 162.23500000000004 1.7714285465000004 4.7471428950000005 6.3642856735000004 0.61772414250000007
decision_type=10 2 2 2 2 2
left_child=4 2 3 -2 -1 -4
right_child=1 -3 5 -5 -6 -7
leaf_value=-0.0039611306189738047 -0.0031579439322044936 0.0012743482249280567 -0.0015336947566886611 0.0028663342051250974 0.0019717991553273285 0.0001329867359481246
leaf_weight=274 29 20 40 31 34 20
leaf_count=274 29 20 40 31 34 20
internal_value=-9.3583e-05 0.000553977 0.000231788 0.000789474 -0.000395078 -0.000296053
internal_weight=448 140 120 60 308 60
internal_count=448 140 120 60 308 60
is_linear=0
shrinkage=0.01


Tree=128
num_leaves=7
num_cat=0
split_feature=15 18 22 44 38 97
split_gain=1.04717 0.315814 0.62458 0.17782 0.175454 0.140029
threshold=0.75473470250000008 0.63328252850000011 1.8142857255000002 12.800000015000002 6.0142857350000005 24.482091070000006
decision_type=2 2 2 2 2 10
left_child=1 3 5 -1 -5 -3
right_child=-2 2 -4 4 -6 -7
leaf_value=-0.003914669589215671 0.0037627353398436898 -0.00059328169857804033 0.0049680176025012207 -0.0080868097428195371 0.00014319955561221495 0.0033519277952103656
leaf_weight=273 31 65 29 21 20 35
leaf_count=273 31 65 29 21 20 35
internal_value=-9.47769e-05 -0.0002242 0.000181048 -0.000397078 0.000179426 -0.000178572
internal_weight=474 443 129 314 41 100
internal_count=474 443 129 314 41 100
is_linear=0
shrinkage=0.01


Tree=129
num_leaves=8
num_cat=0
split_feature=19 14 82 14 44 53 30
split_gain=0.703915 0.591571 0.241188 0.379007 0.269836 0.145359 0.0439752
threshold=162.23500000000004 0.70839893850000013 6.5800000770000011 0.64978285750000009 8.0999999490000025 2.6000000685000004 2.4214285700000002
decision_type=2 2 2 2 2 2 2
left_child=2 -2 3 -1 -5 -6 -4
right_child=1 -3 6 4 5 -7 -8
leaf_value=0.0049850750703430138 -0.0075215990487605515 0.0011042618834857191 -0.0057561538936823321 0.0049587943259127827 -0.00076056606810142625 0.0011190362649841224 -0.025842194463938494
leaf_weight=31 22 20 224 20 119 20 20
leaf_count=31 22 20 224 20 119 20 20
internal_value=-0.00011745 0.00109813 -0.00024149 1.57232e-05 -0.00017209 -0.000339771 -0.000449347
internal_weight=476 42 434 190 159 139 244
internal_count=476 42 434 190 159 139 244
is_linear=0
shrinkage=0.01


Tree=130
num_leaves=7
num_cat=0
split_feature=96 96 17 5 18 1
split_gain=0.412742 0.230353 0.398525 0.184766 0.0516734 0.0954834
threshold=131.83848035000003 73.069060915000009 0.62471471450000016 0.41801057150000004 0.68323078550000005 0.23656526200000003
decision_type=2 2 2 2 2 2
left_child=1 2 -1 -2 -3 -6
right_child=3 4 -4 -5 5 -7
leaf_value=-0.012559571617129528 0.0003116267318914967 -0.0036010216630235352 0.0050261445949771845 0.0012174530842160758 0.005673712935175281 -0.00036839539877895082
leaf_weight=30 20 319 20 20 20 37
leaf_count=30 20 319 20 20 20 37
internal_value=-0.000259212 -0.000353796 0.000255905 0.000686274 -0.000440552 -0.000112457
internal_weight=466 426 50 40 376 57
internal_count=466 426 50 40 376 57
is_linear=0
shrinkage=0.01


Tree=131
num_leaves=7
num_cat=0
split_feature=82 59 34 63 97 0
split_gain=0.491485 0.362264 0.630392 0.358861 0.310035 0.0442333
threshold=6.5321428820000014 0.41499996150000001 5.571428537000001 0.64499998050000007 27.820630600000005 0.27298850000000008
decision_type=2 2 2 2 10 2
left_child=1 2 -1 -3 -5 -2
right_child=5 3 -4 4 -6 -7
leaf_value=0.00097732673988215049 -0.0055323882911365108 0.0023396680747640388 -0.0011627967683879954 -0.00075394385925700526 0.004356309865421024 -0.0049341948889241143
leaf_weight=27 235 24 29 112 21 20
leaf_count=27 235 24 29 112 21 20
internal_value=-0.000153584 0.000194107 0.000880282 -4.11915e-05 -0.000257848 -0.000451525
internal_weight=468 213 56 157 133 255
internal_count=468 213 56 157 133 255
is_linear=0
shrinkage=0.01


Tree=132
num_leaves=6
num_cat=1
split_feature=99 83 42 14 29
split_gain=0.320262 0.289899 0.484768 0.102649 0.0453697
threshold=0 5.0335713870000012 6.499999851000001 0.75020021450000007 4.657142835000001
decision_type=1 2 2 2 2
left_child=1 2 -1 4 -2
right_child=3 -3 -4 -5 -6
leaf_value=0.0016346390709642059 -0.0026238800905998109 -0.0029171013811741392 -0.00066433161350136439 0.00052364230897113356 -0.0022574741777501473
leaf_weight=34 298 38 35 30 20
leaf_count=34 298 38 35 30 20
internal_value=-0.000253401 0.00020798 0.000623209 -0.000395764 -0.000461104
internal_weight=455 107 69 348 318
internal_count=455 107 69 348 318
cat_boundaries=0 1
cat_threshold=681575520
is_linear=0
shrinkage=0.01


Tree=133
num_leaves=8
num_cat=0
split_feature=15 98 66 20 69 10 1
split_gain=0.606352 0.267995 0.563369 0.131936 0.332297 0.0442779 0.032135
threshold=0.75473470250000008 26.400421500000004 27.315001010000007 0.99285714100000011 12.219999790000001 0.5014652140000001 0.23754759500000003
decision_type=2 10 2 2 2 2 2
left_child=1 3 -3 5 -5 -1 -6
right_child=-2 2 -4 4 6 -7 -8
leaf_value=-0.010635010194399155 0.0026606722229347529 -0.0026599789240490507 0.0035039714682000285 0.0036269164236599882 -0.0019599140665310251 -0.0027879817011497903 -0.0051250999567574833
leaf_weight=20 35 38 31 26 20 237 61
leaf_count=20 35 38 31 26 20 237 61
internal_value=-0.000110922 -0.000217842 0.000336676 -0.000328947 -1.39148e-05 -0.000451901 -0.000348411
internal_weight=468 433 69 364 107 257 81
internal_count=468 433 69 364 107 257 81
is_linear=0
shrinkage=0.01


Tree=134
num_leaves=10
num_cat=0
split_feature=19 17 83 23 18 34 11 60 1
split_gain=0.734084 0.833293 0.398008 0.460048 0.701511 0.158162 0.0389369 0.0448186 0.015083
threshold=154.51500000000001 0.62259057150000008 4.8250000630000009 1.7142857015000004 0.63515595200000019 5.6000000070000011 0.5019708570000001 2.1300001145000005 0.27779023800000008
decision_type=2 2 2 2 2 2 2 2 2
left_child=2 -2 3 -1 8 -6 -4 -8 -5
right_child=1 -3 6 4 5 -7 7 -9 -10
leaf_value=-0.0026813294246209609 -0.010629105352683918 0.0010144132976010046 -0.0048482348266343346 -0.0019555131482944543 0.0062595432174847076 0.0054132962988011025 -3.8912522940599118e-05 -0.0030190895034317472 -3.2152346430312117e-05
leaf_weight=56 21 29 20 20 20 21 20 264 20
leaf_count=56 21 29 20 20 20 21 20 264 20
internal_value=-8.84507e-05 0.00104331 -0.000222952 0.000214078 0.000702934 0.00161483 -0.000426509 -0.000456461 -0.000196079
internal_weight=491 50 441 137 81 41 304 284 40
internal_count=491 50 441 137 81 41 304 284 40
is_linear=0
shrinkage=0.01


Tree=135
num_leaves=6
num_cat=0
split_feature=60 17 65 55 5
split_gain=0.217105 0.344337 0.18228 0.277086 0.107968
threshold=2.1700005530000004 0.71075571400000015 35.159999845000009 1.1000000350000001 0.45319545250000004
decision_type=2 2 2 2 2
left_child=1 4 3 -2 -1
right_child=2 -3 -4 -5 -6
leaf_value=-0.0017210774028804637 0.0031067451446456073 0.0073338361971749064 -0.0022972435896992782 -0.003344900910349541 0.00018381135141730157
leaf_weight=47 28 21 289 40 20
leaf_count=47 28 21 289 40 20
internal_value=-0.000270301 0.000157658 -0.000381498 5.81394e-05 -0.000169617
internal_weight=445 88 357 68 67
internal_count=445 88 357 68 67
is_linear=0
shrinkage=0.01


Tree=136
num_leaves=7
num_cat=0
split_feature=98 7 24 15 7 50
split_gain=0.339091 0.703941 0.301305 0.134104 0.127714 0.0401748
threshold=24.358773140000004 0.58610300000000015 1.7142857100000002 0.74603578600000009 0.40947400000000006 9.8999998605000012
decision_type=10 2 2 2 2 2
left_child=3 2 -2 4 -1 -6
right_child=1 -3 -4 -5 5 -7
leaf_value=0.0044102881369573925 -0.00095262653065654305 0.0010065410106753925 0.0042322640058421743 0.00049051932326395599 -0.00023118820740684713 -0.0039101152581798842
leaf_weight=24 79 34 20 20 22 283
leaf_count=24 79 34 20 20 22 283
internal_value=-0.000184341 0.000235426 -0.000175351 -0.0003502 -0.000401759 -0.000459451
internal_weight=482 133 99 349 329 305
internal_count=482 133 99 349 329 305
is_linear=0
shrinkage=0.01


Tree=137
num_leaves=8
num_cat=0
split_feature=19 98 63 20 55 31 10
split_gain=0.785638 1.11068 0.271689 0.125844 0.114631 0.230254 0.045693
threshold=162.23500000000004 25.797875890000004 0.64499998050000007 1.0642857125000003 5.7000000775000013 2.9285714205000004 0.49315400000000004
decision_type=2 10 2 2 2 2 2
left_child=2 -2 -1 4 6 -6 -4
right_child=1 -3 3 -5 5 -7 -8
leaf_value=2.3711516553929236e-05 -0.0013127219607425586 0.0010994813307743038 -0.010076390524014133 1.5088956325880291e-05 4.4130862581243452e-05 -0.00089712690994722124 -0.0022769789768075908
leaf_weight=22 21 20 20 21 20 38 322
leaf_count=22 21 20 20 21 20 38 322
internal_value=-0.000165017 0.00113636 -0.000291798 -0.000352063 -0.000394212 0 -0.000463827
internal_weight=484 41 443 421 400 58 342
internal_count=484 41 443 421 400 58 342
is_linear=0
shrinkage=0.01


Tree=138
num_leaves=8
num_cat=0
split_feature=63 17 26 19 80 26 1
split_gain=0.816932 0.354981 0.798489 0.814828 0.262764 0.33932 0.015083
threshold=0.55999994300000011 0.62259057150000008 2.3142857000000006 71.410000000000011 5.6835714580000003 2.2142857270000005 0.32139909500000002
decision_type=2 2 2 2 2 2 2
left_child=-1 -2 4 -4 -3 6 -6
right_child=1 2 3 -5 5 -7 -8
leaf_value=0.0027688015360417205 -0.0070140485743185347 -0.0013329250561979751 0.0023213654771408166 0.00099363613855750705 -0.00058826209039227004 0.0048414225785131364 -0.00060506847224758669
leaf_weight=20 217 134 32 21 20 20 20
leaf_count=20 217 134 32 21 20 20 20
internal_value=-0.000103135 -0.000193632 5.85148e-05 0.00114312 -0.000231006 0.000296053 -0.000196079
internal_weight=484 464 247 53 194 60 40
internal_count=484 464 247 53 194 60 40
is_linear=0
shrinkage=0.01


Tree=139
num_leaves=8
num_cat=0
split_feature=18 22 73 55 23 22 15
split_gain=0.542277 0.616169 0.243632 0.41489 0.380904 0.0805921 0.0639114
threshold=0.63328252850000011 1.8285714135000002 42.80000067000001 5.0000000820000006 1.8000000115000001 1.9571428385000003 0.6825826785000001
decision_type=2 2 2 2 2 2 2
left_child=5 2 -2 4 -4 -1 -7
right_child=1 -3 3 -5 -6 6 -8
leaf_value=-0.0037461089185807186 -0.0013373876706819065 0.0049855108157083154 0.007156420482551008 -0.00011478050842058639 -4.3503131768087013e-06 -0.0019932854424042417 0.00019583058434731251
leaf_weight=251 59 26 24 32 20 21 20
leaf_count=251 59 26 24 32 20 21 20
internal_value=-0.000164169 0.000293572 3.68177e-06 0.000390625 0.00102679 -0.000423497 0
internal_weight=453 161 135 76 44 292 41
internal_count=453 161 135 76 44 292 41
is_linear=0
shrinkage=0.01


Tree=140
num_leaves=7
num_cat=0
split_feature=19 17 53 24 51 6
split_gain=0.513499 0.7151 0.183325 0.302282 0.151326 0.123825
threshold=154.51500000000001 0.65814673200000007 1.0499999970000002 1.700000001 60.299998505000012 0.50314714300000007
decision_type=2 2 2 2 2 2
left_child=2 -2 4 5 -1 -4
right_child=1 -3 3 -5 -6 -7
leaf_value=-0.0033126601112408011 -0.010480662756949373 0.00098089796643379161 -0.0026192946729082928 0.0044347828995366032 1.7710274514899698e-05 0.00082290382243682626
leaf_weight=304 22 22 66 25 22 20
leaf_count=304 22 22 66 25 22 20
internal_value=-0.000204442 0.000803571 -0.000311786 2.23612e-05 -0.000431457 -0.000241936
internal_weight=481 44 437 111 326 86
internal_count=481 44 437 111 326 86
is_linear=0
shrinkage=0.01


Tree=141
num_leaves=5
num_cat=0
split_feature=19 38 96 12
split_gain=0.918299 0.965773 0.168057 0.153372
threshold=154.51500000000001 5.9785714150000011 131.61942115000002 0.74631739300000011
decision_type=2 2 2 2
left_child=2 -2 3 -1
right_child=1 -3 -4 -5
leaf_value=-0.002102987472727285 -0.00024021868373023334 0.00097193268537016373 1.9427621911265252e-05 0.003702011190030136
leaf_weight=355 29 21 39 22
leaf_count=355 29 21 39 22
internal_value=-0.000216367 0.00104331 -0.00037428 -0.000440709
internal_weight=466 50 416 377
internal_count=466 50 416 377
is_linear=0
shrinkage=0.01


Tree=142
num_leaves=8
num_cat=0
split_feature=18 92 4 3 96 29 2
split_gain=0.843754 1.07102 0.668826 1.19609 0.0655997 0.248879 0.031233
threshold=0.62823992900000014 16.371428355000003 0.33537050000000007 0.33285257100000004 101.22713215000002 3.8571428400000003 0.29808214250000004
decision_type=2 2 2 2 2 2 2
left_child=4 6 -3 -4 -1 -6 -2
right_child=1 2 3 -5 5 -7 -8
leaf_value=-0.0067825913696188105 -0.0012659231818768343 0.0015646060770516878 0.0066025282627173686 0.00076823506737665778 -0.0023124369264188715 0.00010041400627480922 -0.0012983117946615411
leaf_weight=203 57 33 23 34 62 22 20
leaf_count=203 57 33 23 34 62 22 20
internal_value=-5.49693e-05 0.000503576 0.00124449 0.00189446 -0.000387422 -0.000117925 -0.000340617
internal_weight=454 167 90 57 287 84 77
internal_count=454 167 90 57 287 84 77
is_linear=0
shrinkage=0.01


Tree=143
num_leaves=8
num_cat=0
split_feature=96 51 13 96 98 55 56
split_gain=0.493894 0.7151 0.194839 0.330854 0.139325 0.202491 0.0453985
threshold=131.83848035000003 1.1500000060000002 0.73934505000000017 116.01929460000001 19.354371755000006 2.2000000255000005 0.25000000350000007
decision_type=2 2 2 2 8 2 2
left_child=2 -2 4 -4 5 -1 -6
right_child=1 -3 3 -5 6 -7 -8
leaf_value=0.00049086267939885359 -0.0023432418870840961 0.003942464722237804 0.002006765258885863 -0.0009019204002816717 -2.383281948783178e-06 -0.015273298101862832 -0.0030810046646049362
leaf_weight=20 22 22 34 38 20 28 300
leaf_count=20 22 22 34 38 20 28 300
internal_value=-0.000185644 0.000803571 -0.000290381 0.000164835 -0.000385033 8.19671e-05 -0.000461347
internal_weight=484 44 440 72 368 48 320
internal_count=484 44 440 72 368 48 320
is_linear=0
shrinkage=0.01


Tree=144
num_leaves=8
num_cat=0
split_feature=19 51 83 12 16 21 55
split_gain=0.922708 1.04966 0.22574 0.418219 0.114439 0.175454 0.0423733
threshold=154.51500000000001 0.89999999850000012 4.7885714105000003 0.58705257150000001 0.72378202350000009 2.5285714180000007 7.3000002170000009
decision_type=2 2 2 2 2 2 2
left_child=2 -2 3 -1 -5 -6 -4
right_child=1 -3 6 4 5 -7 -8
leaf_value=0.0054336815063832852 -0.0035698411844013161 0.0010036969288575357 -0.0020850413938245977 -0.0012114124798231435 0.0045739255091823538 -0.00056845380416697424 -0.0014395080497130082
leaf_weight=20 21 25 266 66 20 21 21
leaf_count=20 21 25 266 66 20 21 21
internal_value=-0.00014757 0.00117521 -0.00030135 3.52111e-05 -0.000199444 0.000179426 -0.000456915
internal_weight=460 46 414 127 107 41 287
internal_count=460 46 414 127 107 41 287
is_linear=0
shrinkage=0.01


Tree=145
num_leaves=8
num_cat=0
split_feature=18 92 16 17 17 18 0
split_gain=0.449443 0.522477 0.272565 0.379961 0.0805343 0.0639114 0.0180012
threshold=0.63328252850000011 16.277856825000004 0.69630909500000004 0.72302271450000011 0.65814673200000007 0.61101176200000007 0.17280683350000001
decision_type=2 2 2 2 2 2 2
left_child=4 -2 -3 6 -1 -6 -4
right_child=1 2 3 -5 5 -7 -8
leaf_value=-0.004763504585115574 -0.0012416460798850807 0.0048410763181877883 -3.3994576148565631e-05 0.0062871149780339974 0.00022406470048516258 -0.00051985795057514017 -0.00059520572887374968
leaf_weight=250 63 28 20 27 20 21 24
leaf_count=250 63 28 20 27 20 21 24
internal_value=-0.000186205 0.000227273 0.000686373 0.00031337 -0.000423235 0 -0.000223214
internal_weight=453 162 99 71 291 41 44
internal_count=453 162 99 71 291 41 44
is_linear=0
shrinkage=0.01


Tree=146
num_leaves=8
num_cat=0
split_feature=98 24 26 38 8 2 26
split_gain=0.628592 1.08446 0.517605 0.161326 0.175454 0.0537707 0.0448367
threshold=24.358773140000004 1.7142857270000003 2.2571428545000005 6.3642856735000004 0.58669314300000008 0.27814885700000008 2.4785714150000007
decision_type=10 2 2 2 2 2 2
left_child=3 2 -2 6 -5 -4 -1
right_child=1 -3 5 4 -6 -7 -8
leaf_value=-0.0024914693977910142 -0.001093462927990329 0.0038109675068993582 0.004041459603862577 0.00030618140128971905 -0.0037457365598460436 0.00083525345300400984 1.4189549911451661e-05
leaf_weight=265 74 23 20 20 21 20 20
leaf_count=265 74 23 20 20 21 20 20
internal_value=-0.000128288 0.000431785 8.71068e-06 -0.000370257 0.000179426 0.000931372 -0.000456613
internal_weight=463 137 114 326 41 40 285
internal_count=463 137 114 326 41 40 285
is_linear=0
shrinkage=0.01


Tree=147
num_leaves=7
num_cat=0
split_feature=18 28 9 48 10 48
split_gain=0.372983 0.578409 0.508785 1.0705 0.160294 0.040674
threshold=0.56980719650000011 4.0571428880000004 0.65677048350000011 3.0499999825000006 0.59389150000000013 6.9999998140000006
decision_type=2 2 2 2 2 2
left_child=-1 2 5 -4 -3 -2
right_child=1 4 3 -5 -6 -7
leaf_value=-0.0046516568160551424 -0.0010738021418595454 0.0054122289353585431 0.0034204716160323827 -0.00047293024404532018 0.0012600377977830496 0.00021069011540004456
leaf_weight=203 137 20 24 34 20 20
leaf_count=203 137 20 24 34 20 20
internal_value=-0.000167829 8.01406e-05 -0.000118165 0.000663265 0.00117647 -0.00042142
internal_weight=458 255 215 58 40 157
internal_count=458 255 215 58 40 157
is_linear=0
shrinkage=0.01


Tree=148
num_leaves=5
num_cat=0
split_feature=19 97 18 44
split_gain=0.653029 0.804411 0.122064 0.296854
threshold=162.23500000000004 25.560182840000007 0.66790017350000008 8.9500000555000003
decision_type=2 10 2 2
left_child=2 -2 -1 -4
right_child=1 -3 3 -5
leaf_value=-0.0021506447863459417 -0.00051043403859139152 0.00079269620231364496 0.0041097912747908652 -0.0010178081327370959
leaf_weight=333 21 20 31 65
leaf_count=333 21 20 31 65
internal_value=-0.000282498 0.000897129 -0.00040135 -6.19836e-05
internal_weight=470 41 429 96
internal_count=470 41 429 96
is_linear=0
shrinkage=0.01


Tree=149
num_leaves=7
num_cat=0
split_feature=96 51 12 96 28 18
split_gain=0.319065 0.377262 0.168201 0.215285 0.162354 0.250956
threshold=131.83848035000003 1.1500000060000002 0.73448728600000013 103.55921410000002 4.1071428060000015 0.56980719650000011
decision_type=2 2 2 2 2 2
left_child=2 -2 4 -4 -1 -6
right_child=1 -3 3 -5 5 -7
leaf_value=-0.0021310210700906055 -0.0020603298694822718 0.0035367985850645678 0.00068985411984719277 -0.00044402948321321789 -0.0064427449365170066 0.0030850643393930443
leaf_weight=299 20 25 29 27 45 31
leaf_count=299 20 25 29 27 45 31
internal_value=-0.000222316 0.000556768 -0.000309171 0.000176056 -0.000387174 0
internal_weight=476 45 431 56 375 76
internal_count=476 45 431 56 375 76
is_linear=0
shrinkage=0.01


Tree=150
num_leaves=6
num_cat=0
split_feature=19 97 27 96 6
split_gain=0.328505 0.45442 0.203574 0.0870266 0.0615385
threshold=154.51500000000001 25.916615765000007 4.1857143300000006 131.61942115000002 0.46512330950000008
decision_type=2 10 2 2 2
left_child=2 -2 3 -1 -5
right_child=1 -3 -4 4 -6
leaf_value=-0.0025751749295528114 -0.001202205756833819 0.00099132305194195064 0.0018839574258496794 -8.3970541669196039e-05 2.2201654883794338e-05
leaf_weight=341 25 24 33 20 20
leaf_count=341 25 24 33 20 20
internal_value=-0.000279215 0.000471887 -0.000373674 -0.000441331 0
internal_weight=463 49 414 381 40
internal_count=463 49 414 381 40
is_linear=0
shrinkage=0.01


Tree=151
num_leaves=8
num_cat=0
split_feature=96 66 26 34 17 6 0
split_gain=0.401958 0.440401 0.205267 0.667676 0.614028 0.0440717 0.0371026
threshold=131.61942115000002 27.434999470000005 2.2571428545000005 5.571428537000001 0.65440178550000005 0.5456963855000001 0.26084197900000006
decision_type=2 2 2 2 2 2 2
left_child=2 -2 5 4 -4 -1 -5
right_child=1 -3 3 6 -6 -7 -8
leaf_value=-0.0029620970123133104 -0.0025126312016961845 0.0016947843235918941 -0.0038056868036964392 -0.0048694347643299307 0.0037746039504507607 -0.001788795718106549 -0.0027187908343988933
leaf_weight=228 20 29 23 93 20 20 20
leaf_count=228 20 29 23 93 20 20 20
internal_value=-0.000164169 0.000672691 -0.000271739 0 0.00106164 -0.000450161 -0.000391037
internal_weight=453 49 404 156 43 248 113
internal_count=453 49 404 156 43 248 113
is_linear=0
shrinkage=0.01


Tree=152
num_leaves=6
num_cat=0
split_feature=96 20 50 17 65
split_gain=0.419561 0.475695 0.232999 0.144194 0.0460704
threshold=131.48502525000004 0.91428571500000011 9.899999719000002 0.7348106430000001 33.730000020000006
decision_type=2 2 2 2 2
left_child=2 -2 -1 4 -4
right_child=1 -3 3 -5 -6
leaf_value=6.9891926693704167e-05 -0.0001012832015398361 0.0006821587524514206 -0.0043016768881713723 0.0055277910701798218 -0.0030300192567667274
leaf_weight=28 33 21 20 22 355
leaf_count=28 33 21 20 22 355
internal_value=-0.000244894 0.000565693 -0.000353452 -0.000418552 -0.000467004
internal_weight=479 54 425 397 375
internal_count=479 54 425 397 375
is_linear=0
shrinkage=0.01


Tree=153
num_leaves=7
num_cat=0
split_feature=98 24 35 60 84 1
split_gain=0.422583 0.999334 0.154186 0.465918 0.133181 0.02997
threshold=24.358773140000004 1.7142857270000003 4.1071428230000011 4.9800000190000011 15.723571505000001 0.25447076200000007
decision_type=10 2 2 2 2 2
left_child=2 4 -1 -4 -2 -6
right_child=1 -3 3 -5 5 -7
leaf_value=-0.0029308144929319118 0.00059471131262384309 0.0038360377612147441 0.0058163862415208361 -0.0016470638141879315 -0.0011190510149863937 -0.00090218887474787315
leaf_weight=258 29 20 21 56 52 20
leaf_count=258 29 20 21 56 52 20
internal_value=-0.000188266 0.000307882 -0.000373734 0 -8.34972e-05 -0.00032967
internal_weight=456 121 335 77 101 72
internal_count=456 121 335 77 101 72
is_linear=0
shrinkage=0.01


Tree=154
num_leaves=8
num_cat=0
split_feature=19 50 0 30 73 25 18
split_gain=0.659977 1.30968 0.0954834 0.0925874 0.112181 0.0397792 0.0452508
threshold=130.56500000000003 11.299999740000002 0.23977154150000005 2.4428571380000004 46.390000820000004 1.6142856945000001 0.70722607100000012
decision_type=2 2 2 2 2 2 2
left_child=3 -2 -3 5 -5 -1 -7
right_child=1 2 -4 4 -6 6 -8
leaf_value=-0.000346075901262185 0.001115194567529525 -0.002273278640268495 0.00036767259391305262 -0.0002352199730518229 0.0023817148192474729 -0.0020388782202786686 -0.00023317758416883995
leaf_weight=20 20 37 20 31 30 290 20
leaf_count=20 20 37 20 31 30 290 20
internal_value=-0.000196246 0.000636247 -0.000112457 -0.000366258 0 -0.000432285 -0.000460103
internal_weight=468 77 57 391 61 330 310
internal_count=468 77 57 391 61 330 310
is_linear=0
shrinkage=0.01


Tree=155
num_leaves=6
num_cat=0
split_feature=83 45 18 44 44
split_gain=0.311223 0.221878 0.546084 0.404027 0.132057
threshold=5.0464286200000013 5.6999999320000017 0.63328252850000011 11.499999965000002 12.250000030000001
decision_type=2 2 2 2 2
left_child=1 2 4 -4 -1
right_child=-2 -3 3 -5 -6
leaf_value=-0.00098000529842115491 -0.0034482430654266989 -0.0016997464622872131 0.0068774216423043511 0.00021883278741640727 4.2906125009339874e-05
leaf_weight=67 234 64 22 36 37
leaf_count=67 234 64 22 36 37
internal_value=-0.000234375 2.20457e-05 0.000227273 0.0010034 -0.00019084
internal_weight=460 226 162 58 104
internal_count=460 226 162 58 104
is_linear=0
shrinkage=0.01


Tree=156
num_leaves=7
num_cat=0
split_feature=18 24 83 18 19 28
split_gain=0.649973 0.598166 0.840357 0.220242 0.0387589 0.0447264
threshold=0.63711014300000013 1.8500000070000002 4.9314285855000008 0.65860228550000011 177.90500000000003 4.1785714285000006
decision_type=2 2 2 2 2 2
left_child=4 2 -2 -4 5 -1
right_child=1 -3 3 -5 -6 -7
leaf_value=-0.0027094604536963668 0.0058255008376160268 -0.0016526100004017926 0.0013523047604287852 -4.33673802187035e-05 -0.0024784843588759892 -5.8740943164213718e-05
leaf_weight=259 39 51 20 34 20 20
leaf_count=259 39 51 20 34 20 20
internal_value=-0.000156602 0.00038674 0.00086887 1.82481e-05 -0.000425284 -0.000455683
internal_weight=443 144 93 54 299 279
internal_count=443 144 93 54 299 279
is_linear=0
shrinkage=0.01


Tree=157
num_leaves=7
num_cat=0
split_feature=96 12 22 28 66 81
split_gain=0.286364 0.232044 0.367199 0.141505 0.0656491 0.0819471
threshold=134.04162220000003 0.74167728600000016 1.7999999945000003 4.2142856970000002 25.105000970000003 8.2414286475000029
decision_type=2 2 2 2 2 2
left_child=1 3 -3 4 5 -1
right_child=-2 2 -4 -5 -6 -7
leaf_value=-0.0024639899013820998 0.00022725084756886949 -0.00041768590563063146 0.00086281834917390225 0.00011100730485965766 -0.0024035856019868911 0.00024496341362125032
leaf_weight=29 20 25 20 21 328 20
leaf_count=29 20 25 20 21 328 20
internal_value=-0.000257654 -0.000314331 0.000338428 -0.000393681 -0.000440709 -5.02009e-05
internal_weight=463 443 45 398 377 49
internal_count=463 443 45 398 377 49
is_linear=0
shrinkage=0.01


Tree=158
num_leaves=8
num_cat=0
split_feature=18 54 12 4 1 26 16
split_gain=0.637908 0.49943 0.39662 0.27975 1.01881 0.0713655 0.145965
threshold=0.63328252850000011 1.7499999960000003 0.67125150950000012 0.33419702350000008 0.26174914300000002 2.3642857245000006 0.66522328550000009
decision_type=2 2 2 2 2 2 2
left_child=5 2 -2 -3 -5 -1 -7
right_child=1 3 -4 4 -6 6 -8
leaf_value=-0.0037289779104297868 0.0038123275664847123 -0.0012530624932177647 0.00010678473664629926 0.0069035597852804397 -0.0027187298826969386 -0.0061043245827759468 0.00018063514952708671
leaf_weight=229 20 57 23 20 36 51 31
leaf_count=229 20 57 23 20 36 51 31
internal_value=-0.000131467 0.000382653 0.00128995 1.31809e-05 0.000528169 -0.000396087 -0.000108696
internal_weight=467 156 43 113 56 311 82
internal_count=467 156 43 113 56 311 82
is_linear=0
shrinkage=0.01


Tree=159
num_leaves=6
num_cat=0
split_feature=98 24 8 28 98
split_gain=0.691996 0.695042 0.307125 0.129524 0.227793
threshold=25.894776115000003 1.7071428595000002 0.62638573800000008 4.1285714930000008 21.776011000000004
decision_type=10 2 2 2 8
left_child=3 2 -2 -1 -5
right_child=1 -3 -4 4 -6
leaf_value=-0.002306941601361774 -0.0021898719108946843 0.0036323849322932858 0.00083124380487994227 0.005807191807533421 -0.001738002708862053
leaf_weight=315 45 22 27 20 37
leaf_count=315 45 22 27 20 37
internal_value=-0.000216367 0.000537975 2.74724e-05 -0.00041309 0
internal_weight=466 94 72 372 57
internal_count=466 94 72 372 57
is_linear=0
shrinkage=0.01


Tree=160
num_leaves=7
num_cat=0
split_feature=18 67 50 98 75 6
split_gain=0.479513 0.629291 0.233166 0.12163 0.232716 0.02997
threshold=0.65407409500000013 30.070000645000004 11.200000220000002 25.919245905000004 51.860001565000012 0.41233316300000006
decision_type=2 2 2 10 2 2
left_child=3 2 -2 -1 -5 -4
right_child=1 -3 5 4 -6 -7
leaf_value=-0.0035694072058138804 0.0012327417945433839 0.0046873439805259331 -0.00050723152835943641 -0.0024376447409009605 0.00036863402704180955 -0.00050647832750531257
leaf_weight=278 20 26 20 39 20 52
leaf_count=278 20 26 20 39 20 52
internal_value=-0.000209522 0.000328283 -4.31036e-05 -0.000404085 0 -0.00032967
internal_weight=455 118 92 337 59 72
internal_count=455 118 92 337 59 72
is_linear=0
shrinkage=0.01


Tree=161
num_leaves=7
num_cat=0
split_feature=98 24 8 50 9 24
split_gain=0.380609 0.801026 0.219413 0.328281 0.108251 0.0449939
threshold=23.925738300000003 1.7142857270000003 0.62638573800000008 11.200000220000002 0.50185125000000019 1.9499999965000001
decision_type=10 2 2 2 2 2
left_child=4 2 -2 -4 -1 -6
right_child=1 -3 3 -5 5 -7
leaf_value=0.0025877474892613385 -0.0011624435515405305 0.0031229488626178595 0.0012204143765979448 -0.00057522840431869083 -0.0034129178550925715 -0.00029644747134278043
leaf_weight=28 71 24 20 20 274 20
leaf_count=28 71 24 20 20 274 20
internal_value=-0.000210791 0.000224595 -0.000120751 0.000441176 -0.000399628 -0.000457938
internal_weight=457 135 111 40 322 294
internal_count=457 135 111 40 322 294
is_linear=0
shrinkage=0.01


Tree=162
num_leaves=8
num_cat=0
split_feature=19 38 18 14 96 14 0
split_gain=0.644364 0.747595 0.34738 0.348964 0.241713 0.0453258 0.031233
threshold=154.51500000000001 5.8428571565000009 0.65577471450000002 0.6570045000000001 116.36960995000003 0.75097630950000005 0.11824513000000002
decision_type=2 2 2 2 2 2 2
left_child=2 -2 5 -4 -5 -1 -6
right_child=1 -3 3 4 6 -7 -8
leaf_value=-0.0030846947135847688 -0.000696923287863602 0.0010043269988423112 0.0050422713175767497 0.004162900015681789 0.00039190507407006471 -0.00026111889656907182 -0.00037719260760259854
leaf_weight=295 21 26 20 20 20 20 57
leaf_count=295 21 26 20 20 20 20 57
internal_value=-0.000161526 0.000930962 -0.000286507 0.000165535 -6.64623e-05 -0.000460735 -0.000340617
internal_weight=479 47 432 117 97 315 77
internal_count=479 47 432 117 97 315 77
is_linear=0
shrinkage=0.01


Tree=163
num_leaves=8
num_cat=0
split_feature=19 26 28 17 96 75 8
split_gain=0.758278 0.591571 0.228962 0.360103 0.104896 0.0703376 0.0757048
threshold=154.51500000000001 2.2285714535000003 4.1285714930000008 0.62048344650000009 132.01285560000002 49.455001355000007 0.61022053550000011
decision_type=2 2 2 2 2 2 2
left_child=2 -2 4 -4 5 6 -1
right_child=1 -3 3 -5 -6 -7 -8
leaf_value=-0.0010323631352848522 -0.00014733711030651613 0.00086187621651042723 -0.0037396458840343516 0.005699498446806929 -4.536969104078922e-05 -0.0023828434689017164 0.0039531628194120864
leaf_weight=26 22 20 24 20 27 286 20
leaf_count=26 22 20 24 20 27 286 20
internal_value=-0.000158143 0.00109813 -0.000295939 0.000357143 -0.000382157 -0.000432692 -2.13676e-05
internal_weight=445 42 403 44 359 332 46
internal_count=445 42 403 44 359 332 46
is_linear=0
shrinkage=0.01


Tree=164
num_leaves=7
num_cat=0
split_feature=19 97 53 24 9 21
split_gain=0.775727 0.56792 0.35503 0.544599 0.206697 0.045311
threshold=154.51500000000001 25.764057480000002 1.0499999970000002 1.700000001 0.66726000000000008 2.6071428400000003
decision_type=2 10 2 2 2 2
left_child=2 -2 5 4 -4 -1
right_child=1 -3 3 -5 -6 -7
leaf_value=-0.0022275046930971564 -0.0006985721036497014 0.0011387865822365644 -0.0014458881777865706 0.0064312897886681167 0.0029434682383152255 -0.00026705136745891744
leaf_weight=294 21 20 66 23 26 20
leaf_count=294 21 20 66 23 26 20
internal_value=-0.000155055 0.00113636 -0.000285016 0.000177029 -0.000150862 -0.00046061
internal_weight=470 41 429 115 92 314
internal_count=470 41 429 115 92 314
is_linear=0
shrinkage=0.01


Tree=165
num_leaves=8
num_cat=0
split_feature=18 23 13 12 44 97 0
split_gain=0.536179 0.46871 0.751086 0.64036 0.363859 0.418741 0.0278899
threshold=0.63328252850000011 1.7142857015000004 0.68397857150000008 0.74167728600000016 12.250000030000001 25.916615765000007 0.094894187500000018
decision_type=2 2 2 2 2 10 2
left_child=4 -2 -3 6 -1 -6 -4
right_child=1 2 3 -5 5 -7 -8
leaf_value=-0.0038335944691552729 -0.0013889673539893813 0.005308015889993317 -0.00044664227258233048 0.0035214967068947453 -0.0027813625940611235 0.00019677771157566954 -7.709320945107175e-05
leaf_weight=252 47 36 20 22 27 26 45
leaf_count=252 47 36 20 22 27 26 45
internal_value=-7.46113e-05 0.000368852 0.000698707 0.000165148 -0.000328646 0.000399628 -0.00031155
internal_weight=475 170 123 87 305 53 65
internal_count=475 170 123 87 305 53 65
is_linear=0
shrinkage=0.01


Tree=166
num_leaves=7
num_cat=0
split_feature=56 30 30 35 59 5
split_gain=0.469951 0.187604 0.386999 0.151444 0.205742 0.0253349
threshold=0.25000000350000007 2.4285714375 2.5142857175000004 4.1999999630000007 1.2750000955 0.38842178600000005
decision_type=2 2 2 2 2 2
left_child=-1 3 -3 -2 -5 -4
right_child=1 2 5 4 -6 -7
leaf_value=0.00097016689986971537 -0.0021889191911462899 0.00063137549394529134 -0.00097419846449644241 0.00038616773777198465 -6.7617439997931739e-05 -0.00047735061278499465
leaf_weight=23 316 21 20 20 29 38
leaf_count=23 316 21 20 20 29 38
internal_value=-0.00023835 -0.000314748 0.000106516 -0.000411427 7.0281e-05 -0.000289116
internal_weight=467 444 79 365 49 58
internal_count=467 444 79 365 49 58
is_linear=0
shrinkage=0.01


Tree=167
num_leaves=6
num_cat=0
split_feature=56 10 10 3 67
split_gain=0.64694 0.338081 0.31014 0.700467 0.125818
threshold=0.25000000350000007 0.71924578600000011 0.54691578600000013 0.25916807150000004 20.080000875000003
decision_type=2 2 2 2 2
left_child=-1 2 3 -2 -4
right_child=1 -3 4 -5 -6
leaf_value=0.0018273007218865352 -0.010140833484530227 0.00046241441051854876 0.00051811059932818171 0.0066820018867901291 -0.0019087303179464588
leaf_weight=25 37 30 27 20 327
leaf_count=25 37 30 27 20 327
internal_value=-0.0001521 -0.000245586 -0.000324187 0.00033737 -0.000436866
internal_weight=466 441 411 57 354
internal_count=466 441 411 57 354
is_linear=0
shrinkage=0.01


Tree=168
num_leaves=5
num_cat=0
split_feature=43 18 53 22
split_gain=0.490497 0.253247 0.0827211 0.364625
threshold=0.65000000600000007 0.70722607100000012 0.99999998550000002 1.8285714135000002
decision_type=2 2 2 2
left_child=-1 2 -2 -4
right_child=1 -3 3 -5
leaf_value=0.0024835397549474491 -0.0030078612758916968 0.0037986057218295909 -0.00090448651270275387 0.0024100533650338839
leaf_weight=34 285 25 91 29
leaf_count=34 285 25 91 29
internal_value=-0.000236661 -0.000331941 -0.000395515 -0.000149007
internal_weight=464 430 405 120
internal_count=464 430 405 120
is_linear=0
shrinkage=0.01


Tree=169
num_leaves=6
num_cat=0
split_feature=18 97 6 4 9
split_gain=0.32436 0.485019 0.54002 0.809255 0.146357
threshold=0.56980719650000011 29.140435005000004 0.49082371450000006 0.38873763050000004 0.50185125000000019
decision_type=2 10 2 2 2
left_child=-1 2 4 -4 -2
right_child=1 -3 3 -5 -6
leaf_value=-0.0061359653109884981 0.0064811615260692368 0.0030119369628901268 0.00073396990470040271 -0.0014942188226855463 -0.00078418289790390576
leaf_weight=219 21 26 27 27 162
leaf_count=219 21 26 27 27 162
internal_value=-0.000205054 2.46398e-05 -0.000111438 0.000748175 -0.000378129
internal_weight=482 263 237 54 183
internal_count=482 263 237 54 183
is_linear=0
shrinkage=0.01


Tree=170
num_leaves=8
num_cat=0
split_feature=96 53 18 76 60 15 55
split_gain=0.649505 0.561383 0.213783 0.360416 0.193089 0.278133 0.038503
threshold=131.19284590000004 0.60000001650000001 0.57923371400000012 94.81499958000002 2.1300001145000005 0.72474414300000012 6.0999999715000008
decision_type=2 2 2 2 2 2 2
left_child=2 -2 -1 4 5 -4 -6
right_child=1 -3 3 -5 6 -7 -8
leaf_value=-0.0070249577388300259 -2.070015798271485e-05 0.0022211227607095065 -0.0025998948432256553 0.0043128710409487949 -0.0010135536593110141 0.0036158689352436581 -0.00087633781377404948
leaf_weight=230 21 37 22 23 107 23 20
leaf_count=230 21 37 22 23 107 23 20
internal_value=-0.000143655 0.000833333 -0.000282997 -2.809e-05 -0.000196759 0.000338428 -0.000402974
internal_weight=483 58 425 195 172 45 127
internal_count=483 58 425 195 172 45 127
is_linear=0
shrinkage=0.01


Tree=171
num_leaves=7
num_cat=0
split_feature=19 98 83 72 96 54
split_gain=0.656131 0.967326 0.224984 0.303139 0.119458 0.0448367
threshold=154.51500000000001 25.894776115000003 4.7885714105000003 79.78500080500001 130.08341800000002 10.750000025000002
decision_type=2 8 2 2 2 2
left_child=2 -2 3 4 -1 -4
right_child=1 -3 5 -5 -6 -7
leaf_value=-0.0012000985086577775 -0.0013865711888089525 0.00098136273669771428 -0.0026315916462179845 0.0050729771224607804 0.00059993140616227769 -0.00060077715771757862
leaf_weight=70 24 23 265 36 21 20
leaf_count=70 24 23 265 36 21 20
internal_value=-0.000168552 0.000930962 -0.000300388 3.52111e-05 -0.000255991 -0.000456613
internal_weight=459 47 412 127 91 285
internal_count=459 47 412 127 91 285
is_linear=0
shrinkage=0.01


Tree=172
num_leaves=8
num_cat=0
split_feature=19 12 11 15 15 8 10
split_gain=0.497963 0.374371 0.315388 0.63577 0.230365 0.0402911 0.0455101
threshold=162.23500000000004 0.69402385750000006 0.5549890715000001 0.59466452400000014 0.75473470250000008 0.50947152400000006 0.71787907150000019
decision_type=2 2 2 2 2 2 2
left_child=2 -2 3 -1 5 -4 -7
right_child=1 -3 4 -5 -6 6 -8
leaf_value=-0.0079629427924163918 -0.00021701968466296344 0.00061429302519144303 -0.00054868006139896671 0.0064429438671761968 0.003507258843749268 -0.00090110367462136354 -0.0028106733192168475
leaf_weight=29 22 20 20 20 29 308 20
leaf_count=29 22 20 20 20 29 308 20
internal_value=-0.000153584 0.000864486 -0.000260075 0.000471887 -0.000361302 -0.00043578 -0.000462287
internal_weight=468 42 426 49 377 348 328
internal_count=468 42 426 49 377 348 328
is_linear=0
shrinkage=0.01


Tree=173
num_leaves=7
num_cat=0
split_feature=19 17 54 3 35 44
split_gain=0.45126 0.522495 0.189807 0.357413 0.0781828 0.0330128
threshold=154.51500000000001 0.62259057150000008 9.3999998940000022 0.29333092850000003 4.2714286360000004 15.949999745000001
decision_type=2 2 2 2 2 2
left_child=2 -2 4 -4 5 -1
right_child=1 -3 3 -5 -6 -7
leaf_value=-0.003159542348270167 -0.010036150926706405 0.00093049367407885514 -0.0037437355213844757 0.0061479346033524495 5.6572515765756018e-07 -0.0016603365949985811
leaf_weight=296 22 27 32 22 39 25
leaf_count=296 22 27 32 22 39 25
internal_value=-0.000214532 0.000672691 -0.000325458 0.00020073 -0.0004102 -0.000461467
internal_weight=463 49 414 54 360 321
internal_count=463 49 414 54 360 321
is_linear=0
shrinkage=0.01


Tree=174
num_leaves=8
num_cat=0
split_feature=56 53 26 34 52 46 5
split_gain=0.548778 0.493006 0.350298 0.690599 0.202139 0.18745 0.0449252
threshold=0.25000000350000007 0.99999998550000002 2.2428571540000006 5.571428537000001 8.1999999285000005 0.35000000900000006 0.5311997140000001
decision_type=2 2 2 2 2 2 2
left_child=-1 5 4 -4 -3 6 -2
right_child=1 2 3 -5 -6 -7 -8
leaf_value=0.0016775142209020065 -0.0038383097957084499 -0.0024040186338527589 0.0037245834961922952 -0.002382234508708165 0.0072539365308608361 2.4110073230607336e-05 -0.00071035428338957316
leaf_weight=26 270 49 32 20 24 36 20
leaf_count=26 270 49 32 20 24 36 20
internal_value=-7.63919e-05 -0.000162683 0.000361685 0.000984848 -6.09757e-05 -0.000370257 -0.000457359
internal_weight=477 451 125 52 73 326 290
internal_count=477 451 125 52 73 326 290
is_linear=0
shrinkage=0.01


Tree=175
num_leaves=8
num_cat=0
split_feature=96 83 31 56 7 1 51
split_gain=0.256328 0.195028 0.111385 0.114158 0.0363742 0.100956 0.0428703
threshold=131.48502525000004 4.919285748500001 3.2214285985000006 0.25000000350000007 0.59956314300000002 0.26576914300000004 57.350000305000009
decision_type=2 2 2 2 2 2 2
left_child=2 -2 3 -1 6 -6 -5
right_child=1 -3 -4 4 5 -7 -8
leaf_value=-5.2416808726363466e-05 0.0030576180057443787 -0.00052860688275495847 0.0073464507306229233 -0.0024468643080892902 0.00013756047710760069 -0.0011766543502190366 -0.0011337268588313386
leaf_weight=24 24 30 22 297 20 41 21
leaf_count=24 24 30 22 297 20 41 21
internal_value=-0.000244894 0.000383212 -0.000329967 -0.000370233 -0.000414692 -0.000137541 -0.000461104
internal_weight=479 54 425 403 379 61 318
internal_count=479 54 425 403 379 61 318
is_linear=0
shrinkage=0.01


Tree=176
num_leaves=8
num_cat=0
split_feature=19 50 18 36 50 0 0
split_gain=0.507519 0.896722 0.160431 0.216124 0.124778 0.175454 0.092457
threshold=130.56500000000003 11.500000015000003 0.63515595200000019 5.0571428365000015 11.500000015000003 0.12219471650000001 0.23388037500000003
decision_type=2 2 2 2 2 2 2
left_child=2 -2 -1 4 5 -4 -3
right_child=1 6 3 -5 -6 -7 -8
leaf_value=-0.0029745317852170501 0.0011080649058960478 -0.0042418694057807229 -0.00083083446366109251 0.0033431642761856855 -0.0012983461140147743 0.00071556312515243855 0.00045511098824263714
leaf_weight=272 20 35 21 20 79 20 20
leaf_count=272 20 35 21 20 79 20 20
internal_value=-0.000208077 0.000534301 -0.000348837 -5.68183e-05 -0.000231788 0.000179426 -9.85664e-05
internal_weight=487 75 412 140 120 41 55
internal_count=487 75 412 140 120 41 55
is_linear=0
shrinkage=0.01


Tree=177
num_leaves=7
num_cat=0
split_feature=17 8 50 21 82 98
split_gain=0.304756 0.397146 0.27596 0.264693 0.340309 0.13935
threshold=0.63485078600000011 0.49459371450000006 11.199999935000003 2.3214285460000004 6.5321428820000014 22.030933040000004
decision_type=2 2 2 2 2 8
left_child=-1 -2 3 4 -3 -4
right_child=1 2 5 -5 -6 -7
leaf_value=-0.0057002080384741119 0.0062422289816018188 0.00079165894760283462 1.8260587659831427e-06 -5.8463719594546323e-05 -0.0014980745938082127 -0.00071579836096457314
leaf_weight=225 20 20 21 21 20 124
leaf_count=225 20 20 21 21 20 124
internal_value=-0.000229084 2.20457e-05 -0.000101548 0.000444984 0.000931372 -0.000346365
internal_weight=451 226 206 61 40 145
internal_count=451 226 206 61 40 145
is_linear=0
shrinkage=0.01


Tree=178
num_leaves=8
num_cat=0
split_feature=17 19 48 4 16 6 2
split_gain=0.596046 0.942189 0.393446 0.445841 0.352729 0.115127 0.202491
threshold=0.62259057150000008 154.51500000000001 3.4000000435000004 0.32941557150000006 0.72594564300000008 0.42203978600000008 0.26956385700000002
decision_type=2 2 2 2 2 2 2
left_child=-1 2 3 -2 -5 6 -4
right_child=1 -3 5 4 -6 -7 -8
leaf_value=-0.0073804266969446919 -0.0024099931645798966 0.00086999577988419925 -0.0042328836799096518 0.0035876851298907121 0.0048238132717271657 -0.0002414353472853237 0.00019790267583141063
leaf_weight=214 38 27 28 21 23 104 20
leaf_count=214 38 27 28 21 23 104 20
internal_value=-9.56285e-05 0.000219633 4.25882e-06 0.000567633 0.00125 -0.000287958 8.19671e-05
internal_weight=475 261 234 82 44 152 48
internal_count=475 261 234 82 44 152 48
is_linear=0
shrinkage=0.01


Tree=179
num_leaves=6
num_cat=0
split_feature=98 38 6 56 18
split_gain=0.885276 1.05689 0.561253 0.151091 0.124471
threshold=23.925738300000003 6.0285714010000016 0.52418547150000017 0.25000000350000007 0.68323078550000005
decision_type=10 2 2 2 2
left_child=3 2 4 -1 -2
right_child=1 -3 -4 -5 -6
leaf_value=0.00092429135817855132 -0.001733610758810395 0.0017893444373058454 0.00066036633638239157 -0.0019937579514610186 0.0061295847875814328
leaf_weight=22 67 22 24 299 20
leaf_count=22 67 22 24 299 20
internal_value=-0.00014292 0.00053438 0.000111807 -0.000430392 -0.000244875
internal_weight=454 133 111 321 87
internal_count=454 133 111 321 87
is_linear=0
shrinkage=0.01


Tree=180
num_leaves=7
num_cat=0
split_feature=70 98 65 43 96 56
split_gain=0.450625 0.239903 0.275889 0.155682 0.0927957 0.0402975
threshold=20.624999525000003 26.158520245000002 40.509999750000006 13.000000270000003 70.137508020000013 0.25000000350000007
decision_type=2 10 2 2 2 2
left_child=-1 4 3 -3 -2 -6
right_child=1 2 -4 -5 5 -7
leaf_value=1.9051310707780028e-05 0.0008666757315489743 0.00075787360949382623 -0.0017763034397955937 0.003587643373821974 -0.00045327791555168837 -0.0026160323372755373
leaf_weight=23 33 20 38 29 22 291
leaf_count=23 33 20 38 29 22 291
internal_value=-0.000210158 -0.000286999 0.000165148 0.000672691 -0.000406575 -0.000460485
internal_weight=456 433 87 49 346 313
internal_count=456 433 87 49 346 313
is_linear=0
shrinkage=0.01


Tree=181
num_leaves=7
num_cat=0
split_feature=17 15 5 19 15 9
split_gain=0.390496 0.512497 0.553666 0.279709 0.148365 0.0639114
threshold=0.62259057150000008 0.69390057150000006 0.37527847650000007 150.94500000000002 0.75870050000000011 0.51665650000000019
decision_type=2 2 2 2 2 2
left_child=-1 2 5 4 -3 -2
right_child=1 3 -4 -5 -6 -7
leaf_value=-0.005960264846647613 0.0047697891720698592 -0.00059778998008292871 0.0012257070358227841 0.00041425915687738889 0.00064542411307396969 -0.0031347850176769794
leaf_weight=204 20 132 35 20 20 21
leaf_count=204 20 132 35 20 20 21
internal_value=-0.000163428 9.64629e-05 0.00078125 -0.000196759 -0.000353403 0
internal_weight=452 248 76 172 152 41
internal_count=452 248 76 172 152 41
is_linear=0
shrinkage=0.01


Tree=182
num_leaves=8
num_cat=0
split_feature=19 26 13 2 50 30 26
split_gain=0.376029 1.05477 0.233757 0.360103 0.079622 0.0519018 0.0939964
threshold=130.56500000000003 2.2571428545000005 0.59386237500000016 0.22388821400000003 9.8500000200000013 2.4428571380000004 2.2642857260000002
decision_type=2 2 2 2 2 2 2
left_child=2 -2 3 -1 -4 -6 -7
right_child=1 -3 4 -5 5 6 -8
leaf_value=-0.015589714875129659 -0.0028772945045531196 0.0008893763953079488 1.0217181890540577e-05 0.0047220912803491643 -0.0031894729284563683 -0.0019624193563696525 0.00019311801972912213
leaf_weight=24 43 26 35 20 286 36 20
leaf_count=24 43 26 35 20 286 36 20
internal_value=-0.000189487 0.000479943 -0.000304647 0.000357143 -0.000387771 -0.000434656 -0.000105634
internal_weight=490 69 421 44 377 342 56
internal_count=490 69 421 44 377 342 56
is_linear=0
shrinkage=0.01


Tree=183
num_leaves=8
num_cat=0
split_feature=96 42 17 28 10 96 17
split_gain=0.774357 0.575729 0.228873 0.42965 0.260994 0.124653 0.199105
threshold=131.19284590000004 6.3000000010000008 0.62259057150000008 4.1285714930000008 0.7122327140000001 99.192172740000018 0.66254657150000018
decision_type=2 2 2 2 2 2 2
left_child=2 -2 -1 4 5 6 -4
right_child=1 -3 3 -5 -6 -7 -8
leaf_value=-0.0067164466160197916 0.00026490807966690947 0.00013884265945619218 -0.0011968862264789919 0.0055010851029147932 0.00054561363642751715 -0.00083877025875762304 0.00025433882231574003
leaf_weight=205 26 34 27 20 20 120 20
leaf_count=205 26 34 27 20 20 120 20
internal_value=-9.30627e-05 0.000953947 -0.000251938 -7.2186e-06 -0.000167732 -0.000306913 9.41421e-05
internal_weight=472 60 412 207 187 167 47
internal_count=472 60 412 207 187 167 47
is_linear=0
shrinkage=0.01


Tree=184
num_leaves=9
num_cat=0
split_feature=51 98 18 50 0 28 18 0
split_gain=0.819245 0.599896 0.534082 0.60798 0.170852 0.0540405 0.0908624 0.0249217
threshold=60.650000690000006 24.358773140000004 0.63515595200000019 11.200000220000002 0.12457735400000002 4.1071428060000015 0.57402792850000017 0.12761261450000003
decision_type=2 10 2 2 2 2 2 2
left_child=1 5 7 -4 -5 -1 -7 -3
right_child=-2 2 3 4 -6 6 -8 -9
leaf_value=-0.0016972023030461091 0.0020139711868795013 -0.0017647025795610209 0.0031302553483887581 -0.00093792137466642113 0.0039236536196244213 -0.012386959123944958 0.0013056965228056172 -9.1865727591174812e-05
leaf_weight=264 20 37 24 20 20 34 20 20
leaf_count=264 20 37 24 20 20 34 20 20
internal_value=-0.000103306 -0.000198954 0.000389983 0.00101852 0.000196078 -0.000429737 -9.1241e-05 -0.000285467
internal_weight=459 439 121 64 40 318 54 57
internal_count=459 439 121 64 40 318 54 57
is_linear=0
shrinkage=0.01


Tree=185
num_leaves=7
num_cat=0
split_feature=17 19 35 23 14 41
split_gain=0.864051 0.847318 0.599488 0.328659 0.441853 0.175988
threshold=0.62259057150000008 140.19000000000003 4.2714286360000004 1.7714285465000004 0.69640939300000004 9.2000001220000023
decision_type=2 2 2 2 2 2
left_child=-1 2 3 4 -2 -6
right_child=1 -3 -4 -5 5 -7
leaf_value=-0.0047255759840423321 0.0015177090505201823 0.00056603615696554485 6.6436129202890871e-05 -0.0013863031260444878 0.002928717197373022 -0.0014683872785684685
leaf_weight=206 31 32 21 89 26 46
leaf_count=206 31 32 21 89 26 46
internal_value=-7.74691e-06 0.000388527 0.000147334 -2.0747e-05 0.000351638 -5.49452e-05
internal_weight=451 245 213 192 103 72
internal_count=451 245 213 192 103 72
is_linear=0
shrinkage=0.01


Tree=186
num_leaves=5
num_cat=0
split_feature=50 49 13 18
split_gain=0.436166 0.751516 0.225921 0.170025
threshold=11.099999805000001 9.1999999920000022 0.59386237500000016 0.59664671450000006
decision_type=2 2 2 2
left_child=1 -1 -2 -3
right_child=2 3 -4 -5
leaf_value=0.0003201362387006196 0.0017840934070954518 -0.0040027559620800894 -0.0014566818769321931 9.9839268457713481e-06
leaf_weight=32 33 64 306 30
leaf_count=32 33 64 306 30
internal_value=-0.000215758 0.000276025 -0.00040465 -0.000158228
internal_weight=465 126 339 94
internal_count=465 126 339 94
is_linear=0
shrinkage=0.01


Tree=187
num_leaves=6
num_cat=0
split_feature=18 96 22 17 30
split_gain=1.1843 0.729628 0.426726 0.221417 0.0428848
threshold=0.63328252850000011 131.48502525000004 1.8142857255000002 0.72302271450000011 1.9785714320000001
decision_type=2 2 2 2 2
left_child=4 2 3 -2 -1
right_child=1 -3 -4 -5 -6
leaf_value=-0.0015028621867675196 -0.00062911535092982727 0.0011600898638239974 0.0042501088898394268 0.00078457082445508423 -0.0025254555623131785
leaf_weight=21 58 31 25 37 298
leaf_count=21 58 31 25 37 298
internal_value=-0.000112574 0.000609354 0.000231788 -5.74114e-05 -0.000461226
internal_weight=470 151 120 95 319
internal_count=470 151 120 95 319
is_linear=0
shrinkage=0.01


Tree=188
num_leaves=7
num_cat=0
split_feature=19 50 40 30 22 65
split_gain=0.468636 0.891089 0.306762 0.149794 0.207513 0.121822
threshold=154.51500000000001 16.499999810000002 2.3500000235000003 2.4285714205000004 1.7857142985000001 34.214999675000008
decision_type=2 2 2 2 2 2
left_child=2 -2 3 5 -5 -1
right_child=1 -3 -4 4 -6 -7
leaf_value=-7.0098218298110939e-06 0.0006595784270802496 -0.0014253753512119577 4.3650245410863191e-05 -0.0016696533091418481 0.002552742918148795 -0.002833016467170837
leaf_weight=28 20 26 20 37 33 332
leaf_count=28 20 26 20 37 33 332
internal_value=-0.000193237 0.000747863 -0.000295031 -0.000355153 4.23728e-05 -0.000437916
internal_weight=496 46 450 430 70 360
internal_count=496 46 450 430 70 360
is_linear=0
shrinkage=0.01


Tree=189
num_leaves=8
num_cat=0
split_feature=63 16 19 14 19 0 7
split_gain=1.01898 0.370966 0.487482 0.34672 0.119362 0.0435835 0.0379418
threshold=0.64499998050000007 0.6776522140000002 154.51500000000001 0.69640939300000004 110.87500000000001 0.29139645800000008 0.49109864250000007
decision_type=2 2 2 2 2 2 2
left_child=-1 5 3 -3 6 -2 -5
right_child=1 2 -4 4 -6 -7 -8
leaf_value=0.0016523600867692479 -0.005288039642330212 0.0033203499636895342 0.00061290447254063764 -0.00048368461086482521 0.00025942736247958732 -0.0043063340611439486 -0.00096547128182891369
leaf_weight=23 209 36 24 20 20 20 101
leaf_count=23 209 36 24 20 20 20 101
internal_value=-5.39887e-05 -0.000169452 0.000136273 -3.6558e-05 -0.000271509 -0.00044604 -0.000398194
internal_weight=453 430 201 177 141 229 121
internal_count=453 430 201 177 141 229 121
is_linear=0
shrinkage=0.01


Tree=190
num_leaves=7
num_cat=0
split_feature=63 17 50 13 22 10
split_gain=0.461767 0.330544 0.50853 0.294635 0.0770352 0.0446307
threshold=0.55999994300000011 0.68161828600000007 11.149999985000003 0.68847540000000007 1.9571428385000003 0.48367490500000004
decision_type=2 2 2 2 2 2
left_child=-1 4 -3 -4 5 -2
right_child=1 2 3 -5 -6 -7
leaf_value=0.0018151933014014516 -0.0043335393130976251 0.0019338266446341523 0.0030768361934729034 -0.00077728691231944023 -0.0001072555453265725 -0.0037386929262248933
leaf_weight=21 20 32 20 73 38 254
leaf_count=21 20 32 20 73 38 254
internal_value=-0.000146033 -0.00022042 0.000202703 -0.000154584 -0.00039642 -0.000454876
internal_weight=458 437 125 93 312 274
internal_count=458 437 125 93 312 274
is_linear=0
shrinkage=0.01


Tree=191
num_leaves=8
num_cat=0
split_feature=60 43 35 12 27 54 12
split_gain=0.436719 0.849266 0.277379 0.45749 0.0812905 0.0401432 0.0261223
threshold=2.1300001145000005 14.700000065000003 4.0642857380000015 0.62654670400000012 4.0285714180000012 0.99999999650000004 0.70968492850000009
decision_type=2 2 2 2 2 2 2
left_child=1 -1 5 -4 -3 -2 -5
right_child=2 4 3 6 -6 -7 -8
leaf_value=0.00061214040096379326 -0.0015598202712350647 -0.00027648760723154262 0.0030623783959491889 -0.00037935279950589498 -0.00089884740351196997 -0.002591602307331835 9.3167053305470712e-05
leaf_weight=21 22 22 27 40 35 281 20
leaf_count=21 22 22 27 40 35 281 20
internal_value=-0.000174915 0.000494924 -0.000314739 0.000165148 -0.000112457 -0.000459184 -0.000296053
internal_weight=468 78 390 87 57 303 60
internal_count=468 78 390 87 57 303 60
is_linear=0
shrinkage=0.01


Tree=192
num_leaves=9
num_cat=0
split_feature=98 65 77 18 17 42 12 2
split_gain=0.707128 0.89632 0.979306 0.384116 0.209784 0.394264 0.114095 0.0226349
threshold=25.572599765000003 40.509999750000006 -1.1435714374999997 0.65407409500000013 0.69515511900000015 5.899999857000001 0.57757257100000003 0.29011351200000007
decision_type=10 2 2 2 2 2 2 2
left_child=4 2 3 -2 6 -6 -1 -7
right_child=1 -3 -4 -5 5 7 -8 -9
leaf_value=-0.0036520046964176284 -0.0017778728629659543 -0.0018193289035140908 0.0017664176935174927 0.0052213472427652995 0.0043372972827574923 -0.0003889517289700162 -0.0027043521412020055 -0.0013025174768005901
leaf_weight=29 23 46 21 26 20 20 253 32
leaf_count=29 23 46 21 26 20 20 253 32
internal_value=-7.00936e-05 0.000599315 0.00131356 0.000471887 -0.000295941 0.000164835 -0.000420792 -0.000265152
internal_weight=470 116 70 49 354 72 282 52
internal_count=470 116 70 49 354 72 282 52
is_linear=0
shrinkage=0.01


Tree=193
num_leaves=7
num_cat=0
split_feature=60 50 8 38 18 19
split_gain=0.609001 0.693764 0.237647 0.225409 0.275888 0.130205
threshold=2.1700005530000004 11.200000015000002 0.57582796400000014 6.0857143060000007 0.63328252850000011 104.84500000000001
decision_type=2 2 2 2 2 2
left_child=1 -1 -3 -2 5 -5
right_child=3 2 -4 4 -6 -7
leaf_value=0.0024557997381440188 -0.0023874876156093228 0.0038525255288236692 -0.00097624083709221647 -0.0015584816263463966 0.0043412000027134865 0.0004412382978678982
leaf_weight=28 252 20 41 77 39 20
leaf_count=28 252 20 41 77 39 20
internal_value=-0.00013918 0.000595768 0 -0.000313786 0 -0.000270961
internal_weight=477 89 61 388 136 97
internal_count=477 89 61 388 136 97
is_linear=0
shrinkage=0.01


Tree=194
num_leaves=8
num_cat=0
split_feature=96 18 30 55 13 44 31
split_gain=0.952338 0.515992 0.160429 0.296177 0.145665 0.0662934 0.0799496
threshold=131.19284590000004 0.67072771450000013 2.4285714375 4.9999999290000012 0.75505309150000011 12.250000030000001 2.9214285525000006
decision_type=2 2 2 2 2 2 2
left_child=2 -2 4 -4 5 -1 -7
right_child=1 -3 3 -5 -6 6 -8
leaf_value=-0.0031514828179855479 0.00096955232726535115 -0.00098060965640572612 0.0068320798271332105 -0.0028222693812226039 0.00064534871686290683 0.0001894259533179457 -0.000416795070156316
leaf_weight=292 32 23 25 32 20 20 28
leaf_count=292 32 23 25 32 20 20 28
internal_value=-0.000135364 0.00108423 -0.000302777 0.00016436 -0.000382483 -0.000434272 -4.09837e-05
internal_weight=472 55 417 57 360 340 48
internal_count=472 55 417 57 360 340 48
is_linear=0
shrinkage=0.01


Tree=195
num_leaves=7
num_cat=0
split_feature=50 79 13 57 7 30
split_gain=0.526604 1.5903 0.124042 0.108126 0.0960055 0.0446885
threshold=11.200000095000002 6.0285714735000004 0.76167340000000017 1.5000000150000001 0.41948735750000005 2.6285714420000006
decision_type=2 2 2 2 2 2
left_child=1 -1 4 -3 -2 -6
right_child=2 3 -4 -5 5 -7
leaf_value=0.00040857659315583203 2.1236778008568714e-05 -8.3350624464615309e-06 0.00040187469141707218 -0.0031290597437857799 -0.0019427874739161033 -0.0010252172342305654
leaf_weight=36 31 23 21 71 257 20
leaf_count=36 31 23 21 71 257 20
internal_value=-0.000125054 0.000405199 -0.000341116 -0.000263713 -0.000395078 -0.000455364
internal_weight=459 130 329 94 308 277
internal_count=459 130 329 94 308 277
is_linear=0
shrinkage=0.01


Tree=196
num_leaves=9
num_cat=0
split_feature=21 11 16 13 29 24 41 0
split_gain=0.420038 0.286737 0.260825 0.489367 0.453157 0.128698 0.166362 0.0296969
threshold=2.2714285595000008 0.5549890715000001 0.70662519050000017 0.70467730000000006 3.7357142655000004 1.8500000070000002 7.5999999900000006 0.11824513000000002
decision_type=2 2 2 2 2 2 2 2
left_child=-1 -2 5 -4 7 -3 -7 -5
right_child=1 2 3 4 -6 6 -8 -9
leaf_value=-0.0034833510562470799 0.0049787210094632897 -0.0018410803936488071 2.4002423918370416e-05 -0.00032565396944817595 0.0035655955643116885 0.00097646877755348815 -0.0015277142588609488 -0.00041798022554545767
leaf_weight=180 31 98 21 20 20 21 22 51
leaf_count=180 31 98 21 20 20 21 22 51
internal_value=-0.000107573 0.000126404 5.91005e-06 0.00037234 2.7233e-05 -0.000271509 0.000148402 -0.000327298
internal_weight=464 284 253 112 91 141 43 71
internal_count=464 284 253 112 91 141 43 71
is_linear=0
shrinkage=0.01


Tree=197
num_leaves=8
num_cat=0
split_feature=96 15 18 50 13 84 6
split_gain=0.712835 0.831258 0.43735 0.618731 0.0983332 0.0693886 0.0757048
threshold=131.48502525000004 0.72553692850000007 0.65407409500000013 11.200000015000002 0.68480663750000015 15.022857120000003 0.44363492850000003
decision_type=2 2 2 2 2 2 2
left_child=2 -2 5 -4 -5 6 -1
right_child=1 -3 3 4 -6 -7 -8
leaf_value=0.00015820625365599861 0.0028092720823537417 -0.00095062935280050835 0.002580995959541128 5.3070675866742411e-06 -0.00085306807131210044 -0.0041927685149679506 -0.002695159461307176
leaf_weight=20 23 29 27 21 44 266 26
leaf_count=20 23 29 27 21 44 266 26
internal_value=-0.000100701 0.000984848 -0.000247036 0.000344827 -0.000159575 -0.000428389 -2.13676e-05
internal_weight=456 52 404 92 65 312 46
internal_count=456 52 404 92 65 312 46
is_linear=0
shrinkage=0.01


Tree=198
num_leaves=6
num_cat=0
split_feature=67 35 2 98 5
split_gain=0.268827 0.197562 0.236485 0.0917906 0.0456678
threshold=20.080000875000003 4.1999999630000007 0.31432811900000007 27.836040485000002 0.52202473800000015
decision_type=2 2 2 10 2
left_child=-1 3 -3 4 -2
right_child=1 2 -4 -5 -6
leaf_value=0.00040911705920694454 -0.0018430455184640254 0.0029635094567792269 -0.0035083922743084878 0.00048555817245695467 -0.0046715987656519324
leaf_weight=36 320 27 26 34 20
leaf_count=36 320 27 26 34 20
internal_value=-0.000257654 -0.000330762 0.000213755 -0.000413554 -0.000463615
internal_weight=463 427 53 374 340
internal_count=463 427 53 374 340
is_linear=0
shrinkage=0.01


Tree=199
num_leaves=8
num_cat=0
split_feature=82 97 27 35 15 76 1
split_gain=0.408519 0.31559 0.399247 0.169438 0.118514 0.0862346 0.0377424
threshold=6.6328572025000012 28.987920785000004 4.1928571635000011 3.4785713980000006 0.7510027855000001 95.604997635000018 0.31891319050000005
decision_type=2 10 2 2 2 2 2
left_child=1 2 3 -1 6 -2 -5
right_child=5 -3 -4 4 -6 -7 -8
leaf_value=5.6854441539401519e-05 -0.005964948595046338 0.0029617902148152161 0.00067551915226329591 -0.00041553399473170482 0.0052502625150011896 -0.00098140325876281765 -0.0024670207487329115
leaf_weight=25 225 20 20 99 20 38 20
leaf_count=25 225 20 20 99 20 38 20
internal_value=-0.000152843 0.000175781 3.24674e-05 -0.000121359 -0.00026824 -0.000415087 -0.000396494
internal_weight=467 204 184 164 139 263 119
internal_count=467 204 184 164 139 263 119
is_linear=0
shrinkage=0.01


Tree=200
num_leaves=8
num_cat=0
split_feature=96 11 17 86 5 5 35
split_gain=0.598593 0.669888 0.282481 0.210865 0.156778 0.0615385 0.045779
threshold=131.19284590000004 0.62959114300000019 0.73236200000000007 12.567857300000002 0.52691861950000007 0.44774035750000002 4.3071428705000008
decision_type=2 2 2 2 2 2 2
left_child=2 -2 3 -1 6 -3 -5
right_child=1 5 -4 4 -6 -7 -8
leaf_value=0.00028990069219787389 0.0016427429161565334 -0.00093225848167827229 0.0050770838705302039 -0.0028944046931777285 5.9468142692529966e-05 0.00022856015068074094 -1.60571647031074e-05
leaf_weight=30 21 20 21 329 20 20 20
leaf_count=30 21 20 21 329 20 20 20
internal_value=-0.000142175 0.000768608 -0.000280418 -0.000343922 -0.000412385 0 -0.000464551
internal_weight=481 61 420 399 369 40 349
internal_count=481 61 420 399 369 40 349
is_linear=0
shrinkage=0.01


Tree=201
num_leaves=9
num_cat=0
split_feature=55 4 55 4 30 97 3 3
split_gain=0.539682 1.13098 0.254173 0.328281 0.0818176 0.0647918 0.0799496 0.0173151
threshold=5.7000000775000013 0.36167550000000009 0.70000001050000005 0.40062125000000004 2.5999999810000003 31.069656745000007 0.31997146450000008 0.30079107150000006
decision_type=2 2 2 2 2 8 2 2
left_child=2 7 3 -1 5 -4 -7 -2
right_child=1 -3 4 -5 -6 6 -8 -9
leaf_value=0.00019487690383447666 -0.0036061476701283656 0.00031170509616881175 -0.0011990492394197995 -0.0049693680488877194 -0.00067017504156918555 -0.0076703514089669269 0.00011339950590689041 -0.00038358967776439202
leaf_weight=20 23 22 260 20 33 28 20 20
leaf_count=20 23 22 260 20 33 28 20 20
internal_value=-0.000136527 0.000691489 -0.00028418 0.000441176 -0.000375951 -0.000427461 -4.09837e-05 -0.000216895
internal_weight=446 65 381 40 341 308 48 43
internal_count=446 65 381 40 341 308 48 43
is_linear=0
shrinkage=0.01


Tree=202
num_leaves=8
num_cat=0
split_feature=98 24 26 97 54 6 9
split_gain=0.700627 0.566365 0.311644 0.432852 0.137219 0.216569 0.0278899
threshold=23.925738300000003 1.7142857270000003 2.2428571540000006 26.399380485000005 0.99999999650000004 0.44363492850000003 0.66459075000000012
decision_type=10 2 2 10 2 2 2
left_child=4 2 6 -4 5 -1 -2
right_child=1 -3 3 -5 -6 -7 -8
leaf_value=0.00032186286742462862 -0.00092390072294253197 0.0022380867696373116 0.00067944759169317917 -0.00098612418082319334 -0.0055863598479372056 -0.00030501245280494758 -0.00085540255998579624
leaf_weight=35 45 31 20 26 240 48 20
leaf_count=35 45 31 20 26 240 48 20
internal_value=-0.000108416 0.000469188 0.000111807 0.000747863 -0.000369055 0 -0.00031155
internal_weight=465 142 111 46 323 83 65
internal_count=465 142 111 46 323 83 65
is_linear=0
shrinkage=0.01


Tree=203
num_leaves=8
num_cat=0
split_feature=17 66 48 16 4 3 9
split_gain=0.605255 0.443987 0.418481 0.555589 0.179761 0.749476 0.0639114
threshold=0.63485078600000011 28.459999560000004 3.9000000060000004 0.71081719050000014 0.33777235700000008 0.29333092850000003 0.63290000000000013
decision_type=2 2 2 2 2 2 2
left_child=-1 4 3 -3 5 -2 -4
right_child=1 2 6 -5 -6 -7 -8
leaf_value=-0.0050414223045945729 -0.0026235687741703313 0.0052200719678857956 9.1729793093275341e-05 0.00022866089702972884 -0.00018258146097639371 0.0038245506325673435 -0.00061480573002172033
leaf_weight=244 45 27 20 26 75 20 21
leaf_count=244 45 27 20 26 75 20 21
internal_value=-0.000139933 0.000217206 0.000748945 0.001329 -0.000127841 0.000235562 0
internal_weight=478 234 94 53 140 65 41
internal_count=478 234 94 53 140 65 41
is_linear=0
shrinkage=0.01


Tree=204
num_leaves=6
num_cat=0
split_feature=18 50 36 30 48
split_gain=0.572154 0.562265 0.474479 0.0425942 0.0354589
threshold=0.62823992900000014 10.900000145000002 4.7499999830000013 1.9999999915000002 4.9000000060000009
decision_type=2 2 2 2 2
left_child=3 -2 4 -1 -3
right_child=1 2 -4 -5 -6
leaf_value=-0.001263769795229998 0.00039152291175432834 -0.00092392363285508452 0.0034506631093017513 -0.0029979304941599267 -0.00097427694188339359
leaf_weight=21 36 80 31 279 20
leaf_count=21 36 80 31 279 20
internal_value=-0.000195597 0.000265197 -2.65555e-05 -0.000458777 -0.000376984
internal_weight=467 167 131 300 100
internal_count=467 167 131 300 100
is_linear=0
shrinkage=0.01


Tree=205
num_leaves=6
num_cat=0
split_feature=30 43 65 50 9
split_gain=0.258227 0.525282 0.106672 0.117566 0.0288315
threshold=2.4214285700000002 14.700000065000003 34.214999675000008 9.8000003285000012 0.66479630850000004
decision_type=2 2 2 2 2
left_child=2 -2 -1 -4 -3
right_child=1 4 3 -5 -6
leaf_value=0.0028481060851653088 0.0021658111567037083 -0.0014766547053647184 1.9804438405140284e-05 -0.0024349919530976798 -0.00041991346672392351
leaf_weight=27 34 48 29 323 20
leaf_count=27 34 48 29 323 20
internal_value=-0.000266708 0.00016537 -0.000388362 -0.000436508 -0.000319768
internal_weight=481 102 379 352 68
internal_count=481 102 379 352 68
is_linear=0
shrinkage=0.01


Tree=206
num_leaves=9
num_cat=0
split_feature=18 42 82 22 24 72 0 0
split_gain=0.356146 0.417833 0.350403 0.176395 0.157794 0.152618 0.204714 0.0158575
threshold=0.62823992900000014 5.899999857000001 6.4257143015000011 1.9571428385000003 1.8928571385000001 78.444999695000021 0.12681091700000002 0.095361611500000013
decision_type=2 2 2 2 2 2 2 2
left_child=3 2 -2 -1 -5 -3 7 -7
right_child=1 5 -4 4 -6 6 -8 -9
leaf_value=-0.0028279240834906344 0.0032941344958461439 -0.00035445731655558445 0.00038842935095971477 0.00063014300011398033 -0.00652488771388458 1.5501305838163669e-05 0.0026377678905606704 -0.00039432188034012111
leaf_weight=260 25 64 20 21 20 20 27 21
leaf_count=260 25 64 20 21 20 20 27 21
internal_value=-0.000181704 0.000165917 0.00099345 -0.000392644 0.000179426 -0.000105422 0.000203488 -0.000203349
internal_weight=478 177 45 301 41 132 68 41
internal_count=478 177 45 301 41 132 68 41
is_linear=0
shrinkage=0.01


Tree=207
num_leaves=7
num_cat=0
split_feature=96 27 12 7 56 30
split_gain=0.288105 0.503207 0.149468 0.0923297 0.040554 0.0431429
threshold=131.83848035000003 4.0499999865000005 0.74167728600000016 0.40947400000000006 0.25000000350000007 2.6857142875000002
decision_type=2 2 2 2 2 2
left_child=2 -2 3 -1 -5 -6
right_child=1 -3 -4 4 5 -7
leaf_value=0.0018326491501220077 -6.044450901813679e-05 0.0014141733222167595 0.00056258716237666184 -4.459088730868574e-05 -0.0019157114399409299 -0.00097875425434358946
leaf_weight=31 27 23 38 20 317 21
leaf_count=31 27 23 38 20 317 21
internal_value=-0.000243826 0.000452756 -0.000330762 -0.000391226 -0.00043757 -0.0004634
internal_weight=477 50 427 389 358 338
internal_count=477 50 427 389 358 338
is_linear=0
shrinkage=0.01


Tree=208
num_leaves=7
num_cat=0
split_feature=44 52 98 49 59 10
split_gain=0.39289 0.553544 0.293941 0.314148 0.110742 0.0454965
threshold=12.250000030000001 8.8999997155000035 27.836040485000002 3.1000000685000004 2.1349997525000002 0.49696047150000006
decision_type=2 2 10 2 2 2
left_child=2 -2 3 -1 5 -5
right_child=1 -3 -4 4 -6 -7
leaf_value=0.00031451105641962083 0.00032973558466336178 -0.0030130236528659671 0.0030176031068740472 -0.0085275918864947207 -2.4686424897848178e-06 -0.00096208908645600767
leaf_weight=21 35 28 20 20 28 307
leaf_count=21 35 28 20 20 28 307
internal_value=-0.000146803 0.0005721 -0.000267137 -0.000334395 -0.000408938 -0.000462172
internal_weight=459 63 396 376 355 327
internal_count=459 63 396 376 355 327
is_linear=0
shrinkage=0.01


Tree=209
num_leaves=7
num_cat=0
split_feature=96 87 44 65 15 65
split_gain=0.507497 0.250965 0.1624 0.287338 0.155349 0.0455101
threshold=131.19284590000004 8.6035713810000018 12.250000030000001 40.065000535000003 0.75159535700000013 34.105000495000006
decision_type=2 2 2 2 2 2
left_child=2 -2 4 -4 5 -1
right_child=1 -3 3 -5 -6 -7
leaf_value=0.00010998205720767263 0.00078668730100393423 -0.0009835076162814072 0.00020177668829935878 -0.0025804709443625969 0.005070731764229044 -0.0020040769326232105
leaf_weight=20 33 25 26 34 20 308
leaf_count=20 33 25 26 34 20 308
internal_value=-0.000194944 0.000663265 -0.000322896 0.000131579 -0.00040711 -0.000462287
internal_weight=466 58 408 60 348 328
internal_count=466 58 408 60 348 328
is_linear=0
shrinkage=0.01


Tree=210
num_leaves=8
num_cat=0
split_feature=53 6 88 11 36 3 18
split_gain=0.426175 0.357629 1.18531 0.374852 0.233521 0.20106 0.132185
threshold=0.60000001650000001 0.51656864300000016 12.593571390000003 0.59088350000000012 4.7499999830000013 0.33904378550000008 0.68323078550000005
decision_type=2 2 2 2 2 2 2
left_child=4 3 -3 -2 -1 -6 -5
right_child=1 2 -4 6 5 -7 -8
leaf_value=-0.0047814403181068573 0.0052458848036230597 -0.00037666374865868638 0.000782348473512407 -0.0010628222635291756 0.00012935713295778113 -0.0033999387387390013 0.0038074570959444006
leaf_weight=252 23 24 20 81 29 24 20
leaf_count=252 23 24 20 81 29 24 20
internal_value=-0.000136134 0.000260663 0.00102679 -1.18445e-10 -0.000361347 0.000213755 -0.000279961
internal_weight=473 168 44 124 305 53 101
internal_count=473 168 44 124 305 53 101
is_linear=0
shrinkage=0.01


Tree=211
num_leaves=9
num_cat=0
split_feature=19 26 18 98 27 5 3 7
split_gain=0.662729 0.56792 0.342656 0.181039 0.179522 0.232698 0.324672 0.0342222
threshold=154.51500000000001 2.2428571415000005 0.70722607100000012 27.836040485000002 4.0499999865000005 0.41381985700000007 0.35424183300000006 0.44188500000000003
decision_type=2 2 2 10 2 2 2 2
left_child=2 -2 3 4 -1 7 -7 -6
right_child=1 -3 -4 -5 5 6 -8 -9
leaf_value=-0.0019769248298493673 -0.0010654099008038577 0.00065521702077152104 0.0038773427301211816 0.0017696405938345816 -0.0020942332849389913 0.00021042698443712903 -0.0023499770997162149 -0.0015520328136664067
leaf_weight=232 21 20 27 28 20 38 25 72
leaf_count=232 21 20 27 28 20 38 25 72
internal_value=-6.09757e-05 0.00113636 -0.00017841 -0.000253728 -0.000313306 -3.53018e-05 0.00041536 -0.000366379
internal_weight=483 41 442 415 387 155 63 92
internal_count=483 41 442 415 387 155 63 92
is_linear=0
shrinkage=0.01


Tree=212
num_leaves=8
num_cat=0
split_feature=17 76 23 50 30 4 97
split_gain=0.445548 0.488235 0.679475 0.605739 0.226505 0.0996547 0.0407019
threshold=0.62259057150000008 87.505001065000002 1.7714285465000004 11.200000170000001 2.2285714235000005 0.35124811900000003 17.039911375000006
decision_type=2 2 2 2 2 2 10
left_child=6 3 -3 -2 5 -4 -1
right_child=1 2 4 -5 -6 -7 -8
leaf_value=-0.010128620020276436 0.0036557788695987105 0.0023696195646161632 5.8843547235546549e-05 -0.0011936853949825654 0.001627989757935003 -0.00043557172052939753 -0.0074015332162470152
leaf_weight=21 20 26 20 127 35 40 195
leaf_count=21 20 26 20 127 35 40 195
internal_value=-0.000103135 0.00016369 0.000636289 -0.000213126 0.000213987 -0.000131579 -0.000442805
internal_weight=484 268 121 147 95 60 216
internal_count=484 268 121 147 95 60 216
is_linear=0
shrinkage=0.01


Tree=213
num_leaves=8
num_cat=0
split_feature=16 13 55 6 10 53 0
split_gain=0.367694 0.78278 0.293344 0.170263 0.533724 0.088274 0.0278899
threshold=0.66486142900000011 0.68397857150000008 1.2000000405000002 0.47784657150000004 0.66748757100000011 0.75000000750000007 0.11422
decision_type=2 2 2 2 2 2 2
left_child=5 2 -2 -3 -5 -1 -6
right_child=1 3 -4 4 6 -7 -8
leaf_value=-0.0072610542581484465 0.0026524638328156076 -0.0012499137386224044 0.0023108608666649912 8.6807140627190324e-05 -0.00019936287350806215 -0.00056270777411051231 -0.0008836050850632546
leaf_weight=191 21 83 28 25 20 36 45
leaf_count=191 21 83 28 25 20 36 45
internal_value=-0.000116719 0.000166068 0.0012751 -0.000140967 0.000143172 -0.000401668 -0.00031155
internal_weight=449 222 49 173 90 227 65
internal_count=449 222 49 173 90 227 65
is_linear=0
shrinkage=0.01


Tree=214
num_leaves=6
num_cat=0
split_feature=36 6 41 17 65
split_gain=0.326532 0.632866 0.809124 0.324796 0.114976
threshold=3.8357142890000007 0.51656864300000016 9.3000000865000008 0.71796154300000004 34.214999675000008
decision_type=2 2 2 2 2
left_child=1 3 -3 -1 -2
right_child=4 2 -4 -5 -6
leaf_value=-0.001105536823003273 0.0023338313091070284 0.00058946460739149923 -0.0010044453513560992 0.0056469995948243814 -0.0020966495119587422
leaf_weight=108 29 29 20 20 268
leaf_count=108 29 29 20 20 268
internal_value=-0.000221146 0.000109674 0.0010743 -0.000248447 -0.000424782
internal_weight=474 177 49 128 297
internal_count=474 177 49 128 297
is_linear=0
shrinkage=0.01


Tree=215
num_leaves=9
num_cat=0
split_feature=98 74 49 11 12 18 5 14
split_gain=0.498958 0.663202 0.637927 0.239805 0.367199 0.112937 0.0382285 0.0444495
threshold=24.358773140000004 41.675000665000006 9.2000000295000017 0.5549890715000001 0.51054414250000002 0.67333542850000005 0.52202473800000015 0.74047035700000008
decision_type=10 2 2 2 2 2 2 2
left_child=3 5 -3 4 -1 -2 7 -5
right_child=1 2 -4 6 -6 -7 -8 -9
leaf_value=-0.0096491711280582045 -0.001423908772879243 0.0022790571329923143 -3.1777851174329675e-07 -0.0011966565105284664 0.0040998951706456557 0.0036133165805784452 -0.00036468045060007894 0.00019433760724801407
leaf_weight=25 52 27 29 245 20 20 20 20
leaf_count=25 52 27 29 245 20 20 20 20
internal_value=-0.000102441 0.000419255 0.00123239 -0.000311367 0.000338428 -0.000192308 -0.000421624 -0.000453349
internal_weight=458 128 56 330 45 72 285 265
internal_count=458 128 56 330 45 72 285 265
is_linear=0
shrinkage=0.01


Tree=216
num_leaves=8
num_cat=0
split_feature=18 43 36 13 72 72 6
split_gain=0.721565 0.394502 0.545679 0.37695 0.0853392 0.266478 0.0319177
threshold=0.63515595200000019 14.299999920000003 4.7499999830000013 0.73233901650000011 79.940000060000003 79.620000840000017 0.47193557150000004
decision_type=2 2 2 2 2 2 2
left_child=4 2 6 -3 5 -1 -2
right_child=1 3 -4 -5 -6 -7 -8
leaf_value=-0.0012399862715029846 -0.0032092019498328643 0.0071959556204293116 0.0029942856073841805 8.6983050295895531e-05 -0.003672234342535829 0.00027202385233648512 0.00010653649816583788
leaf_weight=54 60 21 35 24 241 20 20
leaf_count=54 60 21 35 24 241 20 20
internal_value=-0.000116646 0.000422885 9.06735e-05 0.00121179 -0.000397404 -6.6845e-05 -0.000346535
internal_weight=475 160 115 45 315 74 80
internal_count=475 160 115 45 315 74 80
is_linear=0
shrinkage=0.01


Tree=217
num_leaves=9
num_cat=0
split_feature=98 24 7 17 11 2 63 97
split_gain=0.663484 0.953369 0.372482 0.287056 0.240767 0.344926 0.136009 0.0444908
threshold=24.358773140000004 1.7142857270000003 0.59336904800000012 0.70856535700000012 0.5549890715000001 0.23339242850000003 0.64499998050000007 14.833820210000001
decision_type=10 2 2 2 2 2 2 10
left_child=4 2 3 -2 5 -1 -6 -8
right_child=1 -3 -4 -5 6 -7 7 -9
leaf_value=-0.012634720886700259 -0.0003242093721703019 0.0024757903596487351 0.00028728723269403115 0.0054824368768660444 1.1724949144187091e-05 0.0040268525373755235 -0.0052735196791116662 -0.0013608546259377241
leaf_weight=22 67 23 20 20 22 20 20 247
leaf_count=22 67 23 20 20 22 20 20 247
internal_value=-4.00608e-05 0.000558104 0.000134508 -0.00013098 -0.000281796 0.000397196 -0.000388199 -0.000453697
internal_weight=461 130 107 87 331 42 289 267
internal_count=461 130 107 87 331 42 289 267
is_linear=0
shrinkage=0.01


Tree=218
num_leaves=6
num_cat=1
split_feature=99 26 13 54 5
split_gain=0.369336 0.696555 0.189022 0.165603 0.129475
threshold=0 2.3642857245000006 0.59386237500000016 12.350000070000002 0.42707578600000007
decision_type=1 2 2 2 2
left_child=1 4 -2 -4 -1
right_child=2 -3 3 -5 -6
leaf_value=-0.0035360767238975009 0.0010205765917288339 0.00099651903437446071 -0.0011280926829345254 0.00068876770096019057 6.589575646361586e-06
leaf_weight=48 34 25 306 20 33
leaf_count=48 34 25 306 20 33
internal_value=-0.000194944 0.000299657 -0.0003452 -0.000431457 -0.000103912
internal_weight=466 106 360 326 81
internal_count=466 106 360 326 81
cat_boundaries=0 1
cat_threshold=673449088
is_linear=0
shrinkage=0.01


Tree=219
num_leaves=8
num_cat=0
split_feature=56 50 13 63 19 44 7
split_gain=0.464151 0.961541 0.266478 0.199216 0.38051 0.141881 0.150233
threshold=10.100000220000002 11.200000170000001 0.68914996500000014 0.76999998100000011 69.90000000000002 16.000000040000003 0.40947400000000006
decision_type=2 2 2 2 2 2 2
left_child=3 -2 -3 4 -1 6 -5
right_child=1 2 -4 5 -6 -7 -8
leaf_value=0.00025821106021584994 0.0027677202857770934 0.0034677858288446506 -0.00060979763313839667 0.0031354423983228365 -0.00052775378308255675 0.00038701605286151075 -0.0027601381759123373
leaf_weight=20 25 20 54 22 27 20 282
leaf_count=20 25 20 54 22 27 20 282
internal_value=-0.000112574 0.000485972 -6.6845e-05 -0.000278376 0.000303347 -0.000369458 -0.000426509
internal_weight=470 99 74 371 47 324 304
internal_count=470 99 74 371 47 324 304
is_linear=0
shrinkage=0.01


Tree=220
num_leaves=9
num_cat=0
split_feature=18 38 4 4 53 38 42 19
split_gain=0.594013 0.475749 0.324688 1.40518 0.270784 0.623107 0.107547 0.0439007
threshold=0.65407409500000013 6.0857143060000007 0.35255138550000004 0.32261328600000005 0.60000001650000001 6.0714286055000004 10.300000100000002 140.19000000000003
decision_type=2 2 2 2 2 2 2 2
left_child=4 2 3 -2 7 6 -6 -1
right_child=1 -3 -4 -5 5 -7 -8 -9
leaf_value=-0.0023814145469967197 -0.0010669906755546028 0.0030271670952098616 -0.00049888304259072119 0.0054274414616673596 -0.0033455125319793149 0.00059914146103192333 -3.2689100785628348e-06 -0.0041704504611385753
leaf_weight=221 36 25 41 20 61 22 22 20
leaf_count=221 36 25 41 20 61 22 22 20
internal_value=-4.69284e-05 0.000545602 0.000199386 0.000704225 -0.000262399 0.000146503 -0.000232697 -0.000448718
internal_weight=468 122 97 56 346 105 83 241
internal_count=468 122 97 56 346 105 83 241
is_linear=0
shrinkage=0.01


Tree=221
num_leaves=8
num_cat=0
split_feature=44 52 60 50 6 35 10
split_gain=0.358603 0.663165 0.288546 0.316211 0.0983101 0.0823478 0.0639114
threshold=12.250000030000001 8.8999997155000035 2.1849999425000006 11.250000010000003 0.45330835750000004 4.2714286360000004 0.61123778600000012
decision_type=2 2 2 2 2 2 2
left_child=2 -2 3 -1 -5 -4 -7
right_child=1 -3 5 4 -6 6 -8
leaf_value=0.0032419929149419351 0.00044915296247606692 -0.0027634568214082588 -0.0017947117847518285 0.0033788335559395257 -0.00090824879243718354 0.00041922030716938676 -0.0025399042265694238
leaf_weight=21 34 36 285 20 39 20 21
leaf_count=21 34 36 285 20 39 20 21
internal_value=-0.000180369 0.000466102 -0.000297444 0.000222772 -0.000125418 -0.000431457 0
internal_weight=476 70 406 80 59 326 41
internal_count=476 70 406 80 59 326 41
is_linear=0
shrinkage=0.01


Tree=222
num_leaves=8
num_cat=0
split_feature=96 41 38 53 6 70 43
split_gain=0.416076 0.457499 0.280384 0.491342 0.174688 0.243576 0.162736
threshold=131.19284590000004 8.2999999895000016 6.0857143060000007 0.40000000950000009 0.44363492850000003 46.05499935000001 17.500000240000002
decision_type=2 2 2 2 2 2 2
left_child=2 -2 6 4 5 -4 -1
right_child=1 -3 3 -5 -6 -7 -8
leaf_value=-0.0018960668931478121 0.0010164729481009541 -6.0457499818298451e-05 0.00096006421993051461 0.00055265924581046079 -0.0032059234384586421 -0.010987953682925988 0.00019948270834363514
leaf_weight=254 27 31 25 25 70 22 20
leaf_count=254 27 31 25 25 70 22 20
internal_value=-0.000115838 0.000663265 -0.000230326 0.000119048 -0.000140068 0.000303347 -0.000418486
internal_weight=474 58 416 142 117 47 274
internal_count=474 58 416 142 117 47 274
is_linear=0
shrinkage=0.01


Tree=223
num_leaves=7
num_cat=1
split_feature=99 16 28 51 78 1
split_gain=0.894414 0.777361 1.06058 0.158169 0.0435393 0.0199046
threshold=0 0.66402850000000013 3.8714286770000004 58.000000675000003 8.4971428940000013 0.24388165700000003
decision_type=1 2 2 2 2 2
left_child=1 5 -3 4 -2 -1
right_child=3 2 -4 -5 -6 -7
leaf_value=-0.0045604126693968676 -0.0023440583377267823 4.1043777630806543e-05 0.0049200527390526891 0.00027265025830037939 -3.3454086407191788e-05 -0.0014635768252320219
leaf_weight=27 351 34 20 20 21 20
leaf_count=27 351 34 20 20 21 20
internal_value=-0.000191373 0.000603757 0.0014781 -0.00040715 -0.000466738 -0.000240586
internal_weight=493 101 54 392 372 47
internal_count=493 101 54 392 372 47
cat_boundaries=0 1
cat_threshold=572819520
is_linear=0
shrinkage=0.01


Tree=224
num_leaves=7
num_cat=1
split_feature=96 19 12 99 38 30
split_gain=0.72402 0.399892 0.259039 0.117442 0.233109 0.137292
threshold=131.19284590000004 68.960000000000022 0.74167728600000016 0 6.1357142925000012 2.4571428385000007
decision_type=2 2 2 1 2 2
left_child=2 -2 3 4 5 -1
right_child=1 -3 -4 -5 -6 -7
leaf_value=-0.002147569810123083 -1.2428655582594311e-05 0.00085609117350060138 0.0010871387878568181 -0.0015672367829255394 0.00068510071779303043 0.0034531506730305366
leaf_weight=93 22 30 37 233 33 20
leaf_count=93 22 30 37 233 33 20
internal_value=-0.000110922 0.000984848 -0.000254319 -0.000335703 -7.01532e-05 -0.000303164
internal_weight=468 52 416 379 146 113
internal_count=468 52 416 379 146 113
cat_boundaries=0 1
cat_threshold=2098194
is_linear=0
shrinkage=0.01


Tree=225
num_leaves=9
num_cat=1
split_feature=96 19 99 51 96 10 13 11
split_gain=0.260383 0.500503 0.229296 0.235438 0.388568 0.180261 0.0985098 0.0445113
threshold=131.19284590000004 68.960000000000022 0 0.75000000700000014 122.09856825000001 0.61366478600000007 0.59386237500000016 0.7351355715000002
decision_type=2 2 1 2 2 2 2 2
left_child=2 -2 3 -1 5 -5 -4 -8
right_child=1 -3 6 4 -6 -7 7 -9
leaf_value=-0.0040250288188864178 -0.0004610158440507374 0.00078822132136196826 -0.00097451699070324257 0.0011512425739233945 -0.0035500314061301776 9.2502357125101643e-05 -0.0020146004662616908 -0.00028199934482149304
leaf_weight=37 30 31 30 21 24 20 248 20
leaf_count=37 30 31 30 21 24 20 248 20
internal_value=-0.000148333 0.000444984 -0.000244511 0.000150709 0.000539514 0.00113636 -0.000378886 -0.000453869
internal_weight=461 61 400 102 65 41 298 268
internal_count=461 61 400 102 65 41 298 268
cat_boundaries=0 1
cat_threshold=572589184
is_linear=0
shrinkage=0.01


Tree=226
num_leaves=7
num_cat=0
split_feature=18 35 30 44 44 43
split_gain=0.416725 0.478684 0.403583 0.480013 0.0857689 0.0443864
threshold=0.63515595200000019 4.0428571360000012 2.2714285595000008 11.699999785000001 12.800000015000002 17.499999850000005
decision_type=2 2 2 2 2 2
left_child=4 2 -2 -4 5 -1
right_child=1 -3 3 -5 -6 -7
leaf_value=-0.0020830257061904495 -0.0012416983255958624 0.0042710238527188873 0.004524557436258461 -0.0010658760959915204 8.4376145236884049e-05 -0.0042230587238367787
leaf_weight=242 80 31 28 21 34 20
leaf_count=242 80 31 28 21 34 20
internal_value=-0.000166375 0.000236318 -1.92605e-05 0.000672691 -0.000390836 -0.000452816
internal_weight=456 160 129 49 296 262
internal_count=456 160 129 49 296 262
is_linear=0
shrinkage=0.01


Tree=227
num_leaves=6
num_cat=0
split_feature=18 41 96 19 8
split_gain=0.340308 0.423861 0.284074 0.144048 0.0444495
threshold=0.60615602400000002 5.0000001080000009 99.192172740000018 17.510000000000002 0.69304450000000017
decision_type=2 2 2 2 2
left_child=4 -2 -3 -4 -1
right_child=1 2 3 -5 -6
leaf_value=-0.0039249808683517566 0.0016186588095195552 0.00029316667252807639 0.0052539338963450612 -0.00033616225584888969 -0.0020943689170016561
leaf_weight=245 37 31 20 114 20
leaf_count=245 37 31 20 114 20
internal_value=-0.000216973 8.38263e-05 -0.000123643 -0.000333828 -0.000453349
internal_weight=467 202 165 134 265
internal_count=467 202 165 134 265
is_linear=0
shrinkage=0.01


Tree=228
num_leaves=7
num_cat=0
split_feature=51 98 5 49 44 28
split_gain=0.431945 0.381091 0.522265 0.357621 0.0706874 0.218919
threshold=58.250000580000005 24.358773140000004 0.46166152850000003 5.1499999055000005 11.299999990000002 3.9999999830000004
decision_type=2 10 2 2 2 2
left_child=1 4 3 -3 -1 -6
right_child=-2 2 -4 -5 5 -7
leaf_value=-0.0026754201232121401 0.0013228662456077475 0.0045395713820713139 0.00014439717626236589 -0.00050493661166729927 5.1316886417395087e-05 -0.002870666826379013
leaf_weight=236 22 27 22 66 24 59
leaf_count=236 22 27 22 66 24 59
internal_value=-0.000144483 -0.000218491 0.000263385 -4.79745e-05 -0.000398687 -0.000113365
internal_weight=456 434 115 93 319 83
internal_count=456 434 115 93 319 83
is_linear=0
shrinkage=0.01


Tree=229
num_leaves=7
num_cat=0
split_feature=82 23 73 15 19 22
split_gain=0.517282 0.486666 0.690141 0.671364 0.282482 0.0907219
threshold=6.5800000770000011 1.7142857015000004 46.845000270000007 0.72758228550000015 37.955000000000005 1.9571428385000003
decision_type=2 2 2 2 2 2
left_child=1 -1 3 -3 -4 -2
right_child=5 2 4 -5 -6 -7
leaf_value=-0.0011149655417921102 -0.0079289509684589282 0.0031708879297866529 0.0019540504360243574 0.00012841614892243269 -0.00097544893830820009 -0.00058126354902311977
leaf_weight=66 220 35 31 37 58 36
leaf_count=66 220 35 31 37 58 36
internal_value=-0.000102315 0.000239245 0.000540791 0.00126374 -2.78398e-05 -0.000412773
internal_weight=483 227 161 72 89 256
internal_count=483 227 161 72 89 256
is_linear=0
shrinkage=0.01


Tree=230
num_leaves=7
num_cat=0
split_feature=56 10 3 44 96 3
split_gain=0.351148 0.241472 0.686026 0.289228 0.293163 0.367199
threshold=0.25000000350000007 0.54691578600000013 0.27094921400000005 15.949999745000001 73.069060915000009 0.29537585750000006
decision_type=2 2 2 2 2 2
left_child=-1 2 -2 4 5 -3
right_child=1 3 -4 -5 -6 -7
leaf_value=0.0013030151127923334 -0.0079909041172839205 -0.0089369209462299322 0.005172971542706171 0.00038816810230074067 -0.001063755863202115 0.0031284977421762107
leaf_weight=26 35 25 20 22 337 20
leaf_count=26 35 25 20 22 337 20
internal_value=-0.000165706 -0.000233797 0.000367383 -0.000321146 -0.000389237 0.000338428
internal_weight=485 459 55 404 382 45
internal_count=485 459 55 404 382 45
is_linear=0
shrinkage=0.01


Tree=231
num_leaves=9
num_cat=0
split_feature=13 98 28 8 16 50 5 2
split_gain=0.543495 0.762848 0.201219 0.367199 0.165044 0.177881 0.0447451 0.0192946
threshold=0.74847711250000015 26.385584430000005 4.1428571940000003 0.54920382150000013 0.7145063570000002 11.399999795000001 0.50600021400000006 0.29786288100000008
decision_type=2 8 2 2 2 2 2 2
left_child=2 -2 4 -4 6 -6 -1 -7
right_child=1 -3 3 -5 5 7 -8 -9
leaf_value=-0.0021639200090856053 0.00075433818537985753 -0.00022951521021875198 0.0037843574628069333 -0.00051316237963829709 0.0033230115305533077 -0.0013858180566702911 -0.0020805832846919432 -0.0011073145031265331
leaf_weight=260 20 31 20 25 20 26 20 20
leaf_count=260 20 31 20 25 20 26 20 20
internal_value=-0.000133243 0.000820463 -0.000264166 0.000338428 -0.000348904 7.48502e-05 -0.000455841 -0.000235043
internal_weight=442 51 391 45 346 66 280 46
internal_count=442 51 391 45 346 66 280 46
is_linear=0
shrinkage=0.01


Tree=232
num_leaves=9
num_cat=0
split_feature=82 12 63 4 19 53 12 2
split_gain=0.507331 0.339848 0.285466 0.695763 0.166318 0.0652505 0.0757048 0.0356
threshold=6.6328572025000012 0.60159216650000014 2.3549995425000003 0.33419702350000008 40.900000000000013 0.75000000750000007 0.68095057100000012 0.35634092850000004
decision_type=2 2 2 2 2 2 2 2
left_child=1 -1 4 -4 -3 -2 -7 -6
right_child=5 2 3 -5 7 6 -8 -9
leaf_value=0.0032645289842932294 -0.0068090976554120806 1.868574512808613e-05 -0.0014180053137061313 0.0009211951322834511 -0.00013455069499777403 0.00078665662808497959 -0.0038281443488017361 -0.00033299680968535452
leaf_weight=26 201 29 32 38 81 20 26 20
leaf_count=26 201 29 32 38 81 20 26 20
internal_value=-9.39216e-05 0.000242504 8.96413e-05 0.000607345 -0.000175841 -0.000409605 -2.13676e-05 -0.000378193
internal_weight=473 226 200 70 130 247 46 101
internal_count=473 226 200 70 130 247 46 101
is_linear=0
shrinkage=0.01


Tree=233
num_leaves=6
num_cat=0
split_feature=6 17 19 35 56
split_gain=0.329417 0.344582 0.605833 0.272467 0.135257
threshold=0.56427304750000007 0.72302271450000011 55.565000000000005 4.3071428705000008 0.25000000350000007
decision_type=2 2 2 2 2
left_child=1 3 -3 4 -1
right_child=-2 2 -4 -5 -6
leaf_value=4.7046524735217046e-05 0.00031737572428702185 0.0050637091329279373 -0.00061670149602319018 4.2291513318950008e-05 -0.0016966532907373444
leaf_weight=25 28 20 26 25 329
leaf_count=25 28 20 26 25 329
internal_value=-0.000186205 -0.000259512 0.000534188 -0.000362033 -0.000436866
internal_weight=453 425 46 379 354
internal_count=453 425 46 379 354
is_linear=0
shrinkage=0.01


Tree=234
num_leaves=7
num_cat=0
split_feature=53 11 96 14 30 98
split_gain=0.518863 0.430385 0.607022 0.293567 0.188598 0.044365
threshold=0.60000001650000001 0.59088350000000012 91.966554430000016 0.74809521400000012 2.0142857265000003 26.996233585000002
decision_type=2 2 2 2 2 10
left_child=4 -2 -3 -4 -1 -6
right_child=1 2 3 -5 5 -7
leaf_value=2.9040395385807797e-05 0.0047970073494141528 0.0029237747074190514 -0.00049317202369304715 0.00030435206071013205 -0.0023325874371850778 -0.000774322870435915
leaf_weight=35 22 22 86 34 241 20
leaf_count=35 22 22 86 34 241 20
internal_value=-0.000104167 0.000339806 0.000119048 -0.000149007 -0.000357143 -0.000452636
internal_weight=460 164 142 120 296 261
internal_count=460 164 142 120 296 261
is_linear=0
shrinkage=0.01


Tree=235
num_leaves=6
num_cat=0
split_feature=18 35 22 9 97
split_gain=0.267411 0.854303 0.192559 0.151914 0.0448547
threshold=0.63328252850000011 4.0428571360000012 1.8142857125000003 0.71488340000000006 14.833820210000001
decision_type=2 2 2 2 10
left_child=3 2 -2 4 -1
right_child=1 -3 -4 -5 -6
leaf_value=-0.011213523570105697 -0.00093218506697260865 0.0040239650715592273 5.4540859773419393e-05 5.0586464141938669e-05 -0.0019953327414121264
leaf_weight=20 100 33 31 20 266
leaf_count=20 100 33 31 20 266
internal_value=-0.000218777 9.70873e-05 -0.000254173 -0.000394394 -0.000456764
internal_weight=470 164 131 306 286
internal_count=470 164 131 306 286
is_linear=0
shrinkage=0.01


Tree=236
num_leaves=8
num_cat=0
split_feature=51 53 26 17 59 15 85
split_gain=0.744649 0.309078 0.414942 0.260481 0.365397 0.085587 0.111906
threshold=60.299998505000012 0.60000001650000001 2.3142857000000006 0.68161828600000007 0.61999988550000007 0.69558964300000015 13.241428650000001
decision_type=2 2 2 2 2 2 2
left_child=1 5 3 -3 -5 -1 -7
right_child=-2 2 -4 4 -6 6 -8
leaf_value=-0.005135887097279716 0.0011609354789410614 -0.001403975273858465 0.00058740929133744158 -0.0010314704654990731 0.0028567358963013777 -0.00092164501239664449 1.3074160245104901e-05
leaf_weight=198 21 72 26 38 26 38 33
leaf_count=198 21 72 26 38 26 38 33
internal_value=-7.50885e-05 -0.000170218 0.000165848 -4.38598e-05 0.000401234 -0.000379911 -4.87466e-05
internal_weight=452 431 162 136 64 269 71
internal_count=452 431 162 136 64 269 71
is_linear=0
shrinkage=0.01


Tree=237
num_leaves=8
num_cat=0
split_feature=18 13 48 55 13 98 0
split_gain=0.528911 0.340274 0.302998 0.556411 0.289453 0.0523518 0.092457
threshold=0.65407409500000013 0.75505309150000011 3.4999999890000004 5.000000033500001 0.68480663750000015 25.919245905000004 0.12681091700000002
decision_type=2 2 2 2 2 10 2
left_child=1 5 3 -2 -4 -1 -7
right_child=2 -3 4 -5 -6 6 -8
leaf_value=-0.0024930128373954427 0.0048207914263964889 0.00017660692514157473 5.6534350808173971e-05 -6.647474198225301e-05 -0.00054513030400209672 -0.0016962312412851671 7.2889183397661369e-05
leaf_weight=262 27 20 29 25 50 35 20
leaf_count=262 27 20 29 25 50 35 20
internal_value=-0.000132253 -0.000344879 0.000398331 0.000984848 0 -0.000429516 -9.85664e-05
internal_weight=468 337 131 52 79 317 55
internal_count=468 337 131 52 79 317 55
is_linear=0
shrinkage=0.01


Tree=238
num_leaves=7
num_cat=0
split_feature=38 16 15 84 60 64
split_gain=0.528759 0.61782 0.657702 0.633831 0.198368 0.126323
threshold=6.0285714010000016 0.66486142900000011 0.69655156050000011 15.297142915000002 1.6650004385000001 1.4699997900000004
decision_type=2 2 2 2 2 2
left_child=4 5 -3 -4 -1 -2
right_child=1 2 3 -5 -6 -7
leaf_value=0.0012384025475230282 -0.0045335305984422212 0.0019401160836199039 -0.00049830876898736384 1.8241713074701378e-05 -0.0022967434932615488 0.00087101720448020563
leaf_weight=36 70 29 40 22 232 20
leaf_count=36 70 29 40 22 232 20
internal_value=-9.44866e-05 0.000316282 0.000898693 0.000270701 -0.000379464 -0.000253304
internal_weight=449 181 91 62 268 90
internal_count=449 181 91 62 268 90
is_linear=0
shrinkage=0.01


Tree=239
num_leaves=7
num_cat=0
split_feature=53 24 36 4 28 17
split_gain=0.466358 0.757317 0.313952 0.222712 0.0985446 0.0348657
threshold=0.60000001650000001 1.7071428595000002 4.0214285510000005 0.38555321400000003 4.1785714285000006 0.70856535700000012
decision_type=2 2 2 2 2 2
left_child=4 3 -3 5 -1 -2
right_child=1 2 -4 -5 -6 -7
leaf_value=-0.0016475987264354733 -0.00073207244558155739 0.0030790998112818291 0.0025590760253667699 0.0001108009180412652 -5.397342295236075e-05 -0.0039828645212687305
leaf_weight=261 76 20 20 23 34 20
leaf_count=261 76 20 20 23 34 20
internal_value=-0.000186895 0.000240926 0.00142157 -0.000146077 -0.000424273 -0.000371901
internal_weight=454 159 40 119 295 96
internal_count=454 159 40 119 295 96
is_linear=0
shrinkage=0.01


Tree=240
num_leaves=11
num_cat=0
split_feature=17 38 19 98 17 15 44 6 1 0
split_gain=0.699784 0.487862 0.93705 0.625192 0.314933 0.950164 0.0429073 0.0347098 0.0231242 0.0192946
threshold=0.62259057150000008 6.0285714010000016 85.740000000000023 22.556260485000003 0.70287450000000018 0.73050889250000017 12.700000025000003 0.52688710700000019 0.24792775000000003 0.1237999795
decision_type=2 2 2 8 2 2 2 2 2 2
left_child=6 4 3 -3 7 -6 -1 -2 -5 -7
right_child=1 2 -4 8 5 9 -8 -9 -10 -11
leaf_value=-0.0063107478772644445 -0.0014364560406598579 0.0046624474327188773 0.00099883851345617899 -0.00058331772857295237 0.0031766480205943515 -0.00060359112358315478 -0.0021006656319811647 -0.00055283885831935856 -0.0014841259877683521 -0.00082130736742439306
leaf_weight=187 75 21 25 20 20 20 20 20 33 26
leaf_count=187 75 21 25 20 20 20 20 20 33 26
internal_value=-3.20662e-06 0.000337423 0.000886773 0.000280749 0 0.000523952 -0.000440327 -0.000370564 -0.000269517 -0.000235043
internal_weight=467 260 99 74 161 66 207 95 53 46
internal_count=467 260 99 74 161 66 207 95 53 46
is_linear=0
shrinkage=0.01


Tree=241
num_leaves=8
num_cat=0
split_feature=18 45 64 39 21 47 3
split_gain=0.426842 0.455683 0.390502 0.621755 0.057715 0.151729 0.0302359
threshold=0.63515595200000019 5.4999999555000008 2.1550002095000003 1.0000000180025095e-35 2.3428570880000006 0.30000000800000004 0.31040042850000005
decision_type=2 2 2 2 2 2 2
left_child=4 2 3 -2 -1 -6 -3
right_child=1 6 -4 -5 5 -7 -8
leaf_value=-0.0038525037823958232 0.00064596941145869116 -2.1150138499531389e-05 -0.0051075888196785383 0.0042238133997725934 -0.0024007508989544175 1.3984949158877866e-05 -3.8678264530899015e-05
leaf_weight=219 39 20 21 28 60 32 53
leaf_count=219 39 20 21 28 60 32 53
internal_value=-0.000177665 0.000231767 0.000720721 0.00109882 -0.000396087 -0.000150862 -0.000331978
internal_weight=472 161 88 67 311 92 73
internal_count=472 161 88 67 311 92 73
is_linear=0
shrinkage=0.01


Tree=242
num_leaves=7
num_cat=0
split_feature=56 17 11 7 96 15
split_gain=0.670139 0.346738 0.607655 0.594971 0.13379 0.0411741
threshold=0.25000000350000007 0.62259057150000008 0.55803550000000013 0.59336904800000012 91.340187600000021 0.75473470250000008
decision_type=2 2 2 2 2 2
left_child=-1 -2 -3 4 -4 -6
right_child=1 2 3 -5 5 -7
leaf_value=0.0013787515596874985 -0.0053560040886675613 0.0046828783785222809 0.00016286250618990751 0.00014625061286046645 -0.00015363943612713331 0.00033230421025973845
leaf_weight=23 204 22 20 37 146 20
leaf_count=23 204 22 20 37 146 20
internal_value=-9.30627e-05 -0.000183415 6.30593e-05 -8.71315e-05 -0.000326553 -0.00042566
internal_weight=472 449 245 223 186 166
internal_count=472 449 245 223 186 166
is_linear=0
shrinkage=0.01


Tree=243
num_leaves=6
num_cat=0
split_feature=13 60 26 85 49
split_gain=0.365491 0.240973 0.367381 0.0794255 0.0686894
threshold=0.76430351650000017 2.1700005530000004 2.2571428545000005 14.02571423 16.450000075000002
decision_type=2 2 2 2 2
left_child=1 2 -1 -3 -5
right_child=-2 3 -4 4 -6
leaf_value=-0.0012473552283773096 0.00012221286439178153 -0.0021165844775156181 0.0015929845024264917 -0.0032968303575942044 0.00021382639989991792
leaf_weight=39 29 335 32 23 20
leaf_count=39 29 335 32 23 20
internal_value=-0.000265247 -0.00033904 0.000174095 -0.000440866 0
internal_weight=478 449 71 378 43
internal_count=478 449 71 378 43
is_linear=0
shrinkage=0.01


Tree=244
num_leaves=9
num_cat=0
split_feature=17 41 44 52 30 17 29 12
split_gain=0.385023 0.501582 0.205966 0.424274 0.189173 0.372284 0.0447451 0.02997
threshold=0.67827464300000007 4.6500000470000007 12.250000030000001 8.6000002620000018 2.2714285595000008 0.70428482150000016 4.6857142790000008 0.67064585700000012
decision_type=2 2 2 2 2 2 2 2
left_child=2 -2 6 -4 7 -6 -1 -3
right_child=1 4 3 -5 5 -7 -8 -9
leaf_value=-0.0025072627204900588 0.0032576356466661083 -3.3533667967714647e-07 0.00061087520654946165 -0.0021245790457383156 -0.00050925711881324575 0.002969057909202258 -0.008248552912253496 -0.0030911148499953422
leaf_weight=260 22 20 20 35 27 36 20 52
leaf_count=260 22 20 20 35 27 36 20 52
internal_value=-0.000150162 0.000250317 -0.000343955 0.000188172 3.68177e-06 0.00041536 -0.000455841 -0.00032967
internal_weight=492 157 335 55 135 63 280 72
internal_count=492 157 335 55 135 63 280 72
is_linear=0
shrinkage=0.01


Tree=245
num_leaves=8
num_cat=1
split_feature=10 99 38 3 16 48 10
split_gain=0.339819 0.290021 0.396399 0.18241 0.320272 0.12592 0.0448186
threshold=0.71924578600000011 0 6.2000000135000013 0.31490748550000008 0.61853421400000008 8.5500001795000014 0.70391211900000006
decision_type=2 1 2 2 2 2 2
left_child=1 2 3 4 -1 6 -3
right_child=-2 5 -4 -5 -6 -7 -8
leaf_value=-0.011130979573594157 0.00022327022900468175 -0.0010894819333330148 0.0027932457529907312 -0.0012132812442283065 0.0046551295987257418 5.9017855648464917e-05 -9.9722591637917211e-05
leaf_weight=22 38 264 27 60 21 24 20
leaf_count=22 38 264 27 60 21 24 20
internal_value=-0.000138423 -0.000221058 0.000163352 -9.15223e-05 0.000376712 -0.000382685 -0.000456461
internal_weight=476 438 130 103 43 308 284
internal_count=476 438 130 103 43 308 284
cat_boundaries=0 1
cat_threshold=539264002
is_linear=0
shrinkage=0.01


Tree=246
num_leaves=7
num_cat=0
split_feature=17 9 98 24 18 14
split_gain=0.475887 0.32839 0.292075 0.577656 0.251695 0.102713
threshold=0.62259057150000008 0.70985200650000013 22.896985000000004 1.7071428595000002 0.65407409500000013 0.6766461250000001
decision_type=2 2 10 2 2 2
left_child=-1 2 5 4 -4 -2
right_child=1 -3 3 -5 -6 -7
leaf_value=-0.0049155404433921662 -0.00076395896274729 0.00012070501024531555 -0.00084005918555856221 0.0027724878734619422 0.0015802388102981865 -0.00056592070920673796
leaf_weight=225 26 20 50 26 32 92
leaf_count=225 26 20 50 26 32 92
internal_value=-0.000155786 0.000141815 2.20457e-05 0.000404412 0 -0.000311448
internal_weight=471 246 226 108 82 118
internal_count=471 246 226 108 82 118
is_linear=0
shrinkage=0.01


Tree=247
num_leaves=9
num_cat=0
split_feature=19 50 31 11 96 85 50 0
split_gain=0.605175 0.639065 0.205817 0.37358 0.122971 0.0392767 0.026389 0.0199046
threshold=154.51500000000001 14.449999895000001 3.0642857040000004 0.67284800000000011 132.27619780000003 14.080714295000002 9.8500000200000013 0.086065333000000008
decision_type=2 2 2 2 2 2 2 2
left_child=2 -2 4 7 5 6 -1 -4
right_child=1 -3 3 -5 -6 -7 -8 -9
leaf_value=-0.00026898080826903882 0.000581557067051688 -0.0022279660634815053 -0.010243777326935558 0.0031409775743909325 6.729246647088074e-05 -0.0025620315845318298 -0.0015356133387240396 -0.00049527386937987523
leaf_weight=28 21 27 27 20 23 20 266 20
leaf_count=28 21 27 27 20 23 20 266 20
internal_value=-0.000141343 0.000901639 -0.000271739 0.000213864 -0.000374482 -0.000428844 -0.000457938 -0.000240586
internal_weight=452 48 404 67 337 314 294 47
internal_count=452 48 404 67 337 314 294 47
is_linear=0
shrinkage=0.01


Tree=248
num_leaves=7
num_cat=0
split_feature=27 87 19 97 81 3
split_gain=0.604304 0.180545 0.386759 0.201002 0.147701 0.208868
threshold=4.1857143300000006 7.8528572150000011 72.335000000000008 34.040398345000007 8.422857114000001 0.30258425000000005
decision_type=2 2 2 8 2 2
left_child=1 2 -1 4 5 -3
right_child=-2 3 -4 -5 -6 -7
leaf_value=0.00029864946701916586 0.00092248833090988972 0.0046855461569174544 -0.00137862123775985 0.00010621099944816744 -0.0019120286649703033 -0.0012008370511167484
leaf_weight=20 37 20 28 31 308 30
leaf_count=20 37 20 28 31 308 30
internal_value=-0.000157961 -0.000266103 0.000286885 -0.000339918 -0.000409699 5.9055e-05
internal_weight=474 437 48 389 358 50
internal_count=474 437 48 389 358 50
is_linear=0
shrinkage=0.01


Tree=249
num_leaves=7
num_cat=0
split_feature=96 15 56 6 75 42
split_gain=0.54389 0.536167 0.484785 0.446692 0.81664 0.164925
threshold=131.83848035000003 0.72553692850000007 0.25000000350000007 0.52688710700000019 61.325000760000009 10.850000060000001
decision_type=2 2 2 2 2 2
left_child=2 -2 -1 5 -5 -4
right_child=1 -3 3 4 -6 -7
leaf_value=0.0013794453984020728 0.002163568999557385 -0.00039933663466008921 -0.0032602174490981121 0.00057356744003891609 -0.0039877404028715972 0.00016459897906040356
leaf_weight=21 22 24 292 31 42 20
leaf_count=21 22 24 292 31 42 20
internal_value=-5.30037e-05 0.000961538 -0.000174533 -0.000260498 0.000426829 -0.000428389
internal_weight=452 46 406 385 73 312
internal_count=452 46 406 385 73 312
is_linear=0
shrinkage=0.01


Tree=250
num_leaves=9
num_cat=0
split_feature=18 98 96 15 13 31 38 28
split_gain=0.597646 0.522277 0.321077 0.944204 0.151914 0.0969204 0.0448547 0.0307473
threshold=0.62823992900000014 21.599211740000005 126.3016338 0.71817716700000012 0.75166676650000019 2.9785714320000003 6.3857142925000003 3.6928571125000005
decision_type=2 8 2 2 2 2 2 2
left_child=4 -2 7 -4 6 -5 -1 -3
right_child=1 2 3 5 -6 -7 -8 -9
leaf_value=-0.0034854287822622915 0.0046564964234238441 -0.00049946878393896668 0.0020273206749506813 -0.00086382908965487216 4.3331952715036022e-05 0.00049135982854412005 -0.0001476579830373291 -0.00063749720901951751
leaf_weight=266 20 20 25 38 20 20 20 55
leaf_count=266 20 20 25 38 20 20 20 55
internal_value=-0.000123762 0.000329978 0.000119647 0.000554892 -0.000394394 -0.000119048 -0.000456764 -0.000336412
internal_weight=484 178 158 83 306 58 286 75
internal_count=484 178 158 83 306 58 286 75
is_linear=0
shrinkage=0.01


Tree=251
num_leaves=8
num_cat=0
split_feature=44 52 79 28 18 31 50
split_gain=0.434929 0.808697 0.302072 0.214954 0.40407 0.039658 0.0451891
threshold=12.800000015000002 9.0500001905000023 5.4349999260000006 4.1285714930000008 0.57402792850000017 3.1928571295000006 9.9000001625000014
decision_type=2 2 2 2 2 2 2
left_child=2 -2 -1 5 -5 6 -4
right_child=1 -3 3 4 -6 -7 -8
leaf_value=3.9923149609915531e-05 0.000586137430832465 -0.0033721554467086457 -1.8047673713074046e-05 -0.0034906835168776605 0.0035903583269497204 -0.0017566637045302814 -0.0022444429355561448
leaf_weight=33 28 30 20 31 20 20 286
leaf_count=33 28 30 20 31 20 20 286
internal_value=-0.000132253 0.000663265 -0.00025073 -0.000334833 0.000241313 -0.000431457 -0.000459583
internal_weight=468 58 410 377 51 326 306
internal_count=468 58 410 377 51 326 306
is_linear=0
shrinkage=0.01


Tree=252
num_leaves=10
num_cat=0
split_feature=18 22 19 13 28 7 64 19 3
split_gain=0.754212 0.504368 0.393585 0.294617 0.136194 0.184043 0.0594596 0.0838677 0.0231242
threshold=0.65407409500000013 1.8142857125000003 42.830000000000005 0.75315920000000014 4.1428571940000003 0.50936671400000011 2.1550002095000003 73.230000000000004 0.32525103550000006
decision_type=2 2 2 2 2 2 2 2 2
left_child=3 2 -2 4 6 -6 -1 -8 -4
right_child=1 -3 8 -5 5 -7 7 -9 -10
leaf_value=-0.0024299069744350287 0.0032287030538396032 0.0019351792809492382 -0.0016107470469783663 0.00010417504577807629 0.0013942369069790328 -0.0017818839509742752 -0.0068733137742988549 7.8146057425476924e-05 -0.00082355850385845784
leaf_weight=235 37 29 20 20 20 23 30 20 33
leaf_count=235 37 29 20 20 20 23 30 20 33
internal_value=-2.45833e-05 0.000655259 0.000253304 -0.000263762 -0.000340633 0.000148402 -0.000421624 -5.90552e-05 -0.000269517
internal_weight=467 119 90 348 328 43 285 50 53
internal_count=467 119 90 348 328 43 285 50 53
is_linear=0
shrinkage=0.01


Tree=253
num_leaves=9
num_cat=0
split_feature=96 96 6 63 48 80 3 50
split_gain=0.723469 1.0253 0.248758 0.230419 0.376695 0.14049 0.433333 0.0435835
threshold=131.19284590000004 132.09871840000002 0.57262616650000009 3.0549998285000002 2.7999999410000003 5.4814286485000006 0.34565277100000008 9.8999998605000012
decision_type=2 2 2 2 2 2 2 2
left_child=2 -2 3 4 -1 -6 -7 -5
right_child=1 -3 -4 7 5 6 -8 -9
leaf_value=0.0016843274505617659 7.4222383636903585e-05 0.00033963083012208544 0.0005751009095499133 -0.00064761040069304142 -0.00096850490071584362 5.8758926253123533e-05 -0.0020556423561629939 -0.006158166701501943
leaf_weight=31 20 38 20 20 77 20 37 209
leaf_count=31 20 38 20 20 77 20 37 209
internal_value=-2.96109e-05 0.0010034 -0.00018081 -0.000240628 3.31724e-05 -0.00018546 0.00016436 -0.00044604
internal_weight=472 58 414 394 165 134 57 229
internal_count=472 58 414 394 165 134 57 229
is_linear=0
shrinkage=0.01


Tree=254
num_leaves=10
num_cat=0
split_feature=17 38 30 54 97 50 12 86 44
split_gain=0.664368 0.824582 0.752354 0.519066 0.725 0.285198 0.520264 0.0892497 0.0425877
threshold=0.62259057150000008 6.0285714010000016 2.3285714305000007 0.99999999650000004 22.965626150000002 11.199999935000003 0.71027235700000013 12.582857265000001 14.249999820000001
decision_type=2 2 2 2 10 2 2 2 2
left_child=8 5 3 4 -3 6 -2 -7 -1
right_child=1 2 -4 -5 -6 7 -8 -9 -10
leaf_value=-0.0054429075615229925 -0.002956327890006074 -4.4571558958874009e-05 0.00092480411061022561 -0.007514614113874241 0.0022247478694349307 1.1535818820769786e-05 0.0029773454770777204 -0.0014109251564760673 -0.0018270646428874796
leaf_weight=178 22 22 20 29 22 30 21 97 20
leaf_count=178 22 22 20 29 22 30 21 97 20
internal_value=0 0.0003279 0.00108209 0.000562331 0.00125 -7.61125e-05 0.000605023 -0.000324726 -0.000437626
internal_weight=461 263 93 73 44 170 43 127 198
internal_count=461 263 93 73 44 170 43 127 198
is_linear=0
shrinkage=0.01


Tree=255
num_leaves=7
num_cat=0
split_feature=10 17 59 48 15 0
split_gain=0.418819 0.142644 0.431087 0.195012 0.234272 0.0210574
threshold=0.71924578600000011 0.62259057150000008 0.045000076500000007 3.6500000245000002 0.7158924765000001 0.093499722000000021
decision_type=2 2 2 2 2 2
left_child=1 -1 -3 4 -4 -6
right_child=-2 2 3 -5 5 -7
leaf_value=-0.003662022381783616 0.00025567739441305452 0.0031268945868079506 9.1610254768013393e-05 -0.0005187070496324482 -0.0010363475843930281 -0.00016058306245375964
leaf_weight=196 36 22 27 137 20 29
leaf_count=196 36 22 27 137 20 29
internal_value=-0.000195597 -0.000286012 -0.000108143 -0.000254911 0.000130208 -0.000251004
internal_weight=467 431 235 213 76 49
internal_count=467 431 235 213 76 49
is_linear=0
shrinkage=0.01


Tree=256
num_leaves=7
num_cat=0
split_feature=17 19 22 49 28 15
split_gain=0.479456 0.47645 0.95727 0.361806 0.113184 0.0772853
threshold=0.65026509500000007 103.35000000000001 1.7214285605000001 5.0000000410000007 4.1428571940000003 0.69137342900000009
decision_type=2 2 2 2 2 2
left_child=4 3 -3 -2 -1 -5
right_child=1 2 -4 5 -6 -7
leaf_value=-0.004322017983417031 4.8484665608018502e-05 -0.0018275805129196777 0.0012973371278812787 4.4488061282033632e-05 -0.00051388111181852232 -5.5090313704812726e-05
leaf_weight=239 36 22 27 33 29 87
leaf_count=239 36 22 27 33 29 87
internal_value=-0.000136134 0.000221088 0.0010743 -3.82654e-05 -0.000416667 -0.00031457
internal_weight=473 205 49 156 268 120
internal_count=473 205 49 156 268 120
is_linear=0
shrinkage=0.01


Tree=257
num_leaves=10
num_cat=0
split_feature=17 96 14 97 6 16 17 21 6
split_gain=0.879727 0.557752 0.35027 0.85155 0.397583 0.199105 0.156036 0.461865 0.0918105
threshold=0.62259057150000008 73.069060915000009 0.68719578600000009 26.403695545000005 0.54305039300000002 0.67974250000000014 0.69393428550000003 2.3214285460000004 0.53483178600000014
decision_type=2 2 2 10 2 2 2 2 2
left_child=8 -2 3 5 6 -3 -4 -8 -1
right_child=1 2 4 -5 -6 -7 7 -9 -10
leaf_value=-0.0045305284538452034 0.0029291015836577007 -0.0020503717220444946 -0.00030520465273256521 0.0032060855469839313 0.00017185760552855097 5.2933994386780472e-06 7.5530127113163206e-05 -0.00046359925125181593 -0.00061103259769660896
leaf_weight=176 23 27 71 22 20 20 28 42 34
leaf_count=176 23 27 71 22 20 20 28 42 34
internal_value=7.86976e-05 0.000478723 0.000316291 0.000909742 4.63534e-05 9.41421e-05 -0.000130466 0.000183616 -0.000393738
internal_weight=463 253 230 69 161 47 141 70 210
internal_count=463 253 230 69 161 47 141 70 210
is_linear=0
shrinkage=0.01


Tree=258
num_leaves=9
num_cat=1
split_feature=99 72 23 5 52 5 35 17
split_gain=0.769001 0.657978 0.793796 0.691374 0.345158 0.184766 0.145297 0.0435556
threshold=0 81.865000725000016 1.6857143045000003 0.44604664300000002 8.8999997155000035 0.43546857150000007 4.1999999630000007 0.71796154300000004
decision_type=1 2 2 2 2 2 2 2
left_child=6 2 -2 -4 5 -3 7 -1
right_child=1 4 3 -5 -6 -7 -8 -9
leaf_value=-0.004068418816269374 -0.00082244561321707271 -0.00055435299516908953 0.0035785241317162035 8.5268246384611129e-05 -0.0032183912593993268 0.00060910965295573564 0.00051869634174567031 -0.0013778335308071512
leaf_weight=208 39 20 32 21 70 20 20 20
leaf_count=208 39 20 32 21 70 20 20 20
internal_value=6.65472e-06 0.000455827 0.00109914 0.00188662 -2.70759e-05 0.000686274 -0.000355487 -0.000445804
internal_weight=450 202 92 53 110 40 248 228
internal_count=450 202 92 53 110 40 248 228
cat_boundaries=0 1
cat_threshold=269554587
is_linear=0
shrinkage=0.01


Tree=259
num_leaves=8
num_cat=0
split_feature=56 27 20 23 41 5 5
split_gain=0.604579 0.383895 0.130677 0.168673 0.307006 0.107351 0.0832771
threshold=0.25000000350000007 4.1857143300000006 0.91428571500000011 1.8142857295000001 9.4999998625000028 0.4845589285000001 0.46976100000000004
decision_type=2 2 2 2 2 2 2
left_child=-1 2 6 4 -4 -5 -2
right_child=1 -3 3 5 -6 -7 -8
leaf_value=0.0012720285264270156 -0.0026960680541619109 0.00082651066745146999 0.0013675887346640315 -0.0035213170115411985 -0.00087460704894316355 -8.9070489649982323e-06 -0.00081368557951276425
leaf_weight=24 189 36 29 80 39 24 38
leaf_count=24 189 36 29 80 39 24 38
internal_value=-5.98087e-05 -0.000150298 -0.000243872 -2.31483e-05 0.000348837 -0.00028626 -0.000401668
internal_weight=459 435 399 172 68 104 227
internal_count=459 435 399 172 68 104 227
is_linear=0
shrinkage=0.01


Tree=260
num_leaves=10
num_cat=0
split_feature=16 27 16 23 23 0 53 0 10
split_gain=0.672625 0.564506 0.586941 0.193542 0.642882 0.643125 0.141919 0.0428731 0.0329546
threshold=0.66522328550000009 4.1571428610000014 0.68325592850000005 1.7857142730000002 1.7142857015000004 0.12681091700000002 1.0499999970000002 0.27402272900000008 0.61875621450000018
decision_type=2 2 2 2 2 2 2 2 2
left_child=6 2 -2 4 -4 -6 7 -1 -5
right_child=1 -3 3 8 5 -7 -8 -9 -10
leaf_value=-0.0072989227405968957 0.0018692504249895054 0.00022461098268075839 -0.0017403130886557028 5.4454075732878962e-06 -1.7246331832403082e-05 0.0041335859126932139 0.00041272835148724486 -0.0039524584701437302 -0.00069583308318389226
leaf_weight=186 28 31 51 20 23 24 20 20 65
leaf_count=186 28 31 51 20 23 24 20 20 65
internal_value=2.98634e-05 0.000399506 0.000200661 0 0.000293522 0.00114017 -0.000357143 -0.000440039 -0.000355478
internal_weight=468 242 211 183 98 47 226 206 85
internal_count=468 242 211 183 98 47 226 206 85
is_linear=0
shrinkage=0.01


Tree=261
num_leaves=7
num_cat=0
split_feature=53 38 86 38 17 15
split_gain=0.396288 0.345184 0.303139 0.222979 0.126914 0.121007
threshold=0.60000001650000001 6.0285714010000016 12.582857265000001 6.3857142925000003 0.71286514300000015 0.73734471450000016
decision_type=2 2 2 2 2 2
left_child=3 2 -2 5 -4 -1
right_child=1 -3 4 -5 -6 -7
leaf_value=-0.0027374245712502394 6.3947206794144488e-05 0.001391960350403249 -0.0043440549108766215 0.00013523873660256918 0.0045211202038991753 1.915783012866114e-05
leaf_weight=236 36 34 71 28 20 27
leaf_count=236 36 34 71 28 20 27
internal_value=-9.71733e-05 0.000293572 3.52111e-05 -0.000320425 -0.000255991 -0.000415087
internal_weight=452 161 127 291 91 263
internal_count=452 161 127 291 91 263
is_linear=0
shrinkage=0.01


Tree=262
num_leaves=10
num_cat=0
split_feature=34 48 52 20 13 1 38 33 4
split_gain=0.617704 0.326621 0.74481 0.364415 0.435873 0.220242 0.0587273 0.0799496 0.0337027
threshold=5.6000000750000014 3.8000000865000003 7.4000000730000011 0.99285714100000011 0.67967900000000014 0.23494250000000003 6.1357142925000012 3.9642856975000007 0.32883335700000005
decision_type=2 2 2 2 2 2 2 2 2
left_child=1 2 5 8 -5 -1 -2 -8 -3
right_child=6 3 -4 4 -6 -7 7 -9 -10
leaf_value=0.00025554718710978362 -0.0052486529279742187 -0.004360695664626376 0.00095615377383596412 -3.5222951731332608e-05 0.00034982618388336369 -0.0011754413928470177 -0.0057873326501996425 0.0010627314945493361 -0.0014584218227134313
leaf_weight=20 175 20 36 22 37 34 28 20 69
leaf_count=20 175 20 36 22 37 34 28 20 69
internal_value=-1.84064e-05 0.000330821 0.000803965 2.68816e-05 0.000643813 1.82481e-05 -0.000399911 -4.09837e-05 -0.000361915
internal_weight=461 238 90 148 59 54 223 48 89
internal_count=461 238 90 148 59 54 223 48 89
is_linear=0
shrinkage=0.01


Tree=263
num_leaves=9
num_cat=0
split_feature=17 5 66 19 19 19 0 25
split_gain=0.546992 0.480196 0.75 0.210285 0.570317 0.0917347 0.0908624 0.0422381
threshold=0.62259057150000008 0.43995019050000006 28.510000705000003 40.900000000000013 33.57500000000001 118.70500000000001 0.12170152100000002 1.8214285545000002
decision_type=2 2 2 2 2 2 2 2
left_child=7 3 -3 4 6 -5 -2 -1
right_child=1 2 -4 5 -6 -7 -8 -9
leaf_value=-0.00015584689825611791 0.006703303701736261 2.8932189172952687e-05 0.00084137633111100647 -0.0014345760794535164 0.00029502091291583657 -0.00020390230929188605 -0.0019903567085882675 -0.006326667676881532
leaf_weight=20 20 36 28 75 20 27 34 169
leaf_count=20 20 36 28 75 20 27 34 169
internal_value=-2.90834e-05 0.000282392 0.00101852 0 0.000414438 -0.000282101 -9.1241e-05 -0.000434668
internal_weight=429 240 64 176 74 102 54 189
internal_count=429 240 64 176 74 102 54 189
is_linear=0
shrinkage=0.01


Tree=264
num_leaves=9
num_cat=0
split_feature=56 6 15 1 2 6 35 4
split_gain=0.716234 0.514397 0.161979 0.244503 0.52603 0.169875 0.138973 0.0342222
threshold=0.25000000350000007 0.56427304750000007 0.69239089800000009 0.26014710700000004 0.28740464300000007 0.45832935750000003 4.1999999970000008 0.42032628550000006
decision_type=2 2 2 2 2 2 2 2
left_child=-1 2 6 4 5 -4 -2 -5
right_child=1 -3 3 7 -6 -7 -8 -9
leaf_value=0.0013220416105880779 -0.0043594791004575766 0.00041685981705383935 -0.0018694520189800924 -0.00075857903396067596 0.0002983903709445117 3.9999700974799481e-05 0.0001425737940670301 -0.00031922642633460757
leaf_weight=21 209 29 43 72 21 26 23 20
leaf_count=21 209 29 43 72 21 26 23 20
internal_value=-4.30294e-05 -0.00013407 -0.000229026 0 0.000363436 -3.58167e-05 -0.00040378 -0.000366379
internal_weight=464 443 414 182 90 69 232 92
internal_count=464 443 414 182 90 69 232 92
is_linear=0
shrinkage=0.01


Tree=265
num_leaves=11
num_cat=0
split_feature=16 15 23 41 16 9 16 30 97 7
split_gain=0.728544 0.843389 0.565653 0.809232 0.700088 0.397039 0.205742 0.121677 0.0428039 0.0363926
threshold=0.66402850000000013 0.71817716700000012 1.6571428865000002 8.7000001410000021 0.68083361900000006 0.69654263350000012 0.69948014300000005 2.4285714375 32.24637240500001 0.48343885700000006
decision_type=2 2 2 2 2 2 2 2 8 2
left_child=7 2 -2 4 -4 9 -6 8 -1 -3
right_child=1 5 3 -5 6 -7 -8 -9 -10 -11
leaf_value=-0.0065115282063943 -0.0022179301680896667 -0.001519875042433479 0.002293212823385848 5.9147885011842058e-05 -0.001204200405020803 0.00011209135445272365 1.6538529907425895e-05 -2.5661152041834245e-05 -0.0042662152846771155 -0.0005625940667458374
leaf_weight=184 20 20 20 25 29 25 20 23 20 87
leaf_count=184 20 20 20 25 29 25 20 23 20 87
internal_value=4.53777e-05 0.000425446 0.00105401 0.00138186 0.000766476 -0.000105422 7.0281e-05 -0.00035777 -0.000439453 -0.000384972
internal_weight=473 246 114 94 69 132 49 227 204 107
internal_count=473 246 114 94 69 132 49 227 204 107
is_linear=0
shrinkage=0.01


Tree=266
num_leaves=10
num_cat=0
split_feature=18 50 12 6 38 18 97 50 3
split_gain=1.51253 0.908912 0.75031 0.366656 0.63577 0.333911 0.206596 0.0442333 0.0268617
threshold=0.63328252850000011 11.200000015000002 0.68633703600000018 0.53483178600000014 6.0785714560000006 0.69895657150000001 23.973633205000002 9.8999998605000012 0.34705196450000003
decision_type=2 2 2 2 2 2 10 2 2
left_child=3 -2 5 7 -5 6 -3 -1 -4
right_child=1 2 8 4 -6 -7 -8 -9 -10
leaf_value=-3.1210012800619303e-05 0.00056068794027015398 -0.0010281714645203419 -0.0029972090403780488 -0.0071844816534089966 0.0006164803104877903 0.0033975481766025011 0.00098110218389206669 -0.0038303169023543972 -0.00024260381596663883
leaf_weight=20 39 22 42 29 20 20 20 235 20
leaf_count=20 39 22 42 29 20 20 20 235 20
internal_value=0.000116503 0.000894383 0.000448718 -0.000295276 0.000471887 0.00122611 0.000630841 -0.000451525 -0.000302548
internal_weight=467 163 124 304 49 62 42 255 62
internal_count=467 163 124 304 49 62 42 255 62
is_linear=0
shrinkage=0.01


Tree=267
num_leaves=10
num_cat=0
split_feature=49 76 80 15 10 59 97 13 10
split_gain=0.6768 0.636038 0.659502 0.363091 0.217361 0.158843 0.184043 0.130203 0.170852
threshold=11.500000190000003 91.210000990000012 5.9892857415000007 0.67763202350000007 0.7144432140000001 0.47499990450000007 22.077017520000002 0.70413320850000016 0.61801215300000012
decision_type=2 2 2 2 2 2 8 2 2
left_child=1 3 -3 -1 7 -2 -7 8 -5
right_child=5 2 -4 4 -6 6 -8 -9 -10
leaf_value=0.0023132768463082053 -0.0060696725190039439 0.0010756561911264507 8.6554770051089624e-05 -0.0026814117152496732 0.00025333824503633197 -0.0040863842923735015 0.0006103155073829081 -0.00062105226573930825 2.9634637878776053e-05
leaf_weight=20 197 20 24 20 20 23 20 81 20
leaf_count=20 197 20 24 20 20 23 20 81 20
internal_value=-1.1217e-06 0.000415452 0.00147321 0.000108158 -5.99437e-05 -0.000365449 0.000148402 -0.00023399 0.000196078
internal_weight=445 205 44 161 141 240 43 121 40
internal_count=445 205 44 161 141 240 43 121 40
is_linear=0
shrinkage=0.01


Tree=268
num_leaves=10
num_cat=1
split_feature=30 26 40 99 76 23 10 97 0
split_gain=0.347768 1.10127 0.225674 0.226284 0.375125 0.0849019 0.0379024 0.0442779 0.0288315
threshold=2.4285714375 2.2428571245000004 2.3500000235000003 0 92.419998170000014 1.7928571275000003 0.70827528550000018 33.524162140000008 0.076376229500000017
decision_type=2 2 2 1 2 2 2 10 2
left_child=2 -2 3 4 5 -1 7 -5 -7
right_child=1 -3 -4 6 -6 8 -8 -9 -10
leaf_value=1.6857774429805197e-05 -0.0016569317165544234 0.0035848501572685741 2.548589172341611e-05 -0.0023589698305868647 0.00083223897937333916 -0.0065705669339799089 -0.00072184416675820677 -0.0013970724122895658 -0.0020782768852026976
leaf_weight=20 44 31 22 237 20 20 20 20 48
leaf_count=20 44 31 22 237 20 20 20 20 48
internal_value=-8.07789e-05 0.000534301 -0.000199853 -0.000260498 0.000117845 -0.000135135 -0.000404795 -0.000451901 -0.000319768
internal_weight=482 75 407 385 108 88 277 257 68
internal_count=482 75 407 385 108 88 277 257 68
cat_boundaries=0 1
cat_threshold=2163729
is_linear=0
shrinkage=0.01


Tree=269
num_leaves=8
num_cat=0
split_feature=17 22 19 2 4 47 2
split_gain=0.321985 0.612024 0.76134 0.217555 0.214268 0.431482 0.0272148
threshold=0.67827464300000007 1.7214285605000001 85.740000000000023 0.26168571400000001 0.39586273800000005 1.0000000180025095e-35 0.33941090000000007
decision_type=2 2 2 2 2 2 2
left_child=4 -2 3 -3 -1 6 -6
right_child=1 2 -4 -5 5 -7 -8
leaf_value=-0.0038379433083730852 -0.00077753605714552801 0.0044453265353027139 0.00023274432339572522 -0.00065906126495570967 -0.0022276773453581084 0.00080295020958763715 -0.0037773091104897909
leaf_weight=245 69 20 30 33 20 20 43
leaf_count=245 69 20 30 33 20 20 43
internal_value=-0.00016223 0.000209424 0.000793556 2.78809e-05 -0.000340633 7.75655e-05 -0.000305643
internal_weight=480 152 83 53 328 83 63
internal_count=480 152 83 53 328 83 63
is_linear=0
shrinkage=0.01


Tree=270
num_leaves=10
num_cat=0
split_feature=96 13 16 59 53 6 4 52 5
split_gain=1.14455 1.06058 0.381488 0.958958 0.337229 0.204071 0.320898 0.4106 0.0432315
threshold=131.19284590000004 0.70351365850000014 0.6776522140000002 0.085000038500000014 1.1000000085000001 0.44455778550000008 0.38895592850000005 8.0499999075000019 0.50441778600000009
decision_type=2 2 2 2 2 2 2 2 2
left_child=2 -2 4 -4 8 -5 7 -7 -1
right_child=1 -3 3 5 -6 6 -8 -9 -10
leaf_value=-0.0056864634890271097 0.0023159258207245551 4.0763261867098605e-05 0.0014755763482129328 -0.0016143456211172233 0.00046629423738997814 -0.00020570832567572977 -0.00090397317449221297 0.0033900776367999075 -0.00068392332226723754
leaf_weight=197 20 34 20 56 20 29 35 34 20
leaf_count=197 20 34 20 56 20 29 35 34 20
internal_value=0.00011915 0.0014781 -5.70667e-05 0.000291762 -0.000321699 6.45983e-06 0.000293522 0.00072884 -0.000443067
internal_weight=465 54 411 174 237 154 98 63 217
internal_count=465 54 411 174 237 154 98 63 217
is_linear=0
shrinkage=0.01


Tree=271
num_leaves=9
num_cat=0
split_feature=96 42 27 25 30 57 8 2
split_gain=0.618566 0.541313 0.313713 0.251639 0.285823 0.226775 0.0441881 0.0304949
threshold=131.86344500000004 6.3500000540000006 4.1857143300000006 1.8357142805000002 2.2428571415000005 0.55000000800000015 0.69816800000000012 0.34313876200000004
decision_type=2 2 2 2 2 2 2 2
left_child=2 -2 3 4 7 -6 -5 -1
right_child=1 -3 -4 6 5 -7 -8 -9
leaf_value=-0.0017834377070599251 0.00010492977470953089 -0.00014802132343026748 0.0017433082520831847 -0.0038156429356120234 -0.0011513815194784905 0.0013252593913560269 -0.0014235804617952219 -0.00068882829689893995
leaf_weight=54 21 22 29 233 27 36 20 20
leaf_count=54 21 22 29 233 27 36 20 20
internal_value=-6.26622e-05 0.00106164 -0.000184612 -0.000263562 6.89404e-05 0.0005721 -0.000451143 -0.000334225
internal_weight=462 43 419 390 137 63 253 74
internal_count=462 43 419 390 137 63 253 74
is_linear=0
shrinkage=0.01


Tree=272
num_leaves=10
num_cat=0
split_feature=16 1 5 3 83 16 60 96 1
split_gain=1.02265 0.621007 1.05999 0.633662 0.729323 0.444777 0.105295 0.0927778 0.0819471
threshold=0.66486142900000011 0.26014710700000004 0.37527847650000007 0.31490748550000008 4.957142825500001 0.68549789250000015 3.4150004385000003 131.19284590000004 0.22566653550000002
decision_type=2 2 2 2 2 2 2 2 2
left_child=6 2 8 -4 -5 -3 -1 -7 -2
right_child=1 5 3 4 -6 7 -8 -9 -10
leaf_value=-0.00034562063276863473 -0.0041857301311187091 0.00064253251687965531 0.0035538856394016494 -0.0010083154827157409 3.8818783743589315e-05 -0.0006052657522394359 -0.005952111586675626 5.9695115251643864e-05 0.00018560976075340742
leaf_weight=30 29 20 31 20 21 69 188 26 20
leaf_count=30 29 20 31 20 21 69 188 26 20
internal_value=9.01494e-05 0.000548986 0.0010468 0.00181319 0.000897129 4.31767e-06 -0.000397624 -0.00026618 -5.02009e-05
internal_weight=454 236 121 72 41 115 218 95 49
internal_count=454 236 121 72 41 115 218 95 49
is_linear=0
shrinkage=0.01


Tree=273
num_leaves=10
num_cat=0
split_feature=17 23 23 7 64 0 35 48 97
split_gain=0.56593 0.522576 0.618196 0.420614 0.390524 0.230414 0.110671 0.111845 0.0429746
threshold=0.65026509500000007 1.7142857015000004 1.7285714360000002 0.59456850000000017 0.52500009550000015 0.083115948000000009 4.2714286360000004 8.3000000715000031 32.201832330000009
decision_type=2 2 2 2 2 2 2 2 8
left_child=6 -2 -3 4 -4 -6 7 8 -1
right_child=1 2 3 -5 5 -7 -8 -9 -10
leaf_value=-0.0062134360806907797 -0.0019492375507988444 0.00423123748714319 0.0019415208912300433 0.00012905104616996502 9.2023752995417643e-05 -3.3595670969858022e-05 0.00038767780519233046 -0.00010345149885855224 -0.0025664121536395062
leaf_weight=189 52 20 27 21 21 80 21 25 20
leaf_count=189 52 20 27 21 21 80 21 25 20
internal_value=2.0973e-05 0.000394499 0.000668433 0.000423898 0.000186335 -8.34972e-05 -0.000295153 -0.00036201 -0.000440896
internal_weight=476 221 169 149 128 101 255 234 209
internal_count=476 221 169 149 128 101 255 234 209
is_linear=0
shrinkage=0.01


Tree=274
num_leaves=9
num_cat=0
split_feature=17 22 15 19 43 69 6 0
split_gain=0.350972 0.464167 0.470487 0.788901 0.377943 0.144013 0.0426247 0.0204918
threshold=0.62259057150000008 1.6928571290000003 0.71941769050000015 68.960000000000022 13.40000017 19.215000630000002 0.56836071450000014 0.20335552100000004
decision_type=2 2 2 2 2 2 2 2
left_child=6 -2 3 4 7 -4 -1 -3
right_child=1 2 5 -5 -6 -7 -8 -9
leaf_value=-0.0039845581748340839 -0.0024141263611272916 -0.0030606700915052631 -0.00042438925387189389 0.001674946631628917 0.0043486530268649235 0.00036052076656851442 -0.0075921965335686292 -0.00045722402187825778
leaf_weight=179 89 20 54 33 20 32 20 28
leaf_count=179 89 20 54 33 20 32 20 28
internal_value=-0.000116646 0.000108381 0.000396698 0.000859528 0.000203488 -0.000126728 -0.000437938 -0.000245902
internal_weight=475 276 187 101 68 86 199 48
internal_count=475 276 187 101 68 86 199 48
is_linear=0
shrinkage=0.01


Tree=275
num_leaves=9
num_cat=0
split_feature=17 50 10 86 67 37 14 17
split_gain=0.829608 0.446526 0.388431 0.379709 0.221033 0.216643 0.129153 0.043499
threshold=0.65026509500000007 11.149999985000003 0.66171585750000006 14.346428735000002 20.195001600000001 5.3071428875000004 0.68962457150000012 0.63706223800000006
decision_type=2 2 2 2 2 2 2 2
left_child=5 2 -2 4 -3 7 -6 -1
right_child=1 3 -4 -5 6 -7 -8 -9
leaf_value=-0.0043676412843330886 5.1430759507506245e-05 0.00020181484637410042 0.0016056583685985504 0.0030438421894292034 4.4221002048388418e-05 0.00015675060759529435 -0.0015051268711232019 -0.0010301882201478603
leaf_weight=206 32 20 30 27 20 30 75 20
leaf_count=206 32 20 30 27 20 30 75 20
internal_value=3.90624e-05 0.000517578 0.00122611 0.000189076 -4.74958e-05 -0.000334891 -0.00026618 -0.000445326
internal_weight=460 204 62 142 115 256 95 226
internal_count=460 204 62 142 115 256 95 226
is_linear=0
shrinkage=0.01


Tree=276
num_leaves=10
num_cat=0
split_feature=17 15 43 96 4 3 57 63 89
split_gain=0.627292 0.802773 0.730544 0.28646 0.176453 0.308618 0.143702 0.29812 0.0439506
threshold=0.68161828600000007 0.72553692850000007 1.1000000125000002 131.48502525000004 0.41889300000000002 0.39936442850000003 2.3499999640000007 2.8449997905000006 19.833571430000003
decision_type=2 2 2 2 2 2 2 2 2
left_child=3 2 -2 4 8 -6 -3 -8 -1
right_child=1 6 -4 -5 5 -7 7 -9 -10
leaf_value=-0.0028789278504449635 -0.00044664987555302518 -0.0004944805390135205 0.0029943140466547969 6.0223183708212233e-05 0.00063259136099870484 -0.0081543987936965809 0.00026828570114953426 -0.000686931734677184 -0.0078278283602695401
leaf_weight=223 20 43 33 20 25 35 22 22 20
leaf_count=223 20 43 33 20 25 35 22 22 20
internal_value=0 0.000553977 0.00151487 -0.000245522 -0.000327518 0.000131579 -1.70844e-05 0.000357143 -0.000449139
internal_weight=463 140 53 323 303 60 87 44 243
internal_count=463 140 53 323 303 60 87 44 243
is_linear=0
shrinkage=0.01


Tree=277
num_leaves=8
num_cat=0
split_feature=16 29 49 13 79 7 49
split_gain=0.555066 0.717666 0.748377 0.648642 0.56792 0.246943 0.233877
threshold=0.66402850000000013 3.8785713910000004 17.000000055000005 0.68397857150000008 5.5728571650000012 0.59956314300000002 11.500000055000003
decision_type=2 2 2 2 2 2 2
left_child=6 3 -3 4 -2 -5 -1
right_child=1 2 -4 5 -6 -7 -8
leaf_value=0.00010242834933699076 0.0027677820560763622 0.0010699135978576991 -0.00040290763689196775 -0.00056493370821426912 -6.3077850966281957e-05 8.4240043386099001e-05 -0.0067462146510248325
leaf_weight=30 20 30 22 118 21 26 196
leaf_count=30 20 30 22 118 21 26 196
internal_value=0 0.000334314 0.00136364 2.96016e-05 0.00113636 -0.000276243 -0.000357143
internal_weight=463 237 52 185 41 144 226
internal_count=463 237 52 185 41 144 226
is_linear=0
shrinkage=0.01


Tree=278
num_leaves=8
num_cat=0
split_feature=53 19 19 24 38 15 74
split_gain=0.649003 0.535216 0.51799 0.495431 0.114642 0.0911116 0.13767
threshold=0.35000000900000006 162.23500000000004 35.515000000000008 1.7000000095000003 6.3857142925000003 0.65563264300000013 39.210000035000007
decision_type=2 2 2 2 2 2 2
left_child=4 2 3 -2 -1 -4 -7
right_child=1 -3 5 -5 -6 6 -8
leaf_value=-0.0030087010243488128 2.0010110745854126e-06 0.00059984896322736055 0.0010978264477520927 0.004167481529009782 -0.00028997260322098146 4.4053305180179365e-05 -3.9094973977847669e-05
leaf_weight=208 34 26 20 28 28 20 94
leaf_count=208 34 26 20 28 28 20 94
internal_value=-3.70533e-05 0.000345601 0.000152439 0.000907643 -0.000405406 -0.00018546 -0.000304878
internal_weight=458 222 196 62 236 134 114
internal_count=458 222 196 62 236 134 114
is_linear=0
shrinkage=0.01


Tree=279
num_leaves=10
num_cat=0
split_feature=82 42 79 57 64 28 19 7 2
split_gain=0.379883 0.26258 0.468927 0.665888 0.24518 0.203945 0.11645 0.0418983 0.0356
threshold=6.9292857330000013 6.3500000540000006 6.4428571460000006 3.3999999765000006 0.3850002285000001 3.6071428915000001 83.490000000000023 0.41948735750000005 0.2567187855000001
decision_type=2 2 2 2 2 2 2 2 2
left_child=1 2 3 -1 -4 -3 -6 -2 -7
right_child=7 5 4 -5 6 8 -8 -9 -10
leaf_value=0.00077164183147315009 -0.0059471493052993662 0.00010685170263387213 0.00041870311870906843 9.5044361166933894e-07 -0.0023434534866949978 -0.0011974625305950827 0.0010498542982763524 -0.0044643765617653564 -0.00066744177091532578
leaf_weight=22 20 25 27 20 56 20 20 161 81
leaf_count=22 20 25 27 20 56 20 20 161 81
internal_value=-7.50885e-05 0.000156365 0.000449245 0.00133178 6.26203e-05 -0.000165615 -0.000208333 -0.000431793 -0.000378193
internal_weight=452 271 145 42 103 126 76 181 101
internal_count=452 271 145 42 103 126 76 181 101
is_linear=0
shrinkage=0.01


Tree=280
num_leaves=8
num_cat=1
split_feature=96 13 99 78 13 19 14
split_gain=0.561704 0.714339 0.290535 0.477392 0.4432 0.106377 0.0309933
threshold=131.19284590000004 0.70085331250000016 0 7.6349999900000016 0.70869845850000013 140.19000000000003 0.73712557100000009
decision_type=2 2 1 2 2 2 2
left_child=2 -2 3 6 -5 -4 -1
right_child=1 -3 5 4 -6 -7 -8
leaf_value=-0.0028252426516782152 0.0022195092756361477 4.447268848865446e-06 -0.0044240063622170102 0.0011939949542715505 -0.00061891115742291215 -0.00035032494872329074 -0.0025154565334046309
leaf_weight=56 20 39 242 31 26 31 20
leaf_count=56 20 39 242 31 26 31 20
internal_value=-8.69473e-05 0.000811037 -0.000223697 0.000149513 0.000856401 -0.000403453 -0.000338542
internal_weight=465 59 406 133 57 273 76
internal_count=465 59 406 133 57 273 76
cat_boundaries=0 1
cat_threshold=36178960
is_linear=0
shrinkage=0.01


Tree=281
num_leaves=10
num_cat=0
split_feature=38 30 36 97 8 7 87 29 6
split_gain=0.415169 0.65018 0.329353 0.348718 0.27151 0.515789 0.0415542 0.077911 0.0309933
threshold=6.0714286055000004 2.3285714305000007 3.3714285750000004 25.793231570000003 0.58116457150000012 0.48887542850000004 8.5507142545000026 3.5571429050000005 0.5215316430000001
decision_type=2 2 2 8 2 2 2 2 2
left_child=2 4 3 -1 5 -2 7 -4 -6
right_child=1 -3 6 -5 8 -7 -8 -9 -10
leaf_value=0.0018632448695279809 -0.00017013180472414972 0.00022272234956808342 -2.2170181455510214e-05 -0.0008002675216186644 -0.0028337169498498052 0.00080688694342718375 -0.0057554413069053787 3.7778320651615811e-05 -0.00067062784283188754
leaf_weight=27 33 38 36 39 56 20 183 23 20
leaf_count=27 33 38 36 39 56 20 183 23 20
internal_value=-1.15596e-05 0.000384386 -0.000233161 0.000374251 2.69644e-05 0.000585502 -0.000407743 -0.000125418 -0.000338542
internal_weight=475 167 308 66 129 53 242 59 76
internal_count=475 167 308 66 129 53 242 59 76
is_linear=0
shrinkage=0.01


Tree=282
num_leaves=10
num_cat=0
split_feature=18 73 64 56 70 38 33 35 20
split_gain=0.412943 0.384711 0.615555 0.308246 0.374371 0.254695 0.476989 0.135919 0.0432004
threshold=0.65407409500000013 42.154999730000007 0.4650001525000001 10.350000360000001 66.169999120000014 6.0714286055000004 4.157142963000001 3.9999999830000004 1.0285714310000003
decision_type=2 2 2 2 2 2 2 2 2
left_child=5 -2 -3 -4 -5 8 7 -7 -1
right_child=1 2 3 4 -6 6 -8 -9 -10
leaf_value=-0.0034698611952224947 -0.0019305131478221933 0.0034411869106714598 -0.001364666566789609 0.0026682596544484074 -0.0004745509451863379 -0.0040156198822841925 0.00077494863200396286 0.00036088789673424258 -0.00073369540728759094
leaf_weight=196 34 20 30 20 22 66 26 36 20
leaf_count=196 34 20 30 20 22 66 26 36 20
internal_value=-4.88531e-05 0.000433754 0.000775862 0.000302198 0.000864486 -0.000232019 0.000108696 -0.000184825 -0.000442805
internal_weight=470 126 92 72 42 344 128 102 216
internal_count=470 126 92 72 42 344 128 102 216
is_linear=0
shrinkage=0.01


Tree=283
num_leaves=9
num_cat=0
split_feature=17 16 7 15 35 34 1 23
split_gain=0.574783 0.664818 0.726497 0.64483 0.325223 0.126323 0.0996547 0.0438244
threshold=0.65311300000000017 0.72378202350000009 0.56148600000000004 0.68313057150000012 4.2071428810000002 5.5285714350000008 0.21004142850000004 1.7142857015000004
decision_type=2 2 2 2 2 2 2 2
left_child=4 2 3 -2 7 -3 -5 -1
right_child=1 5 -4 6 -6 -7 -8 -9
leaf_value=-0.00072635845321471465 0.0026504873133923082 -0.0004274539606839386 0.00025034065941904616 2.4218409342663082e-05 0.00051433217255773388 0.00037056307437419503 -1.4101567509585786e-05 -0.0051722572090520677
leaf_weight=20 32 70 22 20 21 20 40 218
leaf_count=20 32 70 22 20 21 20 40 218
internal_value=-2.04831e-05 0.000371094 0.000879791 0.000452586 -0.000336798 -0.000253304 -0.000131579 -0.000448074
internal_weight=463 204 114 92 259 90 60 238
internal_count=463 204 114 92 259 90 60 238
is_linear=0
shrinkage=0.01


Tree=284
num_leaves=9
num_cat=0
split_feature=96 16 97 70 51 6 1 6
split_gain=0.590247 0.897069 1.06058 0.26782 0.116051 0.121044 0.214768 0.0445915
threshold=128.28370370000002 0.72689399050000014 26.397590145000006 70.145000935000013 58.250000580000005 0.52814857150000016 0.28545300000000007 0.33223948950000004
decision_type=2 2 10 2 2 2 2 2
left_child=3 2 -2 4 5 7 -7 -1
right_child=1 -3 -4 -5 -6 6 -8 -9
leaf_value=-0.0070703227108871733 0.00010808984659972311 -0.0009396376743494515 0.0012455757552032143 7.1270113293379453e-05 2.4048165297232415e-05 0.00026210630184434624 -0.0074564073950488079 -0.0020012576923759033
leaf_weight=20 20 41 34 21 21 20 32 252
leaf_count=20 20 41 34 21 21 20 32 252
internal_value=-6.17151e-05 0.000631524 0.0014781 -0.000248092 -0.000319549 -0.000369458 3.78787e-05 -0.000454546
internal_weight=461 95 54 366 345 324 52 272
internal_count=461 95 54 366 345 324 52 272
is_linear=0
shrinkage=0.01


Tree=285
num_leaves=8
num_cat=0
split_feature=98 38 18 15 14 55 18
split_gain=0.974182 0.725745 0.680172 0.93858 0.260461 0.120739 0.0448186
threshold=24.358773140000004 6.0285714010000016 0.63515595200000019 0.72705264250000012 0.74645755350000009 0.70000001050000005 0.71304628550000015
decision_type=10 2 2 2 2 2 2
left_child=4 2 -2 -4 5 -1 -7
right_child=1 -3 3 -5 -6 6 -8
leaf_value=7.253080809142018e-06 -0.0011238172660924422 0.00085998328254950325 0.0028756574610550125 -0.00023374427660553124 5.9308175705112551e-05 -0.0038749867874021604 -8.91891569034034e-07
leaf_weight=25 53 24 20 34 24 264 20
leaf_count=25 53 24 20 34 24 264 20
internal_value=-2.15147e-05 0.000701821 0.000320037 0.00111314 -0.000313062 -0.000395417 -0.000456461
internal_weight=464 131 107 54 333 309 284
internal_count=464 131 107 54 333 309 284
is_linear=0
shrinkage=0.01


Tree=286
num_leaves=9
num_cat=0
split_feature=96 13 46 3 3 6 59 16
split_gain=0.665833 0.435154 0.183719 0.386759 0.180261 0.147333 0.382483 0.033148
threshold=131.86344500000004 0.76430351650000017 0.25000000750000007 0.35299173800000005 0.32750214250000004 0.47981021450000005 0.47499990450000007 0.69048167700000007
decision_type=2 2 2 2 2 2 2 2
left_child=1 2 5 -4 -2 -1 7 -7
right_child=4 -3 3 -5 -6 6 -8 -9
leaf_value=-0.0028242861714076048 0.0021147617174317357 0.00078975443129411201 0.00065329445476821517 -0.0019940718162789564 2.7535430808453103e-05 -0.0045814242937284276 0.00094644376579022501 -2.0720333247850262e-05
leaf_weight=238 20 23 20 28 21 66 24 20
leaf_count=238 20 23 20 28 21 66 24 20
internal_value=-6.0764e-05 -0.000184612 -0.000267137 0.000286885 0.00113636 -0.000349771 -2.70759e-05 -0.000357143
internal_weight=460 419 396 48 41 348 110 86
internal_count=460 419 396 48 41 348 110 86
is_linear=0
shrinkage=0.01


Tree=287
num_leaves=10
num_cat=0
split_feature=17 96 38 55 55 49 19 53 2
split_gain=0.722178 0.690227 0.503743 0.595516 0.473718 0.241447 0.380966 0.112505 0.0192946
threshold=0.62259057150000008 73.069060915000009 6.0285714010000016 0.94999999950000003 1.4000000135000004 5.1499999055000005 74.520000000000024 0.75000000750000007 0.29011351200000007
decision_type=2 2 2 2 2 2 2 2 2
left_child=7 -2 5 -4 8 6 -3 -1 -5
right_child=1 2 3 4 -6 -7 -8 -9 -10
leaf_value=-0.0070732857798856078 0.0026529252573221267 0.00013157426181131666 0.00057708440526238719 1.0835875183985989e-05 4.0389705683386288e-05 -0.00085887243945150069 -0.0011371576196894703 -0.0011610135945630206 -0.001212390957222556
leaf_weight=186 22 28 20 20 24 88 28 28 26
leaf_count=186 22 28 20 20 24 88 28 28 26
internal_value=2.76125e-05 0.000389408 0.000217206 0.000803965 0.000324859 -0.000138122 0.000352113 -0.000395717 -0.000235043
internal_weight=470 256 234 90 70 144 56 214 46
internal_count=470 256 234 90 70 144 56 214 46
is_linear=0
shrinkage=0.01


Tree=288
num_leaves=9
num_cat=0
split_feature=17 96 96 16 4 17 5 15
split_gain=0.946534 0.769258 0.438973 1.01448 0.325811 0.241777 0.0889461 0.043499
threshold=0.63485078600000011 77.303394425000008 131.19284590000004 0.73371160700000015 0.28195100000000006 0.73236200000000007 0.44119611900000005 0.69783107150000012
decision_type=2 2 2 2 2 2 2 2
left_child=7 -2 4 -4 -3 6 -6 -1
right_child=1 2 3 -5 5 -7 -8 -9
leaf_value=-0.005278893068271109 0.002817518568362739 0.00010460864012836302 0.0016957887352101245 -0.0011659475222148539 -0.00092080504939990508 0.0041902490264671176 -0.0010035379607109237 -0.00047955195912888774
leaf_weight=206 20 23 26 22 96 21 30 20
leaf_count=206 20 23 26 22 96 21 30 20
internal_value=1.29087e-05 0.000456449 0.000269653 0.00110656 1.75643e-05 -0.000145467 -0.000323344 -0.000445326
internal_weight=464 238 218 48 170 147 126 226
internal_count=464 238 218 48 170 147 126 226
is_linear=0
shrinkage=0.01


Tree=289
num_leaves=8
num_cat=0
split_feature=17 4 1 8 28 50 18
split_gain=0.510234 0.622132 0.738539 0.466627 0.197177 0.129661 0.34819
threshold=0.56763350000000012 0.38555321400000003 0.29540685750000006 0.48260336750000005 4.1071428060000015 11.400000260000001 0.65407409500000013
decision_type=2 2 2 2 2 2 2
left_child=-1 3 -3 -2 5 6 -5
right_child=1 2 -4 4 -6 -7 -8
leaf_value=-0.0083310934646709973 0.0037263170930371494 0.00062526434125410857 -0.0002359760241397767 -0.00059771683166186154 0.0013196332860930672 -0.0014777159891460122 0.00017774724586131624
leaf_weight=152 28 33 36 47 24 124 25
leaf_count=152 28 33 36 47 24 124 25
internal_value=-5.32153e-06 0.000218691 0.00105301 -8.0387e-06 -0.000172102 -0.000284553 2.74724e-05
internal_weight=469 317 69 248 220 196 72
internal_count=469 317 69 248 220 196 72
is_linear=0
shrinkage=0.01


Tree=290
num_leaves=8
num_cat=0
split_feature=16 15 31 17 83 48 13
split_gain=0.835994 0.771935 0.740214 0.342526 0.231169 0.179943 0.138405
threshold=0.6776522140000002 0.69655156050000011 3.0142857180000004 0.69084445250000004 4.6264285795000006 6.6000000495000011 0.76430351650000017
decision_type=2 2 2 2 2 2 2
left_child=4 -2 5 -4 -1 6 -3
right_child=1 2 3 -5 -6 -7 -8
leaf_value=0.00036426283318250971 0.0025739904348253029 -0.00066857969380496919 0.00022434612024112608 2.7853485069269805e-05 -0.0052059510484700911 0.00041466902289126131 0.00025027079129072373
leaf_weight=31 32 96 20 21 226 25 20
leaf_count=31 32 96 20 21 226 25 20
internal_value=5.29874e-06 0.000470205 0.000202407 0.0013756 -0.000374321 -0.000130466 -0.000308219
internal_weight=471 214 182 41 257 141 116
internal_count=471 214 182 41 257 141 116
is_linear=0
shrinkage=0.01


Tree=291
num_leaves=8
num_cat=0
split_feature=87 56 68 66 21 69 31
split_gain=0.689315 0.569442 0.494919 1.07098 0.227297 0.14954 0.129072
threshold=8.604285615000002 10.100000220000002 0.71500015250000015 28.149999145000006 2.6071428400000003 15.385000230000001 3.2214285985000006
decision_type=2 2 2 2 2 2 2
left_child=1 2 3 4 -1 -2 -7
right_child=5 -3 -4 -5 -6 6 -8
leaf_value=-0.0022627788635443142 0.00023596900740764979 0.00015514799507995451 -0.0010693147040884675 0.0025632220232223082 4.877410123311063e-05 -0.0028597678865792671 0.0048701107726083154
leaf_weight=43 38 30 62 27 21 220 25
leaf_count=43 38 30 62 27 21 220 25
internal_value=-2.14236e-06 0.00047062 0.000204811 0.000680828 -1.17738e-10 -0.000315363 -0.000408869
internal_weight=466 183 153 91 64 283 245
internal_count=466 183 153 91 64 283 245
is_linear=0
shrinkage=0.01


Tree=292
num_leaves=10
num_cat=0
split_feature=16 96 48 98 15 66 18 30 1
split_gain=0.783214 0.822345 0.502646 0.743837 0.302018 0.32154 0.388144 0.160278 0.0180012
threshold=0.66402850000000013 73.069060915000009 2.7499999590000006 26.397590145000006 0.71817716700000012 28.459999560000004 0.59664671450000006 2.4285714375 0.26576914300000004
decision_type=2 2 2 10 2 2 2 2 2
left_child=7 -2 3 -3 5 8 -7 -1 -4
right_child=1 2 4 -5 -6 6 -8 -9 -10
leaf_value=-0.0055349487138908896 0.0025553721651903061 0.00010824469019433162 -0.0019605085415423111 -0.00073870358346904495 -0.00036059182885578761 -0.0051550934495902421 0.0012827043545704452 0.00055323461793854831 -5.1992791941880766e-05
leaf_weight=221 20 23 24 25 84 22 25 20 20
leaf_count=221 20 23 24 25 84 22 25 20 20
internal_value=-1.19013e-10 0.000395816 0.000207775 0.00110656 -3.12857e-05 0.00035403 0.000930962 -0.000407362 -0.000223214
internal_weight=484 243 223 48 175 91 47 241 44
internal_count=484 243 223 48 175 91 47 241 44
is_linear=0
shrinkage=0.01


Tree=293
num_leaves=9
num_cat=0
split_feature=87 3 5 41 29 97 7 3
split_gain=0.556542 0.501676 1.59662 0.405734 0.107519 0.131196 0.0282128 0.0257349
threshold=8.604285615000002 0.33839942850000004 0.41801057150000004 8.7000001410000021 3.3285714215000004 32.295893760000006 0.51708171400000003 0.27310892850000007
decision_type=2 2 2 2 2 8 2 2
left_child=1 2 3 7 -2 -6 -3 -1
right_child=4 6 -4 -5 5 -7 -8 -9
leaf_value=-0.0033263313985744912 -0.00013862789896011438 -0.0015185239820558994 0.00070341944839088209 2.2538886767322617e-05 -0.0029122139002761543 -0.0016977327223776319 -0.00084999305524538244 -0.0011777344754858199
leaf_weight=20 25 20 20 29 249 25 46 39
leaf_count=20 25 20 20 29 249 25 46 39
internal_value=-9.39216e-05 0.00034897 0.000772059 0.000157658 -0.000358573 -0.000418486 -0.000314371 -0.000292642
internal_weight=473 174 108 88 299 274 66 59
internal_count=473 174 108 88 299 274 66 59
is_linear=0
shrinkage=0.01


Tree=294
num_leaves=7
num_cat=1
split_feature=99 1 97 40 14 37
split_gain=0.592399 1.2208 1.11257 0.273083 0.191156 0.193827
threshold=0 0.22631435750000004 22.836835770000004 1.8499999640000002 0.75020021450000007 5.2285714490000013
decision_type=1 2 8 2 2 2
left_child=1 -1 -3 4 5 -2
right_child=3 2 -4 -5 -6 -7
leaf_value=-0.006909150115999534 -0.0028518050868875833 7.3135482214245622e-05 0.0011970560011509935 7.2314300942080865e-05 0.0001390110427273309 0.00058393498360464373
leaf_weight=49 240 33 26 33 30 37
leaf_count=49 240 33 26 33 30 37
internal_value=8.91254e-06 0.000622896 0.00164716 -0.000193843 -0.000297271 -0.000383369
internal_weight=448 108 59 340 307 277
internal_count=448 108 59 340 307 277
cat_boundaries=0 1
cat_threshold=36503681
is_linear=0
shrinkage=0.01


Tree=295
num_leaves=9
num_cat=0
split_feature=17 28 26 19 42 19 60 4
split_gain=0.789834 0.541637 0.516836 0.904714 0.396981 0.177613 0.142769 0.106886
threshold=0.62259057150000008 4.1285714930000008 2.2142857355000003 113.62500000000001 8.0500001680000022 39.240000000000002 3.4150004385000003 0.36822471450000005
decision_type=2 2 2 2 2 2 2 2
left_child=6 2 5 4 7 -2 -1 -4
right_child=1 -3 3 -5 -6 -7 -8 -9
leaf_value=0.00012293084801373577 4.8604346818588033e-05 0.0040043172841705546 -0.00058998700790374563 0.00068078945518201166 0.0034795904438511944 -0.0013886330671708141 -0.0053222651240539343 5.0189376960106911e-05
leaf_weight=22 31 24 46 27 27 79 186 20
leaf_count=22 31 24 46 27 27 79 186 20
internal_value=5.83404e-05 0.000435636 0.000272963 0.000728477 0.000229211 -0.000207581 -0.00039272 -0.000164671
internal_weight=462 254 230 120 93 110 208 66
internal_count=462 254 230 120 93 110 208 66
is_linear=0
shrinkage=0.01


Tree=296
num_leaves=8
num_cat=0
split_feature=63 12 19 50 6 2 19
split_gain=0.59905 0.614084 0.53541 0.293024 0.285024 0.328281 0.0436387
threshold=2.7749996185000003 0.62224621450000006 40.900000000000013 11.100000065000001 0.52688710700000019 0.34856400000000004 145.84500000000003
decision_type=2 2 2 2 2 2 2
left_child=1 -1 -3 -4 6 -6 -2
right_child=4 2 3 -5 5 -7 -8
leaf_value=0.0022287207990735049 -0.0041352561216047709 0.0031407937362459572 4.6013221107002348e-06 -0.00037138566320748558 0.0013482626701538803 -0.0094279156554929518 -0.0061430982625337209
leaf_weight=37 211 33 21 88 20 20 20
leaf_count=37 211 33 21 88 20 20 20
internal_value=-6.65495e-06 0.000436596 0.000119048 -0.000204918 -0.000307211 0.000441176 -0.000446506
internal_weight=450 179 142 109 271 40 231
internal_count=450 179 142 109 271 40 231
is_linear=0
shrinkage=0.01


Tree=297
num_leaves=10
num_cat=0
split_feature=16 25 19 98 96 50 26 54 19
split_gain=0.471292 0.38393 0.85155 0.393253 0.341762 0.199105 0.193776 0.318484 0.0437196
threshold=0.6776522140000002 1.8642857075000003 103.35000000000001 21.838804660000005 126.08923750000001 11.499999985000002 2.2214285645000005 11.450000075 7.1050000000000013
decision_type=2 2 2 8 2 2 2 2 2
left_child=4 3 5 -2 8 -3 -5 -8 -1
right_child=1 2 -4 6 -6 -7 7 -9 -10
leaf_value=-0.004504060950209712 6.7406502340641535e-05 -0.00075255400971558782 0.001412692866797976 -0.00048946305110940977 0.00022563690746574836 0.003325363386810859 0.0023649388793716831 -0.00094284077747234022 -0.0037304461502300126
leaf_weight=20 21 27 22 87 20 20 22 25 214
leaf_count=20 21 27 22 87 20 20 22 25 214
internal_value=-3.55055e-05 0.000293594 0.000909742 3.20912e-06 -0.000333595 9.41421e-05 -0.00018546 0.000303347 -0.000447189
internal_weight=478 224 69 155 254 47 134 47 234
internal_count=478 224 69 155 254 47 134 47 234
is_linear=0
shrinkage=0.01


Tree=298
num_leaves=9
num_cat=0
split_feature=63 38 38 67 19 22 31 10
split_gain=0.479941 0.346262 0.550968 0.290538 0.199105 0.164534 0.0992199 0.0428039
threshold=3.1500000950000007 6.0285714010000016 6.228571381000001 20.195001600000001 46.710000000000008 1.9571428385000003 3.0714285880000003 0.49315400000000004
decision_type=2 2 2 2 2 2 2 2
left_child=1 3 -3 -1 -4 7 -5 -2
right_child=5 2 4 6 -6 -7 -8 -9
leaf_value=0.00013262684230925427 -0.0023025254044412116 0.00011887884938097932 0.0033050288244370158 -0.0015050448338794925 -0.00016732301838893009 0.00067327238348326537 0.0019197908622471049 -0.0042375021147756124
leaf_weight=38 20 33 20 73 27 37 25 184
leaf_count=38 20 33 20 73 27 37 25 184
internal_value=-1.41985e-05 0.000322878 0.000841584 0 9.41421e-05 -0.000324649 -0.000273279 -0.000439453
internal_weight=457 216 80 136 47 241 98 204
internal_count=457 216 80 136 47 241 98 204
is_linear=0
shrinkage=0.01


Tree=299
num_leaves=9
num_cat=1
split_feature=96 41 99 18 14 9 67 13
split_gain=0.461783 0.420534 0.34209 0.585141 0.566932 0.846652 0.217036 0.160278
threshold=131.77162625000003 8.3500001095000016 0 0.52939835750000008 0.69640939300000004 0.59954969150000015 20.195001600000001 0.75677550850000019
decision_type=2 2 1 2 2 2 2 2
left_child=2 -2 3 -1 5 -5 -4 -8
right_child=1 -3 6 4 -6 -7 7 -9
leaf_value=-0.010323766071586381 0.000645137623240704 -0.0008699125085412829 0.00010669359697887255 0.00024616853598969209 -0.0004974508993359309 0.0012356812875888596 -0.0026147688799939453 0.00023441725360498378
leaf_weight=57 24 22 28 33 34 22 221 20
leaf_count=57 24 22 28 33 34 22 221 20
internal_value=1.62407e-05 0.000961538 -8.53777e-05 0.00028699 0.000818485 0.00144265 -0.000294854 -0.000407362
internal_weight=461 46 415 146 89 55 269 241
internal_count=461 46 415 146 89 55 269 241
cat_boundaries=0 1
cat_threshold=36179074
is_linear=0
shrinkage=0.01


Tree=300
num_leaves=10
num_cat=0
split_feature=16 25 16 11 68 35 16 43 2
split_gain=0.650015 0.8413 0.605712 0.694656 0.907132 0.355558 0.27639 0.205742 0.0360075
threshold=0.66402850000000013 1.8214285545000002 0.71469892850000016 0.6967543570000001 1.1549997330000001 4.1714285610000017 0.75045346700000015 14.500000120000001 0.27183042850000005
decision_type=2 2 2 2 2 2 2 2 2
left_child=5 6 3 4 -3 -1 8 -4 -2
right_child=1 2 7 -5 -6 -7 -8 -9 -10
leaf_value=-0.0052691469124799273 -0.0012717391304940624 0.0029394422138525928 -0.0014183181047844157 0.00087075496233473713 -0.0012058612481460694 0.00088104051946298004 0.0041337355340448469 0.00020925566898686161 -0.00042257691578548485
leaf_weight=187 20 23 29 21 33 20 20 20 84
leaf_count=187 20 23 29 21 33 20 20 20 84
internal_value=6.44385e-05 0.000410686 0.000985804 0.00153599 0.000880282 -0.000344081 -0.000160257 7.0281e-05 -0.00038168
internal_weight=457 250 126 77 56 207 124 49 104
internal_count=457 250 126 77 56 207 124 49 104
is_linear=0
shrinkage=0.01


Tree=301
num_leaves=8
num_cat=0
split_feature=40 98 98 43 56 16 1
split_gain=0.755686 0.694224 0.540304 0.253055 0.200257 0.27147 0.0240534
threshold=2.2500000000000004 25.045844445000004 26.397590145000006 12.299999980000001 0.40000000950000009 0.6776522140000002 0.23158011900000003
decision_type=2 10 10 2 2 2 2
left_child=1 4 -3 -4 5 -1 -5
right_child=-2 2 3 6 -6 -7 -8
leaf_value=-0.0010208402174434548 6.3574352881019081e-05 7.0898830738998911e-05 0.00053337989411880488 -0.0010342147027172855 -0.0042436036940431895 0.0012109829732662293 -0.00083667399584631363
leaf_weight=34 20 31 27 20 256 27 35
leaf_count=34 20 31 27 20 256 27 35
internal_value=-2.88377e-05 -0.000123027 0.000540422 8.45409e-05 -0.000366583 0.000121359 -0.000277778
internal_weight=450 430 113 82 317 61 55
internal_count=450 430 113 82 317 61 55
is_linear=0
shrinkage=0.01


Tree=302
num_leaves=11
num_cat=0
split_feature=17 52 44 41 43 97 80 48 97 13
split_gain=0.60902 0.475507 1.05598 0.954291 0.31016 0.245835 0.452738 0.237186 0.360307 0.117272
threshold=0.63485078600000011 7.2000000065000007 8.2000000180000026 8.5999997815000011 1.1000000125000002 26.397590145000006 5.7892856005000004 5.4000001440000007 26.220461355000005 0.68516797500000015
decision_type=2 2 2 2 2 10 2 2 10 2
left_child=7 9 3 -3 -4 6 -6 -1 -9 -2
right_child=1 2 4 -5 5 -7 -8 8 -10 -11
leaf_value=-0.0067466019038681926 0.00018044074267761724 0.00087884871794300713 -0.001910275792187505 0.0026802674095682396 8.8032125682579903e-05 -0.00075108863331812311 -0.002273818381917684 0.00062205979406472901 -0.0010500849897486051 -0.0013320585313430777
leaf_weight=183 20 20 42 21 22 27 20 21 28 57
leaf_count=183 20 20 42 21 22 27 20 21 28 57
internal_value=3.78951e-05 0.000406875 0.000732984 0.0020933 0.000201252 0.000623209 0.00109813 -0.00031787 0.000271084 -0.000212082
internal_weight=461 229 152 41 111 69 42 232 49 77
internal_count=461 229 152 41 111 69 42 232 49 77
is_linear=0
shrinkage=0.01


Tree=303
num_leaves=9
num_cat=0
split_feature=96 16 16 59 19 9 59 16
split_gain=0.903984 0.621774 0.499719 0.480192 0.694382 0.13488 0.129681 0.214768
threshold=131.19284590000004 0.73171178550000004 0.6776522140000002 0.085000038500000014 39.240000000000002 0.68913092500000006 0.51000022900000019 0.63790400000000014
decision_type=2 2 2 2 2 2 2 2
left_child=2 -2 6 -4 -5 -6 -1 -8
right_child=1 -3 3 4 5 -7 7 -9
leaf_value=-0.0054631719202112407 0.00087590076530682267 -0.00041019189944092426 0.00061583915549230932 0.0026936408855726393 -0.0011531426911196669 0.00015396416386315574 0.00066344325449767651 -0.0023370427212247606
leaf_weight=201 33 22 21 38 87 20 20 32
leaf_count=201 33 22 21 38 87 20 20 32
internal_value=6.52905e-05 0.00126344 -8.93284e-05 0.000329736 0.00010631 -0.000292208 -0.000372341 3.78787e-05
internal_weight=474 55 419 166 145 107 253 52
internal_count=474 55 419 166 145 107 253 52
is_linear=0
shrinkage=0.01


Tree=304
num_leaves=8
num_cat=0
split_feature=17 6 35 56 4 4 29
split_gain=0.651248 0.78617 0.324763 0.358154 0.269218 0.500036 0.157157
threshold=0.62259057150000008 0.5456963855000001 4.2714286360000004 0.25000000350000007 0.35124811900000003 0.33419702350000008 3.8571428400000003
decision_type=2 2 2 2 2 2 2
left_child=6 2 3 -2 5 -5 -1
right_child=1 -3 -4 4 -6 -7 -8
leaf_value=0.00016697792141824686 0.0014381162130539429 7.8421050036214132e-05 0.00041987680127461449 -2.2935311763695165e-05 -0.00038424108878145279 0.00221230458695901 -0.0049545574564925096
leaf_weight=20 21 21 28 80 95 23 189
leaf_count=20 21 21 28 80 95 23 189
internal_value=1.98827e-05 0.000349702 0.00017958 3.86714e-05 -8.55132e-05 0.000255299 -0.000393232
internal_weight=477 268 247 219 198 103 209
internal_count=477 268 247 219 198 103 209
is_linear=0
shrinkage=0.01


Tree=305
num_leaves=11
num_cat=0
split_feature=96 4 17 48 89 3 84 66 48 29
split_gain=0.729969 0.93858 0.301402 0.405355 0.300562 0.199601 0.135721 0.195577 0.102217 0.0440953
threshold=131.19284590000004 0.38097314300000001 0.68784068600000015 3.4999999890000004 19.990714345000004 0.30258425000000005 15.022857120000003 30.640000345000001 6.0999998970000009 3.5214285595000003
decision_type=2 2 2 2 2 2 2 2 2 2
left_child=2 -2 4 5 6 -4 7 -1 -5 -8
right_child=1 -3 3 8 -6 -7 9 -9 -10 -11
leaf_value=-0.0060334799142265343 0.00066682650102408293 0.00010800112574687667 0.0033698218047212665 -0.00037882884566279944 0.00041655493661691968 6.8788357851638424e-05 -1.7561867807804749e-06 0.00069745174016340753 0.00016366812792983326 -0.0030814890872840912
leaf_weight=26 34 20 20 42 20 22 20 20 20 229
leaf_count=26 34 20 20 42 20 22 20 20 20 229
internal_value=2.42717e-05 0.00111314 -0.000113149 0.000343511 -0.000270741 0.00109813 -0.00035666 0.000106837 -0.000143312 -0.00045036
internal_weight=473 54 419 104 315 42 295 46 62 249
internal_count=473 54 419 104 315 42 295 46 62 249
is_linear=0
shrinkage=0.01


Tree=306
num_leaves=9
num_cat=0
split_feature=18 9 50 5 39 5 51 45
split_gain=0.437118 0.485502 0.681562 0.890497 0.180326 0.232629 0.144211 0.107251
threshold=0.59664671450000006 0.51665650000000019 10.999999905000001 0.43647588100000007 2.3999999685000004 0.50949892850000011 53.700000285000009 1.9000000060000002
decision_type=2 2 2 2 2 2 2 2
left_child=4 -2 3 -3 5 -1 7 -4
right_child=1 2 6 -5 -6 -7 -8 -9
leaf_value=-0.0033274630501854679 0.0039497385525086659 -5.1278194660585812e-06 -0.00054231219342445276 0.00021904635733530382 0.00042774005770532952 0.00050451453841138662 1.0757385746654764e-05 -0.0010455816234636352
leaf_weight=190 20 32 25 20 29 30 29 92
leaf_count=190 20 32 25 20 29 30 29 92
internal_value=3.0996e-05 0.00036106 0.000196177 0.00117424 -0.0002502 -0.000353261 -0.000143052 -0.000309847
internal_weight=467 218 198 52 249 220 146 117
internal_count=467 218 198 52 249 220 146 117
is_linear=0
shrinkage=0.01


Tree=307
num_leaves=9
num_cat=0
split_feature=38 16 0 5 81 29 72 55
split_gain=0.634351 0.756604 0.603539 0.378258 0.275391 0.253034 0.23344 0.361606
threshold=6.0285714010000016 0.6776522140000002 0.23388037500000003 0.44119611900000005 8.566428593000003 4.1142857160000004 78.35999870000002 5.1499999575000013
decision_type=2 2 2 2 2 2 2 2
left_child=4 5 -3 -4 6 -2 -1 -8
right_child=1 2 3 -5 -6 -7 7 -9
leaf_value=-0.0005962390387933143 0.00063201205774245995 0.0017828588858689351 -0.00014004844227518223 0.00086639176234390414 -0.0034447133831856771 -0.0053741485045687588 0.0031170161202520716 -1.6148438212583298e-05
leaf_weight=38 34 25 30 23 172 60 32 34
leaf_count=38 34 25 30 23 172 60 32 34
internal_value=5.34758e-05 0.000532407 0.00125635 0.000585502 -0.000238439 -5.27427e-05 0.000152672 0.000523952
internal_weight=448 172 78 53 276 94 104 66
internal_count=448 172 78 53 276 94 104 66
is_linear=0
shrinkage=0.01


Tree=308
num_leaves=8
num_cat=0
split_feature=53 10 53 10 21 98 36
split_gain=0.523147 0.520163 0.479681 0.370508 0.302521 0.390064 0.103288
threshold=0.35000000900000006 0.6591916430000001 0.89999998350000021 0.5587817140000001 2.3142856785000006 26.226992050000003 4.7499999830000013
decision_type=2 2 2 2 2 8 2
left_child=6 3 -3 -2 5 -4 -1
right_child=1 2 4 -5 -6 -7 -8
leaf_value=-0.0045684063823710937 0.0022211094238801981 0.0010746985815734999 0.00032407851407001252 -0.00031978721898491628 -0.0010002571803775591 -0.0010773945297529893 1.2920920095934739e-06
leaf_weight=202 29 34 20 96 31 23 31
leaf_count=202 29 34 20 96 31 23 31
internal_value=-6.64097e-05 0.000263045 0.000772059 -0.000162957 0.000280749 0.000833333 -0.000404192
internal_weight=466 233 108 125 74 43 233
internal_count=466 233 108 125 74 43 233
is_linear=0
shrinkage=0.01


Tree=309
num_leaves=9
num_cat=0
split_feature=29 41 19 1 1 22 97 15
split_gain=0.417674 0.458357 0.713343 0.333584 0.641955 0.164702 0.179847 0.132185
threshold=3.9142857110000002 9.2000001220000023 110.87500000000001 0.23458046400000002 0.28634985750000003 1.9571428385000003 29.895495065000002 0.69030239300000018
decision_type=2 2 2 2 2 2 10 2
left_child=1 2 3 -1 -5 -2 -7 -3
right_child=5 7 -4 4 -6 6 -8 -9
leaf_value=-0.0020878039841692279 -0.0060724225048900187 0.00037407559938242686 0.000336786775578304 0.00098384707038856817 -0.00021719135775995484 0.00089992027577667061 -0.0046927363301867229 -0.00086119902907643754
leaf_weight=45 207 20 32 31 26 20 22 81
leaf_count=45 207 20 32 31 26 20 22 81
internal_value=-8.25084e-05 0.000214164 0.00060089 0.00016537 0.000683391 -0.000370296 0.000163551 -0.000279961
internal_weight=484 235 134 102 57 249 42 101
internal_count=484 235 134 102 57 249 42 101
is_linear=0
shrinkage=0.01


Tree=310
num_leaves=9
num_cat=0
split_feature=17 27 52 54 64 26 98 15
split_gain=0.677995 0.556345 0.94686 0.322065 0.487537 0.243015 0.360807 0.0429746
threshold=0.62259057150000008 4.1499999930000007 7.5000002085000004 0.99999999650000004 0.52500009550000015 2.2642857260000002 27.039807480000004 0.69030239300000018
decision_type=2 2 2 2 2 2 8 2
left_child=7 3 -3 4 -2 -5 -7 -1
right_child=1 2 -4 5 -6 6 -8 -9
leaf_value=-0.0061977702789227061 0.0015911978557990869 -0.00054745942800791452 0.0023016064810830782 -0.0011205935015093128 -0.0001523621184277768 0.0017814419264979174 -0.00045242493459049564 -2.2576120139096851e-05
leaf_weight=189 33 25 24 94 33 29 28 20
leaf_count=189 33 25 24 94 33 29 28 20
internal_value=-1.15596e-05 0.000318591 0.0012751 8.95316e-05 0.000673653 -0.000154809 0.00033737 -0.000440896
internal_weight=475 266 49 217 66 151 57 209
internal_count=475 266 49 217 66 151 57 209
is_linear=0
shrinkage=0.01


Tree=311
num_leaves=9
num_cat=0
split_feature=17 15 4 98 96 86 31 3
split_gain=0.310778 0.991644 0.296973 0.65381 0.250923 0.133668 0.0440238 0.0325544
threshold=0.68524642850000006 0.69655156050000011 0.41752242900000008 23.962523665000003 116.01929460000001 14.910714285000003 2.1571428435000004 0.30644400000000005
decision_type=2 2 2 8 2 2 2 2
left_child=2 -2 5 -4 -3 6 -1 -6
right_child=1 4 3 -5 7 -7 -8 -9
leaf_value=-1.2080687062854084e-05 0.0024064465722890942 0.0024512369312418305 -0.0026377673457614339 0.00068463195549539342 -0.0010709633682575305 0.00053236412028623877 -0.0032347832080157029 -7.5076869302446878e-05
leaf_weight=20 26 20 31 20 20 22 226 63
leaf_count=20 26 20 31 20 20 22 226 63
internal_value=-7.13014e-05 0.000335131 -0.000242339 0.000434363 -9.15223e-05 -0.000379464 -0.000449757 -0.000352029
internal_weight=448 129 319 51 103 268 246 83
internal_count=448 129 319 51 103 268 246 83
is_linear=0
shrinkage=0.01


Tree=312
num_leaves=10
num_cat=1
split_feature=99 98 38 67 37 18 22 24 4
split_gain=0.491835 0.917426 0.40531 0.177166 0.190504 0.195015 0.377262 0.0437461 0.0264977
threshold=0 25.894776115000003 6.0785714560000006 20.080000875000003 5.0071428845000012 0.56980719650000011 1.7428571075000001 1.5928571225000001 0.4244507145000001
decision_type=1 10 2 2 2 2 2 2 2
left_child=1 2 -1 -2 7 8 -7 -5 -6
right_child=3 -3 -4 4 5 6 -8 -9 -10
leaf_value=-0.0059151210284643999 0.00017815094535800834 0.001663034399928784 0.00060295335568614562 -0.0038104508219264158 -0.0013191421573342061 -1.549047116720152e-05 0.0033689804035025002 -0.0017462124568457769 -0.0068000819242979354
leaf_weight=54 27 24 33 20 41 20 25 215 20
leaf_count=54 27 24 33 20 41 20 25 215 20
internal_value=-3.64736e-05 0.000513136 5.12527e-05 -0.000216473 -0.00028818 4.68164e-05 0.000556768 -0.000447413 -0.000299353
internal_weight=479 111 87 368 341 106 45 235 61
internal_count=479 111 87 368 341 106 45 235 61
cat_boundaries=0 1
cat_threshold=673581057
is_linear=0
shrinkage=0.01


Tree=313
num_leaves=8
num_cat=0
split_feature=97 18 3 6 32 22 0
split_gain=0.404853 0.719107 0.795193 0.502286 0.243276 0.0573318 0.0819471
threshold=24.482091070000006 0.65860228550000011 0.31433675000000005 0.53483178600000014 3.1214285920000004 1.8142857255000002 0.16604052100000002
decision_type=10 2 2 2 2 2 2
left_child=5 3 -3 4 -2 -1 -7
right_child=1 2 -4 -5 -6 6 -8
leaf_value=-0.00038230556331985202 0.00063033465613423979 0.0029905668106831019 -0.00039395312453490881 0.00074155491619006051 -0.0023810476397545829 0.00047367072312318181 -0.00051453859863167519
leaf_weight=181 27 26 24 20 133 20 29
leaf_count=181 27 26 24 20 133 20 29
internal_value=-0.000104167 0.000186308 0.00124016 -9.95576e-05 -0.000298508 -0.000402946 -5.02009e-05
internal_weight=460 230 50 180 160 230 49
internal_count=460 230 50 180 160 230 49
is_linear=0
shrinkage=0.01


Tree=314
num_leaves=10
num_cat=0
split_feature=14 71 25 96 96 7 97 0 0
split_gain=0.54844 0.936133 0.248299 0.353594 0.21461 0.0905085 0.0435274 0.0371026 0.0166011
threshold=0.7443212855000001 60.380000115000009 1.8857142885000002 101.33499545000002 131.77162625000003 0.51783266650000004 32.508064960000006 0.089654667000000007 0.23516897900000003
decision_type=2 2 2 2 2 2 8 2 2
left_child=2 8 3 5 7 -1 -4 -5 -2
right_child=1 -3 6 4 -6 -7 -8 -9 -10
leaf_value=0.00036761592762643596 -0.00058037120243074729 0.00049302526532082273 -0.0052951883433262946 -0.0010499017687304354 0.00017600057658371081 0.0014680844655530667 -0.0064434011776480929 -0.00061970547737032482 -0.0001755922582761188
leaf_weight=23 22 30 207 20 25 20 20 93 20
leaf_count=23 22 30 207 20 25 20 20 93 20
internal_value=-7.90351e-05 0.000714286 -0.000225049 4.1254e-05 -0.000194525 0.000833333 -0.000445566 -0.000391037 -0.00021028
internal_weight=480 72 408 181 138 43 227 113 42
internal_count=480 72 408 181 138 43 227 113 42
is_linear=0
shrinkage=0.01


Tree=315
num_leaves=9
num_cat=0
split_feature=60 10 15 92 39 27 19 50
split_gain=0.713238 1.0435 1.05204 0.353743 0.301305 0.21161 0.373995 0.0854864
threshold=3.7500004770000008 0.6531102860000001 0.72889664300000012 16.371428355000003 4.5500000120000008 3.8285714390000005 57.185000000000009 22.500000080000003
decision_type=2 2 2 2 2 2 2 2
left_child=1 4 -3 -4 -1 6 -2 -7
right_child=5 2 3 -5 -6 7 -8 -9
leaf_value=-0.0033907233522098425 -0.0011941580423090153 0.001649264844365066 -0.0034336407566043802 3.9779722365995559e-05 4.2526240111285793e-06 -0.0014073678336158542 0.00074938675128984197 -6.510923113322465e-05
leaf_weight=79 26 38 27 29 20 187 20 37
leaf_count=79 26 38 27 29 20 187 20 37
internal_value=5.71366e-05 0.000523736 0.00127637 0.000352113 -0.000175351 -0.000269572 0.000320513 -0.000400356
internal_weight=463 193 94 56 99 270 46 224
internal_count=463 193 94 56 99 270 46 224
is_linear=0
shrinkage=0.01


Tree=316
num_leaves=8
num_cat=0
split_feature=86 97 15 97 36 32 17
split_gain=0.709533 0.966616 1.4624 0.25949 0.149174 0.202491 0.112937
threshold=13.629285810000001 25.976974940000002 0.72790397600000012 34.040398345000007 5.0428571360000012 2.2928571445000006 0.69515511900000015
decision_type=2 8 2 8 2 2 2
left_child=1 2 -1 4 -2 -6 -3
right_child=3 6 -4 -5 5 -7 -8
leaf_value=0.0013749579318319629 -0.002733711268384328 -0.00099767720601809081 -0.0004357694533785963 0.00051164972964144804 0.0003905571716855799 -0.00018488900742588384 0.0037385581412083886
leaf_weight=30 257 52 28 24 20 28 20
leaf_count=30 257 52 28 24 20 28 20
internal_value=-5.98087e-05 0.000558104 0.00151361 -0.000310795 -0.000394049 8.19671e-05 -0.000192308
internal_weight=459 130 58 329 305 48 72
internal_count=459 130 58 329 305 48 72
is_linear=0
shrinkage=0.01


Tree=317
num_leaves=10
num_cat=0
split_feature=17 18 18 73 44 44 18 67 10
split_gain=0.557543 0.430909 0.336669 0.501786 0.425854 1.13306 0.28888 0.110307 0.0360075
threshold=0.56763350000000012 0.53550523800000016 0.63328252850000011 42.154999730000007 8.2000000180000026 7.5000000595000005 0.7000900000000001 33.095000745000007 0.68487628550000013
decision_type=2 2 2 2 2 2 2 2 2
left_child=-1 -2 7 -4 5 -5 -6 8 -3
right_child=1 2 3 4 6 -7 -8 -9 -10
leaf_value=-0.0068163612863133809 0.00078150698351965565 -0.00073756447928157711 -0.0019713414300778463 -0.00037387428098189428 -1.1996898045492886e-05 0.0025538424386171489 0.0032162612355941932 0.00024441878302020064 -0.00043452870203552541
leaf_weight=142 30 84 43 21 62 20 20 39 20
leaf_count=142 30 84 43 21 62 20 20 39 20
internal_value=3.6322e-05 0.000260447 0.000140413 0.00044964 0.000779483 0.00161483 0.000326087 -0.000205146 -0.00038168
internal_weight=481 339 309 166 123 41 82 143 104
internal_count=481 339 309 166 123 41 82 143 104
is_linear=0
shrinkage=0.01


Tree=318
num_leaves=8
num_cat=0
split_feature=17 23 72 6 96 19 15
split_gain=0.486828 0.391405 0.620923 0.460922 1.02116 0.325919 0.214331
threshold=0.56993757100000009 1.6857143045000003 76.55000019500001 0.52688710700000019 103.55921410000002 113.62500000000001 0.61609792850000011
decision_type=2 2 2 2 2 2 2
left_child=-1 -2 -3 5 -5 6 -4
right_child=1 2 3 4 -6 -7 -8
leaf_value=-0.0072598531175640168 -0.00075250243005168323 0.0016313282790613648 0.00057355047132699722 0.001550037094425825 -0.00048119688109927474 1.1499694352761905e-05 -0.00020230825252741925
leaf_weight=136 63 23 22 20 28 23 148
leaf_count=136 63 23 22 20 28 23 148
internal_value=1.40145e-05 0.000227273 0.000400302 0.0002378 0.00110656 7.73982e-06 -0.000134661
internal_weight=463 327 264 241 48 193 170
internal_count=463 327 264 241 48 193 170
is_linear=0
shrinkage=0.01


Tree=319
num_leaves=9
num_cat=0
split_feature=97 91 91 19 18 59 9 7
split_gain=0.502963 0.425016 0.391878 0.374017 0.374371 0.14801 0.0437461 0.0254902
threshold=24.482091070000006 21.730000085000004 21.397857260000006 68.960000000000022 0.63328252850000011 0.28499984750000001 0.50185125000000019 0.55945142850000007
decision_type=10 2 2 2 2 2 2 2
left_child=6 2 3 -2 -5 -3 -1 -4
right_child=1 5 7 4 -6 -7 -8 -9
leaf_value=-0.00032666523978215791 -0.0013303716657413669 -0.00046809063506926107 0.0023262574668734591 -0.00061043943205611078 0.00064850948424924186 0.00026671099469575163 -0.00047049218435563837 0.00079849763222321932
leaf_weight=20 42 80 20 22 20 36 215 20
leaf_count=20 42 80 20 22 20 36 215 20
internal_value=-0.000116646 0.000199335 0.000608974 0.000188679 0.000864486 -0.000222603 -0.000447413 0.00142157
internal_weight=475 240 124 84 42 116 235 40
internal_count=475 240 124 84 42 116 235 40
is_linear=0
shrinkage=0.01


Tree=320
num_leaves=10
num_cat=0
split_feature=27 98 16 56 15 53 20 97 14
split_gain=0.638503 0.436754 0.338686 0.245628 0.180261 0.13641 0.231023 0.0444703 0.0304949
threshold=4.1857143300000006 26.996233585000002 0.71171507100000009 0.25000000350000007 0.72018407150000008 0.70000001750000018 0.99285714100000011 32.295893760000006 0.70250307100000009
decision_type=2 10 2 2 2 2 2 10 2
left_child=1 3 -3 -1 -2 7 8 -5 -7
right_child=4 2 -4 5 -6 6 -8 -9 -10
leaf_value=0.001279276986179268 0.0027039671041348169 0.00078306008413921147 -0.0003863235478207143 -0.0027499128103974052 1.8464466543505731e-05 -0.00045683820859781517 0.00083609367183828096 2.5797856391367584e-05 -3.6080673138682862e-05
leaf_weight=23 20 22 24 246 21 20 32 20 54
leaf_count=23 20 22 24 246 21 20 32 20 54
internal_value=-3.93539e-05 -0.000155048 0.000747863 -0.000266549 0.00113636 -0.000332618 -9.36341e-06 -0.000453523 -0.000334225
internal_weight=482 441 46 395 41 372 106 266 74
internal_count=482 441 46 395 41 372 106 266 74
is_linear=0
shrinkage=0.01


Tree=321
num_leaves=10
num_cat=0
split_feature=34 50 19 9 44 53 0 5 70
split_gain=0.46921 0.362754 0.720845 0.357376 0.237306 0.342177 0.140883 0.0710918 0.0426612
threshold=5.6357142925000003 10.999999905000001 57.185000000000009 0.54769005000000015 8.3999999465000013 1.7500000410000003 0.24444683350000004 0.41381985700000007 70.145000935000013
decision_type=2 2 2 2 2 2 2 2 2
left_child=1 2 7 -3 5 -5 8 -1 -2
right_child=6 3 -4 4 -6 -7 -8 -9 -10
leaf_value=-0.00040861761440862842 -0.0034741614517355239 0.0016568754881260207 0.00086666192980215965 0.0014869440711081964 -0.0012171012545569534 -0.00041535540020416962 0.00082050878679046553 1.4475737873299019e-05 0.00038420735244623194
leaf_weight=24 180 22 37 30 94 28 20 20 20
leaf_count=24 180 22 37 30 94 28 20 20 20
internal_value=-1.15596e-05 0.000275606 0.000825183 5.72071e-06 -0.000157068 0.000323129 -0.000353261 -1.17081e-10 -0.000438247
internal_weight=475 255 81 174 152 58 220 44 200
internal_count=475 255 81 174 152 58 220 44 200
is_linear=0
shrinkage=0.01


Tree=322
num_leaves=10
num_cat=0
split_feature=96 73 18 50 22 19 7 2 29
split_gain=0.511287 0.379723 0.250901 0.517394 0.24671 0.289746 0.105772 0.0983101 0.0437461
threshold=131.48502525000004 45.875000475000007 0.65407409500000013 11.200000095000002 1.8571428655000002 83.490000000000023 0.49414800000000009 0.26596464300000006 3.5285714350000004
decision_type=2 2 2 2 2 2 2 2 2
left_child=2 -2 4 -4 8 6 -6 -5 -1
right_child=1 -3 3 7 5 -7 -8 -9 -10
leaf_value=-1.1721618586469952e-05 0.0014707638463059625 6.9443073784281769e-06 0.0022831220236575168 0.00017154879287585689 0.00090653402061054991 0.0013371670669353787 -0.0035879436980361819 -0.00080932217248119807 -0.0040130790794359727
leaf_weight=20 25 32 22 20 20 23 45 39 215
leaf_count=20 25 32 22 20 20 23 45 39 215
internal_value=-1.84064e-05 0.000856401 -0.000148221 0.000336186 -0.000276405 0.000157658 -0.000159575 -0.000125418 -0.000447413
internal_weight=461 57 404 81 323 88 65 59 235
internal_count=461 57 404 81 323 88 65 59 235
is_linear=0
shrinkage=0.01


Tree=323
num_leaves=9
num_cat=0
split_feature=56 53 6 41 53 21 36 19
split_gain=0.564231 0.310075 0.652611 0.39825 0.145739 0.173806 0.10176 0.125813
threshold=0.25000000350000007 0.40000000950000009 0.54869635750000012 9.8000000640000007 1.1500000135000004 2.3285714135000002 4.6785714455000003 58.585000000000008
decision_type=2 2 2 2 2 2 2 2
left_child=-1 6 3 4 5 -3 -2 -8
right_child=1 2 -4 -5 -6 -7 7 -9
leaf_value=0.0012183425105908954 -0.0050626272512293161 3.9514338578498647e-05 7.1929080680949587e-05 0.003321919619644838 -0.00027476425463693793 -8.3655839404943053e-05 0.00032481695342839289 -0.0022515059797669559
leaf_weight=25 192 33 20 22 95 27 29 34
leaf_count=25 192 33 20 22 95 27 29 34
internal_value=-5.54627e-05 -0.000141343 0.00014914 -3.6558e-05 -0.000227856 0.000131579 -0.000373339 0
internal_weight=477 452 197 177 155 60 255 63
internal_count=477 452 197 177 155 60 255 63
is_linear=0
shrinkage=0.01


Tree=324
num_leaves=8
num_cat=0
split_feature=16 50 15 21 26 2 98
split_gain=0.416378 0.551932 0.349825 0.240009 0.210498 0.321413 0.279173
threshold=0.60949717850000018 22.500000005000004 0.64880907100000018 2.3428571220000003 2.2428571540000006 0.28765000000000002 26.579158200000006
decision_type=2 2 2 2 2 2 10
left_child=-1 2 -2 4 6 -6 -4
right_child=1 -3 3 -5 5 -7 -8
leaf_value=-0.0080962705648665503 0.00099777447874236876 0.0024710460815319376 -0.0013221692445191803 -4.9744794049293281e-05 0.0022967577363425143 -6.666657368077033e-05 5.3521350987287138e-05
leaf_weight=143 31 29 74 100 32 43 21
leaf_count=143 31 29 74 100 32 43 21
internal_value=-3.06037e-05 0.000160218 2.48508e-05 -8.49336e-05 0.00013466 0.000534301 -0.000161796
internal_weight=473 330 301 270 170 75 95
internal_count=473 330 301 270 170 75 95
is_linear=0
shrinkage=0.01


Tree=325
num_leaves=7
num_cat=0
split_feature=96 18 48 38 44 8
split_gain=0.554679 0.655904 0.311885 0.197436 0.317963 0.128611
threshold=131.48502525000004 0.67072771450000013 8.3000000715000031 6.0785714560000006 12.250000030000001 0.64031130950000004
decision_type=2 2 2 2 2 2
left_child=2 -2 3 -1 5 -5
right_child=1 -3 -4 4 -6 -7
leaf_value=-0.0015632143321095129 0.00025949012813797655 -0.00052698628825533845 0.00046872159483716007 -0.00076416071654397872 0.0012334382670251783 0.00019449762820456963
leaf_weight=250 36 25 32 74 25 20
leaf_count=250 36 25 32 74 25 20
internal_value=-0.000105877 0.000768608 -0.000245147 -0.00033126 0 -0.000263713
internal_weight=462 61 401 369 119 94
internal_count=462 61 401 369 119 94
is_linear=0
shrinkage=0.01


Tree=326
num_leaves=8
num_cat=0
split_feature=16 34 98 97 55 53 27
split_gain=0.603038 0.83169 0.523126 0.723584 0.410944 0.187883 0.162086
threshold=0.67720392850000011 5.3214285715000011 25.786507530000005 26.385584430000005 5.0000000820000006 0.80000002300000006 4.0571428200000001
decision_type=2 2 8 8 2 2 2
left_child=5 6 -3 -4 -5 -1 -2
right_child=1 2 3 4 -6 -7 -8
leaf_value=-0.0048932177992528324 -0.00029338193818625362 -9.6073182433851121e-07 6.0975195304177275e-05 0.0032479048694570257 -0.0011307971715195113 0.00018428722644016438 1.2367821621040416e-05
leaf_weight=202 84 21 32 39 23 37 34
leaf_count=202 84 21 32 39 23 37 34
internal_value=-8.46036e-06 0.000348588 0.000954231 0.00127637 0.000589172 -0.000364888 -0.000227273
internal_weight=472 233 115 94 62 239 118
internal_count=472 233 115 94 62 239 118
is_linear=0
shrinkage=0.01


Tree=327
num_leaves=8
num_cat=0
split_feature=96 16 12 11 27 31 38
split_gain=0.736423 0.950424 0.312367 0.398108 0.118855 0.0461426 0.0983101
threshold=131.19284590000004 0.72323602400000009 0.70907752400000013 0.70326192850000002 4.1357143095000017 3.0642857040000004 6.057142905000001
decision_type=2 2 2 2 2 2 2
left_child=2 -2 5 -4 -5 -1 -7
right_child=1 -3 3 4 -6 6 -8
leaf_value=-0.0012600312696243279 0.0012833349792080995 -0.00046052177610343025 0.00061799253087731882 -0.0025213308628276284 0.00012368348819529336 -0.0051066766226855551 0.0017981372422317
leaf_weight=254 28 24 38 59 20 39 20
leaf_count=254 28 24 38 59 20 39 20
internal_value=-0.000122204 0.000984848 -0.000262303 0.000165535 -0.000219298 -0.000428617 -0.000125418
internal_weight=482 52 430 117 79 313 59
internal_count=482 52 430 117 79 313 59
is_linear=0
shrinkage=0.01


Tree=328
num_leaves=9
num_cat=0
split_feature=35 96 97 10 14 69 97 8
split_gain=0.645702 0.401996 0.262449 0.401681 0.394846 0.420979 0.0432004 0.0356
threshold=4.2714286360000004 98.471114805000013 29.140435005000004 0.64347714300000014 0.72211014300000009 18.925000665000002 17.999685930000002 0.50830942850000016
decision_type=2 2 10 2 2 2 10 2
left_child=1 6 3 7 -5 -6 -1 -3
right_child=-2 2 -4 4 5 -7 -8 -9
leaf_value=-0.0023418776067283169 0.0003662813669304875 -0.0023118315120695021 0.0016443505005966786 6.6399845329578891e-05 -0.00094974019958885426 0.00074424584050795353 -0.0023594457142517111 -0.00045980274812858598
leaf_weight=20 31 20 22 21 41 21 196 81
leaf_count=20 31 20 22 21 41 21 196 81
internal_value=-3.19525e-05 -0.000139546 0.000169246 3.24674e-05 0.000554892 0.000111465 -0.000442805 -0.000378193
internal_weight=453 422 206 184 83 62 216 101
internal_count=453 422 206 184 83 62 216 101
is_linear=0
shrinkage=0.01


Tree=329
num_leaves=9
num_cat=0
split_feature=44 35 65 30 17 76 12 30
split_gain=0.399571 0.23783 0.42759 0.342572 0.609619 0.387987 0.217555 0.0381349
threshold=7.7499999105000006 3.9999999830000004 35.210000515000011 2.2714285595000008 0.71075571400000015 87.990000725000002 0.65356507150000009 2.0142857095000006
decision_type=2 2 2 2 2 2 2 2
left_child=-1 3 -3 7 5 -5 -4 -2
right_child=1 2 6 4 -6 -7 -8 -9
leaf_value=-0.0040930799326194542 -0.00099963488087502191 0.00070879135674309184 4.347319037999389e-05 -0.00047225934230916972 0.0031560247754619693 5.9843774073297542e-05 -0.00095688600714246056 -0.0022422433327598402
leaf_weight=160 20 27 20 63 26 25 33 103
leaf_count=160 20 27 20 63 26 25 33 103
internal_value=-7.63919e-05 0.000124292 0.000594059 -2.7334e-05 0.000357143 -2.25226e-05 2.78809e-05 -0.000399839
internal_weight=477 317 80 237 114 88 53 123
internal_count=477 317 80 237 114 88 53 123
is_linear=0
shrinkage=0.01


Tree=330
num_leaves=10
num_cat=0
split_feature=96 16 16 34 8 29 51 14 3
split_gain=1.08028 1.1051 0.352965 0.295026 0.600048 0.239995 0.112 0.0838677 0.037843
threshold=131.19284590000004 0.72959375000000015 0.60949717850000018 5.5285714350000008 0.62638573800000008 3.4499999885000006 57.350000305000009 0.66650767850000003 0.27554145250000006
decision_type=2 2 2 2 2 2 2 2 2
left_child=2 -2 -1 5 7 -4 8 -5 -7
right_child=1 -3 3 4 -6 6 -8 -9 -10
leaf_value=-0.0067465327704022606 0.00081212660935482824 -0.00030797828042553017 3.362305458239935e-05 0.00016637947316788527 0.00090720390341092352 -0.0035472843679115089 6.0618272064507578e-06 -0.0036411163923844724 -0.0011038371060750596
leaf_weight=134 36 20 32 20 37 20 21 30 100
leaf_count=134 36 20 32 20 37 20 21 30 100
internal_value=0.000117569 0.00140845 -6.33233e-05 0.000145705 0.000620729 -8.34293e-05 -0.000271509 -5.90552e-05 -0.000397351
internal_weight=450 56 394 260 87 173 141 50 120
internal_count=450 56 394 260 87 173 141 50 120
is_linear=0
shrinkage=0.01


Tree=331
num_leaves=9
num_cat=0
split_feature=53 0 97 41 17 27 56 17
split_gain=0.488416 0.367744 0.44669 1.09954 0.312489 0.0956035 0.0763012 0.0428039
threshold=0.35000000900000006 0.11745643050000001 22.873081490000004 9.3000000865000008 0.69515511900000015 4.1857143300000006 0.35000000500000006 0.72302271450000011
decision_type=2 2 8 2 2 2 2 2
left_child=6 5 4 -4 -3 -2 -1 -8
right_child=1 2 3 -5 -6 -7 7 -9
leaf_value=-4.9860335117692372e-05 -0.0010007331634005001 -0.0016459055681428132 0.0015122458448965199 -0.00080691710265998076 4.5298359917142082e-05 -0.00023424203467253303 -0.0040770998247763087 -1.763433944124354e-05
leaf_weight=35 59 47 38 33 27 24 184 20
leaf_count=35 59 47 38 33 27 24 184 20
internal_value=-4.59599e-05 0.00027972 0.00058642 0.00114902 1.33689e-05 -0.000232697 -0.000364888 -0.000439453
internal_weight=467 228 145 71 74 83 239 204
internal_count=467 228 145 71 74 83 239 204
is_linear=0
shrinkage=0.01


Tree=332
num_leaves=9
num_cat=0
split_feature=16 27 96 15 13 97 4 3
split_gain=0.702192 0.951829 0.646328 0.367562 0.281307 0.145297 0.0435556 0.0387645
threshold=0.67720392850000011 3.8714285750000004 87.722254155000016 0.69484930950000012 0.76430351650000017 34.041976770000005 0.44178923800000008 0.27310892850000007
decision_type=2 2 2 2 2 8 2 2
left_child=5 -2 -3 -4 7 6 -1 -5
right_child=1 2 3 4 -6 -7 -8 -9
leaf_value=-0.0042754837238782066 0.00064383835719383591 0.0022009476990606973 0.0015056900246985326 -0.0012770714947161052 0.0007120104483743806 0.00064728656101044617 -0.0072771445476250852 -0.00027192826501568258
leaf_weight=208 24 20 23 20 21 20 20 110
leaf_count=208 24 20 23 20 21 20 20 110
internal_value=-2.14236e-06 0.000406764 0.000159137 -2.86042e-05 -0.000220685 -0.000369775 -0.000445804 -0.000405199
internal_weight=466 218 194 174 151 248 228 130
internal_count=466 218 194 174 151 248 228 130
is_linear=0
shrinkage=0.01


Tree=333
num_leaves=9
num_cat=0
split_feature=25 14 24 18 21 53 25 6
split_gain=0.320724 0.306446 0.497278 0.201065 0.626198 0.152863 0.207513 0.133117
threshold=1.871428579 0.68207364300000017 1.7000000095000003 0.68323078550000005 2.5285714180000007 0.40000000950000009 1.9928571325000004 0.52967827400000012
decision_type=2 2 2 2 2 2 2 2
left_child=1 2 -1 7 -5 -2 -7 -3
right_child=5 3 -4 4 -6 6 -8 -9
leaf_value=-0.004884241848522917 -0.0051309493824147831 -0.00043233840297307911 0.0013503152736383543 0.0038501655731557156 -0.00029464254295554209 -0.00037212138016251957 0.000594528784234819 0.00011064619115764729
leaf_weight=20 173 83 39 20 28 37 33 20
leaf_count=20 173 83 39 20 28 37 33 20
internal_value=-7.60248e-05 0.000203985 0.000811037 -2.30568e-05 0.000491803 -0.000326087 4.23728e-05 -0.000284201
internal_weight=453 210 59 151 48 243 70 103
internal_count=453 210 59 151 48 243 70 103
is_linear=0
shrinkage=0.01


Tree=334
num_leaves=6
num_cat=0
split_feature=26 44 4 86 11
split_gain=0.51247 0.357768 0.55943 0.327803 0.221246
threshold=1.8857142755000003 13.999999965000002 0.36064200000000007 12.567857300000002 0.53175542850000013
decision_type=2 2 2 2 2
left_child=-1 3 -3 -2 -5
right_child=1 2 -4 4 -6
leaf_value=0.00017845841941369997 2.5832231950287647e-05 -0.0011158463972710548 0.00073677175458814338 0.0032907778621094471 -0.0010407061749871239
leaf_weight=29 35 22 20 34 331
leaf_count=29 35 22 20 34 331
internal_value=-0.000134591 -0.000223577 0.000630841 -0.000319361 -0.000411427
internal_weight=471 442 42 400 365
internal_count=471 442 42 400 365
is_linear=0
shrinkage=0.01


Tree=335
num_leaves=10
num_cat=0
split_feature=53 68 15 13 17 98 28 15 14
split_gain=0.757711 0.565765 0.885767 0.427056 0.452644 0.161135 0.132316 0.041215 0.0983101
threshold=0.40000000950000009 0.77500009550000015 0.72758228550000015 0.75677550850000019 0.71075571400000015 25.921937140000004 4.2142856970000002 0.69030239300000018 0.71294128600000006
decision_type=2 2 2 2 2 8 2 2 2
left_child=6 2 -2 4 5 -3 7 -1 -9
right_child=1 3 -4 -5 -6 -7 -8 8 -10
leaf_value=-0.0038559658163160246 0.0015228791971331895 8.5261163835733834e-05 -0.00026082726179578784 2.7605241378155145e-05 0.0034619375880722727 -0.00051406533693309641 0.00072612944263571676 6.3602036228095155e-05 -0.00046384555443208661
leaf_weight=179 23 35 21 25 20 91 20 20 39
leaf_count=179 23 35 21 25 20 91 20 20 39
internal_value=2.42717e-05 0.000465709 0.00147321 0.000189173 -6.81211e-06 -0.00024448 -0.000336167 -0.000406198 -0.000125418
internal_weight=473 215 44 171 146 126 258 238 59
internal_count=473 215 44 171 146 126 258 238 59
is_linear=0
shrinkage=0.01


Tree=336
num_leaves=8
num_cat=0
split_feature=82 83 15 15 19 38 17
split_gain=0.47465 0.779635 0.749016 0.566672 0.184146 0.144338 0.226423
threshold=6.6578571370000006 5.0385714040000016 0.72790397600000012 0.66843533350000006 37.240000000000002 6.0785714560000006 0.5929413575000001
decision_type=2 2 2 2 2 2 2
left_child=1 3 -3 -1 -5 -2 -7
right_child=5 2 -4 4 -6 6 -8
leaf_value=0.00089623539066088439 -0.0049121564514732867 0.0002158145206609992 -0.00028434157164100674 0.00088709564637439071 -0.00025568762773135078 -0.0050570342899907096 0.00034556817271533925
leaf_weight=35 162 24 27 33 110 40 32
leaf_count=35 162 24 27 33 110 40 32
internal_value=0 0.000319843 0.00139961 0 -0.000274687 -0.000319421 2.74724e-05
internal_weight=463 229 51 178 143 234 72
internal_count=463 229 51 178 143 234 72
is_linear=0
shrinkage=0.01


Tree=337
num_leaves=9
num_cat=1
split_feature=99 15 68 97 17 27 48 50
split_gain=0.458996 0.797259 0.478554 0.23491 0.436654 0.188319 0.140334 0.0440238
threshold=0 0.64586614300000011 0.99499988550000007 28.561640730000004 0.62259057150000008 4.1857143300000006 7.0999999795000006 10.049999872500001
decision_type=1 2 2 10 2 2 2 2
left_child=1 -1 -3 5 -5 6 7 -2
right_child=3 2 -4 4 -6 -7 -8 -9
leaf_value=-0.0032159386211351123 -2.2613649771024633e-05 0.0023809823047281301 0.00070624083176666012 -0.0019812580528955829 0.000809597382442947 0.0012956609654566709 5.9240213262033482e-05 -0.0022646481982265573
leaf_weight=41 20 27 38 33 35 30 21 226
leaf_count=41 20 27 38 33 35 30 21 226
internal_value=5.29874e-06 0.000556507 0.00129939 -0.00016099 0.000348837 -0.000290464 -0.000379014 -0.000449757
internal_weight=471 106 65 365 68 297 267 246
internal_count=471 106 65 365 68 297 267 246
cat_boundaries=0 1
cat_threshold=36470916
is_linear=0
shrinkage=0.01


Tree=338
num_leaves=9
num_cat=0
split_feature=37 16 13 33 51 59 56 4
split_gain=0.480948 0.297128 0.351865 0.242424 0.493453 0.188368 0.16753 0.0390952
threshold=5.414285694000001 0.60949717850000018 0.60437510000000005 4.1571429035000005 0.60000001250000012 0.58999967600000014 0.35000000500000006 0.42261600000000005
decision_type=2 2 2 2 2 2 2 2
left_child=1 -1 -3 6 5 -5 -4 -8
right_child=-2 2 3 4 -6 -7 7 -9
leaf_value=-0.00679618890801923 0.00018193091175681056 0.0034718355091234278 2.6610334760776219e-05 -0.0012504431237915145 0.0011703691631450739 7.6420105566533031e-05 -0.00053449988645421441 -0.00030384343474109922
leaf_weight=127 26 20 32 64 29 22 114 20
leaf_count=127 26 20 32 64 29 22 114 20
internal_value=2.19865e-06 -7.4627e-05 9.11198e-05 0 0.000349741 -1.15209e-05 -0.000245803 -0.000408012
internal_weight=454 428 301 281 115 86 166 134
internal_count=454 428 301 281 115 86 166 134
is_linear=0
shrinkage=0.01


Tree=339
num_leaves=9
num_cat=1
split_feature=56 26 27 27 99 26 20 20
split_gain=0.796397 0.403679 0.339772 0.216592 0.17044 0.26674 0.227421 0.0446307
threshold=0.25000000350000007 1.8857142755000003 4.1857143300000006 4.2214285985000011 0 2.2714285810000008 1.0142857135000003 1.0428571405000002
decision_type=2 2 2 2 1 2 2 2
left_child=-1 -2 4 -4 5 -3 -7 -6
right_child=1 2 3 -5 7 6 -8 -9
leaf_value=0.0010900554213911483 1.9508028044256313e-05 -0.0031789057712784713 0.0025881473782509456 -0.0025451858745068252 -0.0014598749721793844 0.001211672907286703 -0.0021035707759929508 -0.0032125134600821665
leaf_weight=27 23 55 20 23 254 29 28 20
leaf_count=27 23 55 20 23 254 29 28 20
internal_value=-3.64736e-05 -0.000141343 -0.000215216 0.000605023 -0.000312823 1.62865e-05 0.000510381 -0.000438905
internal_weight=479 452 429 43 386 112 57 274
internal_count=479 452 429 43 386 112 57 274
cat_boundaries=0 1
cat_threshold=539230214
is_linear=0
shrinkage=0.01


Tree=340
num_leaves=10
num_cat=0
split_feature=96 15 18 48 44 56 19 10 6
split_gain=0.556764 0.630392 0.435832 0.908624 0.298012 0.164542 0.175454 0.0452202 0.0166011
threshold=131.19284590000004 0.72790397600000012 0.68323078550000005 3.4999999890000004 15.949999745000001 0.35000000500000006 52.030000000000008 0.48809821400000003 0.43127988100000009
decision_type=2 2 2 2 2 2 2 2 2
left_child=2 -2 4 -4 5 6 -1 -7 -5
right_child=1 -3 3 8 -6 7 -8 -9 -10
leaf_value=-0.00082220709431725489 0.001243775488079805 -0.00067527236499114135 0.0033399893279435545 -0.0010497357247972016 0.00065696280297848316 -0.0069076370005645236 0.00081650823178291455 -0.0027369766063014391 -4.3511439316979968e-05
leaf_weight=21 27 29 20 20 21 20 20 288 22
leaf_count=21 27 29 20 20 21 20 20 288 22
internal_value=-4.50083e-05 0.000880282 -0.00017098 0.000589172 -0.000304747 -0.000378788 0.000179426 -0.000459845 -0.00021028
internal_weight=488 56 432 62 370 349 41 308 42
internal_count=488 56 432 62 370 349 41 308 42
is_linear=0
shrinkage=0.01


Tree=341
num_leaves=9
num_cat=0
split_feature=98 24 96 79 35 44 84 5
split_gain=0.42446 0.510834 0.373129 0.310763 0.241499 0.129884 0.199105 0.0437724
threshold=23.993880675000003 1.7071428595000002 128.84002815000005 5.897857053000001 4.2714286360000004 11.700000035 15.037857190000002 0.50441778600000009
decision_type=10 2 2 2 2 2 2 2
left_child=4 2 3 -2 5 7 -7 -1
right_child=1 -3 -4 -5 -6 6 -8 -9
leaf_value=-0.0024332601077776675 0.00031259739254813247 0.0017570904743133672 -0.00044123493976234816 -0.00033879299063507764 9.7486594743733667e-05 0.00010344274242549592 -0.0032096388521493571 -0.00057632314959779217
leaf_weight=216 23 34 59 24 39 20 27 20
leaf_count=216 23 34 59 24 39 20 27 20
internal_value=-4.10546e-05 0.000411932 4.68164e-05 0.000721757 -0.000244734 -0.000350599 9.41421e-05 -0.000447635
internal_weight=462 140 106 47 322 283 47 236
internal_count=462 140 106 47 322 283 47 236
is_linear=0
shrinkage=0.01


Tree=342
num_leaves=8
num_cat=0
split_feature=11 17 15 27 14 36 9
split_gain=0.44181 0.323816 0.637732 0.706203 0.224945 0.323638 0.140097
threshold=0.66221500000000011 0.56763350000000012 0.71941769050000015 4.0285714180000012 0.75020021450000007 3.3785714595000003 0.50185125000000019
decision_type=2 2 2 2 2 2 2
left_child=6 -2 3 -3 -4 -6 -1
right_child=1 2 4 -5 5 -7 -8
leaf_value=0.0028108594630869102 -0.0069526533151813945 4.1429064565037513e-05 -0.00016812740042605086 0.0015367644293391403 -0.00085562862269024332 0.0023987325333686862 -0.0011934747882319308
leaf_weight=23 51 33 54 20 21 28 222
leaf_count=23 51 33 54 20 21 28 222
internal_value=-0.000119258 0.000214148 0.000446428 0.001329 0 0.000471887 -0.000408869
internal_weight=452 207 156 53 103 49 245
internal_count=452 207 156 53 103 49 245
is_linear=0
shrinkage=0.01


Tree=343
num_leaves=9
num_cat=0
split_feature=16 68 13 17 55 35 7 0
split_gain=0.443583 0.583998 0.760638 0.449862 0.625414 0.171422 0.175454 0.0384131
threshold=0.67720392850000011 2.5199999810000002 0.70220135850000009 0.68903750000000008 1.4000000135000004 4.0642857380000015 0.49787907150000005 0.090650389000000012
decision_type=2 2 2 2 2 2 2 2
left_child=5 2 3 -2 -5 -1 -7 -4
right_child=1 -3 7 4 -6 6 -8 -9
leaf_value=-0.0041784394368565639 -4.2171935434143319e-05 8.5780948940350623e-05 9.950089723255978e-05 -1.4086510195806706e-05 0.0021718348190285976 0.00083648963037521453 -0.0031106225190245685 -4.1931942032540504e-05
leaf_weight=222 27 20 20 23 20 20 21 106
leaf_count=222 27 20 20 23 20 20 21 106
internal_value=-9.89997e-05 0.000230627 5.08129e-05 0.00088983 0.00151826 -0.00037718 0.000179426 -0.000402208
internal_weight=479 216 196 70 43 263 41 126
internal_count=479 216 196 70 43 263 41 126
is_linear=0
shrinkage=0.01


Tree=344
num_leaves=7
num_cat=0
split_feature=54 0 98 53 24 0
split_gain=0.359888 0.297588 0.390578 0.19522 0.366868 0.130205
threshold=0.99999999650000004 0.31065555400000006 23.962523665000003 0.99999998550000002 1.7071428595000002 0.07419906250000001
decision_type=2 2 8 2 2 2
left_child=1 2 -1 -2 5 -5
right_child=3 -3 -4 4 -6 -7
leaf_value=-2.4368653710284736e-06 -0.0025002439520982202 -0.0026486924333010099 0.0014939494267730757 0.00016713231865574107 0.0030197159378825716 -0.00033884506493036122
leaf_weight=35 250 29 26 20 23 77
leaf_count=35 250 29 26 20 23 77
internal_value=-0.000190972 0.000363436 0.000768608 -0.000331715 0 -0.000270961
internal_weight=460 90 61 370 120 97
internal_count=460 90 61 370 120 97
is_linear=0
shrinkage=0.01


Tree=345
num_leaves=9
num_cat=0
split_feature=16 15 59 44 44 82 48 27
split_gain=0.552378 0.499662 0.443677 0.301754 0.81161 0.283584 0.179247 0.0375363
threshold=0.66402850000000013 0.67616850000000006 0.085000038500000014 8.0999999490000025 7.5000000595000005 6.0428570370000001 2.4999999855000001 4.0714286570000011
decision_type=2 2 2 2 2 2 2 2
left_child=5 -2 -3 4 -4 -1 -5 -8
right_child=1 2 3 6 -6 -7 7 -9
leaf_value=0.00033464362537311151 0.0030940634403849548 0.0007153595361980322 -0.0021391198432421628 1.0592347804244379e-05 0.0022463947232112518 -0.0047514433292221211 -2.0739822811829575e-05 -1.4261191054726823e-05
leaf_weight=25 20 24 39 29 21 196 97 20
leaf_count=25 20 24 39 29 21 196 97 20
internal_value=5.29874e-06 0.000330941 0.000186308 2.41778e-05 0.000625 -0.000353923 -0.000211172 -0.000394737
internal_weight=471 250 230 206 60 221 146 117
internal_count=471 250 230 206 60 221 146 117
is_linear=0
shrinkage=0.01


Tree=346
num_leaves=8
num_cat=0
split_feature=17 86 60 86 65 97 6
split_gain=0.325111 0.406241 0.485259 0.385685 0.378136 0.141393 0.0410135
threshold=0.56763350000000012 14.60500002 5.3299994470000014 12.582857265000001 35.210000515000011 28.561640730000004 0.38589721450000009
decision_type=2 2 2 2 2 8 2
left_child=-1 3 -3 -2 -4 6 -5
right_child=1 2 4 5 -6 -7 -8
leaf_value=-0.0065184122649265229 0.00011581286684908258 0.003179926743941091 0.00079615403413266228 -0.0012386122767563948 -0.0014271425592092435 0.00024235847816934082 -0.00032286376621437748
leaf_weight=127 36 38 23 20 43 39 143
leaf_count=127 36 38 23 20 43 39 143
internal_value=-4.78928e-05 0.000107935 0.000629771 -0.000113065 7.48502e-05 -0.000290927 -0.000424298
internal_weight=469 342 104 238 66 202 163
internal_count=469 342 104 238 66 202 163
is_linear=0
shrinkage=0.01


Tree=347
num_leaves=7
num_cat=0
split_feature=17 6 37 18 48 52
split_gain=0.525702 1.00689 0.242838 0.291611 0.221146 0.237623
threshold=0.56993757100000009 0.54869635750000012 5.3071428875000004 0.70545036450000009 3.8000000305000001 7.2000000065000007
decision_type=2 2 2 2 2 2
left_child=-1 2 3 4 5 -2
right_child=1 -3 -4 -5 -6 -7
leaf_value=-0.0066679966030492701 -0.0020905996894905166 0.00054916968575196689 0.00028397911594318053 0.0022489377817521816 -0.00056057105553244284 3.2223572579528915e-05
leaf_weight=138 39 25 35 37 113 66
leaf_count=138 39 25 35 37 113 66
internal_value=2.53414e-05 0.000254908 7.9092e-05 -2.15013e-05 -0.000169104 0.000146503
internal_weight=453 315 290 255 218 105
internal_count=453 315 290 255 218 105
is_linear=0
shrinkage=0.01


Tree=348
num_leaves=9
num_cat=0
split_feature=17 96 14 6 18 37 98 12
split_gain=0.399959 0.663845 0.239919 0.634194 0.219497 0.194618 0.114786 0.038503
threshold=0.56763350000000012 73.069060915000009 0.71195683350000005 0.48547450000000009 0.6834761075000001 5.2285714490000013 27.836040485000002 0.74763600000000008
decision_type=2 2 2 2 2 2 10 2
left_child=-1 -2 3 4 5 -3 7 -4
right_child=1 2 6 -5 -6 -7 -8 -9
leaf_value=-0.0055279682494591984 0.002094118812133703 -0.00073667560951398638 -0.00045989964099002359 0.00034426715985477372 0.0016872893517027329 0.00039174289536711762 0.00010561879856678032 0.00017359993406458219
leaf_weight=136 34 81 107 26 30 29 21 20
leaf_count=136 34 81 107 26 30 29 21 20
internal_value=-2.06272e-05 0.000154816 3.1765e-06 0.000269784 0 -0.000207581 -0.000282258 -0.000402974
internal_weight=484 348 314 166 140 110 148 127
internal_count=484 348 314 166 140 110 148 127
is_linear=0
shrinkage=0.01


Tree=349
num_leaves=10
num_cat=0
split_feature=38 98 8 50 54 44 2 50 0
split_gain=0.38116 0.4068 0.379738 0.341118 0.272334 0.14753 0.0905085 0.0439996 0.0257349
threshold=6.2785714015000007 23.993880675000003 0.6104447380000001 11.200000015000002 8.7499999515000013 12.550000005000001 0.31215902400000006 10.049999872500001 0.094170583000000016
decision_type=2 10 2 2 2 2 2 2 2
left_child=1 5 8 -4 -5 7 -2 -1 -3
right_child=6 2 3 4 -6 -7 -8 -9 -10
leaf_value=5.9102445508291485e-06 3.326210756730914e-05 -1.2939821737432776e-05 0.0016765657605426146 0.00036083801925863087 -0.0013350592760300853 0.0013188721997223372 0.00095478179121701815 -0.0021803727894289652 -0.0010465791556338981
leaf_weight=20 23 20 26 25 27 20 20 225 39
leaf_count=20 23 20 26 25 27 20 20 225 39
internal_value=-4.59849e-05 -0.000146475 0.000286647 0.000748731 0.000227273 -0.000378104 0.000833333 -0.000449553 -0.000292642
internal_weight=445 402 137 78 52 265 43 245 59
internal_count=445 402 137 78 52 265 43 245 59
is_linear=0
shrinkage=0.01


Tree=350
num_leaves=8
num_cat=0
split_feature=16 56 88 19 28 13 55
split_gain=0.584447 0.431363 0.515913 0.492431 0.418935 0.352701 0.115054
threshold=0.60949717850000018 0.25000000350000007 13.113571440000003 62.545000000000009 3.6999999630000002 0.61424050850000012 5.7000000775000013
decision_type=2 2 2 2 2 2 2
left_child=-1 -2 3 4 -3 -6 -5
right_child=1 2 -4 6 5 -7 -8
leaf_value=-0.0090453276762175322 0.0012463997463267116 0.00032519520618636114 0.0015267729489410271 -0.0012759932455278329 0.0030342144075550794 -2.2630178431684889e-05 3.1156904399144371e-06
leaf_weight=142 22 27 22 119 20 80 25
leaf_count=142 22 27 22 119 20 80 25
internal_value=4.25949e-05 0.000286574 0.000175289 4.59896e-05 0.000504695 0.000178571 -0.000345304
internal_weight=457 315 293 271 127 100 144
internal_count=457 315 293 271 127 100 144
is_linear=0
shrinkage=0.01


Tree=351
num_leaves=11
num_cat=0
split_feature=82 57 19 15 15 85 15 15 9 3
split_gain=0.424394 0.495443 0.614618 0.959214 0.341585 0.610683 0.211874 0.0972226 0.0411741 0.0323472
threshold=7.0935715050000008 0.30000000800000004 110.87500000000001 0.73242925000000014 0.69390057150000006 13.044285635000003 0.64880907100000018 0.74893435700000011 0.50565640000000012 0.35469935700000005
decision_type=2 2 2 2 2 2 2 2 2 2
left_child=1 -1 4 -4 5 -3 -7 9 -2 -6
right_child=8 2 3 -5 7 6 -8 -9 -10 -11
leaf_value=-0.0012017147360525655 -0.0073180082130327138 0.00040057220319781299 0.0012469989381088257 -5.3425924817842446e-06 -0.0003389786627734895 0.0016298970717938017 -0.0004217804152357488 0.003674882268023144 -0.0042533489805138191 1.4164267705725209e-05
leaf_weight=77 20 22 22 21 62 20 31 20 146 20
leaf_count=77 20 22 22 21 62 20 31 20 146 20
internal_value=-1.84064e-05 0.00020453 0.000452468 0.00151826 0.000173492 0.000697832 4.82624e-05 -0.000184825 -0.00042566 -0.000350242
internal_weight=461 295 218 43 175 73 51 102 166 82
internal_count=461 295 218 43 175 73 51 102 166 82
is_linear=0
shrinkage=0.01


Tree=352
num_leaves=8
num_cat=0
split_feature=16 13 31 56 21 97 81
split_gain=0.429625 0.618799 0.513004 0.177083 0.156285 0.195188 0.0397015
threshold=0.60949717850000018 0.61424050850000012 3.0428571190000002 0.25000000350000007 2.3142856785000006 26.216676770000003 8.1642856935000019
decision_type=2 2 2 2 2 8 2
left_child=-1 -2 3 -3 5 -5 -6
right_child=1 2 -4 4 6 -7 -8
leaf_value=-0.0057117347227105576 0.0029968641326227493 0.0011762437535193346 0.00094473185742515126 5.96375711905214e-05 -1.7841381107985117e-07 -0.00080509466428262133 -0.00043670238026812219
leaf_weight=143 27 23 34 43 20 55 122
leaf_count=143 27 23 34 43 20 55 122
internal_value=-2.45833e-05 0.000172414 3.19005e-05 -0.000111827 -0.000199336 9.1093e-05 -0.000413165
internal_weight=467 324 297 263 240 98 142
internal_count=467 324 297 263 240 98 142
is_linear=0
shrinkage=0.01


Tree=353
num_leaves=10
num_cat=0
split_feature=98 48 97 6 19 47 48 97 3
split_gain=0.317373 0.281737 0.332781 0.184766 0.118997 0.0618769 0.0645287 0.0799496 0.0639114
threshold=27.836040485000002 6.6000000495000011 26.304769825000005 0.48602971400000006 6.1350000000000007 0.84999999400000015 5.4000001440000007 21.599211740000005 0.29868111950000004
decision_type=10 2 10 2 2 2 2 10 2
left_child=1 4 -3 -2 -1 6 -6 -8 -7
right_child=3 2 -4 -5 5 8 7 -9 -10
leaf_value=0.0029708990770792162 0.0017465001225195965 0.00054521246430160248 -0.0019479394211821799 -0.00031147041737808413 -0.0011234261759656462 -0.0034613116212287229 0.00016204380472791853 -0.00071970917023900661 0.00011096999103416355
leaf_weight=21 20 28 22 20 255 21 20 28 20
leaf_count=21 20 28 22 20 255 21 20 28 20
internal_value=-0.000143703 -0.000229678 0.000452756 0.000686274 -0.000329415 -0.00037703 -0.000426267 -4.09837e-05 0
internal_weight=455 415 50 40 365 344 303 48 41
internal_count=455 415 50 40 365 344 303 48 41
is_linear=0
shrinkage=0.01


Tree=354
num_leaves=8
num_cat=0
split_feature=18 97 4 31 18 86 13
split_gain=0.389474 0.218324 0.346115 0.235472 0.108389 0.121479 0.0427332
threshold=0.70722607100000012 23.973633205000002 0.4244507145000001 2.4499999970000004 0.68323078550000005 14.749999930000001 0.75166676650000019
decision_type=2 10 2 2 2 2 2
left_child=1 6 3 -3 5 -5 -1
right_child=-2 2 -4 4 -6 -7 -8
leaf_value=-0.0018070170755283312 0.0023423253701670898 0.00033938826138953896 0.00061059687798296458 -0.0018805838531851468 0.00035095260016628215 3.5023380035849402e-05 0.00011702517837326233
leaf_weight=182 34 20 22 125 20 24 20
leaf_count=182 34 20 22 125 20 24 20
internal_value=-0.000115007 -0.000204205 1.18035e-05 -0.000118546 -0.000250295 -0.000350467 -0.000438856
internal_weight=447 413 211 189 169 149 202
internal_count=447 413 211 189 169 149 202
is_linear=0
shrinkage=0.01


Tree=355
num_leaves=7
num_cat=0
split_feature=16 88 56 15 55 96
split_gain=0.358331 0.653087 0.278183 0.303441 0.227293 0.126226
threshold=0.60949717850000018 13.113571440000003 0.25000000350000007 0.65142042900000019 6.8999999535000009 75.012119650000002
decision_type=2 2 2 2 2 2
left_child=-1 2 -2 -4 5 -5
right_child=1 -3 3 4 -6 -7
leaf_value=-0.0072426183128910093 0.001078572740575999 0.0018551213126259047 0.0011847306990922294 0.00011230451606427355 1.8925696440306598e-05 -0.0004439350735250347
leaf_weight=144 25 20 27 20 23 208
leaf_count=144 25 20 27 20 23 208
internal_value=-6.73366e-05 0.000112724 0 -9.68437e-05 -0.00021247 -0.000314685
internal_weight=467 323 303 278 251 228
internal_count=467 323 303 278 251 228
is_linear=0
shrinkage=0.01


Tree=356
num_leaves=8
num_cat=0
split_feature=96 15 14 28 19 10 65
split_gain=0.639909 0.992736 0.445593 0.174014 0.352546 0.0389369 0.0423195
threshold=131.19284590000004 0.73023128550000005 0.74809521400000012 3.6999999630000002 37.955000000000005 0.48293992850000006 34.71999979000001
decision_type=2 2 2 2 2 2 2
left_child=2 -2 3 4 -1 -5 -7
right_child=1 -3 -4 5 -6 6 -8
leaf_value=0.00035999333788889115 0.0010766991001048454 -0.001160812022701531 0.0013213747515603326 0.00030780998439660203 -0.00125143625898201 -0.0033747647346351549 -0.0017523182306073274
leaf_weight=23 28 26 36 20 36 21 263
leaf_count=23 28 26 36 20 36 21 263
internal_value=-7.60248e-05 0.000930657 -0.00021886 -0.000328477 0.00014214 -0.000426509 -0.000456461
internal_weight=453 54 399 363 59 304 284
internal_count=453 54 399 363 59 304 284
is_linear=0
shrinkage=0.01


Tree=357
num_leaves=9
num_cat=0
split_feature=68 23 23 27 14 50 8 0
split_gain=0.688096 0.60728 0.83564 0.407853 0.144432 0.263478 0.118369 0.0275573
threshold=1.1549997330000001 1.7142857015000004 1.7857142730000002 3.9071428435000004 0.70938507150000019 11.199999885000002 0.58737814300000013 0.20080979150000003
decision_type=2 2 2 2 2 2 2 2
left_child=1 7 -3 -4 -2 -6 -5 -1
right_child=4 2 3 6 5 -7 -8 -9
leaf_value=-0.00041136455909296653 -0.0048570165336222415 0.0024515764936860435 3.5264625208747153e-05 0.00024805944943609052 0.001573404597933721 -0.0034724633567453913 -0.00037884032494476903 -0.0011298127605091197
leaf_weight=20 187 31 24 31 30 45 36 44
leaf_count=20 187 31 24 31 30 45 36 44
internal_value=-4.45645e-06 0.000455032 0.000871335 0.00035403 -0.000338661 6.59619e-06 -2.2124e-05 -0.000308642
internal_weight=448 186 122 91 262 75 67 64
internal_count=448 186 122 91 262 75 67 64
is_linear=0
shrinkage=0.01


Tree=358
num_leaves=10
num_cat=0
split_feature=68 27 10 11 3 88 39 35 2
split_gain=0.542284 0.481093 0.33377 0.949113 0.453157 0.175195 0.390345 0.0296969 0.0221279
threshold=2.8750000000000004 3.8285714390000005 0.6531102860000001 0.68367478550000016 0.3109398570000001 11.627857070000003 2.3999999685000004 3.3214285885000003 0.30880726750000004
decision_type=2 2 2 2 2 2 2 2 2
left_child=1 -1 5 -4 -5 6 -3 -6 -8
right_child=-2 2 3 4 7 -7 8 -9 -10
leaf_value=0.00051451953473620211 -0.0060264127658852945 0.0015252584176235582 0.001911492787597236 0.0023698358777678834 -2.522896693624082e-05 -0.0026797783192293923 -0.0011764680251179628 -0.00052391613430326385 -0.00033066197069722979
leaf_weight=29 151 20 24 20 20 90 31 51 20
leaf_count=29 151 20 24 20 20 90 31 51 20
internal_value=0 0.000246893 0.000108381 0.000522452 2.7233e-05 -0.000176144 0.000174095 -0.000327298 -0.000260618
internal_weight=456 305 276 115 91 161 71 71 51
internal_count=456 305 276 115 91 161 71 71 51
is_linear=0
shrinkage=0.01


Tree=359
num_leaves=11
num_cat=0
split_feature=25 15 17 64 16 5 15 21 19 5
split_gain=0.473748 0.47215 0.58074 0.49934 0.228142 0.374635 0.134716 0.184043 0.123164 0.0424747
threshold=1.871428579 0.72553692850000007 0.68161828600000007 0.76999998100000011 0.68220014300000009 0.37450614250000008 0.69910142850000001 2.3000000115000003 39.945000000000007 0.52067228550000011
decision_type=2 2 2 2 2 2 2 2 2 2
left_child=1 2 4 -4 5 -1 9 -8 -3 -2
right_child=6 8 3 -5 -6 -7 7 -9 -10 -11
leaf_value=-0.0008532429911006237 -0.0043641023069581177 0.0035683398495536455 5.5989980340672948e-05 0.0019963646851080892 -0.00062870664127196243 0.0006134595686307703 0.00015714344681115231 -0.0027817271719430925 -0.00031140230150780555 -0.0027278730856822625
leaf_weight=20 175 20 26 20 33 32 20 23 65 20
leaf_count=20 175 20 26 20 33 32 20 23 65 20
internal_value=-1.0994e-05 0.000322878 0.000701821 0.00160256 0.000180653 0.00060606 -0.000322446 0.000148402 -0.000238928 -0.00043667
internal_weight=454 216 131 46 85 52 238 43 85 195
internal_count=454 216 131 46 85 52 238 43 85 195
is_linear=0
shrinkage=0.01


Tree=360
num_leaves=7
num_cat=0
split_feature=35 65 36 19 79 5
split_gain=0.320362 0.66549 0.268079 0.209738 0.192147 0.113851
threshold=3.9999999830000004 35.180000305000007 3.4928571325000006 37.240000000000002 5.9385714960000007 0.38590992850000005
decision_type=2 2 2 2 2 2
left_child=2 -2 3 -1 -5 -3
right_child=1 5 -4 4 -6 -7
leaf_value=0.002555784388171898 0.0019795024838327284 0.00045933356249072135 -0.0016524859923851285 -3.2724534075698882e-05 0.00012754331062209901 -0.00032491296872827773
leaf_weight=28 34 20 238 62 27 53
leaf_count=28 34 20 238 62 27 53
internal_value=-0.000149093 0.000320037 -0.000296515 8.0645e-05 -0.000139198 -0.000196477
internal_weight=462 107 355 117 89 73
internal_count=462 107 355 117 89 73
is_linear=0
shrinkage=0.01


Tree=361
num_leaves=8
num_cat=0
split_feature=38 53 18 67 30 4 44
split_gain=0.857061 1.24921 0.528094 0.162624 0.159617 0.170852 0.0440717
threshold=6.0428572040000015 0.60000000500000006 0.65577471450000002 33.480000495000006 2.5999999810000003 0.33419702350000008 15.349999815000002
decision_type=2 2 2 2 2 2 2
left_child=4 2 3 -2 6 -6 -1
right_child=1 -3 -4 -5 5 -7 -8
leaf_value=-0.0016491844393711672 -0.0023908065752765544 0.00090590108316326563 0.0023949482993753123 5.5454861990068674e-05 -0.0010966273809035292 0.0021058033705434226 -0.00028070042787421028
leaf_weight=228 77 36 25 33 20 20 20
leaf_count=228 77 36 25 33 20 20 20
internal_value=-1.63116e-05 0.000538417 7.73195e-05 -0.000207581 -0.000353186 0.000196078 -0.000450161
internal_weight=459 171 135 110 288 40 248
internal_count=459 171 135 110 288 40 248
is_linear=0
shrinkage=0.01


Tree=362
num_leaves=9
num_cat=0
split_feature=38 53 13 17 15 53 51 7
split_gain=0.706435 1.28079 0.338438 0.302227 0.660919 0.242445 0.259089 0.0261223
threshold=6.0285714010000016 0.60000001650000001 0.72834185000000018 0.68984860000000003 0.71941769050000015 1.0000000180025095e-35 25.450000005000003 0.56553542850000016
decision_type=2 2 2 2 2 2 2 2
left_child=3 2 5 -1 -5 6 -2 -6
right_child=1 -3 -4 4 7 -7 -8 -9
leaf_value=-0.0025482906847332613 -0.0019671912228059916 0.0015299738595971355 0.00079474443799326449 0.002195354670921692 -0.0010703982742950966 -0.00052812202359123683 0.0013502701086430121 -7.9437094972405569e-05
leaf_weight=211 31 30 21 21 40 72 21 20
leaf_count=211 31 30 21 21 40 72 21 20
internal_value=9.61938e-06 0.000514789 0.00010631 -0.000286885 0.000213936 -8.01283e-05 0.000416667 -0.000296053
internal_weight=467 175 145 292 81 124 52 60
internal_count=467 175 145 292 81 124 52 60
is_linear=0
shrinkage=0.01


Tree=363
num_leaves=9
num_cat=0
split_feature=44 18 22 16 59 74 55 7
split_gain=0.559723 0.491351 0.298749 0.387621 0.683774 0.119774 0.134362 0.117272
threshold=15.949999745000001 0.70722607100000012 1.8285714135000002 0.66522328550000009 0.095000267000000013 37.27499962000001 0.65000000600000007 0.49414800000000009
decision_type=2 2 2 2 2 2 2 2
left_child=1 2 5 7 -5 -1 -7 -4
right_child=-2 -3 3 4 -6 6 -8 -9
leaf_value=8.3640605676683733e-06 0.00059546704260910138 0.0020863132758516347 0.00079166111276804396 0.00019369818172794992 -6.0652462186765491e-05 3.4516477726037026e-05 -0.0010700443961682465 -0.0044731983495220019
leaf_weight=22 23 37 20 20 37 24 221 57
leaf_count=22 23 37 20 20 37 24 221 57
internal_value=3.78951e-05 -3.87421e-05 -0.000145595 0.00022997 0.000856401 -0.000341673 -0.000408869 -0.000212082
internal_weight=461 438 401 134 57 267 245 77
internal_count=461 438 401 134 57 267 245 77
is_linear=0
shrinkage=0.01


Tree=364
num_leaves=8
num_cat=0
split_feature=56 96 43 48 44 9 73
split_gain=0.530725 0.400213 0.558028 0.316607 0.294355 0.111725 0.055292
threshold=0.25000000350000007 131.77162625000003 14.500000120000001 8.3000000715000031 15.949999745000001 0.50185125000000019 43.799999715000006
decision_type=2 2 2 2 2 2 2
left_child=-1 3 -3 4 5 -2 -7
right_child=1 2 -4 -5 -6 6 -8
leaf_value=0.0011136077508371342 0.00084434574299838616 0.001177407734150659 -0.00047422977913980655 0.00059136479648810663 3.6554485493393184e-05 -1.8219155150317554e-05 -0.0014466293872840124
leaf_weight=25 25 25 20 30 21 53 256
leaf_count=25 25 25 20 30 21 53 256
internal_value=-1.20668e-05 -9.98144e-05 0.000775109 -0.000208657 -0.000296515 -0.000373357 -0.000427695
internal_weight=455 430 45 385 355 334 309
internal_count=455 430 45 385 355 334 309
is_linear=0
shrinkage=0.01


Tree=365
num_leaves=9
num_cat=0
split_feature=38 13 27 18 10 20 51 16
split_gain=1.03727 1.5089 0.39422 0.312494 0.185744 0.103356 0.100502 0.0414763
threshold=6.0714286055000004 0.73934505000000017 4.1999999970000008 0.63012876200000012 0.66748757100000011 0.99999999550000018 25.450000005000003 0.75160978600000006
decision_type=2 2 2 2 2 2 2 2
left_child=2 3 5 4 6 7 -2 -1
right_child=1 -3 -4 -5 -6 -7 -8 -9
leaf_value=-0.001540200573185778 -0.0031255149817781764 0.00077271687629437539 5.2386382639192266e-05 0.0010242912824215697 0.00081949105260624932 1.472255987813853e-05 0.00040776510777194483 -0.00092708647156306283
leaf_weight=223 52 20 28 35 20 28 22 21
leaf_count=223 52 20 28 35 20 28 22 21
internal_value=7.44774e-05 0.000757677 -0.000259309 0.000335131 1.05484e-05 -0.000381232 -0.000200535 -0.000449347
internal_weight=449 149 300 129 94 272 74 244
internal_count=449 149 300 129 94 272 74 244
is_linear=0
shrinkage=0.01


Tree=366
num_leaves=8
num_cat=0
split_feature=16 15 68 44 44 45 53
split_gain=0.51282 0.965535 0.437055 0.422925 0.74743 0.190798 0.103198
threshold=0.66402850000000013 0.67763202350000007 2.4949998855000004 8.1999998540000014 7.5999999645000011 3.5999999345000004 0.75000000750000007
decision_type=2 2 2 2 2 2 2
left_child=6 -2 3 4 -3 -5 -1
right_child=1 2 -4 5 -6 -7 -8
leaf_value=-0.0044352206198528411 0.0028480471500685971 -0.0023821896694731139 0.00051002226736461553 2.156776075367707e-05 0.002172594621454894 -0.00043932551467101242 0.00055243355570347571
leaf_weight=201 20 24 27 34 22 142 31
leaf_count=201 20 24 27 34 22 142 31
internal_value=-5.67957e-05 0.000235359 5.40431e-05 -8.52784e-05 0.000747863 -0.000316742 -0.00040378
internal_weight=501 269 249 222 46 176 232
internal_count=501 269 249 222 46 176 232
is_linear=0
shrinkage=0.01


Tree=367
num_leaves=8
num_cat=0
split_feature=16 16 2 4 35 0 0
split_gain=0.431206 1.26303 0.302645 0.67255 0.159115 0.037843 0.0244948
threshold=0.66486142900000011 0.68083361900000006 0.28941417850000006 0.33419702350000008 4.1999999970000008 0.1237999795 0.08460875000000001
decision_type=2 2 2 2 2 2 2
left_child=4 -2 3 6 -1 -4 -3
right_child=1 2 5 -5 -6 -7 -8
leaf_value=-0.0041547144147841449 0.001361689211598238 -0.00028095161922597273 6.1249433102725932e-06 0.0021943770729834868 0.00083453779077611754 -3.9549772378982309e-05 -0.0013888757633887623
leaf_weight=208 29 20 20 34 20 100 36
leaf_count=208 29 20 20 34 20 100 36
internal_value=-8.87132e-05 0.000202252 -6.16699e-05 0.000363436 -0.000402098 -0.000397351 -0.00028169
internal_weight=467 239 210 90 228 120 56
internal_count=467 239 210 90 228 120 56
is_linear=0
shrinkage=0.01


Tree=368
num_leaves=10
num_cat=0
split_feature=6 55 67 98 56 38 96 98 1
split_gain=0.6089 1.19834 0.328735 0.783667 0.248296 0.105771 0.0621931 0.0819471 0.0249217
threshold=0.54869635750000012 2.6000000125000002 22.445000170000004 25.894776115000003 0.25000000350000007 6.3857142925000003 127.65535695000001 26.403695545000005 0.25697083300000007
decision_type=2 2 2 8 2 2 2 8 2
left_child=2 -2 3 -1 -4 6 -6 -8 -5
right_child=1 -3 4 8 5 -7 7 -9 -10
leaf_value=0.0011109973028922851 -0.0060342108845276065 0.00053090219495890599 0.0011105164445937099 -0.0019560814083338009 -0.0022891166651263666 0.00042105828345776337 -1.9646636324222468e-05 0.00031490736218562466 -0.00040240759973317358
leaf_weight=31 27 25 24 37 249 26 29 20 20
leaf_count=31 27 25 24 37 249 26 29 20 20
internal_value=-2.455e-05 0.000984848 -0.000151099 0.000382883 -0.000292431 -0.000369458 -0.000425034 -5.02009e-05 -0.000285467
internal_weight=488 52 436 88 348 324 298 49 57
internal_count=488 52 436 88 348 324 298 49 57
is_linear=0
shrinkage=0.01


Tree=369
num_leaves=9
num_cat=0
split_feature=6 2 96 43 49 19 28 7
split_gain=0.6215 1.10816 0.345599 0.2819 0.248858 0.680928 0.170324 0.184043
threshold=0.52688710700000019 0.33633114300000005 132.27619780000003 12.949999720000003 5.1499999055000005 40.225000000000009 4.1428571940000003 0.49186835700000003
decision_type=2 2 2 2 2 2 2 2
left_child=2 3 4 -2 5 -1 -6 -8
right_child=1 -3 -4 -5 6 -7 7 -9
leaf_value=0.0003737226745836705 0.0016396379537162581 -0.00063544485948846964 0.00097323308409987344 0.00010036865672280377 -0.0015511416739795072 -0.0010786356777734217 0.0030960256411195035 -0.0030232490061651604
leaf_weight=21 20 37 28 20 284 41 20 23
leaf_count=21 20 37 28 20 284 41 20 23
internal_value=-5.05256e-05 0.000764781 -0.000207037 0.00191176 -0.00028861 0.000270701 -0.000401159 0.000148402
internal_weight=494 77 417 40 389 62 327 43
internal_count=494 77 417 40 389 62 327 43
is_linear=0
shrinkage=0.01


Tree=370
num_leaves=11
num_cat=0
split_feature=16 14 63 3 15 97 35 16 23 0
split_gain=1.00332 0.811684 0.797315 0.662845 0.515965 1.41338 0.317418 0.129685 0.0429746 0.0180012
threshold=0.66402850000000013 0.66650767850000003 2.3299994470000005 0.35320377100000006 0.72758228550000015 26.231004275000004 4.1999999970000008 0.74932200000000015 1.7928571275000003 0.096013500000000015
decision_type=2 2 2 2 2 8 2 2 2 2
left_child=6 -2 7 4 5 -4 8 -3 -1 -6
right_child=1 2 3 -5 9 -7 -8 -9 -10 -11
leaf_value=-1.766228105075353e-05 0.0026607549931895536 -0.00028069238891396297 0.0018382762494646677 0.00058377818888945493 -0.00047253206637184352 -0.0012091634203866876 0.00042680274313898519 0.0002052194032997695 -0.0048713816562554937 -0.00031939759800960187
leaf_weight=20 23 76 20 22 20 38 21 20 189 24
leaf_count=20 23 76 20 22 20 38 21 20 189 24
internal_value=0.000150907 0.000600902 0.000398551 0.000929487 0.000554475 0.00117347 -0.000316291 -0.000268595 -0.000440896 -0.000223214
internal_weight=473 243 220 124 102 58 230 96 209 44
internal_count=473 243 220 124 102 58 230 96 209 44
is_linear=0
shrinkage=0.01


Tree=371
num_leaves=9
num_cat=0
split_feature=16 16 41 27 48 17 53 14
split_gain=0.500934 0.41511 0.542986 0.45119 0.16387 0.352686 0.105995 0.0733187
threshold=0.66486142900000011 0.68325592850000005 7.7000000290000008 4.1928571635000011 6.3000001610000007 0.68784068600000015 0.75000000750000007 0.70938507150000019
decision_type=2 2 2 2 2 2 2 2
left_child=6 2 -2 4 7 -6 -1 -3
right_child=1 3 -4 -5 5 -7 -8 -9
leaf_value=-0.0043576432821530496 0.0014095612202756412 -7.9011431466094521e-06 -1.5053486530001601e-05 1.935760954671868e-05 -0.0019317582174115894 0.00029447068442999881 -0.00017975266870813876 -0.00036910452895149158
leaf_weight=195 20 35 20 27 23 20 30 90
leaf_count=195 20 35 20 27 23 20 30 90
internal_value=-6.0764e-05 0.000256573 0.00117647 5.3626e-05 -0.000130332 0.000376712 -0.000400797 -0.00032194
internal_weight=460 235 40 195 168 43 225 125
internal_count=460 235 40 195 168 43 225 125
is_linear=0
shrinkage=0.01


Tree=372
num_leaves=8
num_cat=0
split_feature=16 14 21 19 64 5 49
split_gain=0.616182 0.501226 0.40061 0.553238 1.51475 0.423897 0.398067
threshold=0.60949717850000018 0.62552166050000013 2.5285714180000007 101.16000000000001 1.7299995420000001 0.46976100000000004 5.1499999055000005
decision_type=2 2 2 2 2 2 2
left_child=-1 -2 3 5 -5 6 -3
right_child=1 2 -4 4 -6 -7 -8
leaf_value=-0.0056965257447074624 0.0030262738469835609 0.0026317703957667838 -0.00049571517206345981 0.0005252703312595403 -0.00037071750618769967 0.00060963368967453086 -2.7570718065411414e-05
leaf_weight=137 20 24 67 34 29 27 129
leaf_count=137 20 24 67 34 29 27 129
internal_value=7.37493e-05 0.000311366 0.000202703 0.000395816 0.00119906 9.95574e-05 -9.42784e-05
internal_weight=467 330 310 243 63 180 153
internal_count=467 330 310 243 63 180 153
is_linear=0
shrinkage=0.01


Tree=373
num_leaves=8
num_cat=0
split_feature=38 18 5 90 18 67 5
split_gain=0.684294 0.591483 0.399356 0.139926 0.126057 0.0577331 0.0857157
threshold=6.0714286055000004 0.63328252850000011 0.48095428550000008 16.120000020000003 0.56980719650000011 21.455000400000003 0.43647588100000007
decision_type=2 2 2 2 2 2 2
left_child=3 2 4 -1 -2 6 -5
right_child=1 -3 -4 5 -6 -7 -8
leaf_value=9.378420858316972e-05 -0.0013605982904514244 0.0028351643196738532 0.00075214661690552664 -2.3196221072935487e-05 0.00011365813180670252 -0.0013281955208528978 0.00045345471548428662
leaf_weight=20 61 38 20 31 37 237 20
leaf_count=20 61 38 20 31 37 237 20
internal_value=-8.60586e-05 0.000446428 7.57575e-05 -0.000362694 -0.000172065 -0.000422438 -6.75677e-05
internal_weight=464 156 118 308 98 288 51
internal_count=464 156 118 308 98 288 51
is_linear=0
shrinkage=0.01


Tree=374
num_leaves=9
num_cat=0
split_feature=16 31 52 49 30 12 28 12
split_gain=0.358398 0.542949 0.245067 0.284933 0.194604 0.24414 0.148832 0.040674
threshold=0.60949717850000018 3.0642857040000004 19.500000385000003 8.7500001635000029 2.4428571380000004 0.6898453335000001 4.0785714385000009 0.74046791450000005
decision_type=2 2 2 2 2 2 2 2
left_child=-1 2 4 -4 6 -6 7 -2
right_child=1 -3 3 -5 5 -7 -8 -9
leaf_value=-0.0073923715958639589 -3.939940723676761e-05 0.0042302675652643642 6.2029258013003214e-05 -0.00042248235580622835 0.00034486098008809879 -2.9550510037204596e-05 0.00081866027005985168 9.7815084426303155e-06
leaf_weight=132 137 30 25 26 22 32 37 20
leaf_count=132 137 30 25 26 22 32 37 20
internal_value=-4.00608e-05 0.000131898 0 0.000627413 -0.000128617 0.000383212 -0.000282341 -0.00042142
internal_weight=461 329 299 51 248 54 194 157
internal_count=461 329 299 51 248 54 194 157
is_linear=0
shrinkage=0.01


Tree=375
num_leaves=7
num_cat=0
split_feature=98 10 72 97 72 41
split_gain=0.431761 0.260913 0.361572 0.653347 0.792798 0.0757166
threshold=27.836040485000002 0.64599050000000013 81.390001300000009 26.397590145000006 78.345000265000024 7.7999999860000004
decision_type=10 2 2 8 2 2
left_child=1 -1 3 4 -3 -4
right_child=-2 2 5 -5 -6 -7
leaf_value=-0.0010121037343841287 0.00015937300348523419 0.00016383130104262011 -0.0022111580156195859 -0.0007793007294156979 0.0017864242108724029 7.9430765964480546e-06
leaf_weight=227 34 20 90 33 20 34
leaf_count=227 34 20 90 33 20 34
internal_value=-0.000167829 -0.000258946 0 0.000562331 0.00142157 -0.000320513
internal_weight=458 424 197 73 40 124
internal_count=458 424 197 73 40 124
is_linear=0
shrinkage=0.01


Tree=376
num_leaves=9
num_cat=0
split_feature=38 53 48 10 15 0 18 7
split_gain=0.286924 0.672537 0.263737 0.222154 0.115293 0.188056 0.0840037 0.22869
threshold=6.0428572040000015 0.60000001650000001 8.499999821500003 0.55594645200000004 0.7003351430000001 0.26921189550000008 0.65577471450000002 0.55945142850000007
decision_type=2 2 2 2 2 2 2 2
left_child=2 3 6 -2 -5 -6 -1 -8
right_child=1 -3 -4 4 5 -7 7 -9
leaf_value=-0.0034063933416248037 0.0005508996768757901 0.00092774384405972226 0.00030714188069406101 -0.00055965723440214881 0.00010558346068342474 -0.00013279584691397857 -0.0013554379064593222 0.0019564544838626282
leaf_weight=200 20 34 23 81 20 24 50 22
leaf_count=200 20 34 23 81 20 24 50 22
internal_value=-9.47769e-05 0.000214127 -0.000289047 -7.20166e-05 -0.000242448 0.000133928 -0.000381232 -5.49452e-05
internal_weight=474 179 295 145 125 44 272 72
internal_count=474 179 295 145 125 44 272 72
is_linear=0
shrinkage=0.01


Tree=377
num_leaves=10
num_cat=0
split_feature=17 27 23 44 2 4 82 7 2
split_gain=0.548912 0.652348 0.716739 0.291534 0.24627 0.595074 0.470653 0.120361 0.0823031
threshold=0.56993757100000009 4.1499999930000007 1.8142857125000003 16.000000250000003 0.29011351200000007 0.33042542850000006 6.2685713725000012 0.43138833350000011 0.34313876200000004
decision_type=2 2 2 2 2 2 2 2 2
left_child=-1 3 -3 4 5 7 -7 -2 -6
right_child=1 2 -4 -5 8 6 -8 -9 -10
leaf_value=-0.0059844826332003231 0.00015135700170608503 -0.00016948412113635482 0.0016328584344944103 0.00050593697657716724 -0.00010092425724777233 0.0029412403836690582 1.1324810149750881e-06 -0.0031679084883703464 -0.00022788528993675705
leaf_weight=143 20 30 26 23 104 20 26 61 33
leaf_count=143 20 30 26 23 104 20 26 61 33
internal_value=3.08134e-05 0.0002516 0.00123239 5.03821e-05 -3.77645e-05 0.000269953 0.00117521 -0.000226161 -0.000337446
internal_weight=486 343 56 287 264 127 46 81 137
internal_count=486 343 56 287 264 127 46 81 137
is_linear=0
shrinkage=0.01


Tree=378
num_leaves=8
num_cat=0
split_feature=39 3 70 13 19 49 19
split_gain=0.307634 0.419051 0.556411 0.150207 0.183988 0.302138 0.11004
threshold=2.0000000150000004 0.33839942850000004 21.824999810000005 0.75166676650000019 18.110000000000003 15.250000020000002 101.16000000000001
decision_type=2 2 2 2 2 2 2
left_child=3 2 -2 4 5 -1 -3
right_child=1 6 -4 -5 -6 -7 -8
leaf_value=0.0021663151187314078 -1.7956895063634171e-05 -0.00073157646017797803 0.00015831948863154026 3.2161621083142604e-05 -0.00084784697891146607 -0.0054678847708535165 2.7754802487193282e-06
leaf_weight=26 25 49 27 34 226 38 20
leaf_count=26 25 49 27 34 226 38 20
internal_value=-0.00011328 0.000307882 0.000984848 -0.000277094 -0.000354195 9.25925e-05 -0.000179083
internal_weight=445 121 52 324 290 64 69
internal_count=445 121 52 324 290 64 69
is_linear=0
shrinkage=0.01


Tree=379
num_leaves=10
num_cat=0
split_feature=44 65 81 49 19 34 66 1 1
split_gain=0.411605 0.314027 0.719408 0.383936 1.01232 0.140805 0.104475 0.0231242 0.0210574
threshold=16.000000250000003 35.180000305000007 8.7007143160000009 5.1499999055000005 40.225000000000009 6.4785714150000011 25.695001125000005 0.26843133350000004 0.26147050000000005
decision_type=2 2 2 2 2 2 2 2 2
left_child=1 2 8 4 -3 6 -5 -6 -1
right_child=-2 3 -4 5 7 -7 -8 -9 -10
leaf_value=-0.0024225777867336348 0.00059740790524994054 0.0019354996002006264 0.0013137899658525992 -0.00056971976080213765 -0.00090563019636548479 0.00044341879437549637 -0.0009636369584260857 -0.00040250723688558637 -0.0024485534434001907
leaf_weight=20 20 20 31 32 33 20 263 20 29
leaf_count=20 20 20 31 32 33 20 263 20 29
internal_value=-2.455e-05 -8.95906e-05 0.000470297 -0.000210905 0.000426829 -0.000365738 -0.000424273 -0.000269517 -0.000251004
internal_weight=488 468 80 388 73 315 295 53 49
internal_count=488 468 80 388 73 315 295 53 49
is_linear=0
shrinkage=0.01


Tree=380
num_leaves=9
num_cat=0
split_feature=11 60 23 26 18 55 1 1
split_gain=0.434335 0.780135 0.83322 0.24853 0.443398 0.0750797 0.0436387 0.0221279
threshold=0.6967543570000001 3.8150005340000006 1.7857142730000002 2.3142857000000006 0.59664671450000006 0.80000001550000011 0.28589383350000003 0.26813975000000007
decision_type=2 2 2 2 2 2 2 2
left_child=3 2 -2 5 7 -1 -7 -5
right_child=1 -3 -4 4 -6 6 -8 -9
leaf_value=-3.2485591134748508e-06 3.7397518280850082e-05 -0.0034712845464564251 0.00049722091555806311 -0.0034530346822156601 0.0023625188506234823 -0.0010404720876124591 7.4696096861237577e-06 -0.0017758650968481076
leaf_weight=37 38 47 24 31 26 211 20 20
leaf_count=37 38 47 24 31 26 211 20 20
internal_value=-5.49693e-05 0.000487249 0.00122611 -0.000232794 0.000250643 -0.000379464 -0.000446506 -0.000260618
internal_weight=454 109 62 345 77 268 231 51
internal_count=454 109 62 345 77 268 231 51
is_linear=0
shrinkage=0.01


Tree=381
num_leaves=8
num_cat=0
split_feature=35 64 6 18 57 0 0
split_gain=0.304117 0.571487 0.304527 0.287128 0.369095 0.0216024 0.0192946
threshold=3.9999999830000004 0.54500007650000015 0.54869635750000012 0.68323078550000005 2.3499999640000007 0.22850610400000002 0.22684882650000002
decision_type=2 2 2 2 2 2 2
left_child=2 -2 3 -1 6 -3 -5
right_child=1 5 -4 4 -6 -7 -8
leaf_value=-0.00098230558039320219 0.00084967171151603324 -0.0096074699145173199 8.2607604818339729e-05 -0.0010453605863513199 0.0022201426058984122 -0.00083474029925450447 -0.0026749982293291629
leaf_weight=269 36 20 33 20 20 30 26
leaf_count=269 36 20 33 20 20 30 26
internal_value=-0.000120932 0.000403226 -0.000249458 -0.000343955 0.000224551 -0.000255906 -0.000235043
internal_weight=454 86 368 335 66 50 46
internal_count=454 86 368 335 66 50 46
is_linear=0
shrinkage=0.01


Tree=382
num_leaves=8
num_cat=0
split_feature=56 48 47 80 34 96 80
split_gain=0.97402 0.393694 0.410675 0.517034 0.426037 0.173835 0.0446112
threshold=0.25000000350000007 5.4000001440000007 0.15000000200000005 5.4750000240000007 5.4571428640000006 73.069060915000009 5.2342857505000007
decision_type=2 2 2 2 2 2 2
left_child=-1 5 -3 -4 -5 -2 -7
right_child=1 2 3 4 -6 6 -8
leaf_value=0.0011259450627511256 1.0035786816659648e-05 -0.0041313671784163446 -0.00035561530258056492 0.0011959158016966198 0.00025131919753126642 -0.00097995457357073529 -0.00081866646426834253
leaf_weight=24 38 39 21 23 22 20 253
leaf_count=24 38 39 21 23 22 20 253
internal_value=-6.3521e-05 -0.000182342 0.000335539 0.000823353 0.00143013 -0.000364016 -0.000454712
internal_weight=440 416 105 66 45 311 273
internal_count=440 416 105 66 45 311 273
is_linear=0
shrinkage=0.01


Tree=383
num_leaves=10
num_cat=1
split_feature=53 99 5 12 17 17 28 53 15
split_gain=0.548536 0.567617 0.687556 0.452175 0.404983 0.109257 0.167881 0.103622 0.0340528
threshold=0.35000000900000006 0 0.43647588100000007 0.61848257150000008 0.70428482150000016 0.65814673200000007 3.9357143130000005 0.80000001550000011 0.74113214250000015
decision_type=2 1 2 2 2 2 2 2 2
left_child=5 7 3 -3 -4 -1 -7 -2 -9
right_child=1 2 4 -5 -6 6 -8 8 -10
leaf_value=-0.0040721038880161577 3.5147097727686628e-05 0.002136581734502672 0.00041531289912574292 -0.00034315096396327744 0.0020715773866453145 -0.0022218324255739281 3.0364489567512214e-05 -0.00064032340564983722 0.00026944470095751071
leaf_weight=169 20 29 34 45 20 34 24 71 20
leaf_count=169 20 29 34 45 20 34 24 71 20
internal_value=-2.14236e-06 0.000327356 0.000749279 0.000147059 0.00166058 -0.00035777 0 -0.000192939 -0.000364924
internal_weight=466 239 128 74 54 227 58 111 91
internal_count=466 239 128 74 54 227 58 111 91
cat_boundaries=0 1
cat_threshold=34604048
is_linear=0
shrinkage=0.01


Tree=384
num_leaves=11
num_cat=0
split_feature=16 96 97 10 59 16 10 2 41 4
split_gain=0.571752 0.430699 0.529352 0.361258 0.284388 0.587329 0.172777 0.0763575 0.0420718 0.032135
threshold=0.67720392850000011 115.69645150000001 26.216676770000003 0.58436757100000014 0.51000022900000019 0.62757321450000003 0.68637821450000014 0.31579850000000004 9.100000105500003 0.33777235700000008
decision_type=2 2 8 2 2 2 2 2 2 2
left_child=4 2 -2 -3 8 -6 9 -8 -1 -5
right_child=1 3 -4 6 5 -7 7 -9 -10 -11
leaf_value=-0.0035934134697077013 0.0018040408645159361 0.0013265536069482348 5.0580754695304321e-06 -0.0019635414818604639 0.0004717171906344721 -0.0022889812411208419 0.00054363521257260741 -2.2545349944057773e-05 -0.0072827162526714418 -4.8654263416662369e-05
leaf_weight=165 35 20 39 20 22 33 20 20 20 61
leaf_count=165 35 20 39 20 22 33 20 20 20 61
internal_value=8.88546e-05 0.000465709 0.00108289 0.000123413 -0.000240864 0.000367383 -6.97867e-05 0.000441176 -0.000433262 -0.000348411
internal_weight=455 215 74 141 240 55 121 40 185 81
internal_count=455 215 74 141 240 55 121 40 185 81
is_linear=0
shrinkage=0.01


Tree=385
num_leaves=10
num_cat=0
split_feature=16 15 11 96 49 59 16 29 19
split_gain=0.60258 0.61264 0.903286 0.442536 0.310478 0.300454 0.328281 0.168318 0.112937
threshold=0.66402850000000013 0.72889664300000012 0.6967543570000001 131.19284590000004 5.1499999055000005 0.51000022900000019 0.62757321450000003 3.7499999320000001 86.600000000000009
decision_type=2 2 2 2 2 2 2 2 2
left_child=5 2 3 4 -2 -1 -7 -3 -6
right_child=1 7 -4 -5 8 6 -8 -9 -10
leaf_value=-0.0046797872508512897 5.0759693338123188e-05 -0.00064532902041727848 0.00071009220183917727 4.5354348628585561e-05 -0.00027154777639654462 0.00053008441872942169 -0.00080147426151805574 0.0016249199123055766 6.5956864660412675e-06
leaf_weight=186 23 69 25 21 52 20 20 31 20
leaf_count=186 23 69 25 21 52 20 20 31 20
internal_value=5.23727e-05 0.000403226 0.000828632 0.000428082 0.000109603 -0.000313051 0.000441176 -0.000178572 -0.000192308
internal_weight=467 241 141 116 95 226 40 100 72
internal_count=467 241 141 116 95 226 40 100 72
is_linear=0
shrinkage=0.01


Tree=386
num_leaves=10
num_cat=0
split_feature=18 44 44 14 55 53 4 14 93
split_gain=0.542208 0.517179 0.736632 0.259948 0.419858 0.0943227 0.230254 0.0784707 0.0403404
threshold=0.59719878550000016 8.2000000180000026 7.5000000595000005 0.69721657100000012 1.7000000105000002 0.40000000950000009 0.40062125000000004 0.75020021450000007 18.398571560000004
decision_type=2 2 2 2 2 2 2 2 2
left_child=5 2 -2 4 -3 8 -7 -5 -1
right_child=1 3 -4 7 -6 6 -8 -9 -10
leaf_value=-0.0031819735345400123 -0.00010673776141406792 -1.4851997693422153e-05 0.0018855565753670422 -2.1099258445411396e-05 0.00012019456595573254 -0.0027150401629632511 0.00040247359719303876 -1.6481530446559988e-07 -0.0012472444868327464
leaf_weight=184 33 31 27 69 22 38 20 30 21
leaf_count=184 33 31 27 69 22 38 20 30 21
internal_value=-3.25768e-05 0.000338346 0.00111842 1.30889e-05 0.000585502 -0.000339272 0 -0.000275551 -0.000439747
internal_weight=475 212 60 152 53 263 58 99 205
internal_count=475 212 60 152 53 263 58 99 205
is_linear=0
shrinkage=0.01


Tree=387
num_leaves=10
num_cat=0
split_feature=56 17 6 68 64 4 10 18 4
split_gain=0.628088 0.40244 0.572137 0.276635 0.605813 0.24985 0.140636 0.0421972 0.037843
threshold=0.25000000350000007 0.6077260000000001 0.54869635750000012 0.77500009550000015 0.7149996755000001 0.33253569050000004 0.68637821450000014 0.56392716650000019 0.38555321400000003
decision_type=2 2 2 2 2 2 2 2 2
left_child=-1 7 3 4 5 -3 8 -2 -5
right_child=1 2 -4 6 -6 -7 -8 -9 -10
leaf_value=0.00016993864491761674 -0.0035400822262845106 0.0012997771965081143 0.00012355112163634166 -0.00031125980033732011 2.8189474608855784e-05 -0.0012006461020313969 0.00076140751679419595 -6.611377649816536e-06 -0.00048380645798563562
leaf_weight=22 168 20 21 100 25 46 35 20 20
leaf_count=22 168 20 21 100 25 46 35 20 20
internal_value=0 -7.78852e-05 0.000166169 2.02592e-05 0.000462963 -1.49702e-05 -0.000227856 -0.000434322 -0.000397351
internal_weight=477 455 267 246 91 66 155 188 120
internal_count=477 455 267 246 91 66 155 188 120
is_linear=0
shrinkage=0.01


Tree=388
num_leaves=7
num_cat=0
split_feature=44 48 7 12 12 65
split_gain=0.398117 0.315028 0.350339 0.225524 0.298391 0.0983154
threshold=15.949999745000001 7.0999999795000006 0.40947400000000006 0.72904950000000013 0.74704928550000005 34.979999545000005
decision_type=2 2 2 2 2 2
left_child=1 2 -1 5 -5 -4
right_child=-2 -3 3 4 -6 -7
leaf_value=0.0018544593088782092 0.00019483762496940447 8.5493402171507444e-05 -8.7954061585890235e-06 0.0001021737464714001 -0.0011855503168545583 -0.00082180963036907622
leaf_weight=28 21 39 34 35 34 257
leaf_count=28 21 39 34 35 34 257
internal_value=-4.90197e-05 -0.000120383 -0.000210905 -0.000299335 0.00019341 -0.000423235
internal_weight=448 427 388 360 69 291
internal_count=448 427 388 360 69 291
is_linear=0
shrinkage=0.01


Tree=389
num_leaves=10
num_cat=0
split_feature=38 53 4 17 38 19 14 38 14
split_gain=0.579179 0.761883 0.514744 0.381097 0.325473 0.255602 0.243749 0.149462 0.0434122
threshold=6.0142857350000005 0.60000000500000006 0.38161244300000002 0.71196496400000009 6.2785714015000007 57.980000000000011 0.73229314300000004 6.1071428915000014 0.75097630950000005
decision_type=2 2 2 2 2 2 2 2 2
left_child=3 4 -3 8 7 -6 -5 -2 -1
right_child=1 2 -4 6 5 -7 -8 -9 -10
leaf_value=-0.0018183317767984564 1.4801742693471746e-05 0.001538083551779903 0.00056743411503291127 0.001736901454565315 0.0025481162622103025 -4.2225682046854849e-05 -0.0010812847038104828 -0.0027059828745644504 -0.0002222855068197535
leaf_weight=203 34 20 20 20 23 20 26 69 20
leaf_count=203 34 20 20 20 23 20 26 69 20
internal_value=2.30363e-05 0.000455032 0.00166667 -0.000268718 0.00010218 0.000833333 0.000534188 -0.000187861 -0.000444594
internal_weight=455 186 40 269 146 43 46 103 223
internal_count=455 186 40 269 146 43 46 103 223
is_linear=0
shrinkage=0.01


Tree=390
num_leaves=10
num_cat=0
split_feature=17 15 67 7 5 17 7 15 60
split_gain=0.666476 1.31513 0.480807 0.390458 0.501802 0.21961 0.395954 0.234853 0.118964
threshold=0.67622035700000016 0.70211948550000014 26.525000570000003 0.53728185750000013 0.44841826200000007 0.56993757100000009 0.60344354300000014 0.61236271450000013 2.1300001145000005
decision_type=2 2 2 2 2 2 2 2 2
left_child=5 2 -2 -3 -5 -1 7 -7 -9
right_child=1 3 -4 4 -6 6 -8 8 -10
leaf_value=-0.0052000492454146894 0.00015058449190506697 -0.00098489187809683017 0.0012700499058820086 0.0028817536295468933 -0.00014310132767907056 0.00047767562932008129 0.00083169475564075354 -7.0558270142494171e-07 -0.0036498310160560238
leaf_weight=139 20 63 20 26 32 21 20 23 96
leaf_count=139 20 63 20 26 32 21 20 23 96
internal_value=8.24652e-05 0.000602596 0.00215686 6.15762e-05 0.000663265 -0.000191795 4.97511e-05 -0.000127841 -0.000313022
internal_weight=460 161 40 121 58 299 160 140 119
internal_count=460 161 40 121 58 299 160 140 119
is_linear=0
shrinkage=0.01


Tree=391
num_leaves=9
num_cat=1
split_feature=99 5 63 14 70 34 26 2
split_gain=0.693574 0.572286 0.458049 0.191374 0.495244 0.039817 0.103439 0.0235968
threshold=0 0.46976100000000004 2.4650001525000005 0.73324492850000011 64.129999635000004 5.3214285715000011 2.2142857015000006 0.25088085750000005
decision_type=1 2 2 2 2 2 2 2
left_child=1 2 -1 5 -5 6 -2 -4
right_child=3 -3 7 4 -6 -7 -8 -9
leaf_value=5.7483342452640591e-05 -6.8986207408202273e-05 0.00076742660564445872 -0.0011662141478205564 -0.0010539667632730285 0.0013274635358399855 -0.0025579230729718952 0.00053322728122569903 -0.00024022652568956267
leaf_weight=26 43 22 20 50 28 230 20 34
leaf_count=26 43 22 20 50 28 230 20 34
internal_value=-9.39216e-05 0.000593972 0.000222772 -0.000297276 0.000114213 -0.000423758 -0.000148903 -0.000273723
internal_weight=473 102 80 371 78 293 63 54
internal_count=473 102 80 371 78 293 63 54
cat_boundaries=0 1
cat_threshold=36440132
is_linear=0
shrinkage=0.01


Tree=392
num_leaves=10
num_cat=1
split_feature=17 99 50 52 63 15 17 2 1
split_gain=0.659965 0.636237 0.770413 0.65552 0.540215 0.280218 0.196002 0.138226 0.032135
threshold=0.56319950000000019 0 11.099999805000001 13.800000050000003 3.5000004765000008 0.66625250000000014 0.62259057150000008 0.26659128600000009 0.27989535750000005
decision_type=2 1 2 2 2 2 2 2 2
left_child=-1 7 4 5 -3 6 -4 -2 -7
right_child=1 2 3 -5 -6 8 -8 -9 -10
leaf_value=-0.006199648607148403 2.2304920377465236e-05 9.843063641504377e-05 -0.0020773814656504267 0.00028283215267953867 0.00016691908088981234 -0.001665154201826253 0.0029810838740262904 -0.00033150915779584894 -0.0003128273370255867
leaf_weight=123 38 26 21 39 25 61 20 80 20
leaf_count=123 38 26 21 39 25 61 20 80 20
internal_value=0.000135522 0.000371826 0.000682226 0.000355377 0.00178571 0 0.000657895 -0.000209627 -0.000348411
internal_weight=453 330 212 161 51 122 41 118 81
internal_count=453 330 212 161 51 122 41 118 81
cat_boundaries=0 1
cat_threshold=70680
is_linear=0
shrinkage=0.01


Tree=393
num_leaves=10
num_cat=0
split_feature=34 2 19 66 18 19 98 53 98
split_gain=0.581692 0.758901 0.740639 0.988684 0.605833 0.221138 0.431383 0.132233 0.279517
threshold=5.6000000750000014 0.29011351200000007 26.080000000000002 27.315001010000007 0.67270657150000013 73.925000000000026 25.199560300000005 0.30000000800000004 27.836040485000002
decision_type=2 2 2 2 2 2 8 2 8
left_child=1 2 -1 4 -4 6 -3 -2 -9
right_child=7 5 3 -5 -6 -7 -8 8 -10
leaf_value=-0.0052935288328721155 -0.0037907565828588902 0.00015828674816799066 -0.0027338198700051315 0.00067962561670877443 0.0016890664456544345 -0.00017961139599546066 -0.00023945205303910989 -0.00093125604622876364 0.0010569531289883547
leaf_weight=24 147 36 26 31 20 71 35 46 29
leaf_count=24 147 36 26 31 20 71 35 46 29
internal_value=5.47444e-05 0.000395816 0.00105599 0.00153599 0.000534188 -6.30253e-05 0.00031337 -0.000309695 6.59619e-06
internal_weight=465 243 101 77 46 142 71 222 75
internal_count=465 243 101 77 46 142 71 222 75
is_linear=0
shrinkage=0.01


Tree=394
num_leaves=11
num_cat=0
split_feature=50 50 96 43 98 15 10 27 19 6
split_gain=0.549154 0.704156 1.08974 0.279517 0.254619 0.442068 0.409357 0.146997 0.179847 0.0435835
threshold=10.999999905000001 10.449999905 95.076307110000002 4.6000001465000002 23.993880675000003 0.72889664300000012 0.63010502400000012 4.1499999930000007 65.865000000000009 0.55479153600000009
decision_type=2 2 2 2 10 2 2 2 2 2
left_child=1 3 -3 -1 7 6 -6 9 -9 -2
right_child=4 2 -4 -5 5 -7 -8 8 -10 -11
leaf_value=2.6312036795737777e-05 -0.0017621542538040797 4.0686296743883965e-05 0.00021675262513261358 -0.0014650512286034363 0.0004032998805138717 -0.00093900022561312177 0.00049212882766973157 0.00080278962509640068 -0.00078045715290771007 2.2048409288577541e-06
leaf_weight=29 209 20 20 46 34 49 25 20 22 20
leaf_count=29 209 20 20 46 34 49 25 20 22 20
internal_value=2.0209e-06 0.000608808 0.00166667 6.59619e-06 -0.000177725 0.000220588 0.000811037 -0.000344003 0.000163551 -0.00044604
internal_weight=494 115 40 75 379 108 59 271 42 229
internal_count=494 115 40 75 379 108 59 271 42 229
is_linear=0
shrinkage=0.01


Tree=395
num_leaves=11
num_cat=0
split_feature=63 32 44 26 1 30 19 27 26 1
split_gain=0.588835 0.987456 0.443482 0.326056 0.216592 0.187057 0.240821 0.0402924 0.102217 0.0221279
threshold=0.76999998100000011 2.1571428175000005 15.949999745000001 2.4714285735000003 0.23494250000000003 2.4285714375 36.57500000000001 4.1499999930000007 2.2571428545000005 0.25584164250000002
decision_type=2 2 2 2 2 2 2 2 2 2
left_child=1 -1 3 5 -5 7 -7 -2 -9 -8
right_child=2 -3 -4 4 -6 6 9 8 -10 -11
leaf_value=-0.0020273584927435221 -0.0025759553746111082 0.0011683235988444363 0.00018522037107152476 0.001467088100507016 -0.0049923633329418803 0.0048497862159774382 -0.00017702887985850032 -0.002760088658893788 0.0005013577734195102 -1.2635644635638132e-05
leaf_weight=30 218 21 21 20 23 27 31 42 20 20
leaf_count=30 218 21 21 20 23 27 31 42 20 20
internal_value=3.16577e-06 0.00101351 -0.000115894 -0.000195371 0.000605023 -0.000298216 0.000114213 -0.000420228 -0.000143312 -0.000260618
internal_weight=473 51 422 401 43 358 78 280 62 51
internal_count=473 51 422 401 43 358 78 280 62 51
is_linear=0
shrinkage=0.01


Tree=396
num_leaves=10
num_cat=0
split_feature=17 15 9 44 50 17 73 20 10
split_gain=0.604947 1.11939 1.40795 0.274725 0.132919 0.162175 0.104732 0.0395659 0.100956
threshold=0.68431400000000009 0.7266769525000002 0.60290660000000018 14.049999980000001 22.500000080000003 0.55967792850000009 45.535000800000013 1.014285705 0.6591916430000001
decision_type=2 2 2 2 2 2 2 2 2
left_child=3 2 -2 4 7 -6 -3 -1 -9
right_child=1 6 -4 -5 5 -7 -8 8 -10
leaf_value=-0.002195138387302079 0.0010902630704416661 -0.0006012180548814743 0.0016211565553765556 8.3271570292008993e-05 -0.010731261461132418 4.7329334958166788e-05 0.00050254976928943156 -0.0028257833425692873 0.0001716401946716548
leaf_weight=190 33 47 20 34 21 21 38 41 20
leaf_count=190 33 47 20 34 21 21 38 41 20
internal_value=1.18075e-05 0.000569164 0.00170074 -0.000218121 -0.000321647 0.000163551 -0.000122378 -0.000411041 -0.000137541
internal_weight=465 138 53 327 293 42 85 251 61
internal_count=465 138 53 327 293 42 85 251 61
is_linear=0
shrinkage=0.01


Tree=397
num_leaves=9
num_cat=0
split_feature=17 13 96 48 97 27 97 98
split_gain=0.507763 0.675972 1.06608 0.371429 0.406551 0.248778 0.14694 0.132787
threshold=0.56319950000000019 0.61424050850000012 101.22713215000002 6.3000001610000007 26.231004275000004 4.1928571635000011 29.631868905000001 21.838804660000005
decision_type=2 2 2 2 10 2 10 8
left_child=-1 2 -2 5 -5 6 7 -3
right_child=1 3 -4 4 -6 -7 -8 -9
leaf_value=-0.007921367484952117 -0.0047058823957949868 8.4843995111597793e-06 0.0025972365163577263 0.00025339009900451703 -0.00027149962644629449 3.0374916488827776e-05 3.4887134258823053e-05 -0.0003667046696130688
leaf_weight=121 24 20 22 33 27 30 31 162
leaf_count=121 24 20 22 33 27 30 31 162
internal_value=7.00933e-05 0.000267295 0.00138889 8.72283e-05 0.000789474 -7.99837e-05 -0.000208139 -0.000322757
internal_weight=470 349 46 303 60 243 213 182
internal_count=470 349 46 303 60 243 213 182
is_linear=0
shrinkage=0.01


Tree=398
num_leaves=11
num_cat=0
split_feature=69 41 48 4 17 17 22 21 20 0
split_gain=0.888428 1.33472 0.332562 0.250267 0.304896 0.184123 0.259362 0.288972 0.171866 0.0264977
threshold=2.7849998475000004 5.0000000110000009 5.2000001075000002 0.41752242900000008 0.65440178550000005 0.63792957150000007 1.8142857125000003 2.3142856785000006 0.92857142450000019 0.23642664750000003
decision_type=2 2 2 2 2 2 2 2 2 2
left_child=1 -1 5 4 9 -2 -7 -8 -3 -4
right_child=2 8 3 -5 -6 6 7 -9 -10 -11
leaf_value=0.0009571393980886267 -0.0056122043052392531 -0.0029148841279840287 -0.0020702282476818003 0.00083532546372186987 0.00056643575027635906 -0.00075877413556635701 3.5234339536996123e-05 -7.0672905919872198e-06 1.6945443028721894e-05 -0.0010509724705239643
leaf_weight=25 177 27 41 20 35 55 27 31 22 20
leaf_count=25 177 27 41 20 35 55 27 31 22 20
internal_value=7.90348e-05 0.00108289 -0.000100787 0.000342466 0.000103306 -0.00028542 1.31809e-05 0.000493197 7.0281e-05 -0.000299353
internal_weight=480 74 406 116 96 290 113 58 49 61
internal_count=480 74 406 116 96 290 113 58 49 61
is_linear=0
shrinkage=0.01


Tree=399
num_leaves=10
num_cat=0
split_feature=68 15 18 81 73 27 19 6 2
split_gain=0.790595 0.430279 0.888684 0.564951 0.881334 0.313088 0.15124 0.249791 0.0288315
threshold=2.7750000955000007 0.72889664300000012 0.6834761075000001 8.5735714435000023 47.35999918000001 3.9357142450000002 74.520000000000024 0.45832935750000003 0.29416990500000001
decision_type=2 2 2 2 2 2 2 2 2
left_child=1 2 3 8 -5 -6 7 -3 -1
right_child=-2 6 -4 4 5 -7 -8 -9 -10
leaf_value=-0.00033608728401815627 -0.0046541257222927823 -0.003140070511412428 0.0022228712549977499 0.00020082989696038671 0.00061377668346837761 -0.00017521594090828 -0.00036293806995078875 0.0025361456121846672 1.8366838658577108e-05
leaf_weight=48 143 23 32 21 27 64 57 25 20
leaf_count=48 143 23 32 21 27 64 57 25 20
internal_value=0.000125868 0.000407489 0.000667293 0.000376106 0.000815603 0.00035403 -9.9244e-05 0.000286885 -0.000319768
internal_weight=460 317 212 180 112 91 105 48 68
internal_count=460 317 212 180 112 91 105 48 68
is_linear=0
shrinkage=0.01


Tree=400
num_leaves=10
num_cat=0
split_feature=6 37 13 2 47 98 37 16 54
split_gain=0.495842 1.20802 0.27618 0.801553 0.207414 0.730544 0.158649 0.0371932 0.0389031
threshold=0.54869635750000012 4.585714255000001 0.60194375000000011 0.23339242850000003 0.84999999400000015 25.921937140000004 5.3714285235000014 0.75160978600000006 0.45000000300000004
decision_type=2 2 2 2 2 8 2 2 2
left_child=2 -2 3 -1 6 -6 7 8 -4
right_child=1 -3 4 -5 5 -7 -8 -9 -10
leaf_value=-0.0097772233755787693 0.00054780227174691849 -0.0022823187736698064 -2.8982355888762329e-05 0.0026751732030264462 0.0011492198973204882 -0.0012367017152684788 5.1196824817116607e-05 -2.7131484066283962e-05 -0.00064132867801131878
leaf_weight=32 20 25 22 23 28 50 37 20 219
leaf_count=32 20 25 22 23 28 50 37 20 219
internal_value=0 0.00099345 -0.000100741 0.000546595 -0.000201699 0.000241117 -0.000324632 -0.000414439 -0.000448718
internal_weight=476 45 431 55 376 78 298 261 241
internal_count=476 45 431 55 376 78 298 261 241
is_linear=0
shrinkage=0.01


Tree=401
num_leaves=9
num_cat=1
split_feature=99 16 22 96 14 47 35 9
split_gain=0.542701 0.605147 1.76318 0.57989 0.425427 0.0772947 0.0430406 0.0264977
threshold=0 0.67720392850000011 1.8142857255000002 106.71203290000001 0.69721657100000012 0.94999998800000018 4.2714286360000004 0.6687478750000001
decision_type=1 2 2 2 2 2 2 2
left_child=5 3 4 -2 -3 6 -1 -6
right_child=1 2 -4 -5 7 -7 -8 -9
leaf_value=-0.0010530396423282353 -0.0025948432296967255 0.0011888003097665413 0.00069118842705374764 0.00022100821053290705 -8.061506923055637e-06 4.4999905709782638e-05 1.4886007993324611e-05 -8.2182673142839318e-06
leaf_weight=191 101 20 27 20 41 35 20 20
leaf_count=191 101 20 27 20 41 35 20 20
internal_value=-3.25768e-05 0.000306505 0.00086397 -0.000151888 9.16869e-05 -0.000354361 -0.000441454 -0.000299353
internal_weight=475 229 108 121 81 246 211 61
internal_count=475 229 108 121 81 246 211 61
cat_boundaries=0 1
cat_threshold=71666
is_linear=0
shrinkage=0.01


Tree=402
num_leaves=9
num_cat=0
split_feature=17 6 59 4 4 4 6 6
split_gain=0.518966 0.932509 0.226343 0.36945 0.72325 0.27289 0.104757 0.135514
threshold=0.56763350000000012 0.54994721450000006 1.8249998095000002 0.32941557150000006 0.34065642850000005 0.37030628550000005 0.37806078550000005 0.34344664300000011
decision_type=2 2 2 2 2 2 2 2
left_child=-1 2 3 6 -5 -6 7 -2
right_child=1 -3 -4 4 5 -7 -8 -9
leaf_value=-0.0046314466876242596 -0.0010723054099500964 0.00053705537314449896 -0.00033035832883961921 0.0020234403870050956 -8.5294742614075244e-06 0.00025097938562234484 -0.0029426878309090953 0.0023819471768503535
leaf_weight=134 20 20 55 20 52 76 63 23
leaf_count=134 20 20 55 20 52 76 63 23
internal_value=3.55756e-05 0.000253184 0.000108134 0.000239403 0.000564516 0.000263975 -0.000196629 0.000148402
internal_weight=463 329 309 254 148 128 106 43
internal_count=463 329 309 254 148 128 106 43
is_linear=0
shrinkage=0.01


Tree=403
num_leaves=11
num_cat=1
split_feature=99 53 5 15 18 2 9 97 6 2
split_gain=0.818443 0.895755 1.23768 0.242584 0.220283 0.29693 0.419164 0.15414 0.0439506 0.0173123
threshold=0 0.30000000800000004 0.43546857150000007 0.69030239300000018 0.66790017350000008 0.29646200000000006 0.60323425000000019 29.631868905000001 0.56165328550000015 0.28476309500000002
decision_type=1 2 2 2 2 2 2 10 2 2
left_child=1 3 -3 -1 7 6 -6 8 -2 -9
right_child=4 2 -4 -5 5 -7 -8 9 -10 -11
leaf_value=-0.0062168855490628665 -0.00067986079305553987 1.5914986826846242e-05 0.0013975968111823445 0.00023093430855865592 -0.00036283247758142449 -0.0013600294035012838 0.00200320598313505 -0.0036277481504539168 -0.0016560040910789842 7.3544277947610524e-05
leaf_weight=43 223 27 25 20 25 34 20 21 20 20
leaf_count=43 223 27 25 20 25 34 20 21 20 20
internal_value=1.87969e-05 0.000719396 0.00174242 0 -0.000212681 0.000231829 0.000775109 -0.000351124 -0.000449139 0.000179426
internal_weight=478 115 52 63 363 79 45 284 243 41
internal_count=478 115 52 63 363 79 45 284 243 41
cat_boundaries=0 1
cat_threshold=137134124
is_linear=0
shrinkage=0.01


Tree=404
num_leaves=9
num_cat=0
split_feature=6 96 15 28 3 30 6 14
split_gain=0.499554 0.352939 0.714356 0.18563 0.351175 0.165987 0.184783 0.100956
threshold=0.57262616650000009 131.19284590000004 0.72790397600000012 4.0785714385000009 0.28194035700000003 2.5999999810000003 0.52688710700000019 0.70435407150000018
decision_type=2 2 2 2 2 2 2 2
left_child=1 3 -3 5 -5 6 -1 -6
right_child=-2 2 -4 4 7 -7 -8 -9
leaf_value=-0.0017205649587125572 0.00035044804655058159 0.0010199013944374596 -0.0010350754498291363 0.0028857506217863432 -0.0031632258591961161 0.00075879421630921807 5.7169581064002599e-05 4.2092113598693613e-05
leaf_weight=251 26 23 25 20 41 34 39 20
leaf_count=251 26 23 25 20 41 34 39 20
internal_value=-1.56316e-05 -9.80609e-05 0.000696721 -0.000198374 0.000213936 -0.000307882 -0.000388583 -0.000137541
internal_weight=479 453 48 405 81 324 290 61
internal_count=479 453 48 405 81 324 290 61
is_linear=0
shrinkage=0.01


Tree=405
num_leaves=11
num_cat=0
split_feature=38 53 5 96 38 1 51 1 12 2
split_gain=0.994528 0.68117 0.756476 0.364757 0.540919 0.328281 0.116257 0.197073 0.0418983 0.0288315
threshold=6.0142857350000005 0.30000000800000004 0.42707578600000007 95.692065825000014 6.2000000135000013 0.24769064300000002 0.70000000650000016 0.24792775000000003 0.74167728600000016 0.33170666650000008
decision_type=2 2 2 2 2 2 2 2 2 2
left_child=6 3 5 -2 -5 -3 8 -8 -1 -9
right_child=1 2 -4 4 -6 -7 7 9 -10 -11
leaf_value=-0.0024459389862071766 -0.004896136496110948 0.0014335990890285766 0.00083178845120648328 -0.0057527512519995726 0.001043769811042355 -0.0029415767315355014 4.1556342293746685e-05 -0.00030570308640557583 -0.00089868213239792166 -0.00028659833901385588
leaf_weight=161 50 20 31 23 33 20 34 48 20 20
leaf_count=161 50 20 31 23 33 20 34 48 20 20
internal_value=8.24652e-05 0.000672103 0.00142758 0.000140449 0.000704225 0.000441176 -0.000280127 0 -0.000431793 -0.000319768
internal_weight=460 177 71 106 56 40 283 102 181 68
internal_count=460 177 71 106 56 40 283 102 181 68
is_linear=0
shrinkage=0.01


Tree=406
num_leaves=9
num_cat=0
split_feature=30 16 96 2 27 6 25 5
split_gain=0.736649 0.375995 0.629154 0.650084 0.280871 0.348447 0.144581 0.0434122
threshold=1.9571428385000003 0.67720392850000011 103.55921410000002 0.28941417850000006 4.0571428540000012 0.47981021450000005 1.7214285730000003 0.52067228550000011
decision_type=2 2 2 2 2 2 2 2
left_child=-1 6 3 -3 -4 -6 -2 -8
right_child=1 2 4 -5 5 -7 7 -9
leaf_value=0.00011216008513568215 2.0111451556186903e-05 0.0016803306345213832 -0.00014626132547697189 -6.2359129844389449e-05 0.00056903605068288766 -0.00012340859817683636 -0.0041688379205798458 -1.4134652667406877e-05
leaf_weight=20 20 29 90 24 38 28 203 20
leaf_count=20 20 29 90 24 38 28 203 20
internal_value=-8.46036e-06 -9.71733e-05 0.00020734 0.00114312 -0.000102041 0.000374251 -0.000367104 -0.000444594
internal_weight=472 452 209 53 156 66 243 223
internal_count=472 452 209 53 156 66 243 223
is_linear=0
shrinkage=0.01


Tree=407
num_leaves=10
num_cat=0
split_feature=17 96 67 23 15 13 71 96 22
split_gain=0.550669 0.480083 0.337957 0.631506 0.542264 0.409932 0.15337 0.240636 0.184766
threshold=0.56319950000000019 74.734244905000011 27.584999085000003 1.9142857025000002 0.65142042900000019 0.67873879150000016 60.380000115000009 127.65535695000001 1.7857142775000001
decision_type=2 2 2 2 2 2 2 2 2
left_child=-1 -2 6 4 -4 -6 -3 -8 -9
right_child=1 2 3 -5 5 -7 7 8 -10
leaf_value=-0.0072503893529319617 0.001678241050560986 -0.00072676791554694264 0.001525361345908276 -0.00047119913693402271 -0.00045358923760504259 0.00061833375058671701 -0.002239376100058576 -0.0017247647281476805 0.00033359917626625822
leaf_weight=129 28 79 24 45 28 50 34 20 20
leaf_count=129 28 79 24 45 28 50 34 20 20
internal_value=6.44385e-05 0.000285888 0.000159574 0.000504059 0.00094358 0.000494924 -0.000159298 0.000147059 0.000686274
internal_weight=457 328 300 147 102 78 153 74 40
internal_count=457 328 300 147 102 78 153 74 40
is_linear=0
shrinkage=0.01


Tree=408
num_leaves=10
num_cat=0
split_feature=17 19 19 30 77 10 96 66 3
split_gain=0.402842 0.335956 0.716148 0.927867 0.801737 0.348262 0.580877 0.260675 0.0240534
threshold=0.56319950000000019 39.405000000000008 15.340000000000002 2.2000000225000007 -0.32071426149999993 0.66171585750000006 96.752676805000007 25.750000000000004 0.27771426150000006
decision_type=2 2 2 2 2 2 2 2 2
left_child=-1 2 8 -4 -5 -3 -7 -8 -2
right_child=1 5 3 4 -6 6 7 -9 -10
leaf_value=-0.0061608315851177766 -0.00053260780689416091 -0.00027696116844354068 -0.0066809305446730183 5.2190724883589453e-05 0.0025006089747214555 0.001596439301375007 4.4055293808054862e-05 -0.00027064263596511827 -0.0014555483394546212
leaf_weight=136 20 108 23 30 22 20 20 51 35
leaf_count=136 20 108 23 30 22 20 20 51 35
internal_value=-2.2542e-05 0.000162219 0.000558104 0.00119393 0.00193182 -8.75877e-05 0.00035403 -4.87466e-05 -0.000277778
internal_weight=465 329 130 75 52 199 91 71 55
internal_count=465 329 130 75 52 199 91 71 55
is_linear=0
shrinkage=0.01


Tree=409
num_leaves=8
num_cat=0
split_feature=63 98 37 3 86 22 15
split_gain=0.639641 0.362619 0.363182 0.658542 0.43935 0.167387 0.190082
threshold=0.55999994300000011 27.836040485000002 5.2285714490000013 0.33904378550000008 12.582857265000001 1.8357142720000004 0.68546457150000017
decision_type=2 10 2 2 2 2 2
left_child=-1 2 4 -4 -2 -6 -7
right_child=1 -3 3 -5 5 6 -8
leaf_value=9.7179420717999622e-05 2.7313295689171987e-05 0.00060691134073357028 0.00042589068243477428 -0.00039731413851782802 -0.0012161210779251621 -0.004426015319724837 5.1004860914719012e-05
leaf_weight=21 38 32 24 39 248 51 20
leaf_count=21 38 32 24 39 248 51 20
internal_value=4.53777e-05 -3.09188e-05 -0.000114069 0.0005721 -0.000241755 -0.000367417 3.48188e-05
internal_weight=473 452 420 63 357 319 71
internal_count=473 452 420 63 357 319 71
is_linear=0
shrinkage=0.01


Tree=410
num_leaves=11
num_cat=0
split_feature=56 63 1 80 15 16 9 22 14 14
split_gain=1.02271 0.736537 0.529366 0.569103 0.542134 0.591972 0.395568 0.197955 0.109019 0.0431054
threshold=0.25000000350000007 2.9499998095000004 0.29540685750000006 5.5507143225000002 0.71552185750000008 0.69284235700000008 0.59954969150000015 1.9571428555000001 0.74809521400000012 0.74201728550000012
decision_type=2 2 2 2 2 2 2 2 2 2
left_child=-1 2 3 4 5 -2 -5 9 -6 -3
right_child=1 7 -4 6 8 -7 -8 -9 -10 -11
leaf_value=0.0011235958548973862 -0.0036349515865754197 -0.0038823154829188316 -0.00048357636691650471 0.0010074560920271456 -0.00030779698847942477 1.4633238893752567e-05 0.00014439687742642205 0.00057713496314077924 0.00033224526424739719 -0.00024252648348038481
leaf_weight=26 21 193 44 23 48 24 20 32 20 20
leaf_count=26 21 193 44 23 48 24 20 32 20 20
internal_value=0.000153667 3.47688e-05 0.000488048 0.000765306 0.000364675 0.00121179 0.00174658 -0.000327502 -0.000174419 -0.000442002
internal_weight=471 445 200 156 113 45 43 245 68 213
internal_count=471 445 200 156 113 45 43 245 68 213
is_linear=0
shrinkage=0.01


Tree=411
num_leaves=13
num_cat=1
split_feature=99 24 47 18 41 18 41 41 16 44 3 5
split_gain=0.642528 0.874166 0.822257 0.351702 0.34848 0.283782 0.633731 0.135806 0.179847 0.0395739 0.02997 0.0216024
threshold=0 1.7071428595000002 1.0000000180025095e-35 0.65577471450000002 8.3500001095000016 0.65860228550000011 8.5999999010000021 9.050000016000002 0.6125375715000001 12.200000030000002 0.33082507150000007 0.42315952350000002
decision_type=1 2 2 2 2 2 2 2 2 2 2 2
left_child=1 3 -3 10 -4 7 -7 9 -9 -2 -1 -8
right_child=5 2 4 -5 -6 6 11 8 -10 -11 -12 -13
leaf_value=-0.0005726847706368439 -0.0038816450052548469 -0.0010222353578870406 0.0014930109001402884 0.00010057326713903087 2.0697174359231404e-05 0.0015769216957929588 -0.0019509937054203255 -0.0078212256980881838 0.00078436628395527671 -5.4941808402859539e-06 -0.00023342387442188168 -0.00025798969924752764
leaf_weight=52 164 30 23 24 22 27 30 22 20 21 20 20
leaf_count=52 164 30 23 24 22 27 30 22 20 21 20 20
internal_value=0.000148171 0.000618812 0.00145778 0 0.00230349 -0.000127065 0.000379177 -0.000313872 0.000163551 -0.000433262 -0.00032967 -0.000255906
internal_weight=475 171 75 96 45 304 77 227 42 185 72 50
internal_count=475 171 75 96 45 304 77 227 42 185 72 50
cat_boundaries=0 1
cat_threshold=170164244
is_linear=0
shrinkage=0.01


Tree=412
num_leaves=12
num_cat=0
split_feature=50 4 72 98 15 88 13 38 56 17 18
split_gain=0.966837 0.772726 0.672057 0.400803 0.674873 0.844024 0.398157 0.111806 0.323589 0.184766 0.0412264
threshold=10.999999905000001 0.33042542850000006 81.265001300000009 23.925738300000003 0.72889664300000012 12.550000055000002 0.71768797500000014 6.0785714560000006 0.70000001400000011 0.62259057150000008 0.69212364300000007
decision_type=2 2 2 10 2 2 2 2 2 2 2
left_child=1 -1 -3 7 5 -5 -4 10 -9 -10 -2
right_child=3 2 6 4 -6 -7 -8 8 9 -11 -12
leaf_value=-0.00071452578660064327 -0.0044604177735710062 0.00074333377862717597 0.00018910546962512035 0.0012425563744992896 -0.00096835032615336753 -1.0352072660133915e-05 5.3470929669477529e-06 -0.0024398059460037673 -0.0049708838593310913 0.00082640369234704305 -0.0014659175854887557
leaf_weight=36 147 21 24 31 43 27 31 61 20 20 20
leaf_count=36 147 21 24 31 43 27 31 61 20 20 20
internal_value=0.000181611 0.000992908 0.0015625 -6.08438e-05 0.000466601 0.00117347 0.000905018 -0.000267857 0 0.000686274 -0.000426103
internal_weight=481 112 76 369 101 58 55 268 101 40 167
internal_count=481 112 76 369 101 58 55 268 101 40 167
is_linear=0
shrinkage=0.01


Tree=413
num_leaves=10
num_cat=0
split_feature=96 27 10 10 15 97 15 79 9
split_gain=1.05269 0.89132 0.50403 0.502752 0.649446 0.976749 0.279517 0.218641 0.0335219
threshold=94.801848145000022 3.8714285750000004 0.54691578600000013 0.63010502400000012 0.72889664300000012 22.836835770000004 0.75473470250000008 6.8785715360000008 0.60290660000000018
decision_type=2 2 2 2 2 10 2 2 2
left_child=7 -2 -3 8 5 -5 -6 -1 -4
right_child=1 2 3 4 6 -7 -8 -9 -10
leaf_value=0.0015378620368675913 0.00012554228591041296 0.0021868468683989037 -0.0011575814847181016 -0.00064753985167549449 -0.00045862305456422853 0.00034548788487141785 0.0018551801925360972 -0.0053404506841780979 -0.0003794370192438147
leaf_weight=31 38 26 68 22 46 26 29 165 20
leaf_count=31 38 26 68 22 46 26 29 165 20
internal_value=0.000217253 0.000618201 0.000376367 0.000200661 0.000617932 0.00151639 6.59619e-06 -0.000335366 -0.00036036
internal_weight=471 275 237 211 123 48 75 196 88
internal_count=471 275 237 211 123 48 75 196 88
is_linear=0
shrinkage=0.01


Tree=414
num_leaves=10
num_cat=0
split_feature=17 6 26 24 13 47 13 6 1
split_gain=0.671221 0.78501 0.544124 0.352897 0.405731 0.80668 0.0582937 0.0639114 0.0249217
threshold=0.56319950000000019 0.54869635750000012 1.8785714210000002 1.700000001 0.70467730000000006 0.69999999550000014 0.73070820000000014 0.48602971400000006 0.27989535750000005
decision_type=2 2 2 2 2 2 2 2 2
left_child=-1 2 -2 6 5 -5 -4 -8 -6
right_child=1 -3 3 4 8 -7 7 -9 -10
leaf_value=-0.0056224134429328125 0.0001110737184836267 9.8014297992492729e-05 -0.000573442901946911 4.8416343042694889e-05 -0.0011688439662509151 0.0013125808450669353 0.00048014483496440665 -0.00027259390128092805 -0.00010974389272801088
leaf_weight=137 21 27 84 89 37 23 20 21 20
leaf_count=137 21 27 84 89 37 23 20 21 20
internal_value=0.000101084 0.000341307 0.000191577 7.12346e-05 0.000373969 0.00072695 -0.00032194 0 -0.000285467
internal_weight=479 342 315 294 169 112 125 41 57
internal_count=479 342 315 294 169 112 125 41 57
is_linear=0
shrinkage=0.01


Tree=415
num_leaves=9
num_cat=0
split_feature=6 4 26 12 2 27 27 98
split_gain=0.706502 0.816628 0.443452 0.244615 0.616227 0.281764 0.168599 0.119996
threshold=0.54869635750000012 0.44099335700000003 1.8714285705000002 0.57757257100000003 0.22388821400000003 4.2071428980000007 3.8285714390000005 27.836040485000002
decision_type=2 2 2 2 2 2 2 10
left_child=2 -2 -1 4 -4 6 -5 -8
right_child=1 -3 3 5 -6 -7 7 -9
leaf_value=7.5386379540676868e-05 0.00011789545861991964 -0.00020914295091638041 -0.0072637417208618466 7.5986525067234402e-05 0.0028305702503336949 9.2090149538612552e-05 -0.00043437799327667587 0.00015767975435076374
leaf_weight=20 21 23 27 34 20 20 276 25
leaf_count=20 21 23 27 34 20 20 276 25
internal_value=5.3556e-05 0.00125 -6.85905e-05 -0.000146475 0.000512552 -0.000240304 -0.000314175 -0.000392644
internal_weight=466 44 422 402 47 355 335 301
internal_count=466 44 422 402 47 355 335 301
is_linear=0
shrinkage=0.01


Tree=416
num_leaves=10
num_cat=0
split_feature=27 52 18 12 45 57 48 43 2
split_gain=0.785832 0.621774 0.389355 0.421103 0.261377 0.641722 0.230087 0.108445 0.0158575
threshold=3.8714285750000004 0.90000000950000014 0.52356971400000007 0.57757257100000003 3.5000000300000003 4.2499999705000002 6.7999999670000006 0.60000000500000006 0.23969726200000005
decision_type=2 2 2 2 2 2 2 2 2
left_child=1 -1 -2 -4 5 -5 7 -6 -7
right_child=2 -3 3 4 6 8 -8 -9 -10
leaf_value=-0.0034150587855462898 -0.0042402744175145711 0.00042428335792690417 0.0025323485119732674 0.00013364091455233838 1.5304305927407509e-05 -0.0038989227338548128 0.00037801465708563057 -0.00034736907533128308 -0.0016514004302887414
leaf_weight=22 119 33 24 31 22 21 21 127 20
leaf_count=22 119 33 24 31 22 21 21 127 20
internal_value=0.000154265 0.00126344 -1.29613e-06 0.000206147 7.00164e-05 0.000576923 -0.000134661 -0.000283712 -0.000203349
internal_weight=440 55 385 266 242 72 170 149 41
internal_count=440 55 385 266 242 72 170 149 41
is_linear=0
shrinkage=0.01


Tree=417
num_leaves=12
num_cat=0
split_feature=50 83 63 19 96 44 18 22 19 50 1
split_gain=1.06208 0.946157 0.855124 0.429973 0.264134 0.283224 0.0928799 0.220242 0.0908624 0.0624307 0.0778705
threshold=11.200000095000002 5.1864285210000007 2.6349997520000001 57.185000000000009 132.27619780000003 12.100000030000002 0.6834761075000001 1.6999999925000002 33.57500000000001 22.249999485000004 0.25769163100000009
decision_type=2 2 2 2 2 2 2 2 2 2 2
left_child=1 2 -1 -4 5 6 9 -8 -3 -2 -11
right_child=4 8 3 -5 -6 -7 7 -9 -10 10 -12
leaf_value=9.8863675491966987e-05 -0.0023789559967555504 5.0602669494856053e-05 6.4750590882550061e-07 0.001313549244622005 0.00061352749352798107 0.00048560316955047965 -0.00075604172339048732 0.0014575728693261975 -0.0029744932974271154 -0.013367897100192865 4.5135656061986117e-05
leaf_weight=23 193 20 33 24 31 20 34 20 34 27 20
leaf_count=23 193 20 33 24 31 20 34 20 34 27 20
internal_value=0.000142768 0.000897626 0.00158416 0.000856401 -0.000146038 -0.000238247 -0.000322252 1.82481e-05 -9.1241e-05 -0.000406977 -3.13809e-05
internal_weight=479 134 80 57 345 314 294 54 54 240 47
internal_count=479 134 80 57 345 314 294 54 54 240 47
is_linear=0
shrinkage=0.01


Tree=418
num_leaves=11
num_cat=0
split_feature=26 16 87 44 55 23 21 12 11 38
split_gain=0.872568 0.661734 0.786997 0.442052 1.08907 0.318608 0.271713 0.243688 0.0431054 0.0351682
threshold=1.8714285705000002 0.66402850000000013 9.1028570790000014 8.1000000090000022 4.0499999895000007 1.7714285465000004 2.3142856955000002 0.71660035700000013 0.5019708570000001 6.2142857480000009
decision_type=2 2 2 2 2 2 2 2 2 2
left_child=-1 5 3 4 -3 -2 7 -5 -7 -8
right_child=1 2 -4 6 -6 8 9 -9 -10 -11
leaf_value=0.00010092634295311829 0.00011531312888496933 0.0018267790673586676 0.00065126448985694735 0.0015497030871067191 -0.0030085558183485196 -0.0089616282925562268 -0.00045256225921611049 -9.7407443679939079e-06 -0.0040966612634344554 -0.00040930476803837903
leaf_weight=22 21 20 26 29 31 20 78 30 193 20
leaf_count=22 21 20 26 29 31 20 78 30 193 20
internal_value=0.000148737 5.11944e-05 0.000430153 0.000210728 0.00101351 -0.000319421 -4.11915e-05 0.000476589 -0.000442002 -0.000374494
internal_weight=490 468 234 208 51 234 157 59 213 98
internal_count=490 468 234 208 51 234 157 59 213 98
is_linear=0
shrinkage=0.01


Tree=419
num_leaves=10
num_cat=1
split_feature=99 25 27 2 98 14 86 11 0
split_gain=0.942051 0.989419 1.38198 1.1181 0.315223 0.262799 0.142417 0.0429746 0.0288315
threshold=0 1.9571428595000002 3.9428571120000004 0.2801699760000001 25.199560300000005 0.75020021450000007 12.609285695000002 0.5217450950000001 0.21980954200000002
decision_type=1 2 2 2 8 2 2 2 2
left_child=5 2 -2 -4 -5 6 -1 -8 -3
right_child=1 8 3 4 -6 -7 7 -9 -10
leaf_value=0.00012258161411372452 0.00051357764369292294 -0.0086823193531454391 0.0020782791385575501 9.3524681865041515e-05 -0.00017292276679631386 0.00018632054699064659 -0.0060687099404624556 -0.0020640682595163798 -0.0019421523302630334
leaf_weight=20 30 48 32 39 53 22 20 189 20
leaf_count=20 30 48 32 39 53 22 20 189 20
internal_value=0.000172013 0.000631443 0.00110465 0.000608974 2.15516e-05 -0.000242552 -0.000359008 -0.000440896 -0.000319768
internal_weight=473 222 154 124 92 251 229 209 68
internal_count=473 222 154 124 92 251 229 209 68
cat_boundaries=0 1
cat_threshold=143725331
is_linear=0
shrinkage=0.01


Tree=420
num_leaves=10
num_cat=0
split_feature=16 16 40 44 55 83 59 41 44
split_gain=0.798774 1.47921 0.587986 0.448344 0.606272 0.318018 0.119636 0.188056 0.0430406
threshold=0.67248635700000015 0.68325592850000005 2.1499999765000006 8.1000000090000022 3.8000000270000007 4.6264285795000006 0.3850002285000001 7.8000001760000002 14.249999820000001
decision_type=2 2 2 2 2 2 2 2 2
left_child=5 -2 3 4 -3 -1 7 -5 -7
right_child=1 2 -4 6 -6 8 -8 -9 -10
leaf_value=0.00039593570470175808 0.0013693204139928071 0.0017060076159311685 3.8688170085543726e-05 -0.00048102780828717366 -0.0032262422732573732 -0.0042821687681301804 -0.00036304553437679438 0.00016230046318884 -0.00077283894110356365
leaf_weight=21 22 22 20 24 28 191 88 20 20
leaf_count=21 22 22 20 24 28 191 88 20 20
internal_value=8.75656e-05 0.000516014 0.000231755 3.82931e-05 0.000846457 -0.00031787 -0.000256024 0.000133928 -0.000441454
internal_weight=456 224 202 182 50 232 132 44 211
internal_count=456 224 202 182 50 232 132 44 211
is_linear=0
shrinkage=0.01


Tree=421
num_leaves=10
num_cat=0
split_feature=16 87 14 9 86 77 65 85 89
split_gain=0.72451 0.852157 0.595992 0.781806 0.418412 0.274427 0.152756 0.0757883 0.0794987
threshold=0.66402850000000013 8.9392858575000016 0.69793405400000019 0.59601297500000017 12.582857265000001 0.022142852500000001 41.854999545000005 13.762142965000002 19.399999960000006
decision_type=2 2 2 2 2 2 2 2 2
left_child=5 2 3 -2 -4 6 -1 8 -6
right_child=1 -3 4 -5 7 -7 -8 -9 -10
leaf_value=-0.0037715932514993246 0.00025629889331661547 0.00034638464607733533 0.00015115210693199683 8.9150767556498231e-05 -1.817142316863788e-05 9.0736241800215911e-05 0.00049011145957790774 -2.1166208049907209e-06 0.00051425793163362057
leaf_weight=156 36 28 20 20 78 35 20 22 31
leaf_count=156 36 28 20 20 78 35 20 22 31
internal_value=0.000212623 0.000595844 0.000358518 0.00123239 1.64689e-05 -0.000205383 -0.000373303 -0.000178301 -0.000295993
internal_weight=446 235 207 56 151 211 176 131 109
internal_count=446 235 207 56 151 211 176 131 109
is_linear=0
shrinkage=0.01


Tree=422
num_leaves=9
num_cat=0
split_feature=16 80 1 59 15 81 51 48
split_gain=1.04841 1.24039 1.51669 0.329479 0.328391 0.515395 0.311982 0.121697
threshold=0.66402850000000013 5.6364286205000012 0.27382271450000001 0.51000022900000019 0.71941769050000015 8.3592857635000026 36.800000205000011 2.4000000245000002
decision_type=2 2 2 2 2 2 2 2
left_child=3 4 -3 -1 5 -2 -4 -6
right_child=1 2 6 -5 7 -7 -8 -9
leaf_value=-0.0043387306808800276 -0.00083220190853606558 0.0013535947144314106 7.1064021337350326e-05 0.00042419629016801906 5.7558898891506163e-06 0.00065173592351665006 -0.00035753869261592486 -0.0010462756390108257
leaf_weight=190 23 38 22 37 21 34 24 74
leaf_count=190 23 38 22 37 21 34 24 74
internal_value=0.000164942 0.000633446 0.00160377 -0.000313872 7.85339e-05 0.000683391 0.000320513 -0.00026618
internal_weight=463 236 84 227 152 57 46 95
internal_count=463 236 84 227 152 57 46 95
is_linear=0
shrinkage=0.01


Tree=423
num_leaves=11
num_cat=1
split_feature=99 17 17 4 75 64 3 33 17 0
split_gain=0.948606 1.10753 1.71363 1.06356 0.316898 0.247862 0.206596 0.143723 0.041986 0.015083
threshold=0 0.67827464300000007 0.70139192850000009 0.41752242900000008 65.569999695000021 0.52500009550000015 0.33357957150000001 4.4857142140000006 0.70588341050000014 0.086798271000000024
decision_type=1 2 2 2 2 2 2 2 2 2
left_child=5 3 -3 4 -2 -1 -4 8 -7 -9
right_child=1 2 6 -5 -6 7 -8 9 -10 -11
leaf_value=0.00018368675835026934 -0.0028702924172792662 0.00011814512163627069 0.0024366173961738288 0.00062075302762589022 0.00010167526142681195 -0.0016320101713958339 -0.00039047770630683926 -0.001553070720726228 -0.0001124049279998618 0.00058773102540883972
leaf_weight=35 86 20 20 26 32 163 22 20 20 20
leaf_count=35 86 20 20 26 32 163 22 20 20 20
internal_value=0.000228055 0.000714945 0.00186306 0.000248619 -0.000143098 -0.000174851 0.000630841 -0.000310545 -0.000432535 0.000196078
internal_weight=464 206 62 144 118 258 42 223 183 40
internal_count=464 206 62 144 118 258 42 223 183 40
cat_boundaries=0 1
cat_threshold=34608634
is_linear=0
shrinkage=0.01


Tree=424
num_leaves=12
num_cat=1
split_feature=99 38 13 17 98 18 3 26 3 9 3
split_gain=0.722222 1.07599 0.82431 0.89133 0.491021 0.793119 0.170852 0.107118 0.0734472 0.0419424 0.0372139
threshold=0 6.0142857350000005 0.67246792500000019 0.69531664300000007 26.226992050000003 0.65407409500000013 0.30079107150000006 2.4857142565000001 0.33875005950000009 0.50185125000000019 0.34945450000000006
decision_type=1 2 2 2 8 2 2 2 2 2 2
left_child=7 4 6 -4 5 8 -3 9 -2 -1 -6
right_child=1 2 3 -5 10 -7 -8 -9 -10 -11 -12
leaf_value=-0.0059115047250202848 -0.0039524523190352309 0.00039166658139483808 0.00088326020173027102 0.00015126149820254731 -0.00074492812685717598 0.0013544728354060052 -0.0014851199798007705 -0.00019114145740563963 2.6981379313217522e-05 -0.0009557804294460636 -0.00020175254960496395
leaf_weight=20 25 20 31 20 94 20 20 25 20 162 20
leaf_count=20 25 20 31 20 94 20 20 25 20 162 20
internal_value=0.0001036 0.000438034 0.00133442 0.00217181 0 0.000691489 0.000196078 -0.000328283 -1.09171e-05 -0.000432166 -0.000391986
internal_weight=477 270 91 51 179 65 40 207 45 182 114
internal_count=477 270 91 51 179 65 40 207 45 182 114
cat_boundaries=0 1
cat_threshold=411570670
is_linear=0
shrinkage=0.01


Tree=425
num_leaves=11
num_cat=0
split_feature=27 52 78 44 18 41 16 52 96 1
split_gain=0.889187 0.920673 0.954291 0.777904 0.417498 0.571913 0.376973 0.394763 0.0872805 0.02997
threshold=3.8714285750000004 0.90000000950000014 7.8049999645000012 15.949999745000001 0.63515595200000019 9.2000001220000023 0.72522173800000012 6.8000000080000005 72.840353275000027 0.23494250000000003
decision_type=2 2 2 2 2 2 2 2 2 2
left_child=1 -1 -3 4 8 6 7 -6 -2 -7
right_child=3 2 -4 -5 5 9 -8 -9 -10 -11
leaf_value=-0.003329735137920474 1.3455677991299747e-05 9.2285433992736986e-05 0.00068920416629985573 0.00046607563438679877 4.1088115946727905e-06 0.00012185892541624027 -4.7949875414488137e-05 0.0012864936061086566 -0.0025424464857901896 -0.00099009735334748962
leaf_weight=21 37 20 21 20 21 20 24 23 207 52
leaf_count=21 37 20 21 20 21 20 24 23 207 52
internal_value=0.000117823 0.00122611 0.0020933 -4.94072e-05 -0.000155925 0.000269886 0.000930232 0.00147321 -0.000408497 -0.00032967
internal_weight=466 62 41 404 384 140 68 44 244 72
internal_count=466 62 41 404 384 140 68 44 244 72
is_linear=0
shrinkage=0.01


Tree=426
num_leaves=10
num_cat=0
split_feature=44 44 50 72 10 8 97 15 48
split_gain=0.543871 0.694952 0.509582 0.521483 0.354131 0.473353 0.341295 0.279406 0.0647666
threshold=7.5000000595000005 8.2000000180000026 11.149999985000003 80.545000075000019 0.64599050000000013 0.64697264300000012 28.525338020000003 0.65142042900000019 4.5000000785000003
decision_type=2 2 2 2 2 2 10 2 2
left_child=6 -2 3 -3 -5 -6 -1 -4 -9
right_child=1 2 7 4 5 -7 -8 8 -10
leaf_value=-0.0036298051785578025 0.0014279143621093464 0.00011108150729129544 0.0010810466717486274 -0.0019406673240689048 0.00017194072139251271 -0.00023747517859730517 0.00014753216459569438 -0.0012169898167294409 -0.00011209463903939822
leaf_weight=141 34 27 31 33 24 25 20 91 39
leaf_count=141 34 27 31 33 24 25 20 91 39
internal_value=0.000162087 0.000413386 0.000232644 0.000760473 0.000326087 0.000873494 -0.000299753 -0.000114339 -0.000328746
internal_weight=465 304 270 109 82 49 161 161 130
internal_count=465 304 270 109 82 49 161 161 130
is_linear=0
shrinkage=0.01


Tree=427
num_leaves=10
num_cat=0
split_feature=56 37 98 97 10 70 30 60 42
split_gain=0.750512 0.717265 0.400444 0.79829 0.655612 0.136892 0.124471 0.0602129 0.0819471
threshold=0.25000000350000007 5.414285694000001 24.358773140000004 25.976974940000002 0.66748757100000011 70.145000935000013 2.2714285935000005 3.4150004385000003 7.8499999640000011
decision_type=2 2 10 10 2 2 2 2 2
left_child=-1 2 5 4 -4 7 -5 8 -2
right_child=1 -3 3 6 -6 -7 -8 -9 -10
leaf_value=0.0010514630710933448 9.5174909363690557e-05 7.5863300343067015e-05 0.00029620268105733056 0.00024098155753714075 1.1811010032346623e-05 0.0005514211211201525 -0.00019890244390444371 -0.0029694858601767406 -0.0016618254623532785
leaf_weight=26 20 21 21 20 26 20 67 217 29
leaf_count=26 20 21 21 20 26 20 67 217 29
internal_value=5.23727e-05 -4.18743e-05 -0.000137833 0.000304154 0.00134937 -0.000352162 -0.000244875 -0.000416042 -5.02009e-05
internal_weight=467 441 420 134 47 286 87 266 49
internal_count=467 441 420 134 47 286 87 266 49
is_linear=0
shrinkage=0.01


Tree=428
num_leaves=10
num_cat=0
split_feature=16 16 10 50 43 98 36 0 0
split_gain=0.61048 0.575547 0.576786 0.693688 0.430096 1.59906 0.255641 0.144584 0.0294163
threshold=0.60949717850000018 0.72522173800000012 0.69746350000000013 9.8500000200000013 13.250000050000002 26.397590145000006 4.7142857310000013 0.20795437500000002 0.27844683300000006
decision_type=2 2 2 2 2 8 2 2 2
left_child=7 2 3 -2 6 -6 -5 -1 -3
right_child=1 8 -4 4 5 -7 -8 -9 -10
leaf_value=-0.0039294941792083725 0.00014672864077295119 -0.0010287002936426206 0.00073122480966723695 -0.0020262117464267858 0.0016448242652970569 -0.00014485962628361164 0.00029276340838885044 9.0629514297462245e-05 -0.00017994313791986794
leaf_weight=116 26 50 20 97 20 36 53 20 20
leaf_count=116 26 50 20 97 20 36 53 20 20
internal_value=0.00021578 0.00045539 0.00068038 0.000524055 0.000314313 0.00105634 1.98938e-05 -0.000336257 -0.000324859
internal_weight=458 322 252 232 206 56 150 136 70
internal_count=458 322 252 232 206 56 150 136 70
is_linear=0
shrinkage=0.01


Tree=429
num_leaves=9
num_cat=0
split_feature=56 16 15 7 96 98 17 7
split_gain=0.638408 0.448675 0.716164 0.769766 0.63039 0.45941 0.0387645 0.0358742
threshold=0.25000000350000007 0.60949717850000018 0.72889664300000012 0.59336904800000012 131.19284590000004 25.797875890000004 0.56607295200000018 0.60801742850000007
decision_type=2 2 2 2 2 8 2 2
left_child=-1 6 3 4 5 -3 -2 -4
right_child=1 2 7 -5 -6 -7 -8 -9
leaf_value=0.0010391160666204313 -0.0051321773818917274 0.00024684187291870941 -0.00034684586865080659 0.00056261359667114316 0.00020071241594851624 -0.0026862051111447866 -0.0024368401951135633 -1.3746887345274668e-05
leaf_weight=26 110 72 83 29 24 86 20 20
leaf_count=26 110 72 83 29 24 86 20 20
internal_value=0.000176296 8.09351e-05 0.000289072 0.00062559 0.000366521 0.000119647 -0.000405199 -0.00038054
internal_weight=470 444 314 211 182 158 130 103
internal_count=470 444 314 211 182 158 130 103
is_linear=0
shrinkage=0.01


Tree=430
num_leaves=7
num_cat=0
split_feature=56 16 6 92 13 76
split_gain=0.79966 0.380426 0.689593 0.500142 0.250552 0.213657
threshold=0.25000000350000007 0.60949717850000018 0.54994721450000006 17.462857310000004 0.61485524150000015 82.349998475000021
decision_type=2 2 2 2 2 2
left_child=-1 -2 3 4 -3 -6
right_child=1 2 -4 -5 5 -7
leaf_value=0.0010865812396094294 -0.0041943542350191274 0.00098883764933173444 0.00030551758514334491 0.0011157682753031031 3.0920970874553111e-05 -0.00071183888131851742
leaf_weight=25 138 20 26 36 73 151
leaf_count=25 138 20 26 36 73 151
internal_value=5.00212e-05 -4.49641e-05 0.000146675 0 -0.000163399 -0.000266904
internal_weight=469 444 306 280 244 224
internal_count=469 444 306 280 244 224
is_linear=0
shrinkage=0.01


Tree=431
num_leaves=11
num_cat=0
split_feature=96 50 38 97 65 80 44 41 38 4
split_gain=0.81612 1.30347 0.58266 0.42835 0.199411 0.382694 0.0923056 0.184159 0.0825037 0.0253349
threshold=131.19284590000004 11.250000010000003 6.2142857480000009 26.465459855000002 40.894999980000009 5.7171427900000014 10.000000035000001 7.7000001225000005 6.128571442000001 0.31636752850000005
decision_type=2 2 2 10 2 2 2 2 2 2
left_child=2 -2 4 -4 6 9 -1 -8 -9 -6
right_child=1 -3 3 -5 5 -7 7 8 -10 -11
leaf_value=-0.0034393596634573176 3.4541090780222214e-05 6.979977428729998e-05 0.00043041417412976373 -0.00076496218757756914 -0.0015226019137844589 0.00045101949515210528 -0.00035279494573231659 0.0003091021787081505 -0.0040650816547651595 -0.00023888061832802188
leaf_weight=148 20 34 30 34 20 39 54 20 21 38
leaf_count=148 20 34 30 34 20 39 54 20 21 38
internal_value=0.000150392 0.00129562 -1.18974e-10 0.000864197 -0.000170188 0.000199386 -0.000326087 -5.74114e-05 0.00041866 -0.000289116
internal_weight=458 54 404 64 340 97 243 95 41 58
internal_count=458 54 404 64 340 97 243 95 41 58
is_linear=0
shrinkage=0.01


Tree=432
num_leaves=10
num_cat=0
split_feature=96 23 32 74 11 56 18 89 50
split_gain=1.08096 0.976749 0.450613 0.684066 0.394308 0.18386 0.328003 0.141919 0.0428731
threshold=131.77162625000003 1.7642856960000002 4.5357143195000011 49.759999275000006 0.55803550000000013 0.45000001000000006 0.59664671450000006 19.990714345000004 10.499999900000002
decision_type=2 2 2 2 2 2 2 2 2
left_child=2 -2 3 -1 -5 6 -6 8 -4
right_child=1 -3 7 4 5 -7 -8 -9 -10
leaf_value=0.0011526701227231452 -4.3123704370733059e-05 0.00017933841502072389 -0.00024047177818473071 0.00056215599092240527 -0.0016040761178658834 -0.0012878622301820864 0.0013106686838508538 0.00054091806039720854 -0.0022152423178540327
leaf_weight=24 22 26 20 20 43 75 21 20 186
leaf_count=24 22 26 20 20 43 75 21 20 186
internal_value=0.000108126 0.00151639 -5.4905e-05 0.000307399 5.31914e-05 -0.000125179 0.000246913 -0.000357143 -0.000440039
internal_weight=457 48 409 183 159 139 64 226 206
internal_count=457 48 409 183 159 139 64 226 206
is_linear=0
shrinkage=0.01


Tree=433
num_leaves=8
num_cat=0
split_feature=17 98 17 84 84 16 14
split_gain=0.904309 0.661527 0.653148 0.337551 0.682256 0.76411 0.351878
threshold=0.56319950000000019 20.427325495000002 0.58672026200000016 15.850714275000003 15.639285765000002 0.72378202350000009 0.68534450000000013
decision_type=2 8 2 2 2 2 2
left_child=-1 -2 -3 4 6 -6 -4
right_child=1 2 3 -5 5 -7 -8
leaf_value=-0.0052541955693467804 0.00045735365362524651 0.00064757887492927519 3.0752685716138906e-05 -0.00084473663218815795 0.0002574797115114212 -0.00039679878246373521 -0.0010499688545826964
leaf_weight=137 21 23 62 57 56 21 96
leaf_count=137 21 23 62 57 56 21 96
internal_value=0.000193119 0.000475059 0.000349905 0.000211749 0.0003838 0.00115039 0
internal_weight=473 336 315 292 235 77 158
internal_count=473 336 315 292 235 77 158
is_linear=0
shrinkage=0.01


Tree=434
num_leaves=9
num_cat=0
split_feature=47 97 1 37 55 47 64 28
split_gain=0.914307 1.29462 1.13105 0.250521 0.161173 0.135248 0.139206 0.0437985
threshold=0.70000002150000007 26.397590145000006 0.22631435750000004 5.3999999930000007 4.9999999290000012 0.40000000950000009 2.3349995615000005 4.2142856970000002
decision_type=2 8 2 2 2 2 2 2
left_child=3 2 -2 5 -3 6 7 -1
right_child=1 4 -4 -5 -6 -7 -8 -9
leaf_value=-0.0015490512251375346 6.5788126228357073e-05 0.0017716541795890193 0.00039108173319225186 6.5005291597176464e-05 -0.00065181310048362598 1.3967653954313165e-05 0.00015526553674724159 -0.0036403418585233206
leaf_weight=217 27 27 23 21 43 38 21 20
leaf_count=217 27 27 23 21 43 38 21 20
internal_value=6.73822e-05 0.000811258 0.00202756 -0.000209251 -4.2373e-05 -0.000289758 -0.000374807 -0.000447855
internal_weight=437 120 50 317 70 296 258 237
internal_count=437 120 50 317 70 296 258 237
is_linear=0
shrinkage=0.01


Tree=435
num_leaves=11
num_cat=0
split_feature=16 83 2 21 83 47 97 0 0 44
split_gain=0.579072 0.773558 1.18738 1.04254 0.331339 0.286179 0.490917 0.0996547 0.0710918 0.0425877
threshold=0.66402850000000013 5.0242856460000009 0.28203866650000003 2.3357142635000003 4.6264285795000006 0.69999999550000014 25.406409565000001 0.11098786800000002 0.08161631250000001 15.149999945000003
decision_type=2 2 2 2 2 2 10 2 2 2
left_child=4 5 8 -4 -1 -2 -7 -8 -3 -6
right_child=1 2 3 -5 9 6 7 -9 -10 -11
leaf_value=0.00042467758257079075 -0.00026609908582761211 0.00013566930278398253 0.00017893680386340421 4.5419162314596503e-05 -0.0039104234678478331 4.231354378260932e-05 0.00028694299081510443 -0.00070484446020441347 -0.0026073072700820237 -0.0005337564024475329
leaf_weight=20 75 20 26 20 178 30 20 40 24 20
leaf_count=20 75 20 26 20 178 30 20 40 24 20
internal_value=6.64836e-05 0.000392885 0.00113436 0.00224359 -0.000306216 -3.0158e-06 0.000363436 -0.000131579 -1.17081e-10 -0.000437626
internal_weight=473 255 90 46 218 165 90 60 44 198
internal_count=473 255 90 46 218 165 90 60 44 198
is_linear=0
shrinkage=0.01


Tree=436
num_leaves=12
num_cat=0
split_feature=50 4 92 15 16 60 93 56 75 18 2
split_gain=1.31044 1.22599 0.856599 0.592911 0.978545 0.426034 0.515522 0.265332 0.560079 0.226705 0.033337
threshold=11.099999805000001 0.32941557150000006 17.597857135000002 0.72758228550000015 0.67171064250000012 4.5749998095000004 17.881428380000006 6.6999998500000002 49.85500145000001 0.6834761075000001 0.25827600000000006
decision_type=2 2 2 2 2 2 2 2 2 2 2
left_child=1 -1 3 4 -3 6 7 10 9 -9 -2
right_child=5 2 -4 -5 -6 -7 -8 8 -10 -11 -12
leaf_value=-0.0027705037181276304 -0.0008722909628122536 0.00028951058547592646 -0.00088740256134768483 1.479797757819285e-05 0.0013332223009992015 -0.0019244125033321719 0.0027837140126392478 -0.0010209985942589669 0.0001825943707970481 6.7479688667909681e-05 -0.0018542090456051508
leaf_weight=32 20 20 20 25 20 132 29 49 27 22 67
leaf_count=32 20 20 20 25 20 132 29 49 27 22 67
internal_value=0.000272747 0.00118421 0.00181235 0.00236322 0.00313725 -3.17187e-05 0.00023743 2.96016e-05 0.000394737 -4.87466e-05 -0.00035877
internal_weight=463 117 85 65 40 346 214 185 98 71 87
internal_count=463 117 85 65 40 346 214 185 98 71 87
is_linear=0
shrinkage=0.01


Tree=437
num_leaves=10
num_cat=0
split_feature=53 6 35 11 26 66 97 27 0
split_gain=0.729599 0.706187 0.706602 0.659502 0.349391 1.00614 0.190888 0.0871773 0.0818448
threshold=0.30000000800000004 0.54869635750000012 4.0428571360000012 0.62631442850000008 2.2142857185000007 25.750000000000004 31.599505230000002 4.0571428540000012 0.25836732650000005
decision_type=2 2 2 2 2 2 10 2 2
left_child=6 2 4 -4 -2 -6 8 -7 -1
right_child=1 -3 3 -5 5 7 -8 -9 -10
leaf_value=-0.0023255071710923452 -0.00082260444244772819 0.00047187419221226352 0.0012446375901820183 1.3457395701320613e-05 0.0010967714106568831 4.1050967448382698e-05 0.00023559882902969361 -0.00021039337028052742 -0.0023461610892932037
leaf_weight=155 72 20 20 24 25 40 29 40 37
leaf_count=155 72 20 20 24 25 40 29 40 37
internal_value=0.000144771 0.000527295 0.000349414 0.00147321 5.34307e-05 0.000430057 -0.000263751 -9.901e-05 -0.000383818
internal_weight=462 241 221 44 177 105 221 80 192
internal_count=462 241 221 44 177 105 221 80 192
is_linear=0
shrinkage=0.01


Tree=438
num_leaves=10
num_cat=0
split_feature=69 50 10 43 97 22 14 56 10
split_gain=0.939935 0.84421 0.521357 0.463237 1.31278 0.708909 0.154809 0.111066 0.0268617
threshold=19.55999899 9.8500000200000013 0.54691578600000013 4.3499998600000014 26.385584430000005 1.8142857125000003 0.7271730715000001 0.35000000500000006 0.68140264300000009
decision_type=2 2 2 2 8 2 2 2 2
left_child=1 -1 -3 7 5 -5 -2 -4 -6
right_child=6 2 3 4 8 -7 -8 -9 -10
leaf_value=0.00013790257599163717 -0.004184194589323181 0.0019588872652782181 -3.3727713325099398e-05 2.5224253155399849e-05 -0.00071486733096000007 0.00060457768241011466 0.00066516665114787826 -0.0005525149249489095 -0.00073418990454276328
leaf_weight=35 170 27 24 20 42 24 20 89 20
leaf_count=35 170 27 24 20 42 24 20 89 20
internal_value=0.000153667 0.000523421 0.00030389 0.000129663 0.000608614 0.00191964 -0.0003826 -0.000303164 -0.000302548
internal_weight=471 281 246 219 106 44 190 113 62
internal_count=471 281 246 219 106 44 190 113 62
is_linear=0
shrinkage=0.01


Tree=439
num_leaves=9
num_cat=0
split_feature=30 17 14 3 42 96 17 0
split_gain=0.958765 0.414728 0.67681 0.578644 0.119618 0.090172 0.273203 0.0351682
threshold=2.0142857265000003 0.67827464300000007 0.7271730715000001 0.31625114250000003 6.3500000540000006 91.57149711000001 0.58672026200000016 0.10642549300000002
decision_type=2 2 2 2 2 2 2 2
left_child=-1 5 3 -3 -4 -2 -7 -8
right_child=1 2 4 -5 -6 6 7 -9
leaf_value=0.0003565016497311349 -0.003726894612941809 0.00096516307064171199 0.00034742755160163062 -8.4357716607773193e-07 -0.00030942839348714282 0.0002937434394288258 -0.0023282340002292179 -0.00043076278898241337
leaf_weight=37 149 35 20 23 60 32 20 78
leaf_count=37 149 35 20 23 60 32 20 78
internal_value=4.6174e-05 -8.73625e-05 0.000353026 0.00117347 -0.000222772 -0.000312723 -9.93885e-05 -0.000374494
internal_weight=454 417 138 58 80 279 130 98
internal_count=454 417 138 58 80 279 130 98
is_linear=0
shrinkage=0.01


Tree=440
num_leaves=11
num_cat=0
split_feature=50 30 79 3 96 89 44 9 3 2
split_gain=0.932594 0.53919 0.634881 0.370071 0.284949 0.177698 0.137187 0.0375134 0.0440717 0.0235968
threshold=11.149999985000003 2.0500000035000006 6.4428571460000006 0.31912835750000007 132.27619780000003 19.809285570000004 12.250000030000001 0.48907200000000006 0.23128571450000004 0.26168571400000001
decision_type=2 2 2 2 2 2 2 2 2 2
left_child=1 -1 3 -3 5 6 7 -2 -9 -4
right_child=4 2 9 -5 -6 -7 -8 8 -10 -11
leaf_value=0.00024586046182106455 -0.0068086743421337881 0.0018460880416825776 -0.00044866226047719923 3.0733100925504694e-05 0.00051934897998887823 0.00012221556570848253 0.00040325445469663692 -0.0037618904559305077 -0.0014383575730251223 -0.0031914451114979769
leaf_weight=31 20 20 20 22 31 30 20 20 228 34
leaf_count=31 20 20 20 22 31 30 20 20 228 34
internal_value=8.38925e-05 0.000817684 0.000413223 0.00133178 -0.000178674 -0.000272898 -0.000353186 -0.000416667 -0.000450161 -0.000273723
internal_weight=476 127 96 42 349 318 288 268 248 54
internal_count=476 127 96 42 349 318 288 268 248 54
is_linear=0
shrinkage=0.01


Tree=441
num_leaves=10
num_cat=0
split_feature=56 16 38 71 10 48 17 16 0
split_gain=1.1021 0.697654 0.475569 0.807431 0.462259 0.324868 0.2736 1.00866 0.0186605
threshold=0.25000000350000007 0.60949717850000018 6.0428572040000015 59.690001490000007 0.62833400000000006 7.0999999795000006 0.68524642850000006 0.71635612250000014 0.28399154150000006
decision_type=2 2 2 2 2 2 2 2 2
left_child=-1 -2 5 4 -4 6 -3 -8 -6
right_child=1 2 3 -5 8 -7 7 -9 -10
leaf_value=0.0011523198694107374 -0.0045879188271727277 -0.0026284108177016515 0.00029387841272936741 0.001754904137507461 -0.0026735761475588978 5.423293611696644e-05 0.0016260157288784266 -0.00029296736150647844 -0.00013164048904673004
leaf_weight=24 143 89 39 21 25 22 21 62 20
leaf_count=24 143 89 39 21 25 22 21 62 20
internal_value=0.000203513 8.3559e-05 0.000361908 0.000902646 0.000424528 5.64681e-05 -8.10186e-05 0.000316229 -0.000229258
internal_weight=466 442 299 105 84 194 172 83 45
internal_count=466 442 299 105 84 194 172 83 45
is_linear=0
shrinkage=0.01


Tree=442
num_leaves=10
num_cat=0
split_feature=60 6 15 17 1 39 82 6 7
split_gain=0.705497 0.686153 0.603509 1.63255 0.458018 0.197366 0.232203 0.0302359 0.0231242
threshold=3.7500004770000008 0.54869635750000012 0.7266769525000002 0.68784068600000015 0.25346078550000006 2.0000000150000004 5.7857143210000013 0.46626957100000005 0.50787835700000017
decision_type=2 2 2 2 2 2 2 2 2
left_child=1 2 3 4 7 -2 8 -1 -7
right_child=5 -3 -4 -5 -6 6 -8 -9 -10
leaf_value=-0.0024198536569516671 -0.0038613524619531582 0.00037728919034538735 -0.00045356906263443493 0.0014510708816932913 0.00023660761293015689 -0.00015844757813493924 0.00034103355835283155 -4.5009515576930875e-05 -0.00029114962295310478
leaf_weight=53 174 21 67 30 20 20 28 20 33
leaf_count=53 174 21 67 30 20 20 28 20 33
internal_value=5.3556e-05 0.000483947 0.000277778 0.000698707 1.59914e-05 -0.000295153 9.16869e-05 -0.000331978 -0.000269517
internal_weight=466 211 190 123 93 255 81 73 53
internal_count=466 211 190 123 93 255 81 73 53
is_linear=0
shrinkage=0.01


Tree=443
num_leaves=9
num_cat=0
split_feature=38 44 16 81 50 18 5 5
split_gain=0.885198 0.959238 0.715909 0.707048 0.443456 0.757672 0.123825 0.107968
threshold=6.0142857350000005 12.700000025000003 0.67248635700000015 8.7007143160000009 11.500000015000003 0.68323078550000005 0.36656221450000009 0.45713289300000004
decision_type=2 2 2 2 2 2 2 2
left_child=4 2 6 -4 5 7 -2 -1
right_child=1 -3 3 -5 -6 -7 -8 -9
leaf_value=-0.00037298918612975332 0.00050909869206553046 0.00091695916353020431 -0.00018848011395512887 0.00070482369215223249 -0.0015344697756862666 0.002248708071880857 -0.0037994847491912703 5.5950023520528161e-05
leaf_weight=47 20 31 27 39 186 24 66 20
leaf_count=47 20 31 27 39 186 24 66 20
internal_value=0.000147569 0.000688248 0.000340314 0.00112275 -0.000203384 0.00035403 -0.000241936 -0.000169617
internal_weight=460 183 152 66 277 91 86 67
internal_count=460 183 152 66 277 91 86 67
is_linear=0
shrinkage=0.01


Tree=444
num_leaves=11
num_cat=0
split_feature=34 97 97 2 51 36 32 89 32 8
split_gain=0.489938 0.38336 0.570769 0.835353 0.341071 0.155876 0.386759 0.131016 0.106886 0.0421141
threshold=5.6357142925000003 22.836835770000004 26.358944635000004 0.2537460715 26.250000360000005 4.7571428675000007 2.2928571445000006 20.020714420000004 4.9500000135000013 0.47972328600000008
decision_type=2 10 10 2 2 2 2 2 2 2
left_child=1 5 3 -3 8 -1 -7 9 -4 -2
right_child=7 2 4 -5 -6 6 -8 -9 -10 -11
leaf_value=-0.0013206685660231967 -0.0035407684070868505 -1.091492846382742e-05 -0.0012850332682013096 0.0010836668254218596 0.00029942440806713934 0.0002383086799067996 -0.0051465448796476822 0.00014521373970265814 0.00029367867977946326 -0.0021530603170081281
leaf_weight=60 20 20 46 27 21 20 28 21 20 166
leaf_count=60 20 20 46 27 21 20 28 21 20 166
internal_value=7.78112e-06 0.000317133 0.000675074 0.00155858 0.000165148 -0.000110294 0.000286885 -0.000344081 -0.000164671 -0.000433619
internal_weight=449 242 134 47 87 108 48 207 66 186
internal_count=449 242 134 47 87 108 48 207 66 186
is_linear=0
shrinkage=0.01


Tree=445
num_leaves=8
num_cat=0
split_feature=44 44 6 56 94 41 3
split_gain=1.05282 1.24072 0.48703 0.525062 0.260909 0.217815 0.0852127
threshold=7.5000000595000005 8.0999999490000025 0.54994721450000006 0.25000000350000007 20.333571300000003 7.7000001225000005 0.35729614250000002
decision_type=2 2 2 2 2 2 2
left_child=6 -2 3 -3 5 -5 -1
right_child=1 2 -4 4 -6 -7 -8
leaf_value=-0.0031976002144026147 0.0012105923274792188 0.00018106597437306531 0.0003071233890605723 -0.00036327005582012002 0.00010047451173882543 1.2355612833612056e-05 5.0851042974169767e-05
leaf_weight=145 23 21 26 98 24 99 35
leaf_count=145 23 21 26 98 24 99 35
internal_value=0.000217253 0.000591158 0.000386905 0.000234761 7.88998e-05 -3.28616e-05 -0.000376106
internal_weight=471 291 268 242 221 197 180
internal_count=471 291 268 242 221 197 180
is_linear=0
shrinkage=0.01


Tree=446
num_leaves=11
num_cat=0
split_feature=17 15 17 97 5 96 91 48 13 15
split_gain=0.59582 0.680238 1.167 0.542234 1.55282 0.436647 0.495338 0.186103 0.104623 0.0387645
threshold=0.56319950000000019 0.69484930950000012 0.68072900000000003 23.925738300000003 0.40333207150000006 102.04611525000001 21.412857260000006 2.7000000030000004 0.61424050850000012 0.66570328550000013
decision_type=2 2 2 10 2 2 2 2 2 2
left_child=9 2 3 8 -5 6 -3 -7 -2 -1
right_child=1 5 -4 4 -6 7 -8 -9 -10 -11
leaf_value=-0.0072406639418730314 0.00048804421393213061 -4.8444090872357171e-05 0.0019712923109628808 -0.00050084657719924922 0.00049350365026063717 1.7743240606421932e-05 0.00072368902442530717 -0.00026985698998430733 -0.0018902275328717259 -0.00070296958767122138
leaf_weight=110 20 20 26 35 24 33 33 114 44 20
leaf_count=110 20 20 26 35 24 33 33 114 44 20
internal_value=0.00016361 0.000381647 0.000891188 0.000456381 0.00114548 0 0.000771375 -0.000280785 -0.000154321 -0.000405199
internal_weight=479 349 149 123 59 200 53 147 64 130
internal_count=479 349 149 123 59 200 53 147 64 130
is_linear=0
shrinkage=0.01


Tree=447
num_leaves=8
num_cat=0
split_feature=37 60 6 85 81 9 50
split_gain=0.472946 0.246299 0.428858 0.367354 0.222106 0.326929 0.039407
threshold=5.414285694000001 4.8300004005000003 0.54869635750000012 13.919999940000002 8.5535714965000018 0.60356548950000011 10.300000115000001
decision_type=2 2 2 2 2 2 2
left_child=1 2 3 4 5 -1 -3
right_child=-2 6 -4 -5 -6 -7 -8
leaf_value=-0.00043253926872833284 9.699044088538471e-05 -0.0029228296944868409 0.00031568091687291677 0.002404702829295583 -0.00082404074365614117 6.8522836122643404e-05 -0.0019316119649406371
leaf_weight=51 26 20 26 22 108 72 118
leaf_count=51 26 20 26 22 108 72 118
internal_value=1.46461e-05 -6.34276e-05 0.000101858 -1.77306e-05 -0.000144521 0.000133279 -0.000410663
internal_weight=443 417 279 253 231 123 138
internal_count=443 417 279 253 231 123 138
is_linear=0
shrinkage=0.01


Tree=448
num_leaves=10
num_cat=1
split_feature=99 96 60 35 52 46 5 76 5
split_gain=0.832564 0.734115 0.881333 0.594362 0.332282 0.126339 0.121087 0.0437724 0.0186605
threshold=0 95.692065825000014 4.379999637500001 4.1999999630000007 9.5000002865000024 0.25000000750000007 0.47994752350000008 77.74000168000002 0.40380821450000004
decision_type=1 2 2 2 2 2 2 2 2
left_child=5 6 4 -4 -3 7 -2 -1 -6
right_child=1 2 3 -5 8 -7 -8 -9 -10
leaf_value=-0.0023694052977064066 -0.0052902984421857539 8.7110908280422781e-05 0.0013288376323479102 0.00010170540993111117 -0.00039829943369357136 3.3879797112382887e-05 0.00031932593615043692 -0.00085910946432907339 -0.0022606193785970016
leaf_weight=20 62 38 23 22 20 23 20 216 25
leaf_count=20 62 38 23 22 20 23 20 216 25
internal_value=7.44986e-06 0.000466485 0.000962733 0.00208515 0.000316229 -0.000361379 -0.000229469 -0.000447635 -0.000229258
internal_weight=469 210 128 45 83 259 82 236 45
internal_count=469 210 128 45 83 259 82 236 45
cat_boundaries=0 1
cat_threshold=177279379
is_linear=0
shrinkage=0.01


Tree=449
num_leaves=11
num_cat=0
split_feature=34 13 97 26 98 38 49 44 49 11
split_gain=0.639048 0.634936 0.658751 1.60202 0.410673 0.27533 0.390182 0.105372 0.0411212 0.0319177
threshold=5.6000000070000011 0.61424050850000012 26.397590145000006 2.2142857185000007 21.776011000000004 6.0785714560000006 15.299999905000002 10.249999920000002 24.399999685000004 0.62514773850000005
decision_type=2 2 8 2 8 2 2 2 2 2
left_child=1 -1 3 4 -3 8 -7 -6 -2 -4
right_child=5 2 9 -5 7 6 -8 -9 -10 -11
leaf_value=0.00084497640782396036 -0.0030907175803277075 0.0002343746107352268 -0.00010587310307775416 0.00070285691668708948 -0.00010566294980917041 0.0018659281096896707 -0.0023463340790726202 4.6997288966574286e-05 -0.00069213932757568233 -0.00135162589059367
leaf_weight=21 145 20 20 39 58 38 34 22 20 60
leaf_count=21 145 20 20 39 58 38 34 22 20 60
internal_value=0.000166387 0.000531561 0.000357143 0.000776109 7.9365e-05 -0.000195543 0.000302198 -0.000222772 -0.000425211 -0.000346535
internal_weight=477 240 219 139 100 237 72 80 165 80
internal_count=477 240 219 139 100 237 72 80 165 80
is_linear=0
shrinkage=0.01


Tree=450
num_leaves=10
num_cat=0
split_feature=50 6 0 70 15 16 74 15 13
split_gain=0.888223 1.0394 0.859154 0.307234 0.370319 0.249894 0.232989 0.478183 0.0357385
threshold=11.149999985000003 0.4833077380000001 0.26401193750000002 64.180001255000022 0.64880907100000018 0.6776522140000002 50.084999565000011 0.72981245250000015 0.72567693350000007
decision_type=2 2 2 2 2 2 2 2 2
left_child=1 5 -3 4 -2 -1 7 -6 -8
right_child=3 2 -4 -5 6 -7 8 -9 -10
leaf_value=-0.0030981464502821267 0.00097156209895504558 0.00049451655763565149 8.3926059637019951e-06 -0.0021609409888093552 0.00029773524066306487 0.00080014411755252677 -0.00010688568088608663 -0.00080372492722760895 -0.00011663735880461323
leaf_weight=40 38 30 22 138 33 30 82 33 20
leaf_count=40 38 30 22 138 33 30 82 33 20
internal_value=0.000139246 0.000871335 0.00193182 -0.000116009 0.00012089 4.23728e-05 -7.10902e-05 0.000374251 -0.000379378
internal_weight=466 122 52 344 206 70 168 66 102
internal_count=466 122 52 344 206 70 168 66 102
is_linear=0
shrinkage=0.01


Tree=451
num_leaves=11
num_cat=1
split_feature=56 60 7 30 99 96 24 41 0 50
split_gain=0.782743 0.462222 0.420869 0.370071 0.363065 0.823884 0.313952 0.129153 0.0734472 0.0434414
threshold=0.25000000350000007 2.1700005530000004 0.54593564300000008 2.5785714130000006 0 95.692065825000014 1.8214285670000001 7.8999998865000007 0.11869404200000001 9.899999719000002
decision_type=2 2 2 2 1 2 2 2 2 2
left_child=-1 2 8 -4 5 7 -7 -3 -2 -6
right_child=1 4 3 -5 9 6 -8 -9 -10 -11
leaf_value=0.0011318942175259992 -0.002730114791224265 -0.0057985856434679649 0.00033460689276740204 0.00038384877151863067 -1.3249270642028861e-05 4.1270371882282675e-05 0.00064143704687621148 0.00055637060629193825 0.00015687557057060319 -0.0014976489204121255
leaf_weight=25 25 75 20 22 20 20 20 20 20 204
leaf_count=25 25 75 20 22 20 20 20 20 20 204
internal_value=6.8885e-05 -2.46196e-05 0.000620729 0.00133178 -0.000187604 0.000209191 0.00142157 -0.00026618 -1.09171e-05 -0.000425894
internal_weight=471 446 87 42 359 135 40 95 45 224
internal_count=471 446 87 42 359 135 40 95 45 224
cat_boundaries=0 1
cat_threshold=2228359
is_linear=0
shrinkage=0.01


Tree=452
num_leaves=8
num_cat=0
split_feature=56 37 18 4 85 64 5
split_gain=0.589464 0.514973 0.260043 0.546452 0.206983 0.18412 0.185004
threshold=0.25000000350000007 5.414285694000001 0.70545036450000009 0.35026385750000005 12.243571620000003 2.3849997520000001 0.50949892850000011
decision_type=2 2 2 2 2 2 2
left_child=-1 2 4 -4 -2 6 -6
right_child=1 -3 3 -5 5 -7 -8
leaf_value=0.0008791196909505556 8.1815268252167714e-05 0.00010121972348996039 0.0023176981005832552 -0.00026109573991221985 -0.0014693473341490626 0.00018729771307300861 5.7212729831188791e-05
leaf_weight=29 37 25 20 21 271 28 33
leaf_count=29 37 25 20 21 271 28 33
internal_value=9.89672e-05 1.1472e-06 -8.03312e-05 0.000657895 -0.00016901 -0.000252404 -0.000328084
internal_weight=464 435 410 41 369 332 304
internal_count=464 435 410 41 369 332 304
is_linear=0
shrinkage=0.01


Tree=453
num_leaves=10
num_cat=0
split_feature=16 16 78 65 34 0 59 41 3
split_gain=0.785492 1.0778 0.285682 0.423791 0.627239 0.237333 0.149574 0.0421558 0.0275573
threshold=0.66402850000000013 0.68083361900000006 8.1685714380000025 40.954999925000003 5.3642856735000004 0.16604052100000002 0.61999988550000007 9.1500002070000015 0.32319575700000008
decision_type=2 2 2 2 2 2 2 2 2
left_child=6 -2 3 4 -3 -6 7 -1 -4
right_child=1 2 8 -5 5 -7 -8 -9 -10
leaf_value=-0.003348032758519936 0.00071913021071182679 0.00032312382309655291 -7.447339083368424e-06 -0.00071537965977068268 0.00016911309135574586 -0.0004892330128218928 0.00042680577723556241 -0.0061343550539868664 -0.00030700011063281057
leaf_weight=167 32 37 20 36 49 30 39 20 44
leaf_count=167 32 37 20 36 49 30 39 20 44
internal_value=0.000107414 0.000498392 0.000230627 0.000471204 0.000770548 0.000231829 -0.000313051 -0.000433972 -0.000308642
internal_weight=474 248 216 152 116 79 226 187 64
internal_count=474 248 216 152 116 79 226 187 64
is_linear=0
shrinkage=0.01


Tree=454
num_leaves=11
num_cat=0
split_feature=16 16 6 17 17 80 30 24 17 29
split_gain=0.673663 0.616567 0.737574 0.471535 0.743403 1.08974 0.200419 0.120992 0.0401794 0.0383218
threshold=0.6125375715000001 0.63356514300000011 0.54869635750000012 0.68161828600000007 0.69985503550000006 5.3957143615000005 2.2714285595000008 1.8857142885000002 0.57330266650000017 3.5285715035000007
decision_type=2 2 2 2 2 2 2 2 2 2
left_child=8 -2 3 7 5 -5 -6 9 -1 -3
right_child=1 2 -4 4 6 -7 -8 -9 -10 -11
leaf_value=-0.0029656522698443943 0.00050444490237922521 -1.122856462157363e-05 0.000139927541881429 -0.00055119652337046318 -0.00019294800644988381 0.00027165478311680212 0.0013683702918106499 0.00016268549008460019 -0.00034069266128728309 -0.00071238048638179311
leaf_weight=129 23 20 23 20 60 20 32 20 20 105
leaf_count=129 23 20 23 20 60 20 32 20 20 105
internal_value=0.000131134 0.000390673 0.000259308 0.000106191 0.000542169 0.00166667 2.15516e-05 -0.000277778 -0.000417223 -0.000401431
internal_weight=472 323 300 277 132 40 92 145 149 125
internal_count=472 323 300 277 132 40 92 145 149 125
is_linear=0
shrinkage=0.01


Tree=455
num_leaves=10
num_cat=1
split_feature=99 96 12 27 97 54 54 6 3
split_gain=0.569951 0.956375 0.913029 0.390381 0.38007 0.219605 0.424274 0.196002 0.0282128
threshold=0 101.86044930000001 0.70907752400000013 4.1857143300000006 28.561640730000004 7.9500001000000013 9.1000000535000023 0.46512330950000008 0.35890758550000007
decision_type=1 2 2 2 10 2 2 2 2
left_child=1 2 8 4 5 -2 -7 -6 -1
right_child=3 -3 -4 -5 7 6 -8 -9 -10
leaf_value=-0.0052868272894465119 -0.0012218537668524747 0.0024502796572871506 0.0001296407837885722 0.00059499633463017349 0.00052541597793200588 0.0001043009105449709 -0.00078644736346222377 -5.5094153868161161e-06 -4.9104649641076932e-05
leaf_weight=46 230 21 23 34 20 20 35 21 20
leaf_count=46 230 21 23 34 20 20 35 21 20
internal_value=9.13338e-05 0.000687086 0.000261693 -0.000102481 -0.000217258 -0.000351645 0.000188172 0.000657895 -0.000314371
internal_weight=470 110 89 360 326 285 55 41 66
internal_count=470 110 89 360 326 285 55 41 66
cat_boundaries=0 1
cat_threshold=539787788
is_linear=0
shrinkage=0.01


Tree=456
num_leaves=7
num_cat=0
split_feature=50 44 86 8 37 22
split_gain=0.829464 0.615541 0.597239 0.501673 0.224976 0.0811873
threshold=9.8500000200000013 13.999999965000002 12.582857265000001 0.48260336750000005 5.3071428875000004 1.6500000060000002
decision_type=2 2 2 2 2 2
left_child=-1 2 -2 -4 5 -5
right_child=1 -3 3 4 -6 -7
leaf_value=0.00016904764891114779 3.3710030709822286e-05 0.00052571613385558338 0.0023269925364280629 1.5466812195971835e-05 0.00011212343618308288 -0.00093595896024150553
leaf_weight=37 34 22 32 36 27 267
leaf_count=37 34 22 32 36 27 267
internal_value=0.000154673 2.14899e-05 -6.55243e-05 -0.000190188 -0.000311367 -0.000393351
internal_weight=455 418 396 362 330 303
internal_count=455 418 396 362 330 303
is_linear=0
shrinkage=0.01


Tree=457
num_leaves=9
num_cat=0
split_feature=17 18 17 15 12 15 15 62
split_gain=0.818644 1.0597 0.455965 0.840916 0.384623 0.29654 0.147724 0.0681005
threshold=0.56319950000000019 0.53550523800000016 0.68072900000000003 0.69137342900000009 0.74167728600000016 0.61609792850000011 0.71501788600000016 0.17500019050000001
decision_type=2 2 2 2 2 2 2 2
left_child=-1 -2 5 -4 6 -3 -5 -7
right_child=1 2 3 4 -6 7 -8 -9
leaf_value=-0.0056176868579290344 0.00048747245363460863 0.00051740137447265657 0.0020802743947820478 3.1579895394769353e-05 0.0013021077668991957 -0.0003760544719791899 -0.00020598399913762419 3.8016511676783111e-06
leaf_weight=137 33 30 23 23 25 95 76 38
leaf_count=137 33 30 23 23 25 95 76 38
internal_value=0.000162229 0.00042612 0.000234878 0.000639377 0.000288461 -0.000119048 0 -0.000332586
internal_weight=480 343 310 147 124 163 99 133
internal_count=480 343 310 147 124 163 99 133
is_linear=0
shrinkage=0.01


Tree=458
num_leaves=10
num_cat=0
split_feature=97 16 50 97 14 17 96 31 3
split_gain=0.664583 0.79536 0.850117 0.84472 0.747589 0.686804 0.284923 0.139401 0.0288315
threshold=22.226472410000003 0.66402850000000013 11.149999985000003 26.398989690000004 0.71111892850000002 0.67827464300000007 97.220549985000005 3.0642857040000004 0.35469935700000005
decision_type=10 2 2 10 2 2 2 2 2
left_child=7 6 3 -3 5 -4 -2 -1 -6
right_child=1 2 4 -5 8 -7 -8 -9 -10
leaf_value=-0.0015605231828323327 -0.00353279605739453 0.00058422876919429843 -3.8142965754182274e-05 4.3907075434134706e-05 -0.00088790072173380798 0.0017742234710684107 0.00042369785022988146 0.0017957620789138973 -8.6510368617099406e-05
leaf_weight=160 97 22 22 31 48 27 36 22 20
leaf_count=160 97 22 22 31 48 27 36 22 20
internal_value=9.36598e-05 0.000383476 0.000837236 0.00188662 0.000335314 0.0012751 -0.000183109 -0.000377462 -0.000319768
internal_weight=485 303 170 53 117 49 133 182 68
internal_count=485 303 170 53 117 49 133 182 68
is_linear=0
shrinkage=0.01


Tree=459
num_leaves=13
num_cat=0
split_feature=50 4 3 49 18 60 24 18 67 5 48 0
split_gain=1.34251 0.952573 0.907358 0.834705 0.40407 0.355993 0.480013 0.177511 0.350302 0.129774 0.0432315 0.0204918
threshold=11.149999985000003 0.32261328600000005 0.31625114250000003 9.1999999920000022 0.54331307100000015 1.7350001335000003 1.700000001 0.66790017350000008 26.674999715000002 0.50949892850000011 6.299999799500001 0.15394539600000004
decision_type=2 2 2 2 2 2 2 2 2 2 2 2
left_child=1 -1 -3 -4 -5 6 -2 9 11 10 -7 -9
right_child=5 2 3 4 -6 7 -8 8 -10 -11 -12 -13
leaf_value=-0.0058653152255341732 -0.0027600206400553639 0.0015377258592950175 8.7860474454272652e-05 0.00040504554724859478 -0.0013322667193382601 -0.0025008326669271747 0.00091021306887815567 -1.2080241860700876e-05 0.002363962024808223 0.00014099806293078052 -0.0020615656592585466 -0.0015676170252063432
leaf_weight=29 21 22 21 20 31 197 28 20 21 22 20 28
leaf_count=29 21 22 21 20 31 197 28 20 21 22 20 28
internal_value=0.000203827 0.00110258 0.00159283 0.000989011 0.000241313 -0.000102012 0.000672691 -0.000233161 0.00019341 -0.000364888 -0.000443067 -0.000245902
internal_weight=480 123 94 72 51 357 49 308 69 239 217 48
internal_count=480 123 94 72 51 357 49 308 69 239 217 48
is_linear=0
shrinkage=0.01


Tree=460
num_leaves=8
num_cat=0
split_feature=56 27 19 48 96 65 6
split_gain=1.04298 0.654063 0.53119 0.483252 0.307784 0.180364 0.0420137
threshold=0.25000000350000007 3.8714285750000004 57.185000000000009 8.5500001795000014 131.86344500000004 41.575001240000013 0.52688710700000019
decision_type=2 2 2 2 2 2 2
left_child=-1 2 -2 4 5 6 -3
right_child=1 3 -4 -5 -6 -7 -8
leaf_value=0.0010277695051512112 -4.791767876654353e-05 -0.00067421547245985025 0.00038667683165659301 0.00040521460367128477 0.00014245604809791788 0.00030828902833196194 -0.00010327379583771635
leaf_weight=26 22 241 26 20 31 32 53
leaf_count=26 22 241 26 20 31 32 53
internal_value=0.000138335 1.29167e-05 0.00110656 -0.000123081 -0.000213807 -0.000309058 -0.000390095
internal_weight=451 425 48 377 357 326 294
internal_count=451 425 48 377 357 326 294
is_linear=0
shrinkage=0.01


Tree=461
num_leaves=12
num_cat=0
split_feature=20 20 2 6 18 44 3 4 4 14 44
split_gain=1.24643 0.996093 0.703239 0.76705 0.53042 0.565798 0.744901 0.251945 0.616227 0.157075 0.153674
threshold=0.99285714100000011 1.0142857135000003 0.28203866650000003 0.50314714300000007 0.6105327140000002 8.2000000180000026 0.27244857150000007 0.35026385750000005 0.32005404750000005 0.69026742850000011 12.250000030000001
decision_type=2 2 2 2 2 2 2 2 2 2 2
left_child=4 2 -2 -4 10 6 -6 8 -7 -3 -1
right_child=1 9 3 -5 5 7 -8 -9 -10 -11 -12
leaf_value=-0.003540523581422659 7.856257291637581e-05 0.00041652841968044057 0.00042643004356121865 0.00059438390423721731 -0.00073675144249633982 -0.0018263323057335962 0.0021340519582379296 -1.5563562871140176e-05 0.0023501832766544516 -0.0024567733921022454 9.165947772678242e-05
leaf_weight=162 20 33 20 21 25 27 32 59 20 23 20
leaf_count=162 20 33 20 21 25 27 32 59 20 23 20
internal_value=0.000296024 0.00118421 0.00206311 0.002811 -1.44604e-06 0.000405983 0.00120242 -9.36341e-06 0.000512552 0.000176056 -0.000377462
internal_weight=462 117 61 41 345 163 57 106 47 56 182
internal_count=462 117 61 41 345 163 57 106 47 56 182
is_linear=0
shrinkage=0.01


Tree=462
num_leaves=9
num_cat=0
split_feature=17 96 17 96 17 30 65 42
split_gain=0.494997 0.479139 0.561159 0.292018 0.354102 0.345465 0.261839 0.0380391
threshold=0.56319950000000019 72.840353275000027 0.60072909550000009 131.19284590000004 0.69531664300000007 2.2428571415000005 40.564999105000005 0.60000001250000012
decision_type=2 2 2 2 2 2 2 2
left_child=7 -2 -3 5 -5 -4 -7 -1
right_child=1 2 3 4 -6 6 -8 -9
leaf_value=-0.0008876118559558643 0.0015372222129213487 0.00041681719109210545 -0.00051877083940090295 0.00018444066966891246 -4.7262741797433616e-06 0.00043656468547668612 -0.00022820991560278526 -0.0057074937879505704
leaf_weight=20 20 35 113 29 27 51 42 102
leaf_count=20 20 35 113 29 27 51 42 102
internal_value=0.000133015 0.000344556 0.000233378 6.46879e-05 0.000704225 -0.000101548 0.000335821 -0.000399023
internal_weight=439 317 297 262 56 206 93 122
internal_count=439 317 297 262 56 206 93 122
is_linear=0
shrinkage=0.01


Tree=463
num_leaves=11
num_cat=0
split_feature=16 14 96 0 76 27 72 59 66 21
split_gain=1.01609 1.09811 0.889566 0.527141 0.348616 0.378994 0.257097 0.130945 0.128708 0.0416234
threshold=0.67248635700000015 0.6766461250000001 99.404000345000014 0.22850610400000002 91.300000190000006 4.1571429120000003 79.890000820000012 0.28499984750000001 32.710000995000009 2.3428571220000003
decision_type=2 2 2 2 2 2 2 2 2 2
left_child=6 -2 3 -3 5 7 -1 -4 9 -8
right_child=1 2 4 -5 -6 -7 8 -9 -10 -11
leaf_value=0.00035976510879043056 0.0020063213666057914 0.0012671981290813938 5.9139670683705075e-06 3.1245230970693963e-05 0.00025247196242438285 2.7152402189766385e-05 -0.0034881026132298565 -0.00023171306606963995 0.00041528168484580673 -0.0013687252306694047
leaf_weight=35 23 28 21 21 29 24 155 95 21 20
leaf_count=35 23 28 21 21 29 24 155 95 21 20
internal_value=0.000279188 0.000734078 0.000498172 0.00167671 0.000138398 -5.68183e-05 -0.000187662 -0.000308219 -0.000335366 -0.000429465
internal_weight=472 241 218 49 169 140 231 116 196 175
internal_count=472 241 218 49 169 140 231 116 196 175
is_linear=0
shrinkage=0.01


Tree=464
num_leaves=10
num_cat=0
split_feature=16 16 27 27 15 39 14 27 2
split_gain=0.775415 0.865195 0.859288 0.385357 0.414388 0.332985 0.231739 0.0427687 0.0372139
threshold=0.66402850000000013 0.68154645200000008 4.0142857010000013 4.1571428610000014 0.69137342900000009 2.3999999685000004 0.75020021450000007 3.8714285750000004 0.33259835700000007
decision_type=2 2 2 2 2 2 2 2 2
left_child=5 2 -2 4 -3 7 8 -1 -6
right_child=1 3 -4 -5 6 -7 -8 -9 -10
leaf_value=-0.0028839232490456097 0.0013626355612166091 0.00017142018806235644 4.3418091166918287e-06 7.3352164034401566e-05 -1.6445622682337912e-05 0.00010564100531028958 0.00061940107847966862 -0.003410736348272706 -5.2421934613831188e-08
leaf_weight=20 20 20 22 34 94 20 38 183 20
leaf_count=20 20 20 22 34 94 20 38 183 20
internal_value=0.000111276 0.000498392 0.00179907 0.000217601 1.1574e-05 -0.000310545 -0.000157068 -0.000439156 -0.000391986
internal_weight=471 248 42 206 172 223 152 203 114
internal_count=471 248 42 206 172 223 152 203 114
is_linear=0
shrinkage=0.01


Tree=465
num_leaves=9
num_cat=0
split_feature=17 97 5 2 48 13 27 15
split_gain=0.558825 0.447014 0.381748 0.39899 0.437212 0.475858 0.0922373 0.0384131
threshold=0.56319950000000019 32.113691370000005 0.37527847650000007 0.25827600000000006 7.0999999795000006 0.75166676650000019 4.0571428200000001 0.65046914300000014
decision_type=2 10 2 2 2 2 2 2
left_child=7 2 6 -4 5 -5 -2 -1
right_child=1 -3 3 4 -6 -7 -8 -9
leaf_value=-0.0096544909289379803 -0.00216045188988917 0.00048203331465664859 0.0023056256693194076 -1.4308594277749888e-05 0.00049512994321003045 0.0002634881544890956 -0.00059003159826338239 -0.00044844456310513608
leaf_weight=106 68 27 20 138 29 34 26 20
leaf_count=106 68 27 20 138 29 34 26 20
internal_value=0.00015785 0.000370478 0.000254908 0.000484671 0.000334489 0.000127315 -0.000263713 -0.000402208
internal_weight=468 342 315 221 201 172 94 126
internal_count=468 342 315 221 201 172 94 126
is_linear=0
shrinkage=0.01


Tree=466
num_leaves=11
num_cat=1
split_feature=99 55 4 55 82 15 17 87 55 8
split_gain=0.700643 1.32773 0.707725 0.73081 0.242087 0.34643 0.138736 0.217753 0.235044 0.131214
threshold=0 1.0999999900000001 0.37817383350000006 3.4500000475000006 6.471428500500001 0.7010374760000001 0.62259057150000008 8.6478572235000026 4.0499999895000007 0.54874764300000012
decision_type=1 2 2 2 2 2 2 2 2 2
left_child=6 -2 4 -4 5 -3 -1 9 -9 -8
right_child=1 2 3 -5 -6 -7 7 8 -10 -11
leaf_value=-0.0026658864106647285 0.00057593753845862035 1.3067642376623922e-05 2.6355835463270117e-05 0.00044445297994412727 -0.002784361102931412 -0.00017886809137270039 3.1739253424748548e-05 0.0011510764828793674 -0.00011500034229413992 -1.7118652068789746e-05
leaf_weight=115 28 29 37 21 84 26 20 20 25 79
leaf_count=115 28 29 37 21 84 26 20 20 25 79
internal_value=0.000136138 0.000532231 0.000250253 0.00117347 -0.000125179 0.000367383 -0.000213121 -1.18551e-10 0.000556768 -0.000275551
internal_weight=484 225 197 58 139 55 259 144 45 99
internal_count=484 225 197 58 139 55 259 144 45 99
cat_boundaries=0 1
cat_threshold=9508147
is_linear=0
shrinkage=0.01


Tree=467
num_leaves=10
num_cat=0
split_feature=17 17 10 98 21 22 43 42 8
split_gain=0.53605 0.508959 0.427889 0.831258 0.302166 0.366265 0.596791 0.136035 0.0996547
threshold=0.56319950000000019 0.58672026200000016 0.56853100000000012 21.599211740000005 2.3142856785000006 1.7999999945000003 12.700000170000001 8.1999998685000026 0.62638573800000008
decision_type=2 2 2 10 2 2 2 2 2
left_child=-1 -2 3 -3 5 8 -7 -6 -4
right_child=1 2 4 -5 7 6 -8 -9 -10
leaf_value=-0.0054226862418139026 0.00056611341803353902 0.0021533368910918145 -0.0023555694764512869 -0.00093324122754017856 -1.4922387869888497e-05 -0.0015573806156696797 3.9507550334564168e-05 3.690886984407621e-06 0.00028370905410600943
leaf_weight=120 27 23 40 29 111 32 20 21 20
leaf_count=120 27 23 40 29 111 32 20 21 20
internal_value=8.22441e-05 0.000298023 0.000168463 0.000984848 -1.1882e-10 0.00037234 0.000984848 -0.000331325 -0.000131579
internal_weight=443 323 296 52 244 112 52 132 60
internal_count=443 323 296 52 244 112 52 132 60
is_linear=0
shrinkage=0.01


Tree=468
num_leaves=10
num_cat=0
split_feature=52 4 52 96 96 16 95 19 0
split_gain=0.407725 0.425643 0.459544 0.791876 0.546033 0.615375 0.277348 0.532457 0.119618
threshold=8.8999997155000035 0.32941557150000006 7.450000085000001 128.03490560000003 94.801848145000022 0.68325592850000005 23.030000140000002 58.585000000000008 0.078784125000000024
decision_type=2 2 2 2 2 2 2 2 2
left_child=1 8 4 -4 -3 -6 -2 -8 -1
right_child=6 2 3 -5 5 -7 7 -9 -10
leaf_value=7.1917379131928752e-06 -0.0019837467870807003 -0.0020063648035530319 0.0016494801019592759 -9.3812259278476705e-06 0.00059660440727235065 -4.5828611414087156e-06 0.00012652573321287011 -1.0713643589387347e-05 -0.0021043539524066117
leaf_weight=20 147 53 34 23 20 33 24 35 60
leaf_count=20 147 53 34 23 20 33 24 35 60
internal_value=7.44774e-05 0.000354799 0.000650183 0.00137543 0.000234082 0.000957249 -0.000246615 0.000309364 -0.000222772
internal_weight=449 243 163 57 106 53 206 59 80
internal_count=449 243 163 57 106 53 206 59 80
is_linear=0
shrinkage=0.01


Tree=469
num_leaves=9
num_cat=0
split_feature=16 85 43 78 30 29 5 19
split_gain=0.517261 0.673431 1.07859 0.308551 0.454516 0.275696 0.106886 0.0953032
threshold=0.60949717850000018 12.971428670000002 12.150000095000001 7.9285712925000009 2.0714285625000008 3.5857142975000005 0.45513783350000009 35.515000000000008
decision_type=2 2 2 2 2 2 2 2
left_child=-1 7 3 6 -5 -6 -3 -2
right_child=1 2 -4 4 5 -7 -8 -9
leaf_value=-0.0060197832741282278 -0.00010827582173797355 -0.0023999614450967177 0.0024282293624585082 0.00024821536252671685 -0.0027565446956580729 0.00063919866077409657 0.00016276944809769794 -0.00039005676334225638
leaf_weight=136 28 46 20 30 32 46 20 94
leaf_count=136 28 46 20 30 32 46 20 94
internal_value=2.65016e-05 0.000252525 0.00062115 0.00034897 0.000680147 0.000241117 -0.000164671 -0.00031759
internal_weight=452 316 194 174 108 78 66 122
internal_count=452 316 194 174 108 78 66 122
is_linear=0
shrinkage=0.01


Tree=470
num_leaves=11
num_cat=0
split_feature=16 15 10 15 15 44 23 12 64 10
split_gain=0.600008 1.12378 0.430314 1.18291 0.298508 0.223014 0.239005 0.159119 0.2914 0.0416705
threshold=0.6776522140000002 0.68529714300000011 0.66070692900000016 0.72889664300000012 0.75473470250000008 12.250000030000001 1.7714285465000004 0.67841971450000005 0.80500030550000012 0.48809821400000003
decision_type=2 2 2 2 2 2 2 2 2 2
left_child=5 -2 7 -4 -5 6 -1 8 -3 -8
right_child=1 2 3 4 -6 -7 9 -9 -10 -11
leaf_value=0.00028662844453655338 0.0021024284114411615 -0.00059895106004475445 0.00045727113831901887 -4.0961591900202066e-05 0.0019804150246483299 0.00050072698192687548 -0.0071675934005971456 -0.00023893427019599982 7.539553828626313e-05 -0.0030457068988419917
leaf_weight=26 20 24 29 42 27 36 20 59 23 156
leaf_count=26 20 24 29 42 27 36 20 59 23 156
internal_value=0.000187986 0.000560498 0.000322266 0.000799595 5.01431e-05 -0.000154941 -0.000290927 -0.000102996 0.000303347 -0.000429864
internal_weight=462 224 204 98 69 238 202 106 47 176
internal_count=462 224 204 98 69 238 202 106 47 176
is_linear=0
shrinkage=0.01


Tree=471
num_leaves=10
num_cat=0
split_feature=59 16 67 52 95 29 18 0 0
split_gain=0.34019 0.530437 0.238647 0.183502 0.159946 0.152618 0.317103 0.0227335 0.0192946
threshold=0.47499990450000007 0.62512791050000016 22.189998625000005 21.649999845000004 23.657856805000005 3.6214285750000004 0.66790017350000008 0.25436704900000001 0.23704348600000003
decision_type=2 2 2 2 2 2 2 2 2
left_child=2 -2 -1 5 -4 -3 8 -6 -7
right_child=1 3 4 -5 7 6 -8 -9 -10
leaf_value=0.00018548441583899559 0.00059957447482497216 -0.00019511172057874387 -0.001175327875961293 4.851425090177544e-05 -0.0032300162198187418 -0.00075221851979094989 0.00063513540594425054 4.5710237646077527e-05 -1.6288201867357828e-05
leaf_weight=25 21 64 229 30 24 26 22 20 20
leaf_count=25 21 64 229 30 24 26 22 20 20
internal_value=-7.99088e-05 0.000252992 -0.000291165 4.29974e-05 -0.000381666 -0.000105422 0.000203488 0.000133928 -0.000235043
internal_weight=481 183 298 162 273 132 68 44 46
internal_count=481 183 298 162 273 132 68 44 46
is_linear=0
shrinkage=0.01


Tree=472
num_leaves=9
num_cat=0
split_feature=51 44 44 37 19 90 41 6
split_gain=0.901066 1.1475 0.421053 0.304902 0.188358 0.140705 0.0929019 0.0426247
threshold=0.89999999850000012 12.700000025000003 7.9999998955000011 5.4285714285000006 19.550000000000001 19.571428300000004 3.7000000065000003 0.54994721450000006
decision_type=2 2 2 2 2 2 2 2
left_child=5 2 -2 4 -4 7 -6 -1
right_child=1 -3 3 -5 6 -7 -8 -9
leaf_value=-0.0013517248829292795 0.0010719064008663836 0.0011629022175960542 0.0020676246465062493 7.9086098538481731e-05 7.5957780772809212e-06 0.00086239447385391915 -0.0010540250541687406 -0.000109900398605905
leaf_weight=179 23 25 21 22 20 20 117 20
leaf_count=179 23 25 21 22 20 20 117 20
internal_value=9.93746e-05 0.000541958 0.000277232 9.95574e-05 -4.40807e-05 -0.000352593 -0.000192308 -0.000437938
internal_weight=447 228 203 180 158 219 137 199
internal_count=447 228 203 180 158 219 137 199
is_linear=0
shrinkage=0.01


Tree=473
num_leaves=10
num_cat=0
split_feature=16 15 9 82 31 12 88 64 28
split_gain=0.866355 0.869388 1.00257 0.599643 0.425775 0.301828 0.677516 0.0429411 0.0327568
threshold=0.67248635700000015 0.72705264250000012 0.63664367500000008 5.983571372000001 3.0142857180000004 0.67880721450000003 8.9607141360000018 2.4100003240000003 3.9428571630000007
decision_type=2 2 2 2 2 2 2 2 2
left_child=3 2 5 -1 8 6 -2 -5 -3
right_child=1 4 -4 7 -6 -7 -8 -9 -10
leaf_value=0.00022068067697624878 -0.00053939860412725795 -0.00070971657324593758 0.00028731744255565482 -0.0035103350767394948 0.00028622776645869117 -0.0020693627500617496 0.00049132818755107425 -0.00032488745948611316 -7.5651906048303155e-05
leaf_weight=31 21 64 38 188 22 22 33 20 20
leaf_count=31 21 64 38 188 22 22 33 20 20
internal_value=0.000170726 0.000625 0.00122822 -0.000239783 -9.36341e-06 0.000520833 0.000930657 -0.000440613 -0.000353774
internal_weight=459 220 114 239 106 76 54 208 84
internal_count=459 220 114 239 106 76 54 208 84
is_linear=0
shrinkage=0.01


Tree=474
num_leaves=9
num_cat=0
split_feature=97 97 14 26 51 60 14 98
split_gain=0.744649 1.17854 0.848775 0.839716 0.630995 0.235913 0.138041 0.111499
threshold=23.925738300000003 26.304769825000005 0.7224771860000001 1.8857142755000003 26.250000360000005 1.7350001335000003 0.74302421400000007 18.470270075000006
decision_type=10 10 2 2 2 2 2 8
left_child=3 2 -2 -1 5 -3 -7 -5
right_child=1 4 -4 7 -6 6 -8 -9
leaf_value=7.6965896194735968e-05 0.00055518014715991398 0.0010909957009305842 6.8372597744022735e-06 -0.0010220917583422951 0.00058683036024165594 -0.0025826311768410142 0.00013270132653123319 -0.00067715916831951771
leaf_weight=22 35 33 30 28 28 95 20 177
leaf_count=22 35 33 30 28 28 95 20 177
internal_value=0.000221843 0.000610008 0.00175532 -0.000182177 0.000169683 -8.06453e-05 -0.000306563 -0.000391157
internal_weight=468 241 65 227 176 148 115 205
internal_count=468 241 65 227 176 148 115 205
is_linear=0
shrinkage=0.01


Tree=475
num_leaves=11
num_cat=0
split_feature=64 49 96 44 97 59 14 15 64 16
split_gain=0.960588 1.03285 1.58283 0.715198 0.932094 0.65072 0.318564 0.413747 0.199863 0.27919
threshold=0.54500007650000015 7.0000000670000011 94.801848145000022 13.399999850000002 22.000243375000004 0.059999943000000007 0.74645755350000009 0.75703754750000007 1.9949998855000002 0.61853421400000008
decision_type=2 2 2 2 8 2 2 2 2 2
left_child=1 -1 -3 6 -5 -4 8 -8 -2 -10
right_child=3 2 5 4 -6 -7 7 -9 9 -11
leaf_value=-0.0017988173197629584 -0.000853502423053617 -0.0045124536610792612 0.0011759907163821034 -0.00027938563818469839 0.00049468363985232531 0.00063849969919665712 0.00022083658637233778 -0.00078567852287471363 -0.0031163954931871986 0.00093379908329516929
leaf_weight=39 201 21 24 21 27 23 24 21 32 26
leaf_count=39 201 21 24 21 27 23 24 21 32 26
internal_value=0.000235972 0.00106215 0.00180233 -1.1338e-05 0.00110656 0.00281381 -0.000196851 0.000556768 -0.000336798 0.000153061
internal_weight=459 107 68 352 48 47 304 45 259 58
internal_count=459 107 68 352 48 47 304 45 259 58
is_linear=0
shrinkage=0.01


Tree=476
num_leaves=8
num_cat=0
split_feature=40 56 16 16 31 10 14
split_gain=0.83807 0.52701 0.447994 0.523941 0.459682 0.556275 0.274315
threshold=2.3500000235000003 0.25000000350000007 0.61165600000000009 0.62757321450000003 3.0142857180000004 0.67407207150000004 0.69640939300000004
decision_type=2 2 2 2 2 2 2
left_child=1 -1 -3 -4 6 -6 -5
right_child=-2 2 3 4 5 -7 -8
leaf_value=0.0011899004014141346 8.31380743749367e-05 -0.0041642768358462184 0.00044672833031258639 1.1009686540988607e-05 -0.00072697646066721786 0.0010837337011601667 -0.00013892046687788103
leaf_weight=23 22 130 21 82 27 28 129
leaf_count=23 22 130 21 82 27 28 129
internal_value=0.000187986 8.62068e-05 0 0.000224114 9.3703e-05 0.000905018 -0.000110954
internal_weight=462 440 417 287 266 55 211
internal_count=462 440 417 287 266 55 211
is_linear=0
shrinkage=0.01


Tree=477
num_leaves=10
num_cat=1
split_feature=37 99 34 3 3 97 33 63 97
split_gain=0.828443 0.60688 0.776536 1.26967 0.326834 0.289695 0.13824 0.0691288 0.193263
threshold=5.414285694000001 0 5.6357142925000003 0.32407892850000003 0.35252696400000011 28.987920785000004 4.4857142650000013 2.7449998855000004 26.400856380000004
decision_type=2 1 2 2 2 8 2 2 10
left_child=1 6 3 -3 -5 -4 7 8 -1
right_child=-2 2 5 4 -6 -7 -8 -9 -10
leaf_value=-0.00080258070936007535 0.00010114739253053458 0.0013743109471060009 -0.0023055413974440494 -0.00038901765596417698 0.00035164792797910335 0.0019544806510172377 2.1738846957416104e-05 -0.0034814613579228146 0.00035955326288269004
leaf_weight=50 29 33 69 31 32 20 35 144 25
leaf_count=50 29 33 69 31 32 20 35 144 25
internal_value=0.000179181 6.48021e-05 0.000487742 0.00113636 0.000258621 -0.000139198 -0.000245468 -0.000352593 -7.25595e-05
internal_weight=468 439 185 96 63 89 254 219 75
internal_count=468 439 185 96 63 89 254 219 75
cat_boundaries=0 1
cat_threshold=143720859
is_linear=0
shrinkage=0.01


Tree=478
num_leaves=9
num_cat=0
split_feature=16 14 4 4 16 17 96 0
split_gain=0.613702 0.759391 0.374885 0.381951 0.30455 1.21203 0.117272 0.0319177
threshold=0.58913064300000018 0.61045671450000005 0.32261328600000005 0.33673492850000003 0.71081719050000014 0.67995178550000002 118.75002510000002 0.08092618750000001
decision_type=2 2 2 2 2 2 2 2
left_child=-1 -2 7 -4 5 -5 -6 -3
right_child=1 2 3 4 6 -7 -8 -9
leaf_value=-0.0072196481575905512 0.0022568457900816793 -0.0012683795449358671 0.0012138844942508687 2.1722713089475377e-05 0.00013917501163224655 0.0003593159063575227 -0.00062216338934019172 -0.00073786372223255117
leaf_weight=114 21 20 28 120 20 20 57 60
leaf_count=114 21 20 28 120 20 20 57 60
internal_value=0.000147569 0.000360438 0.000231737 0.000429211 0.000273186 0.000553977 -0.000212082 -0.000346535
internal_weight=460 346 325 245 217 140 77 80
internal_count=460 346 325 245 217 140 77 80
is_linear=0
shrinkage=0.01


Tree=479
num_leaves=11
num_cat=0
split_feature=27 87 43 43 13 56 27 53 16 15
split_gain=0.829768 0.676178 0.775273 0.662158 0.34161 0.141288 0.115711 0.105785 0.229496 0.0294163
threshold=3.8285714390000005 8.5792857920000021 12.800000005000003 4.5500001460000012 0.64531127500000007 0.45000001000000006 4.1928571635000011 0.75000000750000007 0.63790400000000014 0.74175028550000011
decision_type=2 2 2 2 2 2 2 2 2 2
left_child=3 2 4 -1 -2 -6 -7 -3 -9 -10
right_child=1 7 -4 -5 5 6 -8 8 9 -11
leaf_value=0.00033077544908522517 0.00029572900637351928 -0.0047806854491946552 3.1567237436523992e-05 0.00018116543445401021 8.1271055996397828e-06 -0.00090837950110480431 2.1132721463207193e-05 0.0022450595435181929 -0.00040240660482112847 -0.00045452543254930757
leaf_weight=26 28 164 20 28 25 64 21 20 50 20
leaf_count=26 28 164 20 28 25 64 21 20 50 20
internal_value=0.000139246 -9.69004e-06 0.000497481 0.00129562 0.000208934 -2.70759e-05 -0.000238928 -0.000333595 -3.30398e-05 -0.000324859
internal_weight=466 412 158 54 138 110 85 254 90 70
internal_count=466 412 158 54 138 110 85 254 90 70
is_linear=0
shrinkage=0.01


Tree=480
num_leaves=12
num_cat=1
split_feature=99 72 15 16 78 38 1 54 52 0 0
split_gain=0.685008 0.916531 0.742393 1.06476 0.553131 0.189276 0.237585 0.173151 0.373995 0.0662955 0.0216024
threshold=0 82.489998815000021 0.72758228550000015 0.70134283350000015 7.8049999645000012 6.0785714560000006 0.23641135700000002 4.9999999775000008 8.0999998600000023 0.14860166650000003 0.25661739600000005
decision_type=1 2 2 2 2 2 2 2 2 2 2
left_child=5 2 3 4 -2 -1 -7 -3 -9 -4 -8
right_child=1 7 9 -5 -6 6 10 8 -10 -11 -12
leaf_value=-0.0018914639469631458 -0.0016817062812773305 -0.0025320829755297305 -0.00082155680964408049 0.0014733965539780493 0.00039559124481772869 0.0016204661135981455 -0.0031421759925866072 -0.0013986626116628332 0.0020813026194207019 2.9539638968370997e-06 -0.00151302491981209
leaf_weight=133 36 65 22 21 38 27 20 26 20 20 30
leaf_count=133 36 65 22 21 38 27 20 26 20 20 30
internal_value=0.000172188 0.000517774 0.00108491 0.00157098 0.000949198 -0.000240036 0.000122108 -0.000120751 0.000320513 0 -0.000255906
internal_weight=458 248 137 95 74 210 77 111 46 42 50
internal_count=458 248 137 95 74 210 77 111 46 42 50
cat_boundaries=0 1
cat_threshold=672204739
is_linear=0
shrinkage=0.01


Tree=481
num_leaves=11
num_cat=0
split_feature=53 38 5 13 67 85 84 22 1 17
split_gain=0.520663 0.728613 0.594909 0.644967 0.338723 0.240722 0.284315 0.193776 0.2914 0.0415758
threshold=0.30000000800000004 6.0142857350000005 0.44119611900000005 0.6363215000000001 20.195001600000001 13.954285755000003 15.030000075000002 1.7857142985000001 0.23047792850000001 0.72234234300000011
decision_type=2 2 2 2 2 2 2 2 2 2
left_child=5 4 3 -3 -2 9 -7 -6 -9 -1
right_child=1 2 -4 -5 7 6 -8 8 -10 -11
leaf_value=-0.0022739129256014209 0.000143840599112486 0.0010328716310608122 0.0010267240189379473 -0.00010565749077701952 -0.00092730138430690764 0.00041633769822600107 -0.00020887478828968999 0.0013279581587625788 -0.0011552403739560633 -0.000893530534314191
leaf_weight=154 33 20 31 30 87 22 39 23 24 20
leaf_count=154 33 20 31 30 87 22 39 23 24 20
internal_value=9.6114e-05 0.000418006 0.00119193 0.000452756 2.68175e-05 -0.000235369 0.000283171 -0.00018546 0.000303347 -0.000429062
internal_weight=483 248 81 50 167 235 61 134 47 174
internal_count=483 248 81 50 167 235 61 134 47 174
is_linear=0
shrinkage=0.01


Tree=482
num_leaves=8
num_cat=0
split_feature=56 16 16 57 5 20 16
split_gain=0.768711 0.439345 0.587388 0.427201 0.725276 0.243646 0.324439
threshold=0.25000000350000007 0.60949717850000018 0.62389669050000007 3.7000000775000008 0.41864207150000005 0.93571428750000007 0.67248635700000015
decision_type=2 2 2 2 2 2 2
left_child=-1 -2 -3 5 -5 -4 -7
right_child=1 2 3 4 -6 6 -8
leaf_value=0.0010301325293524258 -0.0031476190827278033 0.0021917560251164202 -4.7413786375213212e-05 -0.0016170028357491409 0.00027493659627371751 -0.0015599698615680559 2.2606709987158532e-05
leaf_weight=25 136 20 104 32 26 45 69
leaf_count=25 136 20 104 32 26 45 69
internal_value=8.62821e-05 -9.24226e-06 0.000202156 7.22542e-05 0.000833333 -0.0001234 0.000182927
internal_weight=457 432 296 276 58 218 114
internal_count=457 432 296 276 58 218 114
is_linear=0
shrinkage=0.01


Tree=483
num_leaves=11
num_cat=0
split_feature=72 16 16 97 53 53 44 86 97 9
split_gain=0.781007 0.692912 1.41847 0.635594 0.46799 0.811978 0.282236 0.278369 0.179705 0.0264977
threshold=82.650000575000021 0.72522173800000012 0.70921132850000013 26.465459855000002 0.40000000950000009 1.5999999900000001 15.999999800000003 14.749999930000001 27.820630600000005 0.68757800000000013
decision_type=2 2 2 8 2 2 2 2 10 2
left_child=1 2 3 4 -1 -6 8 -5 -2 -3
right_child=6 9 -4 7 5 -7 -8 -9 -10 -11
leaf_value=-0.00014857715797983228 -0.00097766345882278199 -0.000661454589553491 0.00065155925859246365 -0.0021134625970795711 8.4425107768232115e-05 6.2271954127199843e-05 0.00072383859233617759 0.00038258360818823895 0.00077533863416218705 -0.00071320297640057781
leaf_weight=29 164 41 32 61 20 21 20 20 37 20
leaf_count=29 164 41 32 61 20 21 20 20 37 20
internal_value=0.000205023 0.000596405 0.000905876 0.000477602 0.00117232 0.00185407 -0.000218666 -0.000103912 -0.000339445 -0.000299353
internal_weight=465 244 183 151 70 41 221 81 201 61
internal_count=465 244 183 151 70 41 221 81 201 61
is_linear=0
shrinkage=0.01


Tree=484
num_leaves=10
num_cat=0
split_feature=50 25 19 24 97 97 97 15 34
split_gain=1.03398 0.591793 0.697285 0.589107 0.752876 0.221524 0.440801 0.266478 0.152597
threshold=9.8500000200000013 1.9571428465000003 40.900000000000013 1.7000000095000003 26.465459855000002 26.385584430000005 25.560182840000007 0.69850314300000005 6.4785714150000011
decision_type=2 2 2 2 8 8 10 2 2
left_child=-1 2 3 -2 -5 6 7 -4 -3
right_child=1 8 5 4 -6 -7 -8 -9 -10
leaf_value=0.00013286194038794816 -0.0020749136860420386 -0.0026216198288656158 1.4041548398181971e-05 0.0017970242699984649 0.0003085512309872371 -7.5893853147848307e-05 0.00044880101583854291 -0.00050675758482246274 0.00057037415628782059
leaf_weight=38 34 155 20 24 27 63 24 54 20
leaf_count=38 34 155 20 24 27 63 24 54 20
internal_value=0.000214223 6.51967e-05 0.000384927 0.00111305 0.00178571 0 0.000293522 -6.6845e-05 -0.000372583
internal_weight=459 421 246 85 51 161 98 74 175
internal_count=459 421 246 85 51 161 98 74 175
is_linear=0
shrinkage=0.01


Tree=485
num_leaves=10
num_cat=0
split_feature=77 13 96 57 10 30 10 13 18
split_gain=0.616143 0.825993 1.58887 0.585777 0.640923 0.23332 0.18651 0.362235 0.0369895
threshold=-2.3828571194999992 0.61424050850000012 101.22713215000002 3.2000000775000008 0.66350046450000011 2.0571428540000003 0.62325485700000016 0.69278453150000019 0.64601090450000009
decision_type=2 2 2 2 2 2 2 2 2
left_child=8 2 -2 5 -5 -3 -7 -8 -1
right_child=1 3 -4 4 -6 6 7 -9 -10
leaf_value=-0.0028401833612657977 -0.0058830512342241863 0.0002126107559071714 0.0019924400676761475 -0.0023830204805361218 0.0003317114131125813 -0.00061582259043383586 0.00073960980196601856 -6.4820869782615826e-06 -0.004463195849936724
leaf_weight=92 23 37 20 22 28 76 29 108 20
leaf_count=92 23 37 20 22 28 76 29 108 20
internal_value=0.000242431 0.000455206 0.00174658 0.000259308 0.00124016 5.1834e-05 -6.78205e-05 0.000141509 -0.000390071
internal_weight=455 343 43 300 50 250 213 137 112
internal_count=455 343 43 300 50 250 213 137 112
is_linear=0
shrinkage=0.01


Tree=486
num_leaves=11
num_cat=0
split_feature=17 50 12 10 19 17 87 7 85 0
split_gain=0.927897 0.824059 0.622767 0.637033 0.570358 0.632313 0.471323 0.339263 0.223069 0.039407
threshold=0.56319950000000019 10.999999905000001 0.57757257100000003 0.6531102860000001 94.845000000000013 0.61277692900000014 8.7778572355000026 0.54593564300000008 13.387142760000001 0.087499590500000016
decision_type=2 2 2 2 2 2 2 2 2 2
left_child=-1 4 -3 9 5 -2 7 -5 -7 -4
right_child=1 2 3 6 -6 8 -8 -9 -10 -11
leaf_value=-0.0043672166012933278 0.00052048265559061528 0.0025192947106897944 -0.0022546843680066688 0.00031359048464600761 0.0012339484557609868 4.9277504101738281e-05 0.0014469847992675117 -0.00020421455115813978 -1.2409728376018517e-05 -6.8608217308342508e-05
leaf_weight=139 20 20 20 24 20 28 31 38 26 118
leaf_count=139 20 20 20 24 20 28 31 38 26 118
internal_value=0.00019802 0.0004786 0.000168785 1.0785e-05 0.00127637 0.000815508 0.00065565 0.000111465 0.00020073 -0.000410663
internal_weight=484 345 251 231 94 74 93 62 54 138
internal_count=484 345 251 231 94 74 93 62 54 138
is_linear=0
shrinkage=0.01


Tree=487
num_leaves=9
num_cat=0
split_feature=67 50 9 76 11 3 14 48
split_gain=0.526217 0.602 0.902102 0.370601 0.409831 0.726808 0.343499 0.0437724
threshold=20.195001600000001 9.8500000200000013 0.65180617500000004 90.715001105000013 0.67424450000000002 0.39936442850000003 0.61045671450000005 6.1999999655000009
decision_type=2 2 2 2 2 2 2 2
left_child=-1 2 -2 7 6 -6 -5 -3
right_child=1 3 -4 4 5 -7 -8 -9
leaf_value=0.00010289080473412794 0.00033886859673618855 -0.00068132307962717536 -8.8483326876292584e-06 0.0014765043065084749 0.0015070913802202935 -0.0043738753080821832 -0.00057125226468184649 1.2303272017612845e-05
leaf_weight=33 23 216 21 30 26 20 86 20
leaf_count=33 23 216 21 30 26 20 86 20
internal_value=2.2068e-05 -6.54924e-05 0.00102679 -0.000193079 0.000165848 0.000961538 -0.000136986 -0.000447635
internal_weight=475 442 44 398 162 46 116 236
internal_count=475 442 44 398 162 46 116 236
is_linear=0
shrinkage=0.01


Tree=488
num_leaves=11
num_cat=0
split_feature=50 17 19 15 50 15 96 78 85 30
split_gain=0.629418 0.4541 0.560207 0.585846 0.269427 0.411387 0.174666 0.146075 0.131078 0.043499
threshold=10.999999905000001 0.5752892140000001 55.565000000000005 0.72758228550000015 22.350000105000003 0.6786632855000001 131.61942115000002 7.765714237000001 14.099285565000002 2.6857142875000002
decision_type=2 2 2 2 2 2 2 2 2 2
left_child=1 -1 7 -4 6 -6 8 -3 9 -2
right_child=4 2 3 -5 5 -7 -8 -9 -10 -11
leaf_value=-0.0062987233155560006 -0.00098776055674238273 8.0138770768375283e-05 0.0010297371806326692 1.787429380555434e-05 -0.0029741592592098616 0.00010553515575151379 0.00017789022196208675 -1.7598832510267466e-05 0.00035402377835303992 -1.4169800168968346e-05
leaf_weight=25 206 22 26 20 37 24 31 20 22 20
leaf_count=25 206 22 26 20 37 24 31 20 22 20
internal_value=6.94137e-05 0.000716169 0.00105856 0.00181624 -0.000140845 0.000444984 -0.000276984 0.000163551 -0.000369775 -0.000445326
internal_weight=453 113 88 46 340 61 279 42 248 226
internal_count=453 113 88 46 340 61 279 42 248 226
is_linear=0
shrinkage=0.01


Tree=489
num_leaves=9
num_cat=0
split_feature=16 96 13 19 86 30 19 1
split_gain=0.644771 0.631199 0.640115 0.310658 0.620868 0.383916 0.411796 0.087495
threshold=0.58913064300000018 73.069060915000009 0.61424050850000012 99.285000000000011 14.272142890000003 2.2428571585000001 39.945000000000007 0.25235721450000009
decision_type=2 2 2 2 2 2 2 2
left_child=-1 -2 -3 5 7 -4 -7 -5
right_child=1 2 3 4 -6 6 -8 -9
leaf_value=-0.0056479007351555536 0.0012573750171827054 0.0012024965196122043 -0.0016926240031081353 5.501956232833475e-06 0.0003823981889314028 0.00015622914911148948 -4.600067136434272e-05 -0.00012390293319282253
leaf_weight=110 29 32 119 20 37 42 46 32
leaf_count=110 29 32 119 20 37 42 46 32
internal_value=0.000180633 0.000389882 0.000255474 0.000101078 0.000595768 -0.000103465 0.000382883 -7.57577e-05
internal_weight=467 357 328 296 89 207 88 52
internal_count=467 357 328 296 89 207 88 52
is_linear=0
shrinkage=0.01


Tree=490
num_leaves=9
num_cat=0
split_feature=36 2 2 17 6 76 53 69
split_gain=1.1218 1.01034 0.347334 0.322304 0.305346 0.161708 0.161998 0.31514
threshold=4.7499999830000013 0.31432811900000007 0.35287071450000002 0.56763350000000012 0.5456963855000001 94.379999165000001 0.50000001100000013 18.429999825000003
decision_type=2 2 2 2 2 2 2 2
left_child=3 -2 -3 -1 5 6 -5 -8
right_child=1 2 -4 4 -6 -7 7 -9
leaf_value=-0.0043756146724908546 0.00041430888761158634 -9.9811897539433709e-05 3.1128346457520656e-05 -0.0023284227516098123 0.00011291635244161698 0.00086011392323662259 0.00035048897994549631 -0.00054728373615002806
leaf_weight=129 36 30 22 72 21 32 44 82
leaf_count=129 36 30 22 72 21 32 44 82
internal_value=0.00015785 0.00117117 0.000227273 -7.35295e-05 0.000129071 1.29981e-05 -8.55132e-05 0.000118296
internal_weight=468 88 52 380 251 230 198 126
internal_count=468 88 52 380 251 230 198 126
is_linear=0
shrinkage=0.01


Tree=491
num_leaves=9
num_cat=0
split_feature=44 56 85 17 23 19 70 53
split_gain=0.813543 0.592869 0.461429 0.331691 0.710495 0.160638 0.133547 0.0773679
threshold=15.949999745000001 0.25000000350000007 14.003571650000003 0.68431400000000009 1.8142857125000003 40.900000000000013 70.145000935000013 1.7000000140000002
decision_type=2 2 2 2 2 2 2 2
left_child=1 -1 3 6 5 -5 7 -3
right_child=-2 2 -4 4 -6 -7 -8 -9
leaf_value=0.00113199939820932 0.00055665163624880594 -0.0023590658363018919 0.0003809570288737972 5.5865074223485717e-06 0.00078061233824663163 -0.00023524222619412388 0.0005208070248722208 -0.0012137902984458652
leaf_weight=22 23 204 38 31 33 62 20 41
leaf_count=22 23 204 38 31 33 62 20 41
internal_value=0.000149537 4.98007e-05 -2.90834e-05 -0.000136549 0.000276025 -0.000154584 -0.000340482 -0.000408869
internal_weight=474 451 429 391 126 93 265 245
internal_count=474 451 429 391 126 93 265 245
is_linear=0
shrinkage=0.01


Tree=492
num_leaves=13
num_cat=0
split_feature=96 7 5 17 53 4 35 22 21 7 1 0
split_gain=0.647555 0.570995 0.563367 0.462395 0.771395 0.471131 0.483791 0.161921 0.245229 0.0421972 0.0231242 0.0158575
threshold=131.19284590000004 0.56553542850000016 0.42560378550000005 0.56340721400000005 0.89999998350000021 0.42229839050000006 3.9285714800000004 1.8428571305000003 2.3214285460000004 0.5519651430000001 0.29363107150000006 0.12681091700000002
decision_type=2 2 2 2 2 2 2 2 2 2 2 2
left_child=2 -2 7 10 5 6 -5 9 -9 -1 -4 -6
right_child=1 -3 3 4 11 -7 -8 8 -10 -11 -12 -13
leaf_value=-0.0022093973880492148 0.00041837731144708497 -6.6513858158750963e-06 -0.00070345248572281573 9.4125937629633099e-05 -0.00017134899389144664 0.00030048946251735008 0.00046818155341121634 0.00096357203584694715 -0.0041920771427457091 9.2829087451801187e-05 -0.0024074111786345086 -0.00067285728071802067
leaf_weight=168 36 24 33 25 21 24 20 28 31 20 20 20
leaf_count=168 36 24 33 25 21 24 20 28 31 20 20 20
internal_value=0.000155055 0.00111842 7.3027e-06 0.000467033 0.00083935 0.00148281 0.00208515 -0.000288539 0.00014214 -0.000434322 -0.000269517 -0.000203349
internal_weight=470 60 410 163 110 69 45 247 59 188 53 41
internal_count=470 60 410 163 110 69 45 247 59 188 53 41
is_linear=0
shrinkage=0.01


Tree=493
num_leaves=11
num_cat=1
split_feature=99 17 44 46 4 86 48 17 3 89
split_gain=0.945166 1.02076 0.696865 0.490651 0.790765 0.349669 0.144695 0.270585 0.184766 0.100759
threshold=0 0.56319950000000019 11.400000185000001 0.25000000750000007 0.38973735700000006 12.582857265000001 4.0999999530000011 0.65311300000000017 0.32298254800000009 19.713571205000004
decision_type=1 2 2 2 2 2 2 2 2 2
left_child=1 -1 -3 5 -5 -2 9 -8 -9 -7
right_child=3 2 -4 4 -6 6 7 8 -10 -11
leaf_value=-0.0072743175601453023 0.00024582062288305124 3.5701927001262843e-05 0.0009554978450814945 0.00045979790366024799 -8.76986557196419e-05 -0.0011656176568966834 -0.0018245768007824007 1.3442710767535281e-05 0.00010781443463623791 0.0027647136371933695
leaf_weight=35 26 31 34 32 25 177 42 20 20 31
leaf_count=35 26 31 34 32 25 177 42 20 20 31
internal_value=0.000256437 0.00106498 0.00190729 3.90817e-06 0.000856401 -0.000145202 -0.000251032 8.45409e-05 0.000686274 -0.00039272
internal_weight=473 100 65 373 57 316 290 82 40 208
internal_count=473 100 65 373 57 316 290 82 40 208
cat_boundaries=0 1
cat_threshold=35947020
is_linear=0
shrinkage=0.01


Tree=494
num_leaves=13
num_cat=0
split_feature=68 97 73 97 87 87 2 2 49 29 6 1
split_gain=0.586728 0.545042 0.90224 1.43312 0.586034 0.318752 0.216969 0.507214 0.126765 0.0935236 0.0525637 0.0615385
threshold=2.9399995805000003 26.397590145000006 44.599998475000007 22.965626150000002 8.8014286925000018 8.5914286205000021 0.26596464300000006 0.24441390500000001 23.999999830000004 3.6571428865000004 0.4629158570000001 0.25807064250000006
decision_type=2 8 2 10 2 2 2 2 2 2 2 2
left_child=1 2 9 5 -5 -4 7 -3 -2 -1 11 -8
right_child=8 6 3 4 -6 -7 10 -9 -10 -11 -12 -13
leaf_value=-0.0011706180534849368 -0.0048401556209713053 -0.0023336398675933854 1.9680216472602804e-05 4.3809224928783092e-05 0.00048048835098733652 -0.001694723376552913 -0.003156802266507463 0.0021761619234461679 4.243839278564759e-05 1.85436294319471e-05 -1.2240329660603909e-05 0.00034066057068754259
leaf_weight=40 124 24 39 21 20 26 20 22 23 21 63 20
leaf_count=40 124 24 39 21 20 26 20 22 23 21 63 20
internal_value=0.000164942 0.000410353 0.000801549 0.00135768 0.002811 0.000387538 -1.6689e-05 0.000534188 -0.000348444 -0.000137541 -0.000284201 0
internal_weight=463 316 167 106 41 65 149 46 147 61 103 40
internal_count=463 316 167 106 41 65 149 46 147 61 103 40
is_linear=0
shrinkage=0.01


Tree=495
num_leaves=11
num_cat=0
split_feature=16 16 96 52 64 16 15 16 7 1
split_gain=0.653714 1.39861 0.594792 0.386072 0.263765 0.461181 0.243767 0.457227 0.152597 0.0180012
threshold=0.67248635700000015 0.68154645200000008 95.400250690000021 21.649999845000004 1.9850001335 0.59343418550000016 0.7266769525000002 0.70310621400000006 0.42753969050000007 0.26813975000000007
decision_type=2 2 2 2 2 2 2 2 2 2
left_child=4 -2 -3 6 8 9 7 -4 -1 -6
right_child=1 2 3 -5 5 -7 -8 -9 -10 -11
leaf_value=3.840242704414562e-05 0.0011166667983826912 0.0004964747272062889 -0.001956302774530367 0.00015111547498724675 -0.0060878190150581305 0.0016298082859535876 -0.00032103123464265936 0.00017265998482401398 -0.0029631014856812471 -0.0019050316075635563
leaf_weight=20 22 33 36 20 24 24 84 35 155 20
leaf_count=20 22 33 36 20 24 24 84 35 155 20
internal_value=0.000193119 0.000576256 0.000306513 5.97268e-05 -0.000162018 0.000348837 -9.94866e-05 0.00031337 -0.000372583 -0.000223214
internal_weight=473 230 208 175 243 68 155 71 175 44
internal_count=473 230 208 175 243 68 155 71 175 44
is_linear=0
shrinkage=0.01


Tree=496
num_leaves=12
num_cat=0
split_feature=17 41 5 0 51 68 1 33 44 17 83
split_gain=0.94043 0.782198 0.880116 1.30164 1.38442 0.664655 0.839566 0.592609 0.284295 0.225898 0.129779
threshold=0.56319950000000019 9.2000001220000023 0.42560378550000005 0.31458908350000009 21.349999810000003 1.1549997330000001 0.26147050000000005 4.157142963000001 12.800000015000002 0.73236200000000007 6.567857129000001
decision_type=2 2 2 2 2 2 2 2 2 2 2
left_child=10 2 5 4 7 6 -2 -4 -7 -3 -1
right_child=1 9 3 -5 -6 8 -8 -9 -10 -11 -12
leaf_value=-0.0054312657001417599 0.00083985848151726158 -0.00078858011879751316 -1.0349344023406882e-06 -0.0020149831023939524 0.0004475804354355645 -0.0022108120725190792 -0.00051802812044941663 0.00022074708755206538 0.00056251378302142683 0.0016066229402474678 2.7759011214919187e-05
leaf_weight=112 30 64 21 22 24 65 25 33 20 24 22
leaf_count=112 30 64 21 22 24 65 25 33 20 24 22
internal_value=0.000360847 0.000650851 0.000946844 0.00166667 0.00227157 0.000411932 0.00126344 0.00129562 -0.000122378 -0.000135135 -0.000333828
internal_weight=462 328 240 100 78 140 55 54 85 88 134
internal_count=462 328 240 100 78 140 55 54 85 88 134
is_linear=0
shrinkage=0.01


Tree=497
num_leaves=11
num_cat=0
split_feature=34 15 15 69 1 15 6 53 53 26
split_gain=0.865518 1.14732 0.632489 0.570361 0.614615 0.886419 0.505394 0.122488 0.0995483 0.0412781
threshold=5.6357142925000003 0.72758228550000015 0.71344571400000012 17.040000435000003 0.24846817850000003 0.66625250000000014 0.57262616650000009 2.8000000010000003 1.1000000085000001 2.4714285735000003
decision_type=2 2 2 2 2 2 2 2 2 2
left_child=1 2 3 4 -1 -6 8 -3 9 -2
right_child=6 7 -4 -5 5 -7 -8 -9 -10 -11
leaf_value=0.001047960083657221 -0.0020642140716542906 -0.00062329159211373792 0.00081902819742652876 -0.0028259202987284122 0.00027624399992569001 -8.5474855127306522e-06 7.8862537757914633e-05 1.2624653033810217e-05 0.0040422862122007864 -0.00076871416569424368
leaf_weight=24 148 64 28 36 23 54 21 20 26 20
leaf_count=24 148 64 28 36 23 54 21 20 26 20
internal_value=0.000292599 0.000694556 0.00117913 0.000867199 0.00125246 0.000764781 -0.000164504 -0.000235849 -0.000333676 -0.00042654
internal_weight=464 249 165 137 101 77 215 84 194 168
internal_count=464 249 165 137 101 77 215 84 194 168
is_linear=0
shrinkage=0.01


Tree=498
num_leaves=12
num_cat=0
split_feature=5 44 7 20 17 9 44 50 9 54 2
split_gain=0.722552 1.36546 1.00751 0.437251 0.854725 0.553098 0.394173 0.185839 0.118401 0.112101 0.0231242
threshold=0.43466569050000009 12.700000025000003 0.55824983950000007 0.91428572350000004 0.65440178550000005 0.59954969150000015 3.6999999880000005 10.899999970000001 0.50185125000000019 11.000000150000002 0.26398846450000008
decision_type=2 2 2 2 2 2 2 2 2 2 2
left_child=3 2 -2 8 10 -6 -4 -8 -1 -10 -5
right_child=1 -3 6 4 5 -7 7 -9 9 -11 -12
leaf_value=0.0004377020737660853 0.00031789282738902335 0.00036151197832235289 0.00015575037801480353 -0.0055202767605880354 0.00059738226136713489 0.0010116598939288635 7.6959745599657528e-05 -0.00021267606063060342 -0.0016733133947262324 -0.00015709912277644047 -0.0015067606561244879
leaf_weight=20 30 25 21 20 21 20 30 80 151 27 33
leaf_count=20 30 25 21 20 21 20 30 80 151 27 33
internal_value=0.000290309 0.000776231 0.000417182 -1.36613e-05 0.000537975 0.00161483 1.8968e-05 -0.000207581 -0.00028672 -0.00037472 -0.000269517
internal_weight=478 186 161 292 94 41 131 110 198 178 53
internal_count=478 186 161 292 94 41 131 110 198 178 53
is_linear=0
shrinkage=0.01


Tree=499
num_leaves=10
num_cat=0
split_feature=83 44 44 11 97 38 44 71 0
split_gain=0.718228 0.5533 0.604649 0.449121 0.413593 0.309636 0.148783 0.0411212 0.0193925
threshold=5.4407142420000012 7.9999998955000011 12.700000025000003 0.66858692900000016 21.282388280000003 6.2785714015000007 8.3999999465000013 66.634999275000027 0.27487510400000004
decision_type=2 2 2 2 8 2 2 2 2
left_child=1 -1 4 -4 -3 6 -6 -2 -7
right_child=7 2 3 -5 5 8 -8 -9 -10
leaf_value=0.00079375267564781124 -0.00480613550974984 5.8293628125744532e-05 0.00026813716071142572 0.00029554983595269805 0.00034826980073189502 3.8419579275731562e-05 -0.00068956437977504327 -0.00083741302454717751 2.1125813453284992e-05
leaf_weight=31 145 20 26 25 20 24 134 20 20
leaf_count=31 145 20 26 25 20 24 134 20 20
internal_value=9.76813e-05 0.000392287 0.000235359 0.00120656 0 -0.000135815 -0.000355297 -0.000425211 0.000580357
internal_weight=465 300 269 51 218 198 154 165 44
internal_count=465 300 269 51 218 198 154 165 44
is_linear=0
shrinkage=0.01


Tree=500
num_leaves=11
num_cat=0
split_feature=51 44 52 23 65 43 14 18 2 26
split_gain=0.638865 0.441063 0.543599 0.617362 0.223382 0.241897 0.515789 0.177676 0.217942 0.118265
threshold=0.89999999850000012 12.700000025000003 18.700000035000006 1.8142857295000001 40.894999980000009 13.250000050000002 0.69206594050000014 0.70722607100000012 0.34578178550000011 2.4785714150000007
decision_type=2 2 2 2 2 2 2 2 2 2
left_child=4 2 7 -4 -1 -6 -7 8 9 -2
right_child=1 -3 3 -5 5 6 -8 -9 -10 -11
leaf_value=-0.0021649632724955142 -0.00069830523358353953 0.00068435041329636243 0.00053079631679189951 1.2165353448424677e-05 -0.0028775279091926764 -0.0017859267388616981 0.00022550306423098319 0.0010319102033014939 0.00012340139572403054 -0.00025054785590024261
leaf_weight=142 94 39 23 29 38 33 20 20 22 23
leaf_count=142 94 39 23 29 38 33 20 20 22 23
internal_value=0.000137453 0.000490431 0.00029509 0.00117424 -0.000233105 0.000136165 0.000585502 0 -0.000125179 -0.000309847
internal_weight=483 250 211 52 233 91 53 159 139 117
internal_count=483 250 211 52 233 91 53 159 139 117
is_linear=0
shrinkage=0.01


Tree=501
num_leaves=11
num_cat=0
split_feature=56 17 15 17 10 18 15 6 43 11
split_gain=0.749436 0.440691 0.784537 1.11865 0.843755 0.77913 0.541302 0.374371 0.122994 0.0354589
threshold=0.25000000350000007 0.56340721400000005 0.72889664300000012 0.68161828600000007 0.62570685700000006 0.53550523800000016 0.61609792850000011 0.41378135750000006 16.849999785000005 0.7296621430000001
decision_type=2 2 2 2 2 2 2 2 2 2
left_child=-1 8 3 5 7 -3 -7 -5 -2 -4
right_child=1 2 9 4 -6 6 -8 -9 -10 -11
leaf_value=0.00068954336141072744 -0.0061615821726132393 0.00032321742195488812 -0.00022808641293457798 0.0018672114893173231 0.0009490493918303378 0.00053101396754981207 -0.00054081961578878607 -1.3454063454392201e-05 0.00010660407783228746 -3.4218113822379654e-06
leaf_weight=29 109 24 80 20 22 29 111 22 23 20
leaf_count=29 109 24 80 20 22 29 111 22 23 20
internal_value=0.000252144 0.000147569 0.000346715 0.000673077 0.00179012 0.000218446 -5.68183e-05 0.000864486 -0.000331325 -0.000376984
internal_weight=489 460 328 228 64 164 140 42 132 100
internal_count=489 460 328 228 64 164 140 42 132 100
is_linear=0
shrinkage=0.01


Tree=502
num_leaves=10
num_cat=0
split_feature=44 97 17 87 23 48 85 19 14
split_gain=0.59413 0.588084 0.89875 0.468168 0.80497 0.313051 0.191143 0.11004 0.0442333
threshold=15.949999745000001 29.140435005000004 0.65092185750000009 8.4378571510000011 1.8142857125000003 6.6499999610000007 14.003571650000003 39.240000000000002 0.76021457150000005
decision_type=2 10 2 2 2 2 2 2 2
left_child=1 3 6 4 7 8 -3 -1 -5
right_child=-2 2 -4 5 -6 -7 -8 -9 -10
leaf_value=0.0001545117675902724 0.00062575286778972553 -0.0027870930851072481 0.0010621520815956851 -0.0018364717951320022 0.00010211884891182137 7.0163711507080913e-05 0.00037563036340901697 -0.00020289672061948527 -3.0470540729685397e-06
leaf_weight=20 21 29 22 235 36 22 21 49 20
leaf_count=20 21 29 22 235 36 22 21 49 20
internal_value=0.000106137 2.41863e-05 0.000851648 -0.000128004 0.000430057 -0.000347372 5.9055e-05 -0.000179083 -0.000451525
internal_weight=475 454 72 382 105 277 50 69 255
internal_count=475 454 72 382 105 277 50 69 255
is_linear=0
shrinkage=0.01


Tree=503
num_leaves=12
num_cat=0
split_feature=16 65 80 54 4 1 7 27 18 23 0
split_gain=0.505136 0.559599 0.525729 0.271062 0.179542 0.436308 0.542986 0.184984 0.128054 0.126323 0.015083
threshold=0.59343418550000016 40.894999980000009 5.6364286205000012 11.000000150000002 0.34757885750000006 0.25887092900000003 0.5706775715000002 4.0571428540000012 0.66790017350000008 1.9285714375000003 0.20795437500000002
decision_type=2 2 2 2 2 2 2 2 2 2 2
left_child=-1 4 3 -3 8 6 -6 9 -2 -7 -10
right_child=1 2 -4 -5 5 7 -8 -9 10 -11 -12
leaf_value=-0.0056422712188255644 -0.00043637224149655222 -0.0015691979188778738 0.00091542499802898245 5.7806485874183648e-05 0.00042139507906137656 -0.00010366743052468143 -1.3654879536241574e-05 0.00088848985684613258 -0.0010126374427693252 3.5203453351661789e-05 4.5646267207600579e-05
leaf_weight=121 78 21 24 23 20 70 20 34 20 20 20
leaf_count=121 78 21 24 23 20 70 20 34 20 20 20
internal_value=6.8885e-05 0.000265108 0.00107558 0.000357143 6.0113e-05 0.000279126 0.00117647 -1.18445e-10 -0.000227273 -0.000253304 0.000196078
internal_weight=471 350 68 44 282 164 40 124 118 90 40
internal_count=471 350 68 44 282 164 40 124 118 90 40
is_linear=0
shrinkage=0.01


Tree=504
num_leaves=10
num_cat=1
split_feature=99 0 55 10 5 65 97 41 51
split_gain=0.88028 0.651881 1.07113 0.912639 0.264596 0.226705 0.188688 0.329724 0.305324
threshold=0 0.12681091700000002 2.6000000125000002 0.5781122860000002 0.43647588100000007 35.244999410000013 25.784041450000004 8.7000001410000021 25.450000005000003
decision_type=1 2 2 2 2 2 10 2 2
left_child=6 4 3 -3 -2 -5 -1 8 -8
right_child=1 2 -4 5 -6 -7 7 -9 -10
leaf_value=-0.0018695782619809144 -0.0012719595876737133 0.0006270247744928878 0.00072596189821925474 0.00044547679010069238 0.00019254362200339382 -0.0017053445095443127 -0.0024364424146744398 0.00016525712302818129 0.00039895705872545443
leaf_weight=137 53 20 39 22 20 49 83 23 20
leaf_count=137 53 20 39 22 20 49 83 23 20
internal_value=0.000160668 0.000638447 0.00109327 0.000462963 -6.09757e-05 -4.87466e-05 -0.000217312 3.94321e-05 -0.000187861
internal_weight=466 203 130 91 73 71 263 126 103
internal_count=466 203 130 91 73 71 263 126 103
cat_boundaries=0 1
cat_threshold=8461467
is_linear=0
shrinkage=0.01


Tree=505
num_leaves=11
num_cat=0
split_feature=50 60 51 21 3 26 33 44 35 0
split_gain=0.782905 1.43468 0.383752 0.378762 0.459697 0.573372 0.180463 0.178648 0.111033 0.0433828
threshold=11.200000095000002 2.1500005720000002 25.450000005000003 2.6214285750000004 0.35973842850000004 2.2357142865000008 4.4857142650000013 15.600000030000002 3.9571429150000004 0.27402272900000008
decision_type=2 2 2 2 2 2 2 2 2 2
left_child=1 -1 7 4 6 -6 9 8 -3 -2
right_child=3 2 -4 -5 5 -7 -8 -9 -10 -11
leaf_value=0.00032563903986885465 -0.0016257734968912899 -0.0027713995399479712 0.00020276771327640804 1.2058212213728099e-05 0.00050086917223909834 -2.351547395570176e-05 9.8210531925166142e-05 0.00016105167385095347 0.00011082325937103427 5.7418285247549939e-06
leaf_weight=20 202 50 31 22 25 35 35 20 20 20
leaf_count=20 202 50 31 22 25 35 35 20 20 20
internal_value=0.000203827 0.000828632 0.000389983 -5.1501e-05 -0.000146319 0.000625 -0.000335532 3.30395e-05 -0.000183616 -0.000444345
internal_weight=480 141 121 339 317 60 257 90 70 222
internal_count=480 141 121 339 317 60 257 90 70 222
is_linear=0
shrinkage=0.01


Tree=506
num_leaves=11
num_cat=0
split_feature=50 9 97 6 51 87 97 17 59 9
split_gain=1.02549 0.514744 0.500671 0.625499 0.942301 0.429354 0.191897 0.170108 0.131214 0.0421558
threshold=9.8500000200000013 0.64486007500000009 23.973633205000002 0.48547450000000009 2.0999999825000004 8.350000041000003 26.639255725000002 0.68072900000000003 2.1849999425000006 0.50185125000000019
decision_type=2 2 10 2 2 2 10 2 2 2
left_child=1 -1 8 5 -5 -4 -6 -7 9 -2
right_child=2 -3 3 4 6 7 -8 -9 -10 -11
leaf_value=0.00037242250134464057 -0.0048570856827448838 1.6246001287209526e-05 0.0001910589443169494 0.00025645383958306731 0.0002431093400515047 -0.0027520547194179374 -0.00022919261030500328 0.00066240697110174181 1.2313629355186393e-05 -0.0016565363500852842
leaf_weight=20 20 20 21 29 20 96 25 34 21 167
leaf_count=20 20 20 21 29 20 96 25 34 21 167
internal_value=0.000150907 0.00166667 3.4577e-06 0.000334367 0.00108289 -2.30568e-05 0.000120087 -0.000252294 -0.000344828 -0.000433972
internal_weight=473 40 433 225 74 151 45 130 208 187
internal_count=473 40 433 225 74 151 45 130 208 187
is_linear=0
shrinkage=0.01


Tree=507
num_leaves=13
num_cat=0
split_feature=4 96 96 50 0 44 19 44 28 2 0 6
split_gain=0.741214 0.848875 0.941005 1.03178 1.1425 1.06042 0.410961 0.36973 0.121775 0.117272 0.038503 0.0354589
threshold=0.32095100000000004 73.069060915000009 94.801848145000022 11.200000095000002 0.26401193750000002 13.899999820000001 69.715000000000018 9.5999999415000019 4.0714285880000007 0.33170666650000008 0.063424395500000008 0.55223403550000005
decision_type=2 2 2 2 2 2 2 2 2 2 2 2
left_child=8 -2 11 4 5 -4 7 -5 10 -8 -1 -3
right_child=1 2 3 6 -6 -7 9 -9 -10 -11 -12 -13
leaf_value=-0.001911307231261685 0.00071338957510259232 -0.0039071063268784866 0.0008207396132042991 0.00051929269576476609 -0.00035846504495646838 0.00013646847630048155 -0.00082561306726356223 -0.0010873378458008864 0.00047881884420690414 1.6429674503778621e-05 -0.0020140023484828485 6.0528352458268931e-05
leaf_weight=20 28 80 29 25 24 22 57 21 20 20 107 20
leaf_count=20 28 80 29 25 24 22 57 21 20 20 107 20
internal_value=0.000298649 0.000566095 0.00039826 0.000799799 0.00172164 0.00255791 0.000214055 0.000961538 -0.000280785 -0.000212082 -0.000402974 -0.000376984
internal_weight=473 326 298 198 75 51 123 46 147 77 127 100
internal_count=473 326 298 198 75 51 123 46 147 77 127 100
is_linear=0
shrinkage=0.01


Tree=508
num_leaves=11
num_cat=0
split_feature=18 2 22 55 62 80 75 8 22 2
split_gain=0.582509 0.908409 0.808974 0.700594 1.72345 0.53334 0.426365 0.374776 0.330779 0.0261223
threshold=0.63515595200000019 0.28476309500000002 1.8142857125000003 2.6000000125000002 0.045000076500000007 5.3135713765000006 68.504999160000011 0.62293923800000017 1.7071428470000003 0.26114570450000008
decision_type=2 2 2 2 2 2 2 2 2 2
left_child=1 -1 5 6 -5 9 -3 -8 -7 -2
right_child=2 3 -4 4 -6 8 7 -9 -10 -11
leaf_value=-0.0031264090801456472 -0.00055018178653506468 -0.0016488588846013184 0.0015321137295465099 -4.755988292396488e-05 0.00032480082938717822 0.00048304350154674164 0.0003271377672694386 8.0737459858417252e-05 0.002150942093754511 -0.0021300809318531601
leaf_weight=166 20 57 38 26 20 23 20 33 34 40
leaf_count=166 20 57 38 26 20 23 20 33 34 40
internal_value=0.000271034 2.16851e-05 0.000773427 0.000573979 0.00160256 0.000335314 0.000117328 0.000771375 0.00102941 -0.000296053
internal_weight=477 322 155 156 46 117 110 53 57 60
internal_count=477 322 155 156 46 117 110 53 57 60
is_linear=0
shrinkage=0.01


Tree=509
num_leaves=11
num_cat=0
split_feature=16 16 6 14 60 10 87 60 0 1
split_gain=0.572005 0.979621 0.782073 0.782362 0.290692 0.140526 0.100191 0.0425877 0.033148 0.0199046
threshold=0.67720392850000011 0.71469892850000016 0.47562464300000001 0.68207364300000017 2.5050001145000005 0.48809821400000003 8.6792856970000027 8.074999809000003 0.28231254200000006 0.26147050000000005
decision_type=2 2 2 2 2 2 2 2 2 2
left_child=4 2 3 -2 -1 -6 8 -7 -3 -5
right_child=1 6 -4 9 5 7 -8 -9 -10 -11
leaf_value=0.00029583631355435767 0.001765638856417943 -0.00013515576516338537 0.00020202922001757588 -0.00083364608453728901 0.00050296549571289149 -0.0029330672101272677 0.0012030637964584152 -0.002178208843967092 -7.0003545078937688e-05 -0.00043271083556766231
leaf_weight=20 23 66 38 27 20 178 20 20 20 20
leaf_count=20 23 66 38 27 20 178 20 20 20 20
internal_value=9.27561e-05 0.000470205 0.00113971 0.000466102 -0.000238694 -0.00035192 -0.000196629 -0.000437626 -0.000357143 -0.000240586
internal_weight=452 214 108 70 238 218 106 198 86 47
internal_count=452 214 108 70 238 218 106 198 86 47
is_linear=0
shrinkage=0.01


Tree=510
num_leaves=10
num_cat=0
split_feature=56 37 18 2 44 1 89 98 5
split_gain=0.731687 0.532816 0.421354 1.18475 0.318237 0.460881 0.203482 0.146903 0.0908624
threshold=0.25000000350000007 5.414285694000001 0.68323078550000005 0.2567187855000001 12.700000025000003 0.24242300000000003 19.809285570000004 26.641877765000004 0.40548353550000005
decision_type=2 2 2 2 2 2 2 10 2
left_child=-1 2 4 -4 6 -6 7 -2 -5
right_child=1 -3 3 8 5 -7 -8 -9 -10
leaf_value=0.00093290563371862579 -0.0019500975671178917 5.0009460316689864e-05 0.0020862472879837886 1.474795447079195e-05 -0.002333826801450964 0.00066050075154134918 0.00038869816829682075 5.1473651244428671e-05 -0.00018840001542304329
leaf_weight=24 240 23 21 20 20 22 28 20 34
leaf_count=24 240 23 21 20 20 22 28 20 34
internal_value=0.000181095 7.92909e-05 -1.23225e-06 0.000666227 -0.000160218 0.000630841 -0.000283934 -0.000375767 -9.1241e-05
internal_weight=452 428 405 75 330 42 288 260 54
internal_count=452 428 405 75 330 42 288 260 54
is_linear=0
shrinkage=0.01


Tree=511
num_leaves=11
num_cat=0
split_feature=56 50 60 60 0 97 97 17 25 7
split_gain=0.910064 0.848979 0.681404 0.390049 0.588943 0.357148 0.487302 0.178247 0.4348 0.142221
threshold=0.25000000350000007 11.149999985000003 6.1799998285000006 1.7350001335000003 0.1237999795 26.304769825000005 21.979449495000004 0.62259057150000008 1.9999999825000001 0.48066728550000004
decision_type=2 2 2 2 2 10 10 2 2 2
left_child=-1 2 5 4 -3 6 -2 -5 9 -9
right_child=1 3 -4 7 -6 -7 -8 8 -10 -11
leaf_value=0.00082684109578811868 3.6599058569567822e-05 -0.0010938776327193325 -0.0018555379340438824 -0.0023840309391926656 0.0005188698512573421 4.5720602850649225e-05 0.00067066133676503103 4.6114238005559948e-05 0.00083627368389676768 -0.00095242180059065264
leaf_weight=26 32 22 37 151 25 23 21 37 20 79
leaf_count=26 32 22 37 151 25 23 21 37 20 79
internal_value=0.000256437 0.000144037 0.000891916 -0.00010454 0.000721757 0.00143229 0.00188662 -0.000248437 0 -0.000222603
internal_weight=473 447 113 334 47 76 53 287 136 116
internal_count=473 447 113 334 47 76 53 287 136 116
is_linear=0
shrinkage=0.01


Tree=512
num_leaves=11
num_cat=0
split_feature=4 97 51 7 86 10 37 81 4 4
split_gain=0.941871 1.19072 1.13525 0.990165 0.509515 0.21236 0.195577 0.143797 0.108379 1.01842
threshold=0.37817383350000006 22.200154955000006 1.9000000245000004 0.55995945250000012 12.582857265000001 0.51216585700000017 5.2571427820000007 9.4357143130000019 0.32941557150000006 0.33806902850000004
decision_type=2 8 2 2 2 2 2 2 2 2
left_child=4 7 -3 -4 -1 -6 -5 -2 -7 -10
right_child=1 2 3 6 5 8 -8 -9 9 -11
leaf_value=0.00013962863824324833 -0.0022427300997569432 0.00063234566515731516 0.00010301298111509139 -0.00021359087235147461 0.0018500830320147812 -0.0018849970714923539 0.00028938295162753993 3.5570323824560577e-05 0.0013027996005854688 -0.00073767627459473924
leaf_weight=27 42 20 20 26 37 130 20 29 26 116
leaf_count=27 42 20 20 26 37 130 20 29 26 116
internal_value=0.000246051 0.00088403 0.00167051 0.000973054 -4.75061e-05 -0.000169464 0.000106837 -4.87466e-05 -0.000271261 -6.30253e-05
internal_weight=493 157 86 66 336 309 46 71 272 142
internal_count=493 157 86 66 336 309 46 71 272 142
is_linear=0
shrinkage=0.01


Tree=513
num_leaves=15
num_cat=0
split_feature=44 34 15 10 1 24 67 14 36 65 15 7 68 1
split_gain=0.853477 0.740361 0.649264 1.13637 1.28049 1.0766 0.351582 0.252691 0.225668 0.1234 0.179847 0.100956 0.0402441 0.0288315
threshold=15.949999745000001 5.6000000750000014 0.72758228550000015 0.62325485700000016 0.28734107150000004 1.700000001 32.379999635000011 0.73911531400000008 4.9857142310000011 41.059999945000008 0.60189807100000003 0.43758454750000003 1.5199999810000002 0.27794585700000002
decision_type=2 2 2 2 2 2 2 2 2 2 2 2 2 2
left_child=1 2 3 6 5 -5 11 9 13 12 -11 -1 -3 -4
right_child=-2 7 8 4 -6 -7 -8 -9 -10 10 -12 -13 -14 -15
leaf_value=0.00010571041861244385 0.00057765766880703241 -4.9739612482552553e-07 -0.0010121902279511574 0.0001718360990421404 -2.1784875705781262e-05 0.00043764388593818483 6.7305067994322378e-05 0.00067403251676351748 0.00014013876372892032 -0.01263820630843814 0.00095617217336077976 -0.00049334856247046073 -0.0024463314139136789 -0.0014541536482670587
leaf_weight=20 25 20 48 22 21 23 28 20 20 22 20 41 130 20
leaf_count=20 25 20 48 22 21 23 28 20 20 22 20 41 130 20
internal_value=0.000370216 0.00026437 0.000641919 0.00103017 0.00202096 0.00295852 0.000261693 -0.000159775 -2.25226e-05 -0.000280083 0.000163551 -0.000137541 -0.000417772 -0.000319768
internal_weight=480 455 243 155 66 45 89 212 88 192 42 61 150 68
internal_count=480 455 243 155 66 45 89 212 88 192 42 61 150 68
is_linear=0
shrinkage=0.01


Tree=514
num_leaves=12
num_cat=0
split_feature=29 66 27 57 47 62 52 27 9 3 1
split_gain=0.535804 0.430321 0.672817 0.688573 0.504236 0.655365 0.612388 0.39393 0.322981 0.035315 0.0340528
threshold=4.3214285545000015 29.855000975000003 4.0571428540000012 1.5499999970000002 0.40000000950000009 0.045000076500000007 14.449999720000003 4.1999999970000008 0.65869526000000012 0.35826850000000005 0.32139909500000002
decision_type=2 2 2 2 2 2 2 2 2 2 2
left_child=1 4 3 -3 10 6 7 -6 -5 -2 -1
right_child=9 2 -4 8 5 -7 -8 -9 -10 -11 -12
leaf_value=-0.0010034200447036016 -0.0059648243617901999 0.00094632037812639484 -0.0046484721569943835 -0.00032014675499984714 -0.00011926107036590198 5.8346059246611598e-05 4.3377333443694668e-05 0.00011137297919531945 0.00029804686276072999 -0.00051868221563896493 -0.00018859322503665462
leaf_weight=71 79 26 23 25 102 21 26 32 23 20 20
leaf_count=71 79 26 23 25 102 21 26 32 23 20 20
internal_value=0.000264505 0.000442131 0.00101738 0.00148396 0.000227273 0.000536304 0.000298507 7.41828e-06 0.000696721 -0.000375752 -0.000364924
internal_weight=468 369 97 74 272 181 160 134 48 99 91
internal_count=468 369 97 74 272 181 160 134 48 99 91
is_linear=0
shrinkage=0.01


Tree=515
num_leaves=13
num_cat=1
split_feature=99 79 41 49 5 13 12 13 10 9 19 25
split_gain=1.23889 1.419 1.03427 0.828196 0.595136 0.493976 0.314899 0.159036 0.231031 0.196002 0.0397015 0.0337027
threshold=0 7.3785713530000008 9.2000001220000023 15.299999905000002 0.43546857150000007 0.71298493350000014 0.6898453335000001 0.71684469600000011 0.69016100000000014 0.65250277500000009 110.87500000000001 1.9714285690000002
decision_type=1 2 2 2 2 2 2 2 2 2 2 2
left_child=7 2 3 4 -2 11 -4 10 9 -9 -1 -3
right_child=1 5 6 -5 -6 -7 -8 8 -10 -11 -12 -13
leaf_value=-0.0018574948911705043 0.00022011228246962458 -0.0038023662289489624 0.00026494282579679976 0.00019731804580807533 0.0015769982744409448 0.00030652998650501076 -0.0011243805057096928 -0.00055532919109514808 -0.00096230988867195325 0.00066848480229954159 -0.0010067048315503346 -0.0053407180034515675
leaf_weight=122 36 20 23 33 32 20 28 21 34 20 20 69
leaf_count=122 36 20 23 33 32 20 28 21 34 20 20 69
internal_value=0.000352966 0.000800221 0.00145288 0.00203831 0.00267442 -2.27688e-05 0.000241313 -0.000204127 0.000138522 0.000657895 -0.000413165 -0.000361915
internal_weight=478 261 152 101 68 109 51 217 75 41 142 89
internal_count=478 261 152 101 68 109 51 217 75 41 142 89
cat_boundaries=0 1
cat_threshold=1117394
is_linear=0
shrinkage=0.01


Tree=516
num_leaves=11
num_cat=0
split_feature=51 6 55 17 15 23 65 16 37 16
split_gain=0.838277 0.625595 0.848835 0.534106 1.15973 0.409367 0.202821 0.2371 0.156698 0.0282128
threshold=60.299998505000012 0.54869635750000012 2.6000000125000002 0.68072900000000003 0.7266769525000002 1.8142857125000003 41.180000780000007 0.59343418550000016 5.3714285235000014 0.75253400000000015
decision_type=2 2 2 2 2 2 2 2 2 2
left_child=1 3 -3 6 5 -5 8 -8 -1 -6
right_child=-2 2 -4 4 9 -7 7 -9 -10 -11
leaf_value=-0.0027752506275710675 0.00052418387832379749 -0.00052687238014395446 0.00026350435027983331 0.00065954302315635884 -0.00017490667193546344 0.0013861053935083723 -0.0085268752718882807 0.00061643243137512278 9.1656117202204842e-05 -0.00020415114799117676
leaf_weight=185 21 26 26 35 46 20 21 25 20 20
leaf_count=185 21 26 26 35 46 20 21 25 20 20
internal_value=0.000259085 0.000155367 0.00117424 5.36469e-06 0.000554187 0.00162186 -0.000252184 0.000320513 -0.000391157 -0.000314371
internal_weight=445 424 52 372 121 55 251 46 205 66
internal_count=445 424 52 372 121 55 251 46 205 66
is_linear=0
shrinkage=0.01


Tree=517
num_leaves=10
num_cat=0
split_feature=34 98 17 34 15 17 65 17 7
split_gain=0.927678 0.889106 0.764385 0.600896 0.608598 1.96396 0.288203 0.104238 0.0892094
threshold=5.6071429255000007 21.597050835000005 0.60072909550000009 5.1642857620000013 0.72758228550000015 0.65440178550000005 41.575001240000013 0.67901128600000005 0.59898940500000009
decision_type=2 8 2 2 2 2 2 2 2
left_child=1 -1 -3 -4 5 -5 7 -2 -6
right_child=6 2 3 4 8 -7 -8 -9 -10
leaf_value=0.00042538002444433891 -0.0025400459179519969 0.000381874432242521 -0.00041775902098553197 -0.0057307025750353404 -0.00099908309653318921 0.001180281893503596 0.0002680796586830107 -0.00021284530821529538 8.7142758301436868e-06
leaf_weight=26 151 26 73 31 33 33 34 29 20
leaf_count=26 151 26 73 31 33 33 34 29 20
internal_value=0.000262697 0.000687809 0.000461254 0.000225367 0.000674873 0.00132716 -0.000209497 -0.000376106 -8.36432e-05
internal_weight=456 242 216 190 117 64 214 180 53
internal_count=456 242 216 190 117 64 214 180 53
is_linear=0
shrinkage=0.01


Tree=518
num_leaves=12
num_cat=0
split_feature=17 35 10 14 30 8 18 27 5 3 0
split_gain=1.01638 0.678113 0.51547 0.64442 0.668525 0.726783 0.546894 0.300207 0.28914 0.0384131 0.015083
threshold=0.56340721400000005 4.3071428705000008 0.62325485700000016 0.75252719000000001 2.2357142910000003 0.62052864250000017 0.70545036450000009 3.9357142450000002 0.42809138050000006 0.40218102400000005 0.1237999795
decision_type=2 2 2 2 2 2 2 2 2 2 2
left_child=9 2 6 4 8 -6 7 -2 -4 -1 -5
right_child=1 -3 3 10 5 -7 -8 -9 -10 -11 -12
leaf_value=-0.0048701076077878646 0.00062464068456330674 0.00010387747055920057 -0.0029345786786065353 -0.00059445041594482812 6.9139023762874281e-05 0.0014033202172458335 0.0014246347690330941 -0.0019216896387998937 0.00022068492851097654 -0.0019711697177404999 0.00011542166497743589
leaf_weight=106 21 24 25 20 38 38 25 97 32 20 20
leaf_count=106 21 24 25 20 38 38 25 97 32 20 20
internal_value=0.00035347 0.000639671 0.00050505 0.000871691 0.00120703 0.00182292 4.52016e-05 -0.000227273 0.00033737 -0.000402208 -0.000196079
internal_weight=466 340 316 173 133 76 143 118 57 126 40
internal_count=466 340 316 173 133 76 143 118 57 126 40
is_linear=0
shrinkage=0.01


Tree=519
num_leaves=11
num_cat=0
split_feature=6 68 32 12 52 52 65 14 16 7
split_gain=0.671868 0.732438 0.686895 0.765683 0.932936 0.702337 0.275154 0.151072 0.0799496 0.0423582
threshold=0.56165328550000015 1.1549997330000001 2.1571428175000005 0.7000740000000002 7.1000000125000007 20.850000380000001 35.265000345000011 0.73324492850000011 0.71635612250000014 0.40947400000000006
decision_type=2 2 2 2 2 2 2 2 2 2
left_child=1 2 -1 4 -4 -6 -3 9 -5 -8
right_child=-2 6 3 8 5 -7 7 -9 -10 -11
leaf_value=-0.00069560377474865915 0.00032049774361821761 9.2414255565565143e-05 6.194247060586081e-05 3.6618149654080016e-06 0.000530019602736374 2.3575758769842896e-05 -0.0011610397028615162 0.00048605404018878029 -9.7852391620242566e-05 -0.0019737693549003585
leaf_weight=44 31 20 39 20 30 26 20 39 28 172
leaf_count=44 31 20 39 20 30 26 20 39 28 172
internal_value=0.000241592 0.000134457 0.000609691 0.000949235 0.0014666 0.00228873 -0.00021247 -0.000317084 -4.09837e-05 -0.000435685
internal_weight=469 438 187 143 95 56 251 231 48 192
internal_count=469 438 187 143 95 56 251 231 48 192
is_linear=0
shrinkage=0.01


Tree=520
num_leaves=12
num_cat=0
split_feature=93 65 98 97 98 15 10 19 6 34 2
split_gain=1.02261 0.796521 0.517044 0.478193 0.465915 0.506315 1.39406 0.194202 0.128928 0.0416705 0.0231242
threshold=17.994285650000005 35.180000305000007 20.201986145000003 31.069656745000007 23.993880675000003 0.72889664300000012 0.62325485700000016 53.315000000000005 0.5456963855000001 4.921428510000001 0.28431474300000004
decision_type=2 2 8 8 10 2 2 2 2 2 2
left_child=4 3 -3 -2 8 6 -6 -4 9 -1 -7
right_child=1 2 7 -5 5 10 -8 -9 -10 -11 -12
leaf_value=-0.00054804136461948151 0.0018653541747437469 0.001003528709217586 -0.00073528092264972522 0.00050834933868821664 -0.0031644754896289935 -0.00025059661173748029 0.00047278139295720369 4.6725220164641967e-05 0.00029118395887557511 -0.0024884282769461336 -0.00017283758289098321
leaf_weight=20 24 20 39 21 34 20 38 35 21 156 33
leaf_count=20 24 20 39 21 34 20 38 35 21 156 33
internal_value=0.000276093 0.000990701 0.000432489 0.00208515 -2.78812e-05 0.000441176 0.000989011 1.33689e-05 -0.000336198 -0.000429864 -0.000269517
internal_weight=461 139 94 45 322 125 72 74 197 176 53
internal_count=461 139 94 45 322 125 72 74 197 176 53
is_linear=0
shrinkage=0.01


Tree=521
num_leaves=11
num_cat=1
split_feature=99 5 19 16 16 23 20 5 23 0
split_gain=0.544948 0.837664 0.646951 0.417574 0.726178 0.833026 0.302138 0.087495 0.0412264 0.0345506
threshold=0 0.42809138050000006 84.260000000000019 0.66402850000000013 0.71635612250000014 1.8142857125000003 0.91428571500000011 0.37577835750000005 1.8142857125000003 0.092710708500000016
decision_type=1 2 2 2 2 2 2 2 2 2
left_child=1 7 -3 8 5 6 -5 -1 -2 -6
right_child=3 2 -4 4 9 -7 -8 -9 -10 -11
leaf_value=5.4740405488003561e-05 1.2342362148159634e-05 0.00040144905283813026 1.100756764837401e-05 -0.00040643962400042379 -0.00060878017627308376 0.0010639639143690226 4.6440634589564635e-05 -0.0035185056699737097 -0.0025730163234978362 -9.400539465298353e-05
leaf_weight=20 20 31 23 38 20 39 26 32 147 74
leaf_count=20 20 31 23 38 20 39 26 32 147 74
internal_value=0.000133815 0.00072774 0.00166058 -5.33619e-05 0.000250253 0.000833333 9.25925e-05 -7.57577e-05 -0.000426103 -0.000369198
internal_weight=470 106 54 364 197 103 64 52 167 94
internal_count=470 106 54 364 197 103 64 52 167 94
cat_boundaries=0 1
cat_threshold=136876044
is_linear=0
shrinkage=0.01


Tree=522
num_leaves=9
num_cat=1
split_feature=7 99 96 55 18 28 60 1
split_gain=0.655081 0.38342 0.474067 0.537118 0.437824 0.178447 0.180661 0.0186605
threshold=0.63897342850000005 0 95.700869215000012 3.8000000270000007 0.65577471450000002 4.1285714930000008 2.1700005530000004 0.22856878550000001
decision_type=2 1 2 2 2 2 2 2
left_child=1 2 -1 -4 7 6 -3 -5
right_child=-2 5 3 4 -6 -7 -8 -9
leaf_value=-0.00085631723642746928 0.00027777775581796572 8.6955788750280662e-05 0.00038876289069115274 -0.0011790566267952261 0.0014516976009414772 0.0022983380748762363 -0.00083475603504686263 -0.00024809561076444124
leaf_weight=44 29 39 21 20 25 31 221 25
leaf_count=44 29 39 21 20 25 31 221 25
internal_value=2.30363e-05 -7.26337e-05 0.000346365 0.00078976 0.000324859 -0.000276673 -0.000375767 -0.000229258
internal_weight=455 426 135 91 70 291 260 45
internal_count=455 426 135 91 70 291 260 45
cat_boundaries=0 1
cat_threshold=2363420
is_linear=0
shrinkage=0.01


Tree=523
num_leaves=12
num_cat=0
split_feature=27 53 38 6 52 36 18 1 0 98 6
split_gain=0.783225 0.773176 0.857035 1.04667 0.728046 0.264705 0.23786 0.299926 0.196002 0.0419424 0.0338796
threshold=3.8285714390000005 0.35000000900000006 6.0285714010000016 0.47784657150000004 0.90000000950000014 4.7571428675000007 0.68323078550000005 0.25807064250000006 0.15580360450000005 23.642177115000006 0.51027864250000021
decision_type=2 2 2 2 2 2 2 2 2 10 2
left_child=4 5 6 -4 -1 9 7 10 -9 -2 -3
right_child=1 2 3 -5 -6 -7 -8 8 -10 -11 -12
leaf_value=-0.0019753598965627814 -0.0028218175927547124 -0.0015312299256435753 7.8882656246075379e-05 0.0016682699780071787 0.00052393802953390998 8.3131729235055995e-05 0.0010694723655978045 0.0002892404677842372 -0.0061946217483916325 2.9463867689502878e-05 -5.1179831954989948e-06
leaf_weight=20 162 70 39 23 29 24 34 20 21 20 20
leaf_count=20 162 70 39 23 29 24 34 20 21 20 20
internal_value=0.000283761 0.00014177 0.000546532 0.00154459 0.0014759 -0.000294971 0.0001538 -2.65555e-05 0.000657895 -0.000432166 -0.000363436
internal_weight=482 433 227 62 49 206 165 131 41 182 90
internal_count=482 433 227 62 49 206 165 131 41 182 90
is_linear=0
shrinkage=0.01


Tree=524
num_leaves=11
num_cat=0
split_feature=71 15 96 97 96 19 3 97 34 10
split_gain=0.450519 0.472526 0.648463 0.459117 0.610283 0.46991 0.235777 0.235181 0.0412781 0.0294163
threshold=62.180000305000007 0.72889664300000012 131.19284590000004 22.201159045000001 95.700869215000012 46.710000000000008 0.35729614250000002 27.462787930000001 5.3928571430000005 0.7144432140000001
decision_type=2 2 2 8 2 2 2 10 2 2
left_child=1 2 3 -1 7 -6 8 -5 -2 -3
right_child=6 9 -4 4 5 -7 -8 -9 -10 -11
leaf_value=-0.00053225683452811973 -0.0032950196188628908 -0.0001081604034054195 0.00012227179482076237 0.00098280514222319612 0.00050518128364867567 0.00025514924231988332 0.0002417737892536575 -0.0027773721113094662 -0.0040112078256484543 -2.6521177753467166e-06
leaf_weight=44 20 50 20 20 21 40 26 40 148 20
leaf_count=44 20 50 20 20 21 40 26 40 148 20
internal_value=7.44774e-05 0.000353792 0.000621636 0.000395054 0.000718391 0.00141586 -0.000282341 0 -0.00042654 -0.000324859
internal_weight=449 255 185 165 121 61 194 60 168 70
internal_count=449 255 185 165 121 61 194 60 168 70
is_linear=0
shrinkage=0.01


Tree=525
num_leaves=11
num_cat=0
split_feature=17 18 23 68 12 65 98 96 27 8
split_gain=0.530589 0.584329 0.286499 0.408481 0.540939 0.780922 0.207002 0.104916 0.0838677 0.0384131
threshold=0.56319950000000019 0.53550523800000016 1.6571428865000002 1.1900000570000002 0.7000740000000002 37.034999370000001 27.785577100000001 81.602127495000019 4.0571428540000012 0.68603242850000001
decision_type=2 2 2 2 2 2 10 2 2 2
left_child=9 -2 -3 4 5 -4 7 -5 -6 -1
right_child=1 2 3 6 8 -7 -8 -9 -10 -11
leaf_value=-0.0051991517335190354 0.00030245989340379798 -0.0011050022991091043 4.3754979235883652e-05 0.0016822680278414082 -0.00010473026649431964 0.00012554356629813432 0.0009783029735203968 -0.00054381194755827387 0.00015632266677395479 -0.0014202903122080149
leaf_weight=106 31 51 53 20 30 33 20 93 20 20
leaf_count=106 31 51 53 20 30 33 20 93 20 20
internal_value=0.000145458 0.000348209 0.00021197 0.000346553 0.000730994 0.00120968 -3.36324e-05 -0.00021529 -5.90552e-05 -0.000402208
internal_weight=477 351 320 269 136 86 133 113 50 126
internal_count=477 351 320 269 136 86 133 113 50 126
is_linear=0
shrinkage=0.01


Tree=526
num_leaves=12
num_cat=0
split_feature=31 14 17 84 98 69 43 55 53 2 1
split_gain=0.744838 1.07184 1.12079 0.578748 0.436344 0.572306 0.209289 0.170334 0.164225 0.0325544 0.0275573
threshold=2.7928571360000007 0.68719578600000009 0.68161828600000007 14.992142815000003 18.321245190000003 22.039999485000003 2.2000000290000004 7.4000000545000004 2.8000000010000003 0.32669814300000005 0.31582357150000001
decision_type=2 2 2 2 10 2 2 2 2 2 2
left_child=1 2 3 -1 -2 7 10 8 9 -6 -3
right_child=4 6 -4 -5 5 -7 -8 -9 -10 -11 -12
leaf_value=-0.0030413057717125964 -0.0026634355381394558 -2.6224703199196347e-05 0.0017501132355305566 0.00029402307218861064 -0.00041521226079339868 0.0011214210712207928 7.028518652023728e-05 8.4453603316657849e-05 2.2451103478594151e-05 -0.0046037212492094897 0.0001287118677072202
leaf_weight=22 142 44 21 37 63 20 32 20 27 20 20
leaf_count=22 142 44 21 37 63 20 32 20 27 20 20
internal_value=0.000221843 0.000735294 0.00158416 0.000811037 -8.19673e-05 0.000285146 0 2.29357e-05 -0.000117329 -0.000352029 -0.000308642
internal_weight=468 176 80 59 292 150 96 130 110 83 64
internal_count=468 176 80 59 292 150 96 130 110 83 64
is_linear=0
shrinkage=0.01


Tree=527
num_leaves=10
num_cat=1
split_feature=99 23 62 11 18 41 73 0 44
split_gain=0.763294 0.653777 0.666536 0.787412 0.530571 0.285131 0.159582 0.287554 0.13551
threshold=0 1.8857142710000001 0.045000076500000007 0.65998714300000005 0.68323078550000005 7.5499999410000003 46.845000270000007 0.11745643050000001 12.050000020000001
decision_type=1 2 2 2 2 2 2 2 2
left_child=8 2 4 -4 6 -3 7 -2 -1
right_child=1 5 3 -5 -6 -7 -8 -9 -10
leaf_value=-0.0011431576804823323 -0.00098676282052096082 -0.0052934037654179525 8.4789642419726415e-05 0.00089784410465577197 0.0020226413687746908 0.00020074413721617762 -0.00041254034258595042 0.00018799813150880849 2.4611029781008706e-05
leaf_weight=137 36 72 26 23 39 33 35 29 22
leaf_count=137 36 72 26 23 39 33 35 29 22
internal_value=0.00020318 0.000498683 0.000868644 0.00187751 0.000489986 -9.9244e-05 7.9365e-05 0.000387538 -0.000338634
internal_weight=452 293 188 49 139 105 100 65 159
internal_count=452 293 188 49 139 105 100 65 159
cat_boundaries=0 1
cat_threshold=147920002
is_linear=0
shrinkage=0.01


Tree=528
num_leaves=9
num_cat=0
split_feature=6 96 14 98 41 57 19 27
split_gain=0.662564 0.532403 0.85106 0.409589 0.501707 0.380859 0.180934 0.103933
threshold=0.56165328550000015 131.19284590000004 0.71786732100000006 18.199877625000003 3.3500000090000004 3.7000000775000008 20.020000000000007 3.8285714390000005
decision_type=2 2 2 10 2 2 2 2
left_child=1 3 -3 7 -5 6 -6 -1
right_child=-2 2 -4 4 5 -7 -8 -9
leaf_value=2.1056741094136084e-05 0.00036274438886637906 0.00010570986706385503 -4.3225021167457068e-06 0.00062092559942268275 0.00062907589599334515 0.00024874668439825914 -0.00017124767019877473 -0.0036831952080892201
leaf_weight=29 32 22 27 21 25 39 117 149
leaf_count=29 32 22 27 21 25 39 117 149
internal_value=0.00021113 0.00010121 0.0010743 -2.10085e-05 0.000281065 9.62595e-05 -0.000133053 -0.00037472
internal_weight=461 429 49 380 202 181 142 178
internal_count=461 429 49 380 202 181 142 178
is_linear=0
shrinkage=0.01


Tree=529
num_leaves=9
num_cat=0
split_feature=50 16 15 17 9 65 63 0
split_gain=0.681445 0.421211 0.503472 0.728521 0.64242 0.633556 0.31078 0.0335219
threshold=9.8000003285000012 0.58913064300000018 0.72981245250000015 0.68903750000000008 0.59253911050000008 41.28999996000001 2.4650001525000005 0.27026441650000005
decision_type=2 2 2 2 2 2 2 2
left_child=-1 -2 3 5 -5 6 -3 -4
right_child=1 2 7 4 -6 -7 -8 -9
leaf_value=0.00022417773918953756 -0.0047881629144405436 9.2734723336977416e-05 -0.00052898039011578535 0.0014496732602774485 0.00072330270216735887 0.0011038723397489879 -0.00028224779301249693 -3.6512565586662715e-05
leaf_weight=32 100 54 68 24 28 20 97 20
leaf_count=32 100 54 68 24 28 20 97 20
internal_value=0.000194907 7.89217e-05 0.000264593 0.000520554 0.00155303 0.000189173 -2.30568e-05 -0.00036036
internal_weight=443 411 311 223 52 171 151 88
internal_count=443 411 311 223 52 171 151 88
is_linear=0
shrinkage=0.01


Tree=530
num_leaves=9
num_cat=0
split_feature=17 18 13 50 10 14 83 50
split_gain=0.63364 1.19746 0.794508 0.469166 0.239313 0.723758 0.128946 0.0363926
threshold=0.56319950000000019 0.53550523800000016 0.60194375000000011 9.8000003285000012 0.62325485700000016 0.70938507150000019 6.6842856920000004 11.399999795000001
decision_type=2 2 2 2 2 2 2 2
left_child=6 -2 -3 -4 7 -6 -1 -5
right_child=1 2 3 4 5 -7 -8 -9
leaf_value=-0.0051039428256120555 0.00037496881701090738 0.00186998748366784 9.0148760453807501e-05 1.4518679349589774e-06 9.3070848100790945e-05 -1.4981075292840531e-05 0.00037064972639707364 -0.00044643114459752526
leaf_weight=109 30 28 33 20 33 114 22 87
leaf_count=109 30 28 33 20 33 114 22 87
internal_value=0.000251678 0.0004786 0.000286574 0.000119875 -1.96234e-05 0.000233423 -0.000330046 -0.000384972
internal_weight=476 345 315 287 254 147 131 107
internal_count=476 345 315 287 254 147 131 107
is_linear=0
shrinkage=0.01


Tree=531
num_leaves=10
num_cat=0
split_feature=65 81 60 4 70 18 15 9 2
split_gain=0.649608 1.24326 0.400154 0.837094 0.348383 0.198852 0.437985 1.16668 0.0268617
threshold=35.180000305000007 8.6528572015000016 4.1549997330000012 0.41138964250000004 23.389999865000004 0.59719878550000016 0.72790397600000012 0.59532512500000012 0.31136364300000008
decision_type=2 2 2 2 2 2 2 2 2
left_child=1 -1 3 5 -4 -2 7 -7 -8
right_child=2 -3 4 -5 -6 6 8 -9 -10
leaf_value=-0.0024555639126541324 -0.00085251218782923582 0.00049924185767104712 8.1677913502755059e-05 0.00025822592956749964 -0.0025415299752724568 -0.00043063101040181776 -0.00059640411124565432 0.00080066798868444564 -0.00061945359967772496
leaf_weight=39 47 38 20 21 161 49 42 25 20
leaf_count=39 47 38 20 21 161 49 42 25 20
internal_value=0.000187986 0.00102185 1.4256e-05 0.000322266 -0.000321782 8.97714e-05 0.000292398 0.000815508 -0.000302548
internal_weight=462 77 385 204 181 183 136 74 62
internal_count=462 77 385 204 181 183 136 74 62
is_linear=0
shrinkage=0.01


Tree=532
num_leaves=8
num_cat=0
split_feature=55 5 54 8 18 73 22
split_gain=0.616891 0.766453 0.482608 0.252264 0.286604 0.71165 0.0445315
threshold=0.80000001550000011 0.46032367850000006 12.350000070000002 0.68714523800000016 0.65860228550000011 45.875000475000007 1.9642857145000001
decision_type=2 2 2 2 2 2 2
left_child=1 -1 3 4 6 -6 -2
right_child=2 -3 -4 -5 5 -7 -8
leaf_value=0.00049649912594230559 -0.0012851797074411612 -0.0018068995048435928 0.00012954150302025888 0.00010802771891080929 -0.00083541131893382552 0.001543551944883294 -0.0019297581977941942
leaf_weight=30 249 20 20 35 53 29 20
leaf_count=30 249 20 20 35 53 29 20
internal_value=0 0.00104331 -0.000125369 -0.000209411 -0.000294201 0.000205314 -0.00045404
internal_weight=456 50 406 386 351 82 269
internal_count=456 50 406 386 351 82 269
is_linear=0
shrinkage=0.01


Tree=533
num_leaves=12
num_cat=0
split_feature=44 37 3 2 80 15 17 16 7 19 2
split_gain=0.834426 0.666871 0.415275 0.703725 0.38236 0.344926 0.262643 0.352701 0.0761379 0.0425877 0.0261223
threshold=12.250000030000001 4.392857160000001 0.35320377100000006 0.32564159500000006 5.7235714285000006 0.69390057150000006 0.68072900000000003 0.69962471450000019 0.54760328550000004 9.0250000000000004 0.29397800000000002
decision_type=2 2 2 2 2 2 2 2 2 2 2
left_child=2 5 6 -4 -5 -2 9 -8 10 -1 -9
right_child=1 -3 3 4 -6 -7 7 8 -10 -11 -12
leaf_value=-0.0046290895661453323 4.7853531974856572e-05 0.0010341143163941214 0.0003425419416766012 0.0003298641576933198 -0.0023073668755519746 -9.5319729206992498e-06 0.00056170071265318456 -0.00078738608950680415 0.00030354548578157893 -0.0013543370860737047 -9.1015142744376542e-06
leaf_weight=20 20 21 22 34 52 22 20 40 20 178 20
leaf_count=20 20 21 22 34 52 22 20 40 20 178 20
internal_value=0.000135164 0.00119906 -2.70404e-05 0.000496323 5.76036e-05 0.000397196 -0.00022423 0.000178571 -9.901e-05 -0.000437626 -0.000296053
internal_weight=469 63 406 108 86 42 298 100 80 198 60
internal_count=469 63 406 108 86 42 298 100 80 198 60
is_linear=0
shrinkage=0.01


Tree=534
num_leaves=9
num_cat=1
split_feature=99 30 79 62 81 82 19 46
split_gain=0.63516 0.74607 0.981677 0.968824 0.50755 0.419831 0.158553 0.139581
threshold=0 2.0142857265000003 7.3785713530000008 0.17500019050000001 8.5028571060000022 6.6578571370000006 39.945000000000007 0.25000000750000007
decision_type=1 2 2 2 2 2 2 2
left_child=7 -2 3 4 6 -6 -3 -1
right_child=1 2 -4 -5 5 -7 -8 -9
leaf_value=-0.0012777022774559722 0.00043461712644912238 0.00016336646528532846 -0.0036968783833270136 0.00082206657295962493 0.00012459363052188605 6.588770291418803e-06 -0.00061927209163647491 5.9236670215616675e-05
leaf_weight=125 20 30 100 30 61 36 55 21
leaf_count=125 20 30 100 30 61 36 55 21
internal_value=0.000206767 0.000443407 0.000326087 0.000714286 0.000421225 0.000915133 -0.000122378 -0.000325255
internal_weight=478 332 312 212 182 97 85 146
internal_count=478 332 312 212 182 97 85 146
cat_boundaries=0 1
cat_threshold=684785698
is_linear=0
shrinkage=0.01


Tree=535
num_leaves=12
num_cat=0
split_feature=44 39 44 36 0 0 84 96 29 1 2
split_gain=0.685554 0.719883 0.569383 0.305108 0.950164 0.270827 0.24756 0.259557 0.102217 0.0272148 0.0192946
threshold=11.400000185000001 2.2999999300000007 15.949999745000001 4.7571428675000007 0.26586679200000002 0.13214512500000003 15.842142850000002 73.069060915000009 3.8142856530000002 0.24515347600000001 0.34856400000000004
decision_type=2 2 2 2 2 2 2 2 2 2 2
left_child=3 2 5 6 -5 -2 -1 -8 -9 -7 -6
right_child=1 -3 -4 4 10 9 7 8 -10 -11 -12
leaf_value=-0.002877405538801578 0.00034443739902308704 0.0003950949609383929 0.00061633608426989335 0.0001065815180190053 -2.9232473097493988e-05 4.7623195507308234e-05 0.00082405240598071999 0.00012351326274437208 -0.0039907924807071286 -0.00089517310055810902 -0.00019660788984353079
leaf_weight=151 38 23 25 20 26 20 24 20 42 43 20
leaf_count=151 38 23 25 20 26 20 24 20 42 43 20
internal_value=0.00020318 0.000757677 0.000433754 -6.41871e-05 0.000523952 7.36738e-05 -0.000237595 0.000172811 -0.000143312 -0.000305643 -0.000235043
internal_weight=452 149 126 303 66 101 237 86 62 63 46
internal_count=452 149 126 303 66 101 237 86 62 63 46
is_linear=0
shrinkage=0.01


Tree=536
num_leaves=12
num_cat=0
split_feature=85 53 5 21 30 85 18 2 3 56 17
split_gain=0.676226 0.569932 1.35584 0.356217 0.388738 0.246886 0.208868 0.199601 0.132516 0.188056 0.0426974
threshold=13.919999940000002 1.0000000180025095e-35 0.42560378550000005 2.3285714135000002 2.3571428655000006 13.530714275000003 0.55203154300000012 0.28900692850000004 0.35729614250000002 7.6499999280000006 0.71286514300000015
decision_type=2 2 2 2 2 2 2 2 2 2 2
left_child=3 2 -2 8 5 -5 -3 -6 10 -10 -1
right_child=1 6 -4 4 7 -7 -8 -9 9 -11 -12
leaf_value=-0.00097827874911315471 -0.00024998302295736128 -0.0042767633805624152 0.00047498712138175514 -0.00094737812941180811 -1.1879354014480412e-05 6.7831947628694828e-05 0.00054771458593308789 0.00027005502139109045 -0.00040985686931368977 0.00038363751866034047 0.00026134556709308089
leaf_weight=181 23 30 22 57 22 34 20 20 24 20 20
leaf_count=181 23 30 22 57 22 34 20 20 24 20 20
internal_value=8.75896e-05 0.000840292 0.00164847 -9.7677e-05 0.000310164 -3.81265e-05 5.9055e-05 0.00109813 -0.000327502 0.000133928 -0.000438553
internal_weight=473 95 45 378 133 91 50 42 245 44 201
internal_count=473 95 45 378 133 91 50 42 245 44 201
is_linear=0
shrinkage=0.01


Tree=537
num_leaves=11
num_cat=0
split_feature=27 53 15 57 23 46 23 43 1 0
split_gain=0.616722 0.71903 0.809155 0.761905 0.456934 0.41765 0.348936 0.120361 0.0426612 0.0192946
threshold=3.7928571530000004 0.40000000950000009 0.72889664300000012 1.6499999950000002 1.8285714135000002 0.25000000750000007 1.7214285515000003 15.099999730000002 0.30363478550000006 0.093819031000000011
decision_type=2 2 2 2 2 2 2 2 2 2
left_child=-1 5 3 6 9 8 -3 -4 -2 -5
right_child=1 2 7 4 -6 -7 -8 -9 -10 -11
leaf_value=0.00037086362999319138 -0.0013243914726911589 2.0421783976712867e-05 -0.00011829804383144819 -0.001525431252304191 0.00079350424817563824 0.00032850124174754671 0.0013266459306525741 0.00034534736843964134 -0.0040559592567518399 -0.00096569176802666057
leaf_weight=33 180 21 61 20 32 28 30 20 20 26
leaf_count=33 180 21 61 20 32 28 30 20 20 26
internal_value=0.000217253 0.000111668 0.000536053 0.00102851 0.00036802 -0.000270979 0.00197876 -0.000226161 -0.000438247 -0.000235043
internal_weight=471 438 210 129 78 228 51 81 200 46
internal_count=471 438 210 129 78 228 51 81 200 46
is_linear=0
shrinkage=0.01


Tree=538
num_leaves=13
num_cat=1
split_feature=99 17 27 62 17 0 73 16 17 9 76 16
split_gain=1.01826 0.583896 0.515599 0.421066 0.888483 0.342599 0.285912 0.347194 0.78454 0.175454 0.0380632 0.100956
threshold=0 0.67622035700000016 3.8999999420000004 0.045000076500000007 0.5752892140000001 0.22684882650000002 44.259999755000003 0.72323602400000009 0.67995178550000002 0.64800032500000004 93.025001525000008 0.64883750000000007
decision_type=1 2 2 2 2 2 2 2 2 2 2 2
left_child=1 3 5 -1 -5 -2 7 8 -4 -7 -8 -12
right_child=2 -3 6 4 -6 9 10 -9 -10 -11 11 -13
leaf_value=-1.6046142639050272e-05 0.00066082846591793425 0.0012699687617273906 -0.0024241432223691844 -0.0047009570084247613 0.00040442423947230024 4.4677060414967448e-05 -0.00049006254702403142 -0.002425846711575926 0.00050799668091364863 -0.0019300137498419407 -0.0079607438854536645 0.00018233847531804237
leaf_weight=34 20 26 20 23 20 20 172 32 20 21 41 20
leaf_count=34 20 26 20 23 20 20 172 32 20 21 41 20
internal_value=0.000199021 0.00102373 -5.57326e-05 0.000636247 0.00128995 0.000768608 -0.000230543 0.000302198 0.000931372 0.000179426 -0.000404192 -0.000137541
internal_weight=469 103 366 77 43 61 305 72 40 41 233 61
internal_count=469 103 366 77 43 61 305 72 40 41 233 61
cat_boundaries=0 1
cat_threshold=170166276
is_linear=0
shrinkage=0.01


Tree=539
num_leaves=9
num_cat=0
split_feature=54 86 30 5 65 44 17 85
split_gain=0.814351 0.644846 0.568941 0.395568 0.314731 0.269741 0.0986059 0.121823
threshold=1.0000000225000003 12.567857300000002 2.0714285625000008 0.41725611900000004 35.159999845000009 15.499999790000002 0.73236200000000007 13.954285755000003
decision_type=2 2 2 2 2 2 2 2
left_child=2 -2 3 -1 -4 6 7 -3
right_child=1 5 4 -5 -6 -7 -8 -9
leaf_value=6.900847840115898e-05 0.00013409472137946259 -0.0014178068168709881 0.0016792036783683398 0.00037014995685721099 -0.00044656454846613887 0.00016255234615315694 -0.00018884535268951758 -0.00016665655284143954
leaf_weight=23 35 248 24 20 32 22 27 27
leaf_count=23 35 248 24 20 32 22 27 27
internal_value=8.50042e-05 -0.000132018 0.000886773 0.00174658 0.000176056 -0.000277094 -0.000359974 -0.000418782
internal_weight=458 359 99 43 56 324 302 275
internal_count=458 359 99 43 56 324 302 275
is_linear=0
shrinkage=0.01


Tree=540
num_leaves=12
num_cat=0
split_feature=50 72 15 15 60 74 15 10 17 2 0
split_gain=0.873234 0.725782 0.391719 1.11068 0.239205 0.512702 0.212946 0.610679 0.223011 0.201018 0.0158575
threshold=10.999999905000001 81.265001300000009 0.69030239300000018 0.73023128550000005 4.4599995610000009 55.055000305000007 0.7266769525000002 0.65350600000000003 0.68903750000000008 0.35634092850000004 0.18918655550000005
decision_type=2 2 2 2 2 2 2 2 2 2 2
left_child=1 -1 10 -4 5 6 7 8 -2 -6 -3
right_child=4 2 3 -5 9 -7 -8 -9 -10 -11 -12
leaf_value=0.00037244493147467066 -0.0018995053942053447 -0.0025490372141699618 0.00014928970150693659 -0.00021616096537655446 -0.00047648376360236362 0.0018907791090446713 -0.00069397773825568014 0.00044997820028720964 3.2532004979947355e-05 0.00033106756925745838 -0.0019715061426793081
leaf_weight=31 54 20 20 21 133 22 58 20 23 32 21
leaf_count=31 54 20 20 21 133 22 58 20 23 32 21
internal_value=0.000220491 0.000979789 0.00044686 0.00113636 -2.62545e-05 0.00022216 3.20912e-06 0.000301636 -8.35477e-05 -0.000304584 -0.000203349
internal_weight=455 113 82 41 342 177 155 97 77 165 41
internal_count=455 113 82 41 342 177 155 97 77 165 41
is_linear=0
shrinkage=0.01


Tree=541
num_leaves=11
num_cat=0
split_feature=50 25 97 7 68 7 64 14 97 1
split_gain=0.766804 0.577939 0.545763 0.589299 0.347519 0.601585 0.245661 0.58366 0.119422 0.031695
threshold=11.149999985000003 1.9499999795000003 22.000243375000004 0.54593564300000008 1.1549997330000001 0.43758454750000003 0.80500030550000012 0.73092150000000011 32.24637240500001 0.31474792850000005
decision_type=2 2 10 2 2 2 2 2 8 2
left_child=1 2 -1 -4 5 -2 9 -8 -6 -7
right_child=4 -3 3 -5 8 6 7 -9 -10 -11
leaf_value=6.9327411996085269e-06 0.0016801384665996212 -0.003403499481721139 -8.1932764329570448e-05 0.00047768323883926836 -0.0016493208294001492 -0.0004711153889191203 0.00011318380905563641 -0.0015959410202936431 6.9786883744449838e-05 0.00011855693560633069
leaf_weight=32 20 27 22 39 172 59 20 24 26 20
leaf_count=32 20 27 22 39 172 59 20 24 26 20
internal_value=0.000124513 0.000811258 0.0011887 0.00173948 -0.000112639 0.000253825 0 0.000580357 -0.000387324 -0.000344612
internal_weight=461 120 93 61 341 143 123 44 198 79
internal_count=461 120 93 61 341 143 123 44 198 79
is_linear=0
shrinkage=0.01


Tree=542
num_leaves=11
num_cat=0
split_feature=6 18 42 34 3 97 97 48 1 59
split_gain=0.599536 0.455771 0.752291 0.558228 0.319727 0.775049 0.180766 0.260746 0.163217 0.04079
threshold=0.56165328550000015 0.59664671450000006 5.899999857000001 5.571428537000001 0.35252696400000011 26.168896200000002 22.226472410000003 4.3999999355000012 0.20456692850000002 0.58999967600000014
decision_type=2 2 2 2 2 10 10 2 2 2
left_child=1 4 3 -3 9 -6 -4 8 -8 -1
right_child=-2 2 6 -5 5 -7 7 -9 -10 -11
leaf_value=-0.0035813712574316119 0.00045120505650021638 0.00084187307365884338 -0.0011390412672179378 0.00048860536088683737 -0.0039028704805135366 0.00036794130134692202 0.0010045891615581913 0.00025056004532631571 -0.00049730412196756783 -0.0017109607661027878
leaf_weight=139 33 25 45 37 39 25 26 30 40 20
leaf_count=139 33 25 45 37 39 25 26 30 40 20
internal_value=0.000235972 0.000128866 0.000473503 0.00138535 -0.000176497 0.000401234 5.28913e-05 0.000309917 -1.49702e-05 -0.000422403
internal_weight=459 426 203 62 223 64 141 96 66 159
internal_count=459 426 203 62 223 64 141 96 66 159
is_linear=0
shrinkage=0.01


Tree=543
num_leaves=10
num_cat=0
split_feature=48 44 97 17 25 98 98 44 33
split_gain=0.607688 0.418495 0.561274 0.148608 0.305092 0.210615 0.39276 0.162946 0.0425505
threshold=7.0999999795000006 12.250000030000001 22.010740550000005 0.68903750000000008 1.8714285620000004 19.605197285000003 18.199877625000003 10.299999930000002 3.1714285870000003
decision_type=2 2 8 2 2 8 10 2 2
left_child=1 3 -3 5 7 6 -1 -5 -7
right_child=-2 2 -4 4 -6 8 -8 -9 -10
leaf_value=-0.0038006559484716766 0.00030958073411409102 -0.00014074692326541938 0.00060609905266383415 -5.5044617831671e-05 0.0015913671335283709 1.7893228308929997e-06 0.0010309301250832547 4.031734253631935e-05 -0.002460871806286102
leaf_weight=29 37 24 39 53 22 20 20 29 177
leaf_count=29 37 24 39 53 22 20 20 29 177
internal_value=9.53859e-05 -1.08749e-05 0.00072884 -0.000151083 0.000152672 -0.000287682 0.000271084 -0.000108696 -0.000437311
internal_weight=450 413 63 350 104 246 49 82 197
internal_count=450 413 63 350 104 246 49 82 197
is_linear=0
shrinkage=0.01


Tree=544
num_leaves=12
num_cat=0
split_feature=20 25 15 20 97 10 12 25 43 8 2
split_gain=0.892693 0.692018 0.847104 0.660765 0.555515 0.66058 0.418256 0.544389 0.246207 0.0433828 0.0173151
threshold=0.91428571500000011 1.9571428595000002 0.72758228550000015 1.0285714225000002 22.484581360000004 0.62325485700000016 0.72690630950000013 1.8857142795000004 2.7000000105000006 0.45839561900000009 0.31836685700000006
decision_type=2 2 2 2 10 2 2 2 2 2 2
left_child=6 2 3 4 -2 -6 9 -8 -5 -1 -4
right_child=1 -3 10 8 5 -7 7 -9 -10 -11 -12
leaf_value=-0.0021967939750799311 6.7028833979519391e-05 -0.0019403430328046064 -1.5980791476347894e-05 -0.0032162320278786762 0.00040646254380210779 0.00036383118133561656 -0.00013244581992928768 0.00047332871495610383 0.00068306680843912898 -0.00077474491073392562 -0.00025237013791229787
leaf_weight=20 29 44 20 20 21 21 29 29 24 202 23
leaf_count=20 29 44 20 20 21 21 29 29 24 202 23
internal_value=0.000118061 0.000626233 0.000938287 0.00138601 0.00198468 0.00273364 -0.000242165 0.000493197 0.000357143 -0.000444345 -0.000216895
internal_weight=482 202 158 115 71 42 280 58 44 222 43
internal_count=482 202 158 115 71 42 280 58 44 222 43
is_linear=0
shrinkage=0.01


Tree=545
num_leaves=11
num_cat=1
split_feature=99 36 97 6 72 5 18 0 6 64
split_gain=0.66518 0.92249 0.750113 0.714458 0.762951 0.793563 0.335739 0.233166 0.129448 0.097465
threshold=0 4.7571428675000007 23.530456615000002 0.47784657150000004 83.129998205000007 0.44545523550000005 0.67333542850000005 0.15580360450000005 0.5456963855000001 0.3850002285000001
decision_type=1 2 8 2 2 2 2 2 2 2
left_child=9 2 8 6 5 -5 7 -4 -2 -1
right_child=1 -3 3 4 -6 -7 -8 -9 -10 -11
leaf_value=1.2283492706750273e-05 -0.0027752487177597324 8.768482562781771e-05 -0.0015609842886935323 0.00039007159774720359 0.00062755372667997605 -0.00079849104128329712 0.0010899356809218308 0.00010719777863202162 7.0075732201008669e-07 -0.0015247110437815589
leaf_weight=28 91 39 72 20 21 33 20 20 21 101
leaf_count=28 91 39 72 20 21 33 20 20 21 101
internal_value=0.000289203 0.000516101 0.000331325 0.000722698 0.00148396 0.000771375 0.000195035 -4.31036e-05 -0.000301419 -0.000304006
internal_weight=466 337 298 186 74 53 112 92 112 129
internal_count=466 337 298 186 74 53 112 92 112 129
cat_boundaries=0 1
cat_threshold=546374690
is_linear=0
shrinkage=0.01


Tree=546
num_leaves=10
num_cat=0
split_feature=5 5 65 20 13 44 47 0 4
split_gain=0.690345 0.900434 0.708443 0.360505 0.745769 0.293943 0.244763 0.196011 0.0345506
threshold=0.43647588100000007 0.44841826200000007 40.980000495000006 0.83571429350000004 0.61424050850000012 11.599999860000002 0.69999999550000014 0.24605875000000002 0.37732353600000007
decision_type=2 2 2 2 2 2 2 2 2
left_child=3 -2 5 -1 -5 -3 8 -7 -6
right_child=1 2 -4 4 6 7 -8 -9 -10
leaf_value=-0.0011810189011145888 0.00052467955087955097 -0.00023755227674407888 0.00010168819051561664 0.0010451180037667021 -0.0025134373814551816 -7.0344651444177346e-06 4.5941851377151788e-05 0.00036817774234846717 -0.00013000992267578869
leaf_weight=122 37 66 31 32 74 23 34 21 20
leaf_count=122 37 66 31 32 74 23 34 21 20
internal_value=0.000234375 0.000721476 0.000334979 -6.71854e-05 0.000236318 -2.70759e-05 -9.31678e-05 0.000580357 -0.000369198
internal_weight=460 178 141 282 160 110 128 44 94
internal_count=460 178 141 282 160 110 128 44 94
is_linear=0
shrinkage=0.01


Tree=547
num_leaves=10
num_cat=1
split_feature=48 99 32 7 45 4 98 17 11
split_gain=1.32181 0.442579 0.518451 0.529628 0.690074 0.659502 0.238707 0.0451641 0.0819471
threshold=8.3000000715000031 0 5.5928571565000009 0.45824207100000008 3.6000000535000001 0.35923118600000009 22.556260485000003 0.63485078600000011 0.62672564300000011
decision_type=2 1 2 2 2 2 8 2 2
left_child=1 7 3 -3 5 -5 -6 -1 -9
right_child=-2 2 -4 4 6 -7 -8 8 -10
leaf_value=-0.002331367568946099 0.00036687341803437842 0.00037769432121205596 -0.0021065553796574968 0.00065301099901502347 3.2442417564259e-05 0.00053982115628048368 -0.00014103828166474981 0.00048312402126870157 -0.0022816995171135979
leaf_weight=97 38 22 57 24 41 20 90 20 29
leaf_count=97 38 22 57 24 41 20 90 20 29
internal_value=0.000271194 9.48103e-05 0.000343655 0.000604145 0.000401024 0.00147321 1.8968e-05 -0.000325255 -5.02009e-05
internal_weight=438 400 254 197 175 44 131 146 49
internal_count=438 400 254 197 175 44 131 146 49
cat_boundaries=0 1
cat_threshold=9503111
is_linear=0
shrinkage=0.01


Tree=548
num_leaves=11
num_cat=0
split_feature=25 48 1 70 7 54 6 18 17 0
split_gain=0.846069 0.825084 0.666398 0.89296 0.627848 0.400245 0.7151 0.389454 0.373848 0.138405
threshold=1.9571428465000003 8.3000000715000031 0.24792775000000003 63.919999125000011 0.63675778550000006 0.50000000750000007 0.4629158570000001 0.65407409500000013 0.65814673200000007 0.13379374000000002
decision_type=2 2 2 2 2 2 2 2 2 2
left_child=1 2 3 8 -2 6 -4 -5 -1 -7
right_child=4 -3 5 7 -6 9 -8 -9 -10 -11
leaf_value=0.00015700441307925798 -0.0023581251374387982 0.00037112941450861742 -0.00015317024143267873 -0.0021045642644896391 0.00014701077754972924 3.1017513590797872e-05 0.00011625998180985644 0.00075746829640976703 0.00090929691266699881 -0.00049536800157116013
leaf_weight=20 160 28 22 36 20 20 22 30 25 96
leaf_count=20 160 28 22 36 20 20 22 30 25 96
internal_value=0.00026782 0.000595397 0.000413907 0.00100626 -0.000265487 0 0.000803571 0.000224551 0.00208515 -0.000308219
internal_weight=479 299 271 111 180 160 44 66 45 116
internal_count=479 299 271 111 180 160 44 66 45 116
is_linear=0
shrinkage=0.01


Tree=549
num_leaves=10
num_cat=0
split_feature=4 4 41 96 44 83 7 13 54
split_gain=0.671518 1.14194 0.902543 0.564959 0.530296 0.596677 0.410773 0.141738 0.0383218
threshold=0.32941557150000006 0.33806902850000004 3.5500000640000002 80.747927840000003 11.299999990000002 5.0207142455000007 0.41948735750000005 0.74693535000000011 11.450000075
decision_type=2 2 2 2 2 2 2 2 2
left_child=6 -2 -3 -4 7 -6 -1 -5 -8
right_child=1 2 3 4 5 -7 8 -9 -10
leaf_value=0.00010517997120581022 0.0012475445822417825 0.00058681801218442016 6.547227447385914e-05 -0.00044691568273492999 -6.17527721435342e-06 0.00036243142397886159 -0.0019861669334930439 2.1624149350103622e-05 -0.00029067518807107342
leaf_weight=37 23 35 20 106 49 43 105 20 20
leaf_count=37 23 35 20 106 49 43 105 20 20
internal_value=0.000390148 0.000673854 0.000480277 0.000247069 8.68372e-05 0.000668103 -0.000116708 -0.000323344 -0.000401431
internal_weight=458 296 273 238 218 92 162 126 125
internal_count=458 296 273 238 218 92 162 126 125
is_linear=0
shrinkage=0.01


Tree=550
num_leaves=12
num_cat=0
split_feature=53 53 44 54 93 49 19 96 96 49 14
split_gain=0.628376 0.593283 0.955424 0.434167 0.325209 0.301655 0.456489 0.192444 0.137806 0.151257 0.118074
threshold=0.40000000950000009 0.89999998350000021 9.6499999800000023 0.99999999650000004 18.182143010000001 5.1499999055000005 76.615000000000023 99.404000345000014 102.04611525000001 23.400000405000004 0.70064303550000007
decision_type=2 2 2 2 2 2 2 2 2 2 2
left_child=3 2 -2 4 -1 6 -3 -7 9 -5 -9
right_child=1 5 -4 8 -6 7 -8 10 -10 -11 -12
leaf_value=0.0018689739285456964 2.9119575789080532e-05 0.0015469488888874301 0.00016743222355836544 -0.0025122829725091941 -5.0736556847446326e-06 0.0016295213337030124 -9.4854811683056187e-05 0.00013531608252634491 1.5422216829418555e-05 0.00052833721910375774 -0.00015742541145113208
leaf_weight=21 39 23 24 147 21 20 22 20 35 20 58
leaf_count=21 39 23 24 147 21 20 22 20 35 20 58
internal_value=0.000295031 0.00070116 0.00151254 -4.08498e-05 0.000864486 0.000323366 0.00099345 0 -0.000241617 -0.000366508 -0.000215736
internal_weight=450 206 63 244 42 143 45 98 202 167 78
internal_count=450 206 63 244 42 143 45 98 202 167 78
is_linear=0
shrinkage=0.01


Tree=551
num_leaves=10
num_cat=0
split_feature=78 14 48 7 55 30 80 52 54
split_gain=0.798476 0.915015 0.775746 0.513823 0.663224 0.856622 0.80672 0.433555 0.30537
threshold=7.8714285575000007 0.72244947650000013 6.1000000610000003 0.54411971450000018 2.6000000125000002 2.4571428385000007 5.7221427730000007 14.449999720000003 0.8500000015000001
decision_type=2 2 2 2 2 2 2 2 2
left_child=3 2 7 -1 -5 6 -6 8 -2
right_child=1 -3 -4 4 5 -7 -8 -9 -10
leaf_value=-0.0023074172291369112 0.00049353403812004944 -0.00045316141326607207 0.00039050158197974263 -0.001640969703545778 0.00050168253114536222 -5.4308207798304282e-05 1.6816451387028957e-05 9.9845439164226107e-05 -0.0022014184402513702
leaf_weight=162 24 40 26 58 24 37 22 24 30
leaf_count=162 24 40 26 58 24 37 22 24 30
internal_value=0.0001887 0.000801105 0.00129771 -9.71035e-05 0.000334979 0.000912888 0.00181624 0.000748731 0.00020073
internal_weight=447 144 104 303 141 83 46 78 54
internal_count=447 144 104 303 141 83 46 78 54
is_linear=0
shrinkage=0.01


Tree=552
num_leaves=11
num_cat=0
split_feature=56 60 5 84 15 10 35 44 2 21
split_gain=0.697848 0.779579 1.16739 0.462609 0.553256 0.959045 0.248264 0.122313 0.0955528 0.0892094
threshold=0.25000000350000007 3.7500004770000008 0.46976100000000004 15.850714275000003 0.72790397600000012 0.62325485700000016 4.3071428705000008 12.099999855000002 0.35287071450000002 2.2928571190000002
decision_type=2 2 2 2 2 2 2 2 2 2
left_child=-1 2 3 4 5 -2 7 8 -3 -6
right_child=1 6 -4 -5 9 -7 -8 -9 -10 -11
leaf_value=0.00067731115531711517 8.5299037638549227e-06 -0.0032796951623394743 0.00039618800197030061 -0.00051776198721340287 0.00028837802297528524 0.00060406940734609353 5.1697097393130456e-05 0.00038365549313178454 -2.4172813023692828e-05 -0.0009743507121598333
leaf_weight=29 40 160 34 53 20 27 21 20 32 33
leaf_count=29 40 160 34 53 20 27 21 20 32 33
internal_value=0.000305449 0.000199637 0.000647257 0.000296317 0.000645695 0.00124631 -0.000190334 -0.000300752 -0.000383818 -8.36432e-05
internal_weight=469 440 207 173 120 67 233 212 192 53
internal_count=469 440 207 173 120 67 233 212 192 53
is_linear=0
shrinkage=0.01


Tree=553
num_leaves=9
num_cat=0
split_feature=48 55 9 16 23 13 6 48
split_gain=1.31718 0.676641 0.707701 0.401511 0.777011 0.22543 0.170717 0.130715
threshold=8.3000000715000031 1.0500000080000003 0.61994157500000013 0.67720392850000011 1.8285714135000002 0.68397857150000008 0.5215316430000001 1.8000000195000003
decision_type=2 2 2 2 2 2 2 2
left_child=1 2 -1 6 5 -5 -3 -7
right_child=-2 3 -4 4 -6 7 -8 -9
leaf_value=0.0003905457730270315 0.00039831825190593729 -0.0026589622633362629 -2.0640558994145008e-05 9.8240292779197555e-05 0.00020346126286782285 0.00034037921910331506 6.8121597465625877e-05 -8.6950680586691306e-05
leaf_weight=28 32 169 34 20 37 20 39 78
leaf_count=28 32 169 34 20 37 20 39 78
internal_value=0.000261031 0.000106858 0.00106688 -5.3601e-05 0.000324133 -5.89227e-05 -0.000344828 -0.000273279
internal_weight=457 425 62 363 155 118 208 98
internal_count=457 425 62 363 155 118 208 98
is_linear=0
shrinkage=0.01


Tree=554
num_leaves=11
num_cat=0
split_feature=54 5 0 98 67 47 97 7 97 5
split_gain=0.853367 0.765928 2.15761 0.470405 0.957969 0.215261 0.205742 0.139791 0.129153 0.0424363
threshold=1.0000000225000003 0.41864207150000005 0.31292365450000009 22.484581360000004 26.434999940000001 1.2000000365000003 28.987920785000004 0.40947400000000006 27.772760855000005 0.49723407150000004
decision_type=2 2 2 10 2 2 8 2 10 2
left_child=1 6 -3 7 5 8 -1 -2 -5 -9
right_child=3 2 -4 4 -6 -7 -8 9 -10 -11
leaf_value=-0.00017184356125098043 0.00044197853701956168 0.00053491779015742895 -4.2443553484549757e-05 -0.00035360450558546535 5.425929357364182e-05 7.8365880597209653e-05 0.001055914480137875 -0.0024617798070083953 0.000649713451145772 -9.0902619009544142e-06
leaf_weight=29 20 23 26 75 32 32 20 174 20 20
leaf_count=29 20 23 26 75 32 32 20 174 20 20
internal_value=0.000174862 0.00100202 0.00187751 -3.87909e-05 0.000366082 -1.17372e-05 7.0281e-05 -0.000349162 -0.00026618 -0.000436345
internal_weight=471 98 49 373 159 127 49 214 95 194
internal_count=471 98 49 373 159 127 49 214 95 194
is_linear=0
shrinkage=0.01


Tree=555
num_leaves=11
num_cat=0
split_feature=5 9 10 18 88 54 45 85 4 4
split_gain=0.647102 1.24077 1.92907 0.776309 0.850287 0.743989 0.505243 0.258313 0.326834 0.032135
threshold=0.42560378550000005 0.66726000000000008 0.6591916430000001 0.68323078550000005 8.9607141360000018 1.0999999900000001 2.9999999405000004 13.565000025000002 0.33419702350000008 0.44320064300000001
decision_type=2 2 2 2 2 2 2 2 2 2
left_child=3 2 5 7 -5 -2 -3 -1 -9 -8
right_child=1 6 -4 4 -6 -7 9 8 -10 -11
leaf_value=-0.0023324386094028047 0.00033786616892795017 0.00041196709237704938 0.0015340625223094044 -0.0020752033393013577 0.0017168061934702556 -0.00022694304644802784 -1.5446950501299739e-05 0.00089296482662692305 -0.00023144312849034281 -0.00012402835945262181
leaf_weight=152 22 37 26 22 34 38 61 32 31 20
leaf_count=152 22 37 26 22 34 38 61 32 31 20
internal_value=0.000337326 0.000761719 0.00167051 9.19782e-06 0.00105634 0.000625 7.57575e-05 -0.000257183 0.000258621 -0.000348411
internal_weight=475 204 86 271 56 60 118 215 63 81
internal_count=475 204 86 271 56 60 118 215 63 81
is_linear=0
shrinkage=0.01


Tree=556
num_leaves=10
num_cat=0
split_feature=27 52 44 63 80 55 98 13 10
split_gain=0.520508 0.53119 0.389612 0.337694 0.322553 0.619455 0.703757 0.279683 0.118855
threshold=3.8214285545000002 0.90000000950000014 15.949999745000001 2.7749996185000003 5.3592858485000008 0.69999999550000014 26.401655540000004 0.73934505000000017 0.6842667145000001
decision_type=2 2 2 2 2 2 8 2 2
left_child=1 -1 3 4 8 -6 -7 -5 -2
right_child=2 -3 -4 7 5 6 -8 -9 -10
leaf_value=-0.0017870758905589737 -0.00043432896355731623 0.00056869614137903537 0.00021047715468307013 -0.0035679919045690338 -0.00030170977409861273 0.00023350831697179674 -0.00014123821358168442 8.8391758743275905e-05 0.00033929816211879628
leaf_weight=22 59 26 20 179 35 44 27 25 20
leaf_count=22 59 26 20 179 35 44 27 25 20
internal_value=0.000129969 0.00110656 8.54063e-06 -5.7722e-05 0.000244887 0.000608614 0.00114902 -0.000341797 -0.000219298
internal_weight=457 48 409 389 185 106 71 204 79
internal_count=457 48 409 389 185 106 71 204 79
is_linear=0
shrinkage=0.01


Tree=557
num_leaves=11
num_cat=0
split_feature=27 72 98 14 80 7 43 27 35 63
split_gain=0.889659 0.592733 0.542288 0.557265 0.923239 0.557262 0.391313 0.297517 0.117458 0.099614
threshold=3.8285714390000005 82.14500141500001 23.120483925000006 0.71322011400000007 5.4750000240000007 0.62304800000000016 15.500000195000002 4.1785714625000008 4.1999999630000007 3.0900001525000005
decision_type=2 2 10 2 2 2 2 2 2 2
left_child=1 -1 5 4 -4 7 9 8 -2 -5
right_child=2 -3 3 6 -6 -7 -8 -9 -10 -11
leaf_value=0.00039574265342425793 -0.0023196364906601674 -4.7317962375923298e-05 -0.0030801855916638451 -1.3713670792678753e-05 0.00031067156900490758 0.00039680740241553069 0.0010107639151428821 0.00011397448532624083 1.5885219018733025e-05 0.0003521968437804853
leaf_weight=29 194 24 24 51 32 28 20 21 27 22
leaf_count=29 194 24 24 51 32 28 20 21 27 22
internal_value=0.000300338 0.00151487 0.000139352 0.000624165 0.00140845 -0.000121861 0.000122601 -0.000284185 -0.000399008 -0.000196477
internal_weight=472 53 419 149 56 270 93 242 221 73
internal_count=472 53 419 149 56 270 93 242 221 73
is_linear=0
shrinkage=0.01


Tree=558
num_leaves=12
num_cat=0
split_feature=56 31 15 93 7 96 1 59 37 4 1
split_gain=0.870671 0.383528 1.07071 0.42453 0.78454 0.177955 0.360103 0.126679 0.116955 0.0413815 0.0954834
threshold=0.25000000350000007 2.8142857040000004 0.65142042900000019 17.154999940000007 0.5539215715000001 73.069060915000009 0.17717000000000002 0.58999967600000014 5.414285694000001 0.38621613100000002 0.27035092850000003
decision_type=2 2 2 2 2 2 2 2 2 2 2
left_child=-1 2 -2 4 -4 6 -3 9 -5 -7 -11
right_child=1 5 3 8 -6 7 -8 -9 -10 10 -12
leaf_value=0.00061314240813848016 0.00037935951830626451 -0.0056628909789369361 0.00081418169531394225 -0.0022632718310857964 -1.204353316622011e-05 -0.0010228519553945137 0.0016012311054375184 0.00019448739628678504 2.2423795666191345e-05 2.3565340234487365e-05 -0.0015642202785590875
leaf_weight=29 23 24 20 77 20 153 20 20 22 20 37
leaf_count=29 23 24 20 77 20 153 20 20 22 20 37
internal_value=0.000140618 2.28937e-05 0.000411548 6.0801e-05 0.000931372 -0.000200146 0.000357143 -0.000316291 -0.000275551 -0.000393738 -0.000112457
internal_weight=465 436 162 139 40 274 44 230 99 210 57
internal_count=465 436 162 139 40 274 44 230 99 210 57
is_linear=0
shrinkage=0.01


Tree=559
num_leaves=9
num_cat=0
split_feature=16 15 7 96 18 62 15 1
split_gain=0.805506 0.693858 0.849127 0.835943 0.564892 0.200475 0.160597 0.0392534
threshold=0.60464378550000009 0.72981245250000015 0.60344354300000014 131.19284590000004 0.6834761075000001 1.0000000180025095e-35 0.75473470250000008 0.29216750000000008
decision_type=2 2 2 2 2 2 2 2
left_child=7 2 3 4 5 -2 -3 -1
right_child=1 6 -4 -5 -6 -7 -8 -9
leaf_value=-0.0062873922694410798 -0.00042732619128318879 -8.2566740684297853e-05 0.00058670793748075861 0.00037386554255253087 0.00089450948840987898 0.00014251791122697088 4.0515242337272232e-05 -0.0010166461350837389
leaf_weight=116 72 68 25 29 27 75 32 20
leaf_count=116 72 68 25 29 27 75 32 20
internal_value=0.000228055 0.000498783 0.000804196 0.000571639 0.000291762 3.04464e-05 -0.000178572 -0.000409357
internal_weight=464 328 228 203 174 147 100 136
internal_count=464 328 228 203 174 147 100 136
is_linear=0
shrinkage=0.01


Tree=560
num_leaves=11
num_cat=0
split_feature=36 5 45 14 98 18 80 13 26 8
split_gain=0.64411 0.567391 0.919013 0.524961 0.356453 0.417693 0.251067 0.204928 0.166272 0.0423186
threshold=5.0142857005000012 0.4845589285000001 4.9999999105000006 0.71322011400000007 23.993880675000003 0.68323078550000005 5.4328571555000007 0.70795712000000011 2.4714285735000003 0.49459371450000006
decision_type=2 2 2 2 10 2 2 2 2 2
left_child=1 4 -3 -2 8 6 -6 -8 9 -1
right_child=3 2 -4 -5 5 -7 7 -9 -10 -11
leaf_value=0.00043158784679687924 9.704081277752949e-05 0.00056808152187435527 -0.0042245392961890596 6.7664807518925403e-06 -0.00044220140401947139 0.0014213184057767503 0.00023971853898250287 -4.385181319554182e-06 0.00012025740991519093 -0.0019945654117176827
leaf_weight=20 35 34 25 30 52 31 21 24 36 171
leaf_count=20 35 34 25 30 52 31 21 24 36 171
internal_value=0.000226136 7.47347e-05 0.000978261 0.00114742 -7.16696e-05 0.000341615 0 0.000556768 -0.000313872 -0.000435349
internal_weight=479 414 59 65 355 128 97 45 227 191
internal_count=479 414 59 65 355 128 97 45 227 191
is_linear=0
shrinkage=0.01


Tree=561
num_leaves=12
num_cat=0
split_feature=54 2 7 10 16 15 12 30 51 2 2
split_gain=0.948347 0.667409 0.805884 0.590372 0.472456 0.638278 0.693702 0.349514 0.300566 0.2819 0.0204918
threshold=1.0000000225000003 0.37223157150000002 0.48887542850000004 0.63838076200000005 0.58913064300000018 0.70211948550000014 0.67691778550000015 2.2642857175000004 0.35000000900000006 0.28605188100000006 0.28535050000000006
decision_type=2 2 2 2 2 2 2 2 2 2 2
left_child=1 2 -1 -4 -2 6 7 10 -7 -8 -6
right_child=4 -3 3 -5 5 8 9 -9 -10 -11 -12
leaf_value=-0.00013974637304489231 -0.0066641235816526801 -0.0038838242917394856 0.00050666193281745137 0.0002323253756059482 -0.0021396713403745351 0.00017415128681404983 0.00013831720503317381 0.00096508209648417278 -0.00023090804821019061 0.0006852015926520227 -0.00037189676685827928
leaf_weight=29 102 20 24 33 28 34 20 38 92 20 20
leaf_count=29 102 20 24 33 28 34 20 38 92 20 20
internal_value=0.000342882 0.00117041 0.0015553 0.00224048 8.7373e-05 0.000324367 0.000828076 0.000288018 -0.000165615 0.00191176 -0.000245902
internal_weight=460 106 86 57 354 252 126 86 126 40 48
internal_count=460 106 86 57 354 252 126 86 126 40 48
is_linear=0
shrinkage=0.01


Tree=562
num_leaves=10
num_cat=0
split_feature=29 66 16 23 49 16 29 8 1
split_gain=0.661032 0.721312 0.479871 0.350763 0.968894 0.380673 0.352395 0.0373232 0.02997
threshold=4.2642856750000009 30.640000345000001 0.67720392850000011 1.7214285515000003 5.1499999055000005 0.71469892850000016 3.9500000475000006 0.52140328600000008 0.28545300000000007
decision_type=2 2 2 2 2 2 2 2 2
left_child=1 3 -3 8 -5 6 -6 -2 -1
right_child=7 2 -4 4 5 -7 -8 -9 -10
leaf_value=-0.00076450459163953624 -0.0003860694840925061 0.00056290825565410345 0.00084989271315548387 0.0015311455530814988 9.3297155622171316e-05 -0.0003680764350367338 -0.0021053644591297709 -0.0034284525929566679 -9.191241114804052e-06
leaf_weight=52 20 34 25 23 83 56 54 95 20
leaf_count=52 20 34 25 23 83 56 54 95 20
internal_value=0.000252809 0.000472973 0.00147993 0.000256233 0.000461254 0.000214138 0.000504354 -0.000392919 -0.00032967
internal_weight=462 347 59 288 216 193 137 115 72
internal_count=462 347 59 288 216 193 137 115 72
is_linear=0
shrinkage=0.01


Tree=563
num_leaves=12
num_cat=0
split_feature=3 2 90 13 38 9 3 38 17 22 3
split_gain=1.13032 1.23316 0.68485 0.860874 0.529653 0.450274 0.967192 0.217555 0.116561 0.137836 0.0173151
threshold=0.35252696400000011 0.31722652400000001 18.633571355000004 0.61424050850000012 6.0428572040000015 0.59954969150000015 0.32319575700000008 5.6785714625000017 0.71075571400000015 1.8571428655000002 0.33971077550000006
decision_type=2 2 2 2 2 2 2 2 2 2 2
left_child=2 -2 3 -1 7 -5 -7 -3 9 -4 -8
right_child=1 4 8 5 -6 6 10 -9 -10 -11 -12
leaf_value=0.001495980727464102 0.00036161593132100325 0.00025049279349045959 -0.0016130519646852899 -0.0011667787386419456 0.00022878875516615214 0.00031166190700630391 -2.0553322434805004e-06 -0.0032850402647894494 0.00027203688263761628 0.0016827183703811254 -0.0011615690903602812
leaf_weight=23 22 20 150 49 36 35 20 33 20 22 23
leaf_count=23 22 20 150 49 36 35 20 33 20 22 23
internal_value=0.000399956 0.0012746 0.000107935 0.000616711 0.000707127 0.000269953 0.000748731 2.78809e-05 -0.000280083 -0.00037037 -0.000216895
internal_weight=453 111 342 150 89 127 78 53 192 172 43
internal_count=453 111 342 150 89 127 78 53 192 172 43
is_linear=0
shrinkage=0.01


Tree=564
num_leaves=11
num_cat=0
split_feature=50 19 3 97 19 20 96 52 96 26
split_gain=0.708246 0.562059 0.523485 0.760404 0.981801 0.800368 0.407949 0.211102 0.244204 0.214904
threshold=9.8500000200000013 55.565000000000005 0.35320377100000006 21.593363450000002 115.96000000000002 0.90714285650000015 131.61942115000002 9.8499999050000024 73.069060915000009 2.4857142565000001
decision_type=2 2 2 10 2 2 2 2 2 2
left_child=1 -1 6 -4 5 -5 7 8 -2 -10
right_child=2 -3 3 4 -6 -7 -8 -9 9 -11
leaf_value=4.5336799562939066e-07 0.00089159988277715126 0.00031587466940215708 -0.0035850987236538678 0.00060969335605477618 -1.7948232606668442e-05 0.00028011357298026867 0.00024433653077565623 -0.0010811534049426999 -0.00039762405924848352 0.00013001452247926755
leaf_weight=23 26 21 35 21 22 33 31 125 133 21
leaf_count=23 26 21 35 21 22 33 31 125 133 21
internal_value=0.000269418 0.00147321 0.000144037 0.000737925 0.00130208 0.00202555 -4.75061e-05 -0.000165141 4.42477e-05 -9.68993e-05
internal_weight=491 44 447 111 76 54 336 305 180 154
internal_count=491 44 447 111 76 54 336 305 180 154
is_linear=0
shrinkage=0.01


Tree=565
num_leaves=12
num_cat=0
split_feature=36 2 3 55 18 50 36 63 13 3 32
split_gain=0.760787 1.23766 0.491351 1.24978 0.603974 0.917978 0.386759 0.107443 0.0969204 0.0939964 0.0405422
threshold=5.0142857005000012 0.31432811900000007 0.35252696400000011 2.6000000125000002 0.65577471450000002 11.500000015000003 5.1500000275000009 2.4650001525000005 0.67873879150000016 0.37327085700000007 3.2357142910000003
decision_type=2 2 2 2 2 2 2 2 2 2 2
left_child=2 -2 4 9 7 -6 -3 -1 -7 -4 -9
right_child=1 6 3 -5 5 8 -8 10 -10 -11 -12
leaf_value=1.0053775742475349e-05 0.00036654118815323573 0.00027441036884284369 0.00031485007882980616 0.00048862627047095719 0.0013787670811738044 4.5876058638095619e-05 -0.0024937674285207133 -0.0023610564563158985 -0.00072305649314127415 -0.0034574120357694954 -0.0021643658254506936
leaf_weight=26 20 20 20 30 31 20 28 21 38 36 190
leaf_count=26 20 20 20 30 31 20 28 21 38 36 190
internal_value=0.000245424 0.00122093 7.75193e-05 0.000748848 -9.48594e-05 0.000595768 0.000286885 -0.000363751 -0.000119048 -0.000105634 -0.000441454
internal_weight=480 68 412 86 326 89 48 237 58 56 211
internal_count=480 68 412 86 326 89 48 237 58 56 211
is_linear=0
shrinkage=0.01


Tree=566
num_leaves=10
num_cat=0
split_feature=54 16 87 64 96 96 26 19 17
split_gain=0.673436 0.489892 0.543481 0.75581 0.516335 0.431807 0.345041 0.115904 0.0387645
threshold=0.50000000750000007 0.58913064300000018 8.7778572355000026 1.9949998855000002 131.48502525000004 95.700869215000012 1.9142857150000003 140.19000000000003 0.72893757150000005
decision_type=2 2 2 2 2 2 2 2 2
left_child=6 -2 4 5 7 -4 -1 8 -3
right_child=1 2 3 -5 -6 -7 -8 -9 -10
leaf_value=5.1132429968079564e-05 -0.0047681366778505865 -0.00062715576613923973 -0.0023324766773474177 0.0012365400933910368 0.00015744352390363432 0.00023820861309899148 8.5826973112286607e-05 1.2635318372286125e-05 -0.0031904822373980415
leaf_weight=25 109 110 38 33 38 37 22 21 20
leaf_count=25 109 110 38 33 38 37 22 21 20
internal_value=0.000223667 8.60372e-05 0.000300537 0.00086397 -1.31719e-05 0.000270448 0.00134937 -0.000286561 -0.000405199
internal_weight=453 406 297 108 189 75 47 151 130
internal_count=453 406 297 108 189 75 47 151 130
is_linear=0
shrinkage=0.01


Tree=567
num_leaves=13
num_cat=0
split_feature=4 97 98 2 68 91 91 57 81 19 19 45
split_gain=0.96202 0.811775 1.54846 0.714339 0.592305 0.920934 0.395568 0.31862 0.308618 0.184766 0.136467 0.191897
threshold=0.38234050000000003 22.200154955000006 25.199560300000005 0.30904095200000009 1.2800002100000003 21.397857260000006 21.705714225000005 0.60000001250000012 9.4357143130000019 62.545000000000009 18.610000000000003 3.0499999525000003
decision_type=2 8 8 2 2 2 2 2 2 2 2 2
left_child=4 8 -3 -4 5 7 -7 -1 -2 -9 11 -6
right_child=1 2 3 -5 10 6 -8 9 -10 -11 -12 -13
leaf_value=-0.00068866165336903902 -0.0038070263994037252 0.00021798684311697962 0.00041579612068003954 -7.1537319832183468e-06 -0.0097196714794850272 0.0011841419775186666 0.00013444569959096588 0.00025138761185441896 0.00013106260787820433 -7.3824999653520718e-05 -0.0023206803481879141 0.0055197825181252424
leaf_weight=59 35 21 20 39 25 20 23 20 25 20 135 20
leaf_count=59 35 21 20 39 25 20 23 20 25 20 135 20
internal_value=0.000360847 0.00105114 0.00170792 0.000811037 5.26641e-05 0.000539216 0.00174658 0 0.000131579 0.000686274 -0.000320797 0.000120087
internal_weight=462 140 80 59 322 142 43 99 60 40 180 45
internal_count=462 140 80 59 322 142 43 99 60 40 180 45
is_linear=0
shrinkage=0.01


Tree=568
num_leaves=10
num_cat=0
split_feature=30 98 55 18 7 2 14 23 6
split_gain=1.04137 0.730561 0.980826 0.48255 0.564874 1.36746 0.260825 0.352686 0.0358742
threshold=2.0142857265000003 18.199877625000003 1.0000000225000003 0.7069623570000001 0.54593564300000008 0.29115764300000008 0.70938507150000019 1.8999999845000002 0.37085234700000008
decision_type=2 10 2 2 2 2 2 2 2
left_child=-1 6 -3 4 8 -6 -2 -8 -4
right_child=1 2 3 -5 5 -7 7 -9 -10
leaf_value=0.00039855619513959892 -0.0029925593038501253 0.00045792673674932452 -0.0015517939516050362 0.00047258058334058689 0.00074984426272293677 -3.3838625127084351e-05 -0.0023716467911125139 0.00011693867691122898 -0.00066758250391797897
leaf_weight=35 147 27 20 28 29 72 23 20 83
leaf_count=35 147 27 20 28 29 72 23 20 83
internal_value=0.000321782 0.000185638 0.000533102 0.000309278 0.000126953 0.000663065 -0.000277778 0.000376712 -0.00038054
internal_weight=484 449 259 232 204 101 190 43 103
internal_count=484 449 259 232 204 101 190 43 103
is_linear=0
shrinkage=0.01


Tree=569
num_leaves=11
num_cat=0
split_feature=7 51 16 15 4 4 50 11 45 7
split_gain=1.0535 0.845068 0.455081 0.75128 0.441157 0.296035 0.257807 0.340245 0.123258 0.0423582
threshold=0.63897342850000005 58.250000580000005 0.6776522140000002 0.70211948550000014 0.33346874250000008 0.41889300000000002 11.200000095000002 0.69719535700000013 1.9000000060000002 0.39868378600000004
decision_type=2 2 2 2 2 2 2 2 2 2
left_child=1 2 5 4 -4 9 7 -5 -8 -1
right_child=-2 -3 3 6 -6 -7 8 -9 -10 -11
leaf_value=-0.0019675853953260779 0.00031931367055587287 0.00045428263731148096 0.00095259591917328142 -8.4040726130607325e-06 1.1211430072353662e-05 3.1760693279986283e-05 5.0461382681563828e-06 0.00032188979318493023 -0.00048981172199079185 -0.0023061395041463124
leaf_weight=20 30 23 22 29 21 22 21 24 77 172
leaf_count=20 30 23 22 29 21 22 21 24 77 172
internal_value=0.000254439 0.000121584 9.78462e-06 0.000364476 0.00151826 -0.000302607 1.64689e-05 0.000585502 -0.000273279 -0.000435685
internal_weight=461 431 408 194 43 214 151 53 98 192
internal_count=461 431 408 194 43 214 151 53 98 192
is_linear=0
shrinkage=0.01


Tree=570
num_leaves=11
num_cat=0
split_feature=7 96 97 3 24 57 57 31 19 8
split_gain=0.787674 1.06989 0.919571 0.597235 0.758711 0.258752 0.455853 0.122006 0.113851 0.0428731
threshold=0.59956314300000002 131.19284590000004 26.465459855000002 0.39936442850000003 1.7142857100000002 1.3999999835000001 0.55000000800000015 3.2214285985000006 40.225000000000009 0.64595771450000006
decision_type=2 2 10 2 2 2 2 2 2 2
left_child=1 5 -3 4 -2 6 8 9 -1 -7
right_child=3 2 -4 -5 -6 7 -8 -9 -10 -11
leaf_value=4.2966310275269394e-05 1.0366841438500638e-05 0.00012548595146653612 -0.0001764053215844797 -0.001539732606574908 0.00058315511465392559 -0.0022661064064061491 0.00086403932941056473 0.004719014730601199 -0.00092438549891154121 4.0678343264787531e-05
leaf_weight=20 21 28 24 24 24 186 34 23 53 20
leaf_count=20 21 28 24 24 24 186 34 23 53 20
internal_value=0.000217344 3.60081e-05 0.00136364 0.00119627 0.00186681 -0.000166271 0.000227273 -0.000359008 -0.000196477 -0.000440039
internal_weight=457 388 52 69 45 336 107 229 73 206
internal_count=457 388 52 69 45 336 107 229 73 206
is_linear=0
shrinkage=0.01


Tree=571
num_leaves=10
num_cat=0
split_feature=57 44 45 5 72 52 43 1 2
split_gain=0.796564 0.615496 0.634013 2.03282 0.491156 0.816278 0.276831 0.249672 0.0662955
threshold=4.3999999765000011 15.749999955000002 2.9499999880000005 0.43647588100000007 81.390001300000009 18.700000035000006 1.2000000215000002 0.21085335700000005 0.23908178550000003
decision_type=2 2 2 2 2 2 2 2 2
left_child=1 2 3 8 5 6 -4 -6 -1
right_child=-2 -3 4 -5 7 -7 -8 -9 -10
leaf_value=5.6399941985414428e-05 -0.0033518723933853162 0.00078976173483150992 -0.0019253201167434284 0.00058546008990026149 0.0014927531658681559 0.00026248442853628133 2.7848796746649083e-05 -0.002049832250391583 -0.00099368699069364596
leaf_weight=20 99 21 41 23 25 30 73 103 22
leaf_count=20 99 21 41 23 25 30 73 103 22
internal_value=0.000304718 0.000526756 0.000412966 0.00129939 0.000190616 0.000593923 0.000182927 -0.000248447 0
internal_weight=457 358 337 65 272 144 114 128 42
internal_count=457 358 337 65 272 144 114 128 42
is_linear=0
shrinkage=0.01


Tree=572
num_leaves=11
num_cat=0
split_feature=18 12 17 96 19 43 96 96 57 1
split_gain=0.843872 1.08974 0.378944 0.6274 1.10794 0.416517 0.339867 0.322493 0.112178 0.0192946
threshold=0.70545036450000009 0.69622350000000011 0.58129871400000011 115.69645150000001 82.945000000000007 16.849999785000005 131.83848035000003 96.752676805000007 4.0000000265000013 0.24315379250000002
decision_type=2 2 2 2 2 2 2 2 2 2
left_child=2 -2 5 4 7 -1 8 9 -5 -4
right_child=1 -3 3 6 -6 -7 -8 -9 -10 -11
leaf_value=-0.0042671556481028586 0.0015659682271002432 -0.00095862822382357783 0.00020357527594315971 -0.00059955767990327335 0.00047315139163187802 0.00015181238590342025 5.7575922338981385e-05 0.00051173371955309582 -3.8419761044824727e-05 -0.0046684692832596525
leaf_weight=129 20 20 20 92 32 28 37 39 24 26
leaf_count=129 20 20 20 92 32 28 37 39 24 26
internal_value=0.000287516 0.00166667 0.000150771 0.000380354 0.000929541 -0.000231306 -2.92589e-05 0.000297203 -0.000308219 -0.000235043
internal_weight=467 40 427 270 117 157 153 85 116 46
internal_count=467 40 427 270 117 157 153 85 116 46
is_linear=0
shrinkage=0.01


Tree=573
num_leaves=11
num_cat=1
split_feature=99 27 26 98 98 27 14 30 49 1
split_gain=0.527137 1.13668 0.504754 0.382646 0.435557 0.311947 0.206596 0.101424 0.109057 0.0342222
threshold=0 3.9214285440000003 2.3142857210000005 25.199560300000005 22.226472410000003 4.1499999930000007 0.68962457150000012 2.0142857265000003 5.0499999745000013 0.16832192850000002
decision_type=1 2 2 8 10 2 2 2 2 2
left_child=5 -2 3 4 -3 7 -7 -1 -9 -5
right_child=1 2 -4 9 -6 6 -8 8 -10 -11
leaf_value=-0.00017983350398964048 0.00010082459312341297 -0.00034398862067631491 9.6051562449765642e-05 -0.0075251285232150467 5.8184920771060672e-05 -0.0085922506502496727 9.8753497620409175e-05 -6.6635709539793717e-06 -0.0012551739450329558 -0.00036600894115099717
leaf_weight=23 25 38 29 20 20 22 20 28 158 72
leaf_count=23 25 38 29 20 20 22 20 28 158 72
internal_value=0.000176612 0.000540037 0.000269744 1.98938e-05 0.000663265 -0.00012796 0.000630841 -0.000297903 -0.000380086 -0.000366379
internal_weight=455 204 179 150 58 251 42 209 186 92
internal_count=455 204 179 150 58 251 42 209 186 92
cat_boundaries=0 1
cat_threshold=805373595
is_linear=0
shrinkage=0.01


Tree=574
num_leaves=11
num_cat=0
split_feature=5 97 52 36 1 98 97 9 30 7
split_gain=1.01193 1.17259 1.40413 0.765039 1.10716 0.672716 0.539524 0.348396 0.300288 0.0426612
threshold=0.47714655350000007 22.200154955000006 7.5000002085000004 4.7571428675000007 0.28686164250000007 25.572599765000003 26.168896200000002 0.63930679150000014 2.0428571615000002 0.41948735750000005
decision_type=2 8 2 2 2 10 10 2 2 2
left_child=3 -2 -3 5 -5 8 -7 -8 -1 -10
right_child=1 2 -4 4 -6 6 7 -9 9 -11
leaf_value=0.0002533511375027701 -1.1820802683413806e-06 9.1414313293201565e-05 0.00058373633922043197 0.00011287736481460528 -0.00014480197381779239 0.0001458081104447995 -0.0015711587465771456 0.00035489741129716946 -0.00011914982966982235 -0.0025798326388521376
leaf_weight=37 36 24 22 27 28 28 35 23 20 180
leaf_count=37 36 24 22 27 28 28 35 23 20 180
internal_value=0.000407986 0.00141304 0.00245726 0.000182154 0.00126344 0 0.000748848 0.000153061 -0.000279647 -0.000438247
internal_weight=460 82 46 378 55 323 86 58 237 200
internal_count=460 82 46 378 55 323 86 58 237 200
is_linear=0
shrinkage=0.01


Tree=575
num_leaves=13
num_cat=0
split_feature=25 16 6 9 20 49 3 9 16 36 65 30
split_gain=0.925487 1.13397 1.44854 0.929605 0.555146 0.399031 0.359875 0.276075 0.120914 0.112937 0.10348 0.038624
threshold=1.871428579 0.72412207150000019 0.47562464300000001 0.6608368750000001 0.93571428750000007 23.999999830000004 0.33082507150000007 0.50846252500000011 0.69752910700000015 4.7571428675000007 41.575001240000013 2.4285714205000004
decision_type=2 2 2 2 2 2 2 2 2 2 2 2
left_child=1 2 4 -4 8 7 -6 -2 -1 -3 11 -9
right_child=5 9 3 -5 6 -7 -8 10 -10 -11 -12 -13
leaf_value=-0.0004417104760361268 0.0021619468657413823 -0.00043093954621482703 0.00021551439126699548 3.3750179139844845e-05 0.0002559817081721686 6.3342407233984725e-05 1.4651753292999304e-05 -0.0021623082659649666 0.00011096472610476849 1.5256678239042375e-05 -0.00015288136924342357 -4.3040486152735845e-06
leaf_weight=32 20 52 25 23 29 22 22 144 29 20 25 21
leaf_count=32 20 52 25 23 29 22 22 144 29 20 25 21
internal_value=0.000378657 0.000824742 0.00129353 0.0027459 0.000638298 -6.01376e-05 0.00139961 -0.000203985 0 -0.000192308 -0.000330189 -0.000425211
internal_weight=464 232 160 48 112 232 51 210 61 72 190 165
internal_count=464 232 160 48 112 232 51 210 61 72 190 165
is_linear=0
shrinkage=0.01


Tree=576
num_leaves=12
num_cat=1
split_feature=99 57 27 77 53 81 10 4 16 35 0
split_gain=0.835824 1.10139 0.712235 0.971083 0.840347 0.949707 1.13877 0.242937 0.238039 0.142342 0.032135
threshold=0 4.2999999970000014 3.9428571120000004 -0.045000034999999987 0.40000000950000009 8.5028571060000022 0.62570685700000006 0.33673492850000003 0.67720392850000011 4.192857129500001 0.10497737500000003
decision_type=1 2 2 2 2 2 2 2 2 2 2
left_child=9 2 3 -2 8 7 -7 -6 -4 -1 -3
right_child=1 10 4 -5 5 6 -8 -9 -10 -11 -12
leaf_value=-0.0019744917581276662 0.00042965175247244034 -0.0051325708235056503 -0.0044545686574322908 0.00041610166733940286 -0.00056523827185687579 0.00011011294270038346 0.00060886476967391854 0.00062649328339699803 0.00013139852404699901 0.00044867219683417781 1.8598433870815611e-05
leaf_weight=108 24 61 53 20 24 27 32 35 34 20 20
leaf_count=108 24 61 53 20 24 27 32 35 34 20 20
internal_value=0.000368352 0.000625 0.00097478 0.00214286 0.000706997 0.00125421 0.00214883 0.000309364 -1.70844e-05 -0.000302594 -0.000348411
internal_weight=458 330 249 44 205 118 59 59 87 128 81
internal_count=458 330 249 44 205 118 59 59 87 128 81
cat_boundaries=0 1
cat_threshold=42013730
is_linear=0
shrinkage=0.01


Tree=577
num_leaves=13
num_cat=0
split_feature=51 52 23 0 10 54 25 97 0 18 97 14
split_gain=0.892789 0.628317 0.967946 0.94822 0.976137 0.58155 0.355069 0.283932 0.653612 0.287056 0.267063 0.0268617
threshold=0.89999999850000012 7.5999999645000011 1.6571428865000002 0.2660955805000001 0.62325485700000016 0.50000000750000007 1.871428579 23.530456615000002 0.11869404200000001 0.66868535700000009 31.142163675000003 0.70117720250000015
decision_type=2 2 2 2 2 2 2 10 2 2 8 2
left_child=7 6 -3 4 -4 -5 10 -1 9 -9 -2 -8
right_child=1 2 3 5 -6 -7 11 8 -10 -11 -12 -13
leaf_value=-0.0020960728944651543 0.00048236550987877847 -0.0020573372691580264 0.00027508763384714516 4.8196004482719396e-05 0.00068828650321797746 -0.0024434357627481211 -0.0027497270034975013 -0.00065562641325259488 0.00010084682015602826 0.00011505525704106853 -0.0019243700808291057 2.5891868506580303e-06
leaf_weight=115 38 26 27 26 22 24 42 67 20 20 24 20
leaf_count=115 38 26 27 26 22 24 42 67 20 20 24 20
internal_value=0.00032323 0.000734588 0.00123609 0.00168838 0.00268072 0.000649606 0.000208333 -0.000130162 0.000227273 -0.00013098 0.000748408 -0.000302548
internal_weight=471 249 125 99 49 50 124 222 107 87 62 62
internal_count=471 249 125 99 49 50 124 222 107 87 62 62
is_linear=0
shrinkage=0.01


Tree=578
num_leaves=13
num_cat=0
split_feature=6 2 31 13 25 18 14 97 48 18 76 0
split_gain=1.16915 1.54178 1.03031 0.823959 1.10272 1.01748 1.08337 0.449549 0.413362 0.412092 0.13998 0.0264977
threshold=0.5215316430000001 0.31771297600000009 2.8142857040000004 0.68397857150000008 1.6214285490000002 0.64601090450000009 0.66298000000000001 21.841133310000004 6.3000001610000007 0.68323078550000005 94.379999165000001 0.27915595800000004
decision_type=2 2 2 2 2 2 2 10 2 2 2 2
left_child=2 -2 3 4 -1 6 -6 -3 11 10 -4 -5
right_child=1 7 9 8 5 -7 -8 -9 -10 -11 -12 -13
leaf_value=-0.0017998707919368907 0.00078822626160221293 -0.0023771826121259799 -0.0010212048420574541 -0.00035524020930454569 0.00035396207145392626 0.0015441690487779307 -0.002881748420499717 0.00031281810531830684 0.00023598275769039979 0.00013334564953384779 0.00065853924093867882 -0.0019088629058739565
leaf_weight=20 34 27 164 41 20 21 20 32 29 26 22 20
leaf_count=20 34 27 164 41 20 21 20 32 29 26 22 20
internal_value=0.000503356 0.00150853 0.000251433 0.000829453 0.00155868 0.00222492 0.00117647 0.000476589 0.000143172 -0.000206767 -0.000380086 -0.000299353
internal_weight=476 93 383 171 81 61 40 59 90 212 186 61
internal_count=476 93 383 171 81 61 40 59 90 212 186 61
is_linear=0
shrinkage=0.01


Tree=579
num_leaves=13
num_cat=0
split_feature=4 2 31 3 43 52 27 65 43 50 41 18
split_gain=1.32038 1.02649 0.832377 0.826157 0.748205 0.731358 0.573949 0.546123 0.52603 0.4431 0.207726 0.15072
threshold=0.38234050000000003 0.30825885700000005 2.9571428555000003 0.33357957150000001 11.699999900000002 14.449999720000003 3.9357142450000002 35.290000440000007 15.850000085000001 11.949999955000001 5.0999999940000009 0.67768314250000017
decision_type=2 2 2 2 2 2 2 2 2 2 2 2
left_child=2 9 3 4 5 6 -1 -3 10 -2 -9 -4
right_child=1 7 11 -5 -6 -7 -8 8 -10 -11 -12 -13
leaf_value=0.00065909489867410544 0.00017938208801590341 0.00038030029620441367 -0.0015798623992459161 -0.0020358225023928279 0.0001032752864830519 0.00010353960664650576 -0.0018170180576275619 0.00015034362423530266 0.00058725407161800542 0.00047924800517951702 -0.00047035321629990427 2.0536210634149453e-05
leaf_weight=25 20 21 144 47 24 20 49 23 21 20 46 20
leaf_count=25 20 21 144 47 24 20 49 23 21 20 46 20
internal_value=0.000495008 0.00126812 0.000131898 0.000636309 0.00108586 0.00064346 0.000147059 0.000737925 0.000363436 0.00264706 -3.58167e-05 -0.000364078
internal_weight=480 151 329 165 118 94 74 111 90 40 69 164
internal_count=480 151 329 165 118 94 74 111 90 40 69 164
is_linear=0
shrinkage=0.01


Tree=580
num_leaves=11
num_cat=0
split_feature=11 44 64 43 8 2 65 46 43 12
split_gain=0.758859 0.951166 0.711705 0.705357 0.572087 0.65577 0.534415 0.236404 0.153223 0.0329546
threshold=0.65941340450000008 13.399999850000002 0.54500007650000015 13.250000050000002 0.48260336750000005 0.23114452350000003 40.710000995000009 0.35000000900000006 17.099999875000005 0.73964307150000008
decision_type=2 2 2 2 2 2 2 2 2 2
left_child=4 2 -2 9 5 -1 -5 8 -6 -4
right_child=1 -3 3 6 7 -7 -8 -9 -10 -11
leaf_value=-0.0025692809374326022 0.00035087756222332777 0.00017345085258872687 -0.0003985790443172965 -0.00023429355377270128 -0.0010792363368260665 0.0021690779458811418 0.0005981104112078255 8.2278981265185481e-05 4.1449198891251683e-05 -0.00039275172047174915
leaf_weight=25 32 24 65 35 159 20 38 24 20 20
leaf_count=25 32 24 65 35 159 20 38 24 20 20
internal_value=0.000360847 0.000796089 0.000539832 0.000245592 -8.0387e-06 0.00099345 0.000968835 -0.000242885 -0.000375417 -0.000355478
internal_weight=462 214 190 158 248 45 73 203 179 85
internal_count=462 214 190 158 248 45 73 203 179 85
is_linear=0
shrinkage=0.01


Tree=581
num_leaves=12
num_cat=0
split_feature=96 15 6 2 54 19 8 21 19 78 8
split_gain=0.960856 1.86906 0.807771 1.69177 0.350805 0.384465 0.217555 0.134824 0.206758 0.122593 0.0778705
threshold=131.19284590000004 0.72790397600000012 0.51911278550000006 0.32034507150000008 0.99999999650000004 81.795000000000016 0.54733814300000005 2.2571428755000005 18.610000000000003 7.8049999645000012 0.68787176200000011
decision_type=2 2 2 2 2 2 2 2 2 2 2
left_child=2 -2 4 -4 5 6 -1 -6 -9 -10 -5
right_child=1 -3 3 10 7 -7 -8 8 9 -11 -12
leaf_value=0.00063624006010073162 0.00037433681675504545 -0.00024612479086583036 0.00097248351096003492 -0.00096841669648721691 -0.001430254067253956 0.00024622381690018975 -0.0036493494884873934 0.00277243866317059 -0.00034206083905469247 1.0118869939291587e-05 0.00049492777737459833
leaf_weight=20 27 31 27 27 121 22 33 32 76 41 20
leaf_count=20 27 31 27 27 121 22 33 32 76 41 20
internal_value=0.000312892 0.00151361 0.000139352 0.00108289 -5.92829e-05 0.000534301 2.78809e-05 -0.000232644 -1.6689e-05 -0.000224958 -3.13809e-05
internal_weight=477 58 419 74 345 75 53 270 149 117 47
internal_count=477 58 419 74 345 75 53 270 149 117 47
is_linear=0
shrinkage=0.01


Tree=582
num_leaves=12
num_cat=0
split_feature=96 66 74 38 91 36 43 96 2 2 20
split_gain=0.847356 0.865124 0.928425 0.736331 0.721462 0.293834 0.243492 0.130742 0.188056 0.0983101 0.0959732
threshold=89.867262285000024 28.510000705000003 54.235000135000007 6.0142857350000005 21.550713945000002 4.7642857180000009 15.400000125000002 70.137508020000013 0.23200485700000004 0.3276139285000001 0.70714286000000015
decision_type=2 2 2 2 2 2 2 2 2 2 2
left_child=7 5 3 -3 -4 6 10 8 -1 -6 -2
right_child=1 2 4 -5 9 -7 -8 -9 -10 -11 -12
leaf_value=-0.0033648365216470619 -3.9664982063733828e-06 0.00012546991055903633 0.00067998525330982302 0.0007947325624003415 -0.00039642312516081316 8.2764613989316728e-05 0.00042647052637095174 -0.0042444336426830168 8.9366707720096649e-05 6.6059793255542063e-05 -0.00014245957325118163
leaf_weight=24 27 34 36 20 39 33 20 110 20 20 85
leaf_count=24 27 34 36 20 39 33 20 110 20 20 85
internal_value=0.000307167 0.000606734 0.00115821 0.00220803 0.00052714 9.3486e-05 -0.000105422 -0.000290698 0.000133928 -0.000125418 -0.000301419
internal_weight=468 314 149 54 95 165 132 154 44 59 112
internal_count=468 314 149 54 95 165 132 154 44 59 112
is_linear=0
shrinkage=0.01


Tree=583
num_leaves=12
num_cat=0
split_feature=4 48 15 3 4 48 17 45 18 28 1
split_gain=0.721437 0.490546 0.82587 0.677896 1.04503 0.408717 0.34744 0.264003 0.184746 0.131656 0.0383218
threshold=0.32261328600000005 5.0500000085000005 0.72981245250000015 0.35729614250000002 0.35440475000000005 2.5000000075000002 0.73236200000000007 3.0499999525000003 0.6834761075000001 4.1785714285000006 0.21354107150000004
decision_type=2 2 2 2 2 2 2 2 2 2 2
left_child=8 5 3 4 -3 -2 7 -7 10 -9 -1
right_child=1 2 -4 -5 -6 6 -8 9 -10 -11 -12
leaf_value=-0.0036886158762842527 0.00020313221614948418 0.00070201810860289209 -0.00017601063533439909 0.00034567103988962549 2.1272066965896396e-05 0.00021633112659589699 0.0015010056025825922 -0.00063568871891267324 0.00013454702177953504 3.4053857943899417e-05 -0.00039779961358869456
leaf_weight=105 39 20 24 24 39 31 21 97 29 21 20
leaf_count=105 39 20 24 24 39 31 21 97 29 21 20
internal_value=0.000324979 0.000599747 0.00115492 0.00162888 0.000978261 0.000302669 7.61123e-05 -8.34447e-05 -0.000226098 -0.000311448 -0.000401431
internal_weight=470 316 107 83 59 209 170 149 154 118 125
internal_count=470 316 107 83 59 209 170 149 154 118 125
is_linear=0
shrinkage=0.01


Tree=584
num_leaves=11
num_cat=0
split_feature=6 2 46 12 24 98 24 50 33 3
split_gain=0.714127 1.14866 0.597282 0.619146 0.426216 0.343773 0.56429 0.355316 0.106886 0.092457
threshold=0.51452969050000008 0.30319423800000006 0.25000000750000007 0.66696985700000011 1.8214285670000001 22.896985000000004 1.7000000180000001 10.100000190000001 4.4857142140000006 0.37105116650000008
decision_type=2 2 2 2 2 10 2 2 2 2
left_child=2 -2 5 -4 9 7 8 -1 -7 -3
right_child=1 4 3 -5 -6 6 -8 -9 -10 -11
leaf_value=0.0004073913722703864 0.00091815923106770782 3.7313519809035605e-05 0.00050950662204950951 -2.1568243840231441e-06 0.00045788892666608338 -0.00036206982437281287 0.00069349490163962636 -0.0011532009038497854 0.00016396764685986461 -9.3356803931053637e-05
leaf_weight=20 26 20 25 24 24 46 36 186 20 35
leaf_count=20 26 20 25 24 24 46 36 186 20 35
internal_value=0.000274416 0.000997164 5.44996e-05 0.0010743 0.000357143 -0.000103627 0.000359922 -0.000343327 -0.000164671 -9.85664e-05
internal_weight=462 105 357 49 79 308 102 206 66 55
internal_count=462 105 357 49 79 308 102 206 66 55
is_linear=0
shrinkage=0.01


Tree=585
num_leaves=11
num_cat=0
split_feature=97 34 97 15 64 81 5 22 65 11
split_gain=0.848862 1.11667 1.09827 0.886765 0.722134 0.468352 0.301016 0.0857157 0.074748 0.0411212
threshold=22.836835770000004 5.6071429255000007 26.399380485000005 0.72018407150000008 2.1949996945000003 8.8857142585000002 0.52067228550000011 1.7999999945000003 40.339999675000008 0.55803550000000013
decision_type=10 2 10 2 2 2 2 2 2 2
left_child=6 2 3 -2 8 7 9 -4 -3 -1
right_child=1 4 5 -5 -6 -7 -8 -9 -10 -11
leaf_value=-0.00507797387867444 0.00034957861534362292 -0.0024145140514282614 7.433212925396588e-05 2.8767526402775096e-05 0.00055868501654812198 0.00036834065123156839 0.00069824474833465389 -0.0017121756852183647 1.0098047439361293e-05 -0.00076764944286625638
leaf_weight=20 32 87 20 23 22 22 21 31 34 145
leaf_count=20 32 87 20 23 22 22 21 31 34 145
internal_value=0.000239187 0.000597866 0.00127329 0.00233871 0 0.000426829 -0.000273019 -6.75677e-05 -0.000316092 -0.000425211
internal_weight=457 271 128 55 143 73 186 51 121 165
internal_count=457 271 128 55 143 73 186 51 121 165
is_linear=0
shrinkage=0.01


Tree=586
num_leaves=13
num_cat=0
split_feature=30 98 2 85 0 35 38 49 97 74 41 0
split_gain=0.821582 0.696256 0.650831 1.31081 0.437439 0.365351 0.248465 0.328281 0.143104 0.130128 0.0954834 0.0210574
threshold=2.0142857265000003 22.896985000000004 0.30880726750000004 12.937142885000002 0.11745643050000001 4.2714286360000004 6.2214285645000009 15.700000335 31.599505230000002 58.725000385000008 8.7000001410000021 0.13817531250000004
decision_type=2 10 2 2 2 2 2 2 10 2 2 2
left_child=9 5 3 4 10 6 8 -8 -2 -1 -3 -4
right_child=1 2 11 -5 -6 -7 7 -9 -10 -11 -12 -13
leaf_value=0.00039963405203536414 -0.0019065948011212431 -0.0022023582758461603 -6.8895230917847369e-06 0.00014318504147482742 0.00033783062808319863 0.00047588427785991985 0.0018671675006479743 -0.0039432837258250074 3.9950455576153552e-05 9.1519947664301458e-05 0.00026573130214457564 -1.5074207191736273e-05
leaf_weight=20 189 37 20 37 24 25 20 20 22 20 20 29
leaf_count=20 189 37 20 37 24 25 20 20 22 20 20 29
internal_value=0.000302811 0.000172375 0.00068236 0.00108586 0.000336186 -0.000130058 -0.000252184 0.000441176 -0.00039424 0.00166667 -0.000112457 -0.000251004
internal_weight=483 443 167 118 81 276 251 40 211 40 57 49
internal_count=483 443 167 118 81 276 251 40 211 40 57 49
is_linear=0
shrinkage=0.01


Tree=587
num_leaves=12
num_cat=0
split_feature=17 6 7 46 42 8 8 10 8 11 3
split_gain=0.989912 0.883774 1.33694 0.981965 0.723071 0.486767 0.457131 0.107265 0.198792 0.087495 0.039407
threshold=0.56319950000000019 0.47699496450000006 0.55995945250000012 0.35000000900000006 5.2500000000000009 0.64908957150000013 0.48260336750000005 0.62325485700000016 0.57989378550000004 0.72418721450000012 0.40218102400000005
decision_type=2 2 2 2 2 2 2 2 2 2 2
left_child=10 3 -3 6 5 -4 -2 -8 -9 -6 -1
right_child=1 2 4 -5 9 -7 7 8 -10 -11 -12
leaf_value=-0.0031317376299937662 0.00085918173483120921 0.00034894206699213155 3.3259203782487734e-07 0.00047681814289648214 -3.0765295056503699e-05 0.00044274648455515717 -0.00066758596864869635 4.0164545793139569e-05 -0.00029219600727713391 9.9489764206070613e-06 -0.0011804839652685697
leaf_weight=118 30 25 21 27 32 25 94 20 55 20 20
leaf_count=118 30 25 21 27 32 25 94 20 55 20 20
internal_value=0.000296228 0.000581761 0.00126414 0.000198413 0.00069838 0.00160256 -3.75377e-05 -0.000250295 6.59619e-06 -7.57577e-05 -0.000410663
internal_weight=487 349 123 226 98 46 199 169 75 52 138
internal_count=487 349 123 226 98 46 199 169 75 52 138
is_linear=0
shrinkage=0.01


Tree=588
num_leaves=14
num_cat=0
split_feature=4 3 18 49 23 74 98 30 52 55 19 11 18
split_gain=1.02634 0.863209 2.58237 0.547117 1.01079 0.43899 0.849305 0.979669 0.65895 0.186036 0.0838677 0.038503 0.0371026
threshold=0.32095100000000004 0.31158873800000003 0.56801864300000016 17.399999970000003 1.9000000015000003 50.084999565000011 26.398989690000004 2.3571428655000006 21.649999845000004 1.9500000555000001 73.925000000000026 0.68731814250000012 0.46360480950000005
decision_type=2 2 2 2 2 2 10 2 2 2 2 2 2
left_child=9 2 -2 5 -5 6 7 -3 12 -1 -8 -11 -7
right_child=1 3 -4 4 -6 8 10 -9 -10 11 -12 -13 -14
leaf_value=3.0390094824396533e-05 -0.0037355413568764761 -0.00011437690757405153 0.0013682537670195883 0.00056384999216672112 -0.0001441664308417453 -0.0057515368168344436 2.2614827435803177e-05 0.00015193430548026088 0.00021019978678398039 -0.0032393027448467636 -0.00026475301948064589 -0.0028239934199521038 -0.00063669768700396661
leaf_weight=29 24 24 28 21 28 20 20 23 25 107 30 20 93
leaf_count=29 24 24 28 21 28 20 20 23 25 107 30 20 93
internal_value=0.000430195 0.00074228 0.00193182 0.00051264 0.0014759 0.000298982 0.000812883 0.00176778 -5.04324e-05 -0.000229592 -5.90552e-05 -0.000402974 -0.000391037
internal_weight=492 336 52 284 49 235 97 47 138 156 50 127 113
internal_count=492 336 52 284 49 235 97 47 138 156 50 127 113
is_linear=0
shrinkage=0.01


Tree=589
num_leaves=13
num_cat=0
split_feature=57 16 53 38 98 13 57 97 52 0 1 0
split_gain=0.796855 0.944004 0.879606 1.34221 1.10035 0.73522 0.486286 0.697198 0.982355 0.0361382 0.031695 0.0192946
threshold=4.2999999970000014 0.72323602400000009 0.40000000950000009 6.0285714010000016 26.397590145000006 0.67246792500000019 0.60000001250000012 22.010740550000005 0.90000000950000014 0.11679660400000001 0.23458046400000002 0.12550053100000003
decision_type=2 2 2 2 8 2 2 10 2 2 2 2
left_child=1 2 6 4 -4 -5 -1 -8 -9 -2 -3 -6
right_child=9 10 3 5 11 -7 7 8 -10 -11 -12 -13
leaf_value=-0.00091699861799051209 -0.0032050052670097111 -7.8955704450659473e-05 0.00021834992616666458 0.00069393127628365248 -0.00098608360381347666 0.00016708920736511706 -0.006435303485614525 -0.0020331928404666807 0.00062573533753077968 -0.0018577258654680785 -2.8076847972887936e-05 4.4530273424575328e-05
leaf_weight=47 85 20 28 20 26 22 33 23 55 20 59 20
leaf_count=47 85 20 28 20 26 22 33 23 55 20 59 20
internal_value=0.000368352 0.000597795 0.000877001 0.0015411 0.000681818 0.00296729 0.000371536 0.000737925 0.00125635 -0.000382798 -0.000344612 -0.000235043
internal_weight=458 353 274 116 74 42 158 111 78 105 79 46
internal_count=458 353 274 116 74 42 158 111 78 105 79 46
is_linear=0
shrinkage=0.01


Tree=590
num_leaves=9
num_cat=0
split_feature=34 44 48 14 50 54 5 36
split_gain=0.938865 0.958969 0.773451 0.628906 0.422395 0.646307 0.331744 0.115367
threshold=5.7857143540000004 15.749999955000002 8.3000000715000031 0.62768507100000004 11.600000005000002 7.9500001000000013 0.48791635750000001 4.7571428675000007
decision_type=2 2 2 2 2 2 2 2
left_child=1 2 3 -1 5 -5 -2 -6
right_child=6 -3 -4 4 7 -7 -8 -9
leaf_value=0.00050856717971685362 -0.0034542848994167114 0.00023264571886239511 0.00037224616652598074 8.7649308135917969e-06 -0.00091028520526041418 0.00086674257121356472 2.846881544045765e-05 1.8284031435457186e-05
leaf_weight=24 128 20 36 75 99 27 34 37
leaf_count=24 128 20 36 75 99 27 34 37
internal_value=0.000370216 0.000686951 0.000532128 0.00033105 0.000163316 0.000651751 -0.000239558 -0.000190059
internal_weight=480 318 298 262 238 102 162 136
internal_count=480 318 298 262 238 102 162 136
is_linear=0
shrinkage=0.01


Tree=591
num_leaves=11
num_cat=1
split_feature=50 4 99 8 79 13 22 10 79 11
split_gain=1.01678 0.701065 0.551285 0.95251 0.258263 0.251736 0.437439 0.124092 0.148512 0.0954834
threshold=9.8500000200000013 0.36250778550000007 0 0.62792307150000004 6.8385714850000001 0.72528151650000006 1.8142857125000003 0.51216585700000017 5.4714286370000007 0.70554471450000011
decision_type=2 2 1 2 2 2 2 2 2 2
left_child=1 -1 3 4 -2 7 9 -4 -9 -7
right_child=2 -3 5 -5 -6 6 -8 8 -10 -11
leaf_value=0.0001572678263696976 0.00080733980477233906 1.8014929490179571e-05 0.00046495452958468465 0.00059653401678496103 -0.004056022889331142 0.0026398297104098735 0.00028827673648841487 7.6698301190670891e-05 -0.00065283643707697992 -0.00097731778337030169
leaf_weight=22 30 22 20 39 43 20 24 21 178 37
leaf_count=22 30 22 20 39 43 20 24 21 178 37
internal_value=0.000262697 0.00169643 0.000101744 0.000667752 2.03251e-05 -0.000122265 0.000336186 -0.000307097 -0.000387888 -0.000112457
internal_weight=456 44 412 112 73 300 81 219 199 57
internal_count=456 44 412 112 73 300 81 219 199 57
cat_boundaries=0 1
cat_threshold=707003144
is_linear=0
shrinkage=0.01


Tree=592
num_leaves=11
num_cat=0
split_feature=44 98 15 17 10 24 30 50 50 6
split_gain=0.804476 0.680032 0.718692 0.944051 1.95004 0.672037 0.515721 0.494045 0.284295 0.0406149
threshold=16.000000040000003 18.199877625000003 0.72790397600000012 0.66330657150000005 0.62325485700000016 1.7000000095000003 2.0428571615000002 19.949999935000005 11.099999805000001 0.52814857150000016
decision_type=2 10 2 2 2 2 2 2 2 2
left_child=1 6 3 5 -5 -3 -1 -7 -4 -8
right_child=-2 2 8 4 -6 7 9 -9 -10 -11
leaf_value=0.0002980822366668373 0.00083576753387882272 -0.001972625848018366 1.2914703269360003e-05 9.4753378606685573e-05 0.00061522662331617111 0.00056390873116256637 -0.0030594571403286613 3.9608055696767103e-06 -0.00033481878995059627 1.6256451848945627e-06
leaf_weight=33 20 49 20 39 25 31 136 30 65 20
leaf_count=33 20 49 20 39 25 31 136 30 65 20
internal_value=0.00037116 0.000276292 0.000610085 0.000978261 0.00194444 0.000388087 -0.000171233 0.00109223 -0.000122378 -0.000420918
internal_weight=468 448 259 174 64 110 189 61 85 156
internal_count=468 448 259 174 64 110 189 61 85 156
is_linear=0
shrinkage=0.01


Tree=593
num_leaves=7
num_cat=0
split_feature=50 56 44 18 86 4
split_gain=1.24299 0.551595 0.543375 0.428868 0.294068 0.174354
threshold=9.8500000200000013 0.25000000350000007 14.049999980000001 0.70545036450000009 12.582857265000001 0.39039204750000006
decision_type=2 2 2 2 2 2
left_child=-1 -2 3 4 -3 -6
right_child=1 2 -4 -5 5 -7
leaf_value=0.00013564427873027598 0.00026203353296795796 1.3685788714293875e-05 0.00068069741645408993 0.001046252714799053 -0.0012855819604372552 3.5575252957721641e-05
leaf_weight=33 22 31 24 31 215 83
leaf_count=33 22 31 24 31 215 83
internal_value=0.000269441 0.000110619 1.55924e-05 -7.76054e-05 -0.000189509 -0.000291165
internal_weight=439 406 384 360 329 298
internal_count=439 406 384 360 329 298
is_linear=0
shrinkage=0.01


Tree=594
num_leaves=12
num_cat=1
split_feature=37 99 56 18 4 63 43 14 16 16 4
split_gain=1.17225 0.967768 1.08022 0.841479 0.451849 0.291149 0.440643 0.398157 0.0708924 0.0639114 0.0268617
threshold=5.414285694000001 0 4.9500000065000007 0.68180292850000013 0.36822471450000005 2.7449998855000004 1.2000000215000002 0.70938507150000019 0.6776522140000002 0.69962471450000019 0.37732353600000007
decision_type=2 1 2 2 2 2 2 2 2 2 2
left_child=1 2 -1 4 -4 6 10 -8 -7 -10 -3
right_child=-2 5 3 -5 -6 8 7 -9 9 -11 -12
leaf_value=0.0017320493006748575 0.00028501202841308126 -0.0017998485733694187 -0.00033173431572606924 0.0016161904095838692 7.8077308769118717e-05 -0.002934949133259172 0.00022561863576174679 3.7843993485679046e-06 8.5736246637382467e-05 -0.0014301199459464979 -1.9701708810542897e-05
leaf_weight=22 27 42 57 20 31 144 24 31 20 21 20
leaf_count=22 27 42 57 20 31 144 24 31 20 21 20
internal_value=0.000322966 0.000189464 0.000873579 0.000496323 4.50449e-05 -0.00012468 0.000250424 0.000905018 -0.00037944 0 -0.000302548
internal_weight=459 432 130 108 88 302 117 55 185 41 62
internal_count=459 432 130 108 88 302 117 55 185 41 62
cat_boundaries=0 1
cat_threshold=2392336
is_linear=0
shrinkage=0.01


Tree=595
num_leaves=9
num_cat=0
split_feature=48 44 75 8 3 98 19 97
split_gain=0.696132 0.63558 0.355031 0.187869 0.328281 0.121537 0.145077 0.105897
threshold=8.499999821500003 15.949999745000001 70.840001105000013 0.48260336750000005 0.24689704800000004 22.302357010000005 40.225000000000009 32.201832330000009
decision_type=2 2 2 2 2 10 2 10
left_child=1 2 3 4 -1 7 -7 -5
right_child=-2 -3 -4 5 -6 6 -8 -9
leaf_value=-0.004961274897900686 0.00028553980899550819 0.00010734808724420886 0.0001409977222963313 -0.001299233778325061 0.0021453392752333713 0.00013622806383008573 -0.00012795050593095042 2.074499035508077e-05
leaf_weight=20 34 22 35 194 20 23 99 30
leaf_count=20 34 22 35 194 20 23 99 30
internal_value=0.0001036 0 -9.12756e-05 -0.000183558 0.000441176 -0.000262399 0 -0.000400356
internal_weight=477 443 421 386 40 346 122 224
internal_count=477 443 421 386 40 346 122 224
is_linear=0
shrinkage=0.01


Tree=596
num_leaves=11
num_cat=0
split_feature=50 98 4 5 45 3 96 26 47 10
split_gain=1.45175 0.581373 0.477129 0.980167 0.422537 0.483691 0.329853 0.166114 0.10086 0.0425505
threshold=9.8500000200000013 28.279382665000004 0.37534757150000003 0.44604664300000002 3.8499999945000005 0.36432047600000006 132.04113905000003 2.4785714150000007 1.2000000365000003 0.48293992850000006
decision_type=2 8 2 2 2 2 2 2 2 2
left_child=1 -1 6 -4 5 -5 7 8 9 -2
right_child=2 -3 3 4 -6 -7 -8 -9 -10 -11
leaf_value=3.6897010247929908e-05 0.00042197844803209541 0.00041538070695482592 0.00038748526801451761 0.00029393719058915722 -3.0973933683399445e-05 -5.6628048219329761e-06 0.00020412644555458013 8.3743525740238973e-06 3.2012556916193484e-05 -0.00090805996074390632
leaf_weight=22 20 20 28 25 56 28 27 31 27 177
leaf_count=22 20 20 28 25 56 28 27 31 27 177
internal_value=0.000276093 0.00203271 9.17102e-05 0.000576923 0.000122951 0.000771375 -0.000137907 -0.00025606 -0.000355872 -0.000437311
internal_weight=461 42 419 137 109 53 282 255 224 197
internal_count=461 42 419 137 109 53 282 255 224 197
is_linear=0
shrinkage=0.01


Tree=597
num_leaves=11
num_cat=0
split_feature=48 96 15 48 38 44 18 6 3 0
split_gain=0.922718 0.727437 1.67844 0.553098 0.496319 0.4326 0.710091 0.246472 0.39276 0.02997
threshold=8.3000000715000031 131.19284590000004 0.72790397600000012 9.4000001775000026 6.0714286055000004 12.700000025000003 0.63012876200000012 0.5215316430000001 0.36819121450000009 0.27915595800000004
decision_type=2 2 2 2 2 2 2 2 2 2
left_child=1 4 -3 -2 7 6 9 -1 -9 -6
right_child=3 2 -4 -5 5 -7 -8 8 -10 -11
leaf_value=-0.00078710652097400079 0.00047228328234384757 0.00040671246604802861 -0.00066585774671993518 1.2885621136779532e-05 -0.0024098954363101074 0.00097761515971625697 0.0024691198797832932 0.00063675735606139375 -0.0010620125067983442 -0.0016991731232436284
leaf_weight=215 20 24 29 21 52 21 21 20 29 20
leaf_count=215 20 24 29 21 52 21 21 20 29 20
internal_value=0.000194585 5.21073e-05 0.00114312 0.00161483 -9.7677e-05 0.000444251 0.000122601 -0.000339879 0.000271084 -0.00032967
internal_weight=472 431 53 41 378 114 93 264 49 72
internal_count=472 431 53 41 378 114 93 264 49 72
is_linear=0
shrinkage=0.01


Tree=598
num_leaves=12
num_cat=0
split_feature=53 7 16 53 17 96 96 22 7 2 2
split_gain=0.945832 1.21678 0.925472 1.04018 1.49796 0.697562 0.532244 0.12307 0.211874 0.0249217 0.0216024
threshold=0.40000000950000009 0.60344354300000014 0.72522173800000012 0.89999998350000021 0.65311300000000017 86.163175245000005 131.48502525000004 1.9000000015000003 0.52262700000000006 0.24883721400000003 0.29786288100000008
decision_type=2 2 2 2 2 2 2 2 2 2 2
left_child=1 7 3 4 -2 -5 9 -1 -9 -7 -4
right_child=2 -3 10 5 -6 6 -8 8 -10 -11 -12
leaf_value=-0.00080675116403476198 5.9693188666206545e-05 0.00049495869067168877 0.00021723007912272774 0.0015595481562070568 0.00023921543142722923 -0.0002583444680123456 0.00012948943944666874 0.0007697844310838312 -0.0018926701450226468 -0.001722148554551707 -6.4738251515841197e-05
leaf_weight=154 28 36 20 20 21 20 24 20 31 37 30
leaf_count=154 28 36 20 20 21 20 24 20 31 37 30
internal_value=0.000379131 -3.51531e-05 0.000886454 0.00127984 0.00247992 0.000663065 0.000213936 -0.000342566 4.82624e-05 -0.000285467 -0.000255906
internal_weight=441 241 200 150 49 101 81 205 51 57 50
internal_count=441 241 200 150 49 101 81 205 51 57 50
is_linear=0
shrinkage=0.01


Tree=599
num_leaves=10
num_cat=0
split_feature=55 55 6 45 60 17 5 44 1
split_gain=0.936808 0.749016 0.538074 0.624697 0.818017 0.505831 0.11004 0.0439752 0.0193206
threshold=0.89999999100000017 0.60000001650000001 0.4833077380000001 3.6000000535000001 4.5349993705000005 0.72302271450000011 0.50273019050000012 13.950000010000002 0.27345942900000003
decision_type=2 2 2 2 2 2 2 2 2
left_child=1 -1 5 4 -4 7 -5 -2 -6
right_child=2 -3 3 6 8 -7 -8 -9 -10
leaf_value=-2.2422543018810154e-05 -0.00093449791515889426 0.00054322637394305497 0.00011479491737335847 -0.00058802544268295686 0.00034168458944169443 0.00076092696128764127 0.00016541222988102761 -0.001791522204043155 -0.00042667100037322223
leaf_weight=27 224 24 30 49 20 37 20 20 22
leaf_count=27 224 24 30 49 20 37 20 20 22
internal_value=0.000129801 0.00139961 -2.12868e-05 0.000476022 0.00112637 -0.000278566 -0.000179083 -0.000449347 0.000163551
internal_weight=473 51 422 141 72 281 69 244 42
internal_count=473 51 422 141 72 281 69 244 42
is_linear=0
shrinkage=0.01


Tree=600
num_leaves=12
num_cat=0
split_feature=16 16 22 6 13 42 27 12 0 3 6
split_gain=0.912475 0.983799 1.04525 1.21822 0.432852 0.419034 0.33481 0.151217 0.0639114 0.0417171 0.032135
threshold=0.67248635700000015 0.71635612250000014 1.6928571290000003 0.47699496450000006 0.68198537500000012 8.1999998685000026 3.8285714390000005 0.57757257100000003 0.24063061800000005 0.40431935700000005 0.52728892900000013
decision_type=2 2 2 2 2 2 2 2 2 2 2
left_child=6 2 8 4 -4 10 -1 -8 -2 -9 -3
right_child=1 5 3 -5 -6 -7 7 9 -10 -11 -12
leaf_value=0.00031078310373704242 -0.0010705326883301137 -4.3462878128182641e-05 0.00098968124879441895 0.00034800293421566764 -0.0026723562015107346 0.00056892706085265917 0.00019535360476906198 -0.0016636223829490069 2.6258091012944402e-05 -0.0011032276748968307 -9.2579106566301396e-06
leaf_weight=28 21 61 20 39 26 22 38 157 20 20 20
leaf_count=28 21 61 20 39 26 22 38 157 20 20 20
internal_value=0.000258037 0.000711488 0.00130126 0.0019289 0.000747863 0 -0.000162018 -0.000303522 0 -0.000430259 -0.000348411
internal_weight=472 229 126 85 46 103 243 215 41 177 81
internal_count=472 229 126 85 46 103 243 215 41 177 81
is_linear=0
shrinkage=0.01


Tree=601
num_leaves=12
num_cat=0
split_feature=5 16 17 20 82 24 50 56 20 25 0
split_gain=0.945501 0.660061 1.23231 0.736128 0.781953 0.632942 0.438732 0.268369 0.150453 0.092457 0.0199046
threshold=0.42315952350000002 0.72594564300000008 0.56340721400000005 1.0285714225000002 5.7678572190000006 1.6999999925000002 9.899999719000002 10.700000005000001 1.0642857125000003 2.1428571345000003 0.2660955805000001
decision_type=2 2 2 2 2 2 2 2 2 2 2
left_child=6 2 9 4 -4 -6 -1 8 -8 -2 -3
right_child=1 10 3 -5 5 -7 7 -9 -10 -11 -12
leaf_value=0.00014260472629211559 -0.0040053577181705423 -0.00017594031693399099 1.5450303175626219e-05 -1.7173243456092037e-05 0.00029979472364620403 0.00047443038506568298 -0.0012668898134055007 0.00036935750450504821 0.00078621396091744903 0.00012465088341786585 0.00012165680338223517
leaf_weight=22 35 27 21 20 29 32 195 38 21 20 20
leaf_count=22 35 27 21 20 29 32 195 38 21 20 20
internal_value=0.000245424 0.000761719 0.00107414 0.00172179 0.00213768 0.00271036 -0.000130058 -0.000255102 -0.000396679 -9.85664e-05 -0.000240586
internal_weight=480 204 157 102 82 61 276 254 216 55 47
internal_count=480 204 157 102 82 61 276 254 216 55 47
is_linear=0
shrinkage=0.01


Tree=602
num_leaves=11
num_cat=1
split_feature=44 16 99 15 17 10 96 28 98 1
split_gain=0.715075 0.485952 0.544469 0.714387 1.01464 0.605518 0.357129 0.286569 0.0995255 0.0278899
threshold=13.999999965000002 0.6125375715000001 0 0.71817716700000012 0.68161828600000007 0.62325485700000016 116.92261270000002 4.1071428060000015 19.354371755000006 0.26989957150000005
decision_type=2 2 1 2 2 2 2 2 10 2
left_child=1 8 7 4 5 -4 -5 -3 -1 -8
right_child=-2 2 3 6 -6 -7 9 -9 -10 -11
leaf_value=-0.0057873373979924767 0.00031952506667458163 -0.0018705111009723965 -6.2187896026324338e-05 0.000530725131690034 0.00097575690413141507 0.0003715244586480711 -7.7544117867779788e-05 0.00058015958327936113 -1.283803630155317e-05 -1.2683754855333936e-05
leaf_weight=95 35 81 39 23 28 44 45 21 27 20
leaf_count=95 35 81 39 23 28 44 45 21 27 20
internal_value=0.00032476 0.000204106 0.000422465 0.000707817 0.0012746 0.000674224 4.50449e-05 -0.00016844 -0.00031759 -0.00031155
internal_weight=458 423 301 199 111 83 88 102 122 65
internal_count=458 423 301 199 111 83 88 102 122 65
cat_boundaries=0 1
cat_threshold=403768322
is_linear=0
shrinkage=0.01


Tree=603
num_leaves=8
num_cat=0
split_feature=48 44 56 85 27 15 48
split_gain=0.549585 0.563707 0.507417 0.477537 0.270692 0.22603 0.14509
threshold=8.499999821500003 15.749999955000002 0.25000000350000007 14.005000220000001 4.1857143300000006 0.71941769050000015 2.5999999530000006
decision_type=2 2 2 2 2 2 2
left_child=1 2 -1 4 6 -6 -4
right_child=-2 -3 3 -5 5 -7 -8
leaf_value=0.00085807069034167375 0.00029017931229793616 0.00011969007484274438 1.0131746889704674e-05 0.00041533829961582988 0.0015323790875405585 -2.7801072982938402e-05 -0.00070819208036427769
leaf_weight=24 34 21 107 37 20 24 211
leaf_count=24 34 21 107 37 20 24 211
internal_value=0.000248538 0.000148381 6.25294e-05 -1.87595e-05 -0.000135061 0.000580357 -0.000241531
internal_weight=478 444 423 399 362 44 318
internal_count=478 444 423 399 362 44 318
is_linear=0
shrinkage=0.01


Tree=604
num_leaves=12
num_cat=0
split_feature=4 7 87 97 7 50 52 97 1 1 10
split_gain=0.52466 0.89389 0.502901 0.992736 0.346701 0.33699 0.319007 0.781824 0.0799496 0.0382524 0.0969204
threshold=0.38621613100000002 0.55824983950000007 8.9728571345000017 21.092562495000003 0.41948735750000005 11.600000005000002 9.3999999055000014 26.397590145000006 0.23350692850000002 0.25923407100000007 0.63731464300000018
decision_type=2 2 2 8 2 2 2 10 2 2 2
left_child=4 -2 -3 -4 -1 6 7 -6 -9 -7 -11
right_child=1 2 3 -5 5 9 -8 8 -10 10 -12
leaf_value=0.00085461765690409157 0.00030985337846959281 -1.9957360075668808e-05 -0.0010147942126041208 0.00061993718671042358 0.00065926342659880011 -0.00079905006215603611 -1.1536349058812531e-05 0.001157114753950268 -0.00113536218731701 -0.00075571895313447548 0.0006732926438564016
leaf_weight=33 27 48 26 28 26 138 36 20 28 38 20
leaf_count=33 27 48 26 28 26 138 36 20 28 38 20
internal_value=0.000179181 0.000720339 0.000262646 0.000930657 -2.20719e-05 -0.000133638 0.000297834 0.000681818 -4.09837e-05 -0.000386179 -0.000119048
internal_weight=468 129 102 54 339 306 110 74 48 196 58
internal_count=468 129 102 54 339 306 110 74 48 196 58
is_linear=0
shrinkage=0.01


Tree=605
num_leaves=12
num_cat=0
split_feature=17 16 65 9 27 1 16 41 9 98 0
split_gain=0.507886 0.842166 1.02441 0.386355 0.26287 0.348915 0.606272 0.253769 0.246078 0.14414 0.0329546
threshold=0.65311300000000017 0.71712764300000009 39.475000380000004 0.59253911050000008 3.9428571970000008 0.24065628600000002 0.63356514300000011 5.2999999855000004 0.61539137500000007 18.470270075000006 0.094894187500000018
decision_type=2 2 2 2 2 2 2 2 2 8 2
left_child=4 2 3 -2 5 -1 -7 -3 -4 -6 -9
right_child=1 7 8 -5 9 6 -8 10 -10 -11 -12
leaf_value=-0.0024553469023106782 -0.00045291674964377456 0.0001917915721110669 0.00021790477095409933 7.9979556758852063e-05 0.00011005828967743442 0.00075991086834892166 -0.0015012845983997357 -0.00026334754174662801 0.00047681352212807312 -0.00036664884607960163 -0.00010437666305796997
leaf_weight=34 31 20 20 37 21 22 28 20 20 148 65
leaf_count=34 31 20 20 37 21 22 28 20 20 148 65
internal_value=0.000160668 0.000521515 0.00113971 0.000348837 -0.000135934 0.000306604 0.000846457 -9.9244e-05 0.00240196 -0.00036808 -0.000355478
internal_weight=466 213 108 68 253 84 50 105 40 169 85
internal_count=466 213 108 68 253 84 50 105 40 169 85
is_linear=0
shrinkage=0.01


Tree=606
num_leaves=7
num_cat=0
split_feature=48 44 83 17 67 98
split_gain=0.807647 0.615932 0.291496 0.32612 0.331219 0.21526
threshold=8.3000000715000031 16.000000250000003 6.6842856920000004 0.58129871400000011 33.249999050000007 25.572599765000003
decision_type=2 2 2 2 2 10
left_child=1 2 3 -1 5 -5
right_child=-2 -3 -4 4 -6 -7
leaf_value=-0.0039541246700387214 0.0002625827979733072 0.00075976796062056894 0.00053021168696520439 -1.8955873373538909e-05 0.00038232521940180882 0.00020611198309090293
leaf_weight=130 36 21 24 139 39 91
leaf_count=130 36 21 24 139 39 91
internal_value=0.000203827 8.09351e-05 0 -6.87845e-05 0.000124166 -1.29984e-05
internal_weight=480 444 423 399 269 230
internal_count=480 444 423 399 269 230
is_linear=0
shrinkage=0.01


Tree=607
num_leaves=10
num_cat=0
split_feature=85 67 44 48 17 16 71 25 16
split_gain=0.467298 0.480405 0.362728 0.353556 0.206693 0.516849 0.187697 0.201105 0.121087
threshold=14.003571650000003 33.844999315000003 15.749999955000002 8.5500001795000014 0.68903750000000008 0.7206993570000001 65.66000080000002 2.1571428480000008 0.75413885700000016
decision_type=2 2 2 2 2 2 2 2 2
left_child=2 -2 3 4 6 -6 -1 -8 -7
right_child=1 -3 -4 -5 5 8 7 -9 -10
leaf_value=-0.00083161992896250167 0.00052778395577931364 -0.00015797430746192922 0.00075217028073069404 8.9389038631121218e-05 0.00071048477637578641 -0.00045221648956357346 -0.0022640754294985057 0.00042104749707164927 0.0025627093519078759
leaf_weight=185 28 23 21 34 33 62 29 31 20
leaf_count=185 28 23 21 34 33 62 29 31 20
internal_value=0.000117823 0.00101351 1.20238e-06 -6.33233e-05 -0.000160754 0.000177029 -0.000327502 0.000131579 -0.000229469
internal_weight=466 51 415 394 360 115 245 60 82
internal_count=466 51 415 394 360 115 245 60 82
is_linear=0
shrinkage=0.01


Tree=608
num_leaves=10
num_cat=0
split_feature=54 44 11 18 4 27 12 78 11
split_gain=0.798602 0.719721 0.456256 0.339315 0.81544 0.381663 0.198599 0.335061 0.0441188
threshold=0.50000000750000007 15.999999800000003 0.62220832100000012 0.68323078550000005 0.35026385750000005 3.7928571530000004 0.72825792850000004 7.4457142350000014 0.5019708570000001
decision_type=2 2 2 2 2 2 2 2 2
left_child=2 3 -1 5 -5 -2 8 -8 -7
right_child=1 -3 -4 4 -6 6 7 -9 -10
leaf_value=0.00034676424928635155 0.00044424415599886427 0.00079437469238306899 3.1175263565782725e-06 0.001414527149386266 -0.00011661766185719409 -0.003801894776464363 0.00038886113593603397 -0.0012430849753573901 -0.00093927844309625987
leaf_weight=23 27 20 23 37 40 20 23 32 230
leaf_count=23 27 20 23 37 40 20 23 32 230
internal_value=0.000148171 8.1432e-06 0.00138889 -7.93071e-05 0.000507712 -0.000222356 -0.000328646 0.000188172 -0.000450558
internal_weight=475 429 46 409 77 332 305 55 250
internal_count=475 429 46 409 77 332 305 55 250
is_linear=0
shrinkage=0.01


Tree=609
num_leaves=10
num_cat=0
split_feature=48 44 97 36 36 71 50 2 95
split_gain=0.860343 0.625131 1.04737 0.52446 0.409357 0.267461 0.116457 0.179847 0.131897
threshold=8.3000000715000031 12.250000030000001 23.530456615000002 5.0285714350000008 5.1500000275000009 66.999998095000009 11.099999805000001 0.25239192850000008 21.223571300000003
decision_type=2 2 8 2 2 2 2 2 2
left_child=1 3 -3 5 -5 6 7 -1 -8
right_child=-2 2 -4 4 -6 -7 8 -9 -10
leaf_value=-0.0063287474034503721 0.00036424544105586844 -0.00034340152484248486 0.00077570427991313694 0.00025937063995065088 -0.00026458031079534952 0.0010045264547548117 0.00012630244056730175 0.00036253903291064523 -0.00053019076656474348
leaf_weight=22 34 27 37 25 34 20 22 20 232
leaf_count=22 34 27 37 25 34 20 22 20 232
internal_value=0.000235331 0.000110277 0.00101852 -4.12455e-05 0.000811037 -0.000208333 -0.000289758 0.000163551 -0.000372842
internal_weight=473 439 64 375 59 316 296 42 254
internal_count=473 439 64 375 59 316 296 42 254
is_linear=0
shrinkage=0.01


Tree=610
num_leaves=12
num_cat=0
split_feature=54 54 97 4 4 4 9 30 24 98 6
split_gain=1.01658 0.658532 0.526975 0.561369 0.816467 0.536952 1.15443 0.167667 0.113644 0.356136 0.102217
threshold=0.50000000750000007 0.45000000300000004 23.530456615000002 0.32941557150000006 0.34103814300000007 0.37817383350000006 0.66806697500000012 2.2500000000000004 1.8142857170000004 22.022077170000003 0.47981021450000005
decision_type=2 2 10 2 2 2 2 2 2 8 2
left_child=1 -1 8 7 -5 10 -7 -4 -2 -10 -6
right_child=2 -3 3 4 5 6 -8 -9 9 -11 -12
leaf_value=2.5494661298528001e-06 -0.0018491730024343819 0.00036420614506162444 8.7592891590983142e-05 0.0010978962108723067 -0.001495508258312128 0.00040233959663248965 -6.7468538239546769e-06 -0.0016310787987745372 0.00062086023395615522 -0.00058807687734372771 8.88906186911679e-07
leaf_weight=21 105 22 30 21 42 27 39 62 25 50 20
leaf_count=21 105 22 30 21 42 27 39 62 25 50 20
internal_value=0.000292599 0.00174658 0.00013632 0.000444582 0.000824432 0.000496894 0.00112275 -0.000150862 -0.000265487 6.59619e-06 -0.000143312
internal_weight=464 43 421 241 149 128 66 92 180 75 62
internal_count=464 43 421 241 149 128 66 92 180 75 62
is_linear=0
shrinkage=0.01


Tree=611
num_leaves=12
num_cat=0
split_feature=50 52 96 4 44 97 30 48 48 18 2
split_gain=0.656361 0.803856 1.80982 0.251897 0.468947 0.878741 0.218185 0.38051 0.17525 0.0421972 0.0275573
threshold=10.999999905000001 8.8999997155000035 95.692065825000014 0.37534757150000003 8.349999964500002 21.593363450000002 2.4285714375 2.1999999920000004 5.9499999580000011 0.70722607100000012 0.31461204300000006
decision_type=2 2 2 2 2 10 2 2 2 2 2
left_child=1 2 -1 6 5 -5 9 -8 -3 -2 -6
right_child=3 8 -4 4 10 -7 7 -9 -10 -11 -12
leaf_value=0.0002158663811144932 -0.00099066842005932185 -0.001863197759303568 0.00069953262411061442 -0.0043837765645280222 8.6407477349371715e-05 0.00062715030178765166 -0.0032784883861811131 0.00095347194379563182 5.1188234091061028e-05 8.5139323534155208e-05 -0.00056112848689514013
leaf_weight=32 168 37 22 27 20 36 27 20 24 20 44
leaf_count=32 168 37 22 27 20 36 27 20 24 20 44
internal_value=0.000124529 0.00078152 0.00166058 -7.9934e-05 0.000269953 0.00088558 -0.000277778 0.000303347 0 -0.000434322 -0.000308642
internal_weight=477 115 54 362 127 63 235 47 61 188 64
internal_count=477 115 54 362 127 63 235 47 61 188 64
is_linear=0
shrinkage=0.01


Tree=612
num_leaves=9
num_cat=0
split_feature=75 14 78 96 98 7 98 97
split_gain=0.69326 0.680741 0.576394 0.564533 0.371052 0.248378 0.143848 0.366321
threshold=69.884999275000013 0.72244947650000013 7.9285712925000009 132.04113905000003 27.836040485000002 0.63897342850000005 25.797875890000004 23.530456615000002
decision_type=2 2 2 2 10 2 8 10
left_child=3 2 -2 4 5 6 7 -1
right_child=1 -3 -4 -5 -6 -7 -8 -9
leaf_value=-0.00032641938002194061 1.8252055781117932e-05 -1.3285304759275664e-05 0.00044136905474488896 0.00033198997970793368 0.00062111102454498739 4.0016831035693126e-05 -0.00051583645874799693 0.00030126376111958036
leaf_weight=110 21 20 27 33 24 21 169 51
leaf_count=110 21 20 27 33 24 21 169 51
internal_value=0.000146812 0.00107558 0.00172131 -4.89249e-06 -0.000121075 -0.000208926 -0.000281137 -5.25341e-05
internal_weight=476 68 48 408 375 351 330 161
internal_count=476 68 48 408 375 351 330 161
is_linear=0
shrinkage=0.01


Tree=613
num_leaves=10
num_cat=0
split_feature=34 15 16 16 31 16 70 2 2
split_gain=0.569964 0.729857 0.945508 0.746799 0.365518 0.519954 0.143793 0.0345506 0.032135
threshold=5.7642856665000011 0.72889664300000012 0.70921132850000013 0.61683864300000013 2.6714285785000005 0.67248635700000015 70.145000935000013 0.33703885700000008 0.28305796400000005
decision_type=2 2 2 2 2 2 2 2 2
left_child=1 2 3 -1 8 -6 -2 -3 -5
right_child=6 7 -4 4 5 -7 -8 -9 -10
leaf_value=0.00031856241435018832 -0.0016529050830500231 -4.2417358166676517e-05 0.00046997084667566296 -0.00019780765162629395 -0.0018210115037136337 0.00047943556871754127 2.6720389051714711e-05 9.6617648294111685e-05 -2.5851917718066105e-05
leaf_weight=28 146 74 31 20 39 41 21 20 61
leaf_count=28 146 74 31 20 39 41 21 20 61
internal_value=9.85885e-05 0.000352605 0.00067029 0.00038725 0.000108158 0.000594059 -0.000366508 -0.000369198 -0.000348411
internal_weight=481 314 220 189 161 80 167 94 81
internal_count=481 314 220 189 161 80 167 94 81
is_linear=0
shrinkage=0.01


Tree=614
num_leaves=9
num_cat=0
split_feature=7 5 41 2 38 14 96 98
split_gain=0.531772 0.555455 0.769123 0.576795 0.641039 0.254726 0.250088 0.157268
threshold=0.41203264750000007 0.42560378550000005 3.7000000065000003 0.29467918700000001 5.9357142790000008 0.67993042850000007 131.77162625000003 26.465459855000002
decision_type=2 2 2 2 2 2 2 10
left_child=-1 6 -3 4 -4 -5 7 -2
right_child=1 2 3 5 -6 -7 -8 -9
leaf_value=9.9258872076388985e-05 -0.0018234857345323663 0.00064954485299540722 -0.00024052760052025877 0.00014309080583513255 0.00028668078671901089 -9.1431162594865133e-06 1.7717101419442394e-05 0.00094508238683526204
leaf_weight=22 190 33 25 24 25 93 24 20
leaf_count=22 190 33 25 24 25 93 24 20
internal_value=0.000131348 4.82979e-05 0.000438247 0.000146007 0.00104331 -0.000224958 -0.000276831 -0.000393738
internal_weight=456 434 200 167 50 117 234 210
internal_count=456 434 200 167 50 117 234 210
is_linear=0
shrinkage=0.01


Tree=615
num_leaves=12
num_cat=1
split_feature=99 26 20 13 7 18 31 80 97 18 3
split_gain=0.58255 0.784514 0.644116 0.798246 0.642971 0.242213 0.532843 0.272071 0.341577 0.0825073 0.0390952
threshold=0 2.3071428580000002 1.0142857135000003 0.72024972500000006 0.41948735750000005 0.6834761075000001 1.9857142735000002 5.8214285630000004 20.760196665000006 0.63711014300000013 0.34987187500000005
decision_type=1 2 2 2 2 2 2 2 10 2 2
left_child=9 4 3 -3 -2 7 -7 10 -9 -1 -6
right_child=1 2 -4 -5 5 6 -8 8 -10 -11 -12
leaf_value=-0.001792078707426898 0.00011024681405909589 0.0012206172886642991 -0.0047380330535306651 7.1533458223957538e-05 -0.00074828252028534851 -0.0016820841063116413 0.00063579387615633309 -0.00025611633968985846 9.1233318417891147e-05 -1.7583403797623559e-06 -3.9362255261644103e-07
leaf_weight=116 20 26 22 20 114 20 20 23 28 34 20
leaf_count=116 20 26 22 20 114 20 20 23 28 34 20
internal_value=0.000164942 0.000406115 0.00136628 0.00202991 0.000144426 -2.21447e-06 0.000686274 -0.000164155 0.000434363 -0.000329602 -0.000408012
internal_weight=463 313 68 46 245 225 40 185 51 150 134
internal_count=463 313 68 46 245 225 40 185 51 150 134
cat_boundaries=0 1
cat_threshold=8454886
is_linear=0
shrinkage=0.01


Tree=616
num_leaves=12
num_cat=1
split_feature=99 25 14 97 97 36 95 97 17 27 1
split_gain=0.7328 0.811287 0.913996 0.516626 0.507334 0.283044 0.247862 0.118661 0.195577 0.0933968 0.0417171
threshold=0 1.9571428595000002 0.66514396450000013 26.397590145000006 22.965626150000002 4.7571428675000007 23.657856805000005 27.820630600000005 0.65092185750000009 3.9428571460000006 0.30522864250000009
decision_type=1 2 2 8 10 2 2 10 2 2 2
left_child=6 2 -2 4 5 -4 7 10 -9 -3 -1
right_child=1 9 3 -5 -6 -7 -8 8 -10 -11 -12
leaf_value=-0.00042606005999832637 0.0010347526491361124 6.8027974073069816e-06 -0.00016314252632296258 -0.00075172634076589974 0.00027529351881848635 5.7374667555012397e-05 0.00049720729262096744 -0.0024106549474064353 0.00064465088972447679 -0.0032859421564178947 1.5403098204108679e-06
leaf_weight=157 31 23 31 31 24 20 35 26 20 50 20
leaf_count=157 31 23 31 31 24 20 35 26 20 50 20
internal_value=0.000179181 0.000602355 0.00108491 0.000608614 0.00106201 0.000434363 -0.000174851 -0.000310545 0.000106837 -0.000196477 -0.000430259
internal_weight=468 210 137 106 75 51 258 223 46 73 177
internal_count=468 210 137 106 75 51 258 223 46 73 177
cat_boundaries=0 1
cat_threshold=403703483
is_linear=0
shrinkage=0.01


Tree=617
num_leaves=10
num_cat=0
split_feature=44 65 81 5 86 40 70 27 0
split_gain=0.783229 0.697248 0.956239 0.693901 0.427653 0.201085 0.172405 0.107162 0.0734472
threshold=15.949999745000001 35.244999410000013 8.634285654000001 0.42560378550000005 12.582857265000001 2.3500000235000003 68.664999005000013 4.1928571635000011 0.23977154150000005
decision_type=2 2 2 2 2 2 2 2 2
left_child=1 2 8 -4 -3 6 7 -6 -1
right_child=-2 4 3 -5 5 -7 -8 -9 -10
leaf_value=9.8558781224742653e-05 0.00074887342134862206 0.00015787330210864176 2.3374078103847544e-05 0.00056159665457349245 -0.00039755197566681682 1.1942960690396645e-05 0.0004725313817264233 5.8543232150677498e-05 -0.0018508841367658147
leaf_weight=20 21 38 24 23 244 21 26 20 25
leaf_count=20 21 38 24 23 244 21 26 20 25
internal_value=0.000317632 0.000220688 0.000991379 0.00197699 1.00056e-05 -0.000107441 -0.000182256 -0.000264351 -1.09171e-05
internal_weight=462 441 92 47 349 311 290 264 45
internal_count=462 441 92 47 349 311 290 264 45
is_linear=0
shrinkage=0.01


Tree=618
num_leaves=9
num_cat=1
split_feature=37 44 96 9 19 99 91 98
split_gain=0.951164 0.991049 0.363728 0.471431 0.20804 0.23537 0.298409 0.108878
threshold=5.414285694000001 16.000000040000003 131.48502525000004 0.60323425000000019 5.5500000000000007 0 21.609285900000003 23.925738300000003
decision_type=2 2 2 2 2 1 2 10
left_child=1 2 4 -4 -1 6 -6 -7
right_child=-2 -3 3 -5 5 7 -8 -9
leaf_value=4.0655141202494866e-06 0.00026153322886333171 0.00074138468713513871 -0.00030981113001220722 7.4020671153200086e-05 0.0001974515222049016 -0.0022773345404114597 -0.00012286837625917179 1.2646875575380115e-05
leaf_weight=21 26 21 20 34 43 188 73 29
leaf_count=21 26 21 20 34 43 188 73 29
internal_value=0.000220491 0.00010121 -4.89249e-06 0.000748175 -0.000126832 -0.00019323 0.000157729 -0.000379719
internal_weight=455 429 408 54 354 333 116 217
internal_count=455 429 408 54 354 333 116 217
cat_boundaries=0 1
cat_threshold=134222869
is_linear=0
shrinkage=0.01


Tree=619
num_leaves=12
num_cat=0
split_feature=16 15 4 97 64 4 9 7 15 2 0
split_gain=0.685444 0.760382 1.08019 1.13298 1.69015 0.562189 1.47581 0.797158 0.170321 0.119618 0.0358742
threshold=0.58913064300000018 0.72889664300000012 0.37817383350000006 22.800257140000003 0.3400001525000001 0.33673492850000003 0.6023158500000001 0.41948735750000005 0.75473470250000008 0.30803678550000008 0.17383692350000002
decision_type=2 2 2 8 2 2 2 2 2 2 2
left_child=10 2 5 -4 -5 6 7 -2 -3 -7 -1
right_child=1 8 3 4 -6 9 -8 -9 -10 -11 -12
leaf_value=-0.008527891154815179 0.0014973736467990379 -5.1832555743779312e-05 1.3415251127577984e-05 0.00037765002990692301 0.00055822313540068063 -0.0012349579260209039 0.00090431170979475713 -0.0017383305168245755 2.8039419148325535e-06 3.8263374579141084e-05 -0.0036362936240462948
leaf_weight=83 25 71 28 20 28 60 20 63 31 20 20
leaf_count=83 25 71 28 20 28 60 20 63 31 20 20
internal_value=0.000326735 0.000531625 0.00081571 0.00182292 0.0027459 0.000391949 0.00086397 0.00027027 -0.000184825 -0.000222772 -0.00038054
internal_weight=469 366 264 76 48 188 108 88 102 80 103
internal_count=469 366 264 76 48 188 108 88 102 80 103
is_linear=0
shrinkage=0.01


Tree=620
num_leaves=12
num_cat=1
split_feature=99 6 68 15 11 77 3 89 2 85 3
split_gain=0.746033 0.71861 0.849069 1.08959 1.29031 0.775763 0.606272 0.139316 0.147496 0.126073 0.015083
threshold=0 0.56427304750000007 1.1549997330000001 0.72705264250000012 0.66067950000000009 -0.045000034999999987 0.31158873800000003 19.713571205000004 0.18465614300000002 13.944285870000002 0.34854228600000009
decision_type=1 2 2 2 2 2 2 2 2 2 2
left_child=9 2 3 4 6 7 -2 8 -4 -1 -5
right_child=1 -3 5 10 -6 -7 -8 -9 -10 -11 -12
leaf_value=-0.0017178749996472206 0.00016567385474683654 0.00070154708127191168 2.1425747615355117e-05 -0.00019337116226481664 0.00015231694732635782 0.00036776721461981304 -1.9738549412592925e-05 0.00025955604220565974 -0.00057223553432867618 3.3953656246556683e-06 9.8645689007367818e-05
leaf_weight=121 22 25 20 20 22 20 28 33 128 23 20
leaf_count=121 22 25 20 20 22 20 28 33 128 23 20
internal_value=0.000263049 0.000513188 0.000387189 0.00108156 0.00181319 0 0.000846457 -0.000211771 -0.000349462 -0.000322998 -0.000196079
internal_weight=482 338 313 112 72 201 50 181 148 144 40
internal_count=482 338 313 112 72 201 50 181 148 144 40
cat_boundaries=0 1
cat_threshold=550509570
is_linear=0
shrinkage=0.01


Tree=621
num_leaves=9
num_cat=0
split_feature=38 5 15 98 50 17 15 4
split_gain=0.82706 0.782627 0.362032 0.541864 0.286124 0.391851 1.22251 0.322206
threshold=6.2785714015000007 0.42560378550000005 0.60295828550000008 20.427325495000002 19.599999875000005 0.68072900000000003 0.7266769525000002 0.41889300000000002
decision_type=2 2 2 8 2 2 2 2
left_child=2 -2 -1 -4 5 7 -7 -5
right_child=1 -3 3 4 -6 6 -8 -9
leaf_value=-0.0088098605397281364 -4.9798180101513299e-05 0.0005760348164663262 0.0012446690523536597 -0.00015601550766986938 -0.00041148207996136355 0.00016950752705348487 -5.9089469852965741e-06 6.7697423199177388e-05
leaf_weight=84 26 23 20 127 60 41 58 36
leaf_count=84 26 23 20 127 60 41 58 36
internal_value=0.000253258 0.0014759 0.000105436 0.000253792 0.000145601 0.000292998 0.000786573 0
internal_weight=475 49 426 342 322 262 99 163
internal_count=475 49 426 342 322 262 99 163
is_linear=0
shrinkage=0.01


Tree=622
num_leaves=11
num_cat=1
split_feature=99 5 57 82 31 98 68 97 3 2
split_gain=1.08153 0.738192 1.10627 0.90416 0.352489 0.334923 0.270127 0.23135 0.0939964 0.0296969
threshold=0 0.43647588100000007 1.3499999865000001 7.0650000530000012 2.7999999945000007 23.925738300000003 0.78499984750000007 21.593363450000002 0.3109398570000001 0.30512935700000005
decision_type=1 2 2 2 2 10 2 10 2 2
left_child=4 5 -3 -4 6 7 8 -2 -1 -9
right_child=1 2 3 -5 -6 -7 -8 9 -10 -11
leaf_value=2.7554935412575574e-05 7.2630099201463929e-06 -9.5744836724280757e-06 0.00081290956248970445 0.00018285208745315784 -0.0013282433565986204 0.00056432251261471741 0.00051482301542128911 -0.0011339545142296488 -0.0017602467562849978 -4.115017837645618e-07
leaf_weight=20 20 34 28 22 176 28 31 51 36 20
leaf_count=20 20 34 28 22 176 28 31 51 36 20
internal_value=0.000203513 0.000731992 0.00148585 0.00242126 -0.000217312 0.000237896 0.000279043 -3.81265e-05 -0.000105634 -0.000327298
internal_weight=466 203 84 50 263 119 87 91 56 71
internal_count=466 203 84 50 263 119 87 91 56 71
cat_boundaries=0 1
cat_threshold=537925339
is_linear=0
shrinkage=0.01


Tree=623
num_leaves=13
num_cat=0
split_feature=96 96 66 84 56 3 5 18 10 1 43 0
split_gain=0.563183 1.33242 0.517921 0.82918 0.543171 0.886419 0.495035 0.244413 0.410158 0.220242 0.0396295 0.0340528
threshold=131.19284590000004 132.09871840000002 28.800001145000007 15.037857190000002 3.6000000685000004 0.34425964300000006 0.42560378550000005 0.68323078550000005 0.62325485700000016 0.18546707100000004 16.300000190000002 0.30146440250000006
decision_type=2 2 2 2 2 2 2 2 2 2 2 2
left_child=2 -2 7 6 11 9 -4 10 -9 -6 -1 -5
right_child=1 -3 3 4 5 -7 -8 8 -10 -11 -12 -13
leaf_value=-0.00084726743814065523 4.2049101048359137e-05 5.2273361825516371e-06 5.098378190803218e-05 -0.00066769352413506035 0.00057246002089852424 0.00081569907744680973 0.000523537648487171 -0.00065667159134686747 0.00043471644730664358 -0.0039902965639478649 -2.66043432550814e-06 -0.0036890487940438878
leaf_weight=121 20 35 28 71 20 23 29 29 27 34 20 20
leaf_count=121 20 35 28 71 20 23 29 29 27 34 20 20
internal_value=0.000312892 0.00126344 0.000182119 0.000511514 0.00014218 0.000764781 0.00154844 -0.00018453 0.000352113 1.82481e-05 -0.000412553 -0.000364924
internal_weight=477 55 422 225 168 77 57 197 56 54 141 91
internal_count=477 55 422 225 168 77 57 197 56 54 141 91
is_linear=0
shrinkage=0.01


Tree=624
num_leaves=9
num_cat=0
split_feature=30 8 45 44 97 42 97 36
split_gain=1.03266 0.600602 0.971313 0.384661 0.553165 0.450121 0.20087 0.0660369
threshold=2.0142857265000003 0.48546688100000007 3.8499999945000005 12.250000030000001 22.000243375000004 10.300000100000002 31.599505230000002 3.3428571390000004
decision_type=2 2 2 2 10 2 10 2
left_child=-1 2 -2 5 -5 6 7 -3
right_child=1 3 -4 4 -6 -7 -8 -9
leaf_value=0.00035270220972852186 -0.002134650856329582 -8.3448738197777948e-05 0.0021532231894294276 -0.00014644601030675502 0.00033522759690487341 0.00014455530580365685 0.00026824656428688803 -0.0004036328948338463
leaf_weight=37 26 36 20 22 32 22 27 241
leaf_count=37 26 36 20 22 32 22 27 241
internal_value=0.000251186 0.000105436 0.00117521 -2.10085e-05 0.000748175 -0.000156059 -0.000262467 -0.000347372
internal_weight=463 426 46 380 54 326 304 277
internal_count=463 426 46 380 54 326 304 277
is_linear=0
shrinkage=0.01


Tree=625
num_leaves=12
num_cat=0
split_feature=97 98 6 32 15 88 14 40 97 1 2
split_gain=1.00977 0.954094 0.786475 0.684089 0.569737 0.464142 0.38017 0.288785 0.132536 0.175454 0.0415276
threshold=22.836835770000004 26.397590145000006 0.47562464300000001 3.2142857145000003 0.72415983950000007 12.553571565000002 0.74645755350000009 2.2500000000000004 26.491775155000003 0.20792966700000001 0.37327628600000001
decision_type=10 8 2 2 2 2 2 2 10 2 2
left_child=7 2 5 -3 -4 -2 8 10 9 -5 -1
right_child=1 3 4 6 -6 -7 -8 -9 -10 -11 -12
leaf_value=-0.00088560635561386631 0.00050161507069702588 0.00054870503127869678 0.00064579286100728528 -0.0069568744344320225 9.6077855156130839e-06 -0.0035227537786964454 0.00037844089494532831 3.0041499388366067e-05 -0.0011026603314818956 0.0008562227675088319 -0.0034909879710384555
leaf_weight=153 23 33 20 21 22 23 23 22 91 20 20
leaf_count=153 23 33 20 21 22 23 23 22 91 20 20
internal_value=0.000259644 0.000650289 0.00150901 0.000233051 0.0025 0.000534188 -3.53018e-05 -0.000283453 -0.000256024 0.000179426 -0.000428654
internal_weight=471 276 88 188 42 46 155 195 132 41 173
internal_count=471 276 88 188 42 46 155 195 132 41 173
is_linear=0
shrinkage=0.01


Tree=626
num_leaves=12
num_cat=0
split_feature=50 6 55 18 28 96 30 17 17 21 0
split_gain=1.04713 1.13558 0.575367 0.434498 0.464148 0.255481 0.140223 0.182554 0.427068 0.0418087 0.0166011
threshold=11.149999985000003 0.52688710700000019 0.89999999100000017 0.56801864300000016 3.8285714390000005 132.27619780000003 2.3571428655000006 0.6445466190000001 0.56763350000000012 2.1071428570000004 0.23115927050000004
decision_type=2 2 2 2 2 2 2 2 2 2 2
left_child=1 3 -2 10 -5 6 9 8 -8 -4 -1
right_child=2 -3 5 4 -6 -7 7 -9 -10 -11 -12
leaf_value=-0.0048743351822498919 0.00043786919866563859 0.00038775005594065079 -7.473691943118994e-06 -3.3217513416065972e-06 0.00082974715332395491 0.00045718485535293189 -0.0060582779603799656 -4.7305814654170579e-06 0.0014011638451428372 -0.00072965456117596761 -0.00033031962604003262
leaf_weight=22 34 25 20 23 39 20 25 40 25 159 20
leaf_count=22 34 25 20 23 39 20 25 40 25 159 20
internal_value=0.000269435 0.00102851 -2.93392e-05 0.000534351 0.00106688 -0.00018116 -0.000268718 3.30395e-05 0.000452756 -0.000431035 -0.00021028
internal_weight=452 129 323 104 62 289 269 90 50 179 42
internal_count=452 129 323 104 62 289 269 90 50 179 42
is_linear=0
shrinkage=0.01


Tree=627
num_leaves=10
num_cat=0
split_feature=85 86 17 6 14 17 15 6 4
split_gain=0.730532 1.24434 0.522853 0.994245 0.583298 0.2574 0.708106 0.12884 0.0369895
threshold=14.003571650000003 14.782857210000001 0.56319950000000019 0.54869635750000012 0.61945440450000011 0.68784068600000015 0.7266769525000002 0.48547450000000009 0.42619964300000007
decision_type=2 2 2 2 2 2 2 2 2
left_child=2 -2 8 4 -4 7 -7 -6 -1
right_child=1 -3 3 -5 5 6 -8 -9 -10
leaf_value=-0.0044512217821781669 0.00057409696014694683 -9.1789326882766011e-05 0.00063708342253331854 0.00037893567684651254 -8.4899960046947676e-05 0.0003404656295690594 -8.3460060960662713e-06 0.00012964743861218077 -0.00078714690052464733
leaf_weight=92 24 25 27 23 85 47 73 41 20
leaf_count=92 24 25 27 23 85 47 73 41 20
internal_value=0.000326562 0.0014759 0.000181017 0.000404313 0.000224616 6.07778e-05 0.000397351 -0.00024448 -0.000390071
internal_weight=457 49 408 296 273 246 120 126 112
internal_count=457 49 408 296 273 246 120 126 112
is_linear=0
shrinkage=0.01


Tree=628
num_leaves=11
num_cat=0
split_feature=44 6 85 2 18 92 70 98 18 0
split_gain=0.774835 0.838922 0.720193 0.695665 0.469665 0.923775 0.150752 0.0978192 0.142738 0.032135
threshold=11.400000185000001 0.54994721450000006 13.954285755000003 0.2567187855000001 0.6834761075000001 16.022142820000003 67.479998590000022 23.925738300000003 0.61477750000000009 0.11745643050000001
decision_type=2 2 2 2 2 2 2 10 2 2
left_child=4 2 3 -2 6 -6 7 -1 -9 -5
right_child=1 -3 -4 9 5 -7 -8 8 -10 -11
leaf_value=-0.0018240976064570816 0.001249141088168957 0.00041536898522994651 0.00049326197801859107 -3.8229145679659736e-06 -0.00024854784513956711 0.0015303163767653267 0.00039398726265571672 9.4869415453920048e-05 -0.0001759067441367465 -9.3786190139475345e-05
leaf_weight=158 22 21 28 20 28 25 33 27 35 61
leaf_count=158 22 21 28 20 28 25 33 27 35 61
internal_value=0.00021578 0.000798429 0.000474203 6.26203e-05 -6.84486e-05 0.000771375 -0.000254137 -0.000353261 0 -0.000348411
internal_weight=458 152 131 103 306 53 253 220 62 81
internal_count=458 152 131 103 306 53 253 220 62 81
is_linear=0
shrinkage=0.01


Tree=629
num_leaves=11
num_cat=1
split_feature=40 85 45 99 18 5 98 49 1 0
split_gain=0.947403 0.340845 0.945001 0.37207 0.662752 0.500816 0.218887 0.140526 0.0778705 0.0425877
threshold=2.3500000235000003 13.954285755000003 2.9999999405000004 0 0.68323078550000005 0.41165595700000007 19.605197285000003 19.250000125000003 0.28686164250000007 0.08092618750000001
decision_type=2 2 2 1 2 2 8 2 2 2
left_child=1 3 -3 4 5 -1 -5 9 -4 -8
right_child=-2 2 8 6 -6 -7 7 -9 -10 -11
leaf_value=-0.0025636477001183804 3.2710412064787697e-05 0.00031096895112422789 1.5303596268579165e-05 0.00070665260115784583 0.0011851695474484273 0.00020627523884484143 -0.0038524105258966202 1.5885719468966874e-05 -3.5507951896744334e-05 -0.00016138563418653058
leaf_weight=62 20 23 20 25 23 39 20 20 27 178
leaf_count=62 20 23 20 25 23 39 20 20 27 178
internal_value=0.000217344 0.000113065 0.000748587 -4.07842e-06 0.00041543 7.36738e-05 -0.000234437 -0.00035192 -3.13809e-05 -0.000437626
internal_weight=457 437 70 367 124 101 243 218 47 198
internal_count=457 437 70 367 124 101 243 218 47 198
cat_boundaries=0 1
cat_threshold=2885648
is_linear=0
shrinkage=0.01


Tree=630
num_leaves=13
num_cat=1
split_feature=99 27 12 98 44 33 3 19 38 56 5 1
split_gain=0.837745 1.2008 0.614836 0.428949 0.421588 0.289089 0.284906 0.24645 0.230772 0.23166 0.0319177 0.0180012
threshold=0 3.9428571120000004 0.66041885700000014 22.302357010000005 8.349999964500002 4.4714285475000013 0.32578800000000008 28.745000000000005 6.0785714560000006 0.55000001200000004 0.48596064300000003 0.26094537500000009
decision_type=1 2 2 10 2 2 2 2 2 2 2 2
left_child=5 2 -2 7 -5 8 -6 -3 -1 11 -9 -10
right_child=1 3 -4 4 6 -7 -8 10 9 -11 -12 -13
leaf_value=-0.0008461191107995052 0.00030763654675424715 0.001797470657545329 0.00022894606442244958 0.00021072708707594397 0.0001404191126874816 0.00028877008034938187 -0.00014816084665105543 -0.0022888997075467608 -0.0017961188502181214 0.00031641090059950571 2.2880566924405598e-05 -0.0047074952819574937
leaf_weight=161 22 20 21 22 23 30 23 60 20 26 20 24
leaf_count=161 22 20 21 22 23 30 23 60 20 26 20 24
internal_value=0.000236887 0.000687556 0.0022032 0.000319905 0.000930232 -0.000141648 0.000320513 -7.93652e-05 -0.000273943 0.000183616 -0.000346535 -0.000223214
internal_weight=472 211 43 168 68 261 46 100 231 70 80 44
internal_count=472 211 43 168 68 261 46 100 231 70 80 44
cat_boundaries=0 1
cat_threshold=41944315
is_linear=0
shrinkage=0.01


Tree=631
num_leaves=10
num_cat=0
split_feature=48 48 54 8 49 10 14 78 38
split_gain=0.421635 0.614028 0.404549 0.528912 0.372493 0.231263 0.169827 0.303616 0.172421
threshold=7.0999999795000006 8.8999999165000023 0.50000000750000007 0.58952414300000011 23.999999830000004 0.48367490500000004 0.74645755350000009 7.5292857035000003 6.2000000135000013
decision_type=2 2 2 2 2 2 2 2 2
left_child=2 -2 3 -1 5 -4 8 -8 -7
right_child=1 -3 4 -5 -6 6 7 -9 -10
leaf_value=0.00025380019389198124 0.00029450347712099684 -0.00026370536819870556 0.0012464944386954789 -0.00046569923592160135 0.00056347863552408872 -0.00075090254115346732 0.00036080555127016614 -1.0990138728574914e-05 0.00042207234145958381
leaf_weight=23 20 23 21 26 23 237 23 26 37
leaf_count=23 20 23 21 26 23 237 23 26 37
internal_value=0.000127229 0.00106164 2.39922e-05 0.000873494 -8.56445e-05 -0.000174014 -0.000245522 0.000271084 -0.000345706
internal_weight=459 43 416 49 367 344 323 49 274
internal_count=459 43 416 49 367 344 323 49 274
is_linear=0
shrinkage=0.01


Tree=632
num_leaves=14
num_cat=1
split_feature=55 0 99 51 11 8 27 6 13 0 78 98 19
split_gain=0.673287 1.19165 0.668687 0.854669 0.728588 1.27037 0.575507 0.238403 0.102878 0.191897 0.0958109 0.0504719 0.0838677
threshold=0.89999999100000017 0.31458908350000009 0 0.30000000800000004 0.71096421450000002 0.62052864250000017 4.0000000170000005 0.54305039300000002 0.61112443350000012 0.094894187500000018 7.4457142350000014 22.302357010000005 99.815000000000012
decision_type=2 2 1 2 2 2 2 2 2 2 2 10 2
left_child=1 -1 3 10 5 6 -5 8 9 -4 -2 -10 -13
right_child=2 -3 7 4 -6 -7 -8 -9 11 -11 -12 12 -14
leaf_value=0.00028804459136820147 -0.0042931770716174338 -0.0017624636877438533 -0.012952297660292272 0.00048923509800229484 -1.3652426504884299e-05 0.0015780755732905999 -0.00018747829580126435 4.5218401037516688e-06 -0.0015230263684743485 0.0020913729117826162 3.8742253574077639e-06 -0.0011027029707909621 7.7491514705911593e-06
leaf_weight=31 47 21 25 22 20 23 37 21 137 20 22 30 20
leaf_count=31 47 21 25 22 20 23 37 21 137 20 22 30 20
internal_value=0.000293624 0.00136364 0.000155367 0.000618812 0.00123541 0.00165459 0.000811037 -0.000168689 -0.000274914 0.000120087 -0.000179083 -0.000380724 -5.90552e-05
internal_weight=476 52 424 171 102 82 59 253 232 45 69 187 50
internal_count=476 52 424 171 102 82 59 253 232 45 69 187 50
cat_boundaries=0 1
cat_threshold=36438808
is_linear=0
shrinkage=0.01


Tree=633
num_leaves=12
num_cat=0
split_feature=48 9 2 54 5 55 18 2 44 6 0
split_gain=0.855736 0.897679 1.13104 0.359043 0.420172 0.808124 0.472313 0.865771 0.0746213 0.0662955 0.0180012
threshold=6.1999999655000009 0.60323425000000019 0.31064235700000004 0.50000000750000007 0.47714655350000007 2.6000000125000002 0.68323078550000005 0.2567187855000001 12.700000025000003 0.47562464300000001 0.24174418750000001
decision_type=2 2 2 2 2 2 2 2 2 2 2
left_child=3 -2 -3 -1 6 -6 8 -8 -5 -10 -9
right_child=1 2 -4 4 5 -7 7 10 9 -11 -12
leaf_value=0.00031886129982155607 -0.0012469738313123683 0.00041307919957716399 0.00014874453785806502 -0.0022321488021056599 -0.00058238831473330656 0.00090513882116990659 0.001235904498739584 -0.0004395844982266801 -0.0025388837798468239 0.00019496701723434017 -0.00057628418427330846
leaf_weight=30 24 24 35 200 34 20 21 24 22 20 20
leaf_count=30 24 24 35 200 34 20 21 24 22 20 20
internal_value=0.000233783 0.00115155 0.00181438 3.19039e-05 -5.11333e-05 0.000748175 -0.000199805 0.000539514 -0.000407743 0 -0.000223214
internal_weight=474 83 59 391 361 54 307 65 242 42 44
internal_count=474 83 59 391 361 54 307 65 242 42 44
is_linear=0
shrinkage=0.01


Tree=634
num_leaves=9
num_cat=0
split_feature=56 60 14 9 24 23 43 67
split_gain=0.718803 0.374626 0.348344 0.30805 0.248426 0.403561 0.121231 0.0679032
threshold=0.25000000350000007 1.7350001335000003 0.71322011400000007 0.51895184300000008 1.6357142880000002 1.8285714390000003 17.150000155000004 25.534999845000005
decision_type=2 2 2 2 2 2 2 2
left_child=-1 2 -2 -3 5 -5 7 -6
right_child=1 3 -4 4 6 -7 -8 -9
leaf_value=0.00022466199221071997 0.00043316492892177787 0.00053433597338276701 -0.00011382888932245709 -0.00080801666704498093 6.8758055518226229e-07 0.00032584615677761788 0.00022767544713840336 -2.9064455864244158e-05
leaf_weight=25 27 37 23 31 39 36 20 211
leaf_count=25 27 37 23 31 39 36 20 211
internal_value=0.000141174 3.76647e-05 0.000846457 -6.67024e-05 -0.000167259 0.000361357 -0.000306499 -0.000370814
internal_weight=449 424 50 374 337 67 270 250
internal_count=449 424 50 374 337 67 270 250
is_linear=0
shrinkage=0.01


Tree=635
num_leaves=10
num_cat=0
split_feature=50 26 31 48 88 16 96 12 54
split_gain=0.764494 0.425854 0.514845 0.61288 0.506627 0.683774 0.29834 0.135713 0.127577
threshold=9.8000003285000012 2.2285714405000001 2.7928571360000007 3.1999999545000004 13.034999985000001 0.59343418550000016 133.09452975000002 0.73944978550000007 0.50000000750000007
decision_type=2 2 2 2 2 2 2 2 2
left_child=-1 6 3 -3 7 -6 8 -4 -2
right_child=1 2 4 -5 5 -7 -8 -9 -10
leaf_value=0.00021289655372894504 1.9675188963604694e-06 -0.00098635560194894594 -3.180337650009812e-05 0.00051587239085172784 -6.4290325292892807e-06 0.0020131167673973485 0.00024458086655274882 7.6880391038913472e-05 -0.00065935085347471056
leaf_weight=37 24 23 89 34 37 20 20 20 159
leaf_count=37 24 23 89 34 37 20 20 20 159
internal_value=0.000208064 8.20055e-05 0.000386506 0.00120242 8.99279e-05 0.000856401 -0.000242885 -0.000295993 -0.000378129
internal_weight=463 426 223 57 166 57 203 109 183
internal_count=463 426 223 57 166 57 203 109 183
is_linear=0
shrinkage=0.01


Tree=636
num_leaves=13
num_cat=1
split_feature=99 19 97 5 72 14 41 8 80 79 12 28
split_gain=0.765971 0.664752 0.599282 0.789832 0.623886 0.835629 0.428163 0.278166 0.64034 0.191143 0.106886 0.0401139
threshold=0 115.26000000000002 22.201159045000001 0.46976100000000004 82.110000610000014 0.66696292900000009 4.6500000470000007 0.58116457150000012 5.8214285630000004 7.3214285825000003 0.66346457150000016 3.5928571735000001
decision_type=1 2 8 2 2 2 2 2 2 2 2 2
left_child=7 2 6 4 5 -4 -2 8 10 -6 -1 -9
right_child=1 -3 3 -5 9 -7 -8 11 -10 -11 -12 -13
leaf_value=-0.0020835605460397554 6.6566916300094691e-05 -6.2749723534639366e-05 0.00038800529551029112 0.00054780105053959063 0.00082845963732829737 3.4994540445804392e-05 -0.0023225766531452282 -7.8101209336968451e-06 0.0012917721243918079 -0.0033674348056005931 1.0867609109261652e-05 -2.3870099948334433e-05
leaf_weight=46 21 41 20 21 21 40 43 20 20 29 20 128
leaf_count=46 21 41 20 21 21 40 43 20 20 29 20 128
internal_value=0.000261257 0.000648298 0.000921859 0.0013088 0.000929603 0.00161184 9.25925e-05 -0.000142974 0.000288018 5.9055e-05 -0.000164671 -0.000416667
internal_weight=470 236 195 131 110 60 64 234 86 50 66 148
internal_count=470 236 195 131 110 60 64 234 86 50 66 148
cat_boundaries=0 1
cat_threshold=9438451
is_linear=0
shrinkage=0.01


Tree=637
num_leaves=13
num_cat=1
split_feature=54 6 9 96 17 48 97 99 12 10 11 96
split_gain=0.751874 0.770327 0.835629 0.256029 0.417055 0.201257 0.184766 0.140166 0.208843 0.709079 0.0710918 0.031818
threshold=0.99999999650000004 0.48494028600000005 0.6023158500000001 77.303394425000008 0.63485078600000011 6.3000001610000007 24.381587690000003 0 0.69665814250000013 0.62325485700000016 0.63454135700000014 131.61942115000002
decision_type=2 2 2 2 2 2 10 1 2 2 2 2
left_child=1 2 6 4 10 7 -1 8 9 -5 -2 -9
right_child=3 -3 -4 5 -6 -7 -8 11 -10 -11 -12 -13
leaf_value=-0.00026669807185159477 6.8047713566693059e-05 -0.00043738773357193401 0.00096459976968840265 -0.0022641785935137312 0.0010265405194650381 0.00017021958956881853 0.00061884905536367207 -0.0004941585662302057 -2.9558342352938744e-05 0.00045287003366868884 -0.0025823635182696814 -3.8344764086004018e-06
leaf_weight=20 20 25 20 36 22 37 20 155 46 26 24 24
leaf_count=20 20 25 20 36 22 37 20 155 46 26 24 24
internal_value=0.000148171 0.000996503 0.00161184 -3.32652e-05 0.000523952 -0.000153941 0.000686274 -0.000248437 3.36699e-05 0.000429936 -1.17081e-10 -0.000408325
internal_weight=475 85 60 390 66 324 40 287 108 62 44 179
internal_count=475 85 60 390 66 324 40 287 108 62 44 179
cat_boundaries=0 1
cat_threshold=2099984
is_linear=0
shrinkage=0.01


Tree=638
num_leaves=12
num_cat=0
split_feature=18 15 9 22 84 18 60 18 98 62 36
split_gain=0.691475 0.963132 1.12117 0.70347 0.752456 0.333394 0.248635 0.377262 0.259429 0.110428 0.212505
threshold=0.65407409500000013 0.7266769525000002 0.58564477500000012 1.9571428385000003 15.037857190000002 0.68755425000000014 2.1300001145000005 0.61101176200000007 18.470270075000006 1.1349997525000002 4.164285694000001
decision_type=2 2 2 2 2 2 2 2 8 2 2
left_child=3 2 -2 6 -5 -3 7 -1 -8 -10 -11
right_child=1 5 -4 4 -6 -7 8 -9 9 10 -12
leaf_value=0.00016472267529131089 0.00037040690958682485 0.0018801470000155618 0.0005000584845524013 0.00043192746208112664 -3.3531227550500626e-05 -0.00010558367300746511 0.00037863939901205154 -0.00077115627271761168 -0.00040465340163930541 0.00018239912388230348 -0.0032721287652984531
leaf_weight=25 38 25 20 22 23 42 37 20 175 21 37
leaf_count=25 38 25 20 22 23 42 37 20 175 21 37
internal_value=0.000278921 0.000918124 0.00185374 4.9889e-05 0.00121179 6.63716e-05 -0.000112413 0.000556768 -0.000232644 -0.00036142 0
internal_weight=485 125 58 360 45 67 315 45 270 233 58
internal_count=485 125 58 360 45 67 315 45 270 233 58
is_linear=0
shrinkage=0.01


Tree=639
num_leaves=12
num_cat=0
split_feature=42 29 52 21 13 56 98 98 38 96 22
split_gain=0.534431 0.72528 1.53972 0.431985 0.631188 0.463192 0.697501 0.167455 0.133653 0.090673 0.0401794
threshold=0.35000000900000006 4.2642856750000009 0.90000000950000014 2.2928571190000002 0.61688262500000013 10.299999860000002 26.401655540000004 21.838804660000005 6.2142857480000009 66.85331105500002 1.8142856955000002
decision_type=2 2 2 2 2 2 10 8 2 2 2
left_child=1 2 -1 9 -5 7 -7 -6 -9 -2 -11
right_child=3 -3 -4 4 5 6 -8 8 -10 10 -12
leaf_value=-0.0011127373242052205 -8.2072406723692834e-05 -0.0011684210151756491 0.00055320963733652907 0.0010237510516741242 0.00020351562559473214 0.00029355288568107425 -0.00017897178508238302 -3.8277613397774902e-05 2.593635878143325e-05 -0.0015077432290668152 -6.0749141970818477e-07
leaf_weight=22 27 21 20 31 27 33 22 103 21 129 20
leaf_count=22 27 21 20 31 27 33 22 103 21 129 20
internal_value=0.000188758 0.00104232 0.00179907 5.19573e-05 0.000334314 0.00012089 0.000905018 -0.000154809 -0.000320513 -0.000316742 -0.000417223
internal_weight=476 63 42 413 237 206 55 151 124 176 149
internal_count=476 63 42 413 237 206 55 151 124 176 149
is_linear=0
shrinkage=0.01


Tree=640
num_leaves=11
num_cat=0
split_feature=27 85 98 19 72 14 64 24 4 25
split_gain=0.806067 0.483715 0.44411 0.588693 0.386376 0.573615 0.128995 0.210374 0.0892094 0.0425505
threshold=3.8214285545000002 13.954285755000003 26.400175465 69.715000000000018 78.480001450000017 0.69026742850000011 1.9850001335 1.8142857170000004 0.36724350000000006 1.6571428525000003
decision_type=2 2 10 2 2 2 2 2 2 2
left_child=1 -1 4 -4 5 -2 9 -8 -7 -6
right_child=2 -3 3 -5 6 8 7 -9 -10 -11
leaf_value=-0.0001987508026996126 4.1542260010524853e-05 0.00044757924734875127 0.00092213443927284566 -1.8279028541335391e-05 3.1121683353290893e-07 -0.0013857586052754796 -0.0025721983606973361 0.001200338545675132 0.00012065526616062806 -0.00038884344992642955
leaf_weight=25 26 28 36 34 20 33 38 33 20 177
leaf_count=25 26 28 36 34 20 33 38 33 20 177
internal_value=0.000176296 0.001329 2.2738e-05 0.000748587 -0.000119322 0.000482456 -0.00030506 3.48188e-05 -8.36432e-05 -0.000437311
internal_weight=470 53 417 70 347 79 268 71 53 197
internal_count=470 53 417 70 347 79 268 71 53 197
is_linear=0
shrinkage=0.01


Tree=641
num_leaves=11
num_cat=0
split_feature=48 44 52 36 5 6 49 36 25 27
split_gain=0.6408 0.55732 0.370071 0.309323 0.33365 0.34666 0.326867 0.241336 0.432606 0.0434414
threshold=8.499999821500003 15.949999745000001 6.5999998450000001 4.7499999830000013 0.44977717850000004 0.43842175000000005 23.999999830000004 3.4785713980000001 1.8714285620000004 3.8285714390000005
decision_type=2 2 2 2 2 2 2 2 2 2
left_child=1 3 -2 6 5 -5 7 8 -1 -9
right_child=2 -3 -4 4 -6 -7 -8 9 -10 -11
leaf_value=-2.6107352914784259e-05 6.2169199031410907e-06 0.00075048588164899205 0.00011820860472866873 0.00012786274642287058 -1.5287508226411169e-05 0.00050510918064774492 0.00040626762381781894 -0.0019626102566549582 0.00068157104998991722 -0.0024975499347553594
leaf_weight=60 22 23 20 28 23 24 28 20 28 204
leaf_count=60 22 23 20 28 23 24 28 20 28 204
internal_value=0.000162229 4.32998e-05 0.00133178 -3.72777e-05 0.000534301 0.000984848 -0.000170188 -0.000268542 0.000157658 -0.00044484
internal_weight=480 438 42 415 75 52 340 312 88 224
internal_count=480 438 42 415 75 52 340 312 88 224
is_linear=0
shrinkage=0.01


Tree=642
num_leaves=11
num_cat=1
split_feature=30 99 32 97 97 83 3 1 52 4
split_gain=0.599883 0.541154 0.546102 0.336528 0.415074 0.487126 0.144343 0.190763 0.117272 0.0244948
threshold=2.0142857265000003 0 5.4928571160000006 26.732022320000002 22.201159045000001 4.7471428950000005 0.33156342850000003 0.26634871450000003 15.200000275000003 0.31636752850000005
decision_type=2 1 2 10 8 2 2 2 2 2
left_child=-1 2 3 4 -2 -6 -3 -8 -9 -4
right_child=1 6 9 -5 5 -7 7 8 -10 -11
leaf_value=0.00025015889834728881 0.00012661096994555986 -0.00070071888680484215 -0.0023064524808549926 -0.00050596317433631818 3.3609844728281406e-05 0.00116192441206857 1.7832431848598325e-05 -0.0016170474791782458 0.00015520540701649904 -2.2867463807220925e-05
leaf_weight=36 34 144 36 25 23 22 20 57 20 20
leaf_count=36 34 144 36 25 23 22 20 57 20 20
internal_value=0.000135907 1.86659e-05 0.000456674 0.00091603 0.00123434 0.00186681 -0.000272041 0 -0.000212082 -0.00028169
internal_weight=437 401 160 104 79 45 241 97 77 56
internal_count=437 401 160 104 79 45 241 97 77 56
cat_boundaries=0 1
cat_threshold=170659864
is_linear=0
shrinkage=0.01


Tree=643
num_leaves=10
num_cat=0
split_feature=16 16 96 88 18 9 84 49 9
split_gain=0.48573 0.650699 0.897676 0.632318 0.708326 0.56638 0.503147 0.133571 0.0304949
threshold=0.58913064300000018 0.72959375000000015 131.19284590000004 13.034999985000001 0.65577471450000002 0.59532512500000012 15.034999915000002 19.549999775000003 0.69621200000000016
decision_type=2 2 2 2 2 2 2 2 2
left_child=7 2 3 4 6 -6 -2 -1 -3
right_child=1 8 -4 -5 5 -7 -8 -9 -10
leaf_value=-0.0040533249649041172 0.00018985131531408788 -0.00011179727736935681 0.00018584408486097399 0.00070995292323554435 -1.9932852219573138e-05 0.00015822427635927362 -0.00019697262409979426 0.00021518358798247998 -2.6469204718074263e-05
leaf_weight=84 53 54 36 28 25 22 117 20 20
leaf_count=84 53 54 36 28 25 22 117 20 20
internal_value=0.000301218 0.000479202 0.000700852 0.000469894 0.000273186 0.00134937 -1.75645e-05 -0.00028626 -0.000334225
internal_weight=459 355 281 245 217 47 170 104 74
internal_count=459 355 281 245 217 47 170 104 74
is_linear=0
shrinkage=0.01


Tree=644
num_leaves=10
num_cat=1
split_feature=48 99 55 55 76 5 17 2 19
split_gain=0.816198 0.400381 0.863848 0.305004 0.545011 0.342526 0.203735 0.13488 0.0375363
threshold=8.3000000715000031 0 1.0999999900000001 2.5999999715000004 87.990000725000002 0.44265942850000006 0.68903750000000008 0.24242164250000001 141.97500000000002
decision_type=2 1 2 2 2 2 2 2 2
left_child=1 8 -3 7 6 -6 -5 -4 -1
right_child=-2 2 3 4 5 -7 -8 -9 -10
leaf_value=-0.00053798719480766747 0.00029132385487706634 0.00040424821322362014 0.00047654335928049463 -0.0014607561066488765 1.0222374610066117e-05 0.00092784087259971577 0.00043115550713351749 -0.0021970014236970879 -0.0023147197720394283
leaf_weight=97 35 33 20 83 21 20 43 87 20
leaf_count=97 35 33 20 83 21 20 43 87 20
internal_value=0.000235972 0.000108286 0.000297357 0.000112809 0.000384386 0.0013756 3.94321e-05 -0.000292208 -0.00036385
internal_weight=459 424 307 274 167 41 126 107 117
internal_count=459 424 307 274 167 41 126 107 117
cat_boundaries=0 1
cat_threshold=542186632
is_linear=0
shrinkage=0.01


Tree=645
num_leaves=10
num_cat=0
split_feature=9 9 76 7 48 10 27 19 19
split_gain=0.445419 0.965163 0.375073 0.331191 0.28317 0.119778 0.0380391 0.037319 0.100956
threshold=0.61588056650000012 0.60323425000000019 95.604997635000018 0.40669402350000006 8.8999999165000023 0.61324871400000014 3.9428571120000004 112.09000000000002 134.96500000000003
decision_type=2 2 2 2 2 2 2 2 2
left_child=1 2 3 -1 7 6 -5 -2 -9
right_child=4 -3 -4 5 -6 -7 -8 8 -10
leaf_value=9.0571769775569998e-05 -9.4892083716233489e-05 0.00025689237899841272 0.0009546806178064571 3.5483354205422255e-05 9.213765765047229e-05 3.5711407326385529e-05 -0.0015647591374583331 0.00054753573535367024 -2.1875308248707812e-05
leaf_weight=26 164 25 20 20 22 20 102 20 41
leaf_count=26 164 25 20 20 22 20 102 20 41
internal_value=0 0.000334425 7.41524e-05 -7.10902e-05 -0.000288539 -0.000273109 -0.000399023 -0.000400797 -0.000137541
internal_weight=460 213 188 168 247 142 122 225 61
internal_count=460 213 188 168 247 142 122 225 61
is_linear=0
shrinkage=0.01


Tree=646
num_leaves=10
num_cat=0
split_feature=56 85 17 13 7 12 7 13 11
split_gain=1.03117 0.687759 0.580835 0.687527 0.377177 0.47618 0.153189 0.117648 0.041986
threshold=0.25000000350000007 14.005000220000001 0.65026509500000007 0.65033731650000004 0.54593564300000008 0.74704928550000005 0.62304800000000016 0.68397857150000008 0.50618392850000016
decision_type=2 2 2 2 2 2 2 2 2
left_child=-1 2 6 -4 7 -6 8 -5 -2
right_child=1 -3 3 4 5 -7 -8 -9 -10
leaf_value=0.00079912370465500091 -0.0031458954185537946 0.00040556218806849122 0.000840841726616101 2.8446373721952804e-05 0.00012935119170042944 -0.0014800028442737193 0.00050598564896101993 -0.00013739916685407376 -0.0018053160252241127
leaf_weight=24 20 33 28 21 49 23 38 67 163
leaf_count=24 20 33 28 21 49 23 38 67 163
internal_value=0.000267781 0.00015131 3.29428e-05 0.000444915 0.000174129 0.000714286 -0.000308837 -0.000247748 -0.000432535
internal_weight=466 442 409 188 160 72 221 88 183
internal_count=466 442 409 188 160 72 221 88 183
is_linear=0
shrinkage=0.01


Tree=647
num_leaves=13
num_cat=0
split_feature=88 17 13 17 13 7 96 13 49 22 2 96
split_gain=0.884466 0.798993 0.424033 0.355927 0.46531 0.184043 0.183746 0.170075 0.111879 0.131798 0.0763575 0.0422785
threshold=12.432857175000001 0.58502578550000017 0.61424050850000012 0.69515511900000015 0.70085331250000016 0.52631535700000009 73.069060915000009 0.71116291250000019 5.1499999055000005 1.6785714160000003 0.23605057100000001 131.86344500000004
decision_type=2 2 2 2 2 2 2 2 2 2 2 2
left_child=1 -1 -3 7 -5 -6 10 -4 -8 -10 -2 -11
right_child=6 2 3 4 5 -7 8 -9 9 11 -12 -13
leaf_value=0.00032591068304249567 -0.003541097495562162 0.001195871090474411 -5.0855119583703352e-05 6.9230366507664359e-05 -0.0001752829025317013 0.00011903691749426599 3.8539552463018792e-05 0.0001572220784017994 3.4956310992152708e-06 -0.00071442299542171406 0.0008868307166549947 2.1036608576932224e-06
leaf_weight=22 20 20 58 23 23 20 20 29 21 170 20 20
leaf_count=22 20 20 58 23 23 20 20 29 21 170 20 20
internal_value=0.000203513 0.000717569 0.00046893 0.000269831 0.000823353 0.000148402 -0.000160044 -0.00013098 -0.000273943 -0.000347026 0.000441176 -0.000435011
internal_weight=466 195 173 153 66 43 271 87 231 211 40 190
internal_count=466 195 173 153 66 43 271 87 231 211 40 190
is_linear=0
shrinkage=0.01


Tree=648
num_leaves=11
num_cat=0
split_feature=37 51 67 19 1 27 19 44 26 1
split_gain=1.08581 0.314076 0.301745 0.381792 0.486135 0.25267 0.444374 0.131209 0.0451105 0.0166011
threshold=5.414285694000001 57.350000305000009 22.649999620000003 75.555000000000021 0.22631435750000004 3.9214285440000003 50.895000000000003 16.000000250000003 2.3071428580000002 0.25285307150000008
decision_type=2 2 2 2 2 2 2 2 2 2
left_child=1 2 3 4 -1 6 -4 8 -7 -5
right_child=-2 -3 5 9 -6 7 -8 -9 -10 -11
leaf_value=-5.3502975894179422e-05 0.00021174580330385307 0.00025156422684237108 -0.0024560046350468102 -6.3808412921503757e-06 0.0004683232770866797 -0.0014858829448764768 0.00027579404781458351 0.00017873731987153141 -0.00044953633744091207 -4.8039348899571893e-06
leaf_weight=29 25 32 27 22 21 176 25 20 56 20
leaf_count=29 25 32 27 22 21 176 25 20 56 20
internal_value=0.000157558 3.26491e-05 -4.03227e-05 0.000452586 0.00104331 -0.000196851 0.000416667 -0.000332279 -0.00040378 -0.00021028
internal_weight=453 428 396 92 50 304 52 252 232 42
internal_count=453 428 396 92 50 304 52 252 232 42
is_linear=0
shrinkage=0.01


Tree=649
num_leaves=13
num_cat=1
split_feature=99 85 5 25 3 4 1 27 3 42 3 1
split_gain=0.693099 0.896377 0.839616 0.499874 0.50938 1.43945 0.3368 0.308673 0.0757048 0.0365163 0.0329546 0.0285266
threshold=0 13.856428660000001 0.42560378550000005 1.9999999825000001 0.31490748550000008 0.31831735700000002 0.24315379250000002 4.0499999865000005 0.26600414300000003 0.75000000750000007 0.23366657150000003 0.25849907150000001
decision_type=1 2 2 2 2 2 2 2 2 2 2 2
left_child=9 3 6 4 5 8 -3 11 -2 -1 -5 -6
right_child=1 2 -4 10 7 -7 -8 -9 -10 -11 -12 -13
leaf_value=-0.0001881369082280443 3.115903912978572e-05 0.0020370658240810025 0.0003378821136494841 -0.0034908276911577809 -0.0014117910243575166 0.0010396423608301018 -0.0010902841280807033 0.0004282983596926006 -0.0016612311641588302 -0.00061175830896137233 -0.0043919650192592603 -2.3822533512438495e-05
leaf_weight=20 20 20 38 20 20 38 21 36 26 88 65 47
leaf_count=20 20 20 38 20 20 38 21 36 26 88 65 47
internal_value=0.000322966 0.000532062 0.00148496 0.000263929 0.000556443 0.00113208 0.00041866 6.26203e-05 -2.13676e-05 -0.000353535 -0.000355478 -0.000317109
internal_weight=459 351 79 272 187 84 41 103 46 108 85 67
internal_count=459 351 79 272 187 84 41 103 46 108 85 67
cat_boundaries=0 1
cat_threshold=135333505
is_linear=0
shrinkage=0.01


Tree=650
num_leaves=13
num_cat=0
split_feature=17 16 6 45 13 50 0 2 6 2 0 0
split_gain=0.444482 0.965486 0.497564 1.19664 0.450649 0.298069 0.2819 0.0487957 0.0757048 0.0422381 0.0294163 0.0166011
threshold=0.68784068600000015 0.71712764300000009 0.5215316430000001 2.9999999405000004 0.70220135850000009 9.899999719000002 0.22560706600000005 0.30722421400000005 0.47910964250000004 0.18062357150000002 0.11824513000000002 0.22800294750000002
decision_type=2 2 2 2 2 2 2 2 2 2 2 2
left_child=2 6 5 -4 -3 -1 -2 9 -9 -7 -6 -5
right_child=1 4 3 11 10 7 -8 8 -10 -11 -12 -13
leaf_value=0.00031424733386625287 0.0010420513459320317 4.5271882429755928e-05 0.00051142658153745843 -0.0022170356523600609 0.00023479251089263077 -0.0034559194142462046 2.6802382623822361e-05 4.0473425517095487e-05 -0.0015550572644173631 -0.00066950114252782187 -3.605729221887356e-05 7.7208620740053255e-05
leaf_weight=20 20 20 21 22 20 20 20 20 26 169 50 20
leaf_count=20 20 20 21 22 20 20 20 20 26 169 50 20
internal_value=0.000142602 0.000634556 -5.33251e-05 0.00072884 3.30395e-05 -0.00025606 0.00191176 -0.000362596 -2.13676e-05 -0.000434668 -0.000324859 -0.00021028
internal_weight=448 130 318 63 90 255 40 235 46 189 70 42
internal_count=448 130 318 63 90 255 40 235 46 189 70 42
is_linear=0
shrinkage=0.01


Tree=651
num_leaves=10
num_cat=0
split_feature=16 63 6 12 16 39 45 1 21
split_gain=0.689266 1.00822 0.510906 0.487062 0.636153 0.846841 0.200239 0.0358742 0.0329546
threshold=0.58913064300000018 7.0500001910000014 0.54994721450000006 0.71660035700000013 0.6776522140000002 2.3999999910000005 4.9999999105000006 0.28790821400000005 2.2571428755000005
decision_type=2 2 2 2 2 2 2 2 2
left_child=7 2 3 4 6 -6 -2 -1 -5
right_child=1 -3 -4 8 5 -7 -8 -9 -10
leaf_value=-0.0056819568073728293 -0.001268702997382634 0.00050631227381064351 8.2274625004783461e-05 -5.2027619060811343e-05 0.00041090481916915516 -6.2358936454927087e-05 0.00011026131979180658 -0.00065232126618748338 -1.4714036087758165e-05
leaf_weight=83 59 21 25 20 86 49 40 20 65
leaf_count=83 59 21 25 20 86 49 40 20 65
internal_value=0.000328498 0.000534445 0.000394431 0.000276735 0.000515332 0.000960972 -7.51504e-05 -0.00038054 -0.000355478
internal_weight=468 365 344 319 234 135 99 103 85
internal_count=468 365 344 319 234 135 99 103 85
is_linear=0
shrinkage=0.01


Tree=652
num_leaves=12
num_cat=1
split_feature=99 34 19 45 66 45 17 64 15 14 0
split_gain=0.71982 0.985929 0.635868 0.818473 0.367767 0.371853 0.365397 0.309558 0.399302 0.0367571 0.015083
threshold=0 5.6428571770000007 37.240000000000002 4.099999941500001 25.680000305000004 3.5000000300000003 0.66743430950000004 1.9850001335 0.59966028550000006 0.72468964300000016 0.15174629200000003
decision_type=1 2 2 2 2 2 2 2 2 2 2
left_child=-1 2 3 -2 10 -6 -7 9 -9 -3 -4
right_child=1 7 4 -5 5 6 -8 8 -10 -11 -12
leaf_value=-0.00066846516230120734 -1.7860490618287762e-05 -0.0037236372631126776 -1.4348969554356448e-05 0.00070063916527239372 0.00036179216762302174 -1.3598792253804109e-05 0.00015495484897469326 -0.0063024832556298404 0.00084936203707213442 0.0002501090558270519 -0.00011656330083413083
leaf_weight=104 23 90 20 35 34 38 26 24 33 20 20
leaf_count=104 23 90 20 35 34 38 26 24 33 20 20
internal_value=0.000266139 0.000472178 0.000965447 0.00185374 0.000569164 0.00090081 0.000401234 -6.85341e-05 0.000510381 -0.000388087 -0.000196079
internal_weight=467 363 196 58 138 98 64 167 57 110 40
internal_count=467 363 196 58 138 98 64 167 57 110 40
cat_boundaries=0 1
cat_threshold=546376737
is_linear=0
shrinkage=0.01


Tree=653
num_leaves=10
num_cat=1
split_feature=99 17 4 55 17 12 43 6 67
split_gain=1.0868 0.894526 0.795822 0.648126 0.410824 1.09486 0.289695 0.252952 0.148576
threshold=0 0.56319950000000019 0.41752242900000008 1.0999999900000001 0.68524642850000006 0.69622350000000011 16.49999979 0.43316000000000004 34.349999430000004
decision_type=1 2 2 2 2 2 2 2 2
left_child=8 6 3 -3 7 -6 -2 -5 -1
right_child=1 2 -4 4 5 -7 -8 -9 -10
leaf_value=-0.00038079751686121528 -0.0050871362806446333 0.00030760554888203706 0.00039974357843218983 -0.0013313649556014637 0.000747420930044026 -2.0890161926398659e-05 0.00051181961991571506 8.955744410885536e-05 0.00091895720229638654
leaf_weight=133 69 28 23 43 32 48 20 54 20
leaf_count=133 69 28 23 43 32 48 20 54 20
internal_value=0.000346219 0.000669616 0.00102273 0.000804179 0.000559617 0.00108911 -0.000139198 9.71369e-05 -0.000332723
internal_weight=470 317 228 205 177 80 89 97 153
internal_count=470 317 228 205 177 80 89 97 153
cat_boundaries=0 1
cat_threshold=5311682
is_linear=0
shrinkage=0.01


Tree=654
num_leaves=9
num_cat=1
split_feature=50 99 17 44 17 24 60 83
split_gain=0.778155 0.522431 0.481281 0.6316 0.860873 0.562383 0.300012 0.126323
threshold=9.8500000200000013 0 0.56319950000000019 8.1000000090000022 0.59532654750000014 1.7142857100000002 1.8400001525000003 6.4249999350000007
decision_type=2 1 2 2 2 2 2 2
left_child=-1 -2 7 5 -5 -4 -6 -3
right_child=1 2 3 4 6 -7 -8 -9
leaf_value=0.0002366469511035008 -0.00056371022690820027 -0.0028793462681529136 0.00020606982448710798 0.0004105485477581618 0.00015134244006823671 0.00037650802080140054 -2.9055382661061453e-05 0.00050670142371656078
leaf_weight=35 105 70 37 22 39 29 109 20
leaf_count=35 105 70 37 22 39 29 109 20
internal_value=0.000267781 0.000144743 0.000341449 0.000591216 0.000251756 0.00142216 -1.3441e-05 -0.000253304
internal_weight=466 431 326 236 170 66 148 90
internal_count=466 431 326 236 170 66 148 90
cat_boundaries=0 1
cat_threshold=38800800
is_linear=0
shrinkage=0.01


Tree=655
num_leaves=9
num_cat=0
split_feature=17 96 16 16 16 17 49 17
split_gain=0.704914 1.04285 0.427328 0.720924 0.735614 0.696124 0.292631 0.122643
threshold=0.56340721400000005 70.137508020000013 0.61683864300000013 0.67720392850000011 0.72412207150000019 0.68784068600000015 23.999999830000004 0.73236200000000007
decision_type=2 2 2 2 2 2 2 2
left_child=6 -2 -3 -4 5 -5 -1 -6
right_child=1 2 3 4 7 -7 -8 -9
leaf_value=-0.0048463451056672997 0.00084231680800745062 0.00068779380005997716 -0.0010237926108603644 4.1409384233188231e-05 -0.00043976552269169294 0.0006105935939528887 0.00047182164041875002 1.9996624697849805e-05
leaf_weight=109 20 26 79 82 47 56 22 34
leaf_count=109 20 26 79 82 47 56 22 34
internal_value=0.000358344 0.000597448 0.000449507 0.000331325 0.000630118 0.00107349 -0.000254173 -0.000103912
internal_weight=475 344 324 298 219 138 131 81
internal_count=475 344 324 298 219 138 131 81
is_linear=0
shrinkage=0.01


Tree=656
num_leaves=12
num_cat=1
split_feature=51 99 97 27 11 16 17 11 15 10 0
split_gain=0.661576 0.402398 0.419186 0.576001 0.728046 0.277607 0.658285 0.118007 0.179847 0.155976 0.0257349
threshold=60.299998505000012 0 21.632804585000006 4.0142857010000013 0.63953471400000006 0.70257107100000016 0.70139192850000009 0.57076278550000015 0.58525135750000012 0.71861128550000009 0.16146656950000002
decision_type=2 1 8 2 2 2 2 2 2 2 2
left_child=1 2 -1 4 -4 10 -7 8 -3 -9 -5
right_child=-2 7 3 5 -6 6 -8 9 -10 -11 -12
leaf_value=-0.0012545871140918639 0.00060049351894981174 -0.0049902633155478422 2.7293367391299645e-05 -0.0012431512937079341 0.00045551648379384846 3.9348058430672068e-05 -4.0383057487780923e-05 -0.00010938235970028954 0.00069687229052271978 6.1264609718406638e-05 6.2456200398448852e-05
leaf_weight=50 20 22 20 39 29 23 35 179 20 20 20
leaf_count=50 20 22 20 39 29 23 35 179 20 20 20
internal_value=8.26705e-05 0 0.000308642 0.000569544 0.0014759 0.000165535 0.000663265 -0.000272041 0.000163551 -0.000387888 -0.000292642
internal_weight=477 457 216 166 49 117 58 241 42 199 59
internal_count=477 457 216 166 49 117 58 241 42 199 59
cat_boundaries=0 1
cat_threshold=136583004
is_linear=0
shrinkage=0.01


Tree=657
num_leaves=9
num_cat=0
split_feature=56 16 65 10 10 50 17 49
split_gain=0.584151 0.45516 0.606971 0.594409 0.53285 0.349776 0.210515 0.123271
threshold=0.25000000350000007 0.60949717850000018 40.980000495000006 0.6591916430000001 0.54691578600000013 9.8500000200000013 0.57093851050000011 23.999999830000004
decision_type=2 2 2 2 2 2 2 2
left_child=-1 7 4 -4 -3 -6 -7 -2
right_child=1 2 3 -5 5 6 -8 -9
leaf_value=0.00072257780464045633 -0.0049778041722128141 0.0010763875889919362 6.9901230739380207e-06 9.9205126987553376e-05 0.00010682515966634576 0.00044751177631180292 -1.5799281740816453e-05 0.0002310898315269555
leaf_weight=26 110 22 24 21 32 22 177 23
leaf_count=26 110 22 24 21 32 22 177 23
internal_value=0.000239187 0.000144743 0.000364792 0.00143013 0.000163514 1.0785e-05 -0.000137638 -0.000332586
internal_weight=457 431 298 45 253 231 199 133
internal_count=457 431 298 45 253 231 199 133
is_linear=0
shrinkage=0.01


Tree=658
num_leaves=10
num_cat=1
split_feature=99 6 13 12 98 12 35 26 95
split_gain=0.493576 0.324064 0.38069 0.983533 0.982859 0.203153 0.147271 0.145971 0.114344
threshold=0 0.54994721450000006 0.71531968750000008 0.66822935700000008 19.354371755000006 0.74631739300000011 4.1857142960000013 2.2999999945000007 21.726428440000003
decision_type=1 2 2 2 10 2 2 2 2
left_child=6 2 3 7 -5 -4 -1 8 -2
right_child=1 -3 5 4 -6 -7 -8 -9 -10
leaf_value=-0.00026555250320834246 9.8061206195708608e-06 0.00065161244613686929 -2.984207817626059e-05 -0.00010586822050680393 0.00033024140587711013 0.00080832169641301783 0.00090287797500664298 0.00040260092988063086 -0.0014235995254615009
leaf_weight=127 21 31 81 29 33 28 20 37 62
leaf_count=127 21 31 81 29 33 28 20 37 62
internal_value=0.000135164 0.000351562 0.000248458 0.000530634 0.00154459 -0.000204918 -0.000326363 0 -0.000232697
internal_weight=469 322 291 182 62 109 147 120 83
internal_count=469 322 291 182 62 109 147 120 83
cat_boundaries=0 1
cat_threshold=578879619
is_linear=0
shrinkage=0.01


Tree=659
num_leaves=10
num_cat=1
split_feature=99 65 81 49 44 15 16 18 12
split_gain=0.505899 0.845437 1.12711 0.404203 0.402508 0.113937 0.431554 0.0466804 0.0819471
threshold=0 35.180000305000007 8.7007143160000009 4.1000000015000007 15.600000030000002 0.7266769525000002 0.6921907140000001 0.63711014300000013 0.67407557150000008
decision_type=1 2 2 2 2 2 2 2 2
left_child=7 2 -2 -3 5 6 -5 -1 -9
right_child=1 3 -4 4 -6 -7 -8 8 -10
leaf_value=-0.00099837729979990663 -0.00011439913114306966 2.8371290321936332e-05 0.00081262276479651164 -6.2355728831088792e-05 0.00088699978564221629 -3.2091090639677325e-05 0.00077472295498218918 0.00047612967994376535 -0.00048130265928663263
leaf_weight=104 22 26 24 140 20 64 29 20 29
leaf_count=104 22 26 24 140 20 64 29 20 29
internal_value=0.000123225 0.000343955 0.00160256 0.000137598 5.91005e-06 -0.000104791 2.06124e-05 -0.000332723 -5.02009e-05
internal_weight=478 325 46 279 253 233 169 153 49
internal_count=478 325 46 279 253 233 169 153 49
cat_boundaries=0 1
cat_threshold=13699714
is_linear=0
shrinkage=0.01


Tree=660
num_leaves=10
num_cat=1
split_feature=99 68 68 97 7 12 46 1 1
split_gain=0.539952 0.680547 0.941656 0.484013 0.541809 0.984178 0.328535 0.0954834 0.0413796
threshold=0 0.84999990500000011 0.65999984750000007 25.560182840000007 0.54411971450000018 0.71660035700000013 0.25000000750000007 0.18769121400000002 0.29075161200000005
decision_type=1 2 2 8 2 2 2 2 2
left_child=6 2 -2 -3 7 -6 8 -5 -1
right_child=1 3 -4 4 5 -7 -8 -9 -10
leaf_value=-0.00019014995125587889 6.8273968103392366e-07 -0.00047340499357794477 0.0003873757653369097 0.00013072767142501481 0.0011662870481499998 0.00013058144296758999 0.00022328352016463205 -1.728379486720714e-05 4.0747374463475928e-05
leaf_weight=150 29 71 26 20 28 35 33 37 20
leaf_count=150 29 71 26 20 28 35 33 37 20
internal_value=0.000141174 0.000447819 0.00144265 0.000169447 0.000562914 0.00119906 -0.000231525 -0.000112457 -0.000427401
internal_weight=449 246 55 191 120 63 203 57 170
internal_count=449 246 55 191 120 63 203 57 170
cat_boundaries=0 1
cat_threshold=680529315
is_linear=0
shrinkage=0.01


Tree=661
num_leaves=10
num_cat=1
split_feature=38 99 12 78 98 97 50 0 48
split_gain=0.558106 0.276165 0.397619 0.580207 0.233441 0.375897 0.222836 0.367199 0.11474
threshold=6.314285721000001 0 0.6912360715000001 7.8714285575000007 23.642177115000006 26.127533560000003 11.199999885000002 0.13516164600000002 1.8000000195000003
decision_type=2 1 2 2 10 10 2 2 2
left_child=1 -1 3 4 8 -6 7 -4 -3
right_child=-2 2 6 -5 5 -7 -8 -9 -10
leaf_value=-0.00015587114875542283 0.00060600770537261772 0.00027540776561888521 0.0011773086418745071 0.00029430389474257906 0.00024922822023705228 -7.7989849878313299e-06 -0.00026823420890774495 -8.7050818584970931e-06 -0.0017506365567873025
leaf_weight=106 39 20 20 37 22 27 107 25 54
leaf_count=106 39 20 20 37 22 27 107 25 54
internal_value=8.62821e-05 -1.67145e-05 0.000130111 0.000485075 0.000133279 0.000672691 -0.000222513 0.000338428 -0.000200535
internal_weight=457 418 312 160 123 49 152 45 74
internal_count=457 418 312 160 123 49 152 45 74
cat_boundaries=0 1
cat_threshold=167772291
is_linear=0
shrinkage=0.01


Tree=662
num_leaves=13
num_cat=0
split_feature=65 42 65 65 36 64 97 0 60 0 0 0
split_gain=0.635577 0.662494 0.425117 0.356069 0.349829 0.219832 0.399718 0.56792 0.0795579 0.041986 0.0166011 0.0166011
threshold=35.244999410000013 0.35000000900000006 39.925000190000006 40.140000820000004 5.0285714350000008 1.9499998090000001 21.841133310000004 0.11553377800000002 2.1300001145000005 0.30868768750000003 0.24605875000000002 0.15580360450000005
decision_type=2 2 2 2 2 2 10 2 2 2 2 2
left_child=1 -1 9 -4 10 8 11 -8 -5 -2 -3 -7
right_child=2 4 3 5 -6 6 7 -9 -10 -11 -12 -13
leaf_value=0.0003951624316623362 -0.00027735072318017047 -0.0013757946776489244 0.0010495710759066293 -8.2886489034772088e-06 0.00039514536953328766 -0.0003588864718880558 -0.0012531408292990524 0.00084581734624201326 -0.00028320811684344065 -4.8687069925004165e-05 -0.00015590771289578399 -0.0010337036066674452
leaf_weight=24 163 20 26 29 20 20 21 20 65 20 22 22
leaf_count=24 163 20 26 29 20 20 21 20 65 20 22 22
internal_value=8.88324e-05 0.000864055 -8.01449e-05 0.000228165 0.000270701 5.34307e-05 0.000435561 0.00113636 -0.000263713 -0.000432535 -0.00021028 -0.00021028
internal_weight=472 86 386 203 62 177 83 41 94 183 42 42
internal_count=472 86 386 203 62 177 83 41 94 183 42 42
is_linear=0
shrinkage=0.01


Tree=663
num_leaves=12
num_cat=0
split_feature=55 0 9 9 33 55 6 7 17 22 1
split_gain=0.457106 0.996726 0.375183 0.865319 0.369997 0.396179 0.696525 0.178442 0.13227 0.0396295 0.0158575
threshold=0.80000001550000011 0.31458908350000009 0.6023158500000001 0.61157633750000018 4.1571429035000005 2.6000000125000002 0.5215316430000001 0.40947400000000006 0.58502578550000017 1.9142857025000002 0.27742702350000009
decision_type=2 2 2 2 2 2 2 2 2 2 2
left_child=1 -1 7 -4 8 10 -7 -2 -5 -9 -6
right_child=2 -3 3 4 5 6 -8 9 -10 -11 -12
leaf_value=0.00057710032667038387 0.00094480962739323146 -4.0559004872529493e-05 0.0004220407362722696 0.00010535398058232726 1.9347410086950278e-06 9.4836025664918227e-05 0.00090956559750932607 -0.0017150211094782192 -2.0373974913190514e-05 -0.00077314967017686788 -0.0008290423874891265
leaf_weight=20 31 27 20 39 20 52 28 121 78 20 21
leaf_count=20 31 27 20 39 20 52 28 121 78 20 21
internal_value=0.000208246 0.00114017 9.98142e-05 0.000343895 0.000163316 0.000554187 0.000965346 -0.00025463 -0.000224958 -0.000412553 -0.000203349
internal_weight=477 47 430 258 238 121 80 172 117 141 41
internal_count=477 47 430 258 238 121 80 172 117 141 41
is_linear=0
shrinkage=0.01


Tree=664
num_leaves=10
num_cat=0
split_feature=85 66 98 7 11 18 22 28 64
split_gain=0.596857 0.85545 0.473121 0.455821 0.423564 0.213282 0.51904 0.122488 0.0858702
threshold=14.003571650000003 31.795000555000005 26.400175465 0.56025021450000012 0.66067950000000009 0.63515595200000019 1.7999999945000003 3.9285713775000004 2.1550002095000003
decision_type=2 2 10 2 2 2 2 2 2
left_child=2 -2 5 4 -4 8 7 -7 -1
right_child=1 -3 3 -5 -6 6 -8 -9 -10
leaf_value=-0.00039545860287198606 0.00041495680365885205 -0.00096050625714215303 0.00015613029567410571 -1.7023947924967751e-05 0.00068369263782337816 -0.00060198548387711381 0.0014795623311727791 1.5104755433967207e-05 4.0066835829268806e-05
leaf_weight=191 28 20 32 25 20 64 25 20 37
leaf_count=191 28 20 32 25 20 64 25 20 37
internal_value=5.83404e-05 0.00110656 -6.02701e-05 0.000636247 0.00117424 -0.000226465 0.000122951 -0.000235849 -0.000402098
internal_weight=462 48 414 77 52 337 109 84 228
internal_count=462 48 414 77 52 337 109 84 228
is_linear=0
shrinkage=0.01


Tree=665
num_leaves=10
num_cat=0
split_feature=65 18 64 52 50 18 65 5 35
split_gain=0.405664 0.340309 0.339082 0.482783 0.26577 0.175135 0.223069 0.151633 0.0448004
threshold=34.825000765000006 0.63711014300000013 2.3849997520000001 7.5000001080000009 9.8000003285000012 0.68323078550000005 35.769999025000004 0.52202473800000015 4.2071428810000002
decision_type=2 2 2 2 2 2 2 2 2
left_child=1 -1 4 -4 -2 7 -7 8 -6
right_child=2 -3 3 -5 5 6 -8 -9 -10
leaf_value=-0.0016913589164243756 0.00015627159032843054 0.0016320933566863571 -0.0014782655491093373 0.00047596144595738805 -0.00099859913087268722 -0.0018761136123147586 0.00061600506519356255 0.00086834244994884796 -0.00035274914674584016
leaf_weight=20 34 20 30 20 263 26 28 20 20
leaf_count=20 34 20 30 20 263 26 28 20 20
internal_value=-1.76423e-05 0.000931372 -0.000109778 0.000649606 -0.000213119 -0.000297652 0.00020073 -0.000393351 -0.000456307
internal_weight=481 40 441 50 391 357 54 303 283
internal_count=481 40 441 50 391 357 54 303 283
is_linear=0
shrinkage=0.01


Tree=666
num_leaves=11
num_cat=0
split_feature=17 16 44 55 50 50 16 57 31 22
split_gain=0.625113 0.830327 0.395241 0.955187 0.264986 0.438927 0.1815 0.169986 0.26702 0.129779
threshold=0.56319950000000019 0.62172791850000009 8.1000000090000022 3.8000000270000007 11.149999985000003 10.499999840000003 0.68154645200000008 0.40000000950000009 2.0285714100000005 1.6999999795000003
decision_type=2 2 2 2 2 2 2 2 2 2
left_child=9 -2 3 -3 5 6 -4 8 -6 -1
right_child=1 2 4 -5 7 -7 -8 -9 -10 -11
leaf_value=0.00024013982752476394 0.0012098530039598664 0.00066249233246293434 0.00040983993765933663 -0.00037897759414758049 -0.00030679336288831665 0.00014309281664041972 -7.7338002720080109e-06 -0.00042693188974092592 0.00022089063044285445 -0.0034641076028192361
leaf_weight=22 30 32 23 34 26 28 35 83 25 112
leaf_count=22 30 32 23 34 26 28 35 83 25 112
internal_value=0.000228483 0.000473485 0.000296374 0.000973054 8.15216e-05 0.000518433 0 -0.00018546 0.000241313 -0.000333828
internal_weight=450 316 286 66 220 86 58 134 51 134
internal_count=450 316 286 66 220 86 58 134 51 134
is_linear=0
shrinkage=0.01


Tree=667
num_leaves=12
num_cat=0
split_feature=98 5 3 3 26 54 83 8 23 65 1
split_gain=0.615317 0.458795 0.49711 0.502291 0.463549 0.229397 0.314389 0.194904 0.092457 0.0418087 0.0231242
threshold=27.836040485000002 0.42560378550000005 0.38581578550000006 0.36282485750000004 2.2714285810000008 8.0500000790000019 4.7471428950000005 0.48546688100000007 1.7571428415000001 34.864999770000004 0.30945240450000006
decision_type=10 2 2 2 2 2 2 2 2 2 2
left_child=1 5 3 4 8 7 -7 -1 -3 -9 -4
right_child=-2 2 10 -5 -6 6 -8 9 -10 -11 -12
leaf_value=0.00092285894603771955 0.00059898011484429232 1.6133022097694419e-06 -0.0006762911741793118 0.00036224831189226106 0.00057184639630800203 -0.00019431470232798007 0.00030718608034644004 -0.00028615896819747299 -8.9862733568529141e-06 -0.00057785102633842698 -0.0019462739127905089
leaf_weight=31 33 20 20 31 37 22 29 20 35 159 33
leaf_count=31 33 20 20 31 37 22 29 20 35 159 33
internal_value=0.000218776 0.000113065 0.00050905 0.000860258 0.000452586 -0.000147059 0.000434363 -0.000298862 -9.85664e-05 -0.000431035 -0.000269517
internal_weight=470 437 176 123 92 261 51 210 55 179 53
internal_count=470 437 176 123 92 261 51 210 55 179 53
is_linear=0
shrinkage=0.01


Tree=668
num_leaves=12
num_cat=0
split_feature=18 17 65 17 39 39 16 88 96 4 0
split_gain=0.833718 1.17425 0.655899 0.803308 0.294349 0.283327 0.268175 0.346361 0.241088 0.031695 0.0158575
threshold=0.70545036450000009 0.74174346400000013 35.244999410000013 0.59532654750000014 2.1499999800000005 0.15000000200000005 0.59343418550000016 13.022857190000002 131.48502525000004 0.41752242900000008 0.27718218750000007
decision_type=2 2 2 2 2 2 2 2 2 2 2
left_child=2 -2 3 -1 -5 6 9 8 -8 -4 -6
right_child=1 -3 5 4 10 -7 7 -9 -10 -11 -12
leaf_value=0.00027121016551363142 0.0010989915210804621 -0.00016862985642151232 -0.0053033863130459418 0.00013903851682615711 -0.0002983646831508554 -0.00060522434931057484 -1.326626736134867e-05 0.0011244006731375206 0.00013683700045623781 -0.00073262221590194242 2.0656867942769539e-05
leaf_weight=22 20 22 59 22 21 123 89 32 26 20 20
leaf_count=22 20 22 59 22 21 123 89 32 26 20 20
internal_value=0.000230705 0.00156542 9.42961e-05 0.000879953 0.000258621 -9.29104e-05 0.000110229 0.000368741 9.06735e-05 -0.000344612 -0.000203349
internal_weight=476 42 434 85 63 349 226 147 115 79 41
internal_count=476 42 434 85 63 349 226 147 115 79 41
is_linear=0
shrinkage=0.01


Tree=669
num_leaves=10
num_cat=0
split_feature=56 5 7 48 31 26 7 16 26
split_gain=0.311677 0.202869 0.535426 0.766906 0.345088 0.22603 0.136688 0.139977 0.0424747
threshold=0.25000000350000007 0.42560378550000005 0.55824983950000007 4.0999999530000011 2.9999999915000006 2.2714285810000008 0.41948735750000005 0.73719471450000007 2.4571428215000002
decision_type=2 2 2 2 2 2 2 2 2
left_child=-1 6 3 -3 -4 -6 -2 8 -8
right_child=1 2 4 -5 5 -7 7 -9 -10
leaf_value=0.000192356963009822 0.00011855919751713393 -0.00010416192285500996 -1.4641099543305613e-05 0.00022439252492449541 -1.3729843527593746e-05 0.00093422405763974182 -0.00047668218471325037 0.00026935001862347929 -0.0016288661347395911
leaf_weight=23 35 26 95 23 24 20 175 20 20
leaf_count=23 35 26 95 23 24 20 175 20 20
internal_value=0 -6.15316e-05 0.000180085 0.0010743 -0.000125179 0.000580357 -0.000251196 -0.000349861 -0.00043667
internal_weight=461 438 188 49 139 44 250 215 195
internal_count=461 438 188 49 139 44 250 215 195
is_linear=0
shrinkage=0.01


Tree=670
num_leaves=11
num_cat=1
split_feature=99 72 81 55 64 67 5 83 2 0
split_gain=0.46077 0.760005 0.530239 0.672681 0.291377 0.233594 0.272739 0.119088 0.191897 0.0186605
threshold=0 81.265001300000009 8.634285654000001 4.750000022500001 2.1550002095000003 33.249999050000007 0.43584972850000009 5.0092857495000009 0.26793664300000003 0.24506320850000005
decision_type=1 2 2 2 2 2 2 2 2 2
left_child=5 2 3 9 7 -1 -7 8 -3 -2
right_child=1 4 -4 -5 -6 6 -8 -9 -10 -11
leaf_value=-0.00020437865245498586 -0.00091273738131125075 0.0017426226019168296 0.00026630727991057548 0.00012230329353263411 0.00068882216000781349 0.0007973055182059211 -1.4316905387949711e-05 -0.00049309351504640267 -7.1755381495027407e-06 -2.7868020284688328e-07
leaf_weight=158 25 20 34 25 28 24 24 93 25 20
leaf_count=158 25 20 34 25 28 24 24 93 25 20
internal_value=6.29193e-05 0.000331196 0.00101145 0.000466102 -6.59474e-05 -0.000281365 0.000286885 -0.000266571 0.000120087 -0.000229258
internal_weight=476 270 104 70 166 206 48 138 45 45
internal_count=476 270 104 70 166 206 48 138 45 45
cat_boundaries=0 1
cat_threshold=307299779
is_linear=0
shrinkage=0.01


Tree=671
num_leaves=10
num_cat=0
split_feature=97 72 14 72 38 54 51 97 79
split_gain=0.652396 0.921743 0.555073 0.602033 0.268663 0.255395 0.16305 0.139379 0.309367
threshold=23.973633205000002 82.110000610000014 0.73712557100000009 79.890000820000012 6.1357142925000012 1.8999999835000001 25.450000005000003 27.820630600000005 7.3785713530000008
decision_type=10 2 2 2 2 2 2 10 2
left_child=4 2 3 6 5 -1 -2 -3 -9
right_child=1 7 -4 -5 -6 -7 -8 8 -10
leaf_value=0.00017013795517556177 2.6997555752449488e-05 -5.9847646029518317e-05 -2.3192025635927091e-05 0.00090085191895574075 0.00053721121513076824 -0.0001695504089164469 0.00042244981517925882 0.0014370361702859685 -0.0025955246931870187
leaf_weight=27 37 55 34 21 34 170 26 23 27
leaf_count=27 37 55 34 21 34 170 26 23 27
internal_value=0.0001781 0.000565237 0.00117003 0.00160377 -0.000187662 -0.000336198 0.00104232 -9.9244e-05 0.000255905
internal_weight=454 223 118 84 231 197 63 105 50
internal_count=454 223 118 84 231 197 63 105 50
is_linear=0
shrinkage=0.01


Tree=672
num_leaves=12
num_cat=0
split_feature=76 44 96 56 18 96 96 55 2 49 24
split_gain=0.438708 0.548439 0.528474 0.2025 0.238495 0.318946 0.223738 0.215815 0.0734472 0.0412781 0.0367571
threshold=94.379999165000001 11.54999993 95.692065825000014 5.8000000265000002 0.68323078550000005 70.137508020000013 132.01285560000002 0.80000001550000011 0.31432811900000007 19.750000360000005 1.5999999940000003
decision_type=2 2 2 2 2 2 2 2 2 2 2
left_child=3 8 -3 7 5 -5 10 -1 -2 -9 -7
right_child=1 2 -4 4 -6 6 -8 9 -10 -11 -12
leaf_value=3.2759697495860923e-05 0.0018869595674264905 0.00022933624696309092 0.00082044329115607355 0.0002061212555020633 0.00095802026939652675 -0.0024009506735007033 0.0001428931236751064 -0.00033351165485930701 -0.0038197004525168253 -2.2820564252988217e-06 -2.9559397979453232e-05
leaf_weight=28 20 22 21 24 33 20 24 148 25 20 90
leaf_count=28 20 22 21 24 33 20 24 148 25 20 90
internal_value=8.51197e-05 0.000720721 0.00151826 -5.54411e-05 0.000169447 0 -0.00018546 -0.000284553 -1.09171e-05 -0.00042654 -0.000388087
internal_weight=475 88 43 387 191 158 134 196 45 168 110
internal_count=475 88 43 387 191 158 134 196 45 168 110
is_linear=0
shrinkage=0.01


Tree=673
num_leaves=12
num_cat=0
split_feature=84 81 27 19 43 4 13 55 19 81 4
split_gain=0.575144 0.846659 0.300581 0.532843 0.214115 0.203668 0.372783 0.496538 0.0778705 0.0422785 0.0278899
threshold=15.034999915000002 8.7007143160000009 4.1857143300000006 76.615000000000023 14.099999935000001 0.33673492850000003 0.73522637500000021 2.6000000125000002 76.155000000000015 9.5614286150000023 0.27893685700000009
decision_type=2 2 2 2 2 2 2 2 2 2 2
left_child=1 8 4 -4 9 10 7 -7 -1 -2 -6
right_child=2 -3 3 -5 5 6 -8 -9 -10 -11 -12
leaf_value=-0.0029328993216804202 -6.0702089807650339e-05 0.00056509479093627723 0.0005414604345671093 -0.00072800875254866232 -0.0079217315831810967 -0.00074114582326838523 -3.1651656967498224e-05 0.0010387798690164212 1.3504147827688648e-05 -0.0017151768214906866 -0.0017129804777593169
leaf_weight=27 170 35 20 20 20 22 27 22 20 20 45
leaf_count=27 170 35 20 20 20 22 27 22 20 20 45
internal_value=5.34758e-05 0.000809179 -0.000111778 0.000686274 -0.000217258 7.30993e-05 0.000452646 0.00102679 -3.13809e-05 -0.000435011 -0.00031155
internal_weight=448 82 366 40 326 136 71 44 47 190 65
internal_count=448 82 366 40 326 136 71 44 47 190 65
is_linear=0
shrinkage=0.01


Tree=674
num_leaves=12
num_cat=1
split_feature=65 16 37 43 3 99 5 9 20 17 3
split_gain=0.510797 0.718613 0.514744 0.229693 0.268127 0.126082 0.184363 0.434925 0.060166 0.0778705 0.0272148
threshold=35.180000305000007 0.68154645200000008 5.071428537500001 16.849999785000005 0.34425964300000006 0 0.41165595700000007 0.66479630850000004 0.71428571000000007 0.55043771450000012 0.24871542850000003
decision_type=2 2 2 2 2 1 2 2 2 2 2
left_child=1 2 -1 5 -5 6 10 -8 9 -7 -2
right_child=3 -3 -4 4 -6 8 7 -9 -10 -11 -12
leaf_value=4.7121193181220537e-05 -3.8757484303485812e-05 -5.2103712962236736e-06 0.00086277718036815445 -1.5481874088251675e-05 0.00042590052913257619 -0.0086157541857177916 0.00040469676465766186 -2.8974198169569913e-05 -2.9694487651091624e-05 0.00034510249022565154 -0.0027674932764352538
leaf_weight=20 20 39 20 29 20 27 24 23 169 20 43
leaf_count=20 20 39 20 29 20 27 24 23 169 20 43
internal_value=2.19865e-06 0.000733083 0.00166667 -0.000147685 0.000471887 -0.000247858 2.48343e-05 0.000512552 -0.000379189 -3.13809e-05 -0.000305643
internal_weight=454 79 40 375 49 326 110 47 216 47 63
internal_count=454 79 40 375 49 326 110 47 216 47 63
cat_boundaries=0 1
cat_threshold=2101265
is_linear=0
shrinkage=0.01


Tree=675
num_leaves=12
num_cat=0
split_feature=3 3 48 18 97 30 96 5 44 1 0
split_gain=0.276821 0.671106 0.757378 0.2305 0.591191 0.177916 0.161766 0.129247 0.0727979 0.0662955 0.0235968
threshold=0.35729614250000002 0.3874656425000001 4.7500000300000007 0.65860228550000011 27.748442220000005 2.2714285595000008 60.892142180000008 0.46976100000000004 12.800000015000002 0.23864885700000002 0.20999178100000002
decision_type=2 2 2 2 10 2 2 2 2 2 2
left_child=3 2 -2 6 5 -5 -1 8 -8 -10 -3
right_child=1 10 -4 4 -6 -7 7 -9 9 -11 -12
leaf_value=0.0001728949695356893 0.00029802689316546808 5.3840795267566523e-06 0.00042662357067351354 -1.6241026740852401e-05 0.0017129514038849802 0.00029795569546553361 -0.00040647584198469074 0.00031054864167176689 0.00021130680018276477 -2.2022983805666063e-05 -0.0016582510332136225
leaf_weight=30 35 20 20 47 20 26 180 20 20 22 34
leaf_count=30 35 20 20 47 20 26 180 20 20 22 34
internal_value=4.4229e-05 0.000487249 0.00126344 -8.3379e-05 0.000335821 -6.09757e-05 -0.000234604 -0.000325371 -0.000399462 0 -0.000273723
internal_weight=474 109 55 365 93 73 272 242 222 42 54
internal_count=474 109 55 365 93 73 272 242 222 42 54
is_linear=0
shrinkage=0.01


Tree=676
num_leaves=11
num_cat=0
split_feature=18 12 38 19 19 14 6 8 3 3
split_gain=0.537041 0.542986 0.455063 0.200471 0.329004 0.421793 0.203059 0.386759 0.0778705 0.0401794
threshold=0.70545036450000009 0.67535481600000014 6.314285721000001 45.065000000000005 76.155000000000015 0.70487507150000017 0.51452969050000008 0.66417533350000013 0.30345667850000008 0.38175402400000008
decision_type=2 2 2 2 2 2 2 2 2 2
left_child=2 -2 3 9 5 8 -6 -8 -5 -1
right_child=1 -3 -4 4 6 -7 7 -9 -10 -11
leaf_value=-0.00048066409078742495 0.0010588780304840327 -1.2825999781660116e-05 0.00044013907950053624 0.00012255487108204995 -0.00040990659741765276 0.00029450692053624905 0.00091194041813672444 -0.00010670859676673914 -1.4580313518600564e-05 -0.0034209003424368715
leaf_weight=129 20 20 38 20 104 36 20 28 27 20
leaf_count=129 20 20 38 20 104 36 20 28 27 20
internal_value=7.9948e-05 0.00117647 -2.12868e-05 -0.000129938 4.45291e-05 0.000554892 -0.000222513 0.000286885 -3.13809e-05 -0.000417223
internal_weight=462 40 422 384 235 83 152 48 47 149
internal_count=462 40 422 384 235 83 152 48 47 149
is_linear=0
shrinkage=0.01


Tree=677
num_leaves=10
num_cat=0
split_feature=15 17 13 97 97 19 97 37 7
split_gain=0.483421 0.879467 0.747682 0.297455 0.573114 0.881685 0.398379 0.157374 0.0340528
threshold=0.7266769525000002 0.68903750000000008 0.67873879150000016 23.530456615000002 26.401655540000004 68.030000000000015 32.113691370000005 4.842857071000001 0.56857490450000003
decision_type=2 2 2 8 8 2 10 2 2
left_child=1 3 -3 7 5 -5 8 -1 -6
right_child=-2 2 -4 4 6 -7 -8 -9 -10
leaf_value=-0.0024581169230477686 -4.0502934188368257e-05 0.00081676567250024939 0.00041442987488411439 0.00037723923569343495 -0.00098550722691626664 -1.0863130685141273e-05 0.00022423716302853334 0.00036960077720384516 3.9447620956513663e-05
leaf_weight=103 113 25 23 25 71 25 34 37 20
leaf_count=103 113 25 23 25 71 25 34 37 20
internal_value=8.38925e-05 0.000265256 0.00151639 6.49144e-05 0.000344141 0.00124016 -3.97468e-06 -0.000269886 -0.000364924
internal_weight=476 363 48 315 175 50 125 140 91
internal_count=476 363 48 315 175 50 125 140 91
is_linear=0
shrinkage=0.01


Tree=678
num_leaves=12
num_cat=1
split_feature=99 48 16 97 19 97 5 6 50 6 42
split_gain=0.567 0.592482 0.620729 0.456048 0.392055 0.206674 0.188022 0.1726 0.199936 0.038849 0.0379418
threshold=0 4.6500000355000006 0.67248635700000015 21.763161570000005 69.715000000000018 27.820630600000005 0.43800200000000006 0.37637250000000005 10.899999970000001 0.36042788100000006 0.94999998800000018
decision_type=1 2 2 10 2 10 2 2 2 2 2
left_child=9 5 6 -4 -5 7 -3 -2 -9 -1 -10
right_child=1 2 3 4 -6 -7 -8 8 10 -11 -12
leaf_value=-0.0019366270975657064 0.00010848419810545348 -0.0010604445277174899 5.9237652731386892e-07 0.00041521374649830788 0.00016190956939925961 0.00037074484049362755 0.00020950502151200856 0.00012711916243562127 5.9067608955206551e-06 -0.00047420936255250458 -3.0444642125024175e-05
leaf_weight=20 23 28 22 20 23 39 21 27 20 111 101
leaf_count=20 23 28 22 20 23 39 21 27 20 111 101
internal_value=0.000154673 0.000376344 0.000966899 0.00160334 0.0022032 6.16697e-05 7.0281e-05 -7.85799e-05 -0.000215054 -0.000377292 -0.000398194
internal_weight=455 324 114 65 43 210 49 171 148 131 121
internal_count=455 324 114 65 43 210 49 171 148 131 121
cat_boundaries=0 1
cat_threshold=34671234
is_linear=0
shrinkage=0.01


Tree=679
num_leaves=9
num_cat=0
split_feature=98 48 19 32 41 0 4 41
split_gain=0.476568 0.484861 0.475195 0.194327 0.419826 0.375394 0.435557 0.125081
threshold=28.279382665000004 7.0999999795000006 58.585000000000008 5.7071428300000013 2.9000000580000003 0.098881000000000011 0.31636752850000005 4.4999999925000003
decision_type=10 2 2 2 2 2 2 2
left_child=1 3 -3 4 -1 6 -6 -7
right_child=-2 2 -4 -5 5 7 -8 -9
leaf_value=0.00037383499147387991 0.00025780681786919101 0.00035880939099154527 -1.5299549377298075e-06 -0.0023700362530964898 -2.1964342457881475e-05 3.809352286328546e-05 0.00020586111527096565 -2.8768385585220152e-05
leaf_weight=27 31 22 21 84 38 59 20 171
leaf_count=27 31 22 21 84 38 59 20 171
internal_value=0.000150907 6.09755e-05 0.00106164 -4.3772e-05 6.49144e-05 -4.15514e-05 0.000663265 -0.000229636
internal_weight=473 442 43 399 315 288 58 230
internal_count=473 442 43 399 315 288 58 230
is_linear=0
shrinkage=0.01


Tree=680
num_leaves=12
num_cat=0
split_feature=98 75 65 16 98 25 27 64 88 16 12
split_gain=0.67025 0.648635 0.749742 0.964803 0.564319 0.117648 0.104366 0.251488 0.156991 0.179847 0.0261223
threshold=28.279382665000004 65.304998400000002 35.210000515000011 0.68154645200000008 20.201986145000003 1.6285713995000002 4.0999999560000004 1.5950002670000003 13.022857190000002 0.55652200000000007 0.70264478600000013
decision_type=10 2 2 2 8 2 2 2 2 2 2
left_child=1 6 3 -3 -4 -6 8 -8 -1 -10 -9
right_child=-2 2 4 -5 5 -7 7 10 9 -11 -12
leaf_value=-3.2457177790405503e-05 0.00033163093260417479 0.00075917858873567284 0.00077871730438963801 0.00010371972964551502 1.5530501662894658e-05 -0.00014535769283518358 0.00057086040255027953 -0.0012142826423420655 -0.005439921986601739 0.00038572730026978906 -4.2576469517126235e-05
leaf_weight=168 26 25 24 20 21 67 28 40 22 20 20
leaf_count=168 26 25 24 20 21 67 28 40 22 20 20
internal_value=0.0001401 4.49757e-05 0.000567174 0.00164847 0.000106383 -0.000247748 -0.00022423 4.50449e-05 -0.0003463 0.000163551 -0.000296053
internal_weight=481 455 157 45 112 88 298 88 210 42 60
internal_count=481 455 157 45 112 88 298 88 210 42 60
is_linear=0
shrinkage=0.01


Tree=681
num_leaves=11
num_cat=1
split_feature=99 84 7 44 17 13 49 12 0 97
split_gain=0.47754 0.503108 0.370071 0.315968 0.210392 0.711396 0.387177 0.111033 0.0390952 0.038849
threshold=0 15.025714330000001 0.50936671400000011 15.949999745000001 0.66330657150000005 0.71344455000000007 19.250000125000003 0.74631739300000011 0.27190482600000004 31.281982005000003
decision_type=1 2 2 2 2 2 2 2 2 10
left_child=8 2 -2 4 6 -6 9 -7 -1 -3
right_child=1 3 -4 -5 5 7 -8 -9 -10 -11
leaf_value=-0.00016174880231539172 3.5889947496766648e-05 -0.0017024053461832168 0.00088959816580387379 0.00086510358680026624 0.00017605978975286237 -4.7130073093676881e-05 0.00036348843974565474 0.0004275214690626437 1.6841759909121539e-05 -1.2150311240525213e-05
leaf_weight=114 22 111 20 20 39 50 27 20 20 20
leaf_count=114 22 111 20 20 39 50 27 20 20 20
internal_value=0.000100259 0.000304591 0.00133178 0.000154621 5.41448e-05 0.000396175 -0.000170025 -0.000183616 -0.000379834 -0.000405918
internal_weight=463 329 42 287 267 109 158 70 134 131
internal_count=463 329 42 287 267 109 158 70 134 131
cat_boundaries=0 1
cat_threshold=43057378
is_linear=0
shrinkage=0.01


Tree=682
num_leaves=10
num_cat=0
split_feature=54 17 44 57 7 16 91 68 80
split_gain=0.666029 0.624286 0.503592 0.337297 0.303065 0.250642 0.392053 0.120402 0.0826463
threshold=1.0000000225000003 0.62471471450000016 15.949999745000001 1.3999999835000001 0.50411671400000013 0.6125375715000001 22.320714405 2.7150006295000004 5.2371428715000006
decision_type=2 2 2 2 2 2 2 2 2
left_child=1 -1 5 4 -3 -2 7 8 -7
right_child=2 3 -4 -5 -6 6 -8 -9 -10
leaf_value=0.00022635909772251978 -0.0034145485522077651 6.0871249127128968e-05 0.00058967925203590025 -0.00067783685988657429 0.00088070218414583457 -4.4858176426999708e-05 0.0031780945070556351 0.00025395875032573751 -2.3945136870299086e-05
leaf_weight=24 140 28 27 29 20 23 29 29 132
leaf_count=24 140 28 27 29 20 23 29 29 132
internal_value=0.0001401 0.000859528 -4.7269e-05 0.000379177 0.000901639 -0.000154042 5.37885e-05 -0.000108225 -0.000227856
internal_weight=481 101 380 77 48 353 213 184 155
internal_count=481 101 380 77 48 353 213 184 155
is_linear=0
shrinkage=0.01


Tree=683
num_leaves=10
num_cat=0
split_feature=48 51 15 15 13 96 0 37 0
split_gain=0.521853 0.390887 0.358218 0.886106 0.217499 0.587709 0.28845 0.589819 0.0413292
threshold=6.299999799500001 60.650000690000006 0.69350721400000015 0.72705264250000012 0.69278453150000019 129.80610175000001 0.14764960450000003 4.5857142890000011 0.08460875000000001
decision_type=2 2 2 2 2 2 2 2 2
left_child=1 4 -2 -4 5 6 -1 -8 -6
right_child=2 -3 3 -5 8 -7 7 -9 -10
leaf_value=-0.0071742969529548827 -6.5567453576117945e-06 0.00045875775011970519 0.00036115142759914277 -0.0018089632376083284 6.3377310261930615e-07 9.3139015519848851e-05 0.00082006185764169157 -0.00034725675248258275 -2.7713412892253279e-05
leaf_weight=108 26 22 24 23 20 23 21 65 149
leaf_count=108 26 22 24 23 20 23 21 65 149
internal_value=5.70775e-05 -7.8278e-05 0.000833333 0.00134937 -0.000157704 4.36179e-05 -0.000128337 0.000288018 -0.000426973
internal_weight=481 408 73 47 386 217 194 86 169
internal_count=481 408 73 47 386 217 194 86 169
is_linear=0
shrinkage=0.01


Tree=684
num_leaves=12
num_cat=1
split_feature=27 21 8 45 99 13 10 12 44 14 18
split_gain=0.558976 0.666975 0.577722 0.614028 0.37035 0.35772 0.614028 0.11901 0.191143 0.0954834 0.0435556
threshold=3.8285714390000005 2.2571428245000003 0.48546688100000007 3.6499999945000003 0 0.70884390000000008 0.62570685700000006 0.72825792850000004 8.1000000090000022 0.74731664300000011 0.70808342850000006
decision_type=2 2 2 2 1 2 2 2 2 2 2
left_child=1 -1 3 -2 5 6 -4 10 -9 -7 -6
right_child=2 -3 4 -5 7 9 -8 8 -10 -11 -12
leaf_value=-7.725973993344087e-06 -0.0013981782989655747 0.00036484521356733795 -0.00034231231780605729 0.0018473301228973415 -0.00039080519193532233 -7.1497154523283326e-05 0.00031622743967252975 0.00087077991310128753 -0.000380726550962264 0.00062530965379970329 -1.9344377445941645e-05
leaf_weight=24 23 24 23 20 208 37 20 21 29 20 20
leaf_count=24 23 24 23 20 208 37 20 21 29 20 20
internal_value=9.25925e-05 0.00110656 -2.01518e-05 0.00106164 -0.000150475 0.00034296 0.00106164 -0.000335873 5.9055e-05 -0.000112457 -0.000445804
internal_weight=469 48 421 43 378 100 43 278 50 57 228
internal_count=469 48 421 43 378 100 43 278 50 57 228
cat_boundaries=0 1
cat_threshold=2097424
is_linear=0
shrinkage=0.01


Tree=685
num_leaves=12
num_cat=0
split_feature=38 50 65 9 1 96 16 10 22 22 67
split_gain=0.614282 0.491172 0.544891 0.449627 0.370071 0.358135 0.340499 0.372846 0.0370971 0.0908624 0.0429746
threshold=6.314285721000001 9.8000003285000012 40.894999980000009 0.58228697500000004 0.26564010700000007 132.01285560000002 0.5855260000000001 0.67407207150000004 1.6785714160000003 1.6571428735000002 23.485000610000004
decision_type=2 2 2 2 2 2 2 2 2 2 2
left_child=1 -1 5 -4 -2 8 -5 -8 9 -3 -10
right_child=4 2 3 6 -6 -7 7 -9 10 -11 -12
leaf_value=0.00017424275580919655 0.00012208926892266176 -0.00016493166362146455 -0.0022985115792815559 -0.0012324738082909576 0.00055467960608448998 4.887468181457067e-05 0.00034793280338870687 -1.3834995433981954e-06 3.0868597560431004e-05 1.823262517450748e-05 -0.00010073082088289582
leaf_weight=33 22 34 30 23 20 30 34 23 20 20 189
leaf_count=33 22 34 30 23 20 30 34 23 20 20 189
internal_value=0.000185881 6.86812e-05 -2.35266e-05 0.000568592 0.00133178 -0.000253574 0.000965346 0.00137543 -0.00037718 -9.1241e-05 -0.000440896
internal_weight=478 436 403 110 42 293 80 57 263 54 209
internal_count=478 436 403 110 42 293 80 57 263 54 209
is_linear=0
shrinkage=0.01


Tree=686
num_leaves=10
num_cat=1
split_feature=99 65 50 52 97 72 15 35 22
split_gain=0.626627 0.898501 1.36988 0.302317 0.434874 0.383791 0.71795 0.147936 0.128611
threshold=0 35.180000305000007 22.499999675000002 6.4500000475000006 27.820630600000005 83.569999695000021 0.72705264250000012 4.1714285610000017 1.7571428415000001
decision_type=1 2 2 2 8 2 2 2 2
left_child=7 2 -2 -3 5 6 -5 -1 -7
right_child=1 3 -4 4 -6 8 -8 -9 -10
leaf_value=-0.00029511703564075691 0.00038419609003726075 -0.00098905729411920057 -2.8127840827226437e-06 0.00011695471080223199 0.00069715912395742726 0.00040211602002458886 -2.3299317648175726e-05 0.0008720176970092164 -4.8994139206006421e-05
leaf_weight=130 21 50 21 66 35 20 52 20 74
leaf_count=130 21 50 21 66 35 20 52 20 74
internal_value=0.000190894 0.000424528 0.00179907 0.000233378 0.000381356 0.000197368 0.000580808 -0.000329602 -0.000263713
internal_weight=489 339 42 297 247 212 118 150 94
internal_count=489 339 42 297 247 212 118 150 94
cat_boundaries=0 1
cat_threshold=578879874
is_linear=0
shrinkage=0.01


Tree=687
num_leaves=11
num_cat=0
split_feature=97 34 16 48 64 54 17 7 52 2
split_gain=0.808183 0.562448 1.1208 0.826963 0.442764 0.431767 0.293727 0.157379 0.0758827 0.0235968
threshold=23.530456615000002 5.6071429255000007 0.68154645200000008 3.3999999685000004 2.1399998665000006 10.750000025000002 0.73236200000000007 0.40947400000000006 9.8999997155000035 0.29115764300000008
decision_type=10 2 2 2 2 2 2 2 2 2
left_child=6 2 3 -2 8 9 7 -1 -3 -4
right_child=1 4 5 -5 -6 -7 -8 -9 -10 -11
leaf_value=0.00078470580220037505 2.0914213762391611e-05 -0.00033640186631872656 -2.2254885203486182e-05 0.00041437955650621089 0.00040216292852078556 9.2269603346742393e-05 5.2300830517718509e-06 -0.0004376835889091722 3.7429107595705901e-05 -0.00052239357350651497
leaf_weight=20 20 64 20 32 20 27 21 191 30 34
leaf_count=20 20 64 20 32 20 27 21 191 30 34
internal_value=0.000142768 0.000542776 0.00098281 0.00212121 8.71068e-06 0.000213936 -0.000274914 -0.00039424 -0.000263713 -0.000273723
internal_weight=479 247 133 52 114 81 232 211 94 54
internal_count=479 247 133 52 114 81 232 211 94 54
is_linear=0
shrinkage=0.01


Tree=688
num_leaves=14
num_cat=1
split_feature=50 96 97 97 99 44 11 10 14 98 26 3 1
split_gain=0.44711 0.45341 0.515324 1.1127 0.227123 0.272198 0.397258 0.696176 0.131756 0.280218 0.196002 0.032135 0.0158575
threshold=11.149999985000003 94.801848145000022 22.836835770000004 28.520675435000005 0 9.4500000030000013 0.68790835700000008 0.61801215300000012 0.68534450000000013 18.201050400000003 2.2428571245000004 0.32843285750000006 0.23523003550000002
decision_type=2 2 10 10 1 2 2 2 2 10 2 2 2
left_child=1 12 -3 -4 5 6 7 -2 9 11 -11 -6 -1
right_child=4 2 3 -5 8 -7 -8 -9 -10 10 -12 -13 -14
leaf_value=-0.0044990711131942486 -2.8144867358197699e-05 8.8997469422158154e-07 0.00057063860800195406 -0.00018080619912810625 -0.0048934548038595841 -0.0013167961054210073 -0.00040538953661887252 0.0002292684573304605 -6.0264204620669866e-05 -9.6663334165427577e-06 0.0013792248954533572 -0.005298043445588695 -0.00021901178013120179
leaf_weight=20 21 35 32 23 61 30 32 22 115 21 20 20 21
leaf_count=20 21 35 32 23 61 30 32 22 115 21 20 20 21
internal_value=0.000129801 0.000625948 0.00102423 0.00162186 -5.5426e-05 0.000306563 0.000666227 0.00128995 -0.000228007 0 0.000657895 -0.000348411 -0.000203349
internal_weight=473 131 90 55 342 105 75 43 237 122 41 81 41
internal_count=473 131 90 55 342 105 75 43 237 122 41 81 41
cat_boundaries=0 1
cat_threshold=671093264
is_linear=0
shrinkage=0.01


Tree=689
num_leaves=12
num_cat=1
split_feature=38 99 48 78 4 12 97 25 16 4 6
split_gain=0.791796 0.337695 0.388901 0.475321 0.696062 0.212505 0.206906 0.0912233 0.200628 0.0763575 0.038849
threshold=6.314285721000001 0 4.3999999355000012 7.6785713945000014 0.34317428550000006 0.71626078550000016 28.525338020000003 1.8714285620000004 0.6125375715000001 0.39283733300000007 0.3633066430000001
decision_type=2 1 2 2 2 2 10 2 2 2 2
left_child=1 10 6 5 -5 -4 7 -3 -9 -6 -1
right_child=-2 2 3 4 9 -7 -8 8 -10 -11 -12
leaf_value=0.00040196248283042024 0.000649101887881554 -0.00014562876404764928 -0.00075127878904605123 0.00079570937207380397 -1.6145707759126732e-05 5.3126305500384145e-06 0.00017612526124626153 -0.0006661860713022597 0.00060485541852597447 0.00029476370356912486 -0.00022421074700017859
leaf_weight=20 38 68 37 20 20 21 20 65 33 20 111
leaf_count=20 38 68 37 20 20 21 20 65 33 20 111
internal_value=0.000150907 2.40935e-05 0.000209657 0.000664983 0.00128289 0 -5.88866e-05 -0.000185851 0 0.000441176 -0.000377292
internal_weight=473 435 304 118 60 58 186 166 98 40 131
internal_count=473 435 304 118 60 58 186 166 98 40 131
cat_boundaries=0 1
cat_threshold=37814474
is_linear=0
shrinkage=0.01


Tree=690
num_leaves=11
num_cat=0
split_feature=55 6 5 2 98 96 17 50 76 2
split_gain=0.870654 0.792542 0.335566 0.766552 0.36633 0.27463 0.328281 0.0378604 0.0442557 0.015083
threshold=0.80000001550000011 0.47910964250000004 0.47714655350000007 0.31722652400000001 27.836040485000002 70.137508020000013 0.54587426200000011 9.8500000200000013 77.74000168000002 0.35675721400000004
decision_type=2 2 2 2 10 2 2 2 2 2
left_child=1 -1 4 -4 5 6 -2 -7 -9 -5
right_child=2 -3 3 9 -6 7 -8 8 -10 -11
leaf_value=0.00044464205121067478 -0.0078587062121432249 -1.4315133637885767e-05 0.00032481751200372287 -1.9240166616686877e-05 0.0002902794261744956 -1.5507412422807073e-05 0.00081670985839782276 -3.248826210776103e-05 -0.00031505262475596578 4.2629054410183446e-05
leaf_weight=25 20 22 22 20 27 20 20 20 236 20
leaf_count=25 20 22 22 20 27 20 20 20 236 20
internal_value=7.06713e-05 0.00134937 -7.51603e-05 0.000589172 -0.000202153 -0.00030303 0.000441176 -0.000419075 -0.000451714 -0.000196079
internal_weight=452 47 405 62 343 316 40 276 256 40
internal_count=452 47 405 62 343 316 40 276 256 40
is_linear=0
shrinkage=0.01


Tree=691
num_leaves=8
num_cat=0
split_feature=38 13 14 44 65 89 43
split_gain=0.969504 0.303154 0.905603 0.345857 0.251331 0.132713 0.11628
threshold=6.314285721000001 0.70645440850000008 0.70658728550000005 12.800000015000002 34.864999770000004 19.570714405000004 14.499999955000002
decision_type=2 2 2 2 2 2 2
left_child=1 2 3 4 -1 -3 -6
right_child=-2 5 -4 -5 6 -7 -8
leaf_value=4.0049786838383149e-06 0.0007362633560844779 -3.7996274156629378e-05 0.00011147363604866377 0.00072375876451555234 -0.00025383100551658306 0.00077344667312456141 1.3039183747381219e-05
leaf_weight=20 36 156 22 23 114 23 76
leaf_count=20 36 156 22 23 114 23 76
internal_value=7.00933e-05 -5.74978e-05 0.000158327 -1.92473e-05 -0.000156547 -0.000375417 -0.000277778
internal_weight=470 434 255 233 210 179 190
internal_count=470 434 255 233 210 179 190
is_linear=0
shrinkage=0.01


Tree=692
num_leaves=11
num_cat=1
split_feature=99 65 35 65 16 65 33 19 28 4
split_gain=0.461241 0.822756 0.553098 0.329428 0.31646 0.349861 0.224149 0.243576 0.0427332 0.0340528
threshold=0 35.244999410000013 3.9999999830000004 38.42500067000001 0.61373490450000012 40.140000820000004 4.4714285475000013 64.640000000000015 4.1285714930000008 0.29579040450000005
decision_type=1 2 2 2 2 2 2 2 2 2
left_child=6 2 -2 9 -5 -6 8 -8 -1 -3
right_child=1 3 -4 4 5 -7 7 -9 -10 -11
leaf_value=-0.00058459677094525886 1.0520500033802749e-06 -0.0028496350652979056 0.00027999446695711749 0.00079058141843475272 0.00078879703343035564 -1.3406938003885109e-05 0.00032540133035499896 -0.0024387255122453955 1.8025498219547064e-05 -0.0010434734556861575
leaf_weight=182 21 20 20 24 24 41 25 22 20 71
leaf_count=182 21 20 20 24 24 41 25 22 20 71
internal_value=6.37201e-06 0.00033434 0.00161483 4.42477e-05 0.00048441 8.35865e-05 -0.000279061 0.000303347 -0.000438856 -0.000364924
internal_weight=470 221 41 180 89 65 249 47 202 91
internal_count=470 221 41 180 89 65 249 47 202 91
cat_boundaries=0 1
cat_threshold=571542163
is_linear=0
shrinkage=0.01


Tree=693
num_leaves=11
num_cat=1
split_feature=54 15 99 64 0 41 96 15 49 0
split_gain=0.48698 0.644319 0.559495 0.660248 0.373614 0.310654 0.308051 0.251584 0.0436928 0.0199046
threshold=1.0000000225000003 0.65260961900000003 0 2.1550002095000003 0.26586679200000002 7.8500000015000007 60.892142180000008 0.72279642850000003 24.049999790000005 0.31582587500000009
decision_type=2 2 1 2 2 2 2 2 2 2
left_child=1 -1 3 5 -3 -2 -4 -7 -8 -6
right_child=2 4 6 -5 9 7 8 -9 -10 -11
leaf_value=0.00053480196084911436 -0.000251550463978227 3.9116132914157399e-05 0.00041524863435269776 0.00075647447021878864 -8.6068279449536634e-06 0.00012017781922024509 -4.4747923142203884e-05 -9.1726518007727406e-05 -2.9188897721048532e-05 -2.5135689417995141e-05
leaf_weight=20 44 28 22 22 27 25 213 23 20 20
leaf_count=20 44 28 22 22 27 25 213 23 20 20
internal_value=9.89672e-05 0.000735908 -6.08438e-05 0.000488782 0.000270448 0.00012931 -0.000321671 0.000696721 -0.000446963 -0.000240586
internal_weight=464 95 369 114 75 92 255 48 233 47
internal_count=464 95 369 114 75 92 255 48 233 47
cat_boundaries=0 1
cat_threshold=2097176
is_linear=0
shrinkage=0.01


Tree=694
num_leaves=10
num_cat=0
split_feature=50 74 3 8 97 5 42 6 2
split_gain=0.689748 0.290465 0.481704 0.56792 0.226689 0.359738 0.130499 0.0446112 0.0180012
threshold=9.8000003285000012 40.755001065000009 0.28826950000000001 0.63008898200000008 31.069656745000007 0.45169521450000005 8.2500001195000028 0.3393112860000001 0.27455113100000006
decision_type=2 2 2 2 8 2 2 2 2
left_child=-1 2 -2 -4 6 8 7 -3 -6
right_child=1 4 3 -5 5 -7 -8 -9 -10
leaf_value=0.00012693698689543575 -0.0011540163340238439 -0.00040201254997209698 0.00059873868701117161 -5.307336112737697e-05 -0.0046152266783296807 0.00038436626314051136 3.1178314089261349e-06 -0.00010705916380342084 -0.0012249212050140343
leaf_weight=30 34 20 20 21 20 20 23 253 24
leaf_count=30 34 20 20 21 20 20 23 253 24
internal_value=-4.40104e-05 -0.000150298 0.000402375 0.00113636 -0.000271619 0.000246913 -0.000390836 -0.000454712 -0.000223214
internal_weight=465 435 75 41 360 64 296 273 44
internal_count=465 435 75 41 360 64 296 273 44
is_linear=0
shrinkage=0.01


Tree=695
num_leaves=11
num_cat=1
split_feature=99 3 3 17 16 32 36 3 63 18
split_gain=0.468659 0.391701 0.712538 0.652941 0.732187 0.324664 0.603457 0.144408 0.0976248 0.071576
threshold=0 0.28826950000000001 0.30226861900000007 0.58042185750000008 0.60464378550000009 2.3214285375000006 4.7571428675000007 0.24092107150000003 4.7849998475000008 0.63711014300000013
decision_type=1 2 2 2 2 2 2 2 2 2
left_child=9 7 -3 4 -4 6 -5 -2 -7 -1
right_child=1 2 3 5 -6 8 -8 -9 -10 -11
leaf_value=-0.0010218931643878894 8.3527068851638016e-05 0.0009593954526936336 0.00021422562265812375 -0.0029359505893547994 0.00041367054303016433 -1.8238267852928552e-05 1.8700083236984092e-05 -0.0038080424889183171 -1.0406555111856965e-05 -5.1683118003803108e-06
leaf_weight=109 34 25 34 23 20 79 25 64 26 38
leaf_count=109 34 25 34 23 20 79 25 64 26 38
internal_value=0.000124529 0.000331573 0.00056701 0.000358518 0.00129562 9.75281e-06 0.000696721 -0.000172065 -0.00028828 -0.000326363
internal_weight=477 330 232 207 54 153 48 98 105 147
internal_count=477 330 232 207 54 153 48 98 105 147
cat_boundaries=0 1
cat_threshold=570495202
is_linear=0
shrinkage=0.01


Tree=696
num_leaves=11
num_cat=1
split_feature=54 56 54 96 26 99 52 26 6 9
split_gain=0.658621 0.337782 0.265838 0.218744 0.428166 0.177244 0.213161 0.379564 0.141408 0.0427687
threshold=0.50000000750000007 0.35000000500000006 0.35000000900000006 77.303394425000008 2.2285714405000001 0 7.2000000065000007 2.2571428545000005 0.55803078550000007 0.51665650000000019
decision_type=2 2 2 2 2 1 2 2 2 2
left_child=2 -2 -1 4 -3 6 -5 -8 9 -7
right_child=1 3 -4 5 -6 8 7 -9 -10 -11
leaf_value=4.5642529659093966e-06 8.3960693774791308e-05 -9.7603542937578286e-05 0.00022638168349264998 -0.0014616844946311422 0.00086991805708556275 -0.0045695050081259094 0.00021096389850706944 -0.00019144043272507222 1.5042535947454207e-06 -0.00016248219428770434
leaf_weight=21 32 27 22 36 33 20 32 36 20 183
leaf_count=21 32 27 22 36 33 20 32 36 20 183
internal_value=0.000123163 0 0.00128995 -8.12276e-05 0.000460526 -0.000187615 0.000139373 0.000494186 -0.000340034 -0.000439156
internal_weight=462 419 43 387 60 327 104 68 223 203
internal_count=462 419 43 387 60 327 104 68 223 203
cat_boundaries=0 1
cat_threshold=2832
is_linear=0
shrinkage=0.01


Tree=697
num_leaves=10
num_cat=0
split_feature=34 16 98 27 49 15 15 97 12
split_gain=0.57033 0.873544 0.563092 0.612661 0.242716 0.146573 0.388661 0.154124 0.142042
threshold=5.6000000070000011 0.63356514300000011 21.838804660000005 4.1928571635000011 16.200000010000004 0.60295828550000008 0.62680950000000013 27.820630600000005 0.63697614300000016
decision_type=2 2 8 2 2 2 2 8 2
left_child=1 -1 -3 4 8 -2 -7 -8 -4
right_child=5 2 3 -5 -6 6 7 -9 -10
leaf_value=0.00017517036604938554 -0.0048815871740653704 0.00017776917409935929 8.114480856267897e-06 8.3656817922804735e-05 2.5144639773672389e-05 0.0011787315824281599 -4.2671952534439818e-05 0.00069308464458166697 -6.4515079578755533e-05
leaf_weight=23 88 26 20 30 21 31 81 35 107
leaf_count=23 88 26 20 30 21 31 81 35 107
internal_value=0.000187986 0.000546532 0.000322266 0.000106264 -0.00014785 -0.000150551 3.04464e-05 -0.000222603 -0.000324726
internal_weight=462 227 204 178 148 235 147 116 127
internal_count=462 227 204 178 148 235 147 116 127
is_linear=0
shrinkage=0.01


Tree=698
num_leaves=10
num_cat=0
split_feature=91 66 13 48 27 7 54 12 43
split_gain=0.638979 0.704454 0.395942 0.450097 0.546047 0.247547 0.219925 0.115823 0.110012
threshold=21.784285545000003 30.839999195000004 0.62963200000000008 8.5500001795000014 4.1928571635000011 0.40947400000000006 8.0500000790000019 0.74631739300000011 16.849999785000005
decision_type=2 2 2 2 2 2 2 2 2
left_child=1 2 -1 4 7 -2 8 -4 -7
right_child=5 -3 3 -5 -6 6 -8 -9 -10
leaf_value=0.00016066012250618992 0.0018384115804016311 0.00044464327394402251 -2.8776697869654121e-05 0.00028843185871819759 9.0654556305835602e-05 -8.6743605146806139e-05 0.0001397790413734156 0.0004571784647700364 0.00018783847198268101
leaf_weight=22 20 25 113 24 26 165 26 20 28
leaf_count=22 20 25 113 24 26 165 26 20 28
internal_value=0.000199021 0.000576256 0.000366861 0.000198585 0 -0.00015638 -0.000261602 -0.000257848 -0.000384417
internal_weight=469 230 205 183 159 239 219 133 193
internal_count=469 230 205 183 159 239 219 133 193
is_linear=0
shrinkage=0.01


Tree=699
num_leaves=12
num_cat=0
split_feature=65 74 10 50 65 17 24 10 65 31 1
split_gain=0.592856 0.714013 0.767608 0.378081 0.399758 0.441899 0.367452 0.191342 0.0634757 0.177134 0.0408469
threshold=35.180000305000007 54.350000860000002 0.62021195750000013 9.8500000200000013 40.894999980000009 0.53864321400000015 1.7000000095000003 0.54691578600000013 40.039999485000003 3.0285714520000004 0.3195544285000001
decision_type=2 2 2 2 2 2 2 2 2 2 2
left_child=1 -1 -3 -2 7 -6 -7 -5 10 -10 -9
right_child=3 2 -4 4 5 6 -8 8 9 -11 -12
leaf_value=-0.001400632573897482 3.8418048210817544e-05 0.00029442386125914547 0.00044191415003834499 0.00029841037128616239 -0.0028420394507801101 1.5062687288591903e-05 0.00066988145663608571 -0.00054440087350803707 -2.9621782568158834e-05 0.00074468860270217232 -4.5728829477111705e-05
leaf_weight=31 37 32 20 26 29 36 28 140 42 25 20
leaf_count=31 37 32 20 26 29 36 28 140 42 25 20
internal_value=0.000267781 0.00103222 0.00174242 9.51015e-05 -2.88363e-06 0.00054904 0.00101852 -0.000214736 -0.000313872 -2.2124e-05 -0.000422886
internal_weight=466 83 52 383 346 93 64 253 227 67 160
internal_count=466 83 52 383 346 93 64 253 227 67 160
is_linear=0
shrinkage=0.01


Tree=700
num_leaves=11
num_cat=0
split_feature=30 96 1 7 48 4 15 15 30 1
split_gain=0.665653 0.511475 0.562348 0.406988 0.362307 0.139389 0.21888 0.58366 0.0989086 0.0221279
threshold=2.0142857095000006 127.65535695000001 0.23158011900000003 0.40947400000000006 6.1999999655000009 0.32941557150000006 0.6253540955000001 0.5980479285000001 2.3500000240000003 0.27713664250000009
decision_type=2 2 2 2 2 2 2 2 2 2
left_child=-1 3 -3 -2 9 -5 7 -7 -8 -4
right_child=1 2 4 5 -6 6 8 -9 -10 -11
leaf_value=0.00031217740641644695 0.0014103385276694883 0.00047351985143822872 -0.0002181469348079407 -0.0022519790464491009 9.602351977949165e-05 -0.0039085405864022083 -5.4723107297254412e-05 0.00085386305448549278 7.7571717046638625e-05 -2.3709775367600322e-05
leaf_weight=25 22 34 31 110 21 24 128 20 20 20
leaf_count=25 22 34 31 110 21 24 128 20 20 20
internal_value=0.000198552 9.98142e-05 0.000702247 -9.23647e-05 0.000164835 -0.000194848 -2.0747e-05 0.000580357 -0.000215054 -0.000260618
internal_weight=455 430 106 324 72 302 192 44 148 51
internal_count=455 430 106 324 72 302 192 44 148 51
is_linear=0
shrinkage=0.01


Tree=701
num_leaves=11
num_cat=0
split_feature=93 72 5 98 48 75 30 5 97 33
split_gain=0.6937 0.831635 0.391446 0.335483 0.247233 0.175991 0.160584 0.124938 0.159934 0.100956
threshold=17.994285650000005 81.390001300000009 0.41864207150000005 27.836040485000002 8.0999998525000017 48.520001415000003 2.0571428540000003 0.30420635700000004 33.572341325000004 4.2214285135000003
decision_type=2 2 2 10 2 2 2 2 8 2
left_child=3 2 -2 4 5 -1 -3 -7 -9 -8
right_child=1 6 -4 -5 -6 7 9 8 -10 -11
leaf_value=5.1711971322095533e-06 0.00010682591415185114 0.00012451931114777035 0.00032663886614258812 0.00051151657204321146 0.00010582690969639368 1.0641366161463728e-05 -0.0021737405435716295 -0.00017412479405744301 0.00020840901347632794 0.00071364885709423456
leaf_weight=29 25 20 33 35 20 21 41 217 20 20
leaf_count=29 25 20 33 35 20 21 41 217 20 20
internal_value=0.000181611 0.000776109 0.00168367 -5.5426e-05 -0.000167317 -0.000248437 9.16869e-05 -0.000336167 -0.000405803 -0.000137541
internal_weight=481 139 58 342 307 287 81 258 237 61
internal_count=481 139 58 342 307 287 81 258 237 61
is_linear=0
shrinkage=0.01


Tree=702
num_leaves=11
num_cat=0
split_feature=72 50 1 27 21 2 96 17 84 44
split_gain=0.827825 0.797345 0.90036 0.603771 0.587215 0.481776 0.441948 0.132365 0.084894 0.0423975
threshold=82.14500141500001 11.600000005000002 0.23047792850000001 3.8214285545000002 2.6214285750000004 0.34578178550000011 66.85331105500002 0.70588341050000014 15.845714225000002 16.000000250000003
decision_type=2 2 2 2 2 2 2 2 2 2
left_child=1 2 -1 -4 5 8 -2 9 -3 -8
right_child=6 4 3 -5 -6 -7 7 -9 -10 -11
leaf_value=0.00086189209180454515 0.00079354673710113578 -0.00018257569765517333 0.00015790175903350717 -1.5988953305170432e-06 1.0535078271940563e-05 0.00031388645577374696 -0.00049632407571118366 0.0014719032536011077 1.361725719170815e-05 3.7952555512270893e-05
leaf_weight=20 24 84 22 39 21 20 173 21 30 20
leaf_count=20 24 84 22 39 21 20 173 21 30 20
internal_value=0.000212721 0.000633446 0.00143643 0.000768608 0.000195764 -3.70921e-05 -0.000196818 -0.000349162 -0.000304878 -0.000436017
internal_weight=474 236 81 61 155 134 238 214 114 193
internal_count=474 236 81 61 155 134 238 214 114 193
is_linear=0
shrinkage=0.01


Tree=703
num_leaves=14
num_cat=0
split_feature=56 60 38 12 12 31 32 19 28 75 8 0 0
split_gain=1.10953 0.39069 0.571808 0.512921 1.51909 0.369095 0.294307 0.206596 0.135345 0.140124 0.0411212 0.0192946 0.0166011
threshold=0.25000000350000007 3.4150004385000003 6.3714285240000006 0.69622350000000011 0.67691778550000015 2.4499999970000004 5.5142857350000005 78.490000000000023 4.0571428540000012 67.084999085000007 0.69193700000000014 0.11869404200000001 0.14964543750000001
decision_type=2 2 2 2 2 2 2 2 2 2 2 2 2
left_child=-1 3 8 4 5 -2 -5 -8 10 12 -3 -7 -10
right_child=1 2 -4 6 -6 11 7 -9 9 -11 -12 -13 -14
leaf_value=0.0006839833405929308 2.536526924480264e-05 -0.0014552301736628906 0.00044028752684795088 -0.00041795848821211707 0.00029001572199970933 -0.00038120550113522356 0.00059498544107671966 -2.9022384166274558e-05 -0.00061808843972835771 0.00021276985665448113 -4.6462433008963299e-06 -0.00032883908433623308 -0.00038059336045858554
leaf_weight=23 20 145 27 58 23 20 20 22 20 22 20 26 22
leaf_count=23 20 145 27 58 23 20 20 22 20 22 20 26 22
internal_value=0.000264505 0.000146927 -0.000101246 0.000492624 0.0010412 0.000224551 0 0.000630841 -0.000271976 9.25925e-05 -0.000425211 -0.000235043 -0.00021028
internal_weight=468 445 256 189 89 66 100 42 229 64 165 46 42
internal_count=468 445 256 189 89 66 100 42 229 64 165 46 42
is_linear=0
shrinkage=0.01


Tree=704
num_leaves=11
num_cat=0
split_feature=77 15 16 15 7 52 18 6 55 15
split_gain=1.15143 0.746719 0.333936 0.916221 0.260487 0.190505 0.404222 0.378124 0.127508 0.195577
threshold=-0.07285715999999999 0.65142042900000019 0.67248635700000015 0.7010374760000001 0.53204535700000011 7.2000000065000007 0.67585650000000008 0.54994721450000006 2.6000000275000006 0.5913322860000001
decision_type=2 2 2 2 2 2 2 2 2 2
left_child=5 -2 -3 -4 -5 -1 7 8 9 -7
right_child=1 2 3 4 -6 6 -8 -9 -10 -11
leaf_value=-0.00056048327824420466 0.00066546619482254045 -0.0028030376898686231 0.00026786059069183933 -0.0022104689355253579 3.0196249731028832e-05 -0.012107369319786732 0.00054077383665806947 0.00068911671483247992 -2.6459094245049473e-05 0.00028072061244544612
leaf_weight=117 31 27 27 35 28 26 20 25 119 20
leaf_count=117 31 27 27 35 28 26 20 25 119 20
internal_value=0.000169189 0.000900538 0.000505093 0.000803965 0.000101881 -0.000157108 1.42314e-05 -0.000120545 -0.000304584 0.000106837
internal_weight=475 148 117 90 63 327 210 190 165 46
internal_count=475 148 117 90 63 327 210 190 165 46
is_linear=0
shrinkage=0.01


Tree=705
num_leaves=9
num_cat=1
split_feature=38 39 99 52 42 16 83 52
split_gain=0.871084 0.76382 0.367279 0.760868 0.309332 0.390064 0.208443 0.142736
threshold=6.2785714015000007 2.2999999300000007 0 16.399999620000003 8.2500001195000028 0.70960224500000013 6.6842856920000004 9.8499999050000024
decision_type=2 2 1 2 2 2 2 2
left_child=2 -2 -1 4 6 -6 7 -4
right_child=1 -3 3 -5 5 -7 -8 -9
leaf_value=-0.0011111755315897048 -0.00015247144226965438 0.00041689720753567024 8.0237132736138169e-06 0.00017246631161536562 -0.00012305189798707177 0.00053536609829149095 0.00032660918414039499 -0.0031603430055820976
leaf_weight=105 21 29 129 30 23 20 20 92
leaf_count=105 21 29 129 30 23 20 20 92
internal_value=0.000199021 0.00143701 4.40685e-05 0.000218596 5.61797e-05 0.000833333 -7.65096e-05 -0.00017358
internal_weight=469 50 419 314 284 43 241 221
internal_count=469 50 419 314 284 43 241 221
cat_boundaries=0 1
cat_threshold=9503945
is_linear=0
shrinkage=0.01


Tree=706
num_leaves=11
num_cat=0
split_feature=50 38 5 95 98 6 4 1 1 19
split_gain=0.792863 0.370842 0.375627 0.300907 0.354921 0.196869 0.180261 0.138095 0.382863 0.0413292
threshold=9.8000003285000012 6.2785714015000007 0.42560378550000005 21.446428435000005 28.599134260000003 0.57262616650000009 0.33499321400000009 0.24242300000000003 0.23458046400000002 16.420000000000005
decision_type=2 2 2 2 8 2 2 2 2 2
left_child=-1 3 -3 4 6 7 -2 8 -5 -9
right_child=1 2 -4 5 -6 -7 -8 9 -10 -11
leaf_value=8.9344652410807727e-05 0.00013257954569304828 -3.842216713372434e-05 0.00012622723469191759 -0.00022024686073328329 -0.0077049301915196348 0.00076742015395540473 5.3220345431246202e-06 -3.9516802843771064e-05 0.00015585658746776324 -5.9139023679714579e-05
leaf_weight=37 20 23 26 119 21 23 21 20 22 149
leaf_count=37 20 23 26 119 21 23 21 20 22 149
internal_value=0.000181611 5.84531e-05 0.000873494 -3.91613e-05 0.000589172 -0.000163272 0.00113636 -0.000234878 0 -0.000426973
internal_weight=481 444 49 395 62 333 41 310 141 169
internal_count=481 444 49 395 62 333 41 310 141 169
is_linear=0
shrinkage=0.01


Tree=707
num_leaves=11
num_cat=0
split_feature=50 10 54 6 78 3 98 17 1 24
split_gain=0.751506 0.313952 0.256149 0.410944 0.245499 0.291764 0.258089 0.249137 0.191897 0.129864
threshold=9.8500000200000013 0.65269040500000008 0.8500000015000001 0.48071842850000007 7.6842856405000015 0.32898228600000007 25.199560300000005 0.70588341050000014 0.26673214300000009 1.8142857170000004
decision_type=2 2 2 2 2 2 8 2 2 2
left_child=1 -1 3 -2 5 7 -7 9 -8 -4
right_child=2 -3 4 -5 -6 6 8 -9 -10 -11
leaf_value=0.00015140013147965328 0.00033355245351101074 9.6656517946697336e-06 -0.00096950012223123543 -1.2443888475529879e-05 -0.00047175094597021893 0.00024205020742735356 0.0001664428640570643 0.0012061841673745811 -0.001613071677007495 0.00019329979615409645
leaf_weight=20 39 20 108 23 117 24 20 20 25 44
leaf_count=20 39 20 108 23 117 24 20 20 25 44
internal_value=0.000125868 0.00142157 0 0.000589172 -0.000103122 7.23737e-05 0.000623209 -0.000138889 0.000120087 -0.000287958
internal_weight=460 40 420 62 358 241 69 172 45 152
internal_count=460 40 420 62 358 241 69 172 45 152
is_linear=0
shrinkage=0.01


Tree=708
num_leaves=14
num_cat=0
split_feature=37 16 13 10 8 67 8 27 0 4 49 0 4
split_gain=1.24867 0.696651 0.6682 1.13519 1.57712 0.491201 0.467503 0.152295 0.322313 0.0825037 0.0374307 0.0309933 0.0282128
threshold=5.414285694000001 0.5855260000000001 0.71531968750000008 0.61610042900000017 0.60155735700000013 30.070000645000004 0.55086585700000013 4.0571428540000012 0.11959318750000002 0.38470978600000005 23.900000205000001 0.12807888550000004 0.32578535750000009
decision_type=2 2 2 2 2 2 2 2 2 2 2 2 2
left_child=1 10 3 5 -5 12 -7 11 -9 -6 -1 -4 -3
right_child=-2 2 7 4 9 6 -8 8 -10 -11 -12 -13 -14
leaf_value=-0.0064106183079601711 9.8497902192021247e-05 -0.0015309331825488334 0.00024478307191178826 0.00020836364139459787 -1.4786678951224435e-06 0.00069201413025350342 -6.2242432887498259e-05 -1.2271022533613249e-05 0.0004503962836071801 0.00034928050155830974 -0.00062379722635071166 -0.00010770698315723333 -0.0012447753649843169
leaf_weight=96 25 46 20 35 21 29 24 37 20 20 20 56 20
leaf_count=96 25 46 20 35 21 29 24 37 20 20 20 56 20
internal_value=0.000390592 0.000260791 0.000498783 0.000870786 0.00182292 0.000237896 0.000957249 -3.36324e-05 0.00033737 0.00041866 -0.000393836 -0.000338542 -0.000314371
internal_weight=469 444 328 195 76 119 53 133 57 41 116 76 66
internal_count=469 444 328 195 76 119 53 133 57 41 116 76 66
is_linear=0
shrinkage=0.01


Tree=709
num_leaves=11
num_cat=0
split_feature=36 4 5 16 86 16 2 4 68 1
split_gain=0.714272 1.01272 0.582907 0.458323 0.599014 0.424185 0.261301 0.449369 0.113958 0.0357385
threshold=4.7571428675000007 0.41138964250000004 0.41864207150000005 0.5855260000000001 14.725714480000002 0.61373490450000012 0.29011351200000007 0.31831735700000002 2.7150006295000004 0.28545300000000007
decision_type=2 2 2 2 2 2 2 2 2 2
left_child=3 2 -2 9 5 -5 7 -7 -8 -1
right_child=1 -3 -4 4 -6 6 8 -9 -10 -11
leaf_value=-0.0064944318751178742 4.4605379201617119e-05 -0.0004600195345771236 0.0004302116324559896 0.00076757102793871155 0.00038175455701423827 -0.00050007869701602741 -7.1034151694123298e-05 0.00022898588045107676 0.00013839979153738399 -0.00058884190524474049
leaf_weight=82 32 24 23 24 37 65 83 57 23 20
leaf_count=82 32 24 23 24 37 65 83 57 23 20
internal_value=0.00036746 0.00123434 0.00198029 0.000185043 0.000391649 0.000205696 6.11887e-05 0.000382736 -0.000290262 -0.000379378
internal_weight=470 79 55 391 289 252 228 122 106 102
internal_count=470 79 55 391 289 252 228 122 106 102
is_linear=0
shrinkage=0.01


Tree=710
num_leaves=11
num_cat=0
split_feature=18 13 37 18 18 16 4 15 0 43
split_gain=0.736051 0.792798 0.501475 0.300126 0.266515 0.181446 0.162527 0.33477 0.106462 0.058161
threshold=0.70545036450000009 0.71023635000000007 5.2285714490000013 0.53180140000000009 0.59664671450000006 0.7383728570000001 0.41889300000000002 0.65046914300000014 0.062428375000000008 9.6000000015000015
decision_type=2 2 2 2 2 2 2 2 2 2
left_child=2 -2 5 -4 -5 6 8 -8 -1 -10
right_child=1 -3 3 4 -6 -7 7 -9 9 -11
leaf_value=0.0001066107041368485 0.00033450230953998699 -4.4242936649496869e-05 0.00015026412511541382 -0.0017047377676477199 1.977451743975717e-05 0.0018876624655530727 0.00085202096205231671 -7.8631071565430001e-05 -0.00026702155574048395 -1.8962418373703976e-05
leaf_weight=21 20 20 20 23 24 23 21 24 75 196
leaf_count=21 20 20 20 23 24 23 21 24 75 196
internal_value=0.000137879 0.00142157 1.05188e-05 0.000803835 0.000303347 -0.000133038 -0.000196862 0.000338428 -0.000286885 -0.000344003
internal_weight=467 40 427 67 47 360 337 45 292 271
internal_count=467 40 427 67 47 360 337 45 292 271
is_linear=0
shrinkage=0.01


Tree=711
num_leaves=8
num_cat=0
split_feature=54 0 8 95 35 4 3
split_gain=0.773448 0.726152 0.614457 0.373865 0.231615 0.298035 1.11138
threshold=0.50000000750000007 0.31292365450000009 0.48546688100000007 23.947142605000007 3.8285713880000007 0.31831735700000002 0.30978892850000006
decision_type=2 2 2 2 2 2 2
left_child=1 -1 -2 4 5 -4 -7
right_child=2 -3 3 -5 -6 6 -8
leaf_value=0.00038691132166844718 0.0010697585037683854 -5.2738353950845774e-05 -0.0018491328041369734 0.00010875362138779817 -0.00043611251712238728 0.00082916478094164237 -1.7316771042673526e-06
leaf_weight=25 38 20 78 22 126 31 149
leaf_count=25 38 20 78 22 126 31 149
internal_value=0.000190894 0.00143013 5.84531e-05 -5.16225e-05 -0.000129938 3.47758e-05 0.000265487
internal_weight=489 45 444 406 384 258 180
internal_count=489 45 444 406 384 258 180
is_linear=0
shrinkage=0.01


Tree=712
num_leaves=8
num_cat=1
split_feature=30 29 97 99 42 95 11
split_gain=0.609141 0.258144 0.210839 0.234903 0.334056 0.294635 0.120268
threshold=2.0142857265000003 3.3285714215000004 33.572341325000004 0 2.2000000255000005 21.223571300000003 0.5534977860000001
decision_type=2 2 10 1 2 2 2
left_child=-1 -2 3 4 -3 -6 -5
right_child=1 2 -4 6 5 -7 -8
leaf_value=0.00023679673491395971 5.1800512597292295e-05 0.00083425137209106048 0.00015102354879466742 -0.00083199192197276281 0.00013584956356286023 -5.5460830131663567e-06 -0.00034501496444132177
leaf_weight=31 29 31 22 27 20 73 226
leaf_count=31 29 31 22 27 20 73 226
internal_value=0 -9.79479e-05 -0.000168835 -0.000228957 0.000118694 -0.000154584 -0.000396134
internal_weight=459 428 399 377 124 93 253
internal_count=459 428 399 377 124 93 253
cat_boundaries=0 1
cat_threshold=136315664
is_linear=0
shrinkage=0.01


Tree=713
num_leaves=10
num_cat=0
split_feature=55 4 18 9 97 13 60 15 26
split_gain=0.683198 1.07841 0.608807 0.311978 0.358661 0.445536 0.68535 0.213167 0.0390952
threshold=0.89999999100000017 0.41138964250000004 0.70545036450000009 0.59532512500000012 21.632804585000006 0.70220135850000009 3.7500004770000008 0.7266769525000002 2.4428571715000005
decision_type=2 2 2 2 8 2 2 2 2
left_child=1 -1 3 8 -5 6 -6 -7 -2
right_child=2 -3 -4 4 5 7 -8 -9 -10
leaf_value=0.00030906018613458333 -0.0021610269933706491 -6.2472499941768127e-05 0.00043660170116049002 -0.0014501873305115905 0.00027200537999956835 0.00022598685855737541 0.0001113134210875322 -1.2876949250714123e-05 -0.0019108120716199916
leaf_weight=33 114 21 37 60 22 57 38 66 20
leaf_count=33 114 21 37 60 22 57 38 66 20
internal_value=0.000243174 0.00129562 9.88427e-05 -1.7205e-05 0.00019073 0.000416213 0.00111842 5.25039e-05 -0.000408012
internal_weight=468 54 414 377 243 183 60 123 134
internal_count=468 54 414 377 243 183 60 123 134
is_linear=0
shrinkage=0.01


Tree=714
num_leaves=11
num_cat=0
split_feature=77 83 30 65 97 41 98 51 8 1
split_gain=0.42121 0.614028 0.348603 0.40388 0.422656 0.591429 0.510806 0.286398 0.0429073 0.0278899
threshold=1.7742857155000002 5.1421428815000008 2.0142857095000006 40.039999485000003 21.609071770000003 5.700000182000001 25.797875890000004 60.299998505000012 0.4899646425000001 0.21724625000000003
decision_type=2 2 2 2 8 2 8 2 2 2
left_child=2 -2 -1 7 9 -6 -7 8 -4 -5
right_child=1 -3 3 4 5 6 -8 -9 -10 -11
leaf_value=0.00014004171150318605 2.4390177112515977e-05 -0.00018208269618586096 -0.0025706247664221932 -0.0063268748057238059 0.00083575017169951107 0.00027980127442191758 -2.300076336691953e-06 0.00010487886343448241 -0.0006681588662997474 -0.00093431608917677667
leaf_weight=21 20 23 20 20 21 22 74 23 187 45
leaf_count=21 20 23 20 20 21 22 74 23 187 45
internal_value=0.000125839 0.00106164 2.65098e-05 -3.39148e-05 0.000311816 0.000674873 0.000309917 -0.000316291 -0.000440327 -0.00031155
internal_weight=476 43 433 412 182 117 96 230 207 65
internal_count=476 43 433 412 182 117 96 230 207 65
is_linear=0
shrinkage=0.01


Tree=715
num_leaves=12
num_cat=0
split_feature=72 66 97 92 7 17 17 7 6 10 6
split_gain=0.931642 0.914778 0.484085 0.694872 0.648653 0.831475 0.245822 0.230866 0.28432 0.41254 0.0216024
threshold=82.110000610000014 30.839999195000004 26.397590145000006 16.022142820000003 0.5879711070000001 0.68627167850000015 0.68161828600000007 0.40947400000000006 0.49082371450000006 0.67059797600000015 0.55223403550000005
decision_type=2 2 8 2 2 2 2 2 2 2 2
left_child=1 2 3 -1 5 -5 -4 -2 -9 -10 -11
right_child=7 -3 6 4 -6 -7 -8 8 9 10 -12
leaf_value=-0.00097592846638724299 0.0018132196988516391 0.00047276351307993668 -7.5727429768377341e-05 5.827905243481131e-05 -6.6339110793071945e-05 0.00063066829442335942 7.4660429012119266e-05 -0.0019615378913997047 0.00029746966322389488 -0.0016850785501501819 -6.2186578353834825e-05
leaf_weight=35 20 20 52 30 21 28 33 148 27 30 20
leaf_count=35 20 20 52 30 21 28 33 148 27 30 20
internal_value=0.000292599 0.000766606 0.000543043 0.000966899 0.00148496 0.00202381 -5.82762e-06 -0.000124085 -0.000223649 0.000250643 -0.000255906
internal_weight=464 219 199 114 79 58 85 245 225 77 50
internal_count=464 219 199 114 79 58 85 245 225 77 50
is_linear=0
shrinkage=0.01


Tree=716
num_leaves=9
num_cat=2
split_feature=99 30 18 52 99 97 67 20
split_gain=0.660372 0.929241 0.508242 0.328026 0.475275 0.478948 0.138879 0.0385915
threshold=0 2.0500000035000006 0.70545036450000009 16.399999620000003 1 27.772760855000005 21.455000400000003 1.0357142855000003
decision_type=1 2 2 2 1 8 2 2
left_child=7 -2 3 4 5 -3 -6 -1
right_child=1 2 -4 -5 6 -7 -8 -9
leaf_value=-0.0015043756674410318 0.00013040290341893772 1.0863884053919899e-05 0.0008004397487910525 0.00029214631262383932 6.6485740893050386e-05 0.0011616639972839939 -0.0007962197358086225 -0.0014668500743497672
leaf_weight=108 23 86 27 28 21 25 122 20
leaf_count=108 23 86 27 28 21 25 122 20
internal_value=0.000212673 0.000443407 0.000301807 0.000166195 4.3171e-05 0.000513136 -0.000321847 -0.00037464
internal_weight=460 332 309 282 254 111 143 128
internal_count=460 332 309 282 254 111 143 128
cat_boundaries=0 1 2
cat_threshold=8455171 2097432
is_linear=0
shrinkage=0.01


Tree=717
num_leaves=12
num_cat=0
split_feature=54 30 53 13 10 30 5 55 8 2 0
split_gain=0.840059 0.85535 0.652771 0.914177 1.31457 0.245887 0.404945 0.243322 0.139029 0.0422785 0.0314669
threshold=1.0000000225000003 2.0714285625000008 0.50000001100000013 0.70413320850000016 0.62807078600000021 2.1785714285000002 0.42227021450000007 3.7000000850000005 0.69065892900000014 0.18465614300000002 0.12807888550000004
decision_type=2 2 2 2 2 2 2 2 2 2 2
left_child=1 -1 8 4 -4 -3 -7 -5 9 -2 -9
right_child=2 5 3 7 -6 6 -8 10 -10 -11 -12
leaf_value=0.00015467879519994297 -0.0026086421262531607 -0.0034600110270975892 0.00021259337961563679 0.0003738557687806724 0.0002657326101907229 -0.00037300881499569 0.00054841328532854419 -5.7997622373179239e-05 4.8816658200680904e-05 -0.001645681589101225 -5.2332268056008183e-05
leaf_weight=34 20 24 37 20 22 24 20 58 20 170 20
leaf_count=34 20 24 37 20 22 24 20 58 20 170 20
internal_value=0.000241592 0.00104086 1.22348e-05 0.000503802 0.00147993 0.000348837 0.000803571 -7.08503e-05 -0.0003463 -0.000435011 -0.00034264
internal_weight=469 102 367 157 59 68 44 98 210 190 78
internal_count=469 102 367 157 59 68 44 98 210 190 78
is_linear=0
shrinkage=0.01


Tree=718
num_leaves=11
num_cat=1
split_feature=50 59 99 19 12 56 7 5 12 1
split_gain=0.841397 0.518277 0.425041 0.516619 0.513511 0.440226 0.295866 0.163491 0.213128 0.0407324
threshold=9.8500000200000013 2.1349997525000002 0 103.35000000000001 0.67014275000000012 0.35000000500000006 0.56025021450000012 0.43517100000000003 0.69231314250000009 0.13139007100000002
decision_type=2 2 1 2 2 2 2 2 2 2
left_child=-1 2 3 4 -2 -4 -6 9 -9 -7
right_child=1 -3 5 -5 6 7 -8 8 -10 -11
leaf_value=7.954390226330745e-05 -0.00059626076052066959 3.2690469910936769e-05 1.9104746564402169e-05 -1.0229899350461907e-05 0.0003320232174242408 -0.0053658626052025728 0.00030733246041596052 0.00028427473631170344 -2.075164192254289e-05 -0.00097117240314669297
leaf_weight=38 32 28 31 28 25 20 22 42 58 138
leaf_count=38 32 28 31 28 25 20 22 42 58 138
internal_value=0.000360847 0.000225989 0.000126008 0.000632428 0.00110902 -7.50501e-05 0.00176778 -0.000220247 7.9365e-05 -0.000421914
internal_weight=462 424 396 107 79 289 47 258 100 158
internal_count=462 424 396 107 79 289 47 258 100 158
cat_boundaries=0 1
cat_threshold=134479896
is_linear=0
shrinkage=0.01


Tree=719
num_leaves=13
num_cat=0
split_feature=78 14 9 98 21 12 97 8 40 4 8 8
split_gain=0.727284 0.895391 0.626898 0.332566 0.313337 0.316848 0.450437 0.744881 0.174102 0.14923 0.170852 0.0734472
threshold=8.0007144040000018 0.71111892850000002 0.59682820000000014 18.321245190000003 2.3285714390000005 0.74335969050000006 21.841133310000004 0.62052864250000017 1.3499999640000002 0.37817383350000006 0.65382257150000012 0.59541307150000011
decision_type=2 2 2 10 2 2 10 2 2 2 2 2
left_child=3 2 -2 9 5 6 11 -8 -3 -1 -11 -5
right_child=1 8 -4 4 -6 -7 7 -9 -10 10 -12 -13
leaf_value=-0.0037518877202263579 6.6206891542010379e-05 2.9536637419565511e-05 0.00010444681797420758 0.00044241473441329892 -0.00013152433275620217 -0.00066160289304883547 2.9225835834159642e-05 0.00075328492301319605 -0.00010673432599157977 0.00019096928283421591 -5.2760841765567118e-05 -0.0044291749715880801
leaf_weight=116 39 23 20 20 39 26 57 24 32 20 20 25
leaf_count=116 39 23 20 20 39 26 57 24 32 20 20 25
internal_value=0.000276093 0.000966899 0.00181438 4.16905e-05 0.00032586 0.000536649 0.000749211 0.00119193 8.96046e-06 -0.000293367 0.000196078 -1.09171e-05
internal_weight=461 114 59 347 191 152 126 81 55 156 40 45
internal_count=461 114 59 347 191 152 126 81 55 156 40 45
is_linear=0
shrinkage=0.01


Tree=720
num_leaves=8
num_cat=0
split_feature=30 18 98 37 38 97 5
split_gain=1.08445 1.07931 0.532911 0.202287 0.165142 0.590697 0.136149
threshold=2.0142857265000003 0.70545036450000009 27.750884020000004 5.3714285235000014 6.1357142925000012 25.921062845000005 0.46976100000000004
decision_type=2 2 10 2 2 10 2
left_child=-1 2 3 4 6 -6 -2
right_child=1 -3 -4 -5 5 -7 -8
leaf_value=0.00018547664783064315 -0.00029205982475267561 0.00034399861711255879 0.00053333126898429204 1.316693413110848e-05 0.0012090973433225649 -0.0020229236028972779 1.0064641567750146e-05
leaf_weight=35 224 39 34 21 23 39 63
leaf_count=35 224 39 34 21 23 39 63
internal_value=0.000290309 0.000149842 -1.18974e-10 -0.000115966 -0.000178674 0.000270701 -0.000283183
internal_weight=478 443 404 370 349 62 287
internal_count=478 443 404 370 349 62 287
is_linear=0
shrinkage=0.01


Tree=721
num_leaves=10
num_cat=1
split_feature=99 96 44 0 19 16 85 18 96
split_gain=0.495189 0.613394 0.746926 0.845231 0.431745 0.572504 0.325744 0.181721 0.1798
threshold=0 90.379090275000024 7.9999998955000011 0.12095741650000001 30.345000000000002 0.69142785700000009 14.003571650000003 0.57091461950000011 131.19284590000004
decision_type=1 2 2 2 2 2 2 2 2
left_child=-1 7 3 -3 5 -4 8 -2 -6
right_child=1 2 4 -5 6 -7 -8 -9 -10
leaf_value=-2.0793133169548636e-05 -0.0033049580307899029 5.6293807629972374e-06 0.00075733367410915013 0.00043005706097480666 -9.8687110949346267e-05 -0.0015575208035575828 0.00049731457047430734 0.00036990271159737144 9.0700307094706986e-06
leaf_weight=108 94 28 25 20 97 22 23 32 27
leaf_count=108 94 28 25 20 97 22 23 32 27
internal_value=0.000125839 0.00030095 0.000605436 0.00172131 0.000313142 0.00114017 3.04464e-05 -0.00024448 -0.000160257
internal_weight=476 368 242 48 194 47 147 126 124
internal_count=476 368 242 48 194 47 147 126 124
cat_boundaries=0 1
cat_threshold=143720641
is_linear=0
shrinkage=0.01


Tree=722
num_leaves=11
num_cat=0
split_feature=50 17 3 4 18 87 28 8 22 26
split_gain=0.915853 0.383573 0.414379 0.659692 0.398357 0.287971 0.119778 0.0969204 0.0382291 0.0380391
threshold=9.8000003285000012 0.56319950000000019 0.31433675000000005 0.31831735700000002 0.53751364300000015 8.4092857500000022 4.1071428060000015 0.49746114300000005 1.7142856845000003 2.3285714305000007
decision_type=2 2 2 2 2 2 2 2 2 2
left_child=-1 8 3 5 -4 -3 9 -7 -2 -6
right_child=1 2 4 -5 6 7 -8 -9 -10 -11
leaf_value=0.00014870295155042956 1.2493139286958514e-05 4.4795600158821797e-05 7.0009944000915347e-05 0.00083517900053320913 -1.8866658907729162e-05 0.00089591020645118371 0.00060144762953708323 -0.0018516551372891571 -0.0036027332765103293 -1.3527953600892806e-05
leaf_weight=34 20 22 33 31 102 20 20 38 104 20
leaf_count=34 20 22 33 31 102 20 20 38 104 20
internal_value=0.000193345 5.59882e-05 0.000261506 0.000737925 -3.12857e-05 0.000222772 -0.000273109 -0.000119048 -0.000400641 -0.000399023
internal_weight=444 410 286 111 175 80 142 58 124 122
internal_count=444 410 286 111 175 80 142 58 124 122
is_linear=0
shrinkage=0.01


Tree=723
num_leaves=10
num_cat=0
split_feature=37 56 96 19 2 98 83 15 9
split_gain=0.904508 0.59491 0.367649 0.727371 0.204053 0.28836 0.0628823 0.0615385 0.0423582
threshold=5.414285694000001 0.25000000350000007 101.22713215000002 18.110000000000003 0.24313742850000003 22.022077170000003 6.4249999350000007 0.57979161900000009 0.70602965000000018
decision_type=2 2 2 2 2 8 2 2 2
left_child=1 -1 6 -4 -5 -6 8 -8 -3
right_child=-2 2 3 4 5 -7 7 -9 -10
leaf_value=0.00071284843448981411 0.00011981341984743477 -0.0010258740143358968 0.0012034145750660929 1.9897689474664173e-05 0.0002073303791819351 -1.9596416276941344e-05 -0.0047533907043999174 0.00031767280586661282 -7.5893639672878523e-05
leaf_weight=23 29 172 32 20 20 117 20 20 20
leaf_count=23 29 172 32 20 20 117 20 20 20
internal_value=0.000108696 -1.18995e-10 -9.12756e-05 0.000229189 -4.11915e-05 -0.000192308 -0.000360825 0 -0.000435685
internal_weight=473 444 421 189 157 137 232 40 192
internal_count=473 444 421 189 157 137 232 40 192
is_linear=0
shrinkage=0.01


Tree=724
num_leaves=10
num_cat=1
split_feature=18 99 72 30 45 52 96 23 6
split_gain=0.663632 0.471472 0.426246 0.526584 0.364888 0.398712 0.181103 0.18241 0.0866403
threshold=0.70545036450000009 0 82.489998815000021 2.0714285625000008 5.5499999675000007 6.2500001080000009 68.852810230000017 1.7642856960000002 0.4920470715000001
decision_type=2 1 2 2 2 2 2 2 2
left_child=1 -1 3 -3 5 -5 -4 -8 -9
right_child=-2 2 6 4 -6 -7 7 8 -10
leaf_value=-1.9074725180940526e-05 7.984474827146999e-05 0.00023625664075191944 0.0012392756142706395 -0.00024575690809111128 -0.00027101541690679348 0.00015504760765283434 0.00023056991508405887 -0.0021734260195277644 3.5707079512167889e-05
leaf_weight=106 39 33 20 20 36 58 24 85 56
leaf_count=106 39 33 20 20 36 58 24 85 56
internal_value=0.000229175 0.000111668 0.000297549 0.000707036 0.000357143 0.000748731 -2.69118e-06 -0.000123643 -0.000271509
internal_weight=477 438 332 147 114 78 185 165 141
internal_count=477 438 332 147 114 78 185 165 141
cat_boundaries=0 1
cat_threshold=33882309
is_linear=0
shrinkage=0.01


Tree=725
num_leaves=12
num_cat=0
split_feature=59 74 96 16 53 13 9 7 48 7 0
split_gain=1.15433 0.549144 0.497092 0.715475 0.340019 0.406255 0.867978 0.284039 0.126323 0.0757048 0.0235968
threshold=2.1349997525000002 55.169998645000007 99.192172740000018 0.70921132850000013 0.40000000950000009 0.70774340000000013 0.60606983000000014 0.6067232855000001 6.0499998180000008 0.46037507150000007 0.16844663200000001
decision_type=2 2 2 2 2 2 2 2 2 2 2
left_child=1 4 7 -4 -1 6 9 10 -7 -6 -3
right_child=-2 2 3 -5 5 8 -8 -9 -10 -11 -12
leaf_value=-0.0018717939469943263 2.1674033105591157e-05 -0.0039004514601521101 0.00065619066179272074 -1.0294232235141631e-05 9.229132367140847e-05 -2.0884541006360227e-05 0.00028099270919341199 0.00029771890212142632 2.3896286356602723e-05 -0.0009796474203964498 -0.0014735807454421745
leaf_weight=148 29 20 30 21 20 70 24 25 20 26 34
leaf_count=148 29 20 30 21 20 70 24 25 20 26 34
internal_value=0.000223386 8.88786e-05 0.000634556 0.00139961 -0.00013601 0.000174129 0.000748587 0.000106516 -0.000253304 -2.13676e-05 -0.000273723
internal_weight=467 438 130 51 308 160 70 79 90 46 54
internal_count=467 438 130 51 308 160 70 79 90 46 54
is_linear=0
shrinkage=0.01


Tree=726
num_leaves=12
num_cat=0
split_feature=16 66 2 97 5 9 97 65 15 1 7
split_gain=0.624908 0.688392 0.870193 0.607862 0.745479 1.04907 0.172096 0.252055 0.450562 0.0686894 0.0373232
threshold=0.5855260000000001 28.459999560000004 0.25561311900000006 21.593363450000002 0.42315952350000002 0.66806697500000012 21.609071770000003 39.925000190000006 0.72790397600000012 0.25923407100000007 0.43853207150000006
decision_type=2 2 2 10 2 2 8 2 2 2 2
left_child=10 6 -3 -4 9 -6 -2 -8 -9 -5 -1
right_child=1 2 3 4 5 -7 7 8 -10 -11 -12
leaf_value=-0.0024304500422246771 7.5226286450512466e-06 0.0013460693459229353 -0.0016842542879425544 5.3194304427936906e-05 0.00034984181474627575 4.8624034040384522e-06 -0.00062659960447942315 0.00017678238312278692 -0.00016151089989507373 -0.0018143251383210574 -0.004593511414881111
leaf_weight=20 20 24 39 20 35 28 86 35 35 23 95
leaf_count=20 20 24 39 20 35 28 86 35 35 23 95
internal_value=0.000234375 0.000449682 0.000904005 0.00058642 0.000983146 0.00166928 0 -0.000102041 0.000324859 0 -0.000392919
internal_weight=460 345 169 145 106 63 176 156 70 43 115
internal_count=460 345 169 145 106 63 176 156 70 43 115
is_linear=0
shrinkage=0.01


Tree=727
num_leaves=11
num_cat=0
split_feature=44 79 56 97 16 12 14 98 15 7
split_gain=0.743966 0.546298 0.671087 0.722494 0.566778 0.32185 1.24383 0.179223 0.324435 0.0264977
threshold=15.949999745000001 5.4349999260000006 0.45000001000000006 31.142163675000003 0.67248635700000015 0.62746538100000004 0.62734235700000007 23.642177115000006 0.71941769050000015 0.42327807100000009
decision_type=2 2 2 8 2 2 2 10 2 2
left_child=1 -1 3 4 -3 6 9 -7 -9 -4
right_child=-2 2 5 -5 -6 7 -8 8 -10 -11
leaf_value=2.7021628879944577e-05 0.000824633078401025 4.953535444265393e-05 -0.00065628652515577809 -0.0015861989657391896 0.0011722055556547199 -0.00056338029677772267 0.0004547142630597831 0.00033029274141890439 -1.1184661654217755e-05 -0.0060887217597445356
leaf_weight=28 22 22 20 24 28 159 23 24 61 41
leaf_count=28 22 22 20 24 28 159 23 24 61 41
internal_value=0.000291519 0.000192665 9.18569e-05 0.000949198 0.00163386 -9.73237e-05 0.000424528 -0.000285948 6.41024e-05 -0.000299353
internal_weight=452 430 402 74 50 328 84 244 85 61
internal_count=452 430 402 74 50 328 84 244 85 61
is_linear=0
shrinkage=0.01


Tree=728
num_leaves=10
num_cat=0
split_feature=55 4 60 48 2 2 27 95 4
split_gain=0.751701 0.765448 0.352055 0.314381 0.235001 0.494174 0.306281 0.167458 0.464083
threshold=0.89999999100000017 0.38787850000000007 3.2900004385000003 6.3000001610000007 0.2567187855000001 0.23742714250000002 3.9642856800000001 23.482857025000005 0.34317428550000006
decision_type=2 2 2 2 2 2 2 2 2
left_child=1 -1 3 4 5 -2 -6 -4 -9
right_child=2 -3 7 -5 6 -7 -8 8 -10
leaf_value=0.00056704647228881491 -0.0001222001203806614 2.8138027320879578e-06 -0.0010618326393944579 5.2778636758836999e-05 3.4501305747744045e-05 0.0010103245898405522 -0.00010706032113032874 0.001739473319722672 -0.0018332716856907111
leaf_weight=21 31 30 174 27 20 20 84 20 45
leaf_count=21 31 30 174 27 20 20 84 20 45
internal_value=6.76818e-05 0.00120656 -6.75677e-05 0.000257111 6.7394e-05 0.000627413 -0.00019084 -0.000323186 8.35865e-05
internal_weight=472 51 421 182 155 51 104 239 65
internal_count=472 51 421 182 155 51 104 239 65
is_linear=0
shrinkage=0.01


Tree=729
num_leaves=12
num_cat=0
split_feature=97 13 97 16 14 67 2 47 7 12 2
split_gain=0.523337 0.817329 0.662577 0.487157 0.560351 0.554143 0.53192 0.373742 0.10717 0.147044 0.0268617
threshold=23.154861850000007 0.73215505850000018 24.782100180000004 0.67248635700000015 0.71040671450000015 33.080001355000007 0.27549048550000005 0.65000000600000007 0.42327807100000009 0.73944978550000007 0.25239192850000008
decision_type=10 2 10 2 2 2 2 2 2 2 2
left_child=7 2 -2 5 6 10 -5 8 -1 -10 -4
right_child=1 -3 3 4 -6 -7 -8 -9 9 -11 -12
leaf_value=0.00088355099573112167 0.00037731772410833699 -3.5468912511800097e-05 -0.0010770993617312903 0.00099933939741114774 5.7907178160343198e-06 0.00028140569191666945 0.00011501079610434727 2.1340644726005773e-05 -0.00089883459361379456 0.00011479117377797082 -0.0013243899402292296
leaf_weight=20 21 50 20 20 35 24 21 34 126 20 42
leaf_count=20 21 50 20 20 35 24 21 34 126 20 42
internal_value=0.000326187 0.00064799 0.000960283 0.000718673 0.00130208 0.000172811 0.0020933 -3.98408e-05 -0.000245803 -0.000347412 -0.000302548
internal_weight=433 233 183 162 76 86 41 200 166 146 62
internal_count=433 233 183 162 76 86 41 200 166 146 62
is_linear=0
shrinkage=0.01


Tree=730
num_leaves=8
num_cat=1
split_feature=26 15 15 27 99 15 12
split_gain=1.07413 0.521424 0.635423 0.593829 0.336997 0.561969 0.159796
threshold=1.8857142755000003 0.60295828550000008 0.62680950000000013 3.8285714390000005 0 0.72705264250000012 0.74559385700000014
decision_type=2 2 2 2 1 2 2
left_child=-1 -2 -3 -4 5 -5 -6
right_child=1 2 3 4 6 -7 -8
leaf_value=9.2076307547824085e-05 -0.004633806063040276 0.0010213844884166352 0.00027944065844455593 0.00018186170173331483 -2.8832169872237439e-05 -6.6526205024541852e-05 0.00052256017009032749
leaf_weight=34 88 36 34 56 164 45 28
leaf_count=34 88 36 34 56 164 45 28
internal_value=0.000340675 0.000204736 0.000375206 0.000227273 7.31789e-05 0.000514311 -0.000167653
internal_weight=485 451 363 327 293 101 192
internal_count=485 451 363 327 293 101 192
cat_boundaries=0 1
cat_threshold=136577040
is_linear=0
shrinkage=0.01


Tree=731
num_leaves=9
num_cat=0
split_feature=55 0 44 29 4 13 55 1
split_gain=0.902532 0.673917 0.461071 0.379227 0.229316 0.341882 0.493325 0.0381349
threshold=0.80000001550000011 0.31065555400000006 15.949999745000001 3.3285714215000004 0.31831735700000002 0.73358411500000009 2.6000000125000002 0.14425821400000002
decision_type=2 2 2 2 2 2 2 2
left_child=1 -1 3 -2 7 6 -6 -5
right_child=2 -3 -4 4 5 -7 -8 -9
leaf_value=0.00050793177743656162 2.3795673723921133e-05 -9.3170325067117068e-05 6.9135189121443313e-05 -0.0051807194072686765 4.4738056263414027e-06 -2.9425886419842076e-05 0.00083762705838674192 -0.0042004749249551819
leaf_weight=23 29 23 24 20 126 66 43 103
leaf_count=23 29 23 24 20 126 66 43 103
internal_value=0.000282874 0.00160256 0.000127489 3.73903e-05 -4.73803e-05 0.000129347 0.000373969 -0.000399839
internal_weight=457 46 411 387 358 235 169 123
internal_count=457 46 411 387 358 235 169 123
is_linear=0
shrinkage=0.01


Tree=732
num_leaves=11
num_cat=0
split_feature=51 41 48 3 98 0 54 96 0 7
split_gain=0.523545 0.451427 0.372092 0.454096 0.692692 0.418698 0.150353 0.118514 0.0377424 0.0365163
threshold=0.30000000800000004 3.7000000065000003 8.499999821500003 0.32319575700000008 26.400421500000004 0.22560706600000005 0.99999999650000004 129.01222555000001 0.062701937500000013 0.62680169050000012
decision_type=2 2 2 2 10 2 2 2 2 2
left_child=7 -2 3 4 5 -3 -5 8 -1 -8
right_child=1 2 -4 6 -6 -7 9 -9 -10 -11
leaf_value=-0.0022820311655834778 0.00038128420016096193 -2.8388678755985367e-05 0.00020664056274142812 1.3790556468872443e-05 0.001155752384085409 9.0594985140526643e-05 -0.00044509165322463589 5.9412727752418888e-05 -0.0009282238466564363 -5.6749314922588917e-05
leaf_weight=20 39 65 31 32 20 26 88 20 99 20
leaf_count=20 39 65 31 32 20 26 88 20 99 20
internal_value=0.000234375 0.000458359 0.000307638 0.000168785 0.000648479 0.000245098 -0.000198864 -0.00026824 -0.000396494 -0.00038603
internal_weight=460 321 282 251 111 91 140 139 119 108
internal_count=460 321 282 251 111 91 140 139 119 108
is_linear=0
shrinkage=0.01


Tree=733
num_leaves=12
num_cat=1
split_feature=18 12 99 27 72 96 3 44 34 14 22
split_gain=0.66344 1.32982 0.350981 0.758117 0.774101 0.309671 0.22603 0.149312 0.14175 0.175454 0.0423186
threshold=0.7069623570000001 0.69458671400000005 0 3.9357142450000002 78.35999870000002 77.303394425000008 0.25659778550000006 13.700000010000002 5.1000000070000011 0.69123200000000018 1.9571428385000003
decision_type=2 2 1 2 2 2 2 2 2 2 2
left_child=2 -2 3 -1 -5 6 -4 -6 9 -7 -10
right_child=1 -3 5 4 7 8 -8 -9 10 -11 -12
leaf_value=0.00035947313688989207 0.00094844835911046268 -0.00018367294827319663 -0.0020684497543938286 0.00013758823639859047 -0.0024333128939296599 2.5058475661378279e-05 0.0011888545012779827 4.7099677851037241e-05 -0.00057207974443445697 -0.00030210299569670467 -1.7927615613844637e-05
leaf_weight=21 21 20 24 26 75 20 20 35 171 21 20
leaf_count=21 21 20 24 26 75 20 20 35 171 21 20
internal_value=0.000170598 0.0013756 4.95619e-05 0.000414183 0.000146199 -0.000160391 0.000580357 -0.000207581 -0.00031787 0.000179426 -0.000435349
internal_weight=474 41 433 157 136 276 44 110 232 41 191
internal_count=474 41 433 157 136 276 44 110 232 41 191
cat_boundaries=0 1
cat_threshold=2130712
is_linear=0
shrinkage=0.01


Tree=734
num_leaves=12
num_cat=1
split_feature=36 66 52 99 18 4 53 19 96 30 4
split_gain=0.835839 0.490787 0.476696 0.403145 0.442861 0.484256 0.381263 0.146715 0.124836 0.11474 0.0421972
threshold=4.6785714455000003 30.640000345000001 14.449999720000003 0 0.68180292850000013 0.38234050000000003 0.50000000350000018 130.56500000000003 60.892142180000008 2.2714285595000008 0.43778730950000005
decision_type=2 2 2 1 2 2 2 2 2 2 2
left_child=3 2 -2 4 5 9 -4 8 -5 -1 -10
right_child=1 -3 6 7 -6 -7 -8 -9 10 -11 -12
leaf_value=8.4110754341342326e-05 -0.00028197466800392013 0.00049068347767679428 0.00017562264245968463 0.00052852507358365454 0.0011364012496203641 0.00035909623963089552 1.6658593736955877e-05 0.00029920583438374323 -0.00078142715985690615 -1.2117169753416923e-05 -0.00050334166354427219
leaf_weight=20 39 24 20 22 20 25 30 33 168 54 20
leaf_count=20 39 24 20 22 20 25 30 33 168 54 20
internal_value=0.00023224 0.000979789 0.000595768 0 0.000450693 0.000185371 0.00124016 -0.000234437 -0.0003463 -0.000200535 -0.000434322
internal_weight=475 113 89 362 119 99 50 243 210 74 188
internal_count=475 113 89 362 119 99 50 243 210 74 188
cat_boundaries=0 1
cat_threshold=2359568
is_linear=0
shrinkage=0.01


Tree=735
num_leaves=11
num_cat=0
split_feature=55 6 54 10 15 6 19 26 36 43
split_gain=1.19273 1.698 0.576742 0.392352 1.31264 0.243846 0.202491 0.164879 0.110597 0.0431206
threshold=0.89999999100000017 0.47910964250000004 7.4000000880000014 0.62807078600000021 0.72705264250000012 0.56836071450000014 79.88000000000001 2.4857142565000001 4.7571428675000007 15.049999925000003
decision_type=2 2 2 2 2 2 2 2 2 2
left_child=1 -1 5 -4 -5 7 -6 8 9 -2
right_child=2 -3 3 4 6 -7 -8 -9 -10 -11
leaf_value=0.00050394106823449828 -0.00078953853266902955 -1.43507509995993e-05 -9.5059567879524342e-05 0.00033083339115880218 0.00028375115610803362 0.00091810452786853891 -0.000332157775423017 6.2663043139466005e-05 2.2158720049399287e-06 -1.6699305943840665e-06
leaf_weight=23 170 25 34 25 20 20 28 30 23 57
leaf_count=23 170 25 34 25 20 20 28 30 23 57
internal_value=0.000242431 0.00172131 6.00784e-05 0.000691095 0.00110434 -0.000159575 8.19671e-05 -0.000242165 -0.000330941 -0.000401668
internal_weight=455 48 407 107 73 300 48 280 250 227
internal_count=455 48 407 107 73 300 48 280 250 227
is_linear=0
shrinkage=0.01


Tree=736
num_leaves=12
num_cat=1
split_feature=99 77 50 6 96 20 65 18 19 42 18
split_gain=0.859334 1.10237 0.56274 0.744088 0.328545 0.321427 0.363449 0.286664 0.188056 0.0422785 0.0373232
threshold=0 1.5021428430000003 11.199999885000002 0.4833077380000001 74.734244905000011 0.72142858150000011 40.710000995000009 0.70722607100000012 39.945000000000007 0.45000000650000005 0.44618992850000005
decision_type=1 2 2 2 2 2 2 2 2 2 2
left_child=4 2 3 8 -1 6 -4 10 -2 -6 -7
right_child=1 -3 5 -5 9 7 -8 -9 -10 -11 -12
leaf_value=0.0012690281348181111 0.0010664580534016372 5.373107338363118e-05 -8.625023680074521e-06 0.00021076071463810428 -0.00011485088236478563 -0.00011129313248487879 0.00014015596017489588 0.00095105713485733022 -0.00050200526290567252 -0.00015041023191363125 -5.9901572310743401e-05
leaf_weight=20 20 20 35 37 20 20 21 20 24 170 95
leaf_count=20 20 20 35 37 20 20 21 20 24 170 95
internal_value=0.00019292 0.000535006 0.0003739 0.00106968 -0.000285326 6.51719e-05 0.000704225 -0.000187776 0.000133928 -0.000435011 -0.000392919
internal_weight=502 292 272 81 210 191 56 135 44 190 115
internal_count=502 292 272 81 210 191 56 135 44 190 115
cat_boundaries=0 1
cat_threshold=138484963
is_linear=0
shrinkage=0.01


Tree=737
num_leaves=12
num_cat=0
split_feature=25 8 10 98 0 20 16 83 92 29 0
split_gain=0.813592 0.601452 0.554027 0.854873 1.00738 0.635902 0.554926 0.285748 0.211975 0.150164 0.115606
threshold=1.9571428465000003 0.48260336750000005 0.61123778600000012 25.921937140000004 0.2660955805000001 0.89999999750000004 0.68690221450000011 6.6842856920000004 17.182143005000004 4.1142857160000004 0.10180833350000001
decision_type=2 2 2 8 2 2 2 2 2 2 2
left_child=1 -1 8 4 5 -4 -5 9 -3 -2 -8
right_child=7 2 3 6 -6 -7 10 -9 -10 -11 -12
leaf_value=0.00094154656350875585 0.000403192441978726 -0.00044182545582156362 0.00013313689712350586 0.00017855620208239234 9.85353085043001e-05 4.7342329883653781e-05 0.00027904893599664304 0.00037699620999988678 8.9647351336971849e-05 -0.0014737921553709698 -3.1455476125144373e-05
leaf_weight=20 20 62 22 23 29 22 20 20 25 141 55
leaf_count=20 20 62 22 23 29 22 20 20 25 141 55
internal_value=0.000301218 0.000642037 0.000498454 0.000829453 0.00164634 0.00258929 0.000192308 -0.000211771 -0.00013098 -0.000361558 -0.000204486
internal_weight=459 278 258 171 73 44 98 181 87 161 75
internal_count=459 278 258 171 73 44 98 181 87 161 75
is_linear=0
shrinkage=0.01


Tree=738
num_leaves=12
num_cat=0
split_feature=7 4 9 45 54 44 2 46 84 27 1
split_gain=0.383064 0.34241 0.701756 0.789996 0.431896 0.419757 0.3368 0.256132 0.20821 0.140936 0.0285266
threshold=0.40947400000000006 0.37817383350000006 0.66726000000000008 4.0000001080000009 8.6499999685000031 8.1000000090000022 0.33770228550000009 0.15000000200000005 15.854285785000002 4.1571428610000014 0.27713664250000009
decision_type=2 2 2 2 2 2 2 2 2 2 2
left_child=-1 4 3 -3 7 -6 -5 9 10 -2 -4
right_child=1 2 8 6 5 -7 -8 -9 -10 -11 -12
leaf_value=0.001241913170982086 -0.00040949199475554513 0.00034886341606880266 -0.0005561895295381527 -0.00018906310427122208 0.00019217200441014388 -2.4118330513416544e-05 3.4331584253771076e-05 4.5829083962803715e-05 8.1415661543011549e-06 9.0029505551174144e-06 -5.125823775015343e-05
leaf_weight=24 171 23 20 21 27 28 20 23 21 22 47
leaf_count=24 171 23 20 21 27 28 20 23 21 22 47
internal_value=0.000233363 0.000156914 0.000536649 0.00132716 -4.9669e-05 0.000725806 0.00041866 -0.000258303 -2.25226e-05 -0.000384417 -0.000317109
internal_weight=447 423 152 64 271 55 41 216 88 193 67
internal_count=447 423 152 64 271 55 41 216 88 193 67
is_linear=0
shrinkage=0.01


Tree=739
num_leaves=13
num_cat=0
split_feature=16 98 13 10 41 27 53 13 98 3 19 49
split_gain=0.650396 0.335583 0.365949 1.0797 1.3906 0.375553 0.213077 0.216592 0.125719 0.106615 0.188056 0.0371026
threshold=0.5855260000000001 20.201986145000003 0.71189387500000012 0.61610042900000017 7.6500000730000011 3.9571428470000005 2.5999999830000005 0.74519110000000011 26.401655540000004 0.35729614250000002 75.555000000000021 23.900000205000001
decision_type=2 8 2 2 2 2 2 2 10 2 2 2
left_child=11 -2 3 5 -5 -3 9 -8 -7 -4 -11 -1
right_child=1 2 6 4 -6 8 7 -9 -10 10 -12 -13
leaf_value=-0.006173501456943343 0.00019717559358054345 0.00072092438436076268 -5.8110942302495308e-05 3.5478294914086384e-06 0.00018740881111163645 -0.00061575087989982312 0.00098119906244534976 -0.0010031173170760898 0.00015158960225517522 0.00042741080017759836 -2.0708763258362389e-05 -0.00049367199597264626
leaf_weight=93 28 22 69 39 36 69 20 23 20 20 24 20
leaf_count=93 28 22 69 39 36 69 20 23 20 20 24 20
internal_value=0.000261472 0.000466559 0.000370478 0.000669165 0.00158971 2.23612e-05 0 0.000605023 -0.000250557 -0.00021529 0.000133928 -0.000391037
internal_weight=483 370 342 186 75 111 156 43 89 113 44 113
internal_count=483 370 342 186 75 111 156 43 89 113 44 113
is_linear=0
shrinkage=0.01


Tree=740
num_leaves=12
num_cat=1
split_feature=99 7 5 21 14 14 22 87 2 2 4
split_gain=0.64463 0.55126 0.554209 0.372785 0.511203 0.989888 0.176427 0.36521 0.114087 0.256853 0.0639114
threshold=0 0.44568550000000007 0.40333207150000006 2.3357142635000003 0.73911531400000008 0.69206594050000014 1.7428571075000001 8.4092857500000022 0.26596464300000006 0.23339242850000003 0.38161244300000002
decision_type=1 2 2 2 2 2 2 2 2 2 2
left_child=6 -2 -3 4 5 -4 -1 -8 9 -9 -5
right_child=1 2 3 10 -6 -7 7 8 -10 -11 -12
leaf_value=-9.0410345627674467e-05 0.00080219647111573391 -0.00058166540707499587 9.0020620773708854e-05 0.00011431070838801128 -2.1804194216476519e-06 0.00061069692493929723 5.7598716733818e-05 -0.0038904271180904772 -7.9938651654721266e-05 0.0034055559352841702 -5.6796653837944185e-05
leaf_weight=98 27 50 32 20 24 27 31 34 66 28 21
leaf_count=98 27 50 32 20 24 27 31 34 66 28 21
internal_value=0.000193984 0.000601983 0.000406178 0.000769231 0.00115155 0.00164716 -0.000136296 5.31914e-05 -0.000170808 0.000111465 0
internal_weight=458 201 174 124 83 59 257 159 128 62 41
internal_count=458 201 174 124 83 59 257 159 128 62 41
cat_boundaries=0 1
cat_threshold=1115579
is_linear=0
shrinkage=0.01


Tree=741
num_leaves=10
num_cat=0
split_feature=18 54 65 52 12 0 65 55 0
split_gain=1.04631 0.32617 0.307314 0.454982 0.270483 0.20435 0.238624 0.142164 0.0882459
threshold=0.7069623570000001 0.50000000750000007 41.474999905000011 9.8499999050000024 0.67817089300000022 0.063424395500000008 35.074998855000011 7.3000002170000009 0.25661739600000005
decision_type=2 2 2 2 2 2 2 2 2
left_child=1 4 5 -4 -1 -3 8 -8 -7
right_child=-2 2 3 -5 -6 6 7 -9 -10
leaf_value=9.8742679024153295e-05 0.00048777740376335267 0.00011500804380933624 0.00085051135778622076 -4.4720870642380719e-05 -1.1562234928550041e-06 9.5343939415199003e-05 -9.1167449620692542e-05 3.1386535709130796e-07 -5.8141621128916866e-05
leaf_weight=23 33 24 21 31 21 20 262 21 22
leaf_count=23 33 24 21 31 21 20 262 21 22
internal_value=0.000123225 -1.1217e-06 -9.58189e-05 0.00060606 0.000803571 -0.000207261 -0.000277778 -0.000385835 0.000397196
internal_weight=478 445 401 52 44 349 325 283 42
internal_count=478 445 401 52 44 349 325 283 42
is_linear=0
shrinkage=0.01


Tree=742
num_leaves=9
num_cat=0
split_feature=98 52 62 43 10 80 53 7
split_gain=0.587417 0.404044 0.5332 0.301149 0.507884 0.171324 0.0971714 0.245101
threshold=28.279382665000004 15.649999815000003 0.055000305500000006 16.849999785000005 0.6415958570000001 6.7521428210000005 0.75000000750000007 0.54870617850000014
decision_type=10 2 2 2 2 2 2 2
left_child=1 3 -3 5 -5 6 -1 -8
right_child=-2 2 -4 4 -6 -7 7 -9
leaf_value=-0.0019767803299045521 0.00024634086429760121 0.00011181916079763876 -0.0024969508573231404 -1.3757015007203697e-05 0.00035039646954034166 0.0001198080395245749 -0.00016545562897040374 0.00029630368964109584
leaf_weight=172 29 39 36 21 21 30 61 35
leaf_count=172 29 39 36 21 21 30 61 35
internal_value=0.000103417 1.20238e-06 0.000666227 -0.000140845 0.000630841 -0.000257698 -0.000342262 -6.19836e-05
internal_weight=444 415 75 340 42 298 268 96
internal_count=444 415 75 340 42 298 268 96
is_linear=0
shrinkage=0.01


Tree=743
num_leaves=11
num_cat=0
split_feature=22 45 62 10 1 54 76 74 3 26
split_gain=0.421273 0.431435 0.519278 0.351499 0.444721 0.224407 0.419127 0.248725 0.129652 0.0804897
threshold=1.8357142720000004 5.1999998760000006 1.1599998475000002 0.63230978550000005 0.22631435750000004 1.8999999835000001 91.210000990000012 37.27499962000001 0.38175402400000008 2.2999999945000007
decision_type=2 2 2 2 2 2 2 2 2 2
left_child=5 2 3 4 -2 6 -1 -7 9 -9
right_child=1 -3 -4 -5 -6 7 -8 8 -10 -11
leaf_value=0.00016062079876165029 0.0012926023893870676 -0.0039302174993061179 -0.00038224067845309823 4.4736065402076614e-06 0.00068128013849312716 1.5922069591362049e-05 -7.5075874923332472e-06 -6.3517789227161917e-05 5.8034745508695338e-05 6.9873271875395791e-06
leaf_weight=24 22 30 31 23 22 22 38 185 20 39
leaf_count=24 22 30 31 23 22 22 38 185 20 39
internal_value=8.75656e-05 0.000574534 0.00090081 0.00139381 0.00191964 -9.73237e-05 0.000429936 -0.000228636 -0.000326798 -0.000400356
internal_weight=456 128 98 67 44 328 62 266 244 224
internal_count=456 128 98 67 44 328 62 266 244 224
is_linear=0
shrinkage=0.01


Tree=744
num_leaves=12
num_cat=0
split_feature=54 7 6 84 19 10 22 96 6 13 6
split_gain=0.788076 0.697176 0.438137 0.355679 0.489976 0.697515 0.342006 0.230901 0.174817 0.232394 0.0423186
threshold=0.99999999650000004 0.55995945250000012 0.43842175000000005 15.842142850000002 92.25500000000001 0.6531102860000001 1.8142857125000003 132.27619780000003 0.51452969050000008 0.7417923500000001 0.34209185700000005
decision_type=2 2 2 2 2 2 2 2 2 2 2
left_child=1 2 -1 7 5 6 -5 8 10 -10 -2
right_child=3 -3 -4 4 -6 -7 -8 -9 9 -11 -12
leaf_value=0.00010056770017475979 2.1049978130262825e-05 -1.7818290834370036e-05 0.00063563232692189929 -1.7683473279556337e-05 -0.0004388364937723281 0.0001864484837769725 0.00080453994224365859 0.00032498158830379523 0.00033255765068487207 -2.2306937130689977e-05 -0.00082075662153334179
leaf_weight=31 20 21 28 29 36 23 22 22 28 28 171
leaf_count=31 20 21 28 29 36 23 22 22 28 28 171
internal_value=0.000192475 0.00108911 0.00164716 0 0.000478339 0.000949198 0.000241313 -0.000194589 -0.000288539 0.000176056 -0.000435349
internal_weight=459 80 59 379 110 74 51 269 247 56 191
internal_count=459 80 59 379 110 74 51 269 247 56 191
is_linear=0
shrinkage=0.01


Tree=745
num_leaves=11
num_cat=0
split_feature=98 15 93 48 12 38 2 4 7 36
split_gain=0.42345 0.772645 0.409402 0.319926 0.351767 0.475816 0.196402 0.31347 0.140526 0.0400896
threshold=19.605197285000003 0.60295828550000008 15.324999945000002 4.0999999530000011 0.6461100715000001 6.0857143060000007 0.30825885700000005 0.37743192850000001 0.41948735750000005 3.3785714595000003
decision_type=8 2 2 2 2 2 2 2 2 2
left_child=1 -1 -2 8 5 -5 7 -6 -4 -10
right_child=2 -3 3 4 6 -7 -8 -9 9 -11
leaf_value=-0.0054206723726295267 2.3027774670060665e-05 0.00079920140429323749 0.00060738340128601773 0.00024440591479551598 -8.7087720109798493e-05 -9.056178793195448e-05 -2.4555450152699246e-05 0.00038826786561334535 -0.00055721078417529429 -8.9662321232262778e-05
leaf_weight=20 20 25 20 23 52 23 61 20 21 177
leaf_count=20 20 25 20 23 52 23 61 20 21 177
internal_value=7.9948e-05 0.00099345 -1.55578e-05 -9.17548e-05 0.000214127 0.000961538 -3.36324e-05 0.000302198 -0.00035192 -0.000437626
internal_weight=462 45 417 397 179 46 133 72 218 198
internal_count=462 45 417 397 179 46 133 72 218 198
is_linear=0
shrinkage=0.01


Tree=746
num_leaves=10
num_cat=0
split_feature=36 2 6 2 16 33 38 2 17
split_gain=0.607579 0.741503 0.282633 0.521832 0.359193 0.205378 0.202958 0.163184 0.0810782
threshold=4.7499999830000013 0.31432811900000007 0.4833077380000001 0.29467918700000001 0.67720392850000011 4.4857142140000006 5.6214286600000012 0.35634092850000004 0.69850821450000011
decision_type=2 2 2 2 2 2 2 2 2
left_child=2 -2 5 4 -4 8 -5 -3 -1
right_child=1 7 3 6 -6 -7 -8 -9 -10
leaf_value=-0.001408819108335834 0.00022899768373703042 -1.5727450809644003e-05 0.00013042976923050833 0.0001716255855416847 9.8258149074238488e-05 0.00026098844967940409 -8.1486674473730609e-05 8.9268345990540376e-05 -2.6335218316746623e-05
leaf_weight=168 35 28 25 26 22 28 63 23 38
leaf_count=168 35 28 25 26 22 28 63 23 38
internal_value=0.000109457 0.000864055 -6.20282e-05 0.000292398 0.00114017 -0.000276831 -0.000139198 4.82624e-05 -0.000391683
internal_weight=456 86 370 136 47 234 89 51 206
internal_count=456 86 370 136 47 234 89 51 206
is_linear=0
shrinkage=0.01


Tree=747
num_leaves=11
num_cat=0
split_feature=78 15 96 36 14 0 98 78 77 13
split_gain=0.509567 0.651968 0.576199 0.387994 0.421198 0.3398 0.26045 0.104 0.0358742 0.0338796
threshold=7.3999999595000006 0.7266769525000002 131.19284590000004 3.3714285750000004 0.61045671450000005 0.22560706600000005 27.303542775000004 6.8914285730000016 -2.3828571194999992 0.76652608500000008
decision_type=2 2 2 2 2 2 10 2 2 2
left_child=7 2 3 -2 -5 -6 9 -1 -9 -3
right_child=1 6 -4 4 5 -7 -8 8 -10 -11
leaf_value=0.00022266560089409751 0.00018791604995415092 -3.6064282084440244e-05 0.00023964130189129955 0.0013380676292231244 -2.6780475689770734e-05 0.00011706126569848669 0.00025528072360777812 -0.0045360758135747324 1.3507374552707285e-05 -0.00052267809918283908
leaf_weight=21 25 70 29 21 66 87 20 83 20 20
leaf_count=21 25 70 29 21 66 87 20 83 20 20
internal_value=0.000296024 0.000498819 0.000804196 0.000593093 0.000406178 0.000204811 -0.000117329 -0.000240385 -0.00038054 -0.000363436
internal_weight=462 338 228 199 174 153 110 124 103 90
internal_count=462 338 228 199 174 153 110 124 103 90
is_linear=0
shrinkage=0.01


Tree=748
num_leaves=12
num_cat=0
split_feature=72 89 13 48 45 52 4 98 21 80 4
split_gain=0.406016 0.321858 0.288195 0.347426 0.327446 0.361359 0.244327 0.221614 0.15035 0.162175 0.0347098
threshold=82.14500141500001 19.639999795000005 0.61207375000000008 7.0999999795000006 3.5000000300000003 6.5000000970000009 0.33673492850000003 21.838804660000005 2.3571428145000008 6.0942857820000009 0.34204607150000005
decision_type=2 2 2 2 2 2 2 8 2 2 2
left_child=2 8 -1 4 5 -4 -3 -6 -2 -10 -9
right_child=1 6 3 -5 7 -7 -8 10 9 -11 -12
leaf_value=0.00047822202287064715 -4.7713672331402373e-05 -0.0010040398689608475 -0.0010514249658216228 5.3814756277847865e-05 8.8170067605517285e-05 0.00035063884999066391 0.00067927809789608692 -0.0011220397798277126 0.0013246867804234997 -3.3950377867806827e-05 -2.404392607366797e-05
leaf_weight=23 143 28 32 32 23 20 28 20 21 21 75
leaf_count=23 143 28 32 32 23 20 28 20 21 21 75
internal_value=0.000160668 -0.000117866 0.000467228 0.000330375 0.00013466 0.000795454 0.000528169 -0.000143098 -0.000325619 0.000163551 -0.000370564
internal_weight=466 241 225 202 170 52 56 118 185 42 95
internal_count=466 241 225 202 170 52 56 118 185 42 95
is_linear=0
shrinkage=0.01


Tree=749
num_leaves=11
num_cat=0
split_feature=46 1 54 55 1 27 6 18 53 16
split_gain=0.3973 1.29559 0.39387 0.550141 0.718211 0.499922 0.545029 0.482665 0.0694264 0.266478
threshold=0.25000000750000007 0.29022164300000003 7.9500001000000013 4.750000022500001 0.23158011900000003 3.9428571970000008 0.51452969050000008 0.56392716650000019 0.40000000950000009 0.63715083350000012
decision_type=2 2 2 2 2 2 2 2 2 2
left_child=2 -2 5 -4 -5 6 7 -1 -7 -10
right_child=1 -3 3 4 -6 8 -8 -9 9 -11
leaf_value=-0.0010656036489073333 0.00047343980264194204 -1.8901325985852093e-05 -0.00011342785635986057 0.00073737832374054871 8.6943240232163726e-07 -0.0011454583080845757 0.00037156014079135237 0.00070511317953528166 0.00031858358062531112 -6.416465696804508e-06
leaf_weight=51 23 36 39 25 28 138 25 20 20 54
leaf_count=51 23 36 39 25 28 138 25 20 20 54
internal_value=0.000214223 0.000978261 9.48103e-05 0.000668103 0.001329 -7.12436e-05 0.000516529 3.48188e-05 -0.000347744 -6.6845e-05
internal_weight=459 59 400 92 53 308 96 71 212 74
internal_count=459 59 400 92 53 308 96 71 212 74
is_linear=0
shrinkage=0.01


Tree=750
num_leaves=11
num_cat=0
split_feature=60 9 11 56 50 2 50 30 41 9
split_gain=0.608343 0.589933 1.18576 0.483385 0.40407 0.221225 0.22108 0.259597 0.200193 0.038849
threshold=2.7749996185000003 0.59532512500000012 0.6919869795000001 0.25000000350000007 11.099999805000001 0.27639864250000007 10.250000150000002 2.2714285765000004 3.5500000640000002 0.50846252500000011
decision_type=2 2 2 2 2 2 2 2 2 2
left_child=1 -1 -3 -2 -4 9 -7 8 -8 -5
right_child=3 2 4 5 -6 6 7 -9 -10 -11
leaf_value=-0.00031389543625437146 0.00054611281197045373 0.00012839812201530056 5.5937128991126323e-05 -0.0021103106516839943 -0.00063935450003468777 0.00015147504097827566 0.00013573041950885962 0.00019096051554954379 -3.194137907387871e-05 -0.001926272005228437
leaf_weight=37 26 37 20 20 31 25 29 28 88 111
leaf_count=37 26 37 20 20 31 25 29 28 88 111
internal_value=0.00024735 0.000838633 0.00128378 1.37278e-05 0.000241313 -9.44335e-05 0.00013466 -3.42947e-06 -0.000224958 -0.000405918
internal_weight=452 125 88 327 51 301 170 145 117 131
internal_count=452 125 88 327 51 301 170 145 117 131
is_linear=0
shrinkage=0.01


Tree=751
num_leaves=9
num_cat=0
split_feature=27 16 98 51 19 55 29 6
split_gain=0.427148 0.399892 0.320191 0.375522 0.211583 0.151991 0.546796 0.123603
threshold=3.8214285545000002 0.67892635700000004 28.279382665000004 60.299998505000012 5.5500000000000007 5.000000033500001 3.8571428060000006 0.36463350000000005
decision_type=2 2 10 2 2 2 2 2
left_child=1 -1 3 4 -2 7 -7 -6
right_child=2 -3 -4 -5 5 6 -8 -9
leaf_value=0.00025716489503187874 2.0041093936617409e-05 -1.011684614172373e-05 4.9169893897449777e-05 0.00048980640703735203 4.0205915020927509e-06 6.3581914915460355e-05 -2.6182750388172881e-05 -8.4337109654359881e-05
leaf_weight=30 21 22 32 22 43 25 43 230
leaf_count=30 21 22 32 22 43 25 43 230
internal_value=0.000136519 0.000984848 2.39922e-05 -5.19752e-05 -0.000135061 -0.00020041 0.000203488 -0.00030862
internal_weight=468 52 416 384 362 341 68 273
internal_count=468 52 416 384 362 341 68 273
is_linear=0
shrinkage=0.01


Tree=752
num_leaves=13
num_cat=1
split_feature=99 48 9 24 8 2 27 50 16 97 38 16
split_gain=0.440351 0.457868 0.695467 0.459565 0.604064 0.447933 0.272216 0.237732 0.527555 0.10127 0.0926287 0.0908624
threshold=0 5.4000001440000007 0.66537808750000016 1.8142857170000004 0.55004935700000013 0.28740464300000007 3.9714285135000007 10.999999955000002 0.68083361900000006 29.631868905000001 5.3714285750000004 0.72323602400000009
decision_type=1 2 2 2 2 2 2 2 2 10 2 2
left_child=9 3 5 7 -5 -3 -6 8 -2 -1 -9 -8
right_child=1 2 -4 4 6 -7 11 10 -10 -11 -12 -13
leaf_value=-0.0004711031572657453 -0.00039377822437413967 8.5210149968342343e-05 -1.9304722307226211e-05 0.0007730895064866274 0.00037383440104943295 0.00028863213675796025 -0.0013031548874257227 6.4536472592277371e-05 7.421138722893453e-05 0.00019399643912481964 -0.00055709794463968971 0.00015309059893199445
leaf_weight=88 26 24 29 26 22 27 34 29 22 26 97 20
leaf_count=88 26 24 29 26 22 27 34 29 22 26 97 20
internal_value=0.000240017 0.000408942 0.00108911 0.000216763 0.000749027 0.00178571 0.000260417 -8.58125e-05 0.000491803 -0.000280449 -0.000323344 -9.1241e-05
internal_weight=470 356 80 276 102 51 76 174 48 114 126 54
internal_count=470 356 80 276 102 51 76 174 48 114 126 54
cat_boundaries=0 1
cat_threshold=542180481
is_linear=0
shrinkage=0.01


Tree=753
num_leaves=12
num_cat=1
split_feature=99 85 86 98 26 55 23 7 7 7 0
split_gain=0.458433 0.706605 0.589967 0.289272 0.295072 1.03437 0.278962 0.104274 0.0371026 0.0342222 0.0199046
threshold=0 13.954285755000003 14.782857210000001 19.202663705000003 1.9357142960000002 3.7000000070000003 1.7714285465000004 0.45109400000000005 0.43758454750000003 0.59956314300000002 0.26084197900000006
decision_type=1 2 2 10 2 2 2 2 2 2 2
left_child=8 3 -3 7 10 -6 -7 -2 -1 -9 -5
right_child=1 2 -4 4 5 6 -8 9 -10 -11 -12
leaf_value=-0.0040018648671972402 5.3442396539543986e-05 0.00022925167157823134 -7.9491640458708503e-05 -0.0001865775248633314 0.00086956130891769462 5.4567061887742887e-06 -1.0130092928879596e-05 -0.0016293169174449674 -0.00067829276055924779 -0.00041851693214989939 -2.1668740950850368e-05
leaf_weight=20 20 20 22 20 26 53 68 72 93 20 27
leaf_count=20 20 20 22 20 26 53 68 72 93 20 27
internal_value=0.000167821 0.000345596 0.00156542 0.00017927 0.000415811 0.000639377 0.00022578 -0.000212766 -0.000359451 -0.000366379 -0.000240586
internal_weight=461 348 42 306 194 147 121 112 113 92 47
internal_count=461 348 42 306 194 147 121 112 113 92 47
cat_boundaries=0 1
cat_threshold=65667
is_linear=0
shrinkage=0.01


Tree=754
num_leaves=12
num_cat=0
split_feature=17 17 96 66 3 5 98 6 6 24 41
split_gain=0.564135 0.614901 1.15329 0.348455 0.499536 1.38635 0.408775 0.195577 0.133117 0.101284 0.0393308
threshold=0.56319950000000019 0.60072909550000009 94.801848145000022 25.875000475000004 0.31490748550000008 0.38218560700000009 22.556260485000003 0.37404064300000006 0.47784657150000004 1.6571428565000004 2.4999999850000001
decision_type=2 2 2 2 2 2 8 2 2 2 2
left_child=10 2 -2 8 5 7 -6 -5 -3 -8 -1
right_child=1 3 -4 4 6 -7 9 -9 -10 -11 -12
leaf_value=-0.0001351894873689051 -0.0012502168654899516 -4.9915401422809448e-05 0.00029866779794266482 0.001691274237957917 4.6969931475132741e-05 0.00088661185242305926 9.9073467041707e-06 -0.0021313913902641347 4.2919082417416242e-05 -2.1513061122067364e-05 -0.0035763162054426047
leaf_weight=20 24 83 21 20 21 20 24 26 20 68 117
leaf_count=20 24 83 21 20 21 20 24 26 20 68 117
internal_value=0.000120482 0.000349298 0.00143013 0.000166195 0.000436596 0.00112275 1.31809e-05 0.000106837 -0.000284201 -0.000258621 -0.000410015
internal_weight=464 327 45 282 179 66 113 46 103 92 137
internal_count=464 327 45 282 179 66 113 46 103 92 137
is_linear=0
shrinkage=0.01


Tree=755
num_leaves=13
num_cat=1
split_feature=99 93 65 98 15 15 10 16 69 48 3 23
split_gain=0.652149 0.692818 1.02794 0.548625 0.50121 0.444956 1.03629 0.230254 0.162685 0.122253 0.0615385 0.0365163
threshold=0 17.881428380000006 35.180000305000007 22.484581360000004 0.62904761900000017 0.72705264250000012 0.62325485700000016 0.68955792850000008 19.215000630000002 4.8999999465000004 0.30345667850000008 1.9571428555000001
decision_type=1 2 2 10 2 2 2 2 2 2 2 2
left_child=11 3 -3 9 -4 6 10 -6 -7 -2 -5 -1
right_child=1 2 4 5 7 8 -8 -9 -10 -11 -12 -13
leaf_value=-5.6552572032616658e-05 -0.0019644686780146505 0.0005625290394942684 0.0012902244278491636 0.00082068729563157864 -0.00069146255898648872 -1.8136629482599781e-05 0.00012033797780008618 2.0176146270506623e-05 1.087939751296215e-05 -4.9314309116491629e-05 -0.0012287668816919257 -3.5374745709743985e-05
leaf_weight=88 89 34 20 20 38 36 38 20 25 22 20 20
leaf_count=88 89 34 20 20 38 36 38 20 25 22 20 20
internal_value=0.000303738 0.000501609 0.00117021 0.000211324 0.000494924 0.000633047 0.00112944 0 0 -0.000299642 0 -0.000353535
internal_weight=470 362 112 250 78 139 78 58 61 111 40 108
internal_count=470 362 112 250 78 139 78 58 61 111 40 108
cat_boundaries=0 1
cat_threshold=303104673
is_linear=0
shrinkage=0.01


Tree=756
num_leaves=13
num_cat=0
split_feature=16 15 69 16 3 4 4 80 97 27 17 7
split_gain=0.476332 0.702487 0.621455 0.792361 0.690921 0.441788 0.320246 0.42456 0.188757 0.0465968 0.087495 0.033337
threshold=0.67248635700000015 0.72758228550000015 19.210000515000004 0.70960224500000013 0.29493442850000001 0.37429875000000007 0.4038965235000001 6.171428510000001 22.010740550000005 3.9428571120000004 0.56239650000000008 0.60478534750000013
decision_type=2 2 2 2 2 2 2 2 8 2 2 2
left_child=6 2 3 4 -2 -6 9 -8 -3 10 -1 -10
right_child=1 8 -4 -5 5 -7 7 -9 11 -11 -12 -13
leaf_value=-0.0016033505774211288 0.00016672444676024399 1.1612064594159633e-05 -5.3640378865733653e-06 3.7068355455264362e-05 -0.00036814442749473697 0.00017050562136601354 0.00082404983335017325 -0.0024461823566970338 -2.117049584579756e-05 -0.0028872075996851203 0.00059269591166000027 -3.1920914970030161e-05
leaf_weight=32 20 25 25 26 39 20 24 22 67 134 20 20
leaf_count=32 20 25 25 26 39 20 24 22 67 134 20 20
internal_value=0.000128475 0.000440692 0.000940367 0.00128072 0.000733083 0.00014214 -0.000189004 0.000534188 -0.000124114 -0.000380086 -7.57577e-05 -0.00035877
internal_weight=474 242 130 105 79 59 232 46 112 186 52 87
internal_count=474 242 130 105 79 59 232 46 112 186 52 87
is_linear=0
shrinkage=0.01


Tree=757
num_leaves=11
num_cat=0
split_feature=54 3 7 6 97 1 97 28 77 17
split_gain=0.927033 0.692202 0.683355 0.438414 0.227525 0.271429 0.5498 0.696176 0.23955 0.1353
threshold=0.99999999650000004 0.38175402400000008 0.48887542850000004 0.54994721450000006 22.484581360000004 0.22754983300000001 26.397590145000006 3.8714286770000004 -1.2885714164999997 0.69985503550000006
decision_type=2 2 2 2 10 2 10 2 2 2
left_child=1 2 -1 4 -2 9 7 -7 -8 -6
right_child=3 -3 -4 -5 5 6 8 -9 -10 -11
leaf_value=3.923371808558845e-05 -0.00090758958587705508 -2.2081078931441787e-05 0.00054165113332886236 0.00018445272199734845 -0.00084569443707972259 -6.4996245598554601e-07 0.00033019685186520267 0.00038265615839504918 -0.00056253462891594141 0.00024772183980508177
leaf_weight=31 115 21 39 38 88 21 22 22 56 20
leaf_count=31 115 21 39 38 88 21 22 22 56 20
internal_value=0.000214225 0.00111656 0.00159605 0 -0.000116009 5.87466e-05 0.000389983 0.00128995 -8.88326e-05 -0.000294118
internal_weight=473 91 70 382 344 229 121 43 78 108
internal_count=473 91 70 382 344 229 121 43 78 108
is_linear=0
shrinkage=0.01


Tree=758
num_leaves=12
num_cat=0
split_feature=82 12 18 53 19 60 6 1 84 30 12
split_gain=0.732891 0.682101 0.736399 0.870248 1.20767 0.240916 0.232318 0.204928 0.12477 0.205742 0.118856
threshold=6.9485713785000014 0.7000740000000002 0.70545036450000009 0.70000001750000018 53.315000000000005 4.7000002860000007 0.54869635750000012 0.26989957150000005 15.865714275000002 2.2714285765000004 0.74631739300000011
decision_type=2 2 2 2 2 2 2 2 2 2 2
left_child=1 2 3 5 -5 -1 10 -7 -2 -10 -3
right_child=8 6 -4 4 -6 7 -8 -9 9 -11 -12
leaf_value=-0.0010332995383190765 -0.0008972203702654753 -4.8597271502945068e-05 0.0009016606615722695 -3.3253967388924028e-05 0.00015297004406755423 0.00016427328081898836 1.0642635070426542e-05 -5.9110537657272243e-06 0.00080226760742703668 -0.0012731851367207905 0.00067177415849506113
leaf_weight=48 139 81 21 27 22 21 20 24 20 29 22
leaf_count=48 139 81 21 27 22 21 20 24 20 29 22
internal_value=0.000149537 0.000470711 0.000894383 0.000609244 0.00167671 1.59914e-05 -7.67368e-05 0.000556768 -0.00032839 7.0281e-05 -0.000284201
internal_weight=474 286 163 142 49 93 123 45 188 49 103
internal_count=474 286 163 142 49 93 123 45 188 49 103
is_linear=0
shrinkage=0.01


Tree=759
num_leaves=11
num_cat=0
split_feature=21 96 3 4 29 65 4 19 19 0
split_gain=0.454766 0.466758 0.334998 0.765485 1.1228 0.427662 0.210374 0.158197 0.402076 0.0361382
threshold=2.1999999970000004 72.840353275000027 0.30978892850000006 0.31831735700000002 3.9428571630000007 35.074998855000011 0.29695514300000009 84.260000000000019 45.830000000000005 0.13454388900000003
decision_type=2 2 2 2 2 2 2 2 2 2
left_child=9 -2 3 6 -5 -4 -3 8 -7 -1
right_child=1 2 5 4 -6 7 -8 -9 -10 -11
leaf_value=-0.0033397737831266467 0.00075054764616344302 8.8166301284833639e-05 0.00032948219921222758 0.00087793807350704928 -0.001898899111076205 -3.3608336680476922e-05 -0.0044013072800385264 -1.872359825771123e-05 7.899092829820671e-05 3.9629157155385984e-05
leaf_weight=85 20 33 38 23 20 60 38 84 56 20
leaf_count=85 20 33 38 23 20 60 38 84 56 20
internal_value=0.000187317 0.000354077 0.000260771 0.000705575 0.00174658 3.76883e-05 3.48188e-05 -0.000139442 8.56163e-05 -0.000382798
internal_weight=477 372 352 114 43 238 71 200 116 105
internal_count=477 372 352 114 43 238 71 200 116 105
is_linear=0
shrinkage=0.01


Tree=760
num_leaves=10
num_cat=1
split_feature=99 26 83 98 73 50 56 28 39
split_gain=0.591972 0.725137 0.494563 0.504081 0.738232 0.308878 0.202125 0.149587 0.0779669
threshold=0 2.4428571715000005 6.4249999350000007 25.572599765000003 44.395000935000006 11.200000015000002 0.45000001000000006 4.1142857245000011 1.0000000180025095e-35
decision_type=1 2 2 10 2 2 2 2 2
left_child=7 2 3 6 -5 -6 -2 -1 -8
right_child=1 -3 -4 4 5 -7 8 -9 -10
leaf_value=-0.0007763604956856346 0.0001244303462560322 0.00080873796686937451 0.00062690798560420969 0.00021462015089613207 5.2053155140245734e-05 -2.1941395863352724e-05 9.476819097178908e-05 0.00091952596596552862 -0.00030799372064328474
leaf_weight=138 25 21 21 31 26 40 35 20 107
leaf_count=138 25 21 21 31 26 40 35 20 107
internal_value=0.000141996 0.000394571 0.000264171 0.000135952 0.000710634 7.48502e-05 -0.000187724 -0.000337678 -0.000343137
internal_weight=464 306 285 264 97 66 167 158 142
internal_count=464 306 285 264 97 66 167 158 142
cat_boundaries=0 1
cat_threshold=34670758
is_linear=0
shrinkage=0.01


Tree=761
num_leaves=12
num_cat=0
split_feature=74 67 52 4 8 42 83 27 64 16 4
split_gain=0.713928 0.961778 0.562423 0.805281 0.836536 0.287718 0.474993 0.138652 0.0888706 0.087495 0.0253349
threshold=55.810001375000006 34.149999140000013 0.90000000950000014 0.41889300000000002 0.5788952140000001 8.0500001680000022 4.7471428950000005 3.9428571970000008 2.1550002095000003 0.71712764300000009 0.36606088800000008
decision_type=2 2 2 2 2 2 2 2 2 2 2
left_child=5 2 -2 4 -4 7 9 -1 -9 -7 -3
right_child=1 10 3 -5 -6 6 -8 8 -10 -11 -12
leaf_value=0.00012397275575251561 -0.0014425651248411054 -7.8948316244124018e-05 6.5947120102718959e-05 2.4281395980633862e-05 0.00057870138969969508 -8.9815307927988941e-05 0.00017316254126931757 -2.6635637356527613e-05 -0.00059669706198420117 0.00027819118514529727 -0.0007817457860958473
leaf_weight=38 23 20 30 20 25 32 22 173 35 20 38
leaf_count=38 23 20 30 20 25 32 22 173 35 20 38
internal_value=0.000146812 0.00070153 0.00130567 0.00172164 0.00233871 -0.000118454 0.000414438 -0.000287682 -0.00039272 -7.57577e-05 -0.000289116
internal_weight=476 156 98 75 55 320 74 246 208 52 58
internal_count=476 156 98 75 55 320 74 246 208 52 58
is_linear=0
shrinkage=0.01


Tree=762
num_leaves=9
num_cat=0
split_feature=33 65 81 65 4 4 45 11
split_gain=0.404599 0.375099 0.507662 0.284784 0.320474 0.51757 0.333825 0.0401794
threshold=4.4857142140000006 35.180000305000007 8.6528572015000016 39.369998935000005 0.32941557150000006 0.35026385750000005 3.8499999945000005 0.57157682150000011
decision_type=2 2 2 2 2 2 2 2
left_child=1 2 -1 7 -5 -6 -7 -3
right_child=-2 3 -4 4 5 6 -8 -9
leaf_value=-0.00068546678070519507 0.00018289798763543918 -0.00050559526795681241 0.00053242964287878076 -0.0009412919944892155 0.00084549539865904158 0.00033556450564584556 -4.6098051716643722e-05 -2.8217793023918347e-05
leaf_weight=34 34 20 39 56 26 60 52 129
leaf_count=34 34 20 39 56 26 60 52 129
internal_value=0.000139751 4.79845e-05 0.000697832 -8.58058e-05 0.000159137 0.000425072 0.000106383 -0.000417223
internal_weight=450 416 73 343 194 138 112 149
internal_count=450 416 73 343 194 138 112 149
is_linear=0
shrinkage=0.01


Tree=763
num_leaves=13
num_cat=0
split_feature=52 18 2 50 52 19 64 6 53 6 0 0
split_gain=0.602341 0.523827 1.21343 0.348931 0.343921 0.279279 0.521615 0.180261 0.146909 0.170356 0.0226349 0.0166011
threshold=9.9000000020000023 0.68323078550000005 0.26398846450000008 10.650000100000002 6.4500000475000006 45.065000000000005 2.1550002095000003 0.48071842850000007 0.35000000900000006 0.46764478550000005 0.22295579150000003 0.13379374000000002
decision_type=2 2 2 2 2 2 2 2 2 2 2 2
left_child=1 3 -3 7 -5 11 -7 -1 -2 10 -10 -6
right_child=8 2 -4 4 5 6 -8 -9 9 -11 -12 -13
leaf_value=1.0561117549706511e-05 -0.0030193915579590658 0.0014702354542631213 -0.00010960624671669885 -0.0010600685801407726 -0.00034562499723105435 1.7968988739680114e-06 0.00038824029674842416 0.00015351042846028568 -3.9786732185336878e-05 7.2035356683162211e-05 -4.7810902953808234e-06 -0.0013557413741210206
leaf_weight=21 104 20 23 65 20 64 22 20 20 33 32 22
leaf_count=21 104 20 23 65 20 64 22 20 20 33 32 22
internal_value=0.000203513 0.00050216 0.00151826 0.000302385 0.000110939 0.000419255 0.000748848 0.00113636 -0.00022392 6.41024e-05 -0.000265152 -0.00021028
internal_weight=466 277 43 234 193 128 86 41 189 85 52 42
internal_count=466 277 43 234 193 128 86 41 189 85 52 42
is_linear=0
shrinkage=0.01


Tree=764
num_leaves=9
num_cat=1
split_feature=99 15 15 29 83 83 15 64
split_gain=0.477117 0.523001 0.547414 0.298293 0.379816 0.42926 0.265389 0.131089
threshold=0 0.59966028550000006 0.62680950000000013 3.3285714215000004 4.957142825500001 5.0464286200000013 0.75473470250000008 0.3850002285000001
decision_type=1 2 2 2 2 2 2 2
left_child=7 -2 -3 -4 6 -6 -5 -1
right_child=1 2 3 4 5 -7 -8 -9
leaf_value=4.7884645805583873e-05 -0.0023372677047212012 0.00086153627878578708 3.106567736330995e-06 -1.6581361942456295e-05 0.00012602833346270551 6.4189596145675608e-05 0.0020723591582590441 -0.0016745232985337709
leaf_weight=22 60 28 24 94 24 94 20 117
leaf_count=22 60 28 24 94 24 94 20 117
internal_value=0.000158123 0.00035513 0.000547753 0.000389408 0.000266323 0.000664983 -0.000130662 -0.00031709
internal_weight=483 344 284 256 232 118 114 139
internal_count=483 344 284 256 232 118 114 139
cat_boundaries=0 1
cat_threshold=13634690
is_linear=0
shrinkage=0.01


Tree=765
num_leaves=11
num_cat=0
split_feature=48 98 64 12 43 53 12 11 83 15
split_gain=1.08318 0.41124 0.377827 0.807227 0.394698 0.147144 0.334682 0.80464 0.154246 0.175454
threshold=8.499999821500003 28.279382665000004 0.52500009550000015 0.67064585700000012 1.2000000215000002 0.50000001100000013 0.70907752400000013 0.66067950000000009 6.4249999350000007 0.58861735700000006
decision_type=2 10 2 2 2 2 2 2 2 2
left_child=1 2 3 4 -1 8 7 -7 -4 -10
right_child=-2 -3 5 -5 -6 6 -8 -9 9 -11
leaf_value=-7.6221123563206868e-05 0.00014530244118144022 0.00024960743812099624 -0.0011586767454098549 -6.0753237884504541e-05 0.00062462311424777545 -9.7235818575700889e-06 -1.415750080908148e-05 0.00014604255766574432 -0.0044609326468514092 0.00065828112662618939
leaf_weight=22 36 26 142 39 28 52 55 21 21 20
leaf_count=22 36 26 142 39 28 52 55 21 21 20
internal_value=0.000252809 0.000105436 1.996e-05 0.000595768 0.00143701 -0.000139513 0.000108696 0.000562331 -0.000323722 0.000179426
internal_weight=462 426 400 89 50 311 128 73 183 41
internal_count=462 426 400 89 50 311 128 73 183 41
is_linear=0
shrinkage=0.01


Tree=766
num_leaves=12
num_cat=0
split_feature=17 15 10 7 10 5 8 97 24 48 6
split_gain=0.577219 1.55171 1.02053 0.310986 0.220164 0.144146 0.350455 0.470977 0.133333 0.0840362 0.175454
threshold=0.68784068600000015 0.7266769525000002 0.61027080950000012 0.63897342850000005 0.48367490500000004 0.40333207150000006 0.60041385750000009 23.193183440000002 1.8714285665000003 3.4000000435000004 0.50787407150000008
decision_type=2 2 2 2 2 2 2 10 2 2 2
left_child=3 2 -2 4 -1 -6 7 -7 -8 10 -3
right_child=1 9 -4 -5 5 6 8 -9 -10 -11 -12
leaf_value=8.7212960908405083e-05 0.00069155477082285643 0.0020522198012922969 0.00028943595069478174 0.00023785061173027644 -0.0015973824936371054 -0.00034281010889847144 -1.6579810602047957e-05 0.00035373846149357749 7.1622119265925708e-05 -3.6969375442488396e-05 -0.00012508033722521088
leaf_weight=21 25 20 23 25 126 29 102 20 21 40 21
leaf_count=21 25 20 23 25 126 29 102 20 21 40 21
internal_value=0.000150907 0.000720339 0.00213115 -5.80048e-05 -0.00014853 -0.00022423 -2.31483e-05 0.000672691 -0.000319063 -0.000103912 0.000179426
internal_weight=473 129 48 344 319 298 172 49 123 81 41
internal_count=473 129 48 344 319 298 172 49 123 81 41
is_linear=0
shrinkage=0.01


Tree=767
num_leaves=13
num_cat=1
split_feature=75 4 72 7 99 13 16 50 4 50 7 4
split_gain=1.06742 0.852997 1.02173 0.460253 0.239347 0.524311 0.996726 0.22541 0.0763575 0.0530172 0.085414 0.0235968
threshold=68.269999505000015 0.41138964250000004 81.93999958000002 0.40947400000000006 0 0.70413320850000016 0.69752910700000015 11.099999805000001 0.34551783350000004 19.549999880000005 0.53728185750000013 0.37315550000000003
decision_type=2 2 2 2 1 2 2 2 2 2 2 2
left_child=3 2 -2 -1 5 6 -5 8 -6 -9 -11 -7
right_child=1 -3 -4 4 7 11 -8 9 -10 10 -12 -13
leaf_value=0.0011081643215177745 0.0004052310100168241 -0.00036501637971792075 8.0439539163092116e-06 -0.0015273337132480642 0.00071176334959563447 -0.00017233141940172086 0.00019746012929623954 -2.9424974619795199e-05 -9.8146940690038148e-06 -0.00055401325244863655 0.00031127491016064434 4.3957565771511745e-05
leaf_weight=26 27 26 21 27 20 34 20 134 20 43 42 20
leaf_count=26 27 26 21 27 20 34 20 134 20 43 42 20
internal_value=0.000256076 0.00135027 0.00213115 3.87796e-05 -4.98893e-05 0.00033542 0.00114017 -0.000213121 0.000441176 -0.000352593 -0.000122378 -0.000273723
internal_weight=460 74 48 386 360 101 47 259 40 219 85 54
internal_count=460 74 48 386 360 101 47 259 40 219 85 54
cat_boundaries=0 1
cat_threshold=134481936
is_linear=0
shrinkage=0.01


Tree=768
num_leaves=12
num_cat=0
split_feature=16 15 16 15 15 10 16 38 6 10 2
split_gain=0.425721 0.635601 0.846852 0.587829 0.606235 0.438515 0.360657 0.374371 0.15015 0.0656186 0.0375363
threshold=0.5855260000000001 0.7266769525000002 0.67720392850000011 0.70211948550000014 0.71552185750000008 0.61552528600000012 0.61373490450000012 6.0142857350000005 0.4833077380000001 0.66171585750000006 0.34154676800000006
decision_type=2 2 2 2 2 2 2 2 2 2 2
left_child=10 2 6 5 -5 -4 7 -2 -8 -3 -1
right_child=1 9 3 4 -6 -7 8 -9 -10 -11 -12
leaf_value=-0.0053232460333347657 -9.819958673763709e-06 4.3500915801008753e-06 0.00072775028359134441 -1.1151575038460403e-05 0.00027864454502944636 8.9849144023674117e-05 -0.00085627650146985186 0.00079658302219041629 5.6855913236012816e-05 -1.4860320786665689e-05 -0.00041654435058891633
leaf_weight=97 22 37 24 38 25 20 76 20 35 80 20
leaf_count=97 22 37 24 38 25 20 76 20 35 80 20
internal_value=0.000123282 0.000289836 0.000567485 0.00124768 0.0005721 0.00214286 7.47723e-05 0.000864486 -0.000210197 -0.000309847 -0.000394737
internal_weight=494 377 260 107 63 44 153 42 111 117 117
internal_count=494 377 260 107 63 44 153 42 111 117 117
is_linear=0
shrinkage=0.01


Tree=769
num_leaves=10
num_cat=0
split_feature=40 30 98 44 18 44 19 5 5
split_gain=0.78953 0.353911 0.308961 0.341738 0.422764 0.373417 0.182766 0.204675 0.0400475
threshold=2.3500000235000003 2.0142857265000003 15.62283908 8.1000000090000022 0.63711014300000013 3.6999999880000005 72.335000000000008 0.37527847650000007 0.30420635700000004
decision_type=2 2 10 2 2 2 2 2 2
left_child=1 -1 8 4 5 -4 7 -5 -3
right_child=-2 2 3 6 -6 -7 -8 -9 -10
leaf_value=0.00012377264799760763 9.7864215756383774e-06 -0.0019191933674379148 0.0004222385785291074 -0.0069081807171397138 0.00037431964211634248 -0.00040290920819577146 -1.0373926456761047e-05 0.00021584532152060191 -0.0011195535429659508
leaf_weight=21 24 20 21 31 33 54 81 54 127
leaf_count=21 24 20 21 31 33 54 81 54 127
internal_value=0.000117823 1.58084e-05 -4.38598e-05 0.000149199 0.000588235 0.000138522 -0.000125899 0.000180653 -0.000416103
internal_weight=466 442 421 274 108 75 166 85 147
internal_count=466 442 421 274 108 75 166 85 147
is_linear=0
shrinkage=0.01


Tree=770
num_leaves=11
num_cat=0
split_feature=96 38 96 83 13 63 50 7 43 0
split_gain=0.381797 0.873158 0.314048 0.556415 0.43797 0.341319 0.159656 0.473316 0.10645 0.0662955
threshold=77.303394425000008 5.5285714355000009 90.379090275000024 5.7557143145000014 0.64246213350000014 2.8150000575000003 11.149999985000003 0.5607209285000001 0.65000000600000007 0.068555750000000013
decision_type=2 2 2 2 2 2 2 2 2 2
left_child=1 9 -2 4 5 -4 7 -6 -8 -1
right_child=2 -3 3 -5 6 -7 8 -9 -10 -11
leaf_value=0.00066518780216291544 -0.00072543870242003459 0.00082616188303774824 0.00066397917998642754 0.00041801616353108364 5.7722885555768683e-05 -0.00046824855066116163 1.6255517533676348e-05 -1.4997566184954491e-05 -3.3802549094886055e-05 -0.00015401227703191144
leaf_weight=20 96 23 26 21 36 21 23 42 138 22
leaf_count=20 96 23 26 21 36 21 23 42 138 22
internal_value=0.000136519 0.000843465 1.6097e-05 0.000177063 5.23011e-05 0.000930962 -0.000114679 0.000241117 -0.000299753 0
internal_weight=468 65 403 307 286 47 239 78 161 42
internal_count=468 65 403 307 286 47 239 78 161 42
is_linear=0
shrinkage=0.01


Tree=771
num_leaves=11
num_cat=0
split_feature=18 15 96 97 9 14 11 60 16 0
split_gain=0.751726 1.01899 0.91897 0.544482 0.634479 0.655698 0.305581 0.248121 0.123258 0.0186605
threshold=0.55706690500000011 0.72758228550000015 131.19284590000004 21.763161570000005 0.59532512500000012 0.61045671450000005 0.67704764300000009 3.8150005340000006 0.75413885700000016 0.13910420850000002
decision_type=2 2 2 10 2 2 2 2 2 2
left_child=7 2 3 9 5 -5 -6 -1 -3 -2
right_child=1 8 -4 4 6 -7 -8 -9 -10 -11
leaf_value=1.6788957875935958e-05 -0.0029187182046717442 -1.8309596162989347e-05 0.00022840882330737316 0.0007547793665793769 7.9784281456904882e-05 -0.00093093387013752247 0.00016858058756717657 -0.0017653651009557954 0.0018824446139552506 -0.0010495483930173723
leaf_weight=27 20 77 27 21 23 37 20 146 21 25
leaf_count=27 20 77 27 21 23 37 20 146 21 25
internal_value=0.000193345 0.000524282 0.000986766 0.000647139 0.00105599 0.000323129 0.00197489 -0.000313579 -0.000273279 -0.000229258
internal_weight=444 271 173 146 101 58 43 173 98 45
internal_count=444 271 173 146 101 58 43 173 98 45
is_linear=0
shrinkage=0.01


Tree=772
num_leaves=12
num_cat=0
split_feature=54 15 16 16 16 15 55 22 96 0 24
split_gain=0.708583 0.853782 1.39145 0.66232 0.424162 0.647653 0.923287 0.382078 0.176221 0.11645 0.0403079
threshold=1.1000000200000002 0.71443285700000014 0.67248635700000015 0.63831342850000017 0.66402850000000013 0.72790397600000012 4.3500000200000004 1.8142857125000003 66.85331105500002 0.091837021000000005 1.885714297
decision_type=2 2 2 2 2 2 2 2 2 2 2
left_child=1 2 3 -1 8 6 -6 -8 -2 -7 -10
right_child=4 -3 -4 -5 5 9 7 -9 10 -11 -12
leaf_value=0.00016273903349879297 0.00048448286569299103 -2.6524771245776125e-05 0.00021483068264698167 -0.0018871219460366961 0.00023762672517428591 0.00025476756399067104 -6.8004932148528838e-05 4.7061660640515582e-05 -0.0010715478157581257 -4.105000289009203e-05 1.7151425597386959e-05
leaf_weight=20 32 30 32 32 29 20 32 21 131 56 20
leaf_count=20 32 30 32 32 29 20 32 21 131 56 20
internal_value=0.00028631 0.000966899 0.00148585 0.000416667 5.11994e-05 0.000434509 0.00105072 0.000213755 -0.000269315 -0.000208333 -0.000418314
internal_weight=455 114 84 52 341 158 82 53 183 76 151
internal_count=455 114 84 52 341 158 82 53 183 76 151
is_linear=0
shrinkage=0.01


Tree=773
num_leaves=12
num_cat=0
split_feature=48 45 65 53 3 19 16 7 20 3 4
split_gain=0.607067 0.529481 0.796595 0.568594 0.46815 0.267357 0.55943 0.162233 0.228107 0.105772 0.0319177
threshold=3.2000000625000005 5.4999999555000008 35.265000345000011 0.75000000750000007 0.27244857150000007 40.900000000000013 0.66683814250000017 0.55351397600000019 0.74285715400000008 0.30306235700000006 0.39673885700000006
decision_type=2 2 2 2 2 2 2 2 2 2 2
left_child=7 2 -2 9 -5 6 -3 -1 -9 -4 -7
right_child=1 5 3 4 -6 10 -8 8 -10 -11 -12
leaf_value=-0.0012983370979107898 0.00054444599074336014 -0.0029442505455724265 0.0001060296500921741 -0.00094282949452834987 0.00093294748130898252 -0.00021398036550790821 5.1116681956521401e-05 -0.00039534551585240828 0.00060559709858550601 -2.9155705110461336e-05 -3.6506818259268447e-05
leaf_weight=115 36 22 20 21 37 60 20 30 29 45 20
leaf_count=115 36 22 20 21 37 60 20 30 29 45 20
internal_value=0.000198552 0.000487935 0.000866708 0.000456381 0.00117347 0 0.000630841 -0.000257437 0.00014214 -0.000159575 -0.000346535
internal_weight=455 281 159 123 58 122 42 174 59 65 80
internal_count=455 281 159 123 58 122 42 174 59 65 80
is_linear=0
shrinkage=0.01


Tree=774
num_leaves=13
num_cat=0
split_feature=87 7 98 16 26 43 14 11 10 96 49 0
split_gain=0.487374 0.519272 0.444571 0.725999 0.278287 0.364986 0.582717 0.353583 0.11629 0.0671776 0.0422785 0.0173151
threshold=8.4499999455000019 0.51548521400000014 22.556260485000003 0.69250814300000008 2.3142857000000006 4.3499998600000014 0.72629519050000013 0.63953471400000006 0.49315400000000004 129.71413260000003 19.549999775000003 0.27718218750000007
decision_type=2 2 10 2 2 2 2 2 2 2 2 2
left_child=1 2 3 -1 8 -6 7 -7 -2 10 -10 -3
right_child=4 11 -4 -5 5 6 -8 -9 9 -11 -12 -13
leaf_value=2.2977911938827547e-05 0.00049420308516330948 3.1504840397124228e-05 -0.00040399868458283121 5.7147402519014668e-05 -0.00062882447382648786 0.00075688559646891571 -8.280224757780384e-06 0.00079290004615688498 -0.0012777018025414977 -1.4891072374673058e-05 2.0933366499941084e-05 -0.0038441745924958832
leaf_weight=25 20 20 23 31 38 21 25 24 170 38 20 23
leaf_count=25 20 20 23 31 38 21 25 24 170 38 20 23
internal_value=8.14535e-05 0.000627036 0.00110902 0.00158451 -0.000100897 0.0003125 0.000748587 0.00143013 -0.000289389 -0.000358392 -0.000435011 -0.000216895
internal_weight=478 122 79 56 356 108 70 45 248 228 190 43
internal_count=478 122 79 56 356 108 70 45 248 228 190 43
is_linear=0
shrinkage=0.01


Tree=775
num_leaves=11
num_cat=0
split_feature=17 15 17 4 65 80 41 49 1 44
split_gain=0.599837 0.961833 1.33496 1.22866 0.746528 0.680202 0.239929 0.142342 0.0989064 0.0947822
threshold=0.56319950000000019 0.72705264250000012 0.68627167850000015 0.37817383350000006 35.470000265000003 6.0664286485000014 3.6000000570000004 22.750000020000005 0.22754983300000001 12.800000015000002
decision_type=2 2 2 2 2 2 2 2 2 2
left_child=7 2 3 6 -4 -5 -2 -1 -3 -8
right_child=1 8 4 5 -6 -7 9 -9 -10 -11
leaf_value=-0.0034877929560001241 0.00051922547229271189 -5.6153347482670841e-05 1.2940223958107178e-05 3.5535055531305016e-05 0.00049240595570958408 0.00012489923976993553 -0.0011948152268292415 0.00021329321242480353 -1.8369029948960497e-05 4.0686288010852055e-05
leaf_weight=108 20 26 23 21 31 26 82 20 82 27
leaf_count=108 20 26 23 21 31 26 82 20 82 27
internal_value=0.000246358 0.000469303 0.000836222 0.000395927 0.00220803 0.00176778 -9.63021e-05 -0.000326087 -0.000294118 -0.000295993
internal_weight=466 338 230 176 54 47 129 128 108 109
internal_count=466 338 230 176 54 47 129 128 108 109
is_linear=0
shrinkage=0.01


Tree=776
num_leaves=11
num_cat=1
split_feature=98 50 98 99 10 98 11 22 30 10
split_gain=0.636155 0.513073 0.518856 0.403075 0.647471 0.912756 0.419498 0.262211 0.461456 0.0264977
threshold=27.836040485000002 10.049999872500001 19.197317160000001 0 0.61875621450000018 24.812100180000005 0.68152635750000012 1.8285714135000002 2.2428571415000005 0.67107886300000008
decision_type=10 2 10 1 2 8 2 2 2 2
left_child=1 2 -1 4 -3 -6 -7 -5 9 -9
right_child=-2 3 -4 7 5 6 -8 8 -10 -11
leaf_value=0.00012854745877196157 0.00045207409668135168 -0.00042994914769382397 -3.1770553742135808e-06 -0.00043565199181515491 0.00072350792216991093 0.00015463034570819379 -0.00018571235510610678 -0.0016877766566151134 0.00062915123839976368 -7.8493146643256361e-06
leaf_weight=21 34 49 21 189 25 20 34 41 27 20
leaf_count=21 34 49 21 189 25 20 34 41 27 20
internal_value=0.000160855 5.47118e-05 0.00109813 -5.05176e-05 0.000389049 0.000983709 0.00020073 -0.00026581 0.000157658 -0.000299353
internal_weight=481 447 42 405 128 79 54 277 88 61
internal_count=481 447 42 405 128 79 54 277 88 61
cat_boundaries=0 1
cat_threshold=169908240
is_linear=0
shrinkage=0.01


Tree=777
num_leaves=11
num_cat=1
split_feature=99 77 15 18 98 2 5 3 42 29
split_gain=0.652677 0.95191 0.986437 0.461333 0.456681 0.596791 0.364657 0.588943 0.111086 0.0896811
threshold=0 1.0000000180025095e-35 0.65142042900000019 0.62823992900000014 26.400175465 0.26850164300000007 0.46976100000000004 0.38581578550000006 7.7000000550000012 4.5142856835000016
decision_type=1 2 2 2 10 2 2 2 2 2
left_child=-1 4 -3 -4 6 -6 8 -8 9 -2
right_child=1 2 3 -5 5 -7 7 -9 -10 -11
leaf_value=-1.3532483935029923e-05 -0.0015951792630350167 0.0007074099006955509 -1.514010081401247e-05 4.7971342746218538e-05 0.0010103433851696569 -1.8959942877052456e-07 0.00038599737196595067 -0.0001923335191416157 1.2235461988552646e-05 -0.0024043178927012068
leaf_weight=101 124 24 33 34 20 32 25 22 20 32
leaf_count=101 124 24 33 34 20 32 25 22 20 32
internal_value=0.000244763 0.000437898 0.00133442 0.000656342 0.000146845 0.000984848 -4.24487e-05 0.000721757 -0.000260181 -0.000357143
internal_weight=467 366 91 67 275 52 223 47 176 156
internal_count=467 366 91 67 275 52 223 47 176 156
cat_boundaries=0 1
cat_threshold=147915840
is_linear=0
shrinkage=0.01


Tree=778
num_leaves=10
num_cat=1
split_feature=99 30 23 15 23 49 85 41 31
split_gain=0.584531 0.617837 0.622577 0.796079 0.390145 0.540009 0.231739 0.162946 0.0372139
threshold=0 2.0500000035000006 1.8857142840000003 0.62904761900000017 1.6571428865000002 5.1499999055000005 13.919999940000002 3.5500000640000002 3.0928571480000007
decision_type=1 2 2 2 2 2 2 2 2
left_child=6 -2 3 -3 -5 -6 8 -4 -1
right_child=1 2 7 4 5 -7 -8 -9 -10
leaf_value=-0.00083514945999098853 0.00016847282919718761 0.00073731618137700804 0.00043046584646266422 -0.00054973124366919596 0.00032245346518093798 2.2016762424769905e-05 0.0005178213274049518 -0.0014187248187957596 -1.5344074715736359e-05
leaf_weight=94 20 21 31 30 20 126 38 64 20
leaf_count=94 20 21 31 30 20 126 38 64 20
internal_value=0.000357143 0.000594795 0.000484973 0.00080637 0.000565611 0.000783379 -0.00014742 -0.000161796 -0.000391986
internal_weight=464 312 292 197 176 146 152 95 114
internal_count=464 312 292 197 176 146 152 95 114
cat_boundaries=0 1
cat_threshold=9503843
is_linear=0
shrinkage=0.01


Tree=779
num_leaves=11
num_cat=0
split_feature=16 14 14 43 28 0 4 37 28 7
split_gain=0.707773 0.833849 1.10007 0.627652 0.65671 0.276479 0.530522 0.181578 0.13488 0.0365163
threshold=0.5855260000000001 0.71195683350000005 0.70419535700000013 14.099999935000001 4.1071428060000015 0.12457735400000002 0.33673492850000003 4.5785714045000008 4.028571469500001 0.59024792850000007
decision_type=2 2 2 2 2 2 2 2 2 2
left_child=9 2 3 4 7 6 -3 -2 -7 -1
right_child=1 5 -4 -5 -6 8 -8 -9 -10 -11
leaf_value=-0.0045504150539800257 3.2168223295231346e-05 -5.7103854551279726e-05 0.00011879578239827931 0.00073740301345230608 0.00062080734016743081 -1.2626297918646345e-05 0.00019522752056643855 -6.1550550354994947e-06 9.8455687968917733e-05 -0.00040140070215193197
leaf_weight=88 42 25 25 38 26 87 28 56 20 20
leaf_count=88 42 25 25 38 26 87 28 56 20 20
internal_value=0.000308249 0.000530477 0.000982428 0.000657248 0.000288461 0 0.000585502 -7.08503e-05 -0.000292208 -0.00038603
internal_weight=455 347 187 162 124 160 53 98 107 108
internal_count=455 347 187 162 124 160 53 98 107 108
is_linear=0
shrinkage=0.01


Tree=780
num_leaves=13
num_cat=0
split_feature=16 14 13 96 13 97 3 26 70 3 1 0
split_gain=0.572817 1.26889 0.901914 0.72818 0.650728 0.377888 0.244659 0.15677 0.293219 0.0763575 0.0394822 0.0221279
threshold=0.67248635700000015 0.71294128600000006 0.69911260850000012 87.722254155000016 0.65538733350000011 31.599505230000002 0.35729614250000002 2.2999999945000007 62.225000385000008 0.37915714300000009 0.14147721450000003 0.25436704900000001
decision_type=2 2 2 2 2 10 2 2 2 2 2 2
left_child=5 2 4 -3 -2 7 -5 10 11 -8 -1 -9
right_child=1 3 -4 6 -6 -7 9 8 -10 -11 -12 -13
leaf_value=-0.0017812407653668347 0.00081760549990694516 0.00015919124055797034 0.00012326291657570432 -6.3777793800372774e-06 1.04411889156945e-05 0.00035272916867590655 0.00036567739359606168 -0.0018553978855594001 0.00068468813266243944 -2.1623930231497655e-05 -0.0008738089875217148 -0.00036731953032660496
leaf_weight=20 20 20 22 92 35 23 20 31 24 20 119 20
leaf_count=20 20 20 22 92 35 23 20 31 24 20 119 20
internal_value=0.000267781 0.000624456 0.00166452 7.85339e-05 0.000905018 -6.93862e-05 -0.000180723 -0.000209497 0.000138522 0.000441176 -0.000411302 -0.000260618
internal_weight=466 229 77 152 55 237 132 214 75 40 139 51
internal_count=466 229 77 152 55 237 132 214 75 40 139 51
is_linear=0
shrinkage=0.01


Tree=781
num_leaves=11
num_cat=0
split_feature=60 51 90 16 16 15 16 65 62 44
split_gain=0.556588 0.365184 0.301633 0.227037 0.800747 0.229456 0.545487 0.129923 0.179847 0.0412264
threshold=1.7350001335000003 58.250000580000005 18.592142785000004 0.66522328550000009 0.68154645200000008 0.72790397600000012 0.69948014300000005 41.059999945000008 0.40499973300000003 12.700000025000003
decision_type=2 2 2 2 2 2 2 2 2 2
left_child=2 3 -1 7 -5 6 -6 9 -9 -2
right_child=1 -3 -4 4 5 -7 -8 8 -10 -11
leaf_value=0.00011844066547726579 -0.0019006494933439969 0.00047586667006982485 0.00014069433527157013 0.00025640088145103223 -1.0139046508824358e-05 -2.2460953319436387e-05 6.3012963983165413e-05 -0.0053476090104608966 0.0012410562455724705 -0.00072489834819515291
leaf_weight=23 147 21 24 24 46 77 42 22 20 20
leaf_count=23 147 21 24 24 46 77 42 22 20 20
internal_value=0.000117823 0 0.00114017 -6.77032e-05 0.000176501 -6.33294e-05 0.00027027 -0.000297903 0.000163551 -0.000426103
internal_weight=466 419 47 398 189 165 88 209 42 167
internal_count=466 419 47 398 189 165 88 209 42 167
is_linear=0
shrinkage=0.01


Tree=782
num_leaves=9
num_cat=0
split_feature=4 4 96 54 98 83 60 26
split_gain=0.607514 1.05885 0.611242 0.365536 0.357807 0.199384 0.534211 0.123923
threshold=0.32941557150000006 0.34065642850000005 80.470452420000015 0.50000000750000007 22.781460930000005 4.957142825500001 3.1849999425000006 2.1285714335000008
decision_type=2 2 2 2 8 2 2 2
left_child=7 -2 -3 4 -4 -5 -7 -1
right_child=1 2 3 5 -6 6 -8 -9
leaf_value=4.0766602496238964e-05 0.00069746155426203256 0.0004440618699984184 0.00054153898153807254 -0.00012009973429103083 -1.3326406763555117e-06 0.00014214059342634969 -3.3325954658680453e-05 -0.0016575652543502114
leaf_weight=24 34 20 20 93 21 24 100 137
leaf_count=24 34 20 20 93 21 24 100 137
internal_value=0.000129801 0.000390025 0.000175753 3.47758e-05 0.000897129 -0.000121671 0.000128205 -0.000361558
internal_weight=473 312 278 258 41 217 124 161
internal_count=473 312 278 258 41 217 124 161
is_linear=0
shrinkage=0.01


Tree=783
num_leaves=12
num_cat=0
split_feature=18 23 97 15 5 97 10 53 28 1 1
split_gain=0.475488 0.92558 0.683036 0.592123 0.542188 0.312327 0.202491 0.149648 0.0534118 0.0710918 0.04079
threshold=0.5649183095000001 1.8071428450000002 23.154861850000007 0.72758228550000015 0.37716700000000009 27.772760855000005 0.57251321450000014 0.40000000950000009 3.8785714760000007 0.26147050000000005 0.30522864250000009
decision_type=2 2 10 2 2 8 2 2 2 2 2
left_child=7 5 6 4 -4 8 -3 10 -2 -10 -1
right_child=1 2 3 -5 -6 -7 -8 -9 9 -11 -12
leaf_value=-0.00086289007116252894 -2.0683813151795609e-06 0.00044329034986686833 0.00010015787050717657 -0.00040811250703546382 0.00068353949026747087 5.6300969863138883e-05 -1.0049208639575321e-05 9.8729669831133237e-05 1.2705133569156664e-05 -5.0107738359066074e-05 1.0697960326514212e-05
leaf_weight=139 90 20 23 23 21 29 28 37 20 24 20
leaf_count=139 90 20 23 23 21 29 28 37 20 24 20
internal_value=8.6352e-05 0.000355093 0.00104059 0.00168879 0.00236607 -0.000119048 8.19671e-05 -0.000284553 -0.000333828 -1.17081e-10 -0.000422403
internal_weight=474 278 115 67 44 163 48 196 134 44 159
internal_count=474 278 115 67 44 163 48 196 134 44 159
is_linear=0
shrinkage=0.01


Tree=784
num_leaves=13
num_cat=1
split_feature=99 85 98 65 60 13 11 23 64 4 4 0
split_gain=0.540247 0.855978 1.11081 1.0916 0.233042 0.413063 1.07447 0.23955 0.211874 0.0375363 0.032135 0.0216024
threshold=0 13.565000025000002 21.593363450000002 35.265000345000011 3.7500004770000008 0.71023635000000007 0.66067950000000009 1.8142857295000001 1.4800000190000002 0.43778730950000005 0.26228385700000006 0.19250341700000004
decision_type=1 2 10 2 2 2 2 2 2 2 2 2
left_child=9 4 3 -3 5 6 8 -7 -2 -1 -6 -5
right_child=1 2 -4 11 10 7 -8 -9 -10 -11 -12 -13
leaf_value=-1.5272839471483103e-05 0.00043606175205317853 0.00056945645297043479 0.00075546686966633829 -0.0090844739703681617 -0.0017198703967766552 -2.0054931123825431e-05 0.00012308740401105827 2.154415936085687e-05 -0.0008227118677082251 1.352624644786818e-05 -0.0018108239073990221 -0.0002728033141981232
leaf_weight=97 20 29 20 20 20 65 20 23 31 20 61 30
leaf_count=97 20 29 20 20 20 65 20 23 31 20 61 30
internal_value=0.000197023 0.00039594 0.00118737 0.000607769 7.47507e-05 0.000303504 0.000870473 -0.000135135 4.82624e-05 -0.00036385 -0.000348411 -0.000255906
internal_weight=456 339 99 79 240 159 71 88 51 117 81 50
internal_count=456 339 99 79 240 159 71 88 51 117 81 50
cat_boundaries=0 1
cat_threshold=180427268
is_linear=0
shrinkage=0.01


Tree=785
num_leaves=10
num_cat=0
split_feature=18 55 6 83 15 97 12 15 1
split_gain=0.508922 0.252395 0.762586 0.278087 0.494548 0.359477 0.533318 0.391214 0.039407
threshold=0.70722607100000012 0.80000001550000011 0.47981021450000005 4.957142825500001 0.60295828550000008 26.220461355000005 0.71010792850000015 0.62553703550000017 0.21896233300000004
decision_type=2 2 2 2 2 8 2 2 2
left_child=1 2 -1 8 -5 7 -7 -6 -3
right_child=-2 3 -4 4 5 6 -8 -9 -10
leaf_value=0.00043927366460120155 0.00018634108815947847 1.7097514262665038e-06 -0.00037056475027433819 -0.0053241209286483751 0.00083862337868037746 0.00036497141803317422 -1.274353668179916e-05 -4.0649554352169491e-06 -6.8769245981735603e-06
leaf_weight=22 39 20 25 85 21 45 27 84 118
leaf_count=22 39 20 25 85 21 45 27 84 118
internal_value=0.000133525 3.23804e-05 0.000721757 -4.49103e-05 0.000140791 0.000447131 0.000989011 5.19848e-05 -0.000410663
internal_weight=486 447 47 400 262 177 72 105 138
internal_count=486 447 47 400 262 177 72 105 138
is_linear=0
shrinkage=0.01


Tree=786
num_leaves=12
num_cat=1
split_feature=99 44 15 15 10 13 73 13 50 3 19
split_gain=0.599176 0.529318 0.53003 2.11448 0.314771 0.669511 0.990206 0.502036 0.346387 0.0615385 0.0343882
threshold=0 3.0999999795000006 0.62680950000000013 0.59966028550000006 0.64347714300000014 0.71684469600000011 49.405000690000008 0.62350495000000017 11.200000095000002 0.28609414300000008 115.96000000000002
decision_type=1 2 2 2 2 2 2 2 2 2 2
left_child=-1 -2 3 9 7 6 -6 -4 -7 -3 -9
right_child=1 2 4 -5 5 8 -8 10 -10 -11 -12
leaf_value=-1.2163846929915991e-05 -0.0078362064593029308 7.5214362028675039e-05 8.7114397377651001e-05 0.0012287241912481972 0.00017759549505109204 0.00031693622042342162 5.7775082017869548e-05 -0.00064459317312913099 -3.8089989963571447e-06 -0.0020421997754966736 -6.6577538462730308e-07
leaf_weight=108 59 20 20 22 20 32 25 73 59 20 20
leaf_count=108 59 20 20 22 20 32 25 73 59 20 20
internal_value=0.000185881 0.000375525 0.000553239 0.00138535 0.000334267 0.000657895 0.00164847 -3.95432e-05 0.000136165 0 -0.000367804
internal_weight=478 370 311 62 249 136 45 113 91 40 93
internal_count=478 370 311 62 249 136 45 113 91 40 93
cat_boundaries=0 1
cat_threshold=46206468
is_linear=0
shrinkage=0.01


Tree=787
num_leaves=12
num_cat=0
split_feature=19 51 64 97 1 11 33 2 26 36 1
split_gain=0.475227 1.02 0.369415 0.538289 0.313952 0.235008 0.23979 0.185465 0.128533 0.0429746 0.015083
threshold=19.550000000000001 0.60000001250000012 2.1550002095000003 23.530456615000002 0.22566653550000002 0.57076278550000015 4.2571428160000009 0.27639864250000007 2.4785714150000007 3.4285714120000006 0.1746512855
decision_type=2 2 2 8 2 2 2 2 2 2 2
left_child=1 10 5 -4 -5 -2 8 -8 9 -7 -1
right_child=2 -3 3 4 -6 6 7 -9 -10 -11 -12
leaf_value=-0.0076334654956084656 0.00029004767719796224 0.0013312345154816222 -0.0038898498037702733 3.0910909400235631e-05 0.00046694790136231931 -6.7913443140914979e-07 -0.0013956535338408688 0.00031979055141367018 -2.6955754262414827e-05 -1.1968734641817788e-05 0.00042785336853207401
leaf_weight=20 32 38 24 20 20 20 31 25 22 189 20
leaf_count=20 32 38 24 20 20 20 31 25 22 189 20
internal_value=0.000167821 0.000875634 1.69358e-05 0.000709876 0.00142157 -0.000117261 -0.00021369 0.000352113 -0.000360224 -0.000440896 -0.000196079
internal_weight=461 78 383 64 40 319 287 56 231 209 40
internal_count=461 78 383 64 40 319 287 56 231 209 40
is_linear=0
shrinkage=0.01


Tree=788
num_leaves=9
num_cat=0
split_feature=56 96 1 2 5 96 17 0
split_gain=0.624968 0.283763 0.279929 0.146902 0.455112 0.311533 0.63577 0.04079
threshold=0.40000000950000009 66.85331105500002 0.25807064250000006 0.30255309500000011 0.46517602400000008 128.40702310000003 0.69393428550000003 0.23388037500000003
decision_type=2 2 2 2 2 2 2 2
left_child=2 -2 -1 4 5 7 -7 -3
right_child=1 3 -4 -5 -6 6 -8 -9
leaf_value=0.00015824409137751551 0.00079333089384372155 -0.0010110274555545635 0.00020895399110465286 -2.9136890574320666e-05 0.00046227842234869784 -0.0003541848120281845 4.9638026876367981e-05 -0.00032508895597253867
leaf_weight=25 29 139 35 133 20 29 20 20
leaf_count=25 29 139 35 133 20 29 20 20
internal_value=6.65472e-06 -0.000135619 0.000953947 -0.000216971 -5.24477e-05 -0.00020115 0.000471887 -0.000422403
internal_weight=450 390 60 361 228 208 49 159
internal_count=450 390 60 361 228 208 49 159
is_linear=0
shrinkage=0.01


Tree=789
num_leaves=13
num_cat=0
split_feature=17 15 54 19 1 66 29 15 50 4 28 17
split_gain=0.470995 1.08621 0.897136 1.21619 0.252842 0.229442 0.447528 0.32189 0.297715 0.483691 0.103734 0.0307473
threshold=0.67622035700000016 0.72790397600000012 0.80000000100000013 38.420000000000009 0.24388165700000003 29.420000075000004 4.3285714560000006 0.61458771400000012 17.299999775000007 0.37817383350000006 3.5642857210000005 0.55251757150000014
decision_type=2 2 2 2 2 2 2 2 2 2 2 2
left_child=5 2 -2 -4 -3 10 7 -7 9 -9 -1 -8
right_child=1 4 3 -5 -6 6 11 8 -10 -11 -12 -13
leaf_value=-1.5381589334433707e-06 -8.6189994182366549e-07 9.5964867113491793e-06 7.3182889874502107e-05 0.00020714207646801077 -0.00010164956913350821 0.00063408627323334812 -0.0054755581599614626 -0.0011140436601006578 -1.2005159347609566e-05 0.00024773116274006123 -0.000918433007068811 -6.2977300246035156e-06
leaf_weight=26 22 33 20 27 55 27 55 28 31 25 95 20
leaf_count=26 22 33 20 27 55 27 55 28 31 25 95 20
internal_value=0.00024957 0.000693916 0.00162607 0.0023954 -2.25226e-05 1.46198e-05 0.000240899 0.000648479 0.000306604 0.000771375 -0.000316092 -0.000336412
internal_weight=464 157 69 47 88 307 186 111 84 53 121 75
internal_count=464 157 69 47 88 307 186 111 84 53 121 75
is_linear=0
shrinkage=0.01


Tree=790
num_leaves=12
num_cat=0
split_feature=25 13 57 12 12 98 66 21 55 35 11
split_gain=0.635505 0.501085 0.343613 0.313942 1.1762 0.379679 0.203211 0.182751 0.216592 0.120361 0.0221279
threshold=1.9571428465000003 0.62013698350000002 0.60000001250000012 0.69622350000000011 0.67535481600000014 16.770745340000001 32.46999979000001 2.2999999775000002 4.9999999290000012 3.3714285920000004 0.69040714300000017
decision_type=2 2 2 2 2 10 2 2 2 2 2
left_child=1 -1 9 4 5 -4 -2 8 -5 -3 -9
right_child=6 2 3 7 -6 -7 -8 10 -10 -11 -12
leaf_value=0.00057054177235927412 -0.00086561907478131946 8.7939539167646693e-06 0.00011292576132688 0.00030089640510628292 2.589166823100495e-05 -1.0909065161367384e-05 0.00027208474429295937 2.9120264894665348e-05 -2.0182137714428627e-05 -0.00021728718818950939 -0.00012062196279204186
leaf_weight=31 139 20 22 20 27 37 32 20 23 61 31
leaf_count=31 139 20 22 20 27 37 32 20 23 61 31
internal_value=0.000164942 0.00045082 0.000296027 0.000542035 0.000979263 0.00014214 -0.000311409 0.000116034 0.000605023 -0.000226161 -0.000260618
internal_weight=463 292 261 180 86 59 171 94 43 81 51
internal_count=463 292 261 180 86 59 171 94 43 81 51
is_linear=0
shrinkage=0.01


Tree=791
num_leaves=13
num_cat=1
split_feature=16 99 9 9 22 50 62 10 21 97 22 1
split_gain=0.485691 0.488329 0.383668 0.62843 1.01646 0.759925 0.703323 0.614648 0.265862 0.212918 0.196281 0.0314669
threshold=0.59729738100000007 0 0.59532512500000012 0.66806697500000012 1.7928571275000003 11.200000015000002 1.0000000180025095e-35 0.54691578600000013 2.2999999775000002 28.979092055000006 1.7285714190000003 0.25584164250000002
decision_type=2 1 2 2 2 2 2 2 2 8 2 2
left_child=10 9 7 4 6 -5 -4 -3 -6 11 -1 -2
right_child=1 2 3 5 8 -7 -8 -9 -10 -11 -12 -13
leaf_value=0.00030424702221497346 -1.4712297102337704e-05 0.0011499615544667721 0.00035381362947710246 0.00028449441575264362 0.00013967993401707001 -0.00060390792571984387 0.00012071369116048272 -0.0015967434484099299 -4.3914500527216062e-05 0.00061636578984885354 -0.0045943054240989234 -9.889529451857881e-06
leaf_weight=29 20 24 40 20 21 47 22 51 32 22 83 58
leaf_count=29 20 24 40 20 21 47 22 51 32 22 83 58
internal_value=0.00034802 0.000529625 0.000744959 0.00102298 0.00147237 0.000213864 0.00234076 0.000138522 0.000399628 -7.22023e-05 -0.000212766 -0.00034264
internal_weight=469 357 257 182 115 67 62 75 53 100 112 78
internal_count=469 357 257 182 115 67 62 75 53 100 112 78
cat_boundaries=0 1
cat_threshold=144770180
is_linear=0
shrinkage=0.01


Tree=792
num_leaves=12
num_cat=0
split_feature=25 16 4 4 9 5 7 60 29 11 5
split_gain=0.669717 0.979029 0.523527 1.38443 0.557843 0.364375 0.803985 0.262835 0.0626822 0.0662955 0.029128
threshold=1.9571428595000002 0.62512791050000016 0.31831735700000002 0.34103814300000007 0.59954969150000015 0.42809138050000006 0.55995945250000012 3.4150004385000003 4.5142856835000016 0.63454135700000014 0.33002835700000005
decision_type=2 2 2 2 2 2 2 2 2 2 2
left_child=1 -1 10 4 -4 -5 -7 -2 -9 -10 -3
right_child=7 2 3 5 -6 6 -8 8 9 -11 -12
leaf_value=0.00017734108829849378 0.00015750390738992909 4.714817296503138e-05 2.2435869883847583e-05 -2.8105503072437707e-05 0.00061067228222359729 0.00011131912789722627 4.9000794840053583e-07 -0.0018228701808336587 0.00045679216626697222 -0.0039316431443928981 -0.0018316741412337449
leaf_weight=21 21 20 20 51 22 26 75 110 20 22 49
leaf_count=21 21 20 20 51 22 26 75 110 20 22 49
internal_value=0.000282874 0.000582865 0.000403715 0.000672484 0.00226636 0.000209424 0.000564833 -0.000198504 -0.000353403 0 -0.00032235
internal_weight=457 284 263 194 42 152 101 173 152 42 69
internal_count=457 284 263 194 42 152 101 173 152 42 69
is_linear=0
shrinkage=0.01


Tree=793
num_leaves=12
num_cat=1
split_feature=27 43 56 97 99 78 13 10 6 10 57
split_gain=0.607437 0.667596 0.441684 0.288348 0.283771 0.388639 0.551214 0.706203 0.258821 0.589145 0.0631133
threshold=4.1499999930000007 15.100000260000002 0.25000000350000007 25.560182840000007 0 7.8714285575000007 0.71684469600000011 0.61875621450000018 0.4920470715000001 0.67694209550000006 5.2500000040000012
decision_type=2 2 2 10 1 2 2 2 2 2 2
left_child=2 3 -1 -2 -4 8 7 -7 10 -10 -6
right_child=1 -3 4 -5 5 6 -8 -9 9 -11 -12
leaf_value=0.00048897573087061902 5.111682032214479e-05 -0.00038070554759543005 -0.00047819839465511592 0.00042344776095859862 -0.00058307550358135409 1.8682501315327021e-05 -0.00045361498468741247 0.00012112371627541456 0.00046339594431346777 -7.2376644736564382e-06 -0.00083505967606632399
leaf_weight=26 24 21 106 31 93 33 25 20 20 41 40
leaf_count=26 24 21 106 31 93 33 25 20 20 41 40
internal_value=0.000224626 0.00104167 6.42291e-05 0.00162186 -1.84795e-05 0.000148515 0.000748731 0.001329 -7.70022e-05 0.000444984 -0.000332586
internal_weight=480 76 404 55 378 272 78 53 194 61 133
internal_count=480 76 404 55 378 272 78 53 194 61 133
cat_boundaries=0 1
cat_threshold=12585987
is_linear=0
shrinkage=0.01


Tree=794
num_leaves=12
num_cat=0
split_feature=36 48 2 96 60 15 11 60 54 1 28
split_gain=0.576235 0.663137 0.581303 0.620639 0.749461 0.548238 0.390064 0.269311 0.148347 0.188056 0.100956
threshold=3.3714285750000004 4.0999999530000011 0.30904095200000009 95.700869215000012 4.1549997330000012 0.72981245250000015 0.64806171400000012 1.7350001335000003 1.8999999835000001 0.26564010700000007 4.0357143030000016
decision_type=2 2 2 2 2 2 2 2 2 2 2
left_child=5 7 3 -3 6 -1 -5 -2 9 -9 -4
right_child=1 2 10 4 -6 -7 -8 8 -10 -11 -12
leaf_value=0.00029851643597209661 0.00015129491136787264 -0.00018841532990956485 -4.1114078221762277e-06 -5.5963642717629754e-05 0.00063212184813991391 -0.00029403814357614212 5.2210560112801629e-05 0.00078545298628907251 -0.00024647270130257349 -4.3211949490163634e-05 0.00011673511317992233
leaf_weight=35 21 37 41 23 20 31 20 20 165 24 20
leaf_count=35 21 37 41 23 20 31 20 20 165 24 20
internal_value=0.000261031 0.000108474 0.000602596 0.00107143 0.00166928 0.00112275 0.000833333 -0.000229636 -0.000345567 0.000133928 -0.000137541
internal_weight=457 391 161 100 63 66 43 230 209 44 61
internal_count=457 391 161 100 63 66 43 230 209 44 61
is_linear=0
shrinkage=0.01


Tree=795
num_leaves=11
num_cat=0
split_feature=34 14 60 98 30 47 98 11 3 80
split_gain=0.597532 0.727066 0.508648 1.25456 0.566881 0.258686 0.569734 0.191897 0.123639 0.191897
threshold=5.8071428365000015 0.61241935750000009 2.1700005530000004 26.358944635000004 1.9785714320000001 0.15000000200000005 21.599211740000005 0.67704764300000009 0.32898228600000007 5.7335714020000008
decision_type=2 2 2 10 2 2 10 2 2 2
left_child=1 -1 3 -3 -4 -6 -7 -5 -2 -10
right_child=8 2 4 7 5 6 -8 -9 9 -11
leaf_value=0.00077378866356911293 -0.0039630710550092822 0.00010962031414135685 0.00017252229416701316 6.2017496038468397e-05 -0.00063098813871057869 2.6430965570634539e-05 -1.9903172022084347e-06 -0.00028723966275158382 0.00045358234101607639 -0.00078357492587149827
leaf_weight=20 102 21 22 20 83 38 95 25 20 25
leaf_count=20 102 21 22 20 83 38 95 25 20 25
internal_value=0.000238448 0.000480295 0.000347769 0.00112275 0.00012144 -2.76754e-05 0.000235426 0.000120087 -0.000280785 0.000120087
internal_weight=471 324 304 66 238 216 133 45 147 45
internal_count=471 324 304 66 238 216 133 45 147 45
is_linear=0
shrinkage=0.01


Tree=796
num_leaves=11
num_cat=0
split_feature=17 16 45 6 35 52 13 4 17 3
split_gain=0.664304 0.612027 0.817995 1.23392 0.299156 0.297282 0.242922 0.185426 0.113623 0.0166011
threshold=0.56319950000000019 0.62172791850000009 3.5999999940000005 0.47562464300000001 3.2499999660000003 21.649999845000004 0.63226336650000015 0.40653097650000009 0.6267665360000001 0.28831021450000011
decision_type=2 2 2 2 2 2 2 2 2 2
left_child=7 -2 3 4 -3 6 -4 -1 -8 -6
right_child=1 2 5 -5 9 -7 8 -9 -10 -11
leaf_value=-0.0032205352188688298 0.0010173226071028261 5.5341059838457436e-05 9.0353848816981946e-05 0.00012471035058166105 -0.0024757158387795483 9.9673065429773801e-05 8.3957626899181149e-06 0.00028743999604631884 -1.9943133966242679e-05 -0.0018109843698770212
leaf_weight=100 32 22 20 38 22 24 21 32 124 20
leaf_count=100 32 22 20 38 22 24 21 32 124 20
internal_value=0.000330189 0.000575973 0.000419808 0.00113813 0.000246913 1.84403e-05 -0.000123643 -0.000256024 -0.000277778 -0.00021028
internal_weight=455 323 291 102 64 189 165 132 145 42
internal_count=455 323 291 102 64 189 165 132 145 42
is_linear=0
shrinkage=0.01


Tree=797
num_leaves=14
num_cat=0
split_feature=97 98 15 56 11 53 96 50 28 28 29 25 56
split_gain=1.32149 0.734835 0.838164 1.37366 1.10277 0.57183 0.349839 0.475816 0.135568 0.256698 0.104623 0.0809823 0.131214
threshold=23.530456615000002 18.199877625000003 0.72705264250000012 10.849999935000001 0.62672564300000011 2.6000000685000004 94.801848145000022 10.999999955000002 4.0071428165000009 3.9357143130000005 4.4785713550000006 1.6142856945000001 7.7999999040000008
decision_type=10 10 2 2 2 2 2 2 2 2 2 2 2
left_child=8 6 3 4 -3 -4 10 -8 9 11 -2 -1 -13
right_child=1 2 5 -5 -6 -7 7 -9 -10 -11 -12 12 -14
leaf_value=1.6025355039459082e-05 -0.001208259738233282 0.00037017215681214974 -0.00027591543975520589 1.5406535113188872e-05 0.00042258474640832419 1.9217177425935935e-05 0.00024626721832421677 -5.1245822670913381e-05 -0.0003926958467677053 1.4227926027944399e-05 4.8007401180748537e-05 -0.00039523757551318642 9.3797317932140667e-05
leaf_weight=20 44 23 31 36 21 22 23 23 77 26 20 79 20
leaf_count=20 44 23 31 36 21 22 23 23 77 26 20 79 20
internal_value=0.000419708 0.00092904 0.00143124 0.00207921 0.00325893 0.000399628 0.000297834 0.000961538 -0.000130162 3.77228e-05 -0.000154321 -0.000146077 -0.000275551
internal_weight=465 243 133 80 44 53 110 46 222 145 64 119 99
internal_count=465 243 133 80 44 53 110 46 222 145 64 119 99
is_linear=0
shrinkage=0.01


Tree=798
num_leaves=10
num_cat=0
split_feature=17 6 17 15 47 16 43 51 70
split_gain=0.647252 0.616031 0.632108 0.737477 0.552317 0.81257 0.265458 0.222587 0.0367571
threshold=0.56319950000000019 0.54869635750000012 0.73236200000000007 0.61770330950000008 0.94999998800000018 0.70921132850000013 16.849999785000005 25.450000005000003 67.33000087500001
decision_type=2 2 2 2 2 2 2 2 2
left_child=6 2 3 -2 7 -6 8 -5 -1
right_child=1 -3 -4 4 5 -7 -8 -9 -10
leaf_value=-0.0033023526130494907 0.00076562177156216319 0.00021329450902602681 0.0015139643437130285 -0.00014212510445710841 -6.8011157214121075e-06 0.00026488937415056196 0.00041835884363709472 2.7917069148916977e-05 -0.0047679605966939086
leaf_weight=90 28 25 27 108 35 22 21 86 20
leaf_count=90 28 25 27 108 35 22 21 86 20
internal_value=0.000404062 0.000640446 0.000505215 0.000352037 0.000168785 0.00102941 -0.000178301 -7.70022e-05 -0.000388087
internal_weight=462 331 306 279 251 57 131 194 110
internal_count=462 331 306 279 251 57 131 194 110
is_linear=0
shrinkage=0.01


Tree=799
num_leaves=14
num_cat=0
split_feature=97 97 80 16 15 30 66 30 38 96 19 16 53
split_gain=0.461207 0.594954 0.740438 0.278997 0.41611 0.434757 0.589967 0.217053 0.215285 0.205676 0.16448 0.373995 0.0873114
threshold=23.154861850000007 26.304769825000005 5.814285678500001 0.62285828550000011 0.72981245250000015 2.2285714235000005 28.510000705000003 2.2714285935000005 6.2428571500000007 79.795722920000017 28.745000000000005 0.65709378600000012 0.75000000750000007
decision_type=10 10 2 2 2 2 2 2 2 2 2 2 2
left_child=9 2 7 -3 5 8 -7 -2 -5 -1 11 -11 -12
right_child=1 3 -4 4 -6 6 -8 -9 -10 10 12 -13 -14
leaf_value=0.0012050669469877763 0.00013569491402565248 -0.0031934323674478759 0.00039856231996820323 6.6573584588065578e-05 -0.00018911873126193198 4.1689956507233114e-06 0.00075662718200545298 -3.3930890415499197e-06 -0.00077868435636450288 -0.0079804537810525527 -9.9842592732873455e-05 0.00012095693146610604 4.9346852250233294e-05
leaf_weight=20 28 43 23 29 35 22 20 25 27 26 113 20 32
leaf_count=20 28 43 23 29 35 22 20 25 27 26 113 20 32
internal_value=0.000272747 0.000561709 0.00130208 0.000226244 0.000459641 0.000799595 0.00156542 0.000585502 0.000176056 -6.37395e-05 -0.000174661 0.000320513 -0.000346365
internal_weight=463 252 76 176 133 98 42 53 56 211 191 46 145
internal_count=463 252 76 176 133 98 42 53 56 211 191 46 145
is_linear=0
shrinkage=0.01


Tree=800
num_leaves=12
num_cat=0
split_feature=65 85 60 48 97 16 53 16 2 65 2
split_gain=0.55692 0.909205 0.42401 0.388718 0.325495 0.3841 0.476731 0.456034 0.136524 0.0999344 0.015083
threshold=35.159999845000009 13.530714275000003 3.350000858 4.3999999355000012 22.196465360000001 0.72959375000000015 0.60000000500000006 0.70960224500000013 0.35287071450000002 41.575001240000013 0.30596821450000006
decision_type=2 2 2 2 8 2 2 2 2 2 2
left_child=1 -1 4 -3 -2 6 -6 -8 9 -4 -7
right_child=2 3 8 -5 5 10 7 -9 -10 -11 -12
leaf_value=-0.00084141607063863871 -7.0206994574360394e-06 0.0011407518758885583 -0.00033053777106912776 0.0002535220327593644 0.00016689210701064004 -0.0003517443080179425 5.2517468310031573e-07 6.0322789691035433e-05 4.0962768108121668e-05 0.00038939307636258003 -0.00056515217042230168
leaf_weight=26 35 22 146 23 20 20 58 34 36 30 20
leaf_count=26 35 22 146 23 20 20 58 34 36 30 20
internal_value=0.000197536 0.00100975 4.6273e-05 0.00186681 0.000396698 0.000602094 0.000904255 0.000560345 -0.00025376 -0.000373303 -0.000196079
internal_weight=470 71 399 45 187 152 112 92 212 176 40
internal_count=470 71 399 45 187 152 112 92 212 176 40
is_linear=0
shrinkage=0.01


Tree=801
num_leaves=12
num_cat=0
split_feature=44 15 97 2 33 97 3 18 38 97 1
split_gain=0.563463 0.554028 0.49387 0.364133 0.312346 0.580705 0.38789 0.410572 0.265054 0.189213 0.0261223
threshold=11.700000035 0.72758228550000015 22.099361580000004 0.27814885700000008 4.2214285135000003 21.841133310000004 0.32898228600000007 0.63890303050000019 6.2785714015000007 21.282388280000003 0.19721526200000003
decision_type=2 2 8 2 2 10 2 2 2 10 2
left_child=4 2 -2 -4 8 10 7 -7 9 -1 -6
right_child=1 -3 3 -5 5 6 -8 -9 -10 -11 -12
leaf_value=4.6623086082052582e-06 -8.9674785564223367e-05 -3.3576240575545648e-05 0.00020976327467558321 0.00020290906307690192 -0.0084501289951573293 -0.0031379214398865036 0.0004998405757885607 0.00053937112639457436 0.00057278910129671611 -1.9628914579504048e-05 -0.0018343117468844535
leaf_weight=35 23 25 36 33 20 26 27 26 34 157 40
leaf_count=35 23 25 36 33 20 26 27 26 34 157 40
internal_value=0.000242336 0.000844652 0.0012069 0.00162607 4.23728e-05 0.000418455 0.000983709 0.000416667 -0.000180776 -0.00033195 -0.000296053
internal_weight=482 117 92 69 365 139 79 52 226 192 60
internal_count=482 117 92 69 365 139 79 52 226 192 60
is_linear=0
shrinkage=0.01


Tree=802
num_leaves=12
num_cat=1
split_feature=99 16 57 52 50 98 29 89 4 29 27
split_gain=0.565729 0.569554 0.693822 0.500058 0.726155 0.420453 0.26126 0.424695 0.125719 0.10694 0.0376402
threshold=0 0.5855260000000001 0.60000001250000012 7.8000001090000008 14.349999905000002 26.400175465 4.1857143300000006 19.204999990000001 0.41280121450000007 3.5857142975000005 3.9214285440000003
decision_type=1 2 2 2 2 10 2 2 2 2 2
left_child=10 8 9 6 5 -5 7 -4 -2 -3 -1
right_child=1 2 3 4 -6 -7 -8 -9 -10 -11 -12
leaf_value=2.7900392168631466e-05 -0.0057471447661567674 1.0920627903005182e-05 0.00016979063166585063 4.6053657260836838e-06 0.0021527744886320078 0.00068004997019825817 -5.7568633013092236e-05 -0.00011265714789110696 0.00042791511506660003 -1.416361515614946e-05 -6.3222705366749641e-05
leaf_weight=20 69 36 56 37 20 22 22 20 20 43 98
leaf_count=20 69 36 56 37 20 22 22 20 20 43 98
internal_value=0.000208064 0.000408937 0.000661994 0.00100956 0.00161028 0.000978261 0.000495951 0.00078125 -0.000250557 -9.39851e-05 -0.000364907
internal_weight=463 345 256 177 79 59 98 76 89 79 118
internal_count=463 345 256 177 79 59 98 76 89 79 118
cat_boundaries=0 1
cat_threshold=13176416
is_linear=0
shrinkage=0.01


Tree=803
num_leaves=9
num_cat=1
split_feature=99 11 27 35 6 8 1 0
split_gain=0.487706 0.374466 0.53573 0.27934 0.276299 0.594076 0.0394822 0.0373232
threshold=0 0.5534977860000001 3.8071428365000002 3.2499999660000003 0.4629158570000001 0.60812251800000017 0.17916600000000002 0.075247895500000009
decision_type=1 2 2 2 2 2 2 2
left_child=6 -2 -3 -4 7 -6 -1 -5
right_child=1 2 3 4 5 -7 -8 -9
leaf_value=-0.0037846884485143975 0.00067005896596228061 0.00024099397857177824 9.021618035889937e-05 -0.0022694600568293243 0.00013594245263653332 -1.1285978707791579e-06 -3.134000882075784e-05 -0.00038636163589579782
leaf_weight=20 23 21 33 20 20 105 119 95
leaf_count=20 23 21 33 20 20 105 119 95
internal_value=8.75656e-05 0.000303539 0.00020692 7.85244e-05 -3.32227e-05 0.000282194 -0.000383845 -0.000392919
internal_weight=456 317 294 273 240 125 139 115
internal_count=456 317 294 273 240 125 139 115
cat_boundaries=0 1
cat_threshold=42009734
is_linear=0
shrinkage=0.01


Tree=804
num_leaves=12
num_cat=1
split_feature=99 26 14 14 65 10 50 6 4 10 1
split_gain=0.257935 0.466263 0.261447 0.445224 0.696119 0.644116 0.127651 0.119618 0.0374307 0.0368743 0.0173151
threshold=0 2.4714285735000003 0.69206594050000014 0.73856535750000007 38.42500067000001 0.64347714300000014 22.249999485000004 0.46594107150000003 0.24514700000000003 0.56296978600000014 0.28351002850000001
decision_type=1 2 2 2 2 2 2 2 2 2 2
left_child=9 2 6 4 10 -6 8 -5 -2 -1 -4
right_child=1 -3 3 7 5 -7 -8 -9 -10 -11 -12
leaf_value=-9.92679270996999e-06 -0.0014324217399198896 0.00070116361600895737 -0.00014308592243908162 0.00048233960976917458 -0.00076432232587957745 0.00014812413553325982 5.373887378442648e-05 -7.8024286602604154e-06 -0.00051355971335121146 -6.8279561706831128e-05 -0.0016418185525988388
leaf_weight=20 20 23 23 20 22 46 37 60 96 91 20
leaf_count=20 20 23 23 20 22 46 37 60 96 91 20
internal_value=3.96824e-05 0.000170725 7.54059e-05 0.00032586 0.000737925 0.00136628 -0.000224317 -0.000222772 -0.000393836 -0.000357143 -0.000216895
internal_weight=478 367 344 191 111 68 153 80 116 111 43
internal_count=478 367 344 191 111 68 153 80 116 111 43
cat_boundaries=0 1
cat_threshold=33620006
is_linear=0
shrinkage=0.01


Tree=805
num_leaves=10
num_cat=1
split_feature=50 99 22 17 15 55 41 44 1
split_gain=0.812928 0.407917 0.558992 0.389159 1.64716 0.23065 0.333824 0.147718 0.0240534
threshold=9.8000003285000012 0 1.9000000015000003 0.68839085700000013 0.7266769525000002 2.6000000275000006 3.8999999465000008 11.949999925000002 0.23350692850000002
decision_type=2 1 2 2 2 2 2 2 2
left_child=-1 7 3 5 -5 6 -3 -2 -6
right_child=1 2 -4 4 8 -7 -8 -9 -10
leaf_value=6.7067027614130817e-05 -0.00037852942298639158 0.0004284520066024121 0.00042716359493098028 0.0007062634195868961 -0.0016583045409604891 -0.00075400538136872986 -0.00013644252026927457 1.9319928031174551e-05 -9.0414907461630666e-05
leaf_weight=36 129 20 33 27 20 93 39 20 35
leaf_count=36 129 20 33 27 20 93 39 20 35
internal_value=0.00020318 7.19768e-05 0.000304176 0.000132027 0.000688406 -0.000157068 0.000309364 -0.000328536 -0.000277778
internal_weight=452 416 267 234 82 152 59 149 55
internal_count=452 416 267 234 82 152 59 149 55
cat_boundaries=0 1
cat_threshold=42535942
is_linear=0
shrinkage=0.01


Tree=806
num_leaves=11
num_cat=1
split_feature=99 39 14 64 73 18 1 64 60 27
split_gain=0.719732 0.947932 0.978898 0.702897 0.485343 0.287233 0.494083 0.175414 0.1058 0.0825037
threshold=0 1.7999999970000002 0.71294128600000006 2.3849997520000001 50.275001050000007 0.65860228550000011 0.23583459500000004 1.9949998855000002 2.0999999050000002 4.0428571190000016
decision_type=1 2 2 2 2 2 2 2 2 2
left_child=-1 3 4 5 -3 7 -7 8 -2 -9
right_child=1 2 -4 -5 -6 6 -8 9 -10 -11
leaf_value=-0.00013800316297329758 -4.4101375198453986e-08 2.055874637909713e-05 -5.4687453497083448e-06 0.00012438645682094946 0.00025383541988748719 0.00055243852030364179 -3.5094784618305087e-05 -2.9382322015759721e-05 -0.00080027566809975708 0.0016538967541894535
leaf_weight=108 23 22 24 32 21 27 20 21 136 20
leaf_count=108 23 22 24 32 21 27 20 21 136 20
internal_value=0.000244063 0.000462444 0.0015413 0.000209078 0.00243151 1.81597e-05 0.000721757 -0.000139442 -0.000297247 0.00041866
internal_weight=454 346 67 279 43 247 47 200 159 41
internal_count=454 346 67 279 43 247 47 200 159 41
cat_boundaries=0 1
cat_threshold=143721477
is_linear=0
shrinkage=0.01


Tree=807
num_leaves=10
num_cat=1
split_feature=99 15 15 18 27 36 36 12 5
split_gain=0.557962 0.741312 1.54578 0.898147 0.55575 0.238887 0.160294 0.148576 0.0338796
threshold=0 0.72758228550000015 0.71817716700000012 0.6834761075000001 3.9428571970000008 5.0285714350000008 4.5999999725000009 0.58117628600000015 0.48188700000000001
decision_type=1 2 2 2 2 2 2 2 2
left_child=7 2 3 4 6 -6 -2 -1 -3
right_child=1 8 -4 -5 5 -7 -8 -9 -10
leaf_value=0.00076214444412014753 0.00078764148232690872 -7.8618142088594415e-05 0.00021161746320218756 0.00060211501493689229 -0.00085238867501424202 0.00011711602851347607 1.490103388903926e-05 -3.5916057082087422e-05 -2.3996169782779219e-06
leaf_weight=20 20 70 24 25 123 21 20 133 20
leaf_count=20 20 70 24 25 123 21 20 133 20
internal_value=0.000146812 0.000378969 0.000690761 0.000397998 0.000140693 -0.000138122 0.00117647 -0.000332723 -0.000363436
internal_weight=476 323 233 209 184 144 40 153 90
internal_count=476 323 233 209 184 144 40 153 90
cat_boundaries=0 1
cat_threshold=46203143
is_linear=0
shrinkage=0.01


Tree=808
num_leaves=9
num_cat=0
split_feature=64 11 16 15 15 4 1 30
split_gain=0.622758 0.612533 0.227141 0.323743 0.667551 0.257122 0.542549 0.321964
threshold=2.3349995615000005 0.68498232150000016 0.54120626150000006 0.62680950000000013 0.60965771450000006 0.32941557150000006 0.23047792850000001 2.3571428655000006
decision_type=2 2 2 2 2 2 2 2
left_child=2 -2 -1 4 -4 -5 -7 -8
right_child=1 -3 3 5 -6 6 7 -9
leaf_value=-0.0053009302557288319 0.000139921274208171 -0.00022600618445997586 -9.8402624045300824e-05 -0.00052651603406963111 0.00079795314053781295 0.00070649574202716174 -3.0883910105311385e-06 5.8266248598058882e-06
leaf_weight=62 28 21 36 71 20 21 158 56
leaf_count=62 28 21 36 71 20 21 158 56
internal_value=0.000214225 0.0012751 8.47456e-05 0.000184675 0.000880282 4.88917e-05 0.000214164 5.12103e-05
internal_weight=473 49 424 362 56 306 235 214
internal_count=473 49 424 362 56 306 235 214
is_linear=0
shrinkage=0.01


Tree=809
num_leaves=13
num_cat=0
split_feature=98 6 15 10 11 12 35 12 38 72 31 24
split_gain=0.658461 0.888194 0.853493 0.5853 1.04254 0.594987 0.440959 0.731616 0.17902 0.310134 0.092457 0.0423186
threshold=23.642177115000006 0.55327271450000015 0.72790397600000012 0.62512742850000014 0.68152635750000012 0.62107535750000009 4.1999999630000007 0.62654670400000012 6.2000000135000013 79.78500080500001 3.0285714180000007 1.6142857205000001
decision_type=10 2 2 2 2 2 2 2 2 2 2 2
left_child=1 6 3 5 -5 -2 8 -8 11 -10 -4 -1
right_child=2 -3 10 4 -6 -7 7 -9 9 -11 -12 -13
leaf_value=-0.0014941006925520348 0.00068813340845650967 0.00069418044099542309 -0.00018516765927524892 0.00014280899905822031 3.7517536073042449e-05 -0.00079828276296760997 0.0010848844535819974 -0.0016182291439722899 0.00052906987086413608 -0.0010242741989966242 0.00023774003723566197 -0.00029567595894196069
leaf_weight=20 20 24 35 26 20 25 22 23 24 31 20 171
leaf_count=20 20 24 35 26 20 25 22 23 24 31 20 171
internal_value=0.000297748 3.32488e-05 0.000851499 0.00144336 0.00224359 0.000556768 -0.000114805 0.000775109 -0.000287682 0.000188172 -9.85664e-05 -0.000435349
internal_weight=461 315 146 91 46 45 291 45 246 55 55 191
internal_count=461 315 146 91 46 45 291 45 246 55 55 191
is_linear=0
shrinkage=0.01


Tree=810
num_leaves=10
num_cat=1
split_feature=50 42 44 97 99 27 17 44 83
split_gain=0.76399 0.603293 0.380578 0.354158 0.266939 0.56571 0.313183 0.111592 0.312738
threshold=9.2999998630000018 10.300000100000002 12.250000030000001 22.010740550000005 0 3.9214285440000003 0.65124869050000012 8.0999999490000025 5.5557142305000005
decision_type=2 2 2 8 1 2 2 2 2
left_child=-1 2 4 -4 5 -2 -7 8 -6
right_child=1 -3 3 -5 7 6 -8 -9 -10
leaf_value=1.5106933370015573e-05 0.00025184155643907878 7.0190230200405764e-06 -8.1249697290987385e-06 0.00044482633029866315 0.00060006235726193754 -0.00081315515732220016 0.00013468916089258605 -1.6489276817705667e-05 -0.002873515697712198
leaf_weight=22 20 27 25 34 27 60 53 118 80
leaf_count=22 20 27 25 34 27 60 53 118 80
internal_value=0.000267781 0.000170863 7.06078e-05 0.000811037 -4.73803e-05 0.000288595 1.31809e-05 -0.000256573 -1.39148e-05
internal_weight=466 444 417 59 358 133 113 225 107
internal_count=466 444 417 59 358 133 113 225 107
cat_boundaries=0 1
cat_threshold=536875928
is_linear=0
shrinkage=0.01


Tree=811
num_leaves=11
num_cat=0
split_feature=25 91 13 4 91 7 17 83 17 6
split_gain=0.632701 0.711214 0.473674 0.780211 0.573509 0.673365 0.144948 0.144645 0.117604 0.0345506
threshold=1.9499999795000003 21.390000075000003 0.75557692500000007 0.32941557150000006 21.550713945000002 0.54870617850000014 0.65092185750000009 6.567857129000001 0.66464150000000011 0.40456201450000001
decision_type=2 2 2 2 2 2 2 2 2 2
left_child=1 6 3 8 -5 -6 -1 -2 -3 -8
right_child=7 2 -4 4 5 -7 9 -9 -10 -11
leaf_value=7.6535051744968553e-07 -0.0016247103021166237 -0.0021157717514274288 -0.00018738694927818625 0.0005965795135275077 -0.0009827654336730387 0.00026134056790734934 -1.4526505461250469e-05 1.1441408218322519e-05 3.2786199613057353e-05 -1.7319525610210468e-05
leaf_weight=31 151 25 24 21 27 40 20 21 27 74
leaf_count=31 151 25 24 21 27 40 20 21 27 74
internal_value=0.000102858 0.000391649 0.000825243 0.00105114 0.00162162 0.00109882 -0.000162957 -0.00037037 3.78787e-05 -0.000369198
internal_weight=461 289 164 140 88 67 125 172 52 94
internal_count=461 289 164 140 88 67 125 172 52 94
is_linear=0
shrinkage=0.01


Tree=812
num_leaves=11
num_cat=0
split_feature=17 48 16 96 66 66 4 17 16 21
split_gain=0.773644 0.499471 0.38753 0.508397 0.292822 0.442795 0.185615 0.161416 0.119618 0.0389323
threshold=0.56319950000000019 8.499999821500003 0.72412207150000019 129.71413260000003 28.845001695000004 31.289999960000006 0.35720235700000008 0.68839085700000013 0.75706978600000008 2.1285714165000003
decision_type=2 2 2 2 2 2 2 2 2 2
left_child=9 2 3 4 7 -6 -5 -2 -4 -1
right_child=1 -3 8 6 5 -7 -8 -9 -10 -11
leaf_value=-0.000214850060765298 -0.0018896713685294319 5.7706982594905987e-05 -0.00012626460162908784 0.00012233990330276647 0.00038627619908984846 -1.4377650599055149e-05 5.7218807022059636e-06 0.00010560731092650409 0.0019231600487682903 -0.0032230445768761436
leaf_weight=20 52 30 60 20 72 37 22 29 20 112
leaf_count=20 52 30 60 20 72 37 22 29 20 112
internal_value=0.000233783 0.000487164 0.000358056 0.00056701 0.000330189 0.000669399 0.00156542 -0.000103912 -0.000222772 -0.000406627
internal_weight=474 342 312 232 190 109 42 81 80 132
internal_count=474 342 312 232 190 109 42 81 80 132
is_linear=0
shrinkage=0.01


Tree=813
num_leaves=12
num_cat=0
split_feature=96 81 3 2 56 98 96 19 6 96 80
split_gain=0.788136 0.646389 0.630896 1.1665 1.16855 0.406501 0.521352 0.380652 0.256471 0.150467 0.453466
threshold=91.340187600000021 8.5535714965000018 0.3874656425000001 0.30154189250000002 0.55000001200000004 25.894776115000003 97.220549985000005 19.550000000000001 0.4920470715000001 77.303394425000008 5.6264285360000006
decision_type=2 2 2 2 2 8 2 2 2 2 2
left_child=9 7 3 5 -5 -3 -7 -2 -9 10 -1
right_child=1 2 -4 4 -6 6 -8 8 -10 -11 -12
leaf_value=-0.00089414963483137465 0.0006855250034438513 -2.930191782587146e-05 -0.00047878806201289391 0.00023852826457090165 0.00030072159947994994 -0.00021529394476817437 0.00014935893716665026 -0.00012080139824629972 5.2923772338783848e-07 -0.001635038359737342 0.001221404070104113
leaf_weight=42 21 36 23 21 22 20 25 80 23 112 20
leaf_count=42 21 36 23 21 22 20 25 80 23 112 20
internal_value=0.000259085 0.000597866 0.00104533 0.00133013 0.00265982 0.000580684 0.00121179 4.80768e-05 -0.000187861 -0.000257437 0.000111465
internal_weight=445 271 147 124 43 81 45 124 103 174 62
internal_count=445 271 147 124 43 81 45 124 103 174 62
is_linear=0
shrinkage=0.01


Tree=814
num_leaves=11
num_cat=1
split_feature=99 56 98 21 16 29 72 43 14 0
split_gain=0.464507 0.394587 0.470876 0.29496 0.452775 0.475749 0.258233 0.536498 0.0400475 0.0226349
threshold=0 5.4499999955000007 26.400856380000004 2.3142856955000002 0.5855260000000001 4.2285714235000009 80.49999904500001 14.550000280000001 0.62768507100000004 0.085686541500000019
decision_type=1 2 10 2 2 2 2 2 2 2
left_child=1 -1 9 4 -2 6 7 -6 -5 -3
right_child=3 2 -4 8 5 -7 -8 -9 -10 -11
leaf_value=0.00056468652943242369 -0.004172163842042104 -9.8797119607233964e-06 0.00011443139974350843 1.3692537275471275e-05 0.0004825359466117628 0.000767171794116445 -0.00039933943665178392 -9.9255838226754244e-06 -6.4694152377361909e-05 -0.0017838139817349225
leaf_weight=31 67 20 33 20 26 25 36 35 127 32
leaf_count=31 67 20 33 20 26 25 36 35 127 32
internal_value=0.000114841 0.000630915 0.000297203 -7.49713e-05 0.000176501 0.000545602 0.000199386 0.000606796 -0.000416103 -0.000265152
internal_weight=452 116 85 336 189 122 97 61 147 52
internal_count=452 116 85 336 189 122 97 61 147 52
cat_boundaries=0 1
cat_threshold=2130192
is_linear=0
shrinkage=0.01


Tree=815
num_leaves=10
num_cat=0
split_feature=93 53 98 13 78 15 19 6 6
split_gain=0.367622 0.729323 0.339777 0.391773 0.323227 0.390037 0.224997 0.156222 0.038503
threshold=18.490000110000004 0.80000002300000006 18.199877625000003 0.62081227500000014 7.5292857035000003 0.72279642850000003 150.94500000000002 0.5456963855000001 0.52688710700000019
decision_type=2 2 10 2 2 2 2 2 2
left_child=2 -2 7 -4 5 -5 8 -1 -6
right_child=1 -3 3 4 6 -7 -8 -9 -10
leaf_value=-0.0016925561951164141 2.8935675525256257e-05 -0.0084356875106922965 0.00067955096173692351 0.0003177566868535431 -2.9365436472190538e-05 -7.6354575819595911e-06 1.1161030504521489e-05 1.6196768552545239e-05 -0.00052649796488361258
leaf_weight=181 21 20 26 29 107 30 25 20 20
leaf_count=181 21 20 26 29 107 30 25 20 20
internal_value=0 0.000897129 -8.4321e-05 0.000166106 1.18035e-05 0.000643813 -0.000222513 -0.000388999 -0.000402974
internal_weight=479 41 438 237 211 59 152 201 127
internal_count=479 41 438 237 211 59 152 201 127
is_linear=0
shrinkage=0.01


Tree=816
num_leaves=10
num_cat=1
split_feature=27 52 55 99 16 56 96 51 5
split_gain=0.659375 1.00997 0.421434 0.235757 0.438778 0.729524 0.267629 0.148262 0.113851
threshold=3.8285714390000005 0.90000000950000014 7.249999948000001 0 0.69048167700000007 10.049999935000001 73.069060915000009 58.250000580000005 0.46723364300000009
decision_type=2 2 2 1 2 2 2 2 2
left_child=1 -1 3 4 8 -6 -5 -8 -2
right_child=2 -3 -4 6 5 -7 7 -9 -10
leaf_value=-0.001261049114857461 -0.0030429033941796945 0.00017076702575236392 1.875792839357028e-05 0.00067900228346059132 0.0001055566670347427 -1.0910586210437674e-05 -0.00021854581376656195 0.00029362400547973578 0.00047508676511409025
leaf_weight=22 53 35 27 37 24 37 176 21 20
leaf_count=22 53 35 27 37 24 37 176 21 20
internal_value=0.00020318 0.00120242 5.17937e-05 -3.25381e-05 0.000283149 0.000930421 -0.000224673 -0.000386754 -0.000196477
internal_weight=452 57 395 368 134 61 234 197 73
internal_count=452 57 395 368 134 61 234 197 73
cat_boundaries=0 1
cat_threshold=35656144
is_linear=0
shrinkage=0.01


Tree=817
num_leaves=9
num_cat=1
split_feature=99 96 25 6 3 4 41 0
split_gain=0.692493 0.504604 0.546667 0.530143 0.537115 1.00911 0.189299 0.032135
threshold=0 70.137508020000013 1.9999999825000001 0.54994721450000006 0.32319575700000008 0.32941557150000006 4.4999999925000003 0.13548095150000003
decision_type=1 2 2 2 2 2 2 2
left_child=-1 -2 3 4 5 -3 -6 -4
right_child=1 2 7 -5 6 -7 -8 -9
leaf_value=-0.00035760982524208468 0.00084302126604477215 2.6570112042326664e-05 -0.0066033817119751726 0.00025243275283086039 0.00024821210798641711 0.00066028990133772895 -1.3261366511525032e-05 -2.4341782907483519e-05
leaf_weight=107 24 76 61 22 24 46 79 20
leaf_count=107 24 76 61 22 24 46 79 20
internal_value=0.000235972 0.000446527 0.000346715 0.000583131 0.000422941 0.000871335 -9.15223e-05 -0.000348411
internal_weight=459 352 328 247 225 122 103 81
internal_count=459 352 328 247 225 122 103 81
cat_boundaries=0 1
cat_threshold=813765125
is_linear=0
shrinkage=0.01


Tree=818
num_leaves=11
num_cat=0
split_feature=56 37 60 44 65 96 32 13 17 2
split_gain=0.734285 0.530615 0.461075 0.198057 0.546271 0.196436 0.328281 0.166171 0.117743 0.0158575
threshold=0.25000000350000007 5.414285694000001 1.7350001335000003 12.250000030000001 40.140000820000004 73.069060915000009 5.7285714490000013 0.70130225850000005 0.68903750000000008 0.28305796400000005
decision_type=2 2 2 2 2 2 2 2 2 2
left_child=-1 2 7 5 -5 6 -4 -2 -7 -6
right_child=1 -3 3 4 9 8 -8 -9 -10 -11
leaf_value=0.00054540331975927957 7.8434935084014046e-05 4.9503928756999093e-05 0.0012298633125113212 0.00028820566719823187 2.8482458976292203e-05 -0.00078674296031061022 -0.0047487363618831145 2.3492806966053676e-06 1.0296948657376015e-05 -1.173423463722713e-06
leaf_weight=23 22 22 20 21 20 179 20 23 73 21
leaf_count=23 22 22 20 21 20 179 20 23 73 21
internal_value=0.000238309 0.00013632 4.6273e-05 -7.04624e-05 0.000429936 -0.000184426 0.000441176 0.00099345 -0.000292722 -0.000203349
internal_weight=444 421 399 354 62 292 40 45 252 41
internal_count=444 421 399 354 62 292 40 45 252 41
is_linear=0
shrinkage=0.01


Tree=819
num_leaves=11
num_cat=0
split_feature=98 3 48 27 19 96 15 56 19 26
split_gain=0.735085 1.00001 0.805379 0.549199 0.542986 0.359787 0.668871 0.3308 0.14941 0.132197
threshold=27.750884020000004 0.32250342850000008 8.3000000715000031 3.8714285750000004 55.850000000000009 73.069060915000009 0.60295828550000008 0.45000001000000006 55.565000000000005 2.2999999945000007
decision_type=10 2 2 2 2 2 2 2 2 2
left_child=2 -2 3 4 -1 6 -5 8 -7 -9
right_child=1 -3 -4 5 -6 7 -8 9 -10 -11
leaf_value=-0.0017307594626951286 0.00069819874141287253 -2.0119683007056853e-06 3.7430861560330768e-05 -0.0051100935161345245 0.0001598708060083267 0.0010735011311334434 0.00082322090603830682 -0.00044733917622239962 -2.6771084593684947e-05 -3.3467492151918899e-05
leaf_weight=20 21 20 36 22 20 22 23 199 20 70
leaf_count=20 21 20 36 22 20 22 23 199 20 70
internal_value=0.000340861 0.00161483 0.000212569 7.56047e-05 0.00117647 -4.48432e-05 0.000775109 -0.000171584 0.000630841 -0.000305782
internal_weight=473 41 432 396 40 356 45 311 42 269
internal_count=473 41 432 396 40 356 45 311 42 269
is_linear=0
shrinkage=0.01


Tree=820
num_leaves=12
num_cat=0
split_feature=96 44 22 4 98 2 55 6 19 96 19
split_gain=0.56209 1.24052 0.610125 0.521352 0.384837 0.804411 0.519302 0.340309 0.252767 0.307747 0.0699534
threshold=70.137508020000013 3.0999999795000006 1.9571428385000003 0.37817383350000006 27.750884020000004 0.28707471450000005 0.80000001550000011 0.47910964250000004 112.09000000000002 101.86044930000001 16.420000000000005
decision_type=2 2 2 2 10 2 2 2 2 2 2
left_child=1 -1 4 -4 6 -6 7 -2 10 -10 -8
right_child=2 -3 3 -5 5 -7 8 -9 9 -11 -12
leaf_value=-0.003780132937946502 0.0001146030327813417 0.000815917182757025 -0.00019202452867963141 0.00024858254526972787 0.00088913600473867701 -3.766841413550263e-05 -0.0011034322265014739 -2.4053624448178226e-05 0.00013576013451169626 -1.6161004962332296e-05 -0.00076485018563646786
leaf_weight=20 20 22 20 25 20 21 44 20 21 39 202
leaf_count=20 20 22 20 25 20 21 44 20 21 39 202
internal_value=0.000233783 0.00133178 0.000120148 0.00121179 -3.86809e-06 0.000897129 -0.000118224 0.000931372 -0.000264016 0.000296053 -0.000409238
internal_weight=474 42 432 45 387 41 346 40 306 60 246
internal_count=474 42 432 45 387 41 346 40 306 60 246
is_linear=0
shrinkage=0.01


Tree=821
num_leaves=8
num_cat=0
split_feature=77 96 50 17 45 96 44
split_gain=0.464858 0.709696 0.365397 0.258961 0.236987 0.456108 0.343666
threshold=-2.6328571285 70.137508020000013 9.8000003285000012 0.73236200000000007 2.9499999880000005 90.379090275000024 13.799999915000003
decision_type=2 2 2 2 2 2 2
left_child=-1 -2 -3 4 5 -4 -6
right_child=1 2 3 -5 6 -7 -8
leaf_value=-0.0049201533875775066 0.00080868644515905282 5.0997733259318783e-05 -2.8601010617215636e-05 0.00039488928514692809 -7.3678554158261469e-05 0.00023460827916807489 0.00017880126667111273
leaf_weight=69 21 39 39 30 196 44 36
leaf_count=69 21 39 39 30 196 44 36
internal_value=0.000275906 0.000407836 0.000301455 0.000189416 9.658e-05 0.000554892 -6.01376e-05
internal_weight=474 405 384 345 315 83 232
internal_count=474 405 384 345 315 83 232
is_linear=0
shrinkage=0.01


Tree=822
num_leaves=11
num_cat=1
split_feature=99 51 81 55 97 25 27 97 1 1
split_gain=0.632105 1.02222 0.757492 0.662561 0.511744 0.925399 0.271694 0.132129 0.194544 0.0231242
threshold=0 21.349999810000003 8.7007143160000009 3.4500000475000006 23.659332810000006 1.8714285620000004 4.1499999930000007 26.400175465 0.20456692850000002 0.24388165700000003
decision_type=1 2 2 2 8 2 2 10 2 2
left_child=6 3 -3 -2 -5 -6 7 -1 -9 -10
right_child=1 2 -4 4 5 -7 -8 8 9 -11
leaf_value=-0.00081864296268744513 -0.0010676474035895809 7.3349534079666596e-06 0.00024421533825712646 -2.6242340990220706e-05 -0.00022460114139014905 0.0006660665163778864 0.00041378022795961146 0.00034669268652186112 -0.00022988201610632601 -3.0675059197928786e-05
leaf_weight=135 77 28 28 32 28 22 32 20 20 33
leaf_count=135 77 28 28 32 28 22 32 20 20 33
internal_value=0.000198552 0.000577945 0.00176056 0.000178348 0.000809179 0.00143701 -0.000151515 -0.000296935 2.03251e-05 -0.000269517
internal_weight=455 215 56 159 82 50 240 208 73 53
internal_count=455 215 56 159 82 50 240 208 73 53
cat_boundaries=0 1
cat_threshold=142679091
is_linear=0
shrinkage=0.01


Tree=823
num_leaves=13
num_cat=1
split_feature=99 27 2 68 96 44 53 18 80 3 24 1
split_gain=0.635757 0.862096 0.737114 0.333159 0.650728 0.445408 0.265089 0.110241 0.108128 0.202491 0.0410677 0.0357385
threshold=0 3.9428571120000004 0.28605188100000006 0.84999990500000011 118.75002510000002 15.600000030000002 2.6999999955000002 0.66230330950000005 6.125714234000001 0.33099478600000004 1.6142857115000002 0.29973050000000007
decision_type=1 2 2 2 2 2 2 2 2 2 2 2
left_child=6 2 -2 4 -3 7 8 11 10 -10 -1 -5
right_child=1 3 -4 5 -6 -7 -8 -9 9 -11 -12 -13
leaf_value=-0.00072122166124573576 -9.5146225075638981e-05 0.00019357162148967376 0.00024183490297539784 -9.3275471201696304e-05 2.9789098826319857e-06 7.1235316505066233e-05 0.00038325990127697829 0.00025463244262884864 9.7443698619989992e-06 -0.0025113580480317032 -0.00012433837322129956 -0.0028965797889951911
leaf_weight=20 22 20 25 82 35 20 20 20 20 28 144 20
leaf_count=20 22 20 25 82 35 20 20 20 20 28 144 20
internal_value=0.000188758 0.000533752 0.00176778 0.000250253 0.000905018 0 -0.000181219 -0.000236156 -0.000300752 8.19671e-05 -0.000424757 -0.000379378
internal_weight=476 244 47 197 55 142 232 122 212 48 164 102
internal_count=476 244 47 197 55 142 232 122 212 48 164 102
cat_boundaries=0 1
cat_threshold=545328147
is_linear=0
shrinkage=0.01


Tree=824
num_leaves=10
num_cat=0
split_feature=56 18 2 5 6 29 24 83 1
split_gain=0.774077 0.563473 0.770886 0.491485 0.950739 0.396407 0.347354 0.203383 0.0420718
threshold=0.25000000350000007 0.68323078550000005 0.26168571400000001 0.42560378550000005 0.4692119285000001 3.5214285595000003 1.8857142885000002 5.0335713870000012 0.27779023800000008
decision_type=2 2 2 2 2 2 2 2 2
left_child=-1 3 -3 8 -5 -4 7 -6 -2
right_child=1 2 5 4 6 -7 -8 -9 -10
leaf_value=0.0005402087121143301 -0.00081893049546636482 0.00065592358140832674 5.8852438797869024e-05 0.00032558269676630181 8.592093924657455e-06 -3.5801141804627514e-05 0.00023947827204648695 -1.0208732819867955e-05 -0.0027632621885541522
leaf_weight=23 165 23 21 20 62 35 22 83 20
leaf_count=23 165 23 21 20 62 35 22 83 20
internal_value=0.00019166 9.40681e-05 0.000858396 -6.43778e-05 0.000290202 0.000176056 2.68175e-05 -0.000140604 -0.000433262
internal_weight=474 451 79 372 187 56 167 145 185
internal_count=474 451 79 372 187 56 167 145 185
is_linear=0
shrinkage=0.01


Tree=825
num_leaves=10
num_cat=0
split_feature=27 52 18 64 96 96 56 32 8
split_gain=0.582409 0.866628 0.470383 0.628613 0.243542 0.4442 0.358828 0.192341 0.0404945
threshold=3.8285714390000005 0.90000000950000014 0.55706690500000011 2.3849997520000001 119.13598955000002 101.58781145000002 15.699999880000002 5.6785713945000014 0.6843606430000001
decision_type=2 2 2 2 2 2 2 2 2
left_child=1 -1 8 4 5 7 -6 -4 -2
right_child=2 -3 3 -5 6 -7 -8 -9 -10
leaf_value=-0.0011934991693479085 -0.0030559511531918723 9.4723447167221634e-05 -6.1808464687821762e-06 0.00020850601253375416 -9.9325899983855143e-06 0.0007592594719633938 2.0325025736666277e-05 0.0012489603224193912 -5.2434366747918592e-06
leaf_weight=21 134 33 52 25 99 28 30 20 20
leaf_count=21 134 33 52 25 99 28 30 20 20
internal_value=0.000144771 0.00111314 9.78462e-06 0.00027865 0.000102263 0.00047619 -0.000173344 2.74724e-05 -0.000419897
internal_weight=462 54 408 254 229 100 129 72 154
internal_count=462 54 408 254 229 100 129 72 154
is_linear=0
shrinkage=0.01


Tree=826
num_leaves=14
num_cat=0
split_feature=48 33 75 15 19 54 76 27 19 81 16 0 0
split_gain=0.616512 0.827917 0.500379 0.391991 0.318169 0.204517 0.160929 0.102503 0.199105 0.0352078 0.100956 0.0158575 0.015083
threshold=6.149999976000001 3.9857142480000003 65.304998400000002 0.63689050000000014 48.375000000000007 11.500000000000002 92.904999735000018 3.9428571120000004 48.375000000000007 8.5078571865000026 0.7073590715000001 0.26150170150000007 0.24506320850000005
decision_type=2 2 2 2 2 2 2 2 2 2 2 2 2
left_child=2 4 5 -4 -2 7 -5 8 -1 10 -9 -6 -8
right_child=1 -3 3 6 11 -7 12 9 -10 -11 -12 -13 -14
leaf_value=-0.0052154371055410939 5.0671324409365192e-05 0.00020169147867774053 0.00094752145376039362 0.00020134926282620814 -7.1682219185878429e-06 3.4658094398427442e-05 -0.001668975814833289 1.1770566772231968e-06 0.00049725753994847425 -4.2508405230861325e-05 -8.1507302982082217e-05 -0.001181564204881552 -1.5407641533245293e-05
leaf_weight=27 21 26 33 20 20 39 20 20 20 144 41 21 20
leaf_count=27 21 26 33 20 20 39 20 20 20 144 41 21 20
internal_value=0.000194585 0.000945946 1.55924e-05 0.00065565 0.000270701 -0.000183345 0.000131579 -0.000292722 9.41421e-05 -0.000391157 -0.000137541 -0.000203349 -0.000196079
internal_weight=472 88 384 93 62 291 60 252 47 205 61 41 40
internal_count=472 88 384 93 62 291 60 252 47 205 61 41 40
is_linear=0
shrinkage=0.01


Tree=827
num_leaves=12
num_cat=1
split_feature=26 99 19 0 12 1 44 12 12 16 0
split_gain=0.777423 0.350545 0.453032 0.466536 0.256391 0.39686 0.12635 0.175454 0.121058 0.092457 0.0158575
threshold=1.8857142755000003 0 88.185000000000016 0.12681091700000002 0.62654670400000012 0.23641135700000002 12.800000015000002 0.71107757150000006 0.74631739300000011 0.61121650000000016 0.14259300000000003
decision_type=2 1 2 2 2 2 2 2 2 2 2
left_child=-1 2 3 -2 5 9 8 -8 -6 -3 -4
right_child=1 4 10 -5 6 -7 7 -9 -10 -11 -12
leaf_value=5.4818912296576752e-05 -0.00045113034420676601 -0.0029488988220411128 -5.765155770360275e-06 0.00030966809322947159 -6.5860050152325011e-05 0.0005272847308231966 0.00063374656784915791 -4.0472688220777008e-06 2.3576532485708006e-05 0.0012312730128586436 2.2359166414717483e-05
leaf_weight=31 22 35 21 38 186 25 20 21 26 20 20
leaf_count=31 22 35 21 38 186 25 20 21 26 20 20
internal_value=0.000140618 2.52989e-05 0.000514311 0.00111842 -0.000129436 0.000346535 -0.000293538 0.000179426 -0.000394737 -9.85664e-05 -0.000203349
internal_weight=465 434 101 60 333 80 253 41 212 55 41
internal_count=465 434 101 60 333 80 253 41 212 55 41
cat_boundaries=0 1
cat_threshold=571738440
is_linear=0
shrinkage=0.01


Tree=828
num_leaves=10
num_cat=0
split_feature=48 85 96 98 56 65 97 70 10
split_gain=0.774724 0.583975 0.458341 0.592609 0.447289 0.270599 0.26413 0.491956 0.123825
threshold=8.499999821500003 13.762142965000002 97.220549985000005 21.599211740000005 4.9000000095000011 39.925000190000006 26.400175465 65.170001985000013 0.70532727350000013
decision_type=2 2 2 10 2 2 8 2 2
left_child=1 5 4 -4 -3 -1 8 -8 -7
right_child=-2 2 3 -5 -6 6 7 -9 -10
leaf_value=-2.2409464968817777e-05 5.6875495577241916e-05 -0.0045167807067865162 0.00079591806381726457 -3.2128965753499837e-05 0.00047367251212111441 -0.00072160937058380172 0.00054941049488472474 -2.8746262941562907e-05 3.7517126770211516e-05
leaf_weight=161 31 49 33 21 21 66 27 34 20
leaf_count=161 31 49 33 21 21 66 27 34 20
internal_value=0.000143381 2.77263e-05 0.000608974 0.00129562 4.23728e-05 -0.000200777 9.81054e-05 0.000606796 -0.000241936
internal_weight=463 432 124 54 70 308 147 61 86
internal_count=463 432 124 54 70 308 147 61 86
is_linear=0
shrinkage=0.01


Tree=829
num_leaves=11
num_cat=1
split_feature=27 99 5 98 22 76 18 0 3 16
split_gain=0.821404 0.390715 0.399084 1.15443 0.787412 0.495501 0.354037 0.58366 0.0870993 0.0404331
threshold=3.7928571530000004 0 0.43466569050000009 25.921937140000004 1.7428571540000004 94.379999165000001 0.68323078550000005 0.18588866150000002 0.35729614250000002 0.71635612250000014
decision_type=2 1 2 8 2 2 2 2 2 2
left_child=-1 -2 5 4 -4 6 9 -8 -5 -3
right_child=1 2 3 8 -6 -7 7 -9 -10 -11
leaf_value=0.00018761334469196241 -3.2821188588508589e-05 -0.00061975526744477254 0.00036261532771537859 -1.230124944153798e-05 0.00052856411275540411 0.00098969936545291026 0.00044787409785082555 -0.00012254796096928543 1.6039951243301469e-06 -0.00022335203004266647
leaf_weight=29 103 133 26 36 23 27 20 24 38 20
leaf_count=29 103 133 26 36 23 27 20 24 38 20
internal_value=0.000184452 7.32031e-05 0.000236165 0.000698707 0.00187751 -1.18785e-10 -0.00018453 0.000580357 -6.6845e-05 -0.000419376
internal_weight=479 450 347 123 49 224 197 44 74 153
internal_count=479 450 347 123 49 224 197 44 74 153
cat_boundaries=0 1
cat_threshold=33622689
is_linear=0
shrinkage=0.01


Tree=830
num_leaves=11
num_cat=0
split_feature=50 60 10 85 18 2 33 49 88 15
split_gain=0.915721 0.332834 0.388144 0.277511 0.380998 0.305158 0.252023 0.194442 0.156035 0.175454
threshold=9.8000003285000012 1.7350001335000003 0.66070692900000016 13.557857275000002 0.56259550000000014 0.31579850000000004 4.4857142140000006 17.399999970000003 13.022857190000002 0.59966028550000006
decision_type=2 2 2 2 2 2 2 2 2 2
left_child=-1 2 -2 6 7 -6 8 -5 -3 -10
right_child=1 3 -4 4 5 -7 -8 -9 9 -11
leaf_value=4.7596501551953347e-05 3.446700455633897e-05 -4.3145284370093765e-05 -2.03273623808035e-05 -0.0013423450224749891 0.0007933270818745084 -1.6290368901248285e-05 0.00017370526276254614 6.4837343757002711e-05 -0.0055616822571186633 0.00082562313771079702
leaf_weight=32 25 148 22 49 38 20 35 38 21 20
leaf_count=32 25 148 22 49 38 20 35 38 21 20
internal_value=0.000276292 0.000143954 0.000930962 3.65061e-05 0.000380658 0.0010034 -0.000177936 -1.70844e-05 -0.000329294 0.000179426
internal_weight=448 416 47 369 145 58 224 87 189 41
internal_count=448 416 47 369 145 58 224 87 189 41
is_linear=0
shrinkage=0.01


Tree=831
num_leaves=12
num_cat=1
split_feature=27 56 99 56 18 31 37 11 10 0 0
split_gain=1.3791 0.621602 0.501706 0.596323 0.533587 0.387576 0.324257 0.535969 0.255027 0.0422381 0.0314669
threshold=3.8285714390000005 0.35000000500000006 0 5.0999999235000013 0.68323078550000005 2.9071428520000002 5.0071428845000012 0.59528388100000018 0.7122327140000001 0.066068660000000015 0.076376229500000017
decision_type=2 2 1 2 2 2 2 2 2 2 2
left_child=1 -1 3 -2 5 -5 8 -8 9 -4 -7
right_child=2 -3 6 4 -6 10 7 -9 -10 -11 -12
leaf_value=6.5529660491066952e-05 0.0010994655200384947 0.0002231461793995081 -0.0011651358871377505 0.00011866119136958924 0.00064269092616777834 -0.0022513829485130603 0.0014498431976511196 -0.00015982224226302789 0.00045959640485368123 -4.8961700781950787e-05 -7.7264690425718995e-05
leaf_weight=24 27 24 20 23 21 20 20 35 25 169 58
leaf_count=24 27 24 20 23 21 20 20 35 25 169 58
internal_value=0.000332048 0.00192623 0.000140879 0.000585106 0.000301303 0 -0.000116155 0.000546595 -0.000302607 -0.000434668 -0.00034264
internal_weight=466 48 418 149 122 101 269 55 214 189 78
internal_count=466 48 418 149 122 101 269 55 214 189 78
cat_boundaries=0 1
cat_threshold=3440920
is_linear=0
shrinkage=0.01


Tree=832
num_leaves=10
num_cat=1
split_feature=99 73 18 24 24 7 43 6 43
split_gain=0.708645 1.07444 0.541844 0.267855 0.484469 0.30548 0.196228 0.181061 0.160611
threshold=0 52.495001315000003 0.68323078550000005 1.6571428565000004 1.6142857115000002 0.41697448600000003 9.7499999775000017 0.48426071400000004 17.250000100000005
decision_type=1 2 2 2 2 2 2 2 2
left_child=1 2 6 4 -2 -5 -1 -8 -7
right_child=3 -3 -4 5 -6 8 7 -9 -10
leaf_value=0.00022278921322056166 -0.0021875504807314368 0.00025078867529808259 0.0013669856845690254 0.0010590844919119513 9.3447931915975569e-05 -0.00021145448145467401 -0.00096472059077352837 4.909797470667331e-06 7.8775985930237277e-05
leaf_weight=30 25 20 27 21 23 225 67 29 20
leaf_count=30 25 20 27 21 23 225 67 29 20
internal_value=0.000111726 0.000606638 0.00033485 -0.000169335 0.000491803 -0.000303598 3.94321e-05 -0.000165289 -0.000408869
internal_weight=487 173 153 314 48 266 126 96 245
internal_count=487 173 153 314 48 266 126 96 245
cat_boundaries=0 1
cat_threshold=2392472
is_linear=0
shrinkage=0.01


Tree=833
num_leaves=12
num_cat=0
split_feature=37 43 0 76 1 36 43 78 15 1 91
split_gain=1.36558 0.522491 1.3376 0.310203 0.470977 0.403782 0.207094 0.119979 0.0734472 0.0537707 0.0436112
threshold=5.414285694000001 16.849999785000005 0.13297466700000002 95.604997635000018 0.26272345250000007 3.4785713980000001 14.400000525000001 8.3828570840000012 0.74513178550000014 0.18769121400000002 23.349285670000004
decision_type=2 2 2 2 2 2 2 2 2 2 2
left_child=1 3 -3 5 -5 6 9 10 -8 -1 -7
right_child=-2 2 -4 4 -6 7 8 -9 -10 -11 -12
leaf_value=0.00015225487773203351 0.00013635812348486017 -0.0012066118655750025 0.00031639553918542387 0.00097659025918879982 -0.0001810352017419756 -6.0227232697628342e-05 -0.00041860789607471582 -1.3267686877214186e-07 0.00023733414334255908 0.00015188552585080055 2.0712895699890391e-05
leaf_weight=20 32 32 29 20 29 210 25 24 20 20 20
leaf_count=20 32 32 29 20 29 210 25 24 20 20 20
internal_value=0.000223122 7.44774e-05 0.000930421 -5.65845e-05 0.000672691 -0.000169217 0.000413753 -0.000372842 -1.09171e-05 0.000931372 -0.000446274
internal_weight=481 449 61 388 49 339 85 254 45 40 230
internal_count=481 449 61 388 49 339 85 254 45 40 230
is_linear=0
shrinkage=0.01


Tree=834
num_leaves=10
num_cat=0
split_feature=75 83 30 11 18 10 27 5 11
split_gain=0.601691 0.92146 0.242131 0.333996 0.64882 0.754247 0.234715 0.097321 0.038849
threshold=68.504999160000011 5.1864285210000007 2.2428571415000005 0.69470721450000006 0.63711014300000013 0.62074585700000007 3.9428571120000004 0.41165595700000007 0.71117357150000016
decision_type=2 2 2 2 2 2 2 2 2
left_child=2 -2 8 4 6 -6 -4 -8 -1
right_child=1 -3 3 -5 5 -7 7 -9 -10
leaf_value=-3.6183452688091279e-05 0.0002335090199008632 -0.0014043285014644637 0.00061234792768009936 -4.9650220659482359e-05 5.9776199602441646e-06 0.00020587981072394901 -0.0013032959645594461 1.7460335846928212e-05 -2.0966152524276929e-05
leaf_weight=111 39 37 29 68 27 20 65 46 20
leaf_count=111 39 37 29 68 27 20 65 46 20
internal_value=0.000101556 0.000911458 -5.42917e-05 0.000119234 0.00034345 0.00134937 0 -0.000210197 -0.000405918
internal_weight=462 76 386 255 187 47 140 111 131
internal_count=462 76 386 255 187 47 140 111 131
is_linear=0
shrinkage=0.01


Tree=835
num_leaves=10
num_cat=0
split_feature=50 86 55 28 98 19 96 54 2
split_gain=0.628855 0.469012 0.307799 0.296836 0.481836 1.13671 0.108783 0.12442 0.0249217
threshold=9.8000003285000012 12.887857095000003 4.750000022500001 4.0571428540000012 17.974813495000003 65.185000000000016 66.85331105500002 8.6499999685000031 0.25531257150000003
decision_type=2 2 2 2 10 2 2 2 2
left_child=-1 2 -2 6 8 -6 -3 -8 -5
right_child=1 3 -4 4 5 -7 7 -9 -10
leaf_value=5.1204445816543492e-05 -2.5640110868896134e-06 0.0006860814382586961 8.6323293926310123e-05 1.4745920545280316e-05 0.00064655401320435572 -1.8354386326407934e-05 -3.7149726675915093e-05 -4.7236035219384747e-05 -0.0037814798812487046
leaf_weight=37 33 24 28 20 20 22 222 26 37
leaf_count=37 33 24 28 20 20 22 222 26 37
internal_value=7.13068e-05 -3.23476e-05 0.000768608 -0.000170791 0.000285571 0.00109813 -0.000344575 -0.000409968 -0.000285467
internal_weight=469 432 61 371 99 42 272 248 57
internal_count=469 432 61 371 99 42 272 248 57
is_linear=0
shrinkage=0.01


Tree=836
num_leaves=10
num_cat=0
split_feature=37 64 70 85 57 41 96 45 5
split_gain=0.873926 0.426305 0.374371 0.299201 0.239654 0.341405 0.229854 0.18782 0.0199046
threshold=5.414285694000001 2.3849997520000001 65.975001335000016 13.919999940000002 0.50000000350000018 4.0500000380000012 128.28370370000002 3.7499999705000007 0.4444694285000001
decision_type=2 2 2 2 2 2 2 2 2
left_child=1 3 -3 6 -5 -6 -1 -8 -9
right_child=-2 2 -4 4 5 -7 7 8 -10
leaf_value=-6.7171198705615341e-05 6.5473383206109356e-05 0.0002593110295413826 -1.638040148231873e-05 -7.0663910360492432e-05 -0.00042664449512741162 0.00065221443762177955 1.6985896440338526e-05 -0.00015185814703821564 -0.00063103799315866304
leaf_weight=229 24 20 22 25 26 29 30 27 20
leaf_count=229 24 20 22 25 26 29 30 27 20
internal_value=2.65016e-05 -7.4627e-05 0.000864486 -0.000183558 0.000346535 0.000725806 -0.000329205 0.000122108 -0.000240586
internal_weight=452 428 42 386 80 55 306 77 47
internal_count=452 428 42 386 80 55 306 77 47
is_linear=0
shrinkage=0.01


Tree=837
num_leaves=14
num_cat=0
split_feature=98 85 18 10 4 27 16 9 97 56 18 18 0
split_gain=0.484119 0.652439 0.480259 0.3619 0.809058 0.26488 0.40957 0.541313 0.1312 0.106886 0.0662955 0.0406149 0.0192946
threshold=23.120483925000006 14.073571445000001 0.58009257150000015 0.63010502400000012 0.34610364300000002 3.9642856800000001 0.67720392850000011 0.66038397500000012 14.156054705000001 5.1499999090000008 0.64829657150000009 0.71102964300000016 0.12610350000000001
decision_type=10 2 2 2 2 2 2 2 10 2 2 2 2
left_child=1 5 -2 12 -5 6 9 -8 -7 -1 -6 -10 -4
right_child=2 -3 3 4 10 8 7 -9 11 -11 -12 -13 -14
leaf_value=-0.0016499203700813918 0.00025139076544292111 0.0001054987880190076 -0.0011053146264412153 0.00038954745737602894 5.1060367560827566e-06 0.0002833537522147747 0.00055760728655865376 -5.7517842048813526e-06 -0.0010680427921993013 0.00080317821591037192 -1.2736537713272838e-05 -4.0981031513519569e-07 -2.4831926918689186e-05
leaf_weight=46 33 21 26 29 20 20 21 22 136 20 22 20 20
leaf_count=46 33 21 26 29 20 20 21 22 136 20 22 20 20
internal_value=0.000284588 4.88917e-05 0.000749337 0.000420204 0.000870473 -7.17286e-05 0.0003051 0.00106164 -0.000316742 -0.000164671 0 -0.000420918 -0.000235043
internal_weight=456 306 150 117 71 285 109 43 176 66 42 156 46
internal_count=456 306 150 117 71 285 109 43 176 66 42 156 46
is_linear=0
shrinkage=0.01


Tree=838
num_leaves=11
num_cat=1
split_feature=99 75 33 2 97 11 65 52 2 3
split_gain=0.482456 0.810533 0.244885 0.516582 0.453217 0.858196 0.163459 0.242789 0.144846 0.0235968
threshold=0 71.600001335000016 4.1500000360000007 0.33259835700000007 27.748442220000005 0.66708671450000012 40.339999675000008 7.2000000065000007 0.19290900000000002 0.32298254800000009
decision_type=1 2 2 2 8 2 2 2 2 2
left_child=-1 2 3 8 6 -6 9 -8 -2 -4
right_child=1 -3 4 -5 5 -7 7 -9 -10 -11
leaf_value=-9.2622261162985005e-05 5.9726969196041006e-05 0.00026649866723455959 -6.9651018567059685e-06 9.3220562265581295e-05 -0.00085063796905852766 0.0014110542061786364 -0.0024215699898207802 0.00042430121275487343 -4.6433824819700937e-05 -3.3750403780800686e-05
leaf_weight=108 20 21 34 20 22 20 23 62 117 20
leaf_count=108 20 21 34 20 22 20 23 62 117 20
internal_value=0.000116503 0.000293402 0.000174144 -0.000104563 0.000426293 0.00133178 0.000132332 0.000413753 -0.000337446 -0.000273723
internal_weight=467 359 338 157 181 42 139 85 137 54
internal_count=467 359 338 157 181 42 139 85 137 54
cat_boundaries=0 1
cat_threshold=578884644
is_linear=0
shrinkage=0.01


Tree=839
num_leaves=11
num_cat=1
split_feature=50 99 5 6 18 97 97 5 27 1
split_gain=0.428383 0.338968 0.466402 1.04381 0.372389 0.728306 0.282396 0.524585 0.136856 0.0380391
threshold=9.8000003285000012 0 0.43466569050000009 0.48547450000000009 0.68323078550000005 23.925738300000003 22.836835770000004 0.47714655350000007 3.9428571120000004 0.17916600000000002
decision_type=2 1 2 2 2 8 10 2 2 2
left_child=-1 9 4 -4 8 -6 -5 -8 -3 -2
right_child=1 2 3 6 5 -7 7 -9 -10 -11
leaf_value=6.4343035740638141e-05 -0.0051781369333812393 0.0007068146075856161 0.00064675766654009122 -0.00048427023764392572 -6.517569961184106e-05 0.00099669633133920568 -1.0509030408519705e-06 0.00025331020726501898 -0.00091526732823873371 -0.00069035171639256123
leaf_weight=33 20 21 20 33 26 23 31 25 114 102
leaf_count=33 20 21 20 33 26 23 31 25 114 102
internal_value=0.000142602 4.93024e-05 0.000235352 0.000760473 -5.41127e-05 0.000672691 0.000261693 0.000704225 -0.000335052 -0.000368976
internal_weight=448 415 293 109 184 49 89 56 135 122
internal_count=448 415 293 109 184 49 89 56 135 122
cat_boundaries=0 1
cat_threshold=37815430
is_linear=0
shrinkage=0.01


Tree=840
num_leaves=12
num_cat=1
split_feature=99 91 64 13 9 76 1 1 98 16 5
split_gain=0.581727 0.744438 1.18756 0.812723 1.33919 0.347814 0.326381 0.743989 0.235902 0.373647 0.0924255
threshold=0 21.779285705000003 0.31500005750000004 0.72528151650000006 0.59954969150000015 95.604997635000018 0.24315379250000002 0.21004142850000004 26.400175465 0.71171507100000009 0.48596064300000003
decision_type=1 2 2 2 2 2 2 2 10 2 2
left_child=5 2 -2 4 -4 8 7 -3 10 -10 -1
right_child=1 6 3 -5 -6 -7 -8 -9 9 -11 -12
leaf_value=-0.00063855994438105103 -0.00056485278631663595 -0.0042168168040212324 5.9626983081704307e-05 0.00050429454737277132 0.00026281166372579432 0.0003453883745158945 -1.1777132065220966e-05 0.00069408373895282467 8.6872019734233092e-05 -6.385330965023014e-05 -4.3942043061050589e-05
leaf_weight=139 26 38 28 22 20 34 50 22 28 27 32
leaf_count=139 26 38 28 22 20 34 50 22 28 27 32
internal_value=0.000289203 0.000668819 0.00134298 0.00201977 0.0027459 -2.95422e-05 0.000117328 0.000625 -0.000180776 0.000367383 -0.000369616
internal_weight=466 206 96 70 48 260 110 60 226 55 171
internal_count=466 206 96 70 48 260 110 60 226 55 171
cat_boundaries=0 1
cat_threshold=138479350
is_linear=0
shrinkage=0.01


Tree=841
num_leaves=9
num_cat=0
split_feature=37 18 43 54 18 2 97 73
split_gain=0.700199 0.526881 0.279421 0.308584 0.218374 0.436654 0.219454 0.131078
threshold=5.414285694000001 0.70722607100000012 16.849999785000005 4.1499999725000007 0.65860228550000011 0.28431474300000004 33.572341325000004 54.025000575000007
decision_type=2 2 2 2 2 2 8 2
left_child=1 2 4 -4 6 -6 7 -1
right_child=-2 -3 3 -5 5 -7 -8 -9
leaf_value=-0.0001737548889266746 0.00015605990271837128 0.0002919999986726457 -0.0010483386860079861 7.7281840667007477e-05 0.00030913338671952523 -0.00047085682064141107 0.00049228940578972108 -0.00021817404506169571
leaf_weight=226 32 32 26 24 35 33 26 22
leaf_count=226 32 32 26 24 35 33 26 22
internal_value=0.000175131 6.12052e-05 -3.56417e-05 0.000649606 -0.000142941 0.000348837 -0.000272926 -0.000369775
internal_weight=456 424 392 50 342 68 274 248
internal_count=456 424 392 50 342 68 274 248
is_linear=0
shrinkage=0.01


Tree=842
num_leaves=11
num_cat=0
split_feature=42 85 96 3 89 52 86 63 47 89
split_gain=0.59235 0.588146 0.360054 0.576943 0.512901 0.537658 0.314068 0.211567 0.113151 0.0711876
threshold=10.300000100000002 14.003571650000003 91.57149711000001 0.29381971400000001 19.310000285000005 7.2000000065000007 14.817857060000001 4.5749998095000004 0.25000000350000007 19.639999795000005
decision_type=2 2 2 2 2 2 2 2 2 2
left_child=1 2 9 4 5 -4 -3 8 -5 -1
right_child=-2 6 3 7 -6 -7 -8 -9 -10 -11
leaf_value=-0.0030573884006184914 1.2623688977757197e-05 8.7156738937527233e-05 0.00020004255627901612 5.9690773512806608e-06 -0.0010246976997512027 0.00012469429586142613 -0.00014195436634255578 0.00026663466319993358 -8.3050495691407564e-06 3.4235703504976943e-05
leaf_weight=118 26 22 21 39 26 24 23 32 108 39
leaf_count=118 26 22 21 39 26 24 23 32 108 39
internal_value=0.000227652 0.000136926 1.10347e-05 0.000251196 0.00100975 0.00164847 0.00121179 -4.17131e-05 -0.000213126 -0.000358048
internal_weight=478 452 407 250 71 45 45 179 147 157
internal_count=478 452 407 250 71 45 45 179 147 157
is_linear=0
shrinkage=0.01


Tree=843
num_leaves=11
num_cat=0
split_feature=42 97 97 51 71 67 92 28 98 16
split_gain=1.28225 0.469391 0.619398 0.485633 0.406517 0.308588 0.463877 0.217423 0.200193 0.0400475
threshold=10.300000100000002 25.560182840000007 26.304769825000005 25.450000005000003 65.31500053500001 31.109999655000003 17.396428585000006 4.1142856560000007 26.400856380000004 0.73719471450000007
decision_type=2 10 10 2 2 2 2 2 10 2
left_child=1 5 -3 4 8 9 -7 -8 -4 -1
right_child=-2 2 3 -5 -6 6 7 -9 -10 -11
leaf_value=-0.00014831303799312664 2.3214879289256875e-05 0.00016044189951176484 -0.00058237389098134639 0.00040450371034391266 0.00027560721177925839 0.00043826323227609445 -0.0013452084711641182 0.00040103853136143444 0.0003715518590693652 -7.8828473020404365e-06
leaf_weight=127 26 34 88 30 21 32 58 24 29 20
leaf_count=127 26 34 88 30 21 32 58 24 29 20
internal_value=0.000292977 0.000164942 0.000527613 0.000260663 0 -0.000108862 0.000270035 -0.000108696 -0.000224958 -0.000416103
internal_weight=489 463 202 168 138 261 114 82 117 147
internal_count=489 463 202 168 138 261 114 82 117 147
is_linear=0
shrinkage=0.01


Tree=844
num_leaves=8
num_cat=0
split_feature=32 96 3 5 87 96 67
split_gain=0.502485 0.45526 0.421622 1.12596 0.931166 0.395101 0.778554
threshold=5.7071428300000013 72.840353275000027 0.3874656425000001 0.46166152850000003 8.8185714310000023 95.700869215000012 32.67999935000001
decision_type=2 2 2 2 2 2 2
left_child=1 -1 3 5 -5 -3 -7
right_child=-2 2 -4 4 -6 6 -8
leaf_value=0.0012578861314352762 -0.0015403623342035233 -0.0013989324395104249 -0.00022783416309776826 4.6937703452800072e-06 0.00040033213470533352 2.5921511961628793e-06 0.00054568103372668812
leaf_weight=20 84 70 61 24 27 170 41
leaf_count=20 84 70 61 24 27 170 41
internal_value=0.000219968 0.000366119 0.000283139 0.000426683 0.00178571 0.000168559 0.000389518
internal_weight=497 413 393 332 51 281 211
internal_count=497 413 393 332 51 281 211
is_linear=0
shrinkage=0.01


Tree=845
num_leaves=11
num_cat=0
split_feature=27 52 18 11 12 78 15 50 4 0
split_gain=0.725956 0.63662 0.477234 0.509365 1.15851 0.403665 0.399502 0.0956269 0.038849 0.0240534
threshold=3.8714285750000004 0.90000000950000014 0.52939835750000008 0.66067950000000009 0.70138421400000006 7.5292857035000003 0.62680950000000013 11.499999985000002 0.43778730950000005 0.25436704900000001
decision_type=2 2 2 2 2 2 2 2 2 2
left_child=1 -1 8 6 -5 -6 -4 -8 -2 -7
right_child=2 -3 3 4 5 9 7 -9 -10 -11
leaf_value=-0.00048598382127200927 -0.0015498399949297084 0.00011110257137998378 0.00091053601037282997 0.00016439812206380932 0.0001530204864934872 -3.8069442993242055e-05 -1.490833290183808e-05 -5.3288522470168477e-05 -0.0027948717309760579 3.7823098844633196e-05
leaf_weight=23 111 38 34 28 37 35 28 95 20 20
leaf_count=23 111 38 34 28 37 35 28 95 20 20
internal_value=0.000241592 0.00125405 8.31701e-05 0.000322174 0.000811258 0.000237069 -4.11915e-05 -0.000319063 -0.000405918 -0.000277778
internal_weight=469 61 408 277 120 92 157 123 131 55
internal_count=469 61 408 277 120 92 157 123 131 55
is_linear=0
shrinkage=0.01


Tree=846
num_leaves=12
num_cat=1
split_feature=85 6 99 26 59 38 75 53 87 42 6
split_gain=1.0934 1.48848 0.882945 0.623708 1.3599 0.785314 0.260642 0.130164 0.219101 0.0403709 0.0253349
threshold=14.003571650000003 0.45986266700000006 0 2.2571428545000005 0.28499984750000001 6.0428572040000015 49.425000190000006 0.89999998350000021 8.7678571090000013 0.50000000350000018 0.4920470715000001
decision_type=2 2 1 2 2 2 2 2 2 2 2
left_child=2 -2 7 5 -5 6 -4 9 10 -1 -9
right_child=1 -3 3 4 -6 -7 -8 8 -10 -11 -12
leaf_value=-0.0010634381395003278 -0.0018878963232936805 7.7252757463699794e-05 2.7332238389380141e-05 2.4089991076633751e-05 0.0006921863048326935 0.00032555420380459124 -0.00098739740191652252 -0.00056696440686187664 0.0025703122793360278 -0.0014961701870759919 -6.3313520883445272e-06
leaf_weight=20 23 24 22 35 21 31 71 38 30 132 20
leaf_count=20 23 24 22 35 21 31 71 38 30 132 20
internal_value=0.000330269 0.00176778 0.000161597 0.000670859 0.00158451 0.000288461 -0.000154584 -0.00023126 4.50449e-05 -0.000418848 -0.000289116
internal_weight=467 47 420 180 56 124 93 240 88 152 58
internal_count=467 47 420 180 56 124 93 240 88 152 58
cat_boundaries=0 1
cat_threshold=549457590
is_linear=0
shrinkage=0.01


Tree=847
num_leaves=8
num_cat=0
split_feature=50 6 21 51 25 17 2
split_gain=0.84784 0.656881 0.536585 0.234693 0.136492 0.405649 0.0380391
threshold=9.8500000200000013 0.56165328550000015 2.5999999730000005 57.350000305000009 1.8857142795000004 0.58502578550000017 0.3307505
decision_type=2 2 2 2 2 2 2
left_child=-1 2 3 4 6 -6 -2
right_child=1 -3 -4 -5 5 -7 -8
leaf_value=2.5238075188361889e-05 -4.1344715010921079e-05 0.00067158515685734226 1.4307267890215738e-05 0.00015182057581574485 -0.0012459906864676262 0.00020715273657782288 7.2424033538437845e-07
leaf_weight=33 102 26 32 29 129 82 20
leaf_count=33 102 26 32 29 129 82 20
internal_value=0.000289775 0.000161597 5.31914e-05 -5.23706e-05 -0.000133313 1.18035e-05 -0.000399023
internal_weight=453 420 394 362 333 211 122
internal_count=453 420 394 362 333 211 122
is_linear=0
shrinkage=0.01


Tree=848
num_leaves=11
num_cat=1
split_feature=99 79 16 16 16 81 30 95 18 38
split_gain=0.654746 0.791599 1.3081 0.351056 0.585979 0.344104 0.29097 0.133965 0.145008 0.0408469
threshold=0 7.3785713530000008 0.62389669050000007 0.67341846450000009 0.70544171450000015 8.5257143295000013 2.0714285795000005 23.776428360000004 0.68323078550000005 5.300000003000001
decision_type=1 2 2 2 2 2 2 2 2 2
left_child=7 2 -2 -4 -5 -6 -3 8 9 -1
right_child=1 6 3 4 5 -7 -8 -9 -10 -11
leaf_value=-0.0071154999909621534 0.00064383514758526025 0.00024874443280340701 -0.00058511225952154525 0.00038628784547823009 -4.4875321434370995e-06 0.00052924735146343241 -0.0011401893448529496 0.00014417872446356348 2.1214314914301864e-05 -0.00061142951743356814
leaf_weight=20 32 20 28 32 34 23 70 31 38 140
leaf_count=20 32 20 28 32 34 23 70 31 38 140
internal_value=0.000200512 0.000554443 0.0010247 0.000505093 0.000818485 0.00016436 -0.000143172 -0.000177231 -0.00028672 -0.000422886
internal_weight=468 239 149 117 89 57 90 229 198 160
internal_count=468 239 149 117 89 57 90 229 198 160
cat_boundaries=0 1
cat_threshold=172033110
is_linear=0
shrinkage=0.01


Tree=849
num_leaves=11
num_cat=0
split_feature=48 52 1 4 4 0 56 16 66 2
split_gain=0.624999 0.536225 0.524664 1.12017 0.391176 1.00794 0.29024 0.163267 0.634097 0.0304949
threshold=3.2999999595000005 21.750000585000006 0.28686164250000007 0.39673885700000006 0.33253569050000004 0.20795437500000002 6.6999998500000002 0.6125375715000001 28.845001695000004 0.25447816650000005
decision_type=2 2 2 2 2 2 2 2 2 2
left_child=7 2 3 4 5 -2 -6 -1 9 -9
right_child=1 -3 -4 -5 6 -7 -8 8 -10 -11
leaf_value=-0.0023482384182006476 -5.37026755422532e-06 6.245984723133967e-05 -3.0731275690684495e-05 0.00024609992676632867 -0.00018764470824856973 0.00056232094133369388 0.0003895669650150409 -3.2167149630551763e-05 0.00079031372414174088 -4.7571706717610318e-05
leaf_weight=93 47 22 51 24 77 20 28 20 23 54
leaf_count=93 47 22 51 24 77 20 28 20 23 54
internal_value=0.000257721 0.00056894 0.000421711 0.000660569 0.000358796 0.000951327 -4.72602e-06 -0.000172956 9.71369e-05 -0.000334225
internal_weight=459 269 247 196 172 67 105 190 97 74
internal_count=459 269 247 196 172 67 105 190 97 74
is_linear=0
shrinkage=0.01


Tree=850
num_leaves=11
num_cat=0
split_feature=85 5 23 16 53 16 88 6 16 41
split_gain=0.946081 1.00207 0.427783 0.472826 0.194397 0.357628 0.575662 0.182848 0.134015 0.0896002
threshold=14.003571650000003 0.42560378550000005 1.8857142840000003 0.61683864300000013 0.55000000800000015 0.6776522140000002 8.9371428150000014 0.51656864300000016 0.7383728570000001 7.8500000015000007
decision_type=2 2 2 2 2 2 2 2 2 2
left_child=2 -2 3 -1 5 -5 -7 8 -6 -4
right_child=1 -3 9 4 7 6 -8 -9 -10 -11
leaf_value=0.00056683806095820513 -4.6021990074242499e-05 0.00015777761556797832 -0.0024040754039234358 -0.001768805884862735 -3.3972135341775004e-05 -5.937147275313209e-06 0.00038381337895994225 5.7342604991150595e-06 0.00023099575609655587 -1.6662157723200336e-05
leaf_weight=35 23 30 110 27 85 30 40 37 20 31
leaf_count=35 23 30 110 27 85 30 40 37 20 31
internal_value=0.000264505 0.00151487 9.74025e-05 0.00033115 0.00016055 0.000506135 0.00088983 -6.30253e-05 -0.00028828 -0.000342031
internal_weight=468 53 415 274 239 97 70 142 105 141
internal_count=468 53 415 274 239 97 70 142 105 141
is_linear=0
shrinkage=0.01


Tree=851
num_leaves=11
num_cat=0
split_feature=5 22 10 8 14 7 98 54 0 19
split_gain=0.659896 1.03834 0.415028 0.211811 0.496383 0.171049 0.129685 0.111485 0.160191 0.0399766
threshold=0.42809138050000006 1.9428571545000002 0.62622992900000007 0.63900714300000006 0.70839893850000013 0.40947400000000006 20.800702515000005 8.0500000790000019 0.089654667000000007 140.19000000000003
decision_type=2 2 2 2 2 2 8 2 2 2
left_child=5 2 -2 4 -4 -1 -5 9 -9 -7
right_child=1 -3 3 6 -6 7 -8 8 -10 -11
leaf_value=0.0005313429890032123 2.9640477578383054e-05 0.00027678011385176327 -0.0016844720439687306 6.792206695210371e-05 5.9888423001935027e-05 -0.00041505023576036092 -4.1695411904316157e-05 0.00010484839057614644 -1.9960117189761898e-05 -5.3606689369525228e-07
leaf_weight=29 25 27 23 20 22 174 76 23 27 21
leaf_count=29 25 27 23 20 22 174 76 23 27 21
internal_value=7.37493e-05 0.000523736 0.000209832 0 0.000556768 -0.000236536 -0.000268595 -0.000327502 5.9055e-05 -0.00043667
internal_weight=467 193 166 141 45 274 96 245 50 195
internal_count=467 193 166 141 45 274 96 245 50 195
is_linear=0
shrinkage=0.01


Tree=852
num_leaves=13
num_cat=0
split_feature=34 57 17 17 14 97 43 9 11 33 54 0
split_gain=0.547936 0.703285 0.758692 0.577361 1.30741 0.455328 0.233544 0.190605 0.0939974 0.091715 0.101709 0.0253349
threshold=5.535714285500001 0.30000000800000004 0.60800007150000013 0.68784068600000015 0.71294128600000006 31.599505230000002 17.150000155000004 0.68757800000000013 0.64532025000000004 3.8928570915000003 8.0500000790000019 0.23977154150000005
decision_type=2 2 2 2 2 8 2 2 2 2 2 2
left_child=1 11 -3 8 -5 6 9 -6 -4 -2 -11 -1
right_child=5 2 3 4 7 -7 -8 -9 -10 10 -12 -13
leaf_value=-1.5879639723486962e-06 -0.00067344992875023786 3.9554595307031224e-05 -1.9300821842486394e-05 0.00020184173140881884 0.00038069734349175792 0.00063068997925933403 0.00050767588350637469 -0.00051753013151755432 2.7010684293374044e-05 -0.00029458803180860342 -3.7839802213097615e-06 -0.00019001758211536736
leaf_weight=20 25 20 30 23 28 20 22 20 33 158 30 38
leaf_count=20 25 20 30 23 28 20 22 20 33 158 30 38
internal_value=0.000244763 0.000620301 0.000975452 0.000675074 0.0012883 -6.05943e-05 -0.00019296 0.000286885 0 -0.000301684 -0.000381356 -0.000289116
internal_weight=467 212 154 134 71 255 235 48 63 213 188 58
internal_count=467 212 154 134 71 255 235 48 63 213 188 58
is_linear=0
shrinkage=0.01


Tree=853
num_leaves=12
num_cat=0
split_feature=79 14 17 16 5 31 64 33 17 44 66
split_gain=0.492551 0.804985 0.994775 0.965866 0.701065 0.446973 0.295758 0.220932 0.217423 0.139117 0.112796
threshold=7.3785713530000008 0.71195683350000005 0.68784068600000015 0.62757321450000003 0.40548353550000005 3.0285714180000007 0.48000001900000006 3.9142856600000004 0.66330657150000005 13.700000010000002 32.46999979000001
decision_type=2 2 2 2 2 2 2 2 2 2 2
left_child=1 2 3 4 -1 9 -4 -2 -5 -3 -9
right_child=7 5 6 8 -6 -7 -8 10 -10 -11 -12
leaf_value=-1.5815204350495445e-05 0.00026193470818999858 -2.4580084460223746e-05 2.8809880568414546e-05 -0.00047877603620486673 0.00066867452092097906 0.00029062559929110148 0.00022869073057546686 -0.0022025159447318777 1.174946904853395e-05 1.6232657878721626e-06 -0.0003170056245182304
leaf_weight=22 23 98 21 58 22 31 20 110 24 20 25
leaf_count=22 23 98 21 58 22 31 20 110 24 20 25
internal_value=0.000275906 0.00050505 0.000980334 0.000512618 0.00169643 -1.6689e-05 0.00233254 -0.000170025 -0.000108696 -0.000311448 -0.000335052
internal_weight=474 316 167 126 44 149 41 158 82 118 135
internal_count=474 316 167 126 44 149 41 158 82 118 135
is_linear=0
shrinkage=0.01


Tree=854
num_leaves=13
num_cat=1
split_feature=99 50 5 98 14 23 45 5 56 0 17 34
split_gain=0.809728 0.998783 1.14911 0.434115 0.674008 0.431248 0.344337 0.2329 0.148805 0.170852 0.107968 0.0343882
threshold=0 11.099999805000001 0.42707578600000007 17.974813495000003 0.66650767850000003 1.8142857125000003 3.6000000535000001 0.32167057150000006 10.299999980000001 0.11745643050000001 0.7235461430000002 6.3928571770000007
decision_type=1 2 2 10 2 2 2 2 2 2 2 2
left_child=8 2 -2 7 5 -5 -6 -3 -1 -10 -8 -9
right_child=1 3 -4 4 6 -7 10 11 9 -11 -12 -13
leaf_value=-0.00038008781611818359 3.2138300607551373e-05 0.00084991435201661357 0.00028530145156719213 5.730128498124036e-05 6.0820014128617557e-05 0.00048480514344258235 -6.4849797179886951e-05 -0.0021860106353740688 0.00033117499018967933 -3.1789519576917491e-05 9.8259986434599269e-05 1.2038641896247524e-05
leaf_weight=115 34 22 33 20 21 24 47 73 20 20 20 20
leaf_count=115 34 22 33 20 21 24 47 73 20 20 20 20
internal_value=0.000305449 0.000588054 0.00168879 0.000300646 0.000692771 0.00169643 0.000157658 -0.000133852 -0.000274427 0.000196078 -0.000169617 -0.000367804
internal_weight=469 314 67 247 132 44 88 115 155 40 67 93
internal_count=469 314 67 247 132 44 88 115 155 40 67 93
cat_boundaries=0 1
cat_threshold=46208016
is_linear=0
shrinkage=0.01


Tree=855
num_leaves=13
num_cat=0
split_feature=17 15 5 17 15 17 44 49 17 17 14 2
split_gain=0.576855 0.762722 1.32885 1.37554 1.38247 0.491621 0.414498 0.680899 0.226204 0.211874 0.0340528 0.0323472
threshold=0.52399414300000013 0.72758228550000015 0.42560378550000005 0.66743430950000004 0.67110507150000009 0.69850821450000011 7.9999998955000011 11.500000055000003 0.7348106430000001 0.60072909550000009 0.61994557150000007 0.33941090000000007
decision_type=2 2 2 2 2 2 2 2 2 2 2 2
left_child=11 2 5 4 -4 6 7 -2 -3 -6 -8 -1
right_child=1 8 3 -5 9 -7 10 -9 -10 -11 -12 -13
leaf_value=-0.0053340247046996603 0.00019426833606707398 -9.1035618128709755e-06 0.00046434504103431517 0.00035400002609404721 5.2443602362284122e-05 0.00036438268065894772 2.9167599431125234e-05 -0.0010720447618138113 0.0013126788627883402 -2.5330969933596025e-05 -0.0012110943118216083 -0.00026168336070282668
leaf_weight=62 22 74 29 21 20 29 20 33 25 31 71 20
leaf_count=62 22 74 29 21 20 29 20 33 25 31 71 20
internal_value=0.000392092 0.000560138 0.000830925 0.00174361 0.00108911 0.000287258 3.40598e-05 0.000725806 -0.000175351 4.82624e-05 -0.000364924 -0.000350242
internal_weight=457 375 276 101 80 175 146 55 99 51 91 82
internal_count=457 375 276 101 80 175 146 55 99 51 91 82
is_linear=0
shrinkage=0.01


Tree=856
num_leaves=12
num_cat=0
split_feature=48 1 63 11 98 98 19 1 38 6 8
split_gain=0.697061 0.649436 1.5573 0.40303 0.28798 0.522387 0.28747 0.219279 0.0842846 0.0386787 0.0231242
threshold=5.0500000085000005 0.26989957150000005 0.92500019050000015 0.6775899285000001 17.974813495000003 19.605197285000003 20.865000000000006 0.20207864300000003 6.0714286055000004 0.35232742850000004 0.58027307150000007
decision_type=2 2 2 2 10 10 2 2 2 2 2
left_child=4 3 -3 10 9 -6 -7 -8 -9 -1 -2
right_child=1 2 -4 -5 5 6 7 8 -10 -11 -12
leaf_value=-0.00098141236616130557 -0.00048112393398492322 -0.00072241319012471923 5.9062422169003597e-05 0.00016503571190987129 0.00084291350875144227 0.00060496037313236104 2.011790977034825e-05 -2.5035142217285064e-05 1.6584755924367461e-06 -0.0031378089979350438 -9.6357640138135247e-07
leaf_weight=20 33 26 28 28 22 36 23 101 32 109 20
leaf_count=20 33 26 28 28 22 36 23 101 32 109 20
internal_value=0.000206767 0.000813696 0.00166058 0.000213936 -2.76325e-05 0.000190875 1.03733e-05 -0.000165816 -0.000332586 -0.000404469 -0.000269517
internal_weight=478 135 54 81 343 214 192 156 133 129 53
internal_count=478 135 54 81 343 214 192 156 133 129 53
is_linear=0
shrinkage=0.01


Tree=857
num_leaves=10
num_cat=0
split_feature=15 13 9 4 69 18 15 41 0
split_gain=0.61163 0.539016 0.586639 0.95966 1.41627 0.530122 0.508135 0.206186 0.0338796
threshold=0.59966028550000006 0.61424050850000012 0.59532512500000012 0.34065642850000005 20.240000725000005 0.53180140000000009 0.68313057150000012 4.1500000845000011 0.096013500000000015
decision_type=2 2 2 2 2 2 2 2 2
left_child=-1 -2 8 4 -4 6 -5 -7 -3
right_child=1 2 3 5 -6 7 -8 -9 -10
leaf_value=-0.0045435595866573112 0.0008432305570789826 -0.00058826674925751914 0.00043745740655512142 4.254915692924962e-05 -9.7002927078793661e-05 6.061424118869531e-05 6.6110090007080039e-05 -3.0463690041543069e-06 -4.3883935182699068e-05
leaf_weight=89 30 20 28 45 23 21 20 125 70
leaf_count=89 30 20 28 45 23 21 20 125 70
internal_value=0.000259644 0.000436259 0.00031746 0.000559361 0.00178571 0.000247875 0.000995441 -7.4932e-05 -0.000363436
internal_weight=471 382 352 262 51 211 65 146 90
internal_count=471 382 352 262 51 211 65 146 90
is_linear=0
shrinkage=0.01


Tree=858
num_leaves=12
num_cat=1
split_feature=30 7 99 19 96 15 5 60 88 16 64
split_gain=0.563439 0.72566 0.557173 0.717665 0.998149 0.840044 0.500751 0.279568 0.276469 0.454982 0.0369895
threshold=2.0428571615000002 0.51894237500000007 0 66.250000000000014 101.22713215000002 0.71008671400000012 0.37268525750000009 2.1700005530000004 13.022857190000002 0.59729738100000007 2.1949996945000003
decision_type=2 2 1 2 2 2 2 2 2 2 2
left_child=1 -1 -2 4 8 6 -6 -5 -4 -10 -9
right_child=2 -3 3 7 5 -7 -8 10 9 -11 -12
leaf_value=-4.2431582003512293e-06 -2.0499201970938839e-05 0.00028617559798368493 -0.0023029304341313666 2.4518103102196893e-05 0.00017261757031360127 0.00085686115957169439 0.00057439870183386289 -6.4742734412787079e-05 -0.0032857212158186738 0.00090165339133009808 2.5318227342438424e-05
leaf_weight=20 109 21 45 33 25 33 20 92 31 21 20
leaf_count=20 109 21 45 33 25 33 20 92 31 21 20
internal_value=0.000261257 0.0013756 0.000147743 0.000356711 0.000799204 0.00163706 0.00252183 -0.000140604 9.71369e-05 0.00060606 -0.000390071
internal_weight=470 41 429 320 175 78 45 145 97 52 112
internal_count=470 41 429 320 175 78 45 145 97 52 112
cat_boundaries=0 1
cat_threshold=176161996
is_linear=0
shrinkage=0.01


Tree=859
num_leaves=11
num_cat=0
split_feature=50 20 70 97 38 70 6 6 25 20
split_gain=1.53499 0.427473 0.500092 0.468846 0.338341 0.136535 0.26702 0.126589 0.202491 0.123825
threshold=9.8500000200000013 0.91428571500000011 53.684999470000001 26.398989690000004 6.314285721000001 67.479998590000022 0.45832935750000003 0.38904271450000005 1.9571428465000003 0.95714285950000011
decision_type=2 2 2 10 2 2 2 2 2 2
left_child=-1 5 4 -4 9 7 -7 8 -2 -3
right_child=1 2 3 -5 -6 6 -8 -9 -10 -11
leaf_value=5.0742668088815962e-05 0.00010252338648633735 4.9671074215444389e-06 0.00027521628992857025 -3.0326632688120523e-05 0.00022150991305610457 -0.0031277480593085295 0.00069695814417438501 -0.00016800929472638837 -0.0075629521701678342 -2.0569990174620339e-05
leaf_weight=35 20 20 36 20 33 26 25 135 28 66
leaf_count=35 20 20 36 20 33 26 25 135 28 66
internal_value=0.000260791 8.17471e-05 0.000457907 0.00123239 7.09515e-05 -0.000191653 0.000241313 -0.000323722 8.19671e-05 -0.000241936
internal_weight=444 409 175 56 119 234 51 183 48 86
internal_count=444 409 175 56 119 234 51 183 48 86
is_linear=0
shrinkage=0.01


Tree=860
num_leaves=9
num_cat=0
split_feature=94 44 35 10 11 7 97 27
split_gain=0.492699 0.411705 0.389703 0.315965 0.644781 0.290191 0.151624 0.0672714
threshold=20.300714085000003 15.599999910000003 3.4357142790000004 0.62670278550000014 0.69470721450000006 0.408022143 32.201832330000009 3.9214285440000003
decision_type=2 2 2 2 2 2 10 2
left_child=1 2 3 -1 -5 -4 7 -7
right_child=-2 -3 5 4 -6 6 -8 -9
leaf_value=-0.00098510970372213034 0.00013671027497284865 9.0541737794509188e-05 0.00096892423038278904 9.6659910181959814e-05 4.9053919279391371e-05 -4.769254158845324e-05 9.9692404268789581e-05 -0.00017366286830400906
leaf_weight=25 33 20 20 26 38 46 39 229
leaf_count=25 33 20 20 26 38 46 39 229
internal_value=6.29193e-05 -2.14062e-05 -9.32045e-05 0.00048441 0.000864197 -0.000253883 -0.000333545 -0.000418782
internal_weight=476 443 423 89 64 334 314 275
internal_count=476 443 423 89 64 334 314 275
is_linear=0
shrinkage=0.01


Tree=861
num_leaves=14
num_cat=1
split_feature=99 4 1 18 91 34 86 26 27 81 1 0 6
split_gain=0.671197 0.913904 1.17803 0.427822 0.724923 0.762159 0.218804 0.314125 0.177298 0.147371 0.243352 0.0257349 0.0226349
threshold=0 0.39647671450000005 0.29363107150000006 0.56259550000000014 21.412857260000006 5.571428537000001 14.749999930000001 2.2428571245000004 4.0499999865000005 8.5078571865000026 0.24388165700000003 0.16146656950000002 0.40597171450000008
decision_type=1 2 2 2 2 2 2 2 2 2 2 2 2
left_child=6 3 -3 11 8 -6 9 -8 12 10 -1 -2 -5
right_child=1 2 -4 4 5 -7 7 -9 -10 -11 -12 -13 -14
leaf_value=3.6644392645390956e-05 -0.0038730232912167679 0.00061213868950099474 5.0104568117595773e-05 -2.3837316168981002e-06 0.00047012836901604601 0.00033681915112866365 -0.0069568988356008468 0.0004428971101793963 4.059496562121206e-06 -0.00029029772415466051 -2.2897835647579997e-05 -0.0027341700952142225 -0.0014617213502339371
leaf_weight=29 39 20 22 20 26 31 20 28 21 112 34 20 32
leaf_count=29 39 20 22 20 26 31 20 28 21 112 34 20 32
internal_value=0.000310026 0.000672043 0.00203271 0.00038725 0.000711009 0.00154844 -8.34047e-05 0.000491803 2.03251e-05 -0.000258817 0.000101881 -0.000292642 -0.000265152
internal_weight=454 231 42 189 130 57 223 48 73 175 63 59 52
internal_count=454 231 42 189 130 57 223 48 73 175 63 59 52
cat_boundaries=0 1
cat_threshold=8455707
is_linear=0
shrinkage=0.01


Tree=862
num_leaves=12
num_cat=0
split_feature=44 19 19 8 17 15 76 50 17 34 2
split_gain=0.881736 0.266431 0.424681 1.02116 0.375558 0.719734 0.186316 0.175777 0.38051 0.0919155 0.0373232
threshold=15.949999745000001 66.250000000000014 50.895000000000003 0.59541307150000011 0.68784068600000015 0.71120335700000015 95.604997635000018 10.999999955000002 0.67995178550000002 6.0142857690000016 0.33941090000000007
decision_type=2 2 2 2 2 2 2 2 2 2 2
left_child=1 2 4 -4 6 -6 10 8 -3 -9 -1
right_child=-2 7 3 -5 5 -7 -8 9 -10 -11 -12
leaf_value=-0.0027463522074963921 0.00060755207846471999 -9.0211704167569382e-05 0.00018573817342913565 -0.0032031447954833942 0.00018242975439535951 -2.6355733564791834e-05 0.00024705194070842563 -1.2619160955353479e-05 7.7310636963040381e-05 0.00023906166877414231 -0.0051370097575967567
leaf_weight=95 22 27 20 28 21 32 28 136 20 32 20
leaf_count=95 22 27 20 28 21 32 28 136 20 32 20
internal_value=0.0001401 4.02348e-05 0.000269608 0.00110656 5.08129e-05 0.000771375 -0.000205146 -0.000210843 0.000303347 -0.000367299 -0.000392919
internal_weight=481 459 244 48 196 53 143 215 47 168 115
internal_count=481 459 244 48 196 53 143 215 47 168 115
is_linear=0
shrinkage=0.01


Tree=863
num_leaves=9
num_cat=0
split_feature=37 45 44 96 18 15 38 1
split_gain=0.51691 0.387453 0.567085 0.597969 0.367937 0.704224 0.102004 0.0253349
threshold=5.414285694000001 5.5499999675000007 3.0999999795000006 70.137508020000013 0.50484264300000004 0.70765807150000015 6.128571442000001 0.25037785700000004
decision_type=2 2 2 2 2 2 2 2
left_child=1 2 -1 -4 7 -6 -3 -5
right_child=-2 6 3 4 5 -7 -8 -9
leaf_value=-0.0067441707471019782 5.8083008448412013e-05 -3.8446784271396995e-05 0.00092591725129250802 -0.0026831356852911178 0.00021869707699300538 -3.1658817965316602e-07 3.2741459289326112e-07 -0.00047758752047888527
leaf_weight=66 27 90 27 20 99 100 26 38
leaf_count=66 27 90 27 20 99 100 26 38
internal_value=0.000266302 0.000182091 0.000350627 0.000547753 0.000385958 0.000593093 -0.000308219 -0.000289116
internal_weight=493 466 350 284 257 199 116 58
internal_count=493 466 350 284 257 199 116 58
is_linear=0
shrinkage=0.01


Tree=864
num_leaves=13
num_cat=0
split_feature=6 3 23 1 50 17 15 84 6 0 0 1
split_gain=0.570392 0.769849 1.19721 0.612231 0.341098 0.204865 0.516385 0.212542 0.106886 0.041986 0.0216024 0.0180012
threshold=0.48931390450000006 0.3874656425000001 1.8785714080000002 0.23656526200000003 9.8000003285000012 0.68839085700000013 0.70211948550000014 15.943571430000002 0.45832935750000003 0.28231254200000006 0.21544741650000002 0.27035092850000003
decision_type=2 2 2 2 2 2 2 2 2 2 2 2
left_child=4 2 3 -2 -1 7 -7 9 -8 -6 -3 -5
right_child=1 10 -4 11 5 6 8 -9 -10 -11 -12 -13
leaf_value=2.1667153987987791e-05 0.00016415966852276239 -2.838545930343994e-06 0.0004237485834171966 -2.0990737754965864e-06 -0.00061749703545980062 0.0005212468131870464 -0.00046907171677366147 0.00037159970904205398 0.001758628206518102 8.2598187975736236e-07 -0.0012445790686536184 -2.5499266511219835e-06
leaf_weight=23 20 20 32 24 163 23 46 29 20 20 30 20
leaf_count=23 20 20 32 24 163 23 46 29 20 20 30 20
internal_value=0.000197536 0.000715259 0.00123967 0.000401234 -3.07883e-05 -0.000127568 0.000261693 -0.000300752 -0.000164671 -0.000432535 -0.000255906 -0.000223214
internal_weight=470 146 96 64 324 301 89 212 66 183 50 44
internal_count=470 146 96 64 324 301 89 212 66 183 50 44
is_linear=0
shrinkage=0.01


Tree=865
num_leaves=10
num_cat=0
split_feature=27 11 63 17 15 3 28 66 14
split_gain=0.980346 0.526399 0.338687 0.977678 0.620359 0.740073 0.0655167 0.16772 0.0413292
threshold=3.8714285750000004 0.66329671450000005 2.7449998855000004 0.62812403550000007 0.72790397600000012 0.27177692900000006 3.9571428810000007 30.160000805000003 0.76021457150000005
decision_type=2 2 2 2 2 2 2 2 2
left_child=1 -1 8 6 5 -5 7 -4 -2
right_child=2 -3 3 4 -6 -7 -8 -9 -10
leaf_value=0.00013494794383619196 -4.1546822709846492e-06 1.6237214615073723e-05 -0.0034712842998604388 -2.2087197949468476e-05 -3.2658659934012031e-05 0.0007783325961989554 -0.0037933343271963666 0.00062558597317796877 3.3353299191111187e-05
leaf_weight=27 149 25 42 24 29 30 91 26 20
leaf_count=27 149 25 42 24 29 30 91 26 20
internal_value=7.86976e-05 0.00136364 -8.13503e-05 0.000152389 0.00103222 0.00166058 -0.000297247 -2.90699e-05 -0.000426973
internal_weight=463 52 411 242 83 54 159 68 169
internal_count=463 52 411 242 83 54 159 68 169
is_linear=0
shrinkage=0.01


Tree=866
num_leaves=13
num_cat=0
split_feature=92 1 2 14 4 44 94 19 4 66 4 1
split_gain=0.473599 0.834095 1.36816 0.463589 0.518856 0.392327 0.375552 0.312354 0.116931 0.29024 0.031233 0.0244948
threshold=17.336428505000004 0.22631435750000004 0.29531650000000004 0.69206594050000014 0.42580650000000003 15.949999745000001 17.060714315000002 79.88000000000001 0.33806902850000004 28.510000705000003 0.32441672450000009 0.20697730950000001
decision_type=2 2 2 2 2 2 2 2 2 2 2 2
left_child=5 11 -3 -4 -5 6 7 -1 9 10 -8 -2
right_child=1 2 3 4 -6 -7 8 -9 -10 -11 -12 -13
leaf_value=0.00012747267920968364 -0.0057099506662804233 0.00060072819465755063 -0.0014727541468372797 6.831726401087992e-05 -0.00017336695484206112 9.2085318268184672e-05 -0.0005998521800305688 -1.4735270339700699e-06 -5.6423899383522879e-06 6.6855085197039483e-05 0.00022165035250556632 4.1617433432343949e-05
leaf_weight=32 36 35 34 21 21 20 57 29 121 28 20 20
leaf_count=32 36 35 34 21 21 20 57 29 121 28 20 20
internal_value=0.000254844 0.00068236 0.00118515 0.000390625 0.00109813 1.46198e-05 -7.47048e-05 0.000606796 -0.00026896 -4.72602e-06 -0.000340617 -0.00028169
internal_weight=474 167 111 76 42 307 287 61 226 105 77 56
internal_count=474 167 111 76 42 307 287 61 226 105 77 56
is_linear=0
shrinkage=0.01


Tree=867
num_leaves=9
num_cat=0
split_feature=50 11 56 83 98 4 19 36
split_gain=1.10306 0.514744 0.397523 0.416898 0.472005 0.14004 0.289535 0.0371677
threshold=9.8500000200000013 0.66916321400000012 0.25000000350000007 6.6842856920000004 28.279382665000004 0.39647671450000005 77.240000000000023 3.3714285240000001
decision_type=2 2 2 2 10 2 2 2
left_child=1 -1 -2 4 5 7 -7 -4
right_child=2 -3 3 -5 -6 6 -8 -9
leaf_value=0.00013457419306502739 8.0075517274891874e-05 1.3252151678190671e-05 -5.9267133978835915e-07 0.00059847955617885749 0.0003340380573254006 6.1392838652992576e-05 -8.7046055425817249e-06 -0.00038129601848933803
leaf_weight=20 21 20 56 22 22 40 48 238
leaf_count=20 21 20 56 22 22 40 48 238
internal_value=9.12258e-05 0.00166667 -4.80126e-05 -0.000119494 -0.000197629 -0.000284744 4.50449e-05 -0.000390095
internal_weight=487 40 447 426 404 382 88 294
internal_count=487 40 447 426 404 382 88 294
is_linear=0
shrinkage=0.01


Tree=868
num_leaves=9
num_cat=0
split_feature=37 56 50 79 25 4 12 2
split_gain=1.05324 0.35652 0.361965 0.25516 0.369681 0.378323 0.222818 0.0394822
threshold=5.414285694000001 0.25000000350000007 9.8500000200000013 7.3785713530000008 1.9000000230000003 0.36148483350000005 0.60758183300000013 0.35634092850000004
decision_type=2 2 2 2 2 2 2 2
left_child=1 -1 -3 4 6 -6 -4 -5
right_child=-2 2 3 7 5 -7 -8 -9
leaf_value=0.00015507588576539526 0.00021012028928628912 3.9046978239344948e-05 0.00019884921845020513 -0.0019323750863025435 -5.124816762480406e-05 0.00047304106312315102 -2.6259072368561167e-06 -8.8532300343993625e-05
leaf_weight=20 25 21 20 119 45 26 184 20
leaf_count=20 25 21 20 119 45 26 184 20
internal_value=0.000183028 6.69152e-05 1.1472e-06 -6.02701e-05 0.000110587 0.000731198 -9.76564e-05 -0.000411302
internal_weight=480 455 435 414 275 71 204 139
internal_count=480 455 435 414 275 71 204 139
is_linear=0
shrinkage=0.01


Tree=869
num_leaves=9
num_cat=0
split_feature=50 27 97 97 2 79 98 19
split_gain=0.695665 0.54925 0.261539 0.460413 0.191527 0.236168 0.184446 0.039407
threshold=9.8500000200000013 3.7928571530000004 23.530456615000002 24.908891955000005 0.31354950000000009 7.3785713530000008 19.605197285000003 17.510000000000002
decision_type=2 2 8 8 2 2 8 2
left_child=-1 -2 6 -4 5 -5 -3 -8
right_child=1 2 3 4 -6 -7 7 -9
leaf_value=3.6357518284741911e-05 0.00010338948937399838 0.00047587050805467568 0.00059367393943135028 0.00026062042607138822 -3.7395749816856964e-05 -0.0034149097267702224 -2.8246540453055509e-06 -0.00018089341403595624
leaf_weight=37 29 30 22 131 45 34 20 118
leaf_count=37 29 30 22 131 45 34 20 118
internal_value=0.000267781 0.000147743 4.49101e-05 0.000266323 0.000109108 0.000274427 -0.000248815 -0.000410663
internal_weight=466 429 400 232 210 165 168 138
internal_count=466 429 400 232 210 165 168 138
is_linear=0
shrinkage=0.01


Tree=870
num_leaves=10
num_cat=0
split_feature=85 86 8 48 33 50 17 43 27
split_gain=1.28339 0.655805 0.59295 0.280661 0.41864 0.242584 0.214616 0.131952 0.0643264
threshold=14.003571650000003 14.782857210000001 0.48546688100000007 5.9499999580000011 4.0428571530000008 10.250000150000002 0.73236200000000007 17.150000155000004 4.1571428610000014
decision_type=2 2 2 2 2 2 2 2 2
left_child=2 -2 -1 6 5 -5 7 8 -4
right_child=1 -3 3 4 -6 -7 -8 -9 -10
leaf_value=0.00098256800988322907 0.00020948237246870492 9.5598408603828468e-05 -7.7686222875533975e-05 2.8681300138873738e-05 0.000166466274611536 -1.5147857960999911e-05 9.9125255463413988e-07 9.8940904296015021e-05 -2.7208266756359368e-06
leaf_weight=31 26 28 190 20 23 43 25 20 46
leaf_count=31 26 28 190 20 23 43 25 20 46
internal_value=0.000225265 0.00166058 2.25676e-05 -8.56445e-05 0.000403226 0 -0.00024308 -0.000334891 -0.000405406
internal_weight=452 54 398 367 86 63 281 256 236
internal_count=452 54 398 367 86 63 281 256 236
is_linear=0
shrinkage=0.01


Tree=871
num_leaves=12
num_cat=1
split_feature=99 27 64 15 33 8 9 57 34 16 1
split_gain=0.589651 0.828044 0.818489 0.256427 0.361353 0.941838 0.647571 0.477739 0.207277 0.121796 0.0381349
threshold=0 3.8714285750000004 0.48000001900000006 0.72758228550000015 4.1500000360000007 0.54402878550000011 0.53159475000000012 3.0499999825000006 5.2357142655000013 0.75160978600000006 0.18920292850000001
decision_type=1 2 2 2 2 2 2 2 2 2 2
left_child=10 2 -2 4 6 -6 -3 -7 -8 -5 -1
right_child=1 3 -4 9 5 7 8 -9 -10 -11 -12
leaf_value=-0.0036259085304008233 -5.0728525018126446e-05 0.00092261459721705054 0.00012704665725184563 -8.7360300500754045e-05 -0.0013745298029871277 0.00064490961773160441 3.224024948115169e-05 0.00060367626822919389 -0.0015413923978243778 0.0017402062103363497 -1.0913953424843907e-05
leaf_weight=20 23 22 21 63 30 20 28 32 86 20 103
leaf_count=20 23 22 21 63 30 20 28 32 86 20 103
internal_value=0.000200512 0.000408937 0.00169643 0.000223658 0.000406764 0.000929952 7.30993e-05 0.00174242 -0.00021777 -0.000232697 -0.000369955
internal_weight=468 345 44 301 218 82 136 52 114 83 123
internal_count=468 345 44 301 218 82 136 52 114 83 123
cat_boundaries=0 1
cat_threshold=37814850
is_linear=0
shrinkage=0.01


Tree=872
num_leaves=13
num_cat=0
split_feature=85 19 17 15 14 7 17 43 43 26 2 12
split_gain=0.777499 0.562268 0.472432 0.854491 0.964803 0.305985 0.128663 0.0701597 0.236688 0.0409586 0.0304949 0.0261223
threshold=14.003571650000003 36.57500000000001 0.68524642850000006 0.71941769050000015 0.68489878550000005 0.62304800000000016 0.7348106430000001 14.600000305000002 15.100000260000002 2.4999999915000006 0.30027564250000005 0.73944978550000007
decision_type=2 2 2 2 2 2 2 2 2 2 2 2
left_child=2 -2 5 4 -4 7 11 9 -9 -1 -10 -5
right_child=1 -3 3 6 -6 -7 -8 8 10 -11 -12 -13
leaf_value=-0.00041012110927306293 1.0827278994059719e-05 0.00014537512042864473 4.4280950684830598e-05 -6.1410807660996469e-05 0.00014893907547248455 0.00057913343965051826 0.0011050721651608725 0.0005938183357406591 -0.0028167048229350605 -0.0004097292602067522 2.1589539962592331e-06 1.13810659088142e-05
leaf_weight=142 20 33 20 40 25 30 27 20 54 20 20 20
leaf_count=142 20 33 20 40 25 30 27 20 54 20 20 20
internal_value=0.000196058 0.001329 4.53676e-05 0.000542169 0.00164847 -0.000177824 -1.70844e-05 -0.00029595 -5.27427e-05 -0.000423833 -0.000334225 -0.000296053
internal_weight=471 53 418 132 45 286 87 256 94 162 74 60
internal_count=471 53 418 132 45 286 87 256 94 162 74 60
is_linear=0
shrinkage=0.01


Tree=873
num_leaves=11
num_cat=0
split_feature=85 47 15 19 19 44 18 15 1 20
split_gain=1.41896 0.417645 0.569996 0.466718 0.635208 0.388718 0.147653 0.0745548 0.24985 0.0425128
threshold=14.003571650000003 0.94999998800000018 0.7266769525000002 29.740000000000006 17.510000000000002 11.599999860000002 0.63711014300000013 0.6253540955000001 0.23641135700000002 1.0428571490000003
decision_type=2 2 2 2 2 2 2 2 2 2
left_child=1 3 -3 4 6 -2 -1 8 -5 -9
right_child=5 2 -4 7 -6 -7 -8 9 -10 -11
leaf_value=-0.0034713742085994898 2.7988311984899981e-05 0.00018986743758033135 -0.00012617503083258317 -0.010478999342459954 5.2855281061846778e-05 0.00023428998955307389 0.0031223435272753897 -1.7513478355110558e-05 0.00057977952918823164 -0.00043481105976720443
leaf_weight=37 22 38 23 46 24 23 27 176 20 20
leaf_count=37 22 38 23 46 24 23 27 176 20 20
internal_value=0.000197023 6.07079e-06 0.000768608 -0.000122577 0.000495495 0.00186681 -1.17738e-10 -0.000338661 -1.49702e-05 -0.000436992
internal_weight=456 411 61 350 88 45 64 262 66 196
internal_count=456 411 61 350 88 45 64 262 66 196
is_linear=0
shrinkage=0.01


Tree=874
num_leaves=11
num_cat=0
split_feature=97 66 25 54 13 9 44 16 1 13
split_gain=0.687314 0.50181 0.920865 0.334663 0.372512 0.944861 0.140883 0.102943 0.0757048 0.0426612
threshold=23.154861850000007 30.640000345000001 1.9571428595000002 8.0500000790000019 0.70795712000000011 0.59387812500000015 15.749999955000002 0.58913064300000018 0.21896233300000004 0.75505309150000011
decision_type=10 2 2 2 2 2 2 2 2 2
left_child=6 3 -3 7 5 -5 9 -2 -6 -1
right_child=1 2 -4 4 8 -7 -8 -9 -10 -11
leaf_value=-0.0004535006522890005 -0.00067279817558698999 0.00057432535501517122 -0.00011790352313531997 -0.00072242865146713978 0.00073579181233395516 7.7512141107174474e-05 5.0834185552223012e-06 -2.5719760668268098e-05 -2.8350794579337472e-06 6.034779865797646e-05
leaf_weight=180 24 35 29 25 20 20 20 71 26 20
leaf_count=180 24 35 29 25 20 20 20 71 26 20
internal_value=4.88529e-05 0.000410686 0.00117284 0.000133833 0.000571895 0.00121179 -0.000353261 -0.00026618 -2.13676e-05 -0.000438247
internal_weight=470 250 64 186 91 45 220 95 46 200
internal_count=470 250 64 186 91 45 220 95 46 200
is_linear=0
shrinkage=0.01


Tree=875
num_leaves=10
num_cat=1
split_feature=37 99 16 44 54 98 4 31 0
split_gain=0.794977 0.355902 0.481379 0.829725 0.300534 0.354513 0.0963638 0.0371026 0.033148
threshold=5.414285694000001 0 0.5855260000000001 4.0500000195000014 0.99999999650000004 26.579158200000006 0.37315550000000003 1.9714285905000002 0.15448225000000002
decision_type=2 1 2 2 2 8 2 2 2
left_child=1 7 8 -4 6 -6 -5 -1 -3
right_child=-2 2 3 4 5 -7 -8 -9 -10
leaf_value=-3.4311899193013365e-06 0.0001608899834578409 -0.0036944137045179849 0.00085874726771920334 3.4338471264920502e-05 2.5943769095506006e-05 -0.00016564140695429688 0.00015496012334915304 -3.1810086406002479e-05 -0.001452362335072588
leaf_weight=20 29 66 30 21 103 70 24 93 20
leaf_count=20 29 66 30 21 103 70 24 93 20
internal_value=0.000209731 9.93746e-05 0.000263921 0.000498392 0.000269653 6.61679e-05 0.00099345 -0.000359451 -0.000357143
internal_weight=476 447 334 248 218 173 45 113 86
internal_count=476 447 334 248 218 173 45 113 86
cat_boundaries=0 1
cat_threshold=136381664
is_linear=0
shrinkage=0.01


Tree=876
num_leaves=11
num_cat=0
split_feature=56 37 97 65 18 97 54 56 0 0
split_gain=1.21869 0.812198 0.290268 0.222779 0.374075 1.20508 0.129138 0.191897 0.0427332 0.0264977
threshold=0.25000000350000007 5.414285694000001 33.524162140000008 40.710000995000009 0.57402792850000017 21.841133310000004 7.4000000880000014 10.849999935000001 0.070212250000000018 0.087940229000000023
decision_type=2 2 8 2 2 10 2 2 2 2
left_child=-1 2 3 6 5 -5 8 -8 -2 -6
right_child=1 -3 -4 4 9 -7 7 -9 -10 -11
leaf_value=0.00050493003828035632 -0.0006921634431720264 0.00019532523088715799 0.00022300991331925508 -0.0074612659646252277 -0.00061465646454760047 0.00068850792075164646 4.1041810417653811e-05 -0.00010855958771551721 -3.6970645787609342e-05 -0.00064346918705322266
leaf_weight=23 20 25 38 29 20 21 20 25 182 41
leaf_count=23 20 25 38 29 20 21 20 25 182 41
internal_value=0.000170863 4.14887e-05 -6.55243e-05 -0.000158863 0.000201252 0.000846457 -0.000328894 0.000120087 -0.000438856 -0.000299353
internal_weight=444 421 396 358 111 50 247 45 202 61
internal_count=444 421 396 358 111 50 247 45 202 61
is_linear=0
shrinkage=0.01


Tree=877
num_leaves=10
num_cat=0
split_feature=85 5 27 18 11 10 88 51 3
split_gain=0.717913 0.517698 0.320137 0.375592 0.298553 1.01744 0.179518 0.0926667 0.0710918
threshold=14.003571650000003 0.42560378550000005 3.9428571120000004 0.5649183095000001 0.6760767860000001 0.66748757100000011 12.941428525000001 53.700000285000009 0.33971077550000006
decision_type=2 2 2 2 2 2 2 2 2
left_child=2 -2 3 8 7 -6 -7 -4 -1
right_child=1 -3 4 -5 5 6 -8 -9 -10
leaf_value=-0.0013568935942411609 -0.00050877141801442482 0.0001362848048750395 -6.0961909558952523e-05 0.00037597824154145021 8.6401616125263318e-05 -6.4066448604759005e-05 0.00045986112023755585 -9.6575096047773263e-07 0.0003158407383138067
leaf_weight=24 27 24 184 30 21 73 30 34 20
leaf_count=24 27 24 184 30 21 73 30 34 20
internal_value=9.5126e-05 0.00120656 -3.83878e-05 0.000548128 -0.000172112 0.000208333 -0.000187861 -0.000397624 -1.17081e-10
internal_weight=467 51 416 74 342 124 103 218 44
internal_count=467 51 416 74 342 124 103 218 44
is_linear=0
shrinkage=0.01


Tree=878
num_leaves=11
num_cat=0
split_feature=15 15 16 65 31 24 15 10 56 53
split_gain=0.509398 0.496113 0.5789 0.739529 0.785602 0.462974 0.713028 0.507619 0.301305 0.273221
threshold=0.59966028550000006 0.72790397600000012 0.69003928600000008 36.099998475000007 2.8642857245000006 1.7928571490000003 0.62680950000000013 0.66748757100000011 10.299999980000001 2.8000000010000003
decision_type=2 2 2 2 2 2 2 2 2 2
left_child=-1 2 5 -4 -5 8 -7 -8 -2 -3
right_child=1 9 3 4 -6 6 7 -9 -10 -11
leaf_value=-0.0043710748168529238 -0.0004543220651487782 -4.141151376714266e-05 4.9279241470483049e-06 0.00027518314710887974 7.0530293393282099e-05 0.0010622041187122071 -0.00035901474018704214 0.00026409044527314065 2.70296976655341e-05 7.2232706566547093e-06
leaf_weight=84 79 83 32 25 24 24 52 24 20 22
leaf_count=84 79 83 32 25 24 24 52 24 20 22
internal_value=0.000220306 0.000377138 0.00059829 0.00131418 0.00207831 0.000292793 0.000773809 0.000260417 -0.000175351 -0.000193762
internal_weight=469 385 280 81 49 199 100 76 99 105
internal_count=469 385 280 81 49 199 100 76 99 105
is_linear=0
shrinkage=0.01


Tree=879
num_leaves=10
num_cat=0
split_feature=16 82 6 38 10 48 29 52 4
split_gain=0.363653 0.457288 0.623216 0.387163 0.486268 0.373559 0.24985 0.154132 0.0508256
threshold=0.55146235700000013 6.9000000525000003 0.51452969050000008 5.435714313000001 0.54578737500000007 6.1999998575000008 4.5142856835000016 20.850000380000001 0.33170807150000003
decision_type=2 2 2 2 2 2 2 2 2
left_child=-1 3 5 -2 -5 6 -3 8 -6
right_child=1 2 -4 4 7 -7 -8 -9 -10
leaf_value=-0.0039462094863469714 2.6321852290410011e-05 -0.0021475429167347126 0.00049816861885319938 0.00016717026244073341 -5.6247326507045927e-06 0.00014084917652321143 0.0014563793724720519 2.4247165553510984e-05 -6.1726193359201817e-05
leaf_weight=73 39 46 30 20 49 25 20 33 127
leaf_count=73 39 46 30 20 49 25 20 33 127
internal_value=0.000166378 0.000291175 0.000800492 5.20832e-05 -9.79113e-05 0.00035403 -1.49702e-05 -0.000250238 -0.000373303
internal_weight=462 389 121 268 229 91 66 209 176
internal_count=462 389 121 268 229 91 66 209 176
is_linear=0
shrinkage=0.01


Tree=880
num_leaves=9
num_cat=0
split_feature=42 44 83 18 14 72 14 49
split_gain=0.54636 0.551567 0.26942 0.220731 0.47208 0.975301 0.142342 0.0397726
threshold=1.0000000180025095e-35 15.949999745000001 6.6842856920000004 0.55706690500000011 0.70938507150000019 79.78500080500001 0.7663892750000002 11.500000190000003
decision_type=2 2 2 2 2 2 2 2
left_child=-1 2 3 7 5 -5 -6 -2
right_child=1 -3 -4 4 6 -7 -8 -9
leaf_value=0.00026214957790366539 -1.6717243820971452e-05 0.00054856839938917292 0.00051969702068361938 -2.7582374212082357e-06 -4.1093238116992291e-05 0.00015056899507687326 8.4518328010540217e-05 -0.0014919079851202768
leaf_weight=29 20 23 26 59 108 52 20 123
leaf_count=29 20 23 26 59 108 52 20 123
internal_value=0.000147569 5.21073e-05 -2.93543e-05 -0.000101881 7.71475e-05 0.000559034 -0.000326087 -0.000413769
internal_weight=460 431 408 382 239 111 128 143
internal_count=460 431 408 382 239 111 128 143
is_linear=0
shrinkage=0.01


Tree=881
num_leaves=9
num_cat=1
split_feature=99 27 52 97 82 34 9 83
split_gain=0.678356 1.31155 0.487964 0.504136 1.02354 0.354373 0.147044 0.133117
threshold=0 3.8714285410000007 10.750000000000002 22.200154955000006 6.9192857140000008 5.5285714350000008 0.54769005000000015 6.4249999350000007
decision_type=1 2 2 8 2 2 2 2
left_child=6 -2 3 -3 5 -5 -1 -4
right_child=1 2 7 4 -6 -7 -8 -9
leaf_value=0.00056782570470848448 0.00010284657846333878 -0.00073404254822062847 -2.2560203932207578e-05 2.3254815763578481e-05 0.00062153871135244736 -2.7691237645396406e-06 -0.0010472210263337792 0.00084808977194925832
leaf_weight=20 34 39 83 72 34 63 126 20
leaf_count=20 34 39 83 72 34 63 126 20
internal_value=0.000228751 0.000465149 0.000264593 0.000545977 0.000786219 0.00037187 -0.000325255 -0.000284201
internal_weight=491 345 311 208 169 135 146 103
internal_count=491 345 311 208 169 135 146 103
cat_boundaries=0 1
cat_threshold=4262947
is_linear=0
shrinkage=0.01


Tree=882
num_leaves=14
num_cat=1
split_feature=38 4 99 18 15 6 57 60 18 18 98 48 30
split_gain=1.08845 1.05583 0.534337 0.651484 1.15741 2.16006 0.328281 0.308817 0.954814 0.258299 0.232716 0.0889461 0.0362666
threshold=6.2785714015000007 0.37315550000000003 0 0.60969867250000009 0.71941769050000015 0.41309635700000008 3.6000000390000007 3.4700002670000005 0.55870121400000017 0.55870121400000017 26.397590145000006 4.0999999530000011 2.4714285730000003
decision_type=2 2 1 2 2 2 2 2 2 2 10 2 2
left_child=2 -2 12 7 5 6 -5 8 -4 11 -6 -9 -1
right_child=1 -3 3 4 10 -7 -8 9 -10 -11 -12 -13 -14
leaf_value=-2.2759554329009293e-05 1.2368261969141308e-05 0.0002673715723730208 0.0002152689374842701 -7.5037866218461051e-06 -9.6057217002717033e-06 0.00043240018999921899 0.00056748841724925121 -0.0023611044669281105 -1.3891917778819431e-05 0.00061888848377103587 0.00051803437218913618 3.6017824621249212e-05 -0.0009108741870183704
leaf_weight=86 25 26 25 20 39 24 20 96 30 20 20 30 20
leaf_count=86 25 26 25 20 39 24 20 96 30 20 20 30 20
internal_value=0.000409921 0.00178571 0.00023909 0.000436081 0.00102181 0.00194444 0.000441176 8.67194e-05 0.000725806 -0.000143052 0 -0.000323344 -0.000351028
internal_weight=481 51 430 324 123 64 40 201 55 146 59 126 106
internal_count=481 51 430 324 123 64 40 201 55 146 59 126 106
cat_boundaries=0 1
cat_threshold=180421672
is_linear=0
shrinkage=0.01


Tree=883
num_leaves=12
num_cat=0
split_feature=52 65 65 67 9 12 80 52 5 27 30
split_gain=0.449674 0.487327 0.436472 0.411923 0.390842 0.700943 0.26003 0.208585 0.179648 0.134304 0.0331087
threshold=10.750000000000002 35.210000515000011 40.60999918000001 33.025001050000007 0.6687478750000001 0.67817089300000022 5.814285678500001 8.0499999075000019 0.48596064300000003 4.1499999930000007 2.5642857210000005
decision_type=2 2 2 2 2 2 2 2 2 2 2
left_child=1 3 7 -1 5 6 -4 10 9 -2 -3
right_child=8 2 4 -5 -6 -7 -8 -9 -10 -11 -12
leaf_value=-9.753045607241465e-06 -1.8502369029110133e-05 -6.8721668734227006e-05 -0.00037532334054609187 0.00050024289139291057 -0.0013728448479545764 7.2329888686190681e-05 0.0005058152511659375 0.00059258006532369773 3.1013057844363834e-06 -1.2802252002958001e-05 -6.5490581913218375e-05
leaf_weight=23 131 80 22 24 33 26 24 39 28 22 21
leaf_count=23 131 80 22 24 33 26 24 39 28 22 21
internal_value=0.000172013 0.000416667 0.000225793 0.00134937 0.00071361 0.00112637 0.000320513 -0.000127841 -0.000211771 -0.000354356 -0.000378193
internal_weight=473 292 245 47 105 72 46 140 181 153 101
internal_count=473 292 245 47 105 72 46 140 181 153 101
is_linear=0
shrinkage=0.01


Tree=884
num_leaves=11
num_cat=0
split_feature=97 4 97 2 18 17 17 98 17 26
split_gain=0.701775 0.636843 1.15269 0.692807 1.14381 0.274287 0.248879 0.113684 0.0648855 0.0410677
threshold=22.836835770000004 0.31831735700000002 25.357781215000003 0.26509064250000008 0.50580554750000017 0.72893757150000005 0.68903750000000008 18.001330375000006 0.68903750000000008 1.8857142755000003
decision_type=10 2 10 2 2 2 2 8 2 2
left_child=5 6 -3 -4 -5 7 -2 -1 -6 -9
right_child=1 2 3 4 8 -7 -8 9 -10 -11
leaf_value=-7.3829458973030142e-05 -0.0048792581343884214 0.00035389014881626296 0.00049641556366777451 0.0002635203957429601 -1.3893536636911012e-05 8.4493257129565069e-05 7.1055200763901072e-05 4.5944562297809896e-07 -1.3484280699505177e-06 -0.00011689250766750767
leaf_weight=23 62 30 21 26 63 20 22 20 34 144
leaf_count=23 62 30 21 26 63 20 22 20 34 144
internal_value=0.000226492 0.000575734 0.000921053 0.000524862 0.000214055 -0.000199711 -0.000117925 -0.000327476 -0.000270961 -0.000424757
internal_weight=465 258 174 144 123 207 84 187 97 164
internal_count=465 258 174 144 123 207 84 187 97 164
is_linear=0
shrinkage=0.01


Tree=885
num_leaves=11
num_cat=0
split_feature=83 57 57 15 30 54 15 8 9 70
split_gain=0.670106 0.436253 0.790523 0.663192 0.521352 0.172449 0.282387 0.146915 0.430784 0.0412264
threshold=6.6842856920000004 2.0000000185000002 1.8499999530000004 0.65142042900000019 2.2000000225000007 8.0500000790000019 0.72018407150000008 0.61194485700000012 0.59954969150000015 69.445000175000018
decision_type=2 2 2 2 2 2 2 2 2 2
left_child=1 2 3 4 -1 9 -7 8 -5 -3
right_child=-2 5 -4 7 -6 6 -8 -9 -10 -11
leaf_value=-1.6908627450701666e-06 0.00051693237747298256 -0.00054962410621980917 0.00021270042736240734 -3.4138873544891611e-05 0.00081799642134832578 7.2416696555210923e-05 -0.0015700286671389793 -1.3870515879674532e-05 1.4884898315560673e-05 -6.460871652094608e-06
leaf_weight=20 26 147 21 45 25 25 29 76 30 20
leaf_count=20 26 147 21 45 25 25 29 76 30 20
internal_value=0.000141996 4.32998e-05 0.000365014 0.000152439 0.00121179 -0.000263751 0.00020073 -0.000154809 0.000138522 -0.000426103
internal_weight=464 438 217 196 45 221 54 151 75 167
internal_count=464 438 217 196 45 221 54 151 75 167
is_linear=0
shrinkage=0.01


Tree=886
num_leaves=10
num_cat=0
split_feature=48 97 2 4 18 25 41 41 16
split_gain=0.835522 0.589967 0.461037 1.34854 0.605684 0.467348 0.481687 0.147718 0.104213
threshold=7.0999999795000006 26.491775155000003 0.30255309500000011 0.38540292850000007 0.55706690500000011 1.8642857075000003 7.8999998420000006 3.0000000000000004 0.69962471450000019
decision_type=2 10 2 2 2 2 2 2 2
left_child=2 -2 3 4 -1 8 -7 -4 -6
right_child=1 -3 7 -5 5 6 -8 -9 -10
leaf_value=-0.003185450959177064 3.665656875510622e-05 -3.1667467361714745e-05 4.8579348713532026e-05 0.0006858604464277543 5.6762381743272474e-05 0.00056466212128347887 0.00035107547639171759 -1.9658446794087646e-05 -2.9841780823998799e-05
leaf_weight=99 20 22 20 20 29 53 30 129 55
leaf_count=99 20 22 20 20 29 53 30 129 55
internal_value=0.000229175 0.00156542 9.29324e-05 0.000331241 0.000131184 0.000503576 0.00103222 -0.000350467 -1.18085e-10
internal_weight=477 42 435 286 266 167 83 149 84
internal_count=477 42 435 286 266 167 83 149 84
is_linear=0
shrinkage=0.01


Tree=887
num_leaves=8
num_cat=0
split_feature=15 30 49 85 6 65 64
split_gain=0.376745 0.466965 0.512826 0.350264 0.302727 0.161873 0.133001
threshold=0.71370402400000021 2.0142857265000003 4.5500000230000017 14.099285565000002 0.34464350000000005 40.710000995000009 1.9499998090000001
decision_type=2 2 2 2 2 2 2
left_child=1 -1 -3 4 -4 -6 -2
right_child=6 2 3 -5 5 -7 -8
leaf_value=0.0002490279680759539 -1.280612489472745e-05 2.0819172981385534e-05 0.00061542978508949701 0.0001203937464547911 -4.7040555517669405e-05 0.00022111989392091893 1.3445994453960147e-05
leaf_weight=29 125 23 28 22 155 55 22
leaf_count=29 125 23 28 22 155 55 22
internal_value=6.19834e-05 0.000262148 0.000128612 0 -0.000113065 -0.000251423 -0.000348444
internal_weight=459 312 283 260 238 210 147
internal_count=459 312 283 260 238 210 147
is_linear=0
shrinkage=0.01


Tree=888
num_leaves=10
num_cat=1
split_feature=48 99 48 67 6 10 50 38 52
split_gain=0.545157 0.571598 0.473794 0.330903 0.272216 0.13671 0.118883 0.0908624 0.0433828
threshold=8.3000000715000031 0 4.3499999945000001 21.455000400000003 0.51452969050000008 0.54578737500000007 9.8500000200000013 6.0428572040000015 20.200000210000002
decision_type=2 1 2 2 2 2 2 2 2
left_child=1 2 4 -3 7 -5 -7 -1 -8
right_child=-2 3 -4 5 -6 6 8 -9 -10
leaf_value=-0.0017565367835872692 2.1525402107621426e-05 5.1287054947778219e-05 0.00043250950123506927 0.00030757987788066822 5.2102528460586601e-05 4.4565564587215036e-06 -1.9336430922651999e-05 0.00017057751306612912 -1.3105178336910145e-06
leaf_weight=34 37 28 29 37 22 24 202 20 20
leaf_count=34 37 28 29 37 22 24 202 20 20
internal_value=0.000157558 4.79845e-05 0.000651986 -0.000166252 0.000260417 -0.000280127 -0.00036872 -9.1241e-05 -0.000444345
internal_weight=453 416 105 311 76 283 246 54 222
internal_count=453 416 105 311 76 283 246 54 222
cat_boundaries=0 1
cat_threshold=136350017
is_linear=0
shrinkage=0.01


Tree=889
num_leaves=11
num_cat=0
split_feature=19 9 9 7 23 11 11 27 11 11
split_gain=0.502598 0.559421 1.85482 0.547532 0.468394 0.437158 0.929454 0.121386 0.113575 0.0384131
threshold=90.285000000000011 0.60290660000000018 0.61757720000000005 0.40947400000000006 1.9214285615000002 0.66067950000000009 0.70608764300000015 3.9428571120000004 0.5549890715000001 0.72489985700000015
decision_type=2 2 2 2 2 2 2 2 2 2
left_child=1 3 -3 -1 5 -4 -7 -2 -5 -9
right_child=7 2 4 8 -6 6 -8 9 -10 -11
leaf_value=0.00098564989647118538 6.0161013444604698e-05 0.0001450659804617416 -0.00046745994603112061 -4.5868791493715419e-05 -0.0016828512737436685 0.001409437719750716 1.119369278360183e-05 -1.3390169683225457e-05 -0.00035377540673502762 -3.6450098349213103e-05
leaf_weight=27 20 21 22 24 43 28 50 106 96 20
leaf_count=27 20 21 22 24 43 28 50 106 96 20
internal_value=0.0001955 0.000424952 0.000825243 -1.0149e-05 0.000392907 0.000773809 0.00112944 -0.000279292 -0.00031457 -0.000402208
internal_weight=457 311 164 147 143 100 78 146 120 126
internal_count=457 311 164 147 143 100 78 146 120 126
is_linear=0
shrinkage=0.01


Tree=890
num_leaves=10
num_cat=0
split_feature=56 85 86 0 65 16 19 24 0
split_gain=0.482207 0.468235 0.281145 0.308995 0.243987 0.184543 0.161692 0.42268 0.0710918
threshold=0.25000000350000007 14.003571650000003 12.918571200000002 0.11745643050000001 40.980000495000006 0.5855260000000001 40.900000000000013 1.8857142795000004 0.083771701500000018
decision_type=2 2 2 2 2 2 2 2 2
left_child=-1 2 3 8 6 -6 7 -4 -2
right_child=1 -3 4 -5 5 -7 -8 -9 -10
leaf_value=0.00050906521889431192 9.5597638699260404e-05 9.1562909119074728e-05 -3.1610281578459602e-05 0.00014025801829545555 -0.0035784832966941518 0.00058011211603554243 -2.8421607172610385e-05 3.9488605969562172e-05 -0.00064006925217653264
leaf_weight=23 20 34 99 33 26 23 160 21 24
leaf_count=23 20 34 99 33 26 23 160 21 24
internal_value=0.000143381 6.35208e-05 -2.70404e-05 0.000507712 -0.000159188 0.000471887 -0.000277778 0 -1.17081e-10
internal_weight=463 440 406 77 329 49 280 120 44
internal_count=463 440 406 77 329 49 280 120 44
is_linear=0
shrinkage=0.01


Tree=891
num_leaves=12
num_cat=1
split_feature=99 45 23 15 98 70 12 0 20 65 0
split_gain=0.586721 0.933517 0.68544 1.72673 0.628603 0.120847 0.0819471 0.0347098 0.0346691 0.0350184 0.0173151
threshold=0 5.5499999675000007 1.9214285615000002 0.65563264300000013 26.397590145000006 67.994998455000015 0.6353049285000002 0.17280683350000001 1.0428571490000003 41.010000705000003 0.16604052100000002
decision_type=1 2 2 2 8 2 2 2 2 2 2
left_child=5 2 3 -2 -5 8 -4 -3 9 -1 -6
right_child=1 7 6 4 10 -7 -8 -9 -10 -11 -12
leaf_value=-2.3659190751952254e-05 0.00085431332919244554 -0.00042221098498999084 0.00059888995196083331 0.00025226701360022726 -4.5216338933381925e-05 0.0044072091795034638 -0.00013541023168765477 -7.4828130469178617e-06 -0.00036624912770550196 -3.3186776430235856e-06 2.0950872586857836e-05
leaf_weight=173 26 20 20 32 23 21 29 75 20 23 20
leaf_count=173 26 20 20 32 23 21 29 75 20 23 20
internal_value=3.52111e-05 0.000373338 0.000881963 0.00135069 0.000534301 -0.000308717 -5.02009e-05 -0.000370564 -0.000396679 -0.000436992 -0.000216895
internal_weight=482 245 150 101 75 237 49 95 216 196 43
internal_count=482 245 150 101 75 237 49 95 216 196 43
cat_boundaries=0 1
cat_threshold=14223514
is_linear=0
shrinkage=0.01


Tree=892
num_leaves=9
num_cat=0
split_feature=14 18 16 63 30 54 18 48
split_gain=0.322517 0.835101 0.390694 0.524187 0.339521 0.294078 0.205823 0.0963217
threshold=0.70718854750000004 0.69483332850000012 0.5446488570000001 7.4350004195000006 2.0142857265000003 12.800000070000001 0.5763545000000001 6.3000001610000007
decision_type=2 2 2 2 2 2 2 2
left_child=1 2 -1 4 -4 7 -6 -2
right_child=5 -3 3 -5 6 -7 -8 -9
leaf_value=-0.0061492852079683396 -2.4733032864191229e-05 0.00048518490968338965 0.00030125111749779176 0.0009305390758476452 0.00010977546141026698 3.4554796740928551e-05 -1.4262441702780825e-05 1.4733992890357111e-06
leaf_weight=75 144 21 20 26 64 20 82 31
leaf_count=75 144 21 20 26 64 20 82 31
internal_value=7.54443e-05 0.000290859 0.000128827 0.000373444 0.00014988 -0.00023238 -6.81211e-06 -0.000372583
internal_weight=483 288 267 192 166 195 146 175
internal_count=483 288 267 192 166 195 146 175
is_linear=0
shrinkage=0.01


Tree=893
num_leaves=11
num_cat=0
split_feature=28 19 78 10 50 93 16 87 84 2
split_gain=0.522558 0.647043 0.555829 0.304774 0.206596 0.206306 0.36558 0.148253 0.0391442 0.0180012
threshold=4.0714285200000004 64.640000000000015 7.9807143550000008 0.7122327140000001 11.199999885000002 15.911428585000001 0.70473278550000007 10.632857120000002 14.980714255000002 0.28142814250000009
decision_type=2 2 2 2 2 2 2 2 2 2
left_child=3 2 -2 5 -5 6 -1 8 -7 -3
right_child=1 9 -4 4 -6 7 -8 -9 -10 -11
leaf_value=0.00010920635548650782 9.7794315811152761e-05 -0.0013735241525323762 0.00083123205360418131 0.00029663228933137907 -0.0006112129405144315 -2.2641546519959465e-05 -0.00024644481851920165 7.808443944349069e-05 -1.9774454474678171e-05 -1.0143383248829247e-05
leaf_weight=31 37 20 21 20 22 22 35 20 229 24
leaf_count=31 37 20 21 20 22 22 35 20 229 24
internal_value=1.55665e-05 0.000651751 0.00134354 -0.000151396 0.000630841 -0.000256069 0.000224551 -0.000380795 -0.000450755 -0.000223214
internal_weight=481 102 58 379 42 337 66 271 251 44
internal_count=481 102 58 379 42 337 66 271 251 44
is_linear=0
shrinkage=0.01


Tree=894
num_leaves=8
num_cat=0
split_feature=49 44 33 56 38 85 60
split_gain=0.581611 0.370171 0.343296 0.256115 0.212626 0.203986 0.202889
threshold=23.999999830000004 15.949999745000001 4.4142857280000003 9.7999999185000011 6.3642856735000004 14.02571423 1.6650004385000001
decision_type=2 2 2 2 2 2 2
left_child=1 2 4 -4 5 6 -1
right_child=-2 -3 3 -5 -6 -7 -8
leaf_value=1.6486271669094001e-05 0.00063363758021122622 0.00057749899287111222 -0.0029880855077705432 0.00022115289791778127 0.00047160714306520793 6.2009288608357301e-05 -8.0688716788405022e-06
leaf_weight=47 21 20 24 32 34 24 277
leaf_count=47 21 20 24 32 34 24 277
internal_value=0.000121926 4.14123e-05 -1.59527e-05 0.000704225 -0.000128004 -0.000206422 -0.000277094
internal_weight=479 458 438 56 382 348 324
internal_count=479 458 438 56 382 348 324
is_linear=0
shrinkage=0.01


Tree=895
num_leaves=11
num_cat=0
split_feature=52 8 31 5 11 49 2 22 0 0
split_gain=0.57732 0.378274 0.444597 0.410166 0.553098 0.340725 0.227142 0.13488 0.0537707 0.0537707
threshold=9.8499999050000024 0.5941108570000001 3.0285714180000007 0.38502264300000005 0.62672564300000011 15.299999905000002 0.35287071450000002 1.7142856845000003 0.094894187500000018 0.1038414445
decision_type=2 2 2 2 2 2 2 2 2 2
left_child=1 3 7 5 -5 8 -2 -3 -1 -4
right_child=6 2 9 4 -6 -7 -8 -9 -10 -11
leaf_value=7.3327820768486621e-05 -3.3545887776360378e-05 2.1175467356511733e-05 0.00069781153682083041 2.4292227345581414e-05 0.0002496087793475649 -0.0024545384438114676 0.00049337626723189873 -2.1666637174341439e-05 0.0012029370231143987 8.3673715470125172e-05
leaf_weight=20 167 20 20 21 20 31 30 87 20 20
leaf_count=20 167 20 20 21 20 31 30 87 20 20
internal_value=6.56741e-05 0.000379138 3.04464e-05 0.000815603 0.00161483 0.00031337 -0.000336198 -0.000292208 0.000931372 0.000931372
internal_weight=456 259 147 112 41 71 197 107 40 40
internal_count=456 259 147 112 41 71 197 107 40 40
is_linear=0
shrinkage=0.01


Tree=896
num_leaves=9
num_cat=1
split_feature=64 97 99 2 8 27 10 74
split_gain=0.362792 0.405701 0.283173 0.367537 0.312478 0.286971 0.546452 0.273786
threshold=2.3349995615000005 23.659332810000006 0 0.34578178550000011 0.48546688100000007 3.9071428435000004 0.64599050000000013 40.755001065000009
decision_type=2 10 1 2 2 2 2 2
left_child=2 -2 -1 4 -4 6 -6 -7
right_child=1 -3 3 -5 5 7 -8 -9
leaf_value=-2.4566528457807155e-05 -0.00035451650649520773 0.00025920972415314044 0.00077226159626847394 0.00041947657274828359 0.0001897488765158757 0.00013329691424366193 -6.9963565876281984e-06 -4.7195914165110362e-05
leaf_weight=104 23 25 23 36 20 38 21 167
leaf_count=104 23 25 23 36 20 38 21 167
internal_value=8.62821e-05 0.000901639 -6.10066e-06 0.000144078 1.29725e-05 -8.50893e-05 0.000657895 -0.000245384
internal_weight=457 48 409 305 269 246 41 205
internal_count=457 48 409 305 269 246 41 205
cat_boundaries=0 1
cat_threshold=44106944
is_linear=0
shrinkage=0.01


Tree=897
num_leaves=8
num_cat=0
split_feature=26 49 65 52 48 4 33
split_gain=0.299549 0.435741 0.329687 0.251731 0.251584 0.221288 0.0431691
threshold=2.2428571415000005 5.850000091000001 35.210000515000011 22.000000045000004 3.3999999685000004 0.41889300000000002 4.4714285475000013
decision_type=2 2 2 2 2 2 2
left_child=3 -2 4 6 -3 -4 -1
right_child=1 2 5 -5 -6 -7 -8
leaf_value=-2.5688062880788882e-05 4.5161532105784195e-05 -0.00038650552350370148 -2.36094215922624e-05 3.7240298369839966e-05 0.00025613163937969003 0.00076535848661826071 -0.00055965374827470036
leaf_weight=195 33 23 107 26 25 28 20
leaf_count=195 33 23 107 26 25 28 20
internal_value=-7.97293e-05 0.000184502 0 -0.000324649 0.000696721 -0.000261414 -0.00044254
internal_weight=457 216 183 241 48 135 215
internal_count=457 216 183 241 48 135 215
is_linear=0
shrinkage=0.01


Tree=898
num_leaves=9
num_cat=0
split_feature=45 64 78 19 19 96 0 49
split_gain=0.452359 0.476966 0.630474 0.556457 1.09254 0.556411 0.249405 0.126979
threshold=5.5499999675000007 1.9499998090000001 7.9285712925000009 84.260000000000019 48.375000000000007 97.220549985000005 0.065224698000000011 5.0499999745000013
decision_type=2 2 2 2 2 2 2 2
left_child=1 2 6 4 -3 -4 -1 -8
right_child=-2 3 5 -5 -6 -7 7 -9
leaf_value=0.00045374126236407119 -0.00013896952247662513 0.00017723243461765508 -0.00064005312017179658 -8.7534375657198947e-06 0.00084586069150607954 0.00072673400033737849 3.7065139533612282e-07 -1.6354175382293232e-05
leaf_weight=23 126 35 25 21 20 27 24 155
leaf_count=23 126 35 25 21 20 27 24 155
internal_value=2.18913e-05 0.000220677 3.92453e-06 0.000911458 0.00144265 0.000984848 -0.000241617 -0.000375417
internal_weight=456 330 254 76 55 52 202 179
internal_count=456 330 254 76 55 52 202 179
is_linear=0
shrinkage=0.01


Tree=899
num_leaves=12
num_cat=1
split_feature=85 41 83 85 72 99 31 2 97 88 31
split_gain=0.48605 0.512217 0.43267 0.276288 0.216592 0.137863 0.247588 0.184766 0.125719 0.0620883 0.0757048
threshold=12.322857005000001 8.8500000425000014 6.6842856920000004 14.005000220000001 79.940000060000003 0 2.8142857040000004 0.29416990500000001 27.820630600000005 13.022857190000002 3.0571428455000005
decision_type=2 2 2 2 2 1 2 2 8 2 2
left_child=1 -1 3 5 -5 6 7 -2 -8 -7 -11
right_child=2 -3 -4 4 -6 9 8 -9 -10 10 -12
leaf_value=0.0002517341682528892 3.3627483433602559e-05 -4.4118760934074538e-06 0.00062959101016377616 0.00011853060477426778 -0.00014715739205570767 -1.3541881492874519e-05 -7.4113477809012909e-05 2.0360111859616599e-05 0.00058897988681462759 5.078775263248986e-05 -0.0065255061949574143
leaf_weight=28 20 35 20 20 23 167 69 20 20 20 26
leaf_count=28 20 35 20 20 23 167 69 20 20 20 26
internal_value=7.25255e-05 0.00088558 -5.05176e-05 -0.000130897 0.000605023 -0.000230455 2.50357e-05 0.000686274 -0.000250557 -0.000377569 -2.13676e-05
internal_weight=468 63 405 385 43 342 129 40 89 213 46
internal_count=468 63 405 385 43 342 129 40 89 213 46
cat_boundaries=0 1
cat_threshold=706740249
is_linear=0
shrinkage=0.01


Tree=900
num_leaves=11
num_cat=0
split_feature=85 4 64 97 1 56 65 19 79 1
split_gain=0.486137 0.538238 0.331289 0.429776 0.515707 0.168553 0.156571 0.15782 0.0846991 0.0180012
threshold=14.003571650000003 0.37264461900000007 1.9850001335 21.609071770000003 0.24065628600000002 0.35000000500000006 40.894999980000009 58.585000000000008 5.5728571650000012 0.27603864250000004
decision_type=2 2 2 8 2 2 2 2 2 2
left_child=2 -2 5 9 -5 -1 8 -8 -7 -4
right_child=1 -3 3 4 -6 6 7 -9 -10 -11
leaf_value=7.3720052555307144e-05 -0.00043827440904406245 0.00015652439962801705 -0.00031132096544080892 -0.00046605648130553174 0.00083112647995907103 1.0197728830145552e-07 4.6354373222196824e-06 -6.6109837050902346e-05 -3.7320199045856893e-05 -0.00083228825181048374
leaf_weight=28 26 28 20 28 20 38 20 39 205 24
leaf_count=28 26 28 20 28 20 38 20 39 205 24
internal_value=4.19462e-05 0.000930657 -6.85905e-05 0.000452586 0.00110656 -0.000220677 -0.000293924 0.00014214 -0.000408122 -0.000223214
internal_weight=476 54 422 92 48 330 302 59 243 44
internal_count=476 54 422 92 48 330 302 59 243 44
is_linear=0
shrinkage=0.01


Tree=901
num_leaves=9
num_cat=0
split_feature=30 84 14 16 97 63 41 11
split_gain=0.282363 0.380983 0.276492 0.158596 0.153726 0.190093 0.151057 0.0412997
threshold=2.0142857265000003 15.842142850000002 0.70487507150000017 0.59343418550000016 18.627672485000002 0.69000005700000011 8.8500000425000014 0.73638028550000012
decision_type=2 2 2 2 10 2 2 2
left_child=-1 4 3 -3 6 -6 -2 -7
right_child=1 2 -4 -5 5 7 -8 -9
leaf_value=0.00021498775535102363 0.00057894883074447584 -0.0035603413626654457 4.8419911986724635e-05 0.00010759413613481261 3.5116881366515348e-05 -3.2136045665448824e-05 -0.0088009968852389847 -0.00080626300925301447
leaf_weight=35 32 32 34 37 34 216 20 21
leaf_count=35 32 32 34 37 34 216 20 21
internal_value=0 -7.26337e-05 0.000447977 5.01431e-05 -0.000245522 -0.000344003 0.000227273 -0.000447855
internal_weight=461 426 103 69 323 271 52 237
internal_count=461 426 103 69 323 271 52 237
is_linear=0
shrinkage=0.01


Tree=902
num_leaves=10
num_cat=0
split_feature=56 47 47 66 65 54 81 0 31
split_gain=0.532758 0.42205 0.658371 0.37467 0.406653 0.372264 0.277537 0.0662955 0.0414295
threshold=0.25000000350000007 0.94999998800000018 1.2500000000000002 28.695000175000004 35.159999845000009 4.9999999775000008 9.3492856710000023 0.12457735400000002 1.9714285735000001
decision_type=2 2 2 2 2 2 2 2 2
left_child=-1 3 -3 8 -5 6 -6 -4 -2
right_child=1 2 7 4 5 -7 -8 -9 -10
leaf_value=0.00052185954505779703 -7.4119923241992891e-06 0.00025120836970296458 -0.00098365578538296651 0.00025767069183772263 -3.4122311641562236e-05 0.00053022364478935626 0.00041109007114708608 8.8803140280053782e-07 -2.4800355085747447e-05
leaf_weight=22 20 27 22 25 118 21 48 20 151
leaf_count=22 20 27 22 25 118 21 48 20 151
internal_value=0.000128475 4.85865e-05 0.000766476 -7.68631e-05 0.000197368 2.39615e-05 -0.000125899 0 -0.000427823
internal_weight=474 452 69 383 212 187 166 42 171
internal_count=474 452 69 383 212 187 166 42 171
is_linear=0
shrinkage=0.01


Tree=903
num_leaves=9
num_cat=1
split_feature=99 4 76 8 62 75 96 75
split_gain=0.250625 0.301761 0.173508 0.187588 0.163217 0.151417 0.208707 0.0885181
threshold=0 0.38621613100000002 94.379999165000001 0.58669314300000008 1.0000000180025095e-35 49.455001355000007 128.31515760000002 66.500000955000004
decision_type=1 2 2 2 2 2 2 2
left_child=1 4 5 -4 -1 6 -2 -7
right_child=2 -3 3 -5 -6 7 -8 -9
leaf_value=0.00037628592178542286 0.00027632664633896301 9.1332190019759177e-05 0.00053473153748756085 -0.0001965214586675127 -0.00089641976555105308 -3.6815391891565754e-05 -0.00021991153911685526 -1.6040169929265418e-06
leaf_weight=26 31 36 27 37 40 223 31 37
leaf_count=26 31 36 27 37 40 223 31 37
internal_value=-8.59248e-05 0.000328014 -0.000204133 0.000246913 -1.49702e-05 -0.000306692 0.000111465 -0.000414111
internal_weight=488 102 386 64 66 322 62 260
internal_count=488 102 386 64 66 322 62 260
cat_boundaries=0 1
cat_threshold=1839365
is_linear=0
shrinkage=0.01


Tree=904
num_leaves=11
num_cat=0
split_feature=49 18 2 26 6 62 0 96 6 51
split_gain=0.520811 0.407259 0.845393 0.348765 0.241636 0.461399 0.237647 0.205918 0.0311136 0.0365531
threshold=23.999999830000004 0.68323078550000005 0.2567187855000001 2.3642857245000006 0.42541187500000005 1.1599998475000002 0.25096883350000004 60.892142180000008 0.55223403550000005 58.250000580000005
decision_type=2 2 2 2 2 2 2 2 2 2
left_child=1 3 -3 7 -5 -6 -4 -1 9 -9
right_child=-2 2 6 4 5 -7 -8 8 -10 -11
leaf_value=0.0008530467874334187 0.00054254124571875525 0.00072854639999115137 -4.757996950377497e-05 -8.0483865989802961e-05 0.00052588064731023238 -0.00010347452979440296 7.5820491079260362e-05 -2.4145582385371855e-05 -4.2149006248108481e-07 -1.8060131213906741e-05
leaf_weight=28 23 25 41 22 32 29 20 228 20 20
leaf_count=28 23 25 41 22 32 29 20 228 20 20
internal_value=9.00162e-05 1.18075e-05 0.00063364 -0.000125066 0.000435561 0.000768608 0 -0.000289758 -0.000379464 -0.000409968
internal_weight=488 465 86 379 83 61 61 296 268 248
internal_count=488 465 86 379 83 61 61 296 268 248
is_linear=0
shrinkage=0.01


Tree=905
num_leaves=10
num_cat=0
split_feature=64 44 10 9 98 9 98 53 0
split_gain=0.240883 0.253872 0.252934 0.524095 0.562656 0.276247 0.180173 0.0422785 0.0381349
threshold=1.9850001335 4.0500000195000014 0.63151471400000003 0.6023158500000001 26.400175465 0.49806395000000009 27.039807480000004 2.6999999955000002 0.069209541500000013
decision_type=2 2 2 2 8 2 8 2 2
left_child=2 -2 3 5 -5 -1 -3 -4 -7
right_child=1 6 7 4 -6 8 -8 -9 -10
leaf_value=0.00044314130274363629 0.00062531516316963729 -0.00055292326468154738 -1.7722906340610534e-05 -4.0724226248243825e-05 0.00052832962571171781 -0.0037279230452871574 0.00044059573111339715 0.0002159424698106749 -5.2974962330754944e-05
leaf_weight=21 38 39 170 23 21 20 24 20 103
leaf_count=21 38 39 170 23 21 20 24 20 103
internal_value=-5.73157e-05 0.000368369 -0.000176874 7.41524e-05 0.00102679 -0.000207182 0 -0.000435011 -0.000399839
internal_weight=479 101 378 188 44 144 63 190 123
internal_count=479 101 378 188 44 144 63 190 123
is_linear=0
shrinkage=0.01


Tree=906
num_leaves=10
num_cat=0
split_feature=85 1 27 19 35 2 69 1 0
split_gain=0.330107 0.297326 0.2206 0.391553 0.742379 0.149221 0.0600733 0.0819471 0.0278899
threshold=12.279285940000003 0.19603085750000002 3.9428571970000008 59.560000000000009 3.9571428810000007 0.34313876200000004 21.794999595000004 0.21724625000000003 0.26586679200000002
decision_type=2 2 2 2 2 2 2 2 2
left_child=1 -1 3 8 -5 6 -4 -8 -2
right_child=2 -3 5 4 -6 -7 7 -9 -10
leaf_value=0.00011913097284223837 -1.6154836087794228e-05 -0.00016626479563052501 -2.6426007709180222e-05 0.00073155604806909012 -4.5618445105260425e-05 1.1513518488713826e-07 -0.0080067078891014193 0.00059973277496196467 4.8235679845898617e-06
leaf_weight=24 45 25 215 27 23 39 29 20 20
leaf_count=24 45 25 215 27 23 39 29 20 20
internal_value=-8.87132e-05 0.000672691 -0.000183859 0.000177029 0.000846457 -0.000327518 -0.000415408 -5.02009e-05 -0.00031155
internal_weight=467 49 418 115 50 303 264 49 65
internal_count=467 49 418 115 50 303 264 49 65
is_linear=0
shrinkage=0.01


Tree=907
num_leaves=9
num_cat=0
split_feature=48 44 96 44 72 44 80 24
split_gain=0.265341 0.204938 0.212697 0.393278 0.193652 0.251909 0.286664 0.0377009
threshold=8.499999821500003 16.000000040000003 73.069060915000009 3.0999999795000006 80.854997635000004 7.8999999910000005 6.3442857435000013 1.885714297
decision_type=2 2 2 2 2 2 2 2
left_child=1 2 3 -1 5 -4 -7 -6
right_child=-2 -3 4 -5 7 6 -8 -9
leaf_value=-0.0033435362895373661 3.7847595510237793e-05 0.00053734792506052263 9.2888040029904354e-05 0.00095879872336841353 -0.00022713040024563452 -4.1522337019551906e-06 6.9684532770795531e-05 -8.9009662750563469e-06
leaf_weight=24 37 20 39 26 179 115 20 22
leaf_count=24 37 20 39 26 179 115 20 22
internal_value=-1.86414e-05 -9.0848e-05 -0.000142086 0.000452756 -0.000227515 5.72071e-06 -0.000187776 -0.000438553
internal_weight=482 445 425 50 375 174 135 201
internal_count=482 445 425 50 375 174 135 201
is_linear=0
shrinkage=0.01


Tree=908
num_leaves=11
num_cat=0
split_feature=56 5 64 19 19 69 16 17 17 5
split_gain=0.297413 0.80464 0.370126 0.350185 0.792803 0.126739 0.184043 0.111215 0.087495 0.0186605
threshold=0.45000001000000006 0.43546857150000007 1.9850001335 47.650000000000006 96.665000000000006 21.794999595000004 0.54351735750000019 0.7348106430000001 0.65960417850000008 0.3764334525000001
decision_type=2 2 2 2 2 2 2 2 2 2
left_child=1 8 5 9 -5 7 -7 -2 -1 -4
right_child=2 -3 3 4 -6 6 -8 -9 -10 -11
leaf_value=-0.00049845106554927284 -1.1793217597054777e-05 0.00027577758504612054 -0.0019449942389657671 0.00026707018587295955 -7.0770011848308225e-05 -0.0043249011551087131 0.00058219344474893251 0.00026106805054967712 3.945910750402071e-05 -0.00057283701960683003
leaf_weight=32 213 21 20 24 30 23 20 29 20 25
leaf_count=32 213 21 20 24 30 23 20 29 20 25
internal_value=-1.41985e-05 0.000562331 -0.000129938 0.000385771 0.000930657 -0.000316655 0.000148402 -0.000407743 -7.57577e-05 -0.000229258
internal_weight=457 73 384 99 54 285 43 242 52 45
internal_count=457 73 384 99 54 285 43 242 52 45
is_linear=0
shrinkage=0.01


Tree=909
num_leaves=10
num_cat=1
split_feature=85 14 30 99 97 24 83 24 0
split_gain=0.245347 0.435283 0.401541 0.302895 0.258234 0.640177 0.158331 0.149401 0.0882459
threshold=13.919999940000002 0.62552166050000013 2.0714285625000008 0 22.201159045000001 1.7071428595000002 6.4249999350000007 1.6214285625000002 0.086798271000000024
decision_type=2 2 2 1 8 2 2 2 2
left_child=3 -2 -3 4 -1 7 -5 8 -6
right_child=1 2 -4 6 5 -7 -8 -9 -10
leaf_value=-1.3729507087956146e-05 0.00074972275702093083 0.00015871549097952944 -1.583119217537376e-05 -2.3298828450903716e-05 -0.00069899415420538705 0.00054614445518077071 5.5258154556835637e-05 -7.5626979938052796e-06 0.00049232574753182881
leaf_weight=43 22 23 51 200 22 31 20 41 20
leaf_count=43 22 23 51 200 22 31 20 41 20
internal_value=-3.06037e-05 0.000413223 1.33689e-05 -0.00014955 0.000175804 0.000444251 -0.000381283 0 0.000397196
internal_weight=473 96 74 377 157 114 220 83 42
internal_count=473 96 74 377 157 114 220 83 42
cat_boundaries=0 1
cat_threshold=171180304
is_linear=0
shrinkage=0.01


Tree=910
num_leaves=8
num_cat=0
split_feature=4 15 18 2 3 1 1
split_gain=0.223042 0.977126 0.337393 0.718898 0.0758578 0.044365 0.0249217
threshold=0.40527171450000005 0.65142042900000019 0.68323078550000005 0.26168571400000001 0.35252696400000011 0.13139007100000002 0.27382271450000001
decision_type=2 2 2 2 2 2 2
left_child=2 -2 4 -4 5 -1 -5
right_child=1 -3 3 6 -6 -7 -8
leaf_value=-0.00069407033833207761 0.00069464829856869426 -1.6113526634334699e-05 0.00069662306426122682 -3.8307180664039655e-05 7.907497535516073e-07 -3.0202553847442687e-05 7.0499443035018655e-05
leaf_weight=20 29 52 26 37 38 241 20
leaf_count=20 29 52 26 37 38 241 20
internal_value=-0.000128288 0.000336186 -0.000232498 0.000316229 -0.000391928 -0.000452636 -0.000285467
internal_weight=463 81 382 83 299 261 57
internal_count=463 81 382 83 299 261 57
is_linear=0
shrinkage=0.01


Tree=911
num_leaves=9
num_cat=0
split_feature=23 38 33 81 44 96 3 8
split_gain=0.341363 0.319581 0.318218 0.165605 0.376795 0.222562 0.0905085 0.0409031
threshold=1.7999999735000001 6.3714285240000006 4.4142857280000003 8.9807142870000032 12.550000005000001 74.734244905000011 0.28826950000000001 0.51844725500000011
decision_type=2 2 2 2 2 2 2 2
left_child=7 2 3 -2 5 -5 -4 -1
right_child=1 -3 6 4 -6 -7 -8 -9
leaf_value=1.4899643878744998e-05 -0.0013670382102429024 0.00029791537029795918 6.442440219317768e-05 0.00076653299236809189 0.00054455459105813933 -7.1117051189772034e-06 0.00029403687949503438 -1.5292764466989374e-05
leaf_weight=20 78 20 23 21 20 108 20 141
leaf_count=20 78 20 23 21 20 108 20 141
internal_value=-5.20143e-05 0.000147868 4.80058e-05 -9.43812e-05 9.012e-05 -9.63021e-05 0.000833333 -0.000423362
internal_weight=451 290 270 227 149 129 43 161
internal_count=451 290 270 227 149 129 43 161
is_linear=0
shrinkage=0.01


Tree=912
num_leaves=11
num_cat=1
split_feature=99 82 44 31 48 16 19 50 21 19
split_gain=0.350001 0.352704 0.472861 0.316491 0.545709 0.325426 0.264277 0.258378 0.225374 0.0799496
threshold=0 6.5171428835000009 3.0999999795000006 2.9999999915000006 6.1999998575000008 0.62172791850000009 53.785000000000004 10.999999955000002 2.4499999965000003 23.080000000000002
decision_type=1 2 2 2 2 2 2 2 2 2
left_child=-1 6 -3 4 7 -5 8 -4 9 -2
right_child=1 2 3 5 -6 -7 -8 -9 -10 -11
leaf_value=-2.102021274750113e-05 0.00061906912561506932 -0.0061642210527382783 0.00025710209325851885 0.0010252337416374877 0.00027100931588092033 6.2592531778890535e-05 -1.0649013740877999e-05 -0.0014680467142041665 7.3234967510754263e-05 -1.3767919451923431e-05
leaf_weight=108 20 40 31 24 20 27 98 48 23 28
leaf_count=108 20 40 31 24 20 27 98 48 23 28
internal_value=3.0996e-05 0.000185235 0.000487421 0.000749337 0.000385771 0.00139961 -0.000132509 0 0.00031337 -4.09837e-05
internal_weight=467 359 190 150 99 51 169 79 71 48
internal_count=467 359 190 150 99 51 169 79 71 48
cat_boundaries=0 1
cat_threshold=579340932
is_linear=0
shrinkage=0.01


Tree=913
num_leaves=11
num_cat=1
split_feature=99 29 17 73 15 62 4 88 63 1
split_gain=0.343629 0.366114 0.707911 0.396998 0.462422 0.657149 0.185615 0.135788 0.0758941 0.033148
threshold=0 3.6642857450000004 0.68903750000000008 52.059999465000004 0.58143500000000004 1.3900003430000003 0.32941557150000006 13.022857190000002 2.8150000575000003 0.31582357150000001
decision_type=1 2 2 2 2 2 2 2 2 2
left_child=-1 9 3 7 -5 -6 -4 8 -3 -2
right_child=1 2 6 4 5 -7 -8 -9 -10 -11
leaf_value=-2.6964737481975548e-05 -5.2420779037613083e-06 3.0385433676962379e-06 7.789019468717483e-05 -0.0038387860224744575 0.0006918128798178801 -7.6351476443337458e-06 0.0016332654878474001 0.0005473951922610067 -0.00061805478653753816 -2.0142947972927585e-05
leaf_weight=106 66 33 22 21 27 21 20 30 83 20
leaf_count=106 66 33 22 21 27 21 20 30 83 20
internal_value=3.00132e-05 0.000187959 0.000385958 0.000141334 0.000766476 0.00131148 0.00156542 -0.000143052 -0.000308219 -0.000357143
internal_weight=449 343 257 215 69 48 42 146 116 86
internal_count=449 343 257 215 69 48 42 146 116 86
cat_boundaries=0 1
cat_threshold=43057888
is_linear=0
shrinkage=0.01


Tree=914
num_leaves=8
num_cat=1
split_feature=99 14 4 24 6 7 7
split_gain=0.43333 0.552067 1.2998 0.424928 0.237647 0.0430406 0.0392534
threshold=0 0.6677936430000001 0.34317428550000006 1.6142857115000002 0.3633066430000001 0.42327807100000009 0.62929778600000008
decision_type=1 2 2 2 2 2 2
left_child=5 2 4 -3 -2 -1 -5
right_child=1 3 -4 6 -6 -7 -8
leaf_value=0.00037684462350237591 0.00077110761018291802 8.5497920818648976e-05 0.00054493716879860184 -4.4587227500174073e-06 -0.0014570278331619804 -2.7833139695565343e-05 -6.0380317483039676e-05
leaf_weight=20 20 37 28 116 41 191 20
leaf_count=20 20 37 28 116 41 191 20
internal_value=-9.39216e-05 0.000172287 0.000818485 -0.000140967 0 -0.000421551 -0.000409357
internal_weight=473 262 89 173 61 211 136
internal_count=473 262 89 173 61 211 136
cat_boundaries=0 1
cat_threshold=176230058
is_linear=0
shrinkage=0.01


Tree=915
num_leaves=10
num_cat=0
split_feature=74 14 54 41 64 35 71 17 4
split_gain=0.323645 0.889898 0.371749 0.332785 0.379154 0.233854 0.235053 0.122488 0.116203
threshold=55.810001375000006 0.62552166050000013 4.9999999775000008 8.8500000425000014 2.1550002095000003 4.1142857075000014 56.155001160000005 0.71196496400000009 0.34146671450000005
decision_type=2 2 2 2 2 2 2 2 2
left_child=2 -2 -1 4 8 6 -3 -5 -4
right_child=1 5 3 7 -6 -7 -8 -9 -10
leaf_value=-5.4689458524791457e-05 0.00061184263141035567 0.00039787800828122201 6.2847477011902325e-05 -3.151812891949606e-06 0.00043203958005655959 -1.8216701890664987e-05 -7.8078802677090944e-07 0.00060693693007967287 -1.1390127871846329e-05
leaf_weight=171 26 30 26 64 27 53 31 20 22
leaf_count=171 26 30 26 64 27 53 31 20 22
internal_value=6.37201e-06 0.000411932 -0.000160218 0.000178348 0.000666227 8.71068e-06 0.000444984 -0.000235849 8.19671e-05
internal_weight=470 140 330 159 75 114 61 84 48
internal_count=470 140 330 159 75 114 61 84 48
is_linear=0
shrinkage=0.01


Tree=916
num_leaves=10
num_cat=1
split_feature=99 85 3 15 88 15 54 3 32
split_gain=0.251053 0.540354 0.559567 0.472301 0.193173 0.472421 0.206186 0.348294 0.0411741
threshold=0 13.742856980000001 0.37915714300000009 0.61770330950000008 13.022857190000002 0.61236271450000013 8.6499999685000031 0.30258425000000005 2.0999999725000005
decision_type=1 2 2 2 2 2 2 2 2
left_child=-1 4 3 -3 6 -6 8 -8 -2
right_child=1 2 -4 -5 5 -7 7 -9 -10
leaf_value=-0.00010558307927179184 -3.7175496269607698e-06 0.00054510971854768945 -0.00039588289142807319 0.00023079764928606204 -0.004873589625306392 0.00094170818679375535 0.00042490943292042933 -1.2939853625272816e-05 -2.9660535202760708e-05
leaf_weight=106 20 22 24 36 27 24 32 35 146
leaf_count=106 20 22 24 36 27 24 32 35 146
internal_value=-2.96109e-05 9.28874e-05 0.000809179 0.00134354 -0.000105337 0.000434363 -0.000233105 0.000213864 -0.00042566
internal_weight=472 366 82 58 284 51 233 67 166
internal_count=472 366 82 58 284 51 233 67 166
cat_boundaries=0 1
cat_threshold=570491532
is_linear=0
shrinkage=0.01


Tree=917
num_leaves=8
num_cat=1
split_feature=97 47 99 38 15 10 0
split_gain=0.300715 0.243159 0.209702 0.345497 0.412313 0.160477 0.0440479
threshold=28.525338020000003 0.30000000800000004 0 5.4714285990000002 0.69484930950000012 0.63151471400000003 0.073444458000000004
decision_type=8 2 1 2 2 2 2
left_child=2 5 3 -1 -5 -2 -4
right_child=1 -3 6 4 -6 -7 -8
leaf_value=-0.00055407251329586194 0.00017462957104502172 0.00018754397534960984 -0.00070931516198323625 0.00048597020161648768 -3.0414126203572716e-05 -2.2196040075193546e-05 -2.1650931273263082e-05
leaf_weight=58 39 30 20 29 32 38 227
leaf_count=58 39 30 20 29 32 38 227
internal_value=-0.000136134 0.000320037 -0.000275355 6.54853e-05 0.000606796 0 -0.000432506
internal_weight=473 107 366 119 61 77 247
internal_count=473 107 366 119 61 77 247
cat_boundaries=0 1
cat_threshold=134480145
is_linear=0
shrinkage=0.01


Tree=918
num_leaves=10
num_cat=0
split_feature=85 6 13 98 5 27 78 5 27
split_gain=0.31703 0.262746 0.532843 0.324417 0.441614 0.12217 0.208707 0.106281 0.07638
threshold=14.099285565000002 0.55327271450000015 0.73684156500000009 26.400856380000004 0.43517100000000003 4.1571428610000014 7.4214285780000013 0.30195404800000003 3.8285714390000005
decision_type=2 2 2 10 2 2 2 2 2
left_child=1 3 -3 5 -5 7 -7 -1 -9
right_child=-2 2 -4 4 -6 6 -8 8 -10
leaf_value=0.00058462211973048597 6.0159110757710543e-05 0.00074096749522888268 -5.9251360064119659e-05 0.0003265953228418869 -5.6094963340971164e-06 0.0004828747114711976 -5.6981499690056174e-05 -5.1214311261355518e-06 -3.4905545079121005e-05
leaf_weight=25 23 20 20 31 24 31 31 42 223
leaf_count=25 23 20 20 31 24 31 31 42 223
internal_value=-6.37225e-06 -7.0344e-05 0.000686274 -0.000150809 0.000546595 -0.00026644 0.000111465 -0.000354195 -0.000415726
internal_weight=470 447 40 407 55 352 62 290 265
internal_count=470 447 40 407 55 352 62 290 265
is_linear=0
shrinkage=0.01


Tree=919
num_leaves=11
num_cat=1
split_feature=7 99 19 19 50 17 3 4 3 5
split_gain=0.249094 0.375849 0.339918 0.614208 0.18143 0.372976 0.0686894 0.0439257 0.0268617 0.0221279
threshold=0.40947400000000006 0 90.285000000000011 50.895000000000003 10.799999915000003 0.60072909550000009 0.29868111950000004 0.27648757150000008 0.31952764250000004 0.46166152850000003
decision_type=2 1 2 2 2 2 2 2 2 2
left_child=-1 2 3 6 5 -3 -2 -6 -7 -4
right_child=1 4 9 -5 7 8 -8 -9 -10 -11
leaf_value=0.00088854494868976423 0.00058875100219940807 0.00025154343382070837 -0.00072001679648551965 0.00020146123059299801 -0.0002913420280012163 1.100986548331337e-05 -4.0082107048239325e-05 -1.2317233311863701e-05 -1.7305599687052963e-05 2.4442827108869802e-05
leaf_weight=28 20 22 31 34 20 20 23 222 42 20
leaf_count=28 20 22 31 34 20 20 23 222 42 20
internal_value=-6.00664e-05 -0.000120932 0.000317003 0.000764781 -0.000299881 7.07546e-05 0 -0.000448929 -0.000302548 -0.000260618
internal_weight=482 454 128 77 326 84 43 242 62 51
internal_count=482 454 128 77 326 84 43 242 62 51
cat_boundaries=0 1
cat_threshold=266513
is_linear=0
shrinkage=0.01


Tree=920
num_leaves=10
num_cat=1
split_feature=99 64 35 19 44 38 94 18 2
split_gain=0.313179 0.756872 0.270777 0.417102 0.511884 0.184081 0.131078 0.121087 0.043499
threshold=0 2.1550002095000003 3.9999999830000004 60.680000000000007 9.7999999410000012 6.0714286055000004 17.020714285 0.67585650000000008 0.34578178550000011
decision_type=1 2 2 2 2 2 2 2 2
left_child=1 5 6 4 -4 7 -2 -1 -8
right_child=2 -3 3 -5 -6 -7 8 -9 -10
leaf_value=-0.00032834384371638526 0.00036847321374830949 0.00051817454346441869 0.0013959230051015681 -2.3633525268752304e-05 -1.9333714410926351e-05 0.00017176918196414354 -3.6060786770961359e-05 0.00028539692760290561 3.3114623233470448e-05
leaf_weight=62 22 29 23 41 25 21 206 20 20
leaf_count=62 22 29 23 41 25 21 206 20 20
internal_value=-2.66072e-05 0.000364146 -0.000191202 0.000261693 0.000901639 0 -0.000369775 -0.000229469 -0.000445326
internal_weight=469 132 337 89 48 103 248 82 226
internal_count=469 132 337 89 48 103 248 82 226
cat_boundaries=0 1
cat_threshold=2097425
is_linear=0
shrinkage=0.01


Tree=921
num_leaves=7
num_cat=1
split_feature=10 99 26 12 97 48
split_gain=0.235044 0.265239 0.330292 0.136288 0.106921 0.105488
threshold=0.51216585700000017 0 2.2999999945000007 0.74631739300000011 27.820630600000005 5.0500000085000005
decision_type=2 1 2 2 8 2
left_child=-1 2 4 -3 5 -2
right_child=1 3 -4 -5 -6 -7
leaf_value=0.00051720880228452279 -8.2384601759306165e-05 -1.1915261501584704e-05 0.00062607710707683281 0.00037338135418750983 0.00027961283605362942 1.5202055082859817e-05
leaf_weight=33 76 247 31 24 32 24
leaf_count=33 76 247 31 24 32 24
internal_value=-0.000152843 -0.000218491 9.49366e-05 -0.000402768 -0.000105422 -0.000277778
internal_weight=467 434 163 271 132 100
internal_count=467 434 163 271 132 100
cat_boundaries=0 1
cat_threshold=137367825
is_linear=0
shrinkage=0.01


Tree=922
num_leaves=10
num_cat=0
split_feature=10 45 21 22 2 6 54 12 49
split_gain=0.26122 0.485541 0.160531 0.344576 0.550117 0.0939964 0.0567279 0.0409031 0.0381349
threshold=0.54578737500000007 3.9000000355000006 2.3214285460000004 1.8142857125000003 0.2801699760000001 0.52418547150000017 8.6499999685000031 0.73773671450000011 23.900000205000001
decision_type=2 2 2 2 2 2 2 2 2
left_child=1 -1 3 6 -5 -6 8 -4 -2
right_child=2 -3 7 4 5 -7 -8 -9 -10
leaf_value=-0.00072674047481540739 -0.00089286264506066473 0.00071151355528509556 -6.5084565305509171e-06 0.00048454275045576 -8.0598968600741134e-06 0.0001337576514349782 4.2819504749966753e-06 6.1575557441634347e-06 -1.6426444104004624e-05
leaf_weight=34 103 21 141 34 36 20 36 20 20
leaf_count=34 103 21 141 34 36 20 36 20 20
internal_value=-8.69473e-05 0.000546595 -0.000177702 -1.00081e-05 0.000473568 -0.000105634 -0.000297247 -0.000423362 -0.000399839
internal_weight=465 55 410 249 90 56 159 161 123
internal_count=465 55 410 249 90 56 159 161 123
is_linear=0
shrinkage=0.01


Tree=923
num_leaves=10
num_cat=1
split_feature=99 26 28 7 48 35 54 1 2
split_gain=0.274571 0.458342 0.229441 0.28914 0.224664 0.148788 0.18539 0.0440479 0.0210574
threshold=0 2.2999999945000007 4.1071428060000015 0.54321450000000004 5.0500000085000005 3.4357142790000004 8.8499998305000016 0.14587171450000005 0.26751200000000003
decision_type=1 2 2 2 2 2 2 2 2
left_child=1 4 5 -4 -1 6 -2 -7 -8
right_child=2 -3 3 -5 -6 7 8 -9 -10
leaf_value=-6.2042959155670366e-06 8.4305246955332499e-06 0.00070967516690720724 0.00092383009932958779 -1.9635486771534655e-05 1.7393325825205735e-05 -0.0041965754070449821 1.4175540615621387e-05 -2.6061709391589375e-05 -5.226763965394449e-06
leaf_weight=48 20 30 32 25 22 20 20 227 29
leaf_count=48 20 30 32 25 22 20 20 227 29
internal_value=-9.39216e-05 0.00034296 -0.000220167 0.00033737 -4.2373e-05 -0.000334596 5.01431e-05 -0.00044996 -0.000251004
internal_weight=473 100 373 57 70 316 69 247 49
internal_count=473 100 373 57 70 316 69 247 49
cat_boundaries=0 1
cat_threshold=674500864
is_linear=0
shrinkage=0.01


Tree=924
num_leaves=9
num_cat=1
split_feature=76 15 99 76 24 35 76 62
split_gain=0.291383 0.644394 0.189907 0.476989 0.155336 0.0880583 0.0698595 0.198473
threshold=94.379999165000001 0.65142042900000019 0 89.405000690000008 1.6214285625000002 3.9571429150000004 84.60999965500001 1.0000000180025095e-35
decision_type=2 2 1 2 2 2 2 2
left_child=2 -2 3 4 -1 -3 7 -4
right_child=1 5 6 -5 -6 -7 -8 -9
leaf_value=4.4259776824916856e-05 0.00065107753006400724 0.00025415882393569066 -0.00038218236109355014 0.00065495968545623885 -6.33366914113372e-06 -2.7220079757102734e-05 -2.4604813986113325e-05 6.4692820099668935e-06
leaf_weight=33 25 21 53 26 69 36 173 25
leaf_count=33 25 21 53 26 69 36 173 25
internal_value=-8.33695e-05 0.00044686 -0.000204055 0.000100864 -0.000184825 -0.000112457 -0.000357143 -8.88326e-05
internal_weight=461 82 379 128 102 57 251 78
internal_count=461 82 379 128 102 57 251 78
cat_boundaries=0 1
cat_threshold=134254609
is_linear=0
shrinkage=0.01


Tree=925
num_leaves=9
num_cat=0
split_feature=97 96 67 18 8 3 66 98
split_gain=0.154848 0.174446 0.165769 0.138041 0.133887 0.0825037 0.0530759 0.087495
threshold=26.385584430000005 131.61942115000002 33.134999755000003 0.66868535700000009 0.4899646425000001 0.32203678600000002 30.909999370000005 20.899222515000002
decision_type=8 2 2 2 2 2 2 10
left_child=4 2 3 -2 -1 -4 -6 -8
right_child=1 -3 5 -5 6 -7 7 -9
leaf_value=6.5426208199059901e-05 -0.00011862821786416076 0.0001292437478810242 -2.8131189029325354e-05 0.00031260110238994334 -8.604939538220362e-06 0.00013841757084480773 -0.00074294996909428325 3.6678896740530915e-05
leaf_weight=20 95 31 21 20 195 20 32 20
leaf_count=20 95 31 21 20 195 20 32 20
internal_value=-0.000186895 2.39615e-05 -0.000102041 -0.000306563 -0.000341673 0.00041866 -0.000409605 -7.57577e-05
internal_weight=454 187 156 115 267 41 247 52
internal_count=454 187 156 115 267 41 247 52
is_linear=0
shrinkage=0.01


Tree=926
num_leaves=10
num_cat=0
split_feature=5 15 16 37 2 96 68 0 5
split_gain=0.326737 0.293849 0.543425 0.21866 0.191456 0.128699 0.255309 0.035315 0.0304949
threshold=0.42315952350000002 0.65142042900000019 0.54120626150000006 3.6499999760000006 0.35287071450000002 106.71203290000001 1.7350001335000003 0.12681091700000002 0.36283364250000005
decision_type=2 2 2 2 2 2 2 2 2
left_child=5 2 -2 -3 7 -1 8 -5 -7
right_child=1 3 -4 4 -6 6 -8 -9 -10
leaf_value=-0.00052581914835196251 -0.0026867703951858135 0.00015163787352005133 0.00055508746850218356 -8.2617293218834282e-06 0.00019150761392112435 -6.1710874915052447e-06 0.00029813837198134371 -1.97800882913112e-05 -1.6771466142788071e-05
leaf_weight=141 20 29 37 20 26 20 30 79 54
leaf_count=141 20 29 37 20 26 20 30 79 54
internal_value=-3.50264e-05 0.000247875 0.000856401 6.45983e-06 -0.000162957 -0.000286819 -1.18299e-10 -0.000375752 -0.000334225
internal_weight=456 211 57 154 125 245 104 99 74
internal_count=456 211 57 154 125 245 104 99 74
is_linear=0
shrinkage=0.01


Tree=927
num_leaves=7
num_cat=0
split_feature=56 66 49 7 53 8
split_gain=0.351452 0.247404 0.242579 0.158243 0.155227 0.122922
threshold=0.25000000350000007 30.640000345000001 15.299999905000002 0.59196917850000019 2.8000000010000003 0.48546688100000007
decision_type=2 2 2 2 2 2
left_child=-1 4 -3 -4 5 -2
right_child=1 2 3 -5 -6 -7
leaf_value=0.0003913317639017334 0.000256317953250637 0.00053942668377413765 -3.4913925854730132e-05 0.00035305670223752239 7.0489341969899835e-05 -2.4532452659476425e-05
leaf_weight=25 27 34 50 29 39 266
leaf_count=25 27 34 50 29 39 266
internal_value=-0.000133815 -0.000203006 0.000188928 -9.39851e-05 -0.000342548 -0.000423758
internal_weight=470 445 113 79 332 293
internal_count=470 445 113 79 332 293
is_linear=0
shrinkage=0.01


Tree=928
num_leaves=9
num_cat=0
split_feature=57 64 57 62 5 31 7 19
split_gain=0.30333 0.754878 0.278028 0.131527 0.166956 0.131466 0.211874 0.0638759
threshold=0.95000001800000011 0.90500020950000015 0.60000001250000012 1.0300002100000003 0.47427250000000004 3.0714285880000003 0.54760328550000004 65.865000000000009
decision_type=2 2 2 2 2 2 2 2
left_child=1 2 -1 5 7 -2 -7 -5
right_child=3 -3 -4 4 -6 6 -8 -9
leaf_value=-3.8750163728304907e-05 -8.4561240335720501e-06 0.00016858604354665606 0.00068752872193788932 -0.0035122744635474601 0.00051875395091043237 -0.0020971378406405392 0.00067533243492204798 0.00026228036848370009
leaf_weight=73 195 39 21 37 20 31 20 27
leaf_count=73 195 39 21 37 20 31 20 27
internal_value=-8.51661e-05 0.000310164 -0.000158228 -0.000250907 7.07546e-05 -0.00036872 4.82624e-05 -0.000154321
internal_weight=463 133 94 330 84 246 51 64
internal_count=463 133 94 330 84 246 51 64
is_linear=0
shrinkage=0.01


Tree=929
num_leaves=9
num_cat=1
split_feature=99 43 41 10 15 66 3 30
split_gain=0.279729 0.569215 0.199888 0.193744 0.352686 0.130735 0.229134 0.0382653
threshold=0 10.549999805000001 8.7000001410000021 0.54578737500000007 0.59072547600000014 30.909999370000005 0.34914285700000008 2.4999999915000006
decision_type=1 2 2 2 2 2 2 2
left_child=1 -1 -3 4 -2 7 -7 -5
right_child=3 2 -4 5 -6 6 -8 -9
leaf_value=0.0003090630982297106 -0.0038806422779203106 -7.2668509198180477e-06 0.00010808436733697268 -1.2274433778173818e-05 0.0013864517935822719 -9.1143487193540669e-06 5.4770131089895963e-05 -0.00060764808321745389
leaf_weight=35 23 55 39 196 20 41 32 22
leaf_count=35 23 55 39 196 20 41 32 22
internal_value=-6.36051e-05 0.000311159 -5.27427e-05 -0.000217518 0.000376712 -0.000320425 2.03251e-05 -0.000443327
internal_weight=463 129 94 334 43 291 73 218
internal_count=463 129 94 334 43 291 73 218
cat_boundaries=0 1
cat_threshold=3178513
is_linear=0
shrinkage=0.01


Tree=930
num_leaves=10
num_cat=0
split_feature=93 41 23 76 1 41 41 55 1
split_gain=0.357959 0.448987 0.408973 0.389733 0.453556 0.242584 0.159848 0.223638 0.0244948
threshold=16.033571445000003 9.8000000640000007 1.8285714135000002 94.379999165000001 0.24315379250000002 7.599999834000001 3.7000000065000003 2.6000000275000006 0.18739064300000005
decision_type=2 2 2 2 2 2 2 2 2
left_child=1 2 8 6 -5 -6 7 -2 -1
right_child=3 -3 -4 4 5 -7 -8 -9 -10
leaf_value=-0.0013246522950450287 0.00023146023767975905 0.00054527651414070183 0.00025488260032431088 0.00065577977753585536 -0.00018269046771916673 0.00011064513281089097 -1.2133746806470589e-05 -0.00021479966226624673 -7.5018147116789473e-06
leaf_weight=20 32 20 20 22 43 20 210 39 36
leaf_count=20 32 20 20 22 43 20 210 39 36
internal_value=-1.9447e-05 0.000516529 0.000130208 -0.000166303 0.000413753 0 -0.000349539 3.48188e-05 -0.00028169
internal_weight=462 96 76 366 85 63 281 71 56
internal_count=462 96 76 366 85 63 281 71 56
is_linear=0
shrinkage=0.01


Tree=931
num_leaves=8
num_cat=0
split_feature=96 32 1 74 18 64 0
split_gain=0.247592 0.51693 0.190131 0.400787 0.459349 0.117558 0.037843
threshold=77.303394425000008 5.7071428300000013 0.24315379250000002 56.180001255000008 0.68323078550000005 2.1550002095000003 0.13929100000000003
decision_type=2 2 2 2 2 2 2
left_child=1 -1 3 4 6 -4 -2
right_child=2 -3 5 -5 -6 -7 -8
leaf_value=0.00085381887886950029 -0.00064288534303061275 -0.0004161974699255273 -8.0801284456201396e-06 0.00015227813120182018 0.00032029000453826222 0.00015235076461228336 2.0211575073362313e-05
leaf_weight=30 100 29 195 20 23 27 20
leaf_count=30 100 29 195 20 23 27 20
internal_value=-0.00011241 0.000476589 -0.000208657 3.96824e-05 -0.000135605 -0.000399462 -0.000397351
internal_weight=444 59 385 163 143 222 120
internal_count=444 59 385 163 143 222 120
is_linear=0
shrinkage=0.01


Tree=932
num_leaves=10
num_cat=0
split_feature=64 48 24 6 84 0 97 28 5
split_gain=0.276619 0.253706 0.318269 0.173932 0.136453 0.187438 0.0841634 0.0814474 0.0615385
threshold=1.9949998855000002 6.0999999900000006 1.8142857170000004 0.3481688215 15.762857095000003 0.099150083000000014 26.638290410000003 4.1285714250000014 0.39536521450000001
decision_type=2 2 2 2 2 2 10 2 2
left_child=3 2 -2 -1 7 -6 -7 -5 -9
right_child=1 -3 -4 4 5 6 -8 8 -10
leaf_value=0.00042870957241153163 -0.00028991876052270678 0.00011084054136130283 0.00084451700173770311 -2.3555082891009009e-05 3.7927031684753618e-06 -0.00030694505778414675 -6.9502283910966906e-05 -0.00041081155316911904 0.00019813038258986726
leaf_weight=28 43 20 26 226 20 50 25 20 20
leaf_count=28 43 20 26 226 20 50 25 20 20
internal_value=-0.000119048 0.000373051 5.01431e-05 -0.000237301 -0.00029989 5.21909e-06 -0.000204486 -0.000416042 0
internal_weight=478 89 69 389 361 95 75 266 40
internal_count=478 89 69 389 361 95 75 266 40
is_linear=0
shrinkage=0.01


Tree=933
num_leaves=9
num_cat=0
split_feature=26 30 30 9 5 80 54 1
split_gain=0.482418 0.286275 0.266046 0.312066 0.736549 0.36554 0.127482 0.0231242
threshold=2.2285714405000001 2.0142857095000006 2.2357142910000003 0.66479630850000004 0.40548353550000005 5.4221428980000006 8.6499999685000031 0.28351002850000001
decision_type=2 2 2 2 2 2 2 2
left_child=6 -2 -3 4 5 -4 -1 -5
right_child=1 2 3 7 -6 -7 -8 -9
leaf_value=-1.7684416866552767e-05 0.0001916743540765732 -5.4055724828676141e-05 0.00029885072857159799 -4.2527166190815796e-05 0.00045910722084554221 -0.00082452407147190769 1.9413673407296439e-05 1.495763864417632e-05
leaf_weight=202 28 58 24 33 32 46 25 20
leaf_count=202 28 58 24 33 32 46 25 20
internal_value=-6.82595e-05 0.0002378 0.000100561 0.000324133 0.000651751 4.23728e-05 -0.000401668 -0.000269517
internal_weight=468 241 213 155 102 70 227 53
internal_count=468 241 213 155 102 70 227 53
is_linear=0
shrinkage=0.01


Tree=934
num_leaves=11
num_cat=0
split_feature=97 5 3 57 67 57 66 18 0 0
split_gain=0.291035 0.425718 0.988205 0.166656 0.160405 0.383889 0.153674 0.150065 0.170852 0.0210574
threshold=22.836835770000004 0.47714655350000007 0.3874656425000001 6.0000000040000012 32.379999635000011 1.4500000180000001 32.590001585000003 0.66230330950000005 0.11098786800000002 0.11959318750000002
decision_type=8 2 2 2 2 2 2 2 2 2
left_child=6 3 -3 4 7 -6 -1 -2 -9 -7
right_child=1 2 -4 -5 5 9 -8 8 -10 -11
leaf_value=-1.1600595092434578e-05 -1.5855186650223838e-05 0.00047607570215264669 -3.3222664949890073e-05 0.00010302536310829615 0.00045434476013465127 -0.0039767422276408889 0.0005474464058967776 0.00026703824402607825 -4.921496200499611e-05 -0.00010681405895374996
leaf_weight=162 118 22 22 21 28 20 20 20 20 29
leaf_count=162 118 22 22 21 28 20 20 20 20 29
internal_value=-6.00664e-05 0.00012633 0.00102679 -2.33646e-05 -0.000108143 0.000250643 -0.000377462 -0.00029597 0.000196078 -0.000251004
internal_weight=482 300 44 256 235 77 182 158 40 49
internal_count=482 300 44 256 235 77 182 158 40 49
is_linear=0
shrinkage=0.01


Tree=935
num_leaves=10
num_cat=0
split_feature=26 97 36 28 19 27 15 96 25
split_gain=0.383149 0.441056 0.352915 0.313162 0.364656 0.286263 0.243749 0.0946791 0.0429073
threshold=2.2642857260000002 29.140435005000004 3.4214285445000008 3.5928571735000001 64.640000000000015 3.9571428810000007 0.62225714300000012 60.892142180000008 1.5928571355000003
decision_type=2 8 2 2 2 2 2 2 2
left_child=3 2 -2 4 -1 6 -4 -5 -9
right_child=1 -3 5 7 -6 -7 -8 8 -10
leaf_value=9.00774929059647e-05 0.00034239313657759729 0.00058429999146879089 0.00049336335233321417 0.00026887526176255826 -0.0013815999317798636 -8.0242422676066587e-05 -9.1207918565486742e-06 -3.7320873440304327e-06 -2.4880844734099431e-05
leaf_weight=26 20 28 20 29 21 71 26 20 187
leaf_count=26 20 28 20 29 21 71 26 20 187
internal_value=8.91254e-06 0.000395054 0.000141509 -0.000209655 0.000512552 -5.51784e-05 0.000534188 -0.000363176 -0.000440327
internal_weight=448 165 137 283 47 117 46 236 207
internal_count=448 165 137 283 47 117 46 236 207
is_linear=0
shrinkage=0.01


Tree=936
num_leaves=9
num_cat=0
split_feature=3 45 64 0 0 4 1 1
split_gain=0.233112 0.307745 0.336179 0.362667 0.212114 0.0785545 0.0374307 0.0367571
threshold=0.28687653550000008 5.4999999555000008 2.1550002095000003 0.25836732650000005 0.1038414445 0.39125585700000004 0.25346078550000006 0.27862135700000007
decision_type=2 2 2 2 2 2 2 2
left_child=-1 2 3 4 -2 -5 -3 -6
right_child=1 6 -4 5 7 -7 -8 -9
leaf_value=-0.00019348617098151975 0.00033047099117415038 2.3689977054027965e-06 0.00043573780477381248 7.6888572860676078e-05 -6.6542849453145151e-06 7.5918585060557984e-05 -2.2405449577198342e-05 3.3164791934173488e-05
leaf_weight=130 25 20 35 20 90 22 96 20
leaf_count=130 25 20 35 20 90 22 96 20
internal_value=-0.000124237 1.21653e-05 0.000244361 5.34307e-05 -0.000187776 0.000864486 -0.000393836 -0.000388087
internal_weight=458 328 212 177 135 42 116 110
internal_count=458 328 212 177 135 42 116 110
is_linear=0
shrinkage=0.01


Tree=937
num_leaves=9
num_cat=0
split_feature=28 57 48 97 98 57 25 10
split_gain=0.361081 0.37532 0.46043 0.213856 0.170471 0.207756 0.139274 0.0850552
threshold=4.0785714385000009 0.50000000350000018 3.2000000810000002 33.572341325000004 26.403695545000005 2.3999999910000005 1.6142856945000001 0.7122327140000001
decision_type=2 2 2 8 10 2 2 2
left_child=3 -2 -3 4 6 -6 -1 -8
right_child=1 2 -4 -5 5 -7 7 -9
leaf_value=1.5210849400111993e-07 -1.9226419462229001e-05 0.00017887446186740991 0.0010810954549388214 0.00047864373684151711 0.00038573529321968503 -2.6872861155436294e-05 -3.4109302846489878e-05 3.8112448950840957e-05
leaf_weight=20 27 32 28 23 28 23 244 39
leaf_count=20 27 32 28 23 28 23 244 39
internal_value=-6.4544e-05 0.000506834 0.000953947 -0.000202488 -0.000267757 0.000241313 -0.000360435 -0.000421071
internal_weight=464 87 60 377 354 51 303 283
internal_count=464 87 60 377 354 51 303 283
is_linear=0
shrinkage=0.01


Tree=938
num_leaves=8
num_cat=1
split_feature=99 49 47 1 16 16 60
split_gain=0.392794 0.509154 0.625959 0.255019 0.49411 0.175454 0.106041
threshold=0 15.299999905000002 0.35000000900000006 0.20456692850000002 0.6125375715000001 0.70797842850000003 8.074999809000003
decision_type=1 2 2 2 2 2 2
left_child=1 2 -1 4 -2 -4 -5
right_child=3 -3 5 6 -6 -7 -8
leaf_value=0.0008836408981433855 -0.0039040708134282622 -0.00046260169182731439 0.00010989522328354969 -1.1841199097359952e-05 0.0017945783353030867 -6.2529322418432148e-06 1.138388059990625e-05
leaf_weight=24 46 37 20 237 36 21 31
leaf_count=24 46 37 20 237 36 21 31
internal_value=-9.71733e-05 0.000416667 0.000995441 -0.000257761 0.000205314 0.000179426 -0.000416667
internal_weight=452 102 65 350 82 41 268
internal_count=452 102 65 350 82 41 268
cat_boundaries=0 1
cat_threshold=674529281
is_linear=0
shrinkage=0.01


Tree=939
num_leaves=10
num_cat=1
split_feature=99 26 0 19 8 53 9 96 8
split_gain=0.309777 0.47137 0.255989 0.207953 0.757834 0.13531 0.0367064 0.0436387 0.02997
threshold=0 2.2642857260000002 0.066451479500000007 28.005000000000006 0.62413026550000017 0.40000000950000009 0.53907900000000009 132.14743360000003 0.4899646425000001
decision_type=1 2 2 2 2 2 2 2 2
left_child=1 5 -2 4 8 -1 -5 -8 -4
right_child=2 -3 3 6 -6 -7 7 -9 -10
leaf_value=-1.2053027568912937e-05 0.00041954317584093272 0.00052385680628942624 -0.0035316098317726063 -2.3451965805784747e-06 0.0015381942090090133 4.0127431159579142e-06 -3.809089036383602e-05 -0.00039853275757640878 -0.00054161085092065131
leaf_weight=38 20 36 20 20 20 29 211 20 52
leaf_count=38 20 36 20 20 20 29 211 20 52
internal_value=-4.49873e-05 0.000408611 -0.000185928 -0.000260326 0.00012931 -2.2124e-05 -0.000411041 -0.000446506 -0.00032967
internal_weight=466 103 363 343 92 67 251 231 72
internal_count=466 103 363 343 92 67 251 231 72
cat_boundaries=0 1
cat_threshold=170135809
is_linear=0
shrinkage=0.01


Tree=940
num_leaves=10
num_cat=1
split_feature=99 26 19 8 1 16 37 19 52
split_gain=0.303277 0.689675 0.227744 0.609194 0.229304 0.272739 0.11004 0.0892235 0.0436928
threshold=0 2.2642857260000002 28.005000000000006 0.62052864250000017 0.19603085750000002 0.6125375715000001 5.0071428845000012 80.780000000000015 21.849999785000005
decision_type=1 2 2 2 2 2 2 2 2
left_child=1 7 3 6 5 -4 -2 -1 -6
right_child=2 -3 4 -5 8 -7 -8 -9 -10
leaf_value=-4.6093506935353206e-05 -0.0011040686564504929 0.00066992452784295892 -0.012721129317656163 0.0013811203102245676 -1.0098901563348534e-05 0.00033395792544587034 0.00043011813376024111 5.727624144428466e-06 -2.5194535784188118e-06
leaf_weight=41 49 38 24 21 213 24 20 22 20
leaf_count=41 49 38 24 21 213 24 20 22 20
internal_value=-2.96109e-05 0.000424866 -0.000166318 0.000253304 -0.000314053 0.000286885 -0.000179083 -0.000148903 -0.000446963
internal_weight=472 101 371 90 281 48 69 63 233
internal_count=472 101 371 90 281 48 69 63 233
cat_boundaries=0 1
cat_threshold=673448193
is_linear=0
shrinkage=0.01


Tree=941
num_leaves=9
num_cat=0
split_feature=6 56 1 7 52 16 26 6
split_gain=0.210896 0.21607 0.322528 0.22737 0.116964 0.0908624 0.0790701 0.0662955
threshold=0.55327271450000015 10.299999860000002 0.20483348800000004 0.40947400000000006 21.849999785000005 0.70473278550000007 2.4785714150000007 0.44363492850000003
decision_type=2 2 2 2 2 2 2 2
left_child=1 3 -3 -1 6 -4 -5 -8
right_child=-2 2 5 4 -6 -7 7 -9
leaf_value=0.00087910082025697178 0.00036757292596229494 0.00057450552540548204 2.2007688874737149e-05 -3.1977812911356897e-05 -1.5330965739627643e-06 -2.1223268081969258e-05 0.00039134529750840585 -6.5169422164306672e-05
leaf_weight=26 34 20 20 268 24 34 20 22
leaf_count=26 34 20 20 268 24 34 20 22
internal_value=-0.000132253 -0.000195492 0.000280749 -0.000299335 -0.000373357 -9.1241e-05 -0.000427928 0
internal_weight=468 434 74 360 334 54 310 42
internal_count=468 434 74 360 334 54 310 42
is_linear=0
shrinkage=0.01


Tree=942
num_leaves=8
num_cat=0
split_feature=19 19 96 95 4 9 26
split_gain=0.28725 0.547386 0.239247 0.156598 0.158265 0.49084 0.106069
threshold=19.550000000000001 14.605000000000002 66.85331105500002 21.223571300000003 0.39647671450000005 0.6642059250000002 2.2428571245000004
decision_type=2 2 2 2 2 2 2
left_child=1 6 -2 -4 -5 -6 -1
right_child=2 -3 3 4 5 -7 -8
leaf_value=-0.0022674989481948019 0.00065409219254258582 0.0015087283767761385 4.6862093520824019e-05 -7.8224473805850696e-06 0.00010440866393948006 -0.0001511349900304624 0.00025502428224267619
leaf_weight=33 22 20 34 240 20 54 32
leaf_count=33 22 20 34 240 20 54 32
internal_value=-9.98246e-05 0.000413753 -0.00022384 -0.000292431 -0.000365311 1.33689e-05 -7.5989e-06
internal_weight=455 85 370 348 314 74 65
internal_count=455 85 370 348 314 74 65
is_linear=0
shrinkage=0.01


Tree=943
num_leaves=7
num_cat=0
split_feature=8 14 48 71 45 30
split_gain=0.218098 0.320272 0.124525 0.0788741 0.130737 0.0403271
threshold=0.48546688100000007 0.57232485750000006 9.0000000000000018 65.31500053500001 2.0999999940000005 1.9571428385000003
decision_type=2 2 2 2 2 2
left_child=1 -1 3 5 -5 -2
right_child=2 -3 -4 4 -6 -7
leaf_value=-0.0037510631701063368 -4.8233495761826613e-06 0.00093586188806897639 5.1515820480381792e-06 0.00036958570545078846 -0.0014163647451621605 -3.5057252539437374e-05
leaf_weight=22 22 21 21 31 42 293
leaf_count=22 22 21 21 31 42 293
internal_value=-0.000273852 0.000376712 -0.000347731 -0.000390947 -6.09757e-05 -0.000460735
internal_weight=452 43 409 388 73 315
internal_count=452 43 409 388 73 315
is_linear=0
shrinkage=0.01


Tree=944
num_leaves=10
num_cat=1
split_feature=99 54 15 14 7 0 56 19 0
split_gain=0.323288 0.332824 0.594906 0.123624 0.170852 0.139926 0.065835 0.0778705 0.0192946
threshold=0 4.1499999725000007 0.68299035750000014 0.75020021450000007 0.59066164300000012 0.06773047900000001 0.40000000950000009 46.710000000000008 0.21047566700000003
decision_type=1 2 2 2 2 2 2 2 2
left_child=1 8 -3 5 -5 -2 7 -7 -1
right_child=3 2 -4 4 -6 6 -8 -9 -10
leaf_value=-0.0039385148368541491 6.9463093148535714e-05 0.00065159825213646435 -1.063573441998207e-05 0.0014939916655337603 -2.5781874999159296e-05 3.4894678986918327e-05 -1.9685737097910004e-05 -5.0741390164040384e-06 -9.1338921791933391e-05
leaf_weight=20 20 21 35 20 20 20 241 27 26
leaf_count=20 20 21 35 20 20 20 241 27 26
internal_value=-0.000139752 0.000328014 0.000880282 -0.000284281 0.000196078 -0.000362694 -0.000422438 -3.13809e-05 -0.000235043
internal_weight=450 102 56 348 40 308 288 47 46
internal_count=450 102 56 348 40 308 288 47 46
cat_boundaries=0 1
cat_threshold=674496513
is_linear=0
shrinkage=0.01


Tree=945
num_leaves=7
num_cat=1
split_feature=99 21 97 27 1 38
split_gain=0.188834 0.394775 0.231053 0.143031 0.179847 0.143779
threshold=0 2.3142856955000002 29.895495065000002 4.1857143300000006 0.20456692850000002 6.3642856735000004
decision_type=1 2 8 2 2 2
left_child=1 2 -1 5 -5 -2
right_child=3 -3 -4 4 -6 -7
leaf_value=0.00045803138178123859 -2.2350808079537266e-05 -4.7274868146551956e-05 -0.0014461242964898492 0.000783992067800553 -6.0764156367010531e-06 3.1896489137016949e-05
leaf_weight=32 277 52 22 20 22 23
leaf_count=32 277 52 22 20 22 23
internal_value=-0.000227273 0.000128425 0.000748175 -0.000337302 0.000163551 -0.000425532
internal_weight=448 106 54 342 42 300
internal_count=448 106 54 342 42 300
cat_boundaries=0 1
cat_threshold=135529740
is_linear=0
shrinkage=0.01


Tree=946
num_leaves=9
num_cat=1
split_feature=99 86 86 18 52 31 1 1
split_gain=0.215833 0.333583 0.303352 0.278564 0.367199 0.136552 0.0358742 0.0166011
threshold=0 14.317142830000002 14.739285740000001 0.48628885700000007 16.399999620000003 3.1357142585000006 0.27794585700000002 0.23714497600000004
decision_type=1 2 2 2 2 2 2 2
left_child=5 6 3 -3 -5 -1 -2 -4
right_child=1 2 7 4 -6 -7 -8 -9
leaf_value=-2.2880654076601831e-05 -3.0116718313110982e-05 0.00049795169170741233 -1.2712158714616207e-05 -9.7852161235757517e-05 0.00094659696920942123 0.003529922985424927 -5.5365550712294975e-06 -0.00020675068695424556
leaf_weight=251 83 20 20 25 20 24 20 22
leaf_count=251 83 20 20 25 20 24 20 22
internal_value=-0.00022746 1.35868e-05 0.000412801 0.000843465 0.000338428 -0.000404129 -0.00038054 -0.00021028
internal_weight=485 210 107 65 45 275 103 42
internal_count=485 210 107 65 45 275 103 42
cat_boundaries=0 1
cat_threshold=572591766
is_linear=0
shrinkage=0.01


Tree=947
num_leaves=8
num_cat=0
split_feature=76 2 24 18 10 2 2
split_gain=0.264692 0.342635 0.25375 0.365677 0.107663 0.105772 0.0180012
threshold=94.81499958000002 0.29531650000000004 1.6285714335000001 0.67585650000000008 0.53582621450000012 0.29808214250000004 0.33703885700000008
decision_type=2 2 2 2 2 2 2
left_child=2 -2 3 5 -4 -1 -3
right_child=1 6 4 -5 -6 -7 -8
leaf_value=-0.0002523605038697926 0.00048603328817427359 -1.1954373719737017e-05 0.00014751504245961528 0.00055810850751062682 -2.2621540455611426e-05 1.1619592813348657e-05 -0.0012631162280361007
leaf_weight=45 37 24 31 20 263 20 20
leaf_count=45 37 24 31 20 263 20 20
internal_value=-0.000169271 0.000336186 -0.000283044 0.000180653 -0.000424016 -0.000159575 -0.000223214
internal_weight=460 81 379 85 294 65 44
internal_count=460 81 379 85 294 65 44
is_linear=0
shrinkage=0.01


Tree=948
num_leaves=9
num_cat=1
split_feature=99 5 73 50 49 86 5 7
split_gain=0.208623 0.254978 0.374371 0.246292 0.362203 0.231174 0.0983101 0.0437196
threshold=0 0.43517100000000003 51.415000435000003 11.600000005000002 6.5499999375000009 14.737142970000003 0.34692250000000008 0.40947400000000006
decision_type=1 2 2 2 2 2 2 2
left_child=1 6 -3 4 -2 -6 -1 -5
right_child=3 2 -4 7 5 -7 -8 -9
leaf_value=1.9218574107488994e-05 0.0003291780482060068 -1.4150571062648604e-05 0.00049319839019489335 0.00033448916927376394 -1.5314015192826438e-05 2.0814831937792637e-05 -0.00021949817956945327 -2.5615584175584162e-05
leaf_weight=20 31 22 20 20 79 25 39 214
leaf_count=20 31 22 20 20 79 25 39 214
internal_value=-0.000133815 0.000245975 0.000864486 -0.000243549 7.73195e-05 -0.00019084 -0.000125418 -0.000447189
internal_weight=470 101 42 369 135 104 59 234
internal_count=470 101 42 369 135 104 59 234
cat_boundaries=0 1
cat_threshold=135299085
is_linear=0
shrinkage=0.01


Tree=949
num_leaves=8
num_cat=1
split_feature=28 1 2 99 28 18 22
split_gain=0.375166 0.453347 0.401395 0.168333 0.298067 0.235693 0.0437196
threshold=4.0785714385000009 0.26673214300000009 0.26212950000000007 0 3.8999999930000002 0.68323078550000005 1.9714285735000001
decision_type=2 2 2 1 2 2 2
left_child=3 2 -2 4 5 -1 -5
right_child=1 -3 -4 6 -6 -7 -8
leaf_value=-1.7073640350625763e-05 0.0004555154063707814 -4.8537668398958041e-05 0.00041763051648391531 -2.6335442482109565e-05 0.00057745478090965707 7.9369475536147859e-05 -0.00023365571869409069
leaf_weight=84 27 31 22 214 25 25 20
leaf_count=84 27 31 22 214 25 25 20
internal_value=-0.000138146 0.000470297 0.0010743 -0.000276573 6.90597e-06 -0.000204918 -0.000428922
internal_weight=448 80 49 368 134 109 234
internal_count=448 80 49 368 134 109 234
cat_boundaries=0 1
cat_threshold=137625616
is_linear=0
shrinkage=0.01


Tree=950
num_leaves=9
num_cat=1
split_feature=99 5 0 3 54 46 17 6
split_gain=0.280908 0.56106 0.236461 0.225904 0.210675 0.277556 0.0444076 0.0226349
threshold=0 0.47714655350000007 0.065224698000000011 0.29493442850000001 1.0000000225000003 0.15000000200000005 0.73096514250000011 0.48602971400000006
decision_type=1 2 2 2 2 2 2 2
left_child=1 3 -2 -1 5 -4 -6 -7
right_child=2 -3 4 -5 6 7 -8 -9
leaf_value=0.00031049527680167624 0.00032596212431052602 0.0006383977825550188 0.00034916289800237968 -4.3028571928693993e-06 -3.6109740739375446e-05 -5.569627214395427e-06 0.00020170890966459299 -2.3824943117335876e-05
leaf_weight=34 23 20 25 48 243 32 20 20
leaf_count=34 23 20 25 48 243 32 20 20
internal_value=-0.000108416 0.000328014 -0.000239433 0 -0.000316902 0.000122108 -0.000452995 -0.000265152
internal_weight=465 102 363 82 340 77 263 52
internal_count=465 102 363 82 340 77 263 52
cat_boundaries=0 1
cat_threshold=674496776
is_linear=0
shrinkage=0.01


Tree=951
num_leaves=8
num_cat=0
split_feature=37 2 95 17 17 97 27
split_gain=0.222547 0.204321 0.355987 0.251094 0.0378181 0.0442333 0.0373232
threshold=5.4285714285000006 0.27072407150000005 23.412142755000001 0.68839085700000013 0.74174346400000013 32.694284770000003 3.9428571970000008
decision_type=2 2 2 2 2 8 2
left_child=1 2 3 6 5 -3 -1
right_child=-2 4 -4 -5 -6 -7 -8
leaf_value=-0.0026845253830239564 1.7154935336668451e-05 -9.4728716522423739e-06 0.00042396242250176876 0.00030081691746556053 4.2634210918934823e-05 3.9857835458410598e-05 -0.00056727688729102594
leaf_weight=20 22 235 22 36 20 20 95
leaf_count=20 22 235 22 36 20 20 95
internal_value=-0.000197536 -0.000249554 8.63049e-06 -0.000154809 -0.000418782 -0.000451525 -0.000392919
internal_weight=470 448 173 151 275 255 115
internal_count=470 448 173 151 275 255 115
is_linear=0
shrinkage=0.01


Tree=952
num_leaves=8
num_cat=1
split_feature=99 28 12 70 33 97 0
split_gain=0.369221 0.562842 0.477809 0.308645 0.160107 0.126733 0.0396295
threshold=0 4.0785714385000009 0.62654670400000012 64.310001375000027 4.4857142140000006 17.997489060000003 0.092710708500000016
decision_type=1 2 2 2 2 10 2
left_child=4 2 3 -2 -1 -4 -7
right_child=1 -3 5 -5 -6 6 -8
leaf_value=-2.5984966994873627e-05 0.00035088831498918978 0.00042806607072070474 0.00013025367808993605 -0.0012424337925035903 0.00063251627632384007 -0.00042544270499411343 -9.9036590899661841e-06
leaf_weight=219 21 38 20 20 20 20 121
leaf_count=219 21 38 20 20 20 20 121
internal_value=-0.000119842 0.000151515 -4.43788e-05 0.000897129 -0.000390312 -0.000299753 -0.000412553
internal_weight=479 240 202 41 239 161 141
internal_count=479 240 202 41 239 161 141
cat_boundaries=0 1
cat_threshold=167841950
is_linear=0
shrinkage=0.01


Tree=953
num_leaves=8
num_cat=0
split_feature=56 83 30 96 14 6 84
split_gain=0.219246 0.233209 0.125328 0.0956788 0.0767657 0.0615385 0.04313
threshold=0.25000000350000007 6.6842856920000004 2.0142857265000003 60.892142180000008 0.75020021450000007 0.53267028550000017 15.939285890000003
decision_type=2 2 2 2 2 2 2
left_child=-1 2 -2 -4 6 -6 -5
right_child=1 -3 3 4 5 -7 -8
leaf_value=0.00037802088648364183 2.2620218166378609e-05 0.00038296165054082116 -0.00095037987548452082 -1.8789900988543755e-05 0.00041005292158676821 -2.5029009225417529e-05 -0.0044746283675050737
leaf_weight=23 20 24 28 316 20 20 21
leaf_count=23 20 24 28 316 20 20 21
internal_value=-0.000219966 -0.000272343 -0.000329967 -0.000370872 -0.00041424 0 -0.000463292
internal_weight=472 449 425 405 377 40 337
internal_count=472 449 425 405 377 40 337
is_linear=0
shrinkage=0.01


Tree=954
num_leaves=7
num_cat=0
split_feature=33 53 22 19 57 63
split_gain=0.297472 0.44487 0.183015 0.0813015 0.242909 0.0327423
threshold=4.4142857280000003 4.0999999940000009 1.9571428555000001 19.550000000000001 0.95000001800000011 8.2350001335000016
decision_type=2 2 2 2 2 2
left_child=2 -2 3 4 -1 -5
right_child=1 -3 -4 5 -6 -7
leaf_value=0.00039212570489080339 0.0003373323559710484 -4.5209724533020121e-05 9.4848159438977873e-05 -1.5006001688308618e-05 -0.0017552756880855949 -7.835374953362069e-05
leaf_weight=21 24 24 32 278 50 25
leaf_count=21 24 24 32 278 50 25
internal_value=-0.000230871 0.000491803 -0.000322026 -0.000386873 -4.87466e-05 -0.000459184
internal_weight=454 48 406 374 71 303
internal_count=454 48 406 374 71 303
is_linear=0
shrinkage=0.01


Tree=955
num_leaves=8
num_cat=0
split_feature=68 16 96 98 88 19 4
split_gain=0.358956 0.284178 0.27982 0.27952 0.193864 0.122748 0.0439506
threshold=1.7350001335000003 0.54120626150000006 77.303394425000008 26.400175465 12.461428505000002 83.490000000000023 0.2856391430000001
decision_type=2 2 2 10 2 2 2
left_child=6 -2 -3 4 -4 -6 -1
right_child=1 2 3 -5 5 -7 -8
leaf_value=2.6747038030860636e-05 -0.0040976059323004901 0.00084400802090897652 0.00018814912784684919 0.00035082215599567605 -0.00082162761853079788 0.00044748816454813159 -8.8473522540214045e-06
leaf_weight=20 63 27 22 23 76 21 223
leaf_count=20 63 27 22 23 76 21 223
internal_value=-0.000179697 9.45016e-05 0.000315076 0.000119048 -6.26045e-05 -0.000270961 -0.000449139
internal_weight=475 232 169 142 119 97 243
internal_count=475 232 169 142 119 97 243
is_linear=0
shrinkage=0.01


Tree=956
num_leaves=8
num_cat=0
split_feature=90 62 17 10 4 74 13
split_gain=0.255605 0.197915 0.244109 0.128451 0.103439 0.0925058 0.0452356
threshold=19.571428300000004 1.0300002100000003 0.58502578550000017 0.49315400000000004 0.39827175000000004 39.210000035000007 0.76785089400000006
decision_type=2 2 2 2 2 2 2
left_child=1 3 4 -1 -3 -5 -7
right_child=-2 2 -4 5 -6 6 -8
leaf_value=5.0820248344942038e-06 0.00049690139040757693 -0.00048380375490320927 0.00040778194910594766 3.1831812083571735e-05 0.00045123902272786845 -1.8884848967545004e-05 -0.00050964311054711698
leaf_weight=21 20 43 25 33 20 289 20
leaf_count=21 20 43 25 33 20 289 20
internal_value=-0.000198177 -0.000251217 0.000157658 -0.000355965 -0.000148903 -0.000405484 -0.000459974
internal_weight=471 451 88 363 63 342 309
internal_count=471 451 88 363 63 342 309
is_linear=0
shrinkage=0.01


Tree=957
num_leaves=8
num_cat=0
split_feature=25 18 48 83 0 72 28
split_gain=0.244704 0.743729 0.282034 0.185831 0.0838677 0.0432004 0.037551
threshold=1.8714285620000004 0.68180292850000013 4.0999999530000011 5.4357142470000008 0.25836732650000005 84.640000345000018 4.1142856560000007
decision_type=2 2 2 2 2 2 2
left_child=5 2 6 4 -4 -1 -2
right_child=1 -3 3 -5 -6 -7 -8
leaf_value=-8.3878414670134654e-06 -0.00027089315231263014 0.0003702742594836844 -0.0028305279948746377 0.00041487784788627532 1.0031275956307873e-05 9.9510319279208501e-05 -8.4590387533772964e-05
leaf_weight=196 126 20 30 35 20 20 21
leaf_count=196 126 20 30 35 20 20 21
internal_value=-0.000196246 7.91127e-06 -0.000146048 0.000297203 -5.90552e-05 -0.000442805 -0.000416103
internal_weight=468 252 232 85 50 216 147
internal_count=468 252 232 85 50 216 147
is_linear=0
shrinkage=0.01


Tree=958
num_leaves=9
num_cat=1
split_feature=99 97 97 5 32 32 84 3
split_gain=0.444838 0.312605 0.673839 0.181395 0.135317 0.184941 0.0450934 0.0192946
threshold=0 26.465459855000002 25.976974940000002 0.46218607150000007 5.5714285880000007 5.7142857480000009 14.887857095000003 0.29985280950000009
decision_type=1 10 8 2 2 2 2 2
left_child=1 2 3 -1 6 -6 -2 -3
right_child=4 7 -4 -5 5 -7 -8 -9
leaf_value=-1.8338816564771423e-05 5.7236233033027552e-05 -0.0038069314560456708 0.0002981251199932264 6.9901422714757871e-05 0.00046825765139189846 -0.0067785880396392922 -9.0819113025144666e-06 -0.000147569036528719
leaf_weight=26 20 20 20 21 37 42 280 26
leaf_count=26 20 20 20 21 37 42 280 26
internal_value=-0.000190747 0.000335218 0.000803835 9.41421e-05 -0.000352745 0 -0.000458777 -0.000235043
internal_weight=492 113 67 47 379 79 300 46
internal_count=492 113 67 47 379 79 300 46
cat_boundaries=0 1
cat_threshold=540279049
is_linear=0
shrinkage=0.01


Tree=959
num_leaves=10
num_cat=1
split_feature=99 12 10 56 78 32 1 10 16
split_gain=0.855832 0.48064 0.393111 0.475816 0.178935 0.2364 0.254553 0.0639114 0.0443435
threshold=0 0.59872507150000021 0.6415958570000001 5.4499999955000007 7.4214285780000013 5.7071428300000013 0.23047792850000001 0.6868006710000002 0.75301769650000006
decision_type=1 2 2 2 2 2 2 2 2
left_child=1 -1 -3 -4 5 6 -2 -8 -6
right_child=4 2 3 -5 8 -7 7 -9 -10
leaf_value=0.00037105980102848093 0.0013022792221599833 -0.00016263972831913405 0.00082856935941743313 -1.554222533934495e-05 -1.7742724000836446e-05 -0.0020585510139164197 -5.0068070321478799e-05 0.00021588973606398492 0.00010927934380901561
leaf_weight=22 20 33 23 23 240 54 21 20 20
leaf_count=22 20 33 23 23 240 54 21 20 20
internal_value=-7.55035e-05 0.000693202 0.000357143 0.000961538 -0.000299378 4.31767e-06 0.000444984 0 -0.000452454
internal_weight=476 101 79 46 375 115 61 41 260
internal_count=476 101 79 46 375 115 61 41 260
cat_boundaries=0 1
cat_threshold=540311816
is_linear=0
shrinkage=0.01


Tree=960
num_leaves=8
num_cat=0
split_feature=8 82 79 8 4 27 66
split_gain=0.315672 0.341646 0.449093 0.405701 0.196002 0.121259 0.176039
threshold=0.48546688100000007 6.8728571280000006 7.3935713640000005 0.61772414250000007 0.2633856905000001 3.9428571970000008 30.695000650000004
decision_type=2 2 2 2 2 2 2
left_child=4 -2 3 -3 -1 6 -4
right_child=1 2 5 -5 -6 -7 -8
leaf_value=-0.00061480466567007336 -1.5498026313912068e-05 0.00033699562740769951 -0.0012577203327967812 -5.622946634347918e-05 0.00028159106138580056 -0.0028768804901868278 0.00041701476143373947
leaf_weight=21 245 25 30 23 20 79 34
leaf_count=21 245 25 30 23 20 79 34
internal_value=-0.000160109 -0.000242674 6.51719e-05 0.000901639 0.000657895 -0.000205146 9.25925e-05
internal_weight=477 436 191 48 41 143 64
internal_count=477 436 191 48 41 143 64
is_linear=0
shrinkage=0.01


Tree=961
num_leaves=8
num_cat=0
split_feature=19 57 97 65 20 5 8
split_gain=0.156951 0.433994 0.23376 0.282983 0.0909855 0.245055 0.0444076
threshold=19.550000000000001 2.3999999910000005 18.400913240000005 40.299999235000008 0.72142858150000011 0.42347158550000003 0.51111414300000013
decision_type=2 2 10 2 2 2 2
left_child=1 -1 3 -2 5 -4 -6
right_child=2 -3 4 -5 6 -7 -8
leaf_value=0.00073260814932570874 0.00082465818252695951 -0.0037157632809937885 -0.00019539638836790129 -0.0025243231137255157 3.8977453337197577e-08 0.00033935930960903141 -1.2945833759849177e-05
leaf_weight=39 22 45 44 20 20 20 243
leaf_count=39 22 45 44 20 20 20 243
internal_value=-0.000186205 0.000188679 -0.000277177 0.000397196 -0.000370653 -1.17738e-10 -0.000452995
internal_weight=453 84 369 42 327 64 263
internal_count=453 84 369 42 327 64 263
is_linear=0
shrinkage=0.01


Tree=962
num_leaves=9
num_cat=0
split_feature=9 59 88 51 26 1 28 28
split_gain=0.203123 0.32099 0.133344 0.326731 0.125102 0.105074 0.0598723 0.076464
threshold=0.53159475000000012 0.3400001525000001 12.941428525000001 0.60000001250000012 2.2714285935000005 0.18739064300000005 4.1071428060000015 4.1642857620000013
decision_type=2 2 2 2 2 2 2 2
left_child=1 -1 5 4 -4 -2 -7 -8
right_child=2 -3 3 -5 -6 6 7 -9
leaf_value=0.00061459105097502503 -0.00029684835178155094 -0.00063020660639130351 -0.00086195034161284728 0.00078187232076843457 0.00043163922049039953 -1.4933358391171811e-05 0.00040578690069730943 -2.7214398062998874e-05
leaf_weight=30 26 25 68 24 20 242 21 29
leaf_count=30 26 25 68 24 20 242 21 29
internal_value=-0.000186291 0.000367383 -0.000262303 1.77304e-05 -0.000247748 -0.000367001 -0.000423497 -5.90552e-05
internal_weight=485 55 430 112 88 318 292 50
internal_count=485 55 430 112 88 318 292 50
is_linear=0
shrinkage=0.01


Tree=963
num_leaves=7
num_cat=0
split_feature=9 64 54 76 85 43
split_gain=0.265552 0.186814 0.272739 0.0799636 0.091357 0.0449939
threshold=0.50185125000000019 2.3349995615000005 7.6000000535000014 80.124999045000024 14.02571423 17.399999770000004
decision_type=2 2 2 2 2 2
left_child=-1 3 -3 -2 5 -5
right_child=1 2 -4 4 -6 -7
leaf_value=0.00040889419111802107 -4.7086731390198123e-05 0.00016890215193854127 -0.00014289402120644292 -2.3355264678757006e-05 7.9156084588755382e-06 2.9175186154863711e-05
leaf_weight=33 31 24 24 274 33 20
leaf_count=33 31 24 24 274 33 20
internal_value=-0.000198954 -0.000272861 0.000286885 -0.000353958 -0.000401159 -0.000457938
internal_weight=439 406 48 358 327 294
internal_count=439 406 48 358 327 294
is_linear=0
shrinkage=0.01


Tree=964
num_leaves=10
num_cat=0
split_feature=27 98 98 18 80 22 97 12 86
split_gain=0.295659 0.531338 0.201394 0.144114 0.285805 0.116188 0.175454 0.0408015 0.074849
threshold=3.9642856800000001 23.642177115000006 19.605197285000003 0.6834761075000001 5.2742857675000012 1.8428571475000002 31.069656745000007 0.62536428600000005 14.625714230000002
decision_type=2 10 8 2 2 2 8 2 2
left_child=1 2 -1 7 -5 -4 -7 8 -2
right_child=3 -3 5 4 -6 6 -8 -9 -10
leaf_value=6.458213978767113e-05 -0.0006084065091807912 0.00033632842322857208 -2.7567867004406625e-05 -6.7386315555587474e-06 0.00030659482078030688 0.00041411549741573648 -1.1382743531541236e-05 -1.820976563017563e-05 -1.5641339047035549e-05
leaf_weight=20 37 22 68 38 27 20 21 207 24
leaf_count=20 37 22 68 38 27 20 21 207 24
internal_value=-0.00014439 0.000214097 -1.92605e-05 -0.000313062 8.35865e-05 -0.000204918 0.000179426 -0.000416667 -0.000137541
internal_weight=484 151 129 333 65 109 41 268 61
internal_count=484 151 129 333 65 109 41 268 61
is_linear=0
shrinkage=0.01


Tree=965
num_leaves=9
num_cat=1
split_feature=99 76 56 11 11 7 29 2
split_gain=0.312381 0.592336 0.20854 0.204407 0.215563 0.106886 0.0448902 0.0226349
threshold=0 91.850001335000016 0.25000000350000007 0.70115721450000013 0.71501664300000012 0.47751995200000003 3.3285714215000004 0.28765000000000002
decision_type=1 2 2 2 2 2 2 2
left_child=1 5 -2 6 -5 -1 -4 -6
right_child=2 -3 3 4 7 -7 -8 -9
leaf_value=7.5555192694149554e-05 0.0002983938893434017 0.00055699469119515569 -2.2509842695565016e-06 0.0004306510965848233 -0.0030606593749350998 -1.6616684073225232e-05 -2.0365030045618146e-05 -5.4043386887281378e-05
leaf_weight=20 26 35 20 29 20 46 268 32
leaf_count=20 26 35 20 29 20 46 268 32
internal_value=-0.00013285 0.00033542 -0.00025998 -0.00033126 9.16869e-05 -0.000164671 -0.000457064 -0.000265152
internal_weight=496 101 395 369 81 66 288 52
internal_count=496 101 395 369 81 66 288 52
cat_boundaries=0 1
cat_threshold=540279041
is_linear=0
shrinkage=0.01


Tree=966
num_leaves=7
num_cat=1
split_feature=99 26 0 8 97 11
split_gain=0.247367 0.509364 0.278569 0.146532 0.11474 0.0452356
threshold=0 2.2999999945000007 0.066068660000000015 0.6965929285000001 27.748442220000005 0.53175542850000013
decision_type=1 2 2 2 8 2
left_child=1 4 -2 5 -1 -4
right_child=2 -3 3 -5 -6 -7
leaf_value=-1.61311636967825e-05 0.00032613956922155138 0.00040397200500919456 0.0004201273761623503 2.4210094488854089e-05 8.860199243243189e-05 -1.1611904993920138e-05
leaf_weight=54 23 32 20 21 20 289
leaf_count=54 23 32 20 21 20 289
internal_value=-0.0001903 0.000214041 -0.000314733 -0.000402056 -0.000200535 -0.000459974
internal_weight=459 106 353 330 74 309
internal_count=459 106 353 330 74 309
cat_boundaries=0 1
cat_threshold=540280065
is_linear=0
shrinkage=0.01


Tree=967
num_leaves=10
num_cat=1
split_feature=96 65 9 99 68 9 7 12 53
split_gain=0.262551 0.397935 0.215415 0.129002 0.260613 0.305003 0.303065 0.105855 0.0436387
threshold=73.069060915000009 40.12000036500001 0.49806395000000009 0 1.7350001335000003 0.59847247500000011 0.56453935700000013 0.74559385700000014 2.0000000300000003
decision_type=2 2 2 1 2 2 2 2 2
left_child=1 -1 -2 4 -4 -6 -7 8 -5
right_child=2 -3 3 7 5 6 -8 -9 -10
leaf_value=-0.00024216464667091444 0.00022222691750208349 0.00058203480309423623 -2.7733308844307445e-05 -1.9168404100284451e-05 -0.0015041323811612278 0.00057600127498506188 8.8662067220730297e-05 7.7047902846378533e-06 -1.5179014632638084e-06
leaf_weight=32 22 23 59 211 25 20 28 27 20
leaf_count=32 22 23 59 211 25 20 28 27 20
internal_value=-8.87132e-05 0.000546595 -0.000179264 -0.000237974 1.40055e-05 0.000426829 0.000901639 -0.000360863 -0.000446506
internal_weight=467 55 412 390 132 73 48 258 231
internal_count=467 55 412 390 132 73 48 258 231
cat_boundaries=0 1
cat_threshold=1049881
is_linear=0
shrinkage=0.01


Tree=968
num_leaves=7
num_cat=0
split_feature=25 18 6 66 17 41
split_gain=0.34043 0.747978 0.356008 0.285386 0.112068 0.0794467
threshold=1.8714285495000003 0.66230330950000005 0.56165328550000015 31.815000055000002 0.7348106430000001 8.2999999895000016
decision_type=2 2 2 2 2 2
left_child=4 2 3 5 -1 -2
right_child=1 -3 -4 -5 -6 -7
leaf_value=-8.3938726413650445e-06 -0.00010774127403177233 0.00032875860328130253 0.00054277426709643567 0.00017914716745257229 0.00083747066439413182 3.3025487108709755e-05
leaf_weight=182 125 25 23 33 28 36
leaf_count=182 125 25 23 33 28 36
internal_value=-9.71733e-05 0.000152389 -2.9844e-05 -0.000179672 -0.000393738 -0.000361558
internal_weight=452 242 217 194 210 161
internal_count=452 242 217 194 210 161
is_linear=0
shrinkage=0.01


Tree=969
num_leaves=9
num_cat=1
split_feature=44 99 26 20 18 2 7 27
split_gain=0.459387 0.231043 0.460806 0.341319 0.116683 0.217555 0.044365 0.0296969
threshold=15.749999955000002 0 2.2642857260000002 1.0142857135000003 0.68323078550000005 0.27399721400000004 0.42924242850000005 4.1285714930000017
decision_type=2 1 2 2 2 2 2 2
left_child=1 2 7 -4 6 -6 -3 -1
right_child=-2 4 3 -5 5 -7 -8 -9
leaf_value=-7.4194411422999471e-05 0.00034103473249290139 -0.0005554113811479408 0.00040280278617099859 -0.00023367750115386575 0.00053683957814274538 -2.1002511721533823e-05 -2.0301246937725904e-05 -8.7822387294826039e-05
leaf_weight=51 21 20 26 21 20 33 241 20
leaf_count=51 21 20 26 21 20 33 241 20
internal_value=-0.000142133 -0.000217191 0.000147515 0.000930962 -0.000354064 2.78809e-05 -0.000452636 -0.000327298
internal_weight=453 432 118 47 314 53 261 71
internal_count=453 432 118 47 314 53 261 71
cat_boundaries=0 1
cat_threshold=671089929
is_linear=0
shrinkage=0.01


Tree=970
num_leaves=9
num_cat=1
split_feature=99 28 48 78 70 0 48 57
split_gain=0.323471 0.609619 0.16952 0.3368 0.157318 0.130227 0.143995 0.0422459
threshold=0 4.1071428060000015 4.3499999945000001 7.6914284910000008 67.479998590000022 0.066451479500000007 9.0000000000000018 5.9000002035000012
decision_type=1 2 2 2 2 2 2 2
left_child=1 2 -1 -4 5 -2 7 -7
right_child=4 -3 3 -5 -6 6 -8 -9
leaf_value=-5.3818629366133243e-05 0.0003730301448555104 0.00057672134965517058 3.1181373935500916e-05 -0.00023134072614233026 0.0021525878444327343 -1.8935140652709149e-05 7.5843448486706108e-08 -1.4472749906877872e-05
leaf_weight=47 20 26 20 21 32 259 21 21
leaf_count=47 20 26 20 21 32 259 21 21
internal_value=-0.00011009 0.000328526 -2.25226e-05 0.00041866 -0.000259758 -0.000337166 -0.000392644 -0.000455841
internal_weight=467 114 88 41 353 321 301 280
internal_count=467 114 88 41 353 321 301 280
cat_boundaries=0 1
cat_threshold=539002241
is_linear=0
shrinkage=0.01


Tree=971
num_leaves=7
num_cat=1
split_feature=99 1 24 5 7 11
split_gain=0.465753 0.403931 0.21176 0.2111 0.139576 0.0451891
threshold=0 0.24277557150000004 1.5999999940000003 0.47994752350000008 0.40947400000000006 0.73638028550000012
decision_type=1 2 2 2 2 2
left_child=1 -1 -2 -3 -4 -6
right_child=2 3 4 -5 5 -7
leaf_value=0.00037861257563530116 3.0674403788102358e-05 -1.665479032315892e-05 0.00086289337258613056 0.00015424968514142772 -1.9672612082643468e-05 -5.7896501299631976e-05
leaf_weight=38 29 42 22 22 286 20
leaf_count=38 29 42 22 22 286 20
internal_value=-0.000146803 0.000416667 -0.000316748 -1.17738e-10 -0.00040146 -0.000459583
internal_weight=459 102 357 64 328 306
internal_count=459 102 357 64 328 306
cat_boundaries=0 1
cat_threshold=2360585
is_linear=0
shrinkage=0.01


Tree=972
num_leaves=6
num_cat=0
split_feature=44 69 16 17 11
split_gain=0.300178 0.107905 0.214093 0.100805 0.0406816
threshold=15.749999955000002 21.719999790000006 0.5446488570000001 0.7348106430000001 0.73601085700000013
decision_type=2 2 2 2 2
left_child=1 3 -3 4 -1
right_child=-2 2 -4 -5 -6
leaf_value=-1.7901975090146742e-05 3.123027165936144e-05 -0.0031651661267686742 0.00042771000851888025 9.9601993468871659e-05 -9.6156210789827493e-05
leaf_weight=319 20 47 35 31 22
leaf_count=319 20 47 35 31 22
internal_value=-0.00028433 -0.000340809 0 -0.00041309 -0.000463722
internal_weight=474 454 82 372 341
internal_count=474 454 82 372 341
is_linear=0
shrinkage=0.01


Tree=973
num_leaves=7
num_cat=0
split_feature=44 38 97 75 18 30
split_gain=0.269162 0.151514 0.0818225 0.055526 0.0819471 0.0354852
threshold=15.949999745000001 6.3642856735000004 18.400913240000005 49.144999980000009 0.67270657150000013 1.9571428385000003
decision_type=2 2 8 2 2 2
left_child=1 2 -1 4 -4 -5
right_child=-2 -3 3 5 -6 -7
leaf_value=-2.5663149150435212e-05 1.5007713963148761e-05 0.00027570547098532209 -2.9614124769317045e-05 -1.6021197260848779e-06 0.00022362295526475091 -1.6250663359923519e-05
leaf_weight=32 21 36 29 24 20 302
leaf_count=32 21 36 29 24 20 302
internal_value=-0.000258176 -0.000314331 -0.000371506 -0.000413784 -5.02009e-05 -0.000462056
internal_weight=464 443 407 375 49 326
internal_count=464 443 407 375 49 326
is_linear=0
shrinkage=0.01


Tree=974
num_leaves=8
num_cat=0
split_feature=96 98 86 11 78 97 60
split_gain=0.266672 0.148834 0.123949 0.108064 0.0460437 0.0908624 0.0249292
threshold=66.85331105500002 27.836040485000002 14.945714340000002 0.73638028550000012 7.1528571670000014 23.530456615000002 8.074999809000003
decision_type=2 10 2 2 2 8 2
left_child=-1 2 3 4 5 -2 -6
right_child=1 -3 -4 -5 6 -7 -8
leaf_value=0.00069057123717736581 -0.0027598819194621545 0.0002383391960942812 3.2326298091558873e-07 -1.1720618598096578e-07 -1.7067286317369351e-05 6.5865670039921001e-05 -6.55961087335321e-06
leaf_weight=33 34 33 20 25 286 20 29
leaf_count=33 34 33 20 25 286 20 29
internal_value=-0.000203827 -0.000271327 -0.000325458 -0.000367275 -0.000412385 -9.1241e-05 -0.000460735
internal_weight=480 447 414 394 369 54 315
internal_count=480 447 414 394 369 54 315
is_linear=0
shrinkage=0.01


Tree=975
num_leaves=10
num_cat=0
split_feature=44 67 97 17 97 10 19 1 0
split_gain=0.469572 0.220392 0.320792 0.200097 0.139672 0.205742 0.100028 0.179847 0.0362666
threshold=16.000000040000003 31.109999655000003 19.199134435000001 0.69515511900000015 27.820630600000005 0.64347714300000014 88.185000000000016 0.26458471450000004 0.29496735400000001
decision_type=2 2 8 2 8 2 2 2 2
left_child=1 4 -3 6 -1 -6 8 -8 -4
right_child=-2 2 3 -5 5 -7 7 -9 -10
leaf_value=-1.6638829734819317e-05 0.00035568380841973678 0.00084611428113794238 -1.6842197076975201e-05 0.00061723401155779317 -0.00023352736725034236 0.00036700351794944795 0.00039554882318529528 -7.1915904751100704e-05 2.7263408031486144e-06
leaf_weight=209 20 22 86 21 29 20 20 22 20
leaf_count=209 20 22 86 21 29 20 20 22 20
internal_value=-0.00011175 -0.000183415 6.51719e-05 -7.36161e-05 -0.000374807 7.0281e-05 -0.000215054 0.000163551 -0.000383895
internal_weight=469 449 191 169 258 49 148 42 106
internal_count=469 449 191 169 258 49 148 42 106
is_linear=0
shrinkage=0.01


Tree=976
num_leaves=8
num_cat=1
split_feature=7 99 73 86 97 97 7
split_gain=0.30624 0.237777 0.346869 0.7151 0.0419147 0.103439 0.0288315
threshold=0.40947400000000006 0 51.415000435000003 14.739285740000001 28.561640730000004 31.069656745000007 0.48500150000000003
decision_type=2 1 2 2 10 8 2
left_child=-1 2 6 -4 -3 -6 -2
right_child=1 4 3 -5 5 -7 -8
leaf_value=0.00074590055552810396 -8.4254227189211817e-06 -1.8717141924661517e-05 0.00048344315386024476 -0.00010293140805706158 0.00017905570811934022 -9.7729641482861458e-06 -1.012595420899034e-05
leaf_weight=31 20 272 22 22 20 43 48
leaf_count=31 20 272 22 22 20 43 48
internal_value=-0.000223475 -0.000293658 9.77198e-05 0.000803571 -0.000420764 -0.000148903 -0.000319768
internal_weight=478 447 112 44 335 63 68
internal_count=478 447 112 44 335 63 68
cat_boundaries=0 1
cat_threshold=136577417
is_linear=0
shrinkage=0.01


Tree=977
num_leaves=9
num_cat=0
split_feature=6 17 17 2 69 17 30 2
split_gain=0.240549 0.250485 0.337292 0.318953 0.135531 0.401541 0.0415007 0.0325544
threshold=0.56165328550000015 0.68784068600000015 0.69515511900000015 0.25918007150000005 21.794999595000004 0.55251757150000014 2.0142857265000003 0.32443021450000004
decision_type=2 2 2 2 2 2 2 2
left_child=1 4 -3 -4 6 -6 -1 -5
right_child=-2 2 3 7 5 -7 -8 -9
leaf_value=-4.0080528628773238e-06 0.00034771078435776026 5.0743305979175264e-05 0.00052469186531167353 -2.1234808197735482e-05 -0.0019831717663203997 0.00083432348122281148 -2.021241077654804e-05 6.3377585143589439e-05
leaf_weight=21 31 20 27 63 51 23 224 20
leaf_count=21 31 20 27 63 51 23 224 20
internal_value=-0.000120632 -0.000183415 0.000175841 -2.70759e-05 -0.000336148 1.33689e-05 -0.000449553 -0.000352029
internal_weight=480 449 130 110 319 74 245 83
internal_count=480 449 130 110 319 74 245 83
is_linear=0
shrinkage=0.01


Tree=978
num_leaves=8
num_cat=1
split_feature=99 73 23 96 6 15 0
split_gain=0.357925 0.417363 0.575825 0.162598 0.0390066 0.0448547 0.0231242
threshold=0 51.415000435000003 1.9428571205000003 73.069060915000009 0.56427304750000007 0.75344214250000008 0.13177510400000003
decision_type=1 2 2 2 2 2 2
left_child=1 6 -3 -2 5 -5 -1
right_child=3 2 -4 4 -6 -7 -8
leaf_value=-4.2974933921421445e-05 0.00041476207581401527 0.00049150546877777305 -5.2063898073502879e-05 -2.6154326950448042e-05 3.39927365149692e-05 -0.00051760266555687029 -9.2173024638992483e-06
leaf_weight=20 38 27 26 266 20 20 33
leaf_count=20 38 27 26 266 20 20 33
internal_value=-0.000184117 0.000299657 0.000957249 -0.000338219 -0.000426988 -0.000456764 -0.000269517
internal_weight=450 106 53 344 306 286 53
internal_count=450 106 53 344 306 286 53
cat_boundaries=0 1
cat_threshold=671351177
is_linear=0
shrinkage=0.01


Tree=979
num_leaves=7
num_cat=1
split_feature=99 26 48 31 22 57
split_gain=0.434849 0.517956 0.263469 0.153327 0.141765 0.0451257
threshold=0 2.2642857260000002 8.5500001795000014 3.1642857450000004 1.7428571540000004 6.0000000040000012
decision_type=1 2 2 2 2 2
left_child=1 4 3 5 -1 -2
right_child=2 -3 -4 -5 -6 -7
leaf_value=-1.5724757661331023e-06 -1.9849926612371996e-05 0.00042393483655665093 7.4540542360915244e-06 0.0042687339736211492 0.00028860203919504239 -0.0012913967801117133
leaf_weight=41 282 35 24 20 29 20
leaf_count=41 282 35 24 20 29 20
internal_value=-0.000140549 0.000392919 -0.000311099 -0.000399628 -4.2373e-05 -0.000459049
internal_weight=451 105 346 322 70 302
internal_count=451 105 346 322 70 302
cat_boundaries=0 1
cat_threshold=671384833
is_linear=0
shrinkage=0.01


Tree=980
num_leaves=9
num_cat=1
split_feature=99 38 65 33 59 98 27 2
split_gain=0.375546 0.469434 0.201962 0.174019 0.178359 0.318752 0.162196 0.0244948
threshold=0 6.1714286460000007 40.710000995000009 4.2571428160000009 0.4250001905000001 18.321245190000003 3.7785714355000004 0.23200485700000004
decision_type=1 2 2 2 2 10 2 2
left_child=1 2 7 6 5 -5 -2 -1
right_child=3 -3 -4 4 -6 -7 -8 -9
leaf_value=-0.00039578765328623298 1.5500140914402275e-05 0.00082366999879102056 0.0003435550634487101 -0.0066234365556447471 -4.7616643686910888e-05 0.00087746033023642701 -1.8422326657616528e-05 -3.3824823708234433e-05
leaf_weight=20 20 21 31 26 41 39 246 36
leaf_count=20 20 21 31 26 41 39 246 36
internal_value=-0.000120632 0.00037037 5.12527e-05 -0.000271682 4.68164e-05 0.000387538 -0.000416042 -0.00028169
internal_weight=480 108 87 372 106 65 266 56
internal_count=480 108 87 372 106 65 266 56
cat_boundaries=0 1
cat_threshold=540050689
is_linear=0
shrinkage=0.01


Tree=981
num_leaves=8
num_cat=1
split_feature=99 26 97 59 3 95 3
split_gain=0.295285 0.381982 0.137933 0.188056 0.106886 0.0719772 0.0734472
threshold=0 2.2999999945000007 18.400913240000005 0.22499990450000004 0.35469935700000005 21.473571640000007 0.28609414300000008
decision_type=1 2 10 2 2 2 2
left_child=1 4 3 -2 -1 6 -4
right_child=2 -3 5 -5 -6 -7 -8
leaf_value=-5.4304019150876814e-06 0.00010122915935792523 0.00040709322942559313 -0.00012868544198911216 -0.0031097011850355644 6.4399597179014007e-05 -2.1884428268773952e-05 1.6747807793491552e-05
leaf_weight=46 20 36 25 24 20 272 20
leaf_count=46 20 36 25 24 20 272 20
internal_value=-0.000214532 0.000239362 -0.000345616 0.000133928 -0.000164671 -0.000429516 -1.09171e-05
internal_weight=463 102 361 44 66 317 45
internal_count=463 102 361 44 66 317 45
cat_boundaries=0 1
cat_threshold=673481472
is_linear=0
shrinkage=0.01


Tree=982
num_leaves=6
num_cat=1
split_feature=99 95 2 55 16
split_gain=0.442869 0.335895 0.275501 0.0875319 0.0432431
threshold=0 23.042857170000005 0.31432811900000007 6.6999999545000009 0.75301769650000006
decision_type=1 2 2 2 2
left_child=1 3 -3 -1 -2
right_child=4 2 -4 -5 -6
leaf_value=-0.0004379710303087426 -1.542233940151219e-05 0.00053940614150751207 -0.0001412630084952435 4.7314312089626235e-07 -1.3965967798728592e-05
leaf_weight=44 325 28 20 23 21
leaf_count=44 325 28 20 23 21
internal_value=-0.000278259 0.000242448 0.000901639 -0.000169617 -0.000451233
internal_weight=461 115 48 67 346
internal_count=461 115 48 67 346
cat_boundaries=0 1
cat_threshold=540050561
is_linear=0
shrinkage=0.01


Tree=983
num_leaves=8
num_cat=1
split_feature=96 12 99 56 85 12 28
split_gain=0.469775 0.214376 0.23484 0.542196 0.675373 0.0440953 0.0337027
threshold=66.85331105500002 0.74559385700000014 0 4.9500000065000007 13.878571575000002 0.57757257100000003 3.5785714385000005
decision_type=2 2 1 2 2 2 2
left_child=-1 2 3 4 -2 -4 -5
right_child=1 -3 5 6 -6 -7 -8
leaf_value=0.0012329171139074092 0.00038738235743883555 0.00020334707815354409 7.3466374766132519e-06 -0.0008999589344349943 -0.00027778270997942732 -1.1239244920495765e-05 -1.0454561208900602e-05
leaf_weight=20 20 37 20 20 26 229 69
leaf_count=20 20 37 20 20 26 229 69
internal_value=-0.000109778 -0.000186107 -0.000259875 7.20164e-05 0.000961538 -0.000433026 -0.000361915
internal_weight=441 421 384 135 46 249 89
internal_count=441 421 384 135 46 249 89
cat_boundaries=0 1
cat_threshold=540017048
is_linear=0
shrinkage=0.01


Tree=984
num_leaves=8
num_cat=0
split_feature=83 2 3 37 44 38 22
split_gain=0.221095 0.236988 0.479079 0.110788 0.0459084 0.0969204 0.0358742
threshold=6.6842856920000004 0.26596464300000006 0.28687653550000008 4.8071428535000011 7.8999998460000009 6.042857102000001 1.6999999925000002
decision_type=2 2 2 2 2 2 2
left_child=1 2 3 6 5 -3 -1
right_child=-2 4 -4 -5 -6 -7 -8
leaf_value=-1.9129619157002408e-05 0.00034520907954819168 -0.0023947057883889856 0.0003335409988426502 0.0009605657722173411 -8.9134699328318677e-06 0.00049251325933703956 -0.00043717225709066863
leaf_weight=20 22 38 37 20 225 20 83
leaf_count=20 22 38 37 20 225 20 83
internal_value=-0.00019429 -0.000246733 4.97511e-05 -0.000238288 -0.000421071 -0.000119048 -0.00038054
internal_weight=465 443 160 123 283 58 103
internal_count=465 443 160 123 283 58 103
is_linear=0
shrinkage=0.01


Tree=985
num_leaves=8
num_cat=1
split_feature=99 19 21 31 0 60 6
split_gain=0.269229 0.610989 0.28839 0.15665 0.170852 0.046905 0.0908809
threshold=0 19.550000000000001 2.2142857140000003 3.1214285575000003 0.089442576500000023 6.9099998470000008 0.44363492850000003
decision_type=1 2 2 2 2 2 2
left_child=1 -1 -3 5 -5 -2 -7
right_child=3 2 -4 4 -6 6 -8
leaf_value=0.00056467190254652622 -2.0633569636036576e-05 0.00036516789878653799 -3.2792752910530282e-05 -0.0040252178879648512 0.0042134652043615758 0.00034516955273380555 -0.00035742382100066838
leaf_weight=21 270 20 68 20 20 21 38
leaf_count=21 270 20 68 20 20 21 38
internal_value=-0.000223475 0.00019616 -0.000135135 -0.000348868 0.000196078 -0.00043208 -0.000125418
internal_weight=478 109 88 369 40 329 59
internal_count=478 109 88 369 40 329 59
cat_boundaries=0 1
cat_threshold=674267400
is_linear=0
shrinkage=0.01


Tree=986
num_leaves=7
num_cat=0
split_feature=8 2 1 44 12 70
split_gain=0.246046 0.209981 0.373995 0.139631 0.0793122 0.0406562
threshold=0.48546688100000007 0.35675721400000004 0.33674396450000005 16.000000040000003 0.74631739300000011 69.935000420000009
decision_type=2 2 2 2 2 2
left_child=-1 3 -3 4 5 -2
right_child=1 2 -4 -5 -6 -7
leaf_value=0.00063149509865694756 -1.4331773278375537e-05 0.00053488247325518155 -0.0029798079113062819 0.00031434276592811483 -1.6107804370023466e-05 -0.00033742515610990997
leaf_weight=36 317 20 26 20 39 22
leaf_count=36 317 20 26 20 39 22
internal_value=-0.000224626 -0.000292266 0.000320513 -0.000368606 -0.000414467 -0.000463508
internal_weight=480 444 46 398 378 339
internal_count=480 444 46 398 378 339
is_linear=0
shrinkage=0.01


Tree=987
num_leaves=9
num_cat=0
split_feature=2 8 14 98 44 96 5 31
split_gain=0.315164 0.329761 0.546452 0.1921 0.0835257 0.0711824 0.0615385 0.0443864
threshold=0.35675721400000004 0.48546688100000007 0.57232485750000006 27.836040485000002 12.800000015000002 73.069060915000009 0.40333207150000006 1.9714285735000001
decision_type=2 2 2 10 2 2 2 2
left_child=1 2 -1 4 5 6 -3 -7
right_child=-2 3 -4 -5 -6 7 -8 -9
leaf_value=-0.00065966742979461511 0.0002027087305987517 -0.0020314979113429622 0.001212560013912315 0.00025330640620795634 0.00019602061557326758 -6.3480547349326232e-05 0.00033090925001480579 -3.8483288253757727e-05
leaf_weight=21 37 20 20 28 29 20 20 242
leaf_count=21 37 20 20 28 29 20 20 242
internal_value=-8.33715e-05 -0.000169661 0.000657895 -0.000270984 -0.000342074 -0.000392999 0 -0.000452816
internal_weight=437 400 41 359 331 302 40 262
internal_count=437 400 41 359 331 302 40 262
is_linear=0
shrinkage=0.01


Tree=988
num_leaves=8
num_cat=0
split_feature=6 14 98 8 11 24 5
split_gain=0.376143 0.532843 0.142922 0.150574 0.179847 0.0491461 0.0969204
threshold=0.55327271450000015 0.72244947650000013 27.836040485000002 0.48546688100000007 0.49903595750000007 1.6285714335000001 0.42432602400000002
decision_type=2 2 10 2 2 2 2
left_child=2 -2 3 4 -1 6 -5
right_child=1 -3 -4 5 -6 -7 -8
leaf_value=-0.0008040173638632997 0.00050522081863255337 -1.5092172071199329e-05 0.00020937342426577499 -0.00021665632889260236 0.00055507862552492296 -2.6266483970390835e-05 1.6386105163818214e-05
leaf_weight=22 20 20 37 38 20 290 20
leaf_count=22 20 20 37 38 20 290 20
internal_value=-0.000216973 0.000686274 -0.000307387 -0.000365916 0.000163551 -0.00043578 -0.000119048
internal_weight=467 40 427 390 42 348 58
internal_count=467 40 427 390 42 348 58
is_linear=0
shrinkage=0.01


Tree=989
num_leaves=8
num_cat=0
split_feature=4 26 18 29 71 41 4
split_gain=0.30947 0.462777 0.223244 0.687218 0.150552 0.0892176 0.0244948
threshold=0.41375235700000007 2.2714285810000008 0.68323078550000005 3.7071428640000001 66.07999992000002 2.6000000015000002 0.36148483350000005
decision_type=2 2 2 2 2 2 2
left_child=2 -2 4 6 5 -1 -4
right_child=1 -3 3 -5 -6 -7 -8
leaf_value=-0.0022694930078728131 -4.267588194001436e-05 0.00043294014137284549 -3.9578993013499709e-06 0.0013788309577896767 4.0781645338909821e-05 -2.7345674054637003e-05 -1.1927952322352483e-05
leaf_weight=37 37 29 36 20 39 233 20
leaf_count=37 37 29 36 20 39 233 20
internal_value=-9.62817e-05 0.000523952 -0.000208657 0.000260417 -0.000330859 -0.000417282 -0.00028169
internal_weight=451 66 385 76 309 270 56
internal_count=451 66 385 76 309 270 56
is_linear=0
shrinkage=0.01


Tree=990
num_leaves=9
num_cat=1
split_feature=99 35 74 86 96 96 71 6
split_gain=0.245823 0.219947 0.220722 0.355658 0.450791 0.608396 0.0767544 0.0615385
threshold=0 3.4357142790000004 50.63500023000001 14.782857210000001 119.13598955000002 94.801848145000022 65.31500053500001 0.47193557150000004
decision_type=1 2 2 2 2 2 2 2
left_child=6 -2 -3 4 5 -4 -1 -8
right_child=1 2 3 -5 -6 -7 7 -9
leaf_value=-4.0624318925696571e-05 4.1231268188423826e-05 -2.2435794160946556e-05 0.00021694179597577337 -0.00042860195159662851 -1.0009883396348087e-05 0.00049412428967247587 0.00059157009624847938 -0.0028866085767185958
leaf_weight=172 26 75 49 53 31 24 20 20
leaf_count=172 26 75 49 53 31 24 20 20
internal_value=-0.000133815 7.06844e-05 -1.71822e-05 0.000186945 0.000534351 0.000968835 -0.00037702 0
internal_weight=470 258 232 157 104 73 212 40
internal_count=470 258 232 157 104 73 212 40
cat_boundaries=0 1
cat_threshold=42008790
is_linear=0
shrinkage=0.01


Tree=991
num_leaves=7
num_cat=1
split_feature=99 57 77 96 17 96
split_gain=0.23003 0.341095 0.217423 0.210194 0.226076 0.115463
threshold=0 1.5000000150000001 -2.5007142389999997 73.069060915000009 0.55251757150000014 132.27619780000003
decision_type=1 2 2 2 2 2
left_child=1 -1 -3 4 -2 -5
right_child=3 2 -4 5 -6 -7
leaf_value=0.00067947208098494225 -0.0036567696593473122 4.8201170446231376e-05 -1.7487210813676215e-05 -1.6426840969035625e-05 0.00071263350886826725 0.00010462454917084307
leaf_weight=29 24 24 58 277 27 29
leaf_count=29 24 24 58 277 27 29
internal_value=-0.000196246 0.000184729 -0.000108696 -0.000316748 0.000241313 -0.000426988
internal_weight=468 111 82 357 51 306
internal_count=468 111 82 357 51 306
cat_boundaries=0 1
cat_threshold=540055296
is_linear=0
shrinkage=0.01


Tree=992
num_leaves=8
num_cat=0
split_feature=72 15 15 24 87 19 48
split_gain=0.202548 0.212233 0.506796 0.591571 0.182464 0.118793 0.0727859
threshold=79.730000500000003 0.59966028550000006 0.62680950000000013 1.7928571490000003 8.4378571510000011 16.420000000000005 5.2000001075000002
decision_type=2 2 2 2 2 2 2
left_child=-1 -2 3 -3 -4 -6 -7
right_child=1 2 4 -5 5 6 -8
leaf_value=-1.7293873715537415e-05 -0.0043754003946866677 -0.0025818944560231532 1.0514634992342763e-05 0.0012076199040691026 0.00013542755609562067 -3.6673650358009369e-05 -5.1386438938286897e-06
leaf_weight=148 85 22 22 20 34 100 66
leaf_count=148 85 22 22 20 34 100 66
internal_value=-0.000173765 -3.57348e-05 9.81872e-05 0.00109813 -8.52784e-05 -0.000189243 -0.000305756
internal_weight=497 349 264 42 222 200 166
internal_count=497 349 264 42 222 200 166
is_linear=0
shrinkage=0.01


Tree=993
num_leaves=8
num_cat=1
split_feature=99 57 16 63 96 0 8
split_gain=0.470267 0.540714 0.223575 0.222085 0.0591829 0.0757048 0.0448902
threshold=0 1.5000000150000001 0.59067933300000008 7.629999637500001 131.61942115000002 0.13214512500000003 0.68603242850000001
decision_type=1 2 2 2 2 2 2
left_child=1 -1 -3 4 6 -6 -2
right_child=3 2 -4 -5 5 -7 -8
leaf_value=0.00065046559363002212 -2.3929829619298739e-05 0.00014989318154115771 -1.4065902605805308e-05 0.00071302788155756585 9.435365540468207e-06 -5.0848310503283123e-06 -0.0015489980551808902
leaf_weight=26 268 33 43 28 20 26 20
leaf_count=26 268 33 43 28 20 26 20
internal_value=-0.000150603 0.000416667 0 -0.000319206 -0.000403226 -2.13676e-05 -0.000457064
internal_weight=464 102 76 362 334 46 288
internal_count=464 102 76 362 334 46 288
cat_boundaries=0 1
cat_threshold=2396929
is_linear=0
shrinkage=0.01


Tree=994
num_leaves=10
num_cat=0
split_feature=96 27 59 53 25 19 38 5 4
split_gain=0.286425 0.124199 0.218144 0.188079 0.280836 0.111998 0.0459084 0.0969204 0.0231242
threshold=66.85331105500002 3.9357142450000002 0.17500019050000001 2.2000000365000005 1.8714285495000003 83.490000000000023 6.2214285645000009 0.43923085750000007 0.33346874250000008
decision_type=2 2 2 2 2 2 2 2 2
left_child=-1 2 5 6 8 -2 -3 -8 -5
right_child=1 3 -4 4 -6 -7 7 -9 -10
leaf_value=0.00068972491468484692 -7.522802923815063e-05 -2.2056600023370735e-05 8.7508017715064241e-05 -0.0001972159278607403 0.00014435542141993829 0.00032927275743589778 -0.00022028784912566694 0.00079682906435007191 0.00019091703052299459
leaf_weight=29 51 225 28 33 25 20 38 20 20
leaf_count=29 51 225 28 33 25 20 38 20 20
internal_value=-0.00014802 -0.000212674 8.51702e-05 -0.00029989 0.000114213 -0.000188022 -0.000421071 -0.000119048 -0.000269517
internal_weight=489 460 99 361 78 71 283 58 53
internal_count=489 460 99 361 78 71 283 58 53
is_linear=0
shrinkage=0.01


Tree=995
num_leaves=8
num_cat=0
split_feature=81 15 15 15 63 9 44
split_gain=0.256574 0.315765 0.61172 0.154699 0.434209 0.1495 0.0443864
threshold=8.9807142870000032 0.59966028550000006 0.62680950000000013 0.69910142850000001 5.1200003620000007 0.50846252500000011 4.2499999665000008
decision_type=2 2 2 2 2 2 2
left_child=5 -2 -3 4 -4 -1 -7
right_child=1 2 3 -5 -6 6 -8
leaf_value=3.152261975985631e-05 -0.0040918999728179689 0.00074751841776656339 0.00027614773626841844 -1.220784399913888e-05 -0.00060296888204332548 -2.4097161375273915e-06 -3.0681118093933686e-05
leaf_weight=20 64 25 26 40 29 20 242
leaf_count=20 64 25 26 40 29 20 242
internal_value=-0.000194944 8.658e-05 0.000397351 5.21909e-06 0.000367383 -0.000385432 -0.000452816
internal_weight=466 184 120 95 55 282 262
internal_count=466 184 120 95 55 282 262
is_linear=0
shrinkage=0.01


Tree=996
num_leaves=8
num_cat=1
split_feature=99 19 38 17 27 5 0
split_gain=0.387898 0.584074 0.223691 0.108529 0.0772561 0.0686894 0.0285266
threshold=0 19.550000000000001 5.7642856665000011 0.7348106430000001 3.8285714390000005 0.42489214300000006 0.27026441650000005
decision_type=1 2 2 2 2 2 2
left_child=1 -1 -3 4 5 -2 -4
right_child=3 2 6 -5 -6 -7 -8
leaf_value=0.00053477571147382097 1.9256838425226046e-05 0.00033171290346416889 -1.7160027459722242e-05 0.00012080871343360649 -4.7628350269726098e-05 -7.9664913989433781e-06 -0.00011763623865481952
leaf_weight=20 20 20 47 26 281 23 20
leaf_count=20 20 20 47 26 281 23 20
internal_value=-0.000210791 0.000292869 -1.70844e-05 -0.000368625 -0.000431035 0 -0.000317109
internal_weight=457 107 87 350 324 43 67
internal_count=457 107 87 350 324 43 67
cat_boundaries=0 1
cat_threshold=674271496
is_linear=0
shrinkage=0.01


Tree=997
num_leaves=8
num_cat=0
split_feature=91 87 6 94 28 19 89
split_gain=0.198751 0.344344 0.141236 0.131516 0.110757 0.202491 0.0414788
threshold=21.390000075000003 8.4857142650000004 0.56165328550000015 17.144285885000002 4.1071428060000015 61.020000000000003 19.671428475000003
decision_type=2 2 2 2 2 2 2
left_child=-1 -2 3 -3 6 -6 -5
right_child=1 2 -4 4 5 -7 -8
leaf_value=-1.4502237808032343e-05 0.00015019463658351434 0.00017152557333257148 0.00037038948347242902 -4.1580555315563788e-05 -8.5171269972331195e-05 0.00032063490393626751 5.6459728643604155e-06
leaf_weight=133 33 33 27 152 28 20 20
leaf_count=133 33 33 27 152 28 20 20
internal_value=-0.000158908 -1.43405e-05 -0.000135328 -0.000214736 -0.000307971 8.19671e-05 -0.000428241
internal_weight=446 313 280 253 220 48 172
internal_count=446 313 280 253 220 48 172
is_linear=0
shrinkage=0.01


Tree=998
num_leaves=8
num_cat=0
split_feature=72 18 57 9 97 16 24
split_gain=0.198443 0.318095 0.373478 0.138021 0.117187 0.111033 0.0996151
threshold=79.730000500000003 0.56801864300000016 1.3999999835000001 0.6642059250000002 32.20331757000001 0.64206864300000011 1.885714297
decision_type=2 2 2 2 8 2 2
left_child=-1 4 -3 5 6 -4 -2
right_child=1 2 3 -5 -6 -7 -8
leaf_value=-1.2734950368259416e-05 -0.00028089127361641638 0.00027444711768934306 4.178136203741939e-05 0.00028811881816508448 0.00042373204458773451 -7.3407200054535556e-05 5.7515699130141753e-05
leaf_weight=139 144 32 20 23 20 50 30
leaf_count=139 144 32 20 23 20 50 30
internal_value=-0.000167829 -2.34523e-05 0.000361685 1.59914e-05 -0.000282341 -0.000183616 -0.000371854
internal_weight=458 319 125 93 194 70 174
internal_count=458 319 125 93 194 70 174
is_linear=0
shrinkage=0.01


Tree=999
num_leaves=6
num_cat=0
split_feature=10 27 2 32 13
split_gain=0.154961 0.126107 0.195577 0.0866519 0.0456678
threshold=0.51216585700000017 3.8285714390000005 0.29531650000000004 5.7499999830000013 0.76909365000000018
decision_type=2 2 2 2 2
left_child=-1 2 -2 4 -3
right_child=1 3 -4 -5 -6
leaf_value=6.8050642329524179e-05 5.1263686497557274e-05 -2.4070712659784374e-05 -1.5644380894017622e-05 -0.00018745135443199571 4.5673951262382715e-05
leaf_weight=34 20 320 26 36 20
leaf_count=34 20 320 26 36 20
internal_value=-0.000297723 -0.000352413 0.000106837 -0.000414013 -0.000463615
internal_weight=456 422 46 376 340
internal_count=456 422 46 376 340
is_linear=0
shrinkage=0.01


end of trees

feature_importances:
ndvi_mean_26=310
ndvi_mean_25=299
N=295
ndvi_mean_27=289
ndvi_mean_24=286
Area=260
P=250
ndvi_mean_9=226
K=212
ndvi_mean_15=203
ndvi_mean_13=192
ndvi_mean_10=191
PrecipitationCumulative_sum_14=190
ndvi_mean_11=180
HDBSCAN_operation_cluster=178
PrecipitationCumulative_sum_20=168
ndvi_mean_14=165
ndvi_mean_19=158
ndvi_mean_12=153
ndvi_mean_16=145
EvapoTranspiration_avg_16=144
ndvi_mean_22=136
ndvi_mean_23=133
PrecipitationCumulative_sum_18=123
PrecipitationCumulative_sum_26=122
EvapoTranspiration_avg_19=115
ndvi_mean_21=111
EvapoTranspiration_avg_15=110
EvapoTranspiration_avg_27=109
TempEffective_16=109
ndvi_mean_18=104
ndvi_mean_17=101
ndvi_mean_20=97
PrecipitationCumulative_sum_23=96
PrecipitationCumulative_sum_25=90
PrecipitationCumulative_sum_22=82
PrecipitationCumulative_sum_24=82
EvapoTranspiration_avg_17=80
EvapoTranspiration_avg_11=75
TempEffective_11=73
EvapoTranspiration_avg_13=68
PrecipitationCumulative_sum_13=68
PrecipitationCumulative_sum_11=65
EvapoTranspiration_avg_12=64
TempEffective_15=63
EvapoTranspiration_avg_24=62
PrecipitationCumulative_sum_19=61
Temp_avg_17=58
Temp_avg_15=54
PrecipitationCumulative_sum_21=53
TempEffective_17=53
EvapoTranspiration_avg_25=52
PrecipitationCumulative_sum_27=50
EvapoTranspiration_avg_26=49
EvapoTranspiration_avg_14=48
EvapoTranspiration_avg_20=47
EvapoTranspiration_avg_18=45
EvapoTranspiration_avg_10=43
EvapoTranspiration_avg_9=41
TempEffective_14=41
EvapoTranspiration_avg_23=40
TempEffective_18=40
TempEffective_23=40
PrecipitationCumulative_sum_15=39
Temp_avg_18=37
Temp_avg_12=36
PrecipitationCumulative_sum_12=34
TempEffective_10=34
Temp_avg_13=34
EvapoTranspiration_avg_22=31
TempEffective_19=31
TempEffective_27=31
Temp_avg_10=29
Temp_avg_16=29
Temp_avg_19=29
TempEffective_21=27
TempEffective_24=27
EvapoTranspiration_avg_21=25
PrecipitationCumulative_sum_17=25
Temp_avg_11=23
Temp_avg_14=23
Temp_avg_20=22
TempEffective_25=19
TempEffective_26=19
Temp_avg_23=19
TempEffective_13=18
TempEffective_20=17
PrecipitationCumulative_sum_16=15
Temp_avg_21=15
PrecipitationCumulative_sum_9=14
Temp_avg_9=14
Temp_avg_27=14
TempEffective_22=12
Temp_avg_24=12
Temp_avg_25=12
PrecipitationCumulative_sum_10=11
Temp_avg_22=6
Temp_avg_26=5

parameters:
[boosting: gbdt]
[objective: quantile]
[metric: quantile]
[tree_learner: serial]
[device_type: cpu]
[data_sample_strategy: bagging]
[data: ]
[valid: ]
[num_iterations: 1000]
[learning_rate: 0.01]
[num_leaves: 31]
[num_threads: 12]
[seed: 42]
[deterministic: 0]
[force_col_wise: 0]
[force_row_wise: 0]
[histogram_pool_size: -1]
[max_depth: 6]
[min_data_in_leaf: 20]
[min_sum_hessian_in_leaf: 0.01]
[bagging_fraction: 0.7]
[pos_bagging_fraction: 1]
[neg_bagging_fraction: 1]
[bagging_freq: 1]
[bagging_seed: 400]
[bagging_by_query: 0]
[feature_fraction: 0.6]
[feature_fraction_bynode: 1]
[feature_fraction_seed: 30056]
[extra_trees: 0]
[extra_seed: 12879]
[early_stopping_round: 0]
[early_stopping_min_delta: 0]
[first_metric_only: 0]
[max_delta_step: 0]
[lambda_l1: 0.2]
[lambda_l2: 0.8]
[linear_lambda: 0]
[min_gain_to_split: 0]
[drop_rate: 0.1]
[max_drop: 50]
[skip_drop: 0.5]
[xgboost_dart_mode: 0]
[uniform_drop: 0]
[drop_seed: 17869]
[top_rate: 0.2]
[other_rate: 0.1]
[min_data_per_group: 100]
[max_cat_threshold: 32]
[cat_l2: 10]
[cat_smooth: 10]
[max_cat_to_onehot: 4]
[top_k: 20]
[monotone_constraints: ]
[monotone_constraints_method: basic]
[monotone_penalty: 0]
[feature_contri: ]
[forcedsplits_filename: ]
[refit_decay_rate: 0.9]
[cegb_tradeoff: 1]
[cegb_penalty_split: 0]
[cegb_penalty_feature_lazy: ]
[cegb_penalty_feature_coupled: ]
[path_smooth: 0]
[interaction_constraints: ]
[verbosity: 1]
[saved_feature_importance_type: 0]
[use_quantized_grad: 0]
[num_grad_quant_bins: 4]
[quant_train_renew_leaf: 0]
[stochastic_rounding: 1]
[linear_tree: 0]
[max_bin: 255]
[max_bin_by_feature: ]
[min_data_in_bin: 3]
[bin_construct_sample_cnt: 200000]
[data_random_seed: 175]
[is_enable_sparse: 1]
[enable_bundle: 1]
[use_missing: 1]
[zero_as_missing: 0]
[feature_pre_filter: 1]
[pre_partition: 0]
[two_round: 0]
[header: 0]
[label_column: ]
[weight_column: ]
[group_column: ]
[ignore_column: ]
[categorical_feature: 99]
[forcedbins_filename: ]
[precise_float_parser: 0]
[parser_config_file: ]
[objective_seed: 16083]
[num_class: 1]
[is_unbalance: 0]
[scale_pos_weight: 1]
[sigmoid: 1]
[boost_from_average: 1]
[reg_sqrt: 0]
[alpha: 0.95]
[fair_c: 1]
[poisson_max_delta_step: 0.7]
[tweedie_variance_power: 1.5]
[lambdarank_truncation_level: 30]
[lambdarank_norm: 1]
[label_gain: ]
[lambdarank_position_bias_regularization: 0]
[eval_at: ]
[multi_error_top_k: 1]
[auc_mu_weights: ]
[num_machines: 1]
[local_listen_port: 12400]
[time_out: 120]
[machine_list_filename: ]
[machines: ]
[gpu_platform_id: -1]
[gpu_device_id: -1]
[gpu_use_dp: 0]
[num_gpu: 1]

end of parameters

pandas_categorical:[[-1, 0, 1, 2, 3, 4, 5, 6, 7, 8, 9, 10, 11, 12, 13, 14, 15, 16, 17, 18, 19, 20, 21, 22, 23, 24, 25, 26, 27, 28]]
