tree
version=v4
num_class=1
num_tree_per_iteration=1
label_index=0
max_feature_idx=89
objective=quantile
feature_names=ndvi_mean_9 ndvi_mean_10 ndvi_mean_11 ndvi_mean_12 ndvi_mean_13 ndvi_mean_14 ndvi_mean_15 ndvi_mean_16 ndvi_mean_17 ndvi_mean_18 ndvi_mean_19 ndvi_mean_20 ndvi_mean_21 ndvi_mean_22 ndvi_mean_23 ndvi_mean_24 ndvi_mean_25 Area EvapoTranspiration_avg_9 EvapoTranspiration_avg_10 EvapoTranspiration_avg_11 EvapoTranspiration_avg_12 EvapoTranspiration_avg_13 EvapoTranspiration_avg_14 EvapoTranspiration_avg_15 EvapoTranspiration_avg_16 EvapoTranspiration_avg_17 EvapoTranspiration_avg_18 EvapoTranspiration_avg_19 EvapoTranspiration_avg_20 EvapoTranspiration_avg_21 EvapoTranspiration_avg_22 EvapoTranspiration_avg_23 EvapoTranspiration_avg_24 EvapoTranspiration_avg_25 PrecipitationCumulative_sum_9 PrecipitationCumulative_sum_10 PrecipitationCumulative_sum_11 PrecipitationCumulative_sum_12 PrecipitationCumulative_sum_13 PrecipitationCumulative_sum_14 PrecipitationCumulative_sum_15 PrecipitationCumulative_sum_16 PrecipitationCumulative_sum_17 PrecipitationCumulative_sum_18 PrecipitationCumulative_sum_19 PrecipitationCumulative_sum_20 PrecipitationCumulative_sum_21 PrecipitationCumulative_sum_22 PrecipitationCumulative_sum_23 PrecipitationCumulative_sum_24 PrecipitationCumulative_sum_25 TempEffective_9 TempEffective_10 TempEffective_11 TempEffective_12 TempEffective_13 TempEffective_14 TempEffective_15 TempEffective_16 TempEffective_17 TempEffective_18 TempEffective_19 TempEffective_20 TempEffective_21 TempEffective_22 TempEffective_23 TempEffective_24 TempEffective_25 Temp_avg_9 Temp_avg_10 Temp_avg_11 Temp_avg_12 Temp_avg_13 Temp_avg_14 Temp_avg_15 Temp_avg_16 Temp_avg_17 Temp_avg_18 Temp_avg_19 Temp_avg_20 Temp_avg_21 Temp_avg_22 Temp_avg_23 Temp_avg_24 Temp_avg_25 N P K HDBSCAN_operation_cluster
feature_infos=[0.034192:0.38707049999999998] [0.064615143:0.43245485700000003] [0.11805057100000001:0.51213785700000003] [0.15023400000000001:0.55371342899999998] [0.16448942899999999:0.57072628599999997] [0.212652429:0.62079357099999999] [0.23796457100000001:0.65154400000000001] [0.296326429:0.72853999999999997] [0.315534857:0.75981142899999998] [0.31859935:0.76898834999999999] [0.32624571400000002:0.77468171399999997] [0.34380428600000001:0.796689286] [0.37324214300000003:0.82559157100000002] [0.39111889999999999:0.82606575000000004] [0.39856914300000001:0.81389314300000004] [0.40239585700000002:0.80057742899999995] [0.38102457099999998:0.80489085699999996] [0.76000000000000001:590.01999999999998] [0.55714285799999996:1.128571451] [1.7714285679999999:2.7285713810000001] [1.5142856920000001:2.0285714179999998] [1.571428571:2.1285714250000001] [1.5142857089999999:2.0714285710000002] [1.5857142470000001:2.4285714459999999] [1.8142857299999999:2.5714285710000002] [3.3571428910000001:4.3571427890000001] [3.3571428569999999:4.4428571630000002] [3.1857142789999999:4.8857142580000001] [1.8999999759999999:2.828571422] [1.942857112:3.2999999689999999] [2.0285714349999999:6.5142857689999998] [2.8142857380000001:4.6714286119999997] [4.8428570879999997:6.9571427620000001] [2.9285713769999999:4.6428571429999996] [3.1000000409999999:5.9428570609999998] [0:5.8000000719999996] [0:3.4000000950000002] [1.600000031:12.70000044] [0:13.59999962] [0.30000000399999999:19.399999139999998] [1.900000028:17.999999720000002] [0.30000001199999998:11.69999988] [0:4.1000000239999999] [0:2.6000000010000002] [0.5:11.400000390000001] [1.0999999789999999:26.699999529999999] [8.800000206:37.30000055] [0:64.999998489999996] [0.40000000600000002:27.100000380000001] [0:13.00000021] [0.20000000300000001:18.50000004] [0.30000001199999998:8.5999999200000001] none [0:3.079999924] [0:9.1299991610000006] [0:0.64999961900000003] [0:4.0399999619999996] [0.44999980899999997:9.3900003430000005] [0:3.130000114] [32.989999769999997:44.840001110000003] [22.870000839999999:36.900001529999997] [17.809999470000001:37.630000109999997] [0:12.60999966] [0.40999984699999997:26.060000420000001] [18.10999966:71.719999310000006] [41.72000027:71.86000061] [69.75:99.310003280000004] [39.190000529999999:57.899998660000001] [37.029997829999999:70.269998549999997] [-4.9600000380000004:2.5185714190000001] [4.6299999100000004:9.7342856270000002] [4.9671428540000004:9.0457143270000007] [4.9985714210000003:7.0771428179999996] [7.907142844:10.07142857] [4.5685714229999999:9.4571426600000006] [3.5228572740000001:7.4257142539999998] [14.71285711:16.405714440000001] [11.76714284:14.88857147] [12.21999999:15.3757143] [7.1971427370000001:11.51714284] [8.7071425569999992:13.7228572] [12.465714180000001:20.245714190000001] [15.960000040000001:20.265714370000001] [19.964285709999999:24.187143330000001] [15.5985715:18.27142838] [15.28999969:20.038571220000001] [53.432282000000001:165.72075469999999] [13.84205856:39.862529700000003] [11.614401859999999:47.61115538] -1:4:1:21:0:3:10:7:27:2:25:8:9:16:29:11:6:12:20:23:18:5:19:22:15:28:17:13:24:26:14
tree_sizes=704 854 669 758 760 840 677 673 673 673 762 677 584 680 674 751 847 846 750 762 679 757 761 762 747 674 756 768 753 765 674 847 767 850 763 762 676 663 759 755 675 848 680 671 850 765 676 851 678 764 763 758 941 749 679 766 940 759 676 760 845 857 754 851 681 766 683 758 857 765 767 769 851 841 837 761 765 934 847 834 762 852 621 850 857 765 849 765 755 933 852 767 1021 680 850 942 670 922 1013 928 941 848 766 753 769 669 944 757 768 1027 684 852 762 934 850 850 859 935 766 842 862 1018 942 854 681 845 682 850 851 770 762 848 882 772 939 765 1032 856 1017 940 857 769 945 1031 855 846 850 1023 678 770 709 853 834 851 847 924 855 772 923 679 855 855 929 938 931 1031 948 943 938 679 922 860 858 757 856 854 847 688 850 770 770 856 945 945 847 769 681 943 872 943 849 1023 1004 939 881 940 852 857 685 859 941 788 768 944 769 762 936 776 944 688 1030 1100 1103 854 974 944 1022 850 851 935 937 876 937 765 856 773 929 859 769 943 944 768 965 881 1036 708 940 771 929 792 1022 944 945 679 941 869 936 1106 928 938 1201 768 1111 962 1027 1031 1028 1107 789 1020 1013 854 876 772 1020 1037 1097 854 932 947 1107 922 1000 1015 842 1026 948 944 956 928 749 1027 946 941 941 959 1016 940 934 941 937 945 935 946 773 1014 1029 1023 1012 1120 1011 850 944 934 862 856 941 853 1021 859 933 1034 966 857 857 860 854 940 938 853 937 1028 943 684 1031 770 934 862 1022 964 857 938 935 940 942 1024 1020 1111 1114 962 940 1115 937 1011 1024 936 939 938 1031 1028 1123 1112 950 884 935 938 861 854 880 1015 855 974 853 1099 946 945 1106 843 948 943 937 941 940 937 1043 858 943 1035 850 785 871 852 774 939 954 940 865 771 773 862 1034 1053 926 861 943 863 864 857 857 861 857 856 937 975 844 857 768 1013 844 969 1029 859 1021 1030 947 1119 856 1034 854 946 769 761 948 769 860 852 939 762 848 942 942 943 928 1045 855 929 936 1019 943 1049 943 941 1058 1027 774 1028 1022 932 926 1034 944 1103 1032 1115 1029 1106 1111 1207 1021 1027 1136 1197 937 1192 932 941 1024 1024 963 944 942 967 1052 1028 941 859 836 963 1031 938 960 1053 1024 1050 1197 1031 1030 1056 945 1116 1029 1111 937 1105 942 1029 1030 1029 937 944 1024 1202 1107 772 1028 1213 1059 1115 1185 1198 1198 1113 1032 1029 1197 946 944 1127 1115 773 1096 1117 1035 1107 1029 1207 1096 936 1138 1112 1289 1110 937 1215 1113 1010 939 1206 1206 1054 1226 1115 1133 860 1197 938 1133 1104 1189 934 1022 1026 1106 934 773 1197 1025 1022 1198 945 1281 1128 945 1199 1017 1115 854 1047 1032 1031 1036 1132 1201 1121 1199 1220 933 1118 1187 1206 1210 1362 770 1299 1034 940 1202 1275 1185 1023 1283 1015 1108 1110 1020 1101 1377 1107 1281 1130 1110 1308 1197 1111 1050 1222 1050 1314 1131 1288 1192 1112 1016 1225 1399 1056 1316 1103 941 1096 1373 1198 1224 1100 1204 1029 1115 1289 1033 1032 1189 1280 1281 1285 1031 1366 1312 1287 1370 1316 1113 1233 1014 1049 1043 843 1105 1202 1108 1200 1192 1294 1291 1050 1101 1026 1023 1206 1115 1287 1202 1102 1296 1049 1203 946 1025 1215 1287 1215 1221 941 1405 1117 1203 1177 870 1288 1114 1199 1394 930 1121 1143 1061 1132 1201 1033 1060 1116 1054 1029 1059 770 928 789 1059 1053 1029 771 1147 947 1033 1131 1149 1149 1037 774 975 1054 975 1053 956 1123 1108 942 1061 1058 1038 850 1121 861 1117 1035 1035 934 940 1053 769 930 1148 776 941 1119 1224 1064 933 939 1034 1052 880 1034 860 1020 943 964 1063 942 1025 1154 1124 942 1124 1036 1034 1234 953 946 1149 969 1107 1018 860 1105 1298 1116 1206 1218 1136 1059 1030 860 864 1145 1115 1235 1120 942 1113 1225 1115 1196 1116 1119 1024 1032 1219 1211 1116 1116 1126 1028 1023 1201 1015 1120 1226 944 1316 1120 1064 1211 872 884 1025 1111 1061 864 1061 1107 1205 948 1121 1021 931 797 1109 948 1116 1037 965 934 969 1059 946 1030 859 885 886 1090 943 1209 971 1030 971 805 882 1032 1007 1031 945 936 1037 1110 1115 970 1031 972 855 855 853 865 940 950 1037 1031 971 1101 940 840 764 942 942 1055 969 855 1034 954 1037 949 854 977 861 861 686 849 688 763 1063 865 712 945 1202 764 878 859 1113 859 949 935 929 1030 765 943 1148 871 1037 772 857 760 861 858 848 941 1101 1030 951 1036 860 942 1034 1030 1015 943 857 936 946 890 945 891 945 958 946 861 841 863 947 777 793 849 855 859 859 938 848 887 859 948 950 944 939 948 860 834 1061 862 1117 854 1022 949 1032 1034 1115 850 856 875 1020 1040 1209 1118 933 1050 1030 1050 1131 1314 1235 1205 1282 1056 1030 1024 1143 1129 1029 1380 1206 1032 1197 1127 1234 940 1148 1204 1195 1400 1400 1114 1139 1050 1285 1355 934 1315 1106 1112 1107 1134 1141 1108

Tree=0
num_leaves=7
num_cat=0
split_feature=16 28 48 86 59 31
split_gain=3.32002 2.67046 0.985463 0.367068 0.14387 0.097226
threshold=0.72378202350000009 2.2714285935000005 16.399999620000003 131.83848035000003 33.730000020000006 4.4142857280000003
decision_type=2 2 2 2 2 2
left_child=3 2 -2 4 -1 -6
right_child=1 -3 -4 -5 5 -7
leaf_value=8.1887837321704922 8.1822455900240669 8.1950526092849376 8.1924259689378118 8.1936947237981013 8.1803614151891786 8.1861716048800943
leaf_weight=20 33 27 20 30 287 35
leaf_count=20 33 27 20 30 287 35
internal_value=8.18712 8.18896 8.18759 8.18672 8.18662 8.18657
internal_weight=452 80 53 372 342 322
internal_count=452 80 53 372 342 322
is_linear=0
shrinkage=1


Tree=1
num_leaves=8
num_cat=0
split_feature=16 88 62 6 17 24 0
split_gain=1.55094 0.790438 1.01783 0.453157 0.039534 0.0376279 0.0296969
threshold=0.75253400000000015 24.358773140000004 0.90500020950000015 0.51854359500000013 6.1350000000000007 2.4857142565000001 0.12681091700000002
decision_type=2 10 2 2 2 2 2
left_child=1 4 -3 6 -1 -6 -4
right_child=-2 2 3 -5 5 -7 -8
leaf_value=-0.00045684360237966407 0.0054463264250439857 0.0089676378015136945 -0.0041778051587017017 0.0036385719268909144 -0.0059940036778432064 -0.0095134961470092413 -0.00052668205897132836
leaf_weight=20 22 23 51 20 279 23 20
leaf_count=20 22 23 51 20 279 23 20
internal_value=-3.70533e-05 -0.000173993 0.000531359 2.7233e-05 -0.000430607 -0.000459049 -0.000327298
internal_weight=458 436 114 91 322 302 71
internal_count=458 436 114 91 322 302 71
is_linear=0
shrinkage=0.01


Tree=2
num_leaves=6
num_cat=0
split_feature=15 34 83 76 61
split_gain=2.1611 0.715749 1.24534 0.413093 0.0457179
threshold=0.75978676750000018 3.3714285750000004 21.206428530000004 14.97285727 35.105000020000013
decision_type=2 2 2 2 2
left_child=1 2 -1 -3 -5
right_child=-2 3 -4 4 -6
leaf_value=-0.0056338543746078541 0.0050864654910366168 0.0048519350643701541 0.0054837610570132433 -0.0042581433990206584 -0.0093434045815677901
leaf_weight=33 27 31 26 324 20
leaf_count=33 27 31 26 324 20
internal_value=-1.84064e-05 -0.000195492 0.000811037 -0.000360564 -0.000464037
internal_weight=461 434 59 375 344
internal_count=461 434 59 375 344
is_linear=0
shrinkage=0.01


Tree=3
num_leaves=7
num_cat=0
split_feature=14 25 62 39 80 25
split_gain=1.38798 1.12711 0.38727 0.915539 0.146825 0.142669
threshold=0.75020021450000007 4.0142857520000002 0.88500022850000015 2.7000000105000006 8.9321427345000028 4.1857143300000006
decision_type=2 2 2 2 2 2
left_child=2 -2 3 4 -1 -4
right_child=1 -3 5 -5 -6 -7
leaf_value=0.0035448561187587956 -0.0026025607758852587 0.0093425373523086594 -0.0076807562961650104 0.0088987807169286972 -0.0033043099226354594 0.005464424661390817
leaf_weight=33 22 24 258 22 61 23
leaf_count=33 22 24 258 22 61 23
internal_value=-2.14062e-05 0.00160256 -0.000217446 0.000256849 -0.000158228 -0.000420511
internal_weight=443 46 397 116 94 281
internal_count=443 46 397 116 94 281
is_linear=0
shrinkage=0.01


Tree=4
num_leaves=7
num_cat=0
split_feature=15 28 24 17 59 0
split_gain=2.89587 0.600519 0.705077 0.18642 0.045455 0.015083
threshold=0.75978676750000018 2.4285714205000004 2.2428571245000004 130.56500000000003 34.214999675000008 0.10300379150000001
decision_type=2 2 2 2 2 2
left_child=1 3 5 4 -1 -3
right_child=-2 2 -4 -5 -6 -7
leaf_value=-0.0049355343250672588 0.0051758219651883474 -0.0067221192770183791 0.0071611846096176351 0.0017629854061616238 -0.0058871264022247504 -0.006374671427102946
leaf_weight=20 26 20 29 37 304 20
leaf_count=20 26 20 29 37 304 20
internal_value=-1.3135e-05 -0.000215878 0.000623209 -0.000382808 -0.000461823 -0.000196079
internal_weight=456 430 69 361 324 40
internal_count=456 430 69 361 324 40
is_linear=0
shrinkage=0.01


Tree=5
num_leaves=8
num_cat=0
split_feature=15 25 49 22 31 18 8
split_gain=2.01919 1.29007 0.489754 1.03516 1.13306 0.15632 0.128611
threshold=0.74893435700000011 4.0214285510000005 0.60000001650000001 1.7000000180000001 4.157142963000001 1.0642857125000003 0.63008898200000008
decision_type=2 2 2 2 2 2 2
left_child=2 -2 5 6 -5 -1 -4
right_child=1 -3 3 4 -6 -7 -8
leaf_value=-0.0053973005940499176 0.00046640472373502109 0.0051750096614200337 -0.0037468433058383079 0.0089396770480560869 -0.00027494541901111158 0.0013360222984938907 0.0035136379410856452
leaf_weight=270 24 23 74 20 21 21 20
leaf_count=270 24 23 74 20 21 21 20
internal_value=2.42717e-05 0.00197699 -0.000189785 0.000298233 0.00161483 -0.000423235 -0.000263713
internal_weight=473 47 426 135 41 291 94
internal_count=473 47 426 135 41 291 94
is_linear=0
shrinkage=0.01


Tree=6
num_leaves=6
num_cat=0
split_feature=15 86 86 70 5
split_gain=3.19797 0.381667 0.129398 0.214768 0.0456551
threshold=0.75473470250000008 131.61942115000002 73.069060915000009 7.3999999595000006 0.30195404800000003
decision_type=2 2 2 2 2
left_child=1 2 3 -1 -4
right_child=-2 -3 4 -5 -6
leaf_value=-0.015014658859054944 0.0065677028526341065 0.0033596624126755233 -0.0025631824586840103 0.0086566321833793577 -0.0052782449562873632
leaf_weight=32 35 30 20 20 319
leaf_count=32 35 30 20 20 319
internal_value=-5.69178e-05 -0.000304647 -0.000391782 3.78787e-05 -0.000463508
internal_weight=456 421 391 52 339
internal_count=456 421 391 52 339
is_linear=0
shrinkage=0.01


Tree=7
num_leaves=6
num_cat=0
split_feature=15 88 16 24 7
split_gain=2.68996 0.674081 0.875088 1.21343 0.119618
threshold=0.75473470250000008 23.911657220000006 0.71314414300000017 2.2428571540000006 0.45526357100000009
decision_type=2 10 2 2 2
left_child=1 -1 4 -4 -3
right_child=-2 2 3 -5 -6
leaf_value=-0.0059889302764202816 0.0047225133467983351 0.0082290897766663634 -0.0021919514769153485 0.0060143793120732147 -0.0038005187385446366
leaf_weight=307 28 20 23 20 60
leaf_count=307 28 20 23 20 60
internal_value=-3.70533e-05 -0.00023909 0.000375606 0.00151826 -0.000222772
internal_weight=458 430 123 43 80
internal_count=458 430 123 43 80
is_linear=0
shrinkage=0.01


Tree=8
num_leaves=6
num_cat=0
split_feature=14 75 43 31 6
split_gain=2.41535 1.94637 0.25866 0.355394 0.0285266
threshold=0.75020021450000007 5.0385714040000016 0.65000000600000007 4.0928571225000008 0.47632516650000006
decision_type=2 2 2 2 2
left_child=2 -2 -1 -4 -5
right_child=1 -3 3 4 -6
leaf_value=-0.0070666411187477827 0.0092677146762737243 0.0012005432921220612 0.0029240842649608605 -0.0046580526270253771 -0.00030809456150870273
leaf_weight=297 23 29 33 47 20
leaf_count=297 23 29 33 47 20
internal_value=-7.22545e-05 0.00193182 -0.000343137 7.9365e-05 -0.000317109
internal_weight=449 52 397 100 67
internal_count=449 52 397 100 67
is_linear=0
shrinkage=0.01


Tree=9
num_leaves=6
num_cat=0
split_feature=13 59 54 16 51
split_gain=2.27857 0.586785 0.504944 0.481704 0.495204
threshold=0.76909365000000018 34.810000895000009 2.1700005530000004 0.70409078600000008 4.9999999290000012
decision_type=2 2 2 2 2
left_child=1 -1 3 -3 -5
right_child=-2 2 -4 4 -6
leaf_value=0.0053965621710580025 0.0038897903472454643 -0.0039976287210885236 -0.0051709464379582938 0.012087537798839643 7.5094176828306158e-05
leaf_weight=29 21 34 326 21 20
leaf_count=29 21 34 326 21 20
internal_value=-5.20143e-05 -0.000215878 -0.000319811 0.000402375 0.00113636
internal_weight=451 430 401 75 41
internal_count=451 430 401 75 41
is_linear=0
shrinkage=0.01


Tree=10
num_leaves=7
num_cat=0
split_feature=86 26 5 16 11 76
split_gain=2.39022 2.36339 0.386759 0.149245 0.0411305 0.0459299
threshold=130.16331580000002 3.8999999930000002 0.42489214300000006 0.74462492850000006 0.7296621430000001 14.899999890000002
decision_type=2 2 2 2 2 2
left_child=3 2 -2 4 5 -1
right_child=1 -3 -4 -5 -6 -7
leaf_value=-0.003744700938616099 -0.0046275490889758119 0.0049365343196819921 0.0029492324828136775 0.0033020671593932205 -0.0043646271599990828 -0.0052121183562306474
leaf_weight=20 28 22 20 20 20 342
leaf_count=20 28 22 20 20 20 342
internal_value=-9.30627e-05 0.00159605 0.000286885 -0.000394737 -0.000441484 -0.000465822
internal_weight=472 70 48 402 382 362
internal_count=472 70 48 402 382 362
is_linear=0
shrinkage=0.01


Tree=11
num_leaves=6
num_cat=0
split_feature=15 86 31 42 10
split_gain=3.6091 0.679183 0.134494 0.0597861 0.087495
threshold=0.76214888550000015 131.61942115000002 4.4928571325000002 0.25000000750000007 0.5955273215000001
decision_type=2 2 2 2 2
left_child=1 2 3 -1 -5
right_child=-2 -3 -4 4 -6
leaf_value=-0.0049244863990429797 0.004854752651742871 0.0026177175249359227 0.0022853894264711185 0.0018593121962976399 -0.0037300160007659698
leaf_weight=321 22 39 22 20 32
leaf_count=321 22 39 22 20 32
internal_value=-5.69178e-05 -0.00026449 -0.000392875 -0.000440075 -7.57577e-05
internal_weight=456 434 395 373 52
internal_count=456 434 395 373 52
is_linear=0
shrinkage=0.01


Tree=12
num_leaves=5
num_cat=0
split_feature=13 76 88 7
split_gain=1.585 0.683905 0.223812 0.0460599
threshold=0.76909365000000018 14.97285727 27.836040485000002 0.41203264750000007
decision_type=2 2 10 2
left_child=1 -1 3 -3
right_child=-2 2 -4 -5
leaf_value=0.0021098744831512385 0.0036770019552875171 -0.0023600484273733537 0.0025558891059093707 -0.00390833378232562
leaf_weight=39 23 20 32 354
leaf_count=39 23 20 32 354
internal_value=-0.000132253 -0.000270301 -0.000395772 -0.000466916
internal_weight=468 445 406 374
internal_count=468 445 406 374
is_linear=0
shrinkage=0.01


Tree=13
num_leaves=6
num_cat=0
split_feature=15 88 65 6 59
split_gain=1.89718 0.546165 0.979563 0.284616 0.0426741
threshold=0.75473470250000008 23.925738300000003 59.145000455000009 0.48931390450000006 34.105000495000006
decision_type=2 10 2 2 2
left_child=1 4 -3 -4 -1
right_child=-2 2 3 -5 -6
leaf_value=-0.0043538577251310984 0.0058109733788065587 0.0086903901130728333 -0.0054099202586084232 0.0024548747142974078 -0.0052151428027365073
leaf_weight=21 37 20 65 32 284
leaf_count=21 37 20 65 32 284
internal_value=-3.80601e-05 -0.000234153 0.000335314 -6.64623e-05 -0.000459451
internal_weight=459 422 117 97 305
internal_count=459 422 117 97 305
is_linear=0
shrinkage=0.01


Tree=14
num_leaves=6
num_cat=0
split_feature=54 24 59 17 50
split_gain=1.99223 2.64116 0.592227 0.28705 0.0432795
threshold=2.0500001910000005 2.2428571540000006 34.810000895000009 177.90500000000003 10.750000025000002
decision_type=2 2 2 2 2
left_child=1 -1 -2 4 -4
right_child=2 -3 3 -5 -6
leaf_value=-0.004834170776588727 0.0083213539470857693 0.0069800201058331044 -0.0041727062535711987 0.0043024615603371556 -0.0033068496678093197
leaf_weight=36 31 29 328 25 21
leaf_count=36 31 29 328 25 21
internal_value=-6.37225e-06 0.00160334 -0.000272302 -0.000386873 -0.000464551
internal_weight=470 65 405 374 349
internal_count=470 65 405 374 349
is_linear=0
shrinkage=0.01


Tree=15
num_leaves=7
num_cat=0
split_feature=15 25 86 59 86 49
split_gain=2.96735 1.48252 0.262939 0.22753 0.158063 0.181395
threshold=0.74893435700000011 4.0214285510000005 131.61942115000002 34.810000895000009 73.069060915000009 1.1000000085000001
decision_type=2 2 2 2 2 2
left_child=2 -2 3 -1 5 -5
right_child=1 -3 -4 4 -6 -7
leaf_value=0.0011333847477310933 0.0011747316198072988 0.004643424516033166 0.0027762930009131983 -0.017086650504088707 -0.0049591137544776585 0.0083409313910273418
leaf_weight=28 20 22 37 26 316 21
leaf_count=28 20 22 37 26 316 21
internal_value=-6.37225e-06 0.0025 -0.000261194 -0.000340735 -0.00041094 9.41421e-05
internal_weight=470 42 428 391 363 47
internal_count=470 42 428 391 363 47
is_linear=0
shrinkage=0.01


Tree=16
num_leaves=8
num_cat=0
split_feature=13 86 39 59 25 25 16
split_gain=2.16935 0.567352 0.357807 0.23594 0.172198 0.170852 0.0455772
threshold=0.76652608500000008 131.61942115000002 14.400000300000002 34.299999235000008 4.1857143300000006 4.285714285500001 0.73719471450000007
decision_type=2 2 2 2 2 2 2
left_child=1 3 -3 -1 6 -6 -5
right_child=-2 2 -4 4 5 -7 -8
leaf_value=0.0011980855238125927 0.0046847268491555846 0.0045551288715538433 -0.00027465036754669526 -0.0068604227347917809 0.005914467233046115 -0.003899753648788543 -0.0018932250579829413
leaf_weight=26 27 20 21 313 20 20 20
leaf_count=26 27 20 21 313 20 20 20
internal_value=-2.45833e-05 -0.000199637 0.000897129 -0.00031891 -0.00038657 0.000196078 -0.000462852
internal_weight=467 440 41 399 373 40 333
internal_count=467 440 41 399 373 40 333
is_linear=0
shrinkage=0.01


Tree=17
num_leaves=8
num_cat=0
split_feature=14 88 62 88 50 28 11
split_gain=1.87519 1.54745 0.412957 0.802183 0.72566 0.130205 0.0445717
threshold=0.75020021450000007 26.158520245000002 1.0399999620000002 23.911657220000006 8.4000000580000016 2.0285714435000002 0.49903595750000007
decision_type=2 10 2 10 2 2 2
left_child=2 -2 3 5 -5 -1 -4
right_child=1 -3 6 4 -6 -7 -8
leaf_value=0.0014634486183797222 -0.00021073211585119044 0.0046378795806640231 -0.0062348597968869225 0.0039490874761517183 -0.0032033710291248106 -0.0029118699447566038 -0.0053974117634552812
leaf_weight=20 31 27 20 21 20 77 251
leaf_count=20 31 27 20 21 20 77 251
internal_value=9.61938e-06 0.00168367 -0.00022572 0.000208934 0.0013756 -0.000270961 -0.000454378
internal_weight=467 58 409 138 41 97 271
internal_count=467 58 409 138 41 97 271
is_linear=0
shrinkage=0.01


Tree=18
num_leaves=7
num_cat=0
split_feature=15 54 16 24 26 4
split_gain=2.73197 1.2405 0.337987 0.873877 0.119867 0.031695
threshold=0.74893435700000011 2.1300001145000005 0.69948014300000005 2.2571428545000005 4.1785714285000006 0.38097314300000001
decision_type=2 2 2 2 2 2
left_child=2 -2 4 5 -1 -4
right_child=1 -3 3 -5 -6 -7
leaf_value=-0.0073649753087675785 0.0046244932937597174 0.0019677855040851162 -0.0017624183181282702 0.0062056554690014896 0.0013365984936801367 -0.00023988260225570073
leaf_weight=287 21 30 59 32 28 20
leaf_count=287 21 30 59 32 28 20
internal_value=0 0.00217181 -0.000260075 0.000201252 -0.000429069 -0.000344612
internal_weight=477 51 426 111 315 79
internal_count=477 51 426 111 315 79
is_linear=0
shrinkage=0.01


Tree=19
num_leaves=7
num_cat=0
split_feature=16 62 87 59 45 11
split_gain=1.18187 0.392476 0.649347 0.581637 1.07974 0.044365
threshold=0.75301769650000006 1.2800002100000003 25.164862530000004 40.339999675000008 15.299999905000002 0.5217450950000001
decision_type=2 2 10 2 2 2
left_child=1 2 -1 4 -4 -3
right_child=-2 5 3 -5 -6 -7
leaf_value=-0.0031297101900336628 0.0042810657594479226 -0.0060988614458303723 0.0082147817320146685 -0.0034603087954489008 -0.0054710999399959553 -0.0099516889109092527
leaf_weight=86 21 20 31 39 27 241
leaf_count=86 21 20 31 39 27 241
internal_value=-8.69473e-05 -0.000202338 0.000144178 0.000710634 0.00134354 -0.000452636
internal_weight=465 444 183 97 58 261
internal_count=465 444 183 97 58 261
is_linear=0
shrinkage=0.01


Tree=20
num_leaves=6
num_cat=0
split_feature=15 22 86 16 59
split_gain=2.43164 1.28409 0.327633 0.189614 0.0433153
threshold=0.74893435700000011 1.6785714075000002 131.83848035000003 0.72501332150000009 34.810000895000009
decision_type=2 2 2 2 2
left_child=2 -2 3 4 -1
right_child=1 -3 -4 -5 -6
leaf_value=-0.0056686931371167206 5.7268484663181178e-05 0.0045299391542466504 0.0039842632509007447 0.00015340442913897899 -0.0051780179346489338
leaf_weight=21 22 22 34 37 331
leaf_count=21 22 22 34 37 331
internal_value=-6.73366e-05 0.00214286 -0.000305569 -0.000391226 -0.000464853
internal_weight=467 44 423 389 352
internal_count=467 44 423 389 352
is_linear=0
shrinkage=0.01


Tree=21
num_leaves=7
num_cat=0
split_feature=34 66 39 28 19 59
split_gain=1.93636 2.90848 0.617676 0.148266 0.179847 0.165876
threshold=3.3714285750000004 78.444999695000021 0.65000000600000007 2.4285714205000004 2.2714285595000008 33.730000020000006
decision_type=2 2 2 2 2 2
left_child=1 -1 -2 5 -5 -4
right_child=2 -3 3 4 -6 -7
leaf_value=-0.0051724348136981861 0.004025469668858913 0.0068604974235663861 0.0017891168114586365 -0.0053485336172688185 0.0045001976041128119 -0.0043862788762564428
leaf_weight=33 29 32 20 22 20 312
leaf_count=33 29 32 20 22 20 312
internal_value=8.5323e-06 0.00160334 -0.000246409 -0.000360192 0.000163551 -0.000432692
internal_weight=468 65 403 374 42 332
internal_count=468 65 403 374 42 332
is_linear=0
shrinkage=0.01


Tree=22
num_leaves=7
num_cat=0
split_feature=15 34 83 83 17 17
split_gain=1.1065 0.517375 1.38051 0.135786 0.205742 0.0453552
threshold=0.75473470250000008 3.3714285750000004 21.211428780000002 21.253571645000005 90.710000000000022 5.0250000000000012
decision_type=2 2 2 2 2 2
left_child=1 2 -1 4 -3 -5
right_child=-2 3 -4 5 -6 -7
leaf_value=-0.0029754875125216056 0.0039584778916338902 -0.0017855234362099961 0.0082572620999862741 0.00025097925678678966 0.0015201351132782398 -0.0050438035573832519
leaf_weight=41 30 29 21 20 20 297
leaf_count=41 30 29 21 20 20 297
internal_value=-0.000102441 -0.000237873 0.000589172 -0.000384406 7.0281e-05 -0.000460982
internal_weight=458 428 62 366 49 317
internal_count=458 428 62 366 49 317
is_linear=0
shrinkage=0.01


Tree=23
num_leaves=7
num_cat=0
split_feature=49 8 22 59 48 7
split_gain=0.887787 1.13607 0.644385 0.30892 0.0975512 0.0282128
threshold=1.0499999970000002 0.66417533350000013 1.6999999840000004 34.299999235000008 20.800000160000003 0.54321450000000004
decision_type=2 2 2 2 2 2
left_child=3 2 5 -1 -5 -2
right_child=1 -3 -4 4 -6 -7
leaf_value=0.0013389195765292812 -0.0065878839757200483 0.0041210593538110411 0.0081402555972669901 -0.0054176158620221748 0.00069677353849319007 0.00057608628716734336
leaf_weight=22 46 20 22 294 35 20
leaf_count=22 46 20 22 294 35 20
internal_value=-0.000103306 0.000680147 0.000157658 -0.000351052 -0.00043208 -0.000314371
internal_weight=459 108 88 351 329 66
internal_count=459 108 88 351 329 66
is_linear=0
shrinkage=0.01


Tree=24
num_leaves=7
num_cat=0
split_feature=15 25 88 65 7 59
split_gain=2.35432 1.21946 0.38135 0.871445 0.156828 0.143336
threshold=0.74893435700000011 4.0214285510000005 23.911657220000006 59.145000455000009 0.41203264750000007 40.339999675000008
decision_type=2 2 10 2 2 2
left_child=2 -2 4 -4 -1 -5
right_child=1 -3 3 5 -6 -7
leaf_value=0.0087928652787084578 0.00038510508450054638 0.0040406175695637441 0.0080244186885501684 0.0020351885258147596 -0.0050790051705342848 -0.0025398646230020121
leaf_weight=21 21 22 23 34 279 63
leaf_count=21 21 22 23 34 279 63
internal_value=0 0.0022032 -0.00023289 0.000231788 -0.000425532 -0.000168712
internal_weight=463 43 420 120 300 97
internal_count=463 43 420 120 300 97
is_linear=0
shrinkage=0.01


Tree=25
num_leaves=6
num_cat=0
split_feature=86 60 16 84 31
split_gain=1.99503 1.38126 0.625494 0.929814 0.110884
threshold=131.48502525000004 27.315001010000007 0.72501332150000009 16.371428355000003 4.4142857280000003
decision_type=2 2 2 2 2
left_child=2 -2 4 -4 -1
right_child=1 -3 3 -5 -6
leaf_value=-0.0059911659054975724 -0.00026325276879723486 0.0055099406738045786 -0.0050517573866569413 0.0087627865249673836 0.0013149047655260338
leaf_weight=333 25 33 32 26 31
leaf_count=333 25 33 32 26 31
internal_value=-3.74377e-05 0.00168367 -0.000281457 0.000663265 -0.000438597
internal_weight=480 58 422 58 364
internal_count=480 58 422 58 364
is_linear=0
shrinkage=0.01


Tree=26
num_leaves=7
num_cat=0
split_feature=15 62 24 1 88 13
split_gain=1.9018 0.19773 0.40238 0.311153 0.131304 0.0441881
threshold=0.74893435700000011 1.1900000570000002 2.2571428545000005 0.24065628600000002 26.465459855000002 0.54564147500000015
decision_type=2 2 2 2 10 2
left_child=1 2 4 -4 -1 -3
right_child=-2 5 3 -5 -6 -7
leaf_value=-0.002340923497203455 0.0049472067060822031 -0.0057754942244023508 0.0084683595442650635 -3.3670211081757516e-05 0.00043910062807075886 -0.0068323140449106125
leaf_weight=96 38 20 22 22 21 233
leaf_count=96 38 20 22 22 21 233
internal_value=-7.50885e-05 -0.000277242 0 0.000803571 -0.000309847 -0.000451143
internal_weight=452 414 161 44 117 253
internal_count=452 414 161 44 117 253
is_linear=0
shrinkage=0.01


Tree=27
num_leaves=7
num_cat=0
split_feature=14 49 86 86 42 10
split_gain=1.54986 0.607769 0.596504 0.608381 0.0449598 0.0338796
threshold=0.76021457150000005 0.60000001650000001 131.61942115000002 83.42103185500001 0.75000000000000011 0.68554776200000012
decision_type=2 2 2 2 2 2
left_child=1 4 3 -3 -1 -5
right_child=-2 2 -4 5 -6 -7
leaf_value=-0.0049131350799296574 0.0041187774707240844 0.0074484898115103459 0.0064610227545176492 -0.0023421155995043386 -0.00041102183076811242 0.00056906713380118436
leaf_weight=272 35 25 26 70 20 20
leaf_count=272 35 25 26 70 20 20
internal_value=-2.55974e-05 -0.00019479 0.000334979 4.31767e-06 -0.00045765 -0.000363436
internal_weight=468 433 141 115 292 90
internal_count=468 433 141 115 292 90
is_linear=0
shrinkage=0.01


Tree=28
num_leaves=7
num_cat=0
split_feature=86 26 76 54 16 1
split_gain=0.959055 1.55085 0.444975 0.298574 0.360103 0.0710918
threshold=131.48502525000004 3.8999999930000002 14.97285727 2.1300001145000005 0.70960224500000013 0.25515121400000002
decision_type=2 2 2 2 2 2
left_child=2 5 -1 4 -4 -2
right_child=1 -3 3 -5 -6 -7
leaf_value=0.006875750061723882 0.0021826556898228975 0.0074153306397872565 -0.0057960862747027378 -0.0051148390592872517 0.0080427149003285247 -0.00036884270347742581
leaf_weight=26 20 20 24 324 20 24
leaf_count=26 20 20 24 324 20 24
internal_value=-0.000102441 0.00101852 -0.000291287 -0.000385033 0.000357143 -1.17081e-10
internal_weight=458 64 394 368 44 44
internal_count=458 64 394 368 44 44
is_linear=0
shrinkage=0.01


Tree=29
num_leaves=7
num_cat=0
split_feature=15 46 16 33 7 2
split_gain=1.05308 0.858196 0.267541 0.593448 0.0930932 0.0272148
threshold=0.74893435700000011 11.399999995000002 0.71026214300000012 3.4642856800000006 0.41948735750000005 0.31432811900000007
decision_type=2 2 2 2 2 2
left_child=2 -2 4 -4 -1 -5
right_child=1 -3 3 5 -6 -7
leaf_value=-0.0036835097959176011 0.0039759424559179073 -0.00071071354783164785 0.0053608019968175722 -0.0011758667361797749 -0.0053567526046964346 -0.0029465685317761098
leaf_weight=37 20 22 23 43 306 20
leaf_count=37 20 22 23 43 306 20
internal_value=-0.000155786 0.00133178 -0.000308283 0.000172811 -0.000434846 -0.000305643
internal_weight=471 42 429 86 343 63
internal_count=471 42 429 86 343 63
is_linear=0
shrinkage=0.01


Tree=30
num_leaves=6
num_cat=0
split_feature=15 16 88 62 41
split_gain=1.86721 0.20868 0.402793 0.140309 0.217555
threshold=0.75473470250000008 0.71635612250000014 24.358773140000004 0.71500015250000015 5.700000074000001
decision_type=2 2 10 2 2
left_child=1 3 -3 4 -1
right_child=-2 2 -4 -5 -6
leaf_value=0.0037451583515251464 0.0039746745490283186 -0.0028891007031896713 0.0032256498035460857 -0.0068041756766404381 -0.0011975300741857602
leaf_weight=20 33 43 31 324 33
leaf_count=20 33 43 31 324 33
internal_value=-0.00014439 -0.000317619 0.000147059 -0.00041424 2.78809e-05
internal_weight=484 451 74 377 53
internal_count=484 451 74 377 53
is_linear=0
shrinkage=0.01


Tree=31
num_leaves=8
num_cat=0
split_feature=15 54 86 26 46 5 3
split_gain=1.46658 0.221258 0.37358 0.174014 0.192341 0.0226349 0.0199046
threshold=0.75473470250000008 2.0999999050000002 89.867262285000024 4.1142856560000007 22.099999935000003 0.39536521450000001 0.33156342850000003
decision_type=2 2 2 2 2 2 2
left_child=1 2 -1 -3 5 -5 -4
right_child=-2 3 6 4 -6 -7 -8
leaf_value=0.002768360241260209 0.0031361780821031575 -0.0045511633174154251 -0.00046304473541965651 -0.0049435694335786054 0.003725178828195137 -0.0085343473771402369 2.3441102217480192e-05
leaf_weight=20 32 312 27 20 20 32 20
leaf_count=20 32 312 27 20 20 32 20
internal_value=-0.000143655 -0.000295485 0.000213864 -0.000389813 2.74724e-05 -0.000265152 -0.000240586
internal_weight=483 451 67 384 72 52 47
internal_count=483 451 67 384 72 52 47
is_linear=0
shrinkage=0.01


Tree=32
num_leaves=7
num_cat=0
split_feature=13 17 16 86 16 59
split_gain=2.30207 0.505124 0.693589 0.24945 0.0402911 0.0455101
threshold=0.76652608500000008 130.56500000000003 0.69948014300000005 132.04113905000003 0.74049957150000012 34.105000495000006
decision_type=2 2 2 2 2 2
left_child=1 3 -3 4 5 -1
right_child=-2 2 -4 -5 -6 -7
leaf_value=-0.0048941337392428208 0.0039420575666068783 -0.0019921758545969467 0.0037902437858907769 0.0056994174867952474 -0.0025601309998161642 -0.0039856879613087356
leaf_weight=20 26 38 23 27 20 308
leaf_count=20 26 38 23 27 20 308
internal_value=-4.10546e-05 -0.00021978 0.000606796 -0.000360564 -0.00043578 -0.000462287
internal_weight=462 436 61 375 348 328
internal_count=462 436 61 375 348 328
is_linear=0
shrinkage=0.01


Tree=33
num_leaves=8
num_cat=0
split_feature=14 86 1 16 84 17 62
split_gain=1.87783 0.41746 0.184766 0.154481 0.175454 0.0402093 0.0429695
threshold=0.7533740000000001 131.61942115000002 0.25639421450000005 0.72501332150000009 16.371428355000003 5.5500000000000007 0.43499994250000001
decision_type=2 2 2 2 2 2 2
left_child=1 3 -3 5 -5 -1 -7
right_child=-2 2 -4 4 -6 6 -8
leaf_value=-0.0096287753421102941 0.0038366514871296122 0.0073801010680819516 5.8320885736339312e-05 -0.0037165549941497594 0.0028170235632774083 -0.0011307650439087258 -0.0072883015787948971
leaf_weight=20 38 20 20 21 20 21 304
leaf_count=20 38 20 20 21 20 21 304
internal_value=-6.4544e-05 -0.000260075 0.000686274 -0.00036453 0.000179426 -0.000435223 -0.00046194
internal_weight=464 426 40 386 41 345 325
internal_count=464 426 40 386 41 345 325
is_linear=0
shrinkage=0.01


Tree=34
num_leaves=7
num_cat=0
split_feature=16 86 22 49 86 0
split_gain=1.87699 0.750805 0.973957 0.221864 0.632483 0.033148
threshold=0.75045346700000015 130.16331580000002 1.6999999840000004 0.65000000600000007 88.375070215000008 0.24174418750000001
decision_type=2 2 2 2 2 2
left_child=1 3 -3 -1 -5 -6
right_child=-2 2 -4 4 5 -7
leaf_value=-0.0045600394300286352 0.0079140508469476584 -0.0010934466079238145 0.0037920293210248397 0.0073602862795168669 -0.0043973356029246282 -0.001615484843274407
leaf_weight=263 24 33 22 24 66 20
leaf_count=263 24 33 22 24 66 20
internal_value=-8.83404e-06 -0.000167911 0.000905018 -0.000333066 2.70757e-05 -0.000357143
internal_weight=452 428 55 373 110 86
internal_count=452 428 55 373 110 86
is_linear=0
shrinkage=0.01


Tree=35
num_leaves=7
num_cat=0
split_feature=15 88 65 12 59 7
split_gain=2.77265 0.465651 1.41063 0.249225 0.145012 0.0449426
threshold=0.75473470250000008 23.911657220000006 59.365000725000009 0.73773671450000011 33.730000020000006 0.40947400000000006
decision_type=2 10 2 2 2 2
left_child=1 4 -3 -4 -1 -6
right_child=-2 2 3 -5 5 -7
leaf_value=0.0014620504774075973 0.004759042554047078 0.0075953756922401295 -0.00096703847793996542 0.0023971266724301297 -0.001569169473149028 -0.004818322362846821
leaf_weight=21 37 21 73 23 20 271
leaf_count=21 37 21 73 23 20 271
internal_value=3.21336e-05 -0.00019195 0.000335314 -0.000165289 -0.00039642 -0.000457505
internal_weight=466 429 117 96 312 291
internal_count=466 429 117 96 312 291
is_linear=0
shrinkage=0.01


Tree=36
num_leaves=6
num_cat=0
split_feature=14 75 86 59 25
split_gain=2.06704 1.45587 0.593774 0.115947 0.113918
threshold=0.75020021450000007 4.9721428095000002 131.61942115000002 34.810000895000009 4.1857143300000006
decision_type=2 2 2 2 2
left_child=2 -2 3 -1 -5
right_child=1 -3 -4 4 -6
leaf_value=-0.00059156345109019506 0.0070775042703766847 0.00078927897482911503 0.0051466999535658533 -0.0049401041373980069 0.0029792782105503273
leaf_weight=25 27 29 31 323 30
leaf_count=25 27 29 31 323 30
internal_value=-2.2542e-05 0.00176056 -0.000274524 -0.000388068 -0.000436688
internal_weight=465 56 409 378 353
internal_count=465 56 409 378 353
is_linear=0
shrinkage=0.01


Tree=37
num_leaves=6
num_cat=0
split_feature=15 59 86 86 49
split_gain=2.17923 0.312773 0.182845 0.13232 0.225334
threshold=0.75473470250000008 34.810000895000009 131.61942115000002 73.069060915000009 1.1000000085000001
decision_type=2 2 2 2 2
left_child=1 -1 3 4 -3
right_child=-2 2 -4 -5 -6
leaf_value=0.0036417214119650676 0.0053504927283638563 -0.0147404974487685 0.0016638084212209827 -0.0051531121236712933 0.0027396264617121249
leaf_weight=33 34 36 34 320 20
leaf_count=33 34 36 34 320 20
internal_value=-7.63919e-05 -0.000269266 -0.000348101 -0.000414013 0
internal_weight=477 443 410 376 56
internal_count=477 443 410 376 56
is_linear=0
shrinkage=0.01


Tree=38
num_leaves=7
num_cat=0
split_feature=17 8 59 54 12 11
split_gain=1.00734 1.32982 0.343753 0.372642 0.288982 0.0455237
threshold=162.23500000000004 0.63403985750000014 34.810000895000009 1.8400001525000003 0.67014275000000012 0.7351355715000002
decision_type=2 2 2 2 2 2
left_child=2 -2 -1 4 -4 -5
right_child=1 -3 3 5 -6 -7
leaf_value=0.0077046126814902553 -0.010248428737983248 0.0033968834063267906 -0.0038114097295047101 -0.0031579457061224748 0.0050171522244882175 -0.0021650955000150139
leaf_weight=30 20 21 21 309 30 20
leaf_count=30 20 21 21 309 30 20
internal_value=-9.62817e-05 0.0013756 -0.00025073 -0.000336135 0.000434363 -0.000462402
internal_weight=451 41 410 380 51 329
internal_count=451 41 410 380 51 329
is_linear=0
shrinkage=0.01


Tree=39
num_leaves=7
num_cat=0
split_feature=16 16 86 25 27 11
split_gain=1.79085 0.614408 0.865426 0.215705 0.332781 0.0451417
threshold=0.75706978600000008 0.69948014300000005 95.400250690000021 4.0214285510000005 3.6999999630000002 0.5019708570000001
decision_type=2 2 2 2 2 2
left_child=1 5 -3 -4 -5 -1
right_child=-2 2 3 4 -6 -7
leaf_value=-0.0051892625602815469 0.0084402789035376655 0.0023500570654420537 -0.0025967215294234913 0.0017364024651479138 -0.00040036779289649016 -0.0070454976619132009
leaf_weight=20 20 21 53 28 22 283
leaf_count=20 20 21 53 28 22 283
internal_value=-7.0344e-05 -0.000213885 0.00036859 0 0.000452756 -0.000459184
internal_weight=447 427 124 103 50 303
internal_count=447 427 124 103 50 303
is_linear=0
shrinkage=0.01


Tree=40
num_leaves=6
num_cat=0
split_feature=13 62 86 72 15
split_gain=0.975697 0.33496 0.347735 0.147883 0.332186
threshold=0.76652608500000008 1.0399999620000002 132.01285560000002 5.5071428335000006 0.69558964300000015
decision_type=2 2 2 2 2
left_child=1 2 3 -1 -5
right_child=-2 -3 -4 4 -6
leaf_value=-0.0048930599295592837 0.0034786852607919146 -0.0060612625670905 0.0068812791414004718 -0.0043978018990621587 0.0017029492137587499
leaf_weight=61 26 273 21 35 33
leaf_count=61 26 273 21 35 33
internal_value=-0.000161183 -0.000281973 8.62068e-05 -9.63021e-05 0.000203488
internal_weight=449 423 150 129 68
internal_count=449 423 150 129 68
is_linear=0
shrinkage=0.01


Tree=41
num_leaves=8
num_cat=0
split_feature=62 88 17 49 46 17 9
split_gain=0.713271 1.6145 0.206482 0.192445 0.254016 0.123825 0.0264977
threshold=0.84999990500000011 23.911657220000006 25.705000000000002 1.1000000085000001 11.200000170000001 107.77500000000002 0.59682820000000014
decision_type=2 10 2 2 2 2 2
left_child=1 2 -1 -2 -5 -4 -6
right_child=3 -3 5 4 6 -7 -8
leaf_value=0.0082089911923374729 -0.0045080712173775237 0.0072592476342247057 -0.0029305722998078259 0.0048656559490558773 -0.0023068785114490086 0.0013476741407464153 -0.0011584697358682711
leaf_weight=20 227 27 66 28 20 20 41
leaf_count=20 227 27 66 28 20 20 41
internal_value=-7.22545e-05 0.00053438 -9.36341e-06 -0.000334596 3.89754e-05 -0.000241936 -0.000299353
internal_weight=449 133 106 316 89 86 61
internal_count=449 133 106 316 89 86 61
is_linear=0
shrinkage=0.01


Tree=42
num_leaves=6
num_cat=0
split_feature=15 16 28 17 30
split_gain=1.24785 0.543772 0.715089 0.111033 0.0456165
threshold=0.76214888550000015 0.71026214300000012 2.4285714205000004 95.215000000000018 2.1714285610000004
decision_type=2 2 2 2 2
left_child=1 4 3 -3 -1
right_child=-2 2 -4 -5 -6
leaf_value=-0.0004527661937677918 0.0031371065503688345 -0.0012298029629533407 0.005306216777591335 0.00016386291220553406 -0.0067451167936752841
leaf_weight=20 21 50 32 20 316
leaf_count=20 21 50 32 20 316
internal_value=-0.000146803 -0.000266636 0.000359922 -0.000183616 -0.000463183
internal_weight=459 438 102 70 336
internal_count=459 438 102 70 336
is_linear=0
shrinkage=0.01


Tree=43
num_leaves=6
num_cat=0
split_feature=57 23 87 40 19
split_gain=1.0502 1.27493 1.10556 0.47452 0.128659
threshold=2.7749996185000003 1.8214285545000002 26.400856380000004 8.0999999490000025 2.2999999945000007
decision_type=2 2 8 2 2
left_child=1 3 -3 -1 -5
right_child=-2 2 -4 4 -6
leaf_value=0.0068701172868605763 -0.0069563307830803871 0.0034722171440565355 4.7815432030198226e-05 0.0022506538445157911 -0.0022939371484620745
leaf_weight=20 276 30 20 21 89
leaf_count=20 276 30 20 21 89
internal_value=-0.000100701 0.000486726 0.00183071 -2.29359e-05 -0.000297834
internal_weight=456 180 50 130 110
internal_count=456 180 50 130 110
is_linear=0
shrinkage=0.01


Tree=44
num_leaves=8
num_cat=0
split_feature=16 86 66 86 49 59 46
split_gain=1.15972 0.321137 0.474516 0.236214 0.354312 0.0377783 0.0308596
threshold=0.75706978600000008 131.48502525000004 81.655001640000009 73.069060915000009 1.1000000085000001 34.299999235000008 9.899999719000002
decision_type=2 2 2 2 2 2 2
left_child=1 3 -3 4 -1 -5 -7
right_child=-2 2 -4 5 -6 6 -8
leaf_value=-0.01772466151882859 0.007761370022261062 0.0063956156384079388 -0.0011494711055950965 -0.0040932716346077916 0.0072903480224249086 -0.00074923837165823863 -0.0043294438625237058
leaf_weight=27 22 23 24 21 21 26 300
leaf_count=27 22 23 24 21 21 26 300
internal_value=-0.000129088 -0.000246161 0.000512552 -0.000342345 0.000286885 -0.000435595 -0.000462056
internal_weight=464 442 47 395 48 347 326
internal_count=464 442 47 395 48 347 326
is_linear=0
shrinkage=0.01


Tree=45
num_leaves=7
num_cat=0
split_feature=15 74 23 44 40 1
split_gain=1.2285 0.555568 0.684875 0.619434 0.204667 0.0372139
threshold=0.76214888550000015 6.6328572025000012 1.8214285545000002 2.7000000030000004 8.2999999225000014 0.22189266650000003
decision_type=2 2 2 2 2 2
left_child=1 2 4 -4 -1 -6
right_child=-2 -3 3 -5 5 -7
leaf_value=0.0024483492679523594 0.0034881795306375874 -0.0096430578634465209 0.00086325727037155683 0.0030372843511676773 -0.0019253557880589511 -0.0027139325877490296
leaf_weight=26 20 254 36 36 20 94
leaf_count=26 20 254 36 36 20 94
internal_value=-6.36813e-05 -0.000173522 0.000197368 0.000989011 -0.000198864 -0.000391986
internal_weight=486 466 212 72 140 114
internal_count=486 466 212 72 140 114
is_linear=0
shrinkage=0.01


Tree=46
num_leaves=6
num_cat=0
split_feature=86 77 17 86 0
split_gain=0.826976 1.40889 0.163951 0.106934 0.0166011
threshold=130.16331580000002 12.971428670000002 140.19000000000003 70.137508020000013 0.12095741650000001
decision_type=2 2 2 2 2
left_child=2 4 3 -1 -2
right_child=1 -3 -4 -5 -6
leaf_value=-0.0014264317955384931 -0.0049446269304716422 0.0063071759893443408 0.0015078730593144174 -0.0050854455629084569 -0.00060955606725658477
leaf_weight=32 22 23 39 314 20
leaf_count=32 22 23 39 314 20
internal_value=-0.000184117 0.000843465 -0.000364178 -0.00043541 -0.00021028
internal_weight=450 65 385 346 42
internal_count=450 65 385 346 42
is_linear=0
shrinkage=0.01


Tree=47
num_leaves=8
num_cat=0
split_feature=88 62 8 41 59 88 88
split_gain=1.13973 1.43566 0.837242 0.696176 0.127596 0.0584689 0.0857157
threshold=23.911657220000006 0.90500020950000015 0.63403985750000014 3.6000000535000001 34.105000495000006 19.354371755000006 18.201050400000003
decision_type=10 2 2 2 2 8 10
left_child=4 -2 -3 -4 -1 6 -6
right_child=1 2 3 -5 5 -7 -8
leaf_value=0.0011425629086832692 0.0061902859776285669 -0.00080888262054174833 0.0034869392438887301 -0.0028849069584475618 -0.0074683782777279703 -0.0039911718926709814 0.002518968460708355
leaf_weight=22 26 69 22 21 31 250 20
leaf_count=22 26 69 22 21 31 250 20
internal_value=-4.00608e-05 0.000713256 0.000195035 0.00128995 -0.000369055 -0.000425779 -6.75677e-05
internal_weight=461 138 112 43 323 301 51
internal_count=461 138 112 43 323 301 51
is_linear=0
shrinkage=0.01


Tree=48
num_leaves=6
num_cat=0
split_feature=15 73 46 17 46
split_gain=0.727967 0.23201 0.416865 0.276804 0.107255
threshold=0.75473470250000008 8.566428593000003 10.999999955000002 16.420000000000005 22.500000080000003
decision_type=2 2 2 2 2
left_child=1 2 -1 -4 -3
right_child=-2 4 3 -5 -6
leaf_value=0.0029579620939585815 0.0026855883036840441 -0.0026545290643459852 0.0085080774215388223 -0.0014856096464843063 -0.0026330104637803694
leaf_weight=29 32 256 22 87 31
leaf_count=29 32 256 22 87 31
internal_value=-0.00014526 -0.000259512 6.48414e-05 -0.000204918 -0.000422168
internal_weight=457 425 138 109 287
internal_count=457 425 138 109 287
is_linear=0
shrinkage=0.01


Tree=49
num_leaves=7
num_cat=0
split_feature=88 17 26 27 59 0
split_gain=1.15271 1.49284 0.771921 0.124775 0.0456165 0.0309933
threshold=25.572599765000003 130.56500000000003 3.8999999930000002 3.4499999885000006 34.105000495000006 0.12807888550000004
decision_type=10 2 2 2 2 2
left_child=3 2 5 -1 -5 -2
right_child=1 -3 -4 4 -6 -7
leaf_value=0.0014100217643925274 -0.0033768801666826252 0.003381169380394327 0.0032425486454503273 -0.0038629885134483424 -0.0050787851584034342 -0.00036549237597538947
leaf_weight=25 56 26 20 20 316 20
leaf_count=25 56 26 20 20 316 20
internal_value=-0.000122985 0.000708469 0.000103306 -0.000410448 -0.000463183 -0.000338542
internal_weight=483 122 96 361 336 76
internal_count=483 122 96 361 336 76
is_linear=0
shrinkage=0.01


Tree=50
num_leaves=7
num_cat=0
split_feature=16 16 2 7 60 27
split_gain=1.48491 0.251713 0.322109 0.958511 0.290956 0.044365
threshold=0.75253400000000015 0.6776522140000002 0.30154189250000002 0.55995945250000012 27.315001010000007 4.6857142790000008
decision_type=2 2 2 2 2 2
left_child=1 5 3 4 -3 -1
right_child=-2 2 -4 -5 -6 -7
leaf_value=-0.0093885852291596614 0.007252554145489005 -0.0033674043160277362 -0.0010706490263856731 0.0035314120424049657 0.0039676618156525992 -0.022200966590862393
leaf_weight=241 24 62 77 20 31 20
leaf_count=241 24 62 77 20 31 20
internal_value=-0.000116646 -0.000251217 1.57232e-05 0.000364675 -4.79745e-05 -0.000452636
internal_weight=475 451 190 113 93 261
internal_count=475 451 190 113 93 261
is_linear=0
shrinkage=0.01


Tree=51
num_leaves=7
num_cat=0
split_feature=14 74 57 9 0 24
split_gain=1.28183 0.400372 0.548817 0.50872 0.202491 0.131656
threshold=0.77332535700000016 6.6328572025000012 1.9549999235000002 0.64953693150000014 0.13379374000000002 1.8785714210000002
decision_type=2 2 2 2 2 2
left_child=1 2 5 4 -4 -1
right_child=-2 -3 3 -5 -6 -7
leaf_value=0.0020239229584465986 0.0031069867959149415 -0.01006232220357739 -0.0029171302240504561 0.0045684274863147245 0.0017472284017926709 -0.0014157750170659816
leaf_weight=21 20 253 28 29 20 97
leaf_count=21 20 253 28 29 20 97
internal_value=-0.000110922 -0.000227273 0.000104699 0.000764781 8.19671e-05 -0.000311448
internal_weight=468 448 195 77 48 118
internal_count=468 448 195 77 48 118
is_linear=0
shrinkage=0.01


Tree=52
num_leaves=9
num_cat=0
split_feature=15 15 54 2 42 0 13 13
split_gain=1.40464 0.204861 0.378413 0.374371 0.145139 0.191897 0.0448367 0.029128
threshold=0.76214888550000015 0.71916755950000011 2.3900008200000005 0.28056778550000006 0.25000000750000007 0.28062749300000006 0.54564147500000015 0.72424245000000009
decision_type=2 2 2 2 2 2 2 2
left_child=1 4 3 -3 6 -6 -1 -4
right_child=-2 2 7 -5 5 -7 -8 -9
leaf_value=-0.0044783401421467483 0.0028986730714356534 0.0055838108253451566 -0.0027660539195899897 -0.00053217191844492874 0.0016138753067709505 -0.0034751678088569466 -0.0044761607607551913 -0.0022265645631944493
leaf_weight=20 25 20 20 22 20 25 265 49
leaf_count=20 25 20 20 22 20 25 265 49
internal_value=-0.000109255 -0.000245586 0.000111807 0.000864486 -0.000371826 0.000120087 -0.000456613 -0.00032235
internal_weight=466 441 111 42 330 45 285 69
internal_count=466 441 111 42 330 45 285 69
is_linear=0
shrinkage=0.01


Tree=53
num_leaves=7
num_cat=0
split_feature=16 86 22 17 16 40
split_gain=0.971343 0.595449 0.613808 0.0702259 0.0686894 0.045791
threshold=0.75045346700000015 130.16331580000002 1.700000001 140.19000000000003 0.6776522140000002 15.749999955000002
decision_type=2 2 2 2 2 2
left_child=1 3 -3 5 -5 -1
right_child=-2 2 -4 4 -6 -7
leaf_value=-0.0053443723358817599 0.0066202476563863447 -0.0008077388349472639 0.0059628512794178282 -0.015087496583831335 0.0013760667493820189 -0.00088932122942779902
leaf_weight=330 26 35 24 23 20 20
leaf_count=330 26 35 24 23 20 20
internal_value=-0.000160819 -0.000273852 0.000643813 -0.000417725 0 -0.000464652
internal_weight=478 452 59 393 43 350
internal_count=478 452 59 393 43 350
is_linear=0
shrinkage=0.01


Tree=54
num_leaves=6
num_cat=0
split_feature=17 15 28 88 10
split_gain=1.00564 1.14906 0.3798 0.104186 0.0456805
threshold=130.56500000000003 0.71916755950000011 2.5642857210000005 26.831538410000004 0.48367490500000004
decision_type=2 2 2 10 2
left_child=2 -2 3 4 -1
right_child=1 -3 -4 -5 -6
leaf_value=-0.0064158943855937524 -0.0041752738832374278 0.0030034781519510841 0.0019835576857770653 -0.00022680160847219814 -0.0035159723385290581
leaf_weight=20 35 29 31 30 321
leaf_count=20 35 29 31 30 321
internal_value=-0.000130677 0.00101852 -0.000320258 -0.000412856 -0.000463722
internal_weight=466 64 402 371 341
internal_count=466 64 402 371 341
is_linear=0
shrinkage=0.01


Tree=55
num_leaves=7
num_cat=0
split_feature=16 79 5 72 42 11
split_gain=1.00786 0.346875 0.458304 1.00953 0.242127 0.0442108
threshold=0.75253400000000015 8.6478572235000026 0.43137941450000006 5.5442857725000012 0.25000000750000007 0.49903595750000007
decision_type=2 2 2 2 2 2
left_child=1 2 4 -4 -1 -3
right_child=-2 5 3 -5 -6 -7
leaf_value=-0.001619764305975023 0.0027884163587645165 -0.0044170734645132218 0.0032725061820434572 -0.00080378737370503603 0.005382870963925218 -0.0065551591409734279
leaf_weight=92 24 20 22 35 25 234
leaf_count=92 24 20 22 35 25 234
internal_value=-9.71733e-05 -0.000214552 0.000120137 0.000856401 -0.000224958 -0.000451334
internal_weight=452 428 174 57 117 254
internal_count=452 428 174 57 117 254
is_linear=0
shrinkage=0.01


Tree=56
num_leaves=9
num_cat=0
split_feature=16 88 59 1 87 11 16 22
split_gain=1.29146 0.576273 0.564215 0.929576 0.106886 0.0530455 0.0990534 0.179847
threshold=0.75045346700000015 24.358773140000004 40.339999675000008 0.25285307150000008 25.560182840000007 0.60369364300000006 0.61853421400000008 1.8428571180000002
decision_type=2 10 2 2 10 2 2 2
left_child=1 5 3 -3 -4 6 -1 -8
right_child=-2 2 4 -5 -6 -7 7 -9
leaf_value=-0.0089538929867914382 0.0027223876234580696 0.0047872466061761355 0.0018567671808977194 -0.00055683053940289075 -0.00090215792709512138 -0.0057303382712481348 0.0017445880015494208 -0.0048683370267962947
leaf_weight=54 32 31 20 20 46 215 20 22
leaf_count=54 32 31 20 20 46 215 20 22
internal_value=-1.73612e-05 -0.000167911 0.000420204 0.00120656 -0.000164671 -0.000396087 -0.000165289 0.000163551
internal_weight=460 428 117 51 66 311 96 42
internal_count=460 428 117 51 66 311 96 42
is_linear=0
shrinkage=0.01


Tree=57
num_leaves=7
num_cat=0
split_feature=54 76 44 88 23 42
split_gain=0.815987 0.728258 1.06922 0.26658 0.352686 0.0927066
threshold=2.1300001145000005 15.862142835000002 2.7000000030000004 26.400421500000004 1.8642857075000003 0.75000000000000011
decision_type=2 2 2 10 2 2
left_child=1 2 -1 5 -5 -2
right_child=3 -3 -4 4 -6 -7
leaf_value=0.0015811100653513599 -0.005183450338262667 -0.0021833480528403136 0.0074188743860577923 0.003349019705795076 -0.0016535064364912111 -0.00032770168734657268
leaf_weight=27 297 28 20 20 23 37
leaf_count=27 297 28 20 20 23 37
internal_value=-0.000141343 0.000798153 0.00155858 -0.000334833 0.000376712 -0.000433095
internal_weight=452 75 47 377 43 334
internal_count=452 75 47 377 43 334
is_linear=0
shrinkage=0.01


Tree=58
num_leaves=6
num_cat=0
split_feature=15 86 77 25 59
split_gain=1.79316 0.386143 0.57182 0.234047 0.122334
threshold=0.75473470250000008 131.61942115000002 12.947857175000001 4.1857143300000006 34.810000895000009
decision_type=2 2 2 2 2
left_child=1 3 -3 4 -1
right_child=-2 2 -4 -5 -6
leaf_value=-0.0013889130738773861 0.0046787406451483772 -0.0038020035829755246 0.006473162562831267 0.0035919050749534556 -0.0044840740549743872
leaf_weight=28 33 23 20 29 346
leaf_count=28 33 23 20 29 346
internal_value=-9.89997e-05 -0.000270815 0.000605023 -0.000370233 -0.000440235
internal_weight=479 446 43 403 374
internal_count=479 446 43 403 374
is_linear=0
shrinkage=0.01


Tree=59
num_leaves=7
num_cat=0
split_feature=14 86 77 24 31 44
split_gain=1.22248 0.362473 0.57182 0.156504 0.168716 0.188056
threshold=0.77332535700000016 131.66297095000002 12.947857175000001 2.4714285735000003 4.4142857280000003 3.2999999895000003
decision_type=2 2 2 2 2 2
left_child=1 3 -3 4 -1 -6
right_child=-2 2 -4 -5 5 -7
leaf_value=-0.0039662597109952217 0.0023042957184411447 -0.0045664535369839649 0.0064084309372029625 0.00021642457232737514 0.005438716618622004 -0.011726910113112683
leaf_weight=311 21 23 20 38 20 24
leaf_count=311 21 23 20 38 20 24
internal_value=-0.000123416 -0.000242674 0.000605023 -0.000341544 -0.000408938 0.000133928
internal_weight=457 436 43 393 355 44
internal_count=457 436 43 393 355 44
is_linear=0
shrinkage=0.01


Tree=60
num_leaves=8
num_cat=0
split_feature=49 79 62 5 46 18 1
split_gain=0.471312 0.640905 0.238065 0.104916 0.0990765 0.0446307 0.0343882
threshold=0.60000001650000001 8.350000041000003 0.90500020950000015 0.47427250000000004 9.899999719000002 1.0642857125000003 0.18384850000000003
decision_type=2 2 2 2 2 2 2
left_child=4 -2 -3 6 -1 -6 -4
right_child=1 2 3 -5 5 -7 -8
leaf_value=-0.0001793484966543871 0.0027050778611522486 0.0053765910286311834 -0.0068465606574026365 0.0015445509802996993 -0.0060307110848122278 -0.0038063575969519803 -0.0016729292231762013
leaf_weight=30 26 29 20 20 254 20 73
leaf_count=30 26 29 20 20 254 20 73
internal_value=-0.000156515 0.000260663 0 -0.00021529 -0.000393701 -0.000454876 -0.000367804
internal_weight=472 168 142 113 304 274 93
internal_count=472 168 142 113 304 274 93
is_linear=0
shrinkage=0.01


Tree=61
num_leaves=8
num_cat=0
split_feature=16 16 24 73 39 25 40
split_gain=0.914486 0.415013 0.674421 0.800402 0.279196 0.0440238 0.038503
threshold=0.75045346700000015 0.66486142900000011 2.2571428545000005 8.5114284580000028 0.70000002150000007 4.1785714625000008 11.750000140000003
decision_type=2 2 2 2 2 2 2
left_child=1 5 4 -4 -3 -1 -6
right_child=-2 2 3 -5 6 -7 -8
leaf_value=-0.010055620606844467 0.00249792215968659 0.003006062388197886 0.0077702080899279581 -0.00042363847586333176 -0.0013060691220602141 -0.0096095411893926605 -0.00080666744011326577
leaf_weight=226 25 21 34 31 107 20 20
leaf_count=226 25 21 34 31 107 20 20
internal_value=-6.18813e-05 -0.000168552 0.000147334 0.000995441 -0.000215054 -0.000449757 -0.000402974
internal_weight=484 459 213 65 148 246 127
internal_count=484 459 213 65 148 246 127
is_linear=0
shrinkage=0.01


Tree=62
num_leaves=7
num_cat=0
split_feature=15 76 86 58 40 29
split_gain=1.13988 0.332118 0.200428 0.40407 0.137582 0.168843
threshold=0.75473470250000008 14.97285727 73.069060915000009 1.6600003240000001 12.800000015000002 2.9285714205000004
decision_type=2 2 2 2 2 2
left_child=1 -1 3 -3 -4 -6
right_child=-2 2 4 -5 5 -7
leaf_value=0.003931142885586836 0.0024403508976951088 -0.0054266011275492122 -0.0029330794205517379 0.0072640863629938402 3.6671375105791794e-05 -0.0023242436613650835
leaf_weight=30 37 31 290 20 23 30
leaf_count=30 37 31 290 20 23 30
internal_value=-8.33695e-05 -0.000235405 -0.000316616 0.000241313 -0.000405759 2.78809e-05
internal_weight=461 424 394 51 343 53
internal_count=461 424 394 51 343 53
is_linear=0
shrinkage=0.01


Tree=63
num_leaves=8
num_cat=0
split_feature=13 16 67 3 45 10 0
split_gain=1.21966 0.44566 0.566308 1.13409 0.245055 0.0440238 0.0337027
threshold=0.76785089400000006 0.6776522140000002 45.739999295000004 0.31625114250000003 7.9999999740000005 0.49315400000000004 0.083115948000000009
decision_type=2 2 2 2 2 2 2
left_child=1 5 6 -4 -5 -1 -3
right_child=-2 2 3 4 -6 -7 -8
leaf_value=-0.0059370715983558635 0.0026733708672344683 -0.0014760516276813474 0.009591424391304719 0.0018493845505250597 -0.0012440534888116506 -0.0095450056079393903 -0.00076008295086472835
leaf_weight=20 20 20 31 20 44 226 69
leaf_count=20 20 20 31 20 44 226 69
internal_value=-5.10205e-05 -0.000169452 0.000194805 0.000735908 -1.17738e-10 -0.000449757 -0.000361915
internal_weight=450 430 184 95 64 246 89
internal_count=450 430 184 95 64 246 89
is_linear=0
shrinkage=0.01


Tree=64
num_leaves=6
num_cat=0
split_feature=16 40 54 13 28
split_gain=0.58502 0.975563 0.159447 0.0398682 0.0452961
threshold=0.71026214300000012 8.349999964500002 2.0700001720000007 0.54564147500000015 2.0142857265000003
decision_type=2 2 2 2 2
left_child=3 -2 -3 -1 -5
right_child=1 2 -4 4 -6
leaf_value=-0.0040878623371039162 0.0059257062593718081 0.0010642514926156243 -0.0010607470499687465 -1.5365264885902898e-05 -0.005031153692953769
leaf_weight=20 33 31 61 20 293
leaf_count=20 33 31 61 20 293
internal_value=-0.000211421 0.000361685 -0.000150862 -0.000432894 -0.000460485
internal_weight=458 125 92 333 313
internal_count=458 125 92 333 313
is_linear=0
shrinkage=0.01


Tree=65
num_leaves=7
num_cat=0
split_feature=15 49 24 15 11 59
split_gain=1.10395 0.36442 0.328264 0.719734 0.304348 0.0425115
threshold=0.76214888550000015 0.60000001650000001 2.2642857260000002 0.71916755950000011 0.59528388100000018 34.105000495000006
decision_type=2 2 2 2 2 2
left_child=1 5 4 -4 -3 -1
right_child=-2 2 3 -5 -6 -7
leaf_value=-0.0080228555705211726 0.0024240110869360905 0.0034939119333620193 -0.0027039236661028383 0.005181856298438996 -0.0046745441748058123 -0.0037811110714062231
leaf_weight=21 23 20 32 21 82 274
leaf_count=21 23 20 32 21 82 274
internal_value=-0.000136134 -0.000250666 0.000131579 0.000771375 -0.000184825 -0.00045808
internal_weight=473 450 155 53 102 295
internal_count=473 450 155 53 102 295
is_linear=0
shrinkage=0.01


Tree=66
num_leaves=6
num_cat=0
split_feature=88 62 6 59 24
split_gain=0.634912 1.55469 0.303354 0.155913 0.0456165
threshold=24.358773140000004 0.90500020950000015 0.52418547150000017 33.730000020000006 1.8785714210000002
decision_type=10 2 2 2 2
left_child=3 -2 -3 -1 -5
right_child=1 2 -4 4 -6
leaf_value=0.0016425228400123893 0.0064846424110685565 -0.0018265596524430822 0.0014988170142631384 -0.00072447172749217921 -0.0044462190755016175
leaf_weight=20 30 81 20 20 316
leaf_count=20 30 81 20 20 316
internal_value=-0.000187577 0.000398331 -0.000181729 -0.000409193 -0.000463183
internal_weight=487 131 101 356 336
internal_count=487 131 101 356 336
is_linear=0
shrinkage=0.01


Tree=67
num_leaves=7
num_cat=0
split_feature=17 16 75 17 0 88
split_gain=1.08612 1.00911 0.249139 0.604835 0.195577 0.133117
threshold=130.56500000000003 0.7145063570000002 4.919285748500001 16.420000000000005 0.22560706600000005 26.638826860000005
decision_type=2 2 2 2 2 10
left_child=2 4 3 -1 -2 -5
right_child=1 -3 -4 5 -6 -7
leaf_value=0.010137255541006361 -0.0043749413157917923 0.0029007465041634645 -0.0041677198291159316 -0.0026929556748382091 0.0013420401723003273 0.00031404367054419402
leaf_weight=24 26 24 260 83 20 20
leaf_count=24 26 24 260 83 20 20
internal_value=-0.000101573 0.00103107 -0.000313306 3.52111e-05 0.000106837 -0.000284201
internal_weight=457 70 387 127 46 103
internal_count=457 70 387 127 46 103
is_linear=0
shrinkage=0.01


Tree=68
num_leaves=8
num_cat=0
split_feature=16 61 86 17 13 26 26
split_gain=1.84867 0.435324 0.445082 0.216592 0.041329 0.00914464 0.0149213
threshold=0.75706978600000008 20.080000875000003 131.61942115000002 84.260000000000019 0.54564147500000015 3.6999999630000002 3.5642857210000005
decision_type=2 2 2 2 2 2 2
left_child=1 -1 4 -4 -3 6 -6
right_child=-2 2 3 -5 5 -7 -8
leaf_value=0.0013356295938721831 0.0078719648158654641 -0.0057305195170716042 -0.0001093449414240607 0.0030040513483325188 -0.0076628175866935242 -0.0039352993606371189 -0.00076705641492446914
leaf_weight=25 20 20 23 20 22 328 21
leaf_count=25 20 20 23 20 22 328 21
internal_value=-0.000119842 -0.000255546 -0.000333487 0.000605023 -0.000442828 -0.000466649 -0.000216895
internal_weight=479 459 434 43 391 371 43
internal_count=479 459 434 43 391 371 43
is_linear=0
shrinkage=0.01


Tree=69
num_leaves=7
num_cat=0
split_feature=16 16 24 34 60 25
split_gain=1.18526 0.417066 0.644309 0.961419 0.152575 0.0437461
threshold=0.75045346700000015 0.6776522140000002 2.2571428545000005 3.5357142855000006 27.315001010000007 4.1571429120000003
decision_type=2 2 2 2 2 2
left_child=1 5 4 -4 -3 -1
right_child=-2 2 3 -5 -6 -7
leaf_value=-0.0086774549052036597 0.0021893880095502018 -0.0017519930468618003 0.0069649784214552805 -0.0005982902223533661 1.9155601862438406e-05 -0.0075152632952664366
leaf_weight=215 27 79 20 35 35 20
leaf_count=215 27 79 20 35 35 20
internal_value=-3.12646e-05 -0.000172925 0.000197291 0.00108423 -0.00021777 -0.000447413
internal_weight=431 404 169 55 114 235
internal_count=431 404 169 55 114 235
is_linear=0
shrinkage=0.01


Tree=70
num_leaves=7
num_cat=0
split_feature=49 22 10 17 34 3
split_gain=1.09745 1.78459 0.659453 0.332588 0.0401432 0.0304949
threshold=1.0499999970000002 1.7071428595000002 0.68637821450000014 140.19000000000003 3.5714285710000007 0.33156342850000003
decision_type=2 2 2 2 2 2
left_child=3 2 5 4 -1 -2
right_child=1 -3 -4 -5 -6 -7
leaf_value=-0.00050520250885672689 -0.0050947247637271901 0.0098440726027870535 0.0034257239227954116 0.001374417658461274 -0.0037471837914217934 -0.00033604009446074989
leaf_weight=22 54 23 30 37 281 20
leaf_count=22 54 23 30 37 281 20
internal_value=-4.59599e-05 0.000739437 0.000152672 -0.000346244 -0.000459184 -0.000334225
internal_weight=467 127 104 340 303 74
internal_count=467 127 104 340 303 74
is_linear=0
shrinkage=0.01


Tree=71
num_leaves=7
num_cat=0
split_feature=15 45 33 66 10 40
split_gain=1.23553 0.233041 0.395414 0.303605 0.038385 0.0445315
threshold=0.76214888550000015 8.3000000120000017 3.9999999830000004 78.480001450000017 0.48367490500000004 15.749999955000002
decision_type=2 2 2 2 2 2
left_child=1 2 3 -1 -3 -6
right_child=-2 4 -4 -5 5 -7
leaf_value=-0.0017487439020790773 0.0021471598713084122 -0.0038081814174260554 0.0032209807841382439 0.0010426106468829016 -0.0060828477257290807 -0.0031700011396919598
leaf_weight=85 28 20 20 33 249 20
leaf_count=85 28 20 20 33 249 20
internal_value=-0.000121764 -0.000260636 6.48414e-05 -0.000143098 -0.000422705 -0.00045404
internal_weight=455 427 138 118 289 269
internal_count=455 427 138 118 289 269
is_linear=0
shrinkage=0.01


Tree=72
num_leaves=8
num_cat=0
split_feature=16 20 88 73 40 11 11
split_gain=1.30646 0.920028 0.290473 0.218374 0.362254 0.114344 0.0452047
threshold=0.74675730950000008 1.6999999925000002 28.601284495000005 8.5407144000000006 8.850000102000001 0.60369364300000006 0.48925350000000006
decision_type=2 2 10 2 2 2 2
left_child=2 -2 3 4 -1 -6 -5
right_child=1 -3 -4 6 5 -7 -8
leaf_value=0.0065316972561866686 -0.00053783079390095604 0.0073724122118428142 0.0031887709762968537 -0.01010297541859745 0.0013310783311502635 -0.0010496168989798168 -0.0032295270615523976
leaf_weight=22 20 22 20 20 21 62 287
leaf_count=22 20 22 20 20 21 62 287
internal_value=-9.47769e-05 0.00156542 -0.000263401 -0.000324613 5.19848e-05 -0.000232697 -0.000459714
internal_weight=474 42 432 412 105 83 307
internal_count=474 42 432 412 105 83 307
is_linear=0
shrinkage=0.01


Tree=73
num_leaves=8
num_cat=0
split_feature=14 88 51 16 18 33 6
split_gain=1.23653 0.517823 0.924252 0.215051 0.14387 0.0846597 0.0615385
threshold=0.76830135700000002 24.358773140000004 3.7000000850000005 0.71026214300000012 1.0642857125000003 4.2714286360000004 0.45330835750000004
decision_type=2 10 2 2 2 2 2
left_child=1 4 -3 -4 5 -1 -7
right_child=-2 2 3 -5 -6 6 -8
leaf_value=-0.0053765919131227857 0.0022894179773168266 0.0058552138178136542 -0.0026931999944423829 0.0012915727214241352 0.001687349526758356 0.0021223464903935008 -0.0055548108331785473
leaf_weight=282 20 20 51 36 20 20 20
leaf_count=282 20 20 51 36 20 20 20
internal_value=-6.91785e-05 -0.000183415 0.000412801 -1.70844e-05 -0.000376313 -0.000430607 0
internal_weight=469 449 107 87 342 322 40
internal_count=469 449 107 87 342 322 40
is_linear=0
shrinkage=0.01


Tree=74
num_leaves=8
num_cat=0
split_feature=15 88 77 28 7 24 1
split_gain=0.982891 0.440177 0.828928 0.117179 0.102217 0.0766726 0.0686894
threshold=0.75473470250000008 25.919245905000004 12.937142885000002 2.4285714375 0.55696314300000005 2.4714285735000003 0.23523003550000002
decision_type=2 10 2 2 2 2 2
left_child=1 3 4 5 -3 -1 -7
right_child=-2 2 -4 -5 -6 6 -8
leaf_value=-0.0041395099068984569 0.0020210482841765262 -0.0042091752757660852 0.0056201794976949602 0.00040237048459421386 0.0013749082080436587 0.00059496837765815385 -0.0086658933684269392
leaf_weight=269 32 42 22 24 20 20 23
leaf_count=269 32 42 22 24 20 20 23
internal_value=-7.50885e-05 -0.000209126 0.000424528 -0.000374109 -0.000143312 -0.000428389 0
internal_weight=452 420 84 336 62 312 43
internal_count=452 420 84 336 62 312 43
is_linear=0
shrinkage=0.01


Tree=75
num_leaves=7
num_cat=0
split_feature=15 17 46 54 75 59
split_gain=1.12935 0.409951 0.545563 0.243985 0.309367 0.045779
threshold=0.75473470250000008 140.19000000000003 13.700000125000001 2.0700001720000007 4.7471428950000005 34.105000495000006
decision_type=2 2 2 2 2 2
left_child=1 3 -3 4 -1 -5
right_child=-2 2 -4 5 -6 -7
leaf_value=-0.0028938363876358409 0.0050601450729511653 0.0013801066323911621 -0.007969742538625299 -0.007299860997536425 0.0011722184149642139 -0.0031366757616618736
leaf_weight=27 30 20 36 20 23 329
leaf_count=27 30 20 36 20 23 329
internal_value=-0.000124537 -0.000253401 0.000528169 -0.000368935 0.000255905 -0.000464551
internal_weight=485 455 56 399 50 349
internal_count=485 455 56 399 50 349
is_linear=0
shrinkage=0.01


Tree=76
num_leaves=7
num_cat=0
split_feature=16 86 17 17 88 86
split_gain=0.884568 0.306992 0.288982 0.132534 0.0909628 0.21766
threshold=0.75706978600000008 131.61942115000002 68.960000000000022 6.6450000000000005 24.358773140000004 99.192172740000018
decision_type=2 2 2 2 10 2
left_child=1 3 -3 -1 -5 -6
right_child=-2 2 -4 4 5 -7
leaf_value=0.00013973582173493492 0.0022646233319966536 -0.0008334686614338057 0.0024770481601866612 -0.0052531474669256853 0.0044666530553906982 -0.0017065884690407023
leaf_weight=21 20 21 30 306 23 51
leaf_count=21 20 21 30 306 23 51
internal_value=-0.000177665 -0.000273852 0.000434363 -0.000369587 -0.000414916 -6.6845e-05
internal_weight=472 452 51 401 380 74
internal_count=472 452 51 401 380 74
is_linear=0
shrinkage=0.01


Tree=77
num_leaves=9
num_cat=0
split_feature=14 28 24 10 51 10 62 7
split_gain=0.805064 0.373181 0.663963 0.170022 0.126282 0.103953 0.174731 0.0180012
threshold=0.77332535700000016 2.4285714375 2.2428571245000004 0.70842802400000016 1.2000000405000002 0.61324871400000014 0.65999984750000007 0.54527407150000007
decision_type=2 2 2 2 2 2 2 2
left_child=1 3 7 4 5 6 -1 -3
right_child=-2 2 -4 -5 -6 -7 -8 -9
leaf_value=-0.00071316238542801355 0.0021730656306524344 -0.0052163315133936985 0.0093338034100763582 0.0013622608803528363 -0.0040559525315622593 -9.4660674293442214e-05 0.0017170268862389672 -0.0014809493890007319
leaf_weight=21 20 24 25 33 255 38 30 20
leaf_count=21 20 24 25 33 255 38 30 20
internal_value=-8.78322e-05 -0.000181289 0.000479943 -0.000308364 -0.00037703 -2.78398e-05 0.000241313 -0.000223214
internal_weight=466 446 69 377 344 89 51 44
internal_count=466 446 69 377 344 89 51 44
is_linear=0
shrinkage=0.01


Tree=78
num_leaves=8
num_cat=0
split_feature=16 16 3 3 51 11 0
split_gain=1.13207 0.298185 0.329567 1.08017 0.239852 0.0441421 0.0235968
threshold=0.75706978600000008 0.6776522140000002 0.31433675000000005 0.29333092850000003 5.7000000775000013 0.48925350000000006 0.100386875
decision_type=2 2 2 2 2 2 2
left_child=1 5 3 6 -4 -1 -3
right_child=-2 2 4 -5 -6 -7 -8
leaf_value=-0.0037430359725865105 0.0071575236250635459 -0.0027694564030201737 -0.0010583225504937049 0.0060567751728019181 0.0011225390806180618 -0.0096436383399394338 -0.00022514805471309131
leaf_weight=20 22 34 105 30 26 231 20
leaf_count=20 22 34 105 30 26 231 20
internal_value=-0.000106383 -0.000216367 4.8656e-05 0.000542453 -0.000254173 -0.000450755 -0.000273723
internal_weight=488 466 215 84 131 251 54
internal_count=488 466 215 84 131 251 54
is_linear=0
shrinkage=0.01


Tree=79
num_leaves=8
num_cat=0
split_feature=49 22 9 59 40 2 4
split_gain=0.981666 0.958958 0.742508 0.14268 0.0766219 0.0686894 0.0288315
threshold=1.0499999970000002 1.700000001 0.68190582500000019 34.105000495000006 12.800000015000002 0.28765000000000002 0.35720235700000008
decision_type=2 2 2 2 2 2 2
left_child=3 2 6 -1 -5 -6 -2
right_child=1 -3 -4 4 5 -7 -8
leaf_value=0.0016878429645542925 -0.0032642318240800432 0.0045008395687111749 0.0019513348163605448 -0.0028345976424855295 1.7224709555585301e-05 -0.00075103738760147335 3.7779852147472037e-05
leaf_weight=20 48 27 20 268 20 23 20
leaf_count=20 48 27 20 268 20 23 20
internal_value=-9.17638e-05 0.000695164 0.000157658 -0.000372212 -0.000428159 0 -0.000319768
internal_weight=446 115 88 331 311 43 68
internal_count=446 115 88 331 311 43 68
is_linear=0
shrinkage=0.01


Tree=80
num_leaves=7
num_cat=0
split_feature=49 7 76 88 49 0
split_gain=0.528693 0.938432 0.211144 0.130604 0.103146 0.0216024
threshold=1.9000000135000001 0.54593564300000008 14.97285727 28.600154440000004 1.1000000085000001 0.092710708500000016
decision_type=2 2 2 10 2 2
left_child=2 5 -1 4 -4 -2
right_child=1 -3 3 -5 -6 -7
leaf_value=0.00084294955522933566 -0.0071518153765795867 0.0031358605768297787 -0.0034807165135884374 -8.5533114560871934e-05 -0.0021236915671892019 -0.0042670447004878546
leaf_weight=28 30 32 296 22 33 20
leaf_count=28 30 32 296 22 33 20
internal_value=-0.000148333 0.000567633 -0.000309373 -0.000379477 -0.00043208 -0.000255906
internal_weight=461 82 379 351 329 50
internal_count=461 82 379 351 329 50
is_linear=0
shrinkage=0.01


Tree=81
num_leaves=8
num_cat=0
split_feature=11 23 23 1 13 33 12
split_gain=0.679101 0.320493 0.550043 0.783175 0.242753 0.159209 0.0825037
threshold=0.74384046450000019 1.8714285705000002 1.8214285545000002 0.22386785700000003 0.72299600000000008 4.1571428265000003 0.72690630950000013
decision_type=2 2 2 2 2 2 2
left_child=1 2 4 -4 -1 -3 -6
right_child=-2 5 3 -5 6 -7 -8
leaf_value=-0.00063415558075269676 0.0017972282587612911 -0.0067738857361596769 -0.0014290909998385703 0.0015854813863009432 0.0019883712032093682 0.008841156834099374 -0.00074011884143224409
leaf_weight=98 22 209 24 37 20 20 21
leaf_count=98 22 209 24 37 20 20 21
internal_value=-5.20143e-05 -0.000145417 0.000139442 0.000930421 -0.00019671 -0.000402524 0.00041866
internal_weight=451 429 200 61 139 229 41
internal_count=451 429 200 61 139 229 41
is_linear=0
shrinkage=0.01


Tree=82
num_leaves=5
num_cat=1
split_feature=16 89 3 61
split_gain=0.865099 0.178727 0.538507 0.124806
threshold=0.75301769650000006 0 0.31040042850000005 20.080000875000003
decision_type=2 1 2 2
left_child=1 2 -1 -3
right_child=-2 3 -4 -5
leaf_value=0.0088642178964317905 0.0073913385585264273 0.00075608872727553626 -0.00066374116739129779 -0.0025428761918979549
leaf_weight=38 21 27 68 303
leaf_count=38 21 27 68 303
internal_value=-0.000210791 -0.000311355 4.28081e-05 -0.000419601
internal_weight=457 436 106 330
internal_count=457 436 106 330
cat_boundaries=0 1
cat_threshold=537136130
is_linear=0
shrinkage=0.01


Tree=83
num_leaves=8
num_cat=0
split_feature=15 76 17 23 86 36 40
split_gain=1.0366 0.368324 0.159783 0.298036 0.105074 0.0384998 0.0395933
threshold=0.74893435700000011 14.97285727 113.62500000000001 1.8857142885000002 70.137508020000013 2.1499999765000006 15.949999745000001
decision_type=2 2 2 2 2 2 2
left_child=1 -1 4 -4 -3 6 -6
right_child=-2 2 3 -5 5 -7 -8
leaf_value=0.0045226444670951032 0.0016604356006271939 -0.00066836526489694658 0.0028462762028238177 -0.0086006880737564198 -0.003396999670308693 -0.00057025428474184368 -0.00085548638429240511
leaf_weight=26 38 26 37 40 250 20 22
leaf_count=26 38 26 37 40 250 20 22
internal_value=-3.80601e-05 -0.000186107 -0.000266549 0.000122108 -0.000367001 -0.000423497 -0.000454546
internal_weight=459 421 395 77 318 292 272
internal_count=459 421 395 77 318 292 272
is_linear=0
shrinkage=0.01


Tree=84
num_leaves=8
num_cat=0
split_feature=16 16 17 75 75 11 1
split_gain=0.929563 0.346738 0.478458 0.215514 0.553538 0.0438244 0.0272148
threshold=0.75253400000000015 0.66486142900000011 140.19000000000003 4.9721428095000002 4.7471428950000005 0.49903595750000007 0.24515347600000001
decision_type=2 2 2 2 2 2 2
left_child=1 5 3 4 6 -1 -3
right_child=-2 2 -4 -5 -6 -7 -8
leaf_value=-0.0036180273356121151 0.0016175297529331112 -0.00043458566876156015 0.001704392217387119 -0.0024296501123440483 0.0012261661732166417 -0.0093988057176033479 -0.00027285604179073453
leaf_weight=20 25 20 34 84 32 218 43
leaf_count=20 25 20 34 84 32 218 43
internal_value=-7.55035e-05 -0.000184816 0.000100561 -9.73305e-05 0.000213987 -0.000448074 -0.000305643
internal_weight=476 451 213 179 95 238 63
internal_count=476 451 213 179 95 238 63
is_linear=0
shrinkage=0.01


Tree=85
num_leaves=7
num_cat=0
split_feature=57 24 16 24 3 10
split_gain=0.995314 0.936112 0.730545 0.492599 0.130205 0.0445517
threshold=2.7749996185000003 2.2571428545000005 0.71314414300000017 1.8857142755000003 0.35320377100000006 0.48809821400000003
decision_type=2 2 2 2 2 2
left_child=1 3 -3 -1 -5 -2
right_child=5 2 -4 4 -6 -7
leaf_value=0.0014065058846859703 -0.0035818470622559916 0.00050179146132695918 0.0027380405177294203 -0.00061988887182900989 0.0014569228151755384 -0.0059974559401019855
leaf_weight=26 20 21 21 70 38 250
leaf_count=26 20 21 21 70 38 250
internal_value=-6.93824e-05 0.00050905 0.00179907 8.16023e-05 -0.000202206 -0.00045421
internal_weight=446 176 42 134 108 270
internal_count=446 176 42 134 108 270
is_linear=0
shrinkage=0.01


Tree=86
num_leaves=8
num_cat=0
split_feature=88 59 7 73 59 7 7
split_gain=0.694464 0.817433 0.816826 1.05773 0.239407 0.118074 0.0451096
threshold=23.911657220000006 40.370000365000003 0.54593564300000008 8.5114284580000028 34.214999675000008 0.49109864250000007 0.4140623570000001
decision_type=10 2 2 2 2 2 2
left_child=4 2 -2 -4 -1 -3 -6
right_child=1 5 3 -5 6 -7 -8
leaf_value=0.0048346710990670892 -0.00036352020858521696 0.00062871538565960285 0.0030766113779780182 0.00013999489023255749 -2.7368020386586702e-05 -0.0015076704330836931 -0.0050297647336309103
leaf_weight=29 26 20 20 20 20 58 281
leaf_count=29 26 20 20 20 20 58 281
internal_value=-0.000115838 0.000455801 0.00127245 0.00215686 -0.000371826 -0.000215736 -0.000458913
internal_weight=474 144 66 40 330 78 301
internal_count=474 144 66 40 330 78 301
is_linear=0
shrinkage=0.01


Tree=87
num_leaves=7
num_cat=0
split_feature=16 50 75 60 2 1
split_gain=0.714859 0.464924 0.270278 0.494962 0.572797 0.0799496
threshold=0.75253400000000015 11.800000175000003 5.0242856460000009 28.459999560000004 0.28476309500000002 0.28686164250000007
decision_type=2 2 2 2 2 2
left_child=1 2 3 -1 -5 -6
right_child=-2 -3 -4 4 5 -7
leaf_value=-0.0022292803800672565 0.0015396476512807217 0.0011689800465981869 -0.0055529146041568365 0.0048516546811129511 -0.00037223309918415533 0.00020443381036392263
leaf_weight=89 22 22 236 31 28 20
leaf_count=89 22 22 236 31 28 20
internal_value=-9.3583e-05 -0.000189785 -0.000271739 2.36966e-05 0.000607769 -4.09837e-05
internal_weight=448 426 404 168 79 48
internal_count=448 426 404 168 79 48
is_linear=0
shrinkage=0.01


Tree=88
num_leaves=7
num_cat=0
split_feature=86 22 17 46 28 26
split_gain=1.23472 0.814143 0.389348 1.03915 0.178614 0.0451734
threshold=131.48502525000004 1.6999999840000004 130.56500000000003 13.100000120000002 2.4285714375 4.2071428640000006
decision_type=2 2 2 2 2 2
left_child=2 -2 4 -4 5 -1
right_child=1 -3 3 -5 -6 -7
leaf_value=-0.0037888489063870605 0.0003427743022272299 0.0045794155251012722 0.0016224342404362808 -0.0056302268733422148 0.0067755243313330892 -2.7757032631509083e-05
leaf_weight=285 31 29 20 38 38 20
leaf_count=285 31 29 20 38 38 20
internal_value=-4.00608e-05 0.00128289 -0.000245147 0.000493197 -0.000376673 -0.000459451
internal_weight=461 60 401 58 343 305
internal_count=461 60 401 58 343 305
is_linear=0
shrinkage=0.01


Tree=89
num_leaves=9
num_cat=0
split_feature=88 59 27 7 28 7 16 24
split_gain=0.701574 0.81163 0.771868 0.352686 0.165495 0.15014 0.112937 0.0420122
threshold=24.358773140000004 40.370000365000003 3.8357142550000005 0.55824983950000007 2.0142857265000003 0.41203264750000007 0.72378202350000009 1.8857142755000003
decision_type=10 2 2 2 2 2 2 2
left_child=4 2 -2 -4 -1 -6 -3 -7
right_child=1 6 3 -5 5 7 -8 -9
leaf_value=0.00040905858544865739 0.00418323395662066 -0.0041869357430924176 -0.00085409497855616374 0.0021268643972588166 0.0085320795578170457 -0.00059556163216224029 0.0014099221002347013 -0.005794593593061702
leaf_weight=34 28 52 23 20 20 21 20 247
leaf_count=34 28 52 23 20 20 21 20 247
internal_value=-4.40104e-05 0.000531989 0.0012883 0.000376712 -0.000306692 -0.000387812 -0.000192308 -0.000453869
internal_weight=465 143 71 43 322 288 72 268
internal_count=465 143 71 43 322 288 72 268
is_linear=0
shrinkage=0.01


Tree=90
num_leaves=8
num_cat=0
split_feature=16 86 25 25 48 26 67
split_gain=1.03581 0.488528 0.404945 0.276152 0.130996 0.053096 0.092457
threshold=0.75045346700000015 131.48502525000004 4.0571428200000001 4.1857143300000006 21.750000585000006 3.6999999630000002 46.390000820000004
decision_type=2 2 2 2 2 2 2
left_child=1 3 -3 4 5 6 -1
right_child=-2 2 -4 -5 -6 -7 -8
leaf_value=-0.006407705784865235 0.0047792352117421505 -0.00016529276320644681 0.0032877166230292454 0.0015382849889846034 -7.3622317780321427e-06 -0.004933052437338859 0.00034897634921390533
leaf_weight=35 30 24 20 38 22 278 20
leaf_count=35 30 24 20 38 22 278 20
internal_value=-4.59599e-05 -0.000174737 0.000803571 -0.000290757 -0.000380832 -0.000432894 -9.85664e-05
internal_weight=467 437 44 393 355 333 55
internal_count=467 437 44 393 355 333 55
is_linear=0
shrinkage=0.01


Tree=91
num_leaves=7
num_cat=0
split_feature=49 22 17 48 46 59
split_gain=0.570174 1.49683 0.348854 0.19506 0.0382285 0.0419505
threshold=1.0499999970000002 1.7071428595000002 113.62500000000001 20.850000380000001 9.8999998605000012 34.299999235000008
decision_type=2 2 2 2 2 2
left_child=3 2 -2 4 -1 -6
right_child=1 -3 -4 -5 5 -7
leaf_value=-0.0030413877085555085 -0.0026490552624425573 0.0091219221534719654 0.0020107417136421397 0.00064517299381862642 -0.0042467181578587764 -0.0045089811505307463
leaf_weight=20 70 24 28 32 21 244
leaf_count=20 70 24 28 32 21 244
internal_value=-0.000108004 0.000464169 -7.08503e-05 -0.000335117 -0.000421624 -0.000453349
internal_weight=439 122 98 317 285 265
internal_count=439 122 98 317 285 265
is_linear=0
shrinkage=0.01


Tree=92
num_leaves=10
num_cat=0
split_feature=74 17 3 4 10 5 17 51 3
split_gain=1.16134 0.882263 0.438483 1.35531 0.160994 0.443248 0.0734472 0.04738 0.0939964
threshold=6.6328572025000012 162.23500000000004 0.31490748550000008 0.32095100000000004 0.65399971400000012 0.44675671400000005 29.315000000000001 1.9500000555000001 0.3109398570000001
decision_type=2 2 2 2 2 2 2 2 2
left_child=1 2 3 6 -4 -6 -1 8 -2
right_child=7 -3 4 -5 5 -7 -8 -9 -10
leaf_value=0.00058000812127236294 0.00061588606276889008 0.0022347380221690418 -0.00045580352163022964 0.0093833928420960049 0.0010043744497366749 -0.0010954924281589985 -0.003345120159952033 -0.0087702039601563787 -0.0064099955563356407
leaf_weight=20 20 28 54 22 27 34 25 204 36
leaf_count=20 20 28 54 22 27 34 25 204 36
internal_value=2.76125e-05 0.000583491 0.000311816 0.000951327 -4.74958e-05 0.000283171 -1.09171e-05 -0.000414111 -0.000105634
internal_weight=470 210 182 67 115 61 45 260 56
internal_count=470 210 182 67 115 61 45 260 56
is_linear=0
shrinkage=0.01


Tree=93
num_leaves=6
num_cat=0
split_feature=15 57 24 74 25
split_gain=1.09234 0.449615 0.150816 0.808813 0.0943173
threshold=0.76214888550000015 0.64499998050000007 2.3214285800000005 6.5321428820000014 4.1857143300000006
decision_type=2 2 2 2 2
left_child=1 -1 4 -4 -3
right_child=-2 2 3 -5 -6
leaf_value=0.0011743382316888402 0.0015739975952570346 -0.0035668026303950014 0.0025392282217131436 -0.0054516036049690767 -0.00017802687226779371
leaf_weight=24 23 279 21 74 36
leaf_count=24 23 279 21 74 36
internal_value=-0.000123416 -0.00024149 -0.000323759 5.21909e-06 -0.000429069
internal_weight=457 434 410 95 315
internal_count=457 434 410 95 315
is_linear=0
shrinkage=0.01


Tree=94
num_leaves=8
num_cat=0
split_feature=16 24 73 59 26 17 17
split_gain=0.641581 0.819192 0.570543 0.758711 0.445486 0.142342 0.0434122
threshold=0.6776522140000002 2.2428571540000006 8.5114284580000028 40.339999675000008 4.028571469500001 30.740000000000006 7.1050000000000013
decision_type=2 2 2 2 2 2 2
left_child=6 4 3 -3 5 -2 -1
right_child=1 2 -4 -5 -6 -7 -8
leaf_value=-0.0073120424705238694 0.00050367134137428553 0.0075405825077446108 -6.2540483066721167e-05 0.0001952020514758113 0.0051543233862237862 -0.0011488194222020332 -0.0092330875091536976
leaf_weight=20 20 24 23 21 22 108 203
leaf_count=20 20 24 23 21 22 108 203
internal_value=-6.45089e-05 0.000315356 0.00122093 0.00186681 -8.6207e-05 -0.000326087 -0.000444594
internal_weight=441 218 68 45 150 128 223
internal_count=441 218 68 45 150 128 223
is_linear=0
shrinkage=0.01


Tree=95
num_leaves=9
num_cat=0
split_feature=15 86 88 28 86 1 46 5
split_gain=0.908024 0.278623 0.574608 0.177359 0.152579 0.175454 0.0398387 0.0452811
threshold=0.75473470250000008 73.069060915000009 26.226992050000003 2.0142857265000003 131.83848035000003 0.25639421450000005 9.9000001625000014 0.30031292850000008
decision_type=2 2 8 2 2 2 2 2
left_child=1 2 -1 -3 6 -6 -5 -8
right_child=-2 3 -4 4 5 -7 7 -9
leaf_value=0.0059727221406442469 0.0014370394848255148 0.00015292450910349572 -0.0074326889679312428 -0.0013665370752398195 0.002582490995819608 -0.00046767548987349547 4.3984575364058864e-05 -0.0032785469715370936
leaf_weight=21 34 31 27 20 20 21 20 292
leaf_count=21 34 31 27 20 20 21 20 292
internal_value=-8.42236e-05 -0.000207597 0.000491803 -0.000296443 -0.000359818 0.000179426 -0.000432692 -0.000460358
internal_weight=486 452 48 404 373 41 332 312
internal_count=486 452 48 404 373 41 332 312
is_linear=0
shrinkage=0.01


Tree=96
num_leaves=6
num_cat=0
split_feature=86 22 63 53 78
split_gain=1.20199 0.839566 0.268229 0.805343 0.0425115
threshold=131.48502525000004 1.6999999840000004 12.219999790000001 1.2750000955 12.582857265000001
decision_type=2 2 2 2 2
left_child=2 -2 3 -1 -4
right_child=1 -3 4 -5 -6
leaf_value=0.0061616411436489519 -0.00086692538156637924 0.0042733997414605516 -0.0002889655279876321 -0.001237217431979322 -0.0057249552491766276
leaf_weight=37 25 30 21 76 274
leaf_count=37 25 30 21 76 274
internal_value=-0.000106727 0.00126344 -0.000298435 0.000101054 -0.00045808
internal_weight=463 55 408 113 295
internal_count=463 55 408 113 295
is_linear=0
shrinkage=0.01


Tree=97
num_leaves=9
num_cat=0
split_feature=86 49 76 43 86 26 4 2
split_gain=1.24882 0.715475 0.18811 0.124749 0.416767 0.0400391 0.102217 0.0319177
threshold=131.48502525000004 0.8500000015000001 14.97285727 0.65000000600000007 99.192172740000018 4.1071428060000015 0.33253569050000004 0.30753778550000005
decision_type=2 2 2 2 2 2 2 2
left_child=2 -2 -1 5 -5 -4 -7 -6
right_child=1 -3 3 4 7 6 -8 -9
leaf_value=0.00063046594155737273 -0.00037303949981669859 0.003954543563744012 -0.0056895709178402696 0.00074260358434812565 -0.0011928860965453414 0.00071866702294018034 -0.0062588263566537988 -0.00054655615918025775
leaf_weight=27 21 30 214 22 60 20 42 20
leaf_count=27 21 30 214 22 60 20 42 20
internal_value=-5.69178e-05 0.00139961 -0.000247659 -0.00030887 0 -0.000419075 -0.000143312 -0.000346535
internal_weight=456 51 405 378 102 276 62 80
internal_count=456 51 405 378 102 276 62 80
is_linear=0
shrinkage=0.01


Tree=98
num_leaves=10
num_cat=0
split_feature=16 88 76 62 76 88 16 40 0
split_gain=1.16849 0.659354 0.996506 1.18955 0.117056 0.0640225 0.0686894 0.0443864 0.0264977
threshold=0.75045346700000015 24.358773140000004 15.762857095000003 1.2449998855000002 14.81857143 19.197317160000001 0.57035564300000019 12.550000005000001 0.13022432650000001
decision_type=2 10 2 2 2 8 2 2 2
left_child=1 4 3 -3 -1 6 -6 -7 -4
right_child=-2 2 8 -5 5 7 -8 -9 -10
leaf_value=0.00062408035848688986 0.0037608013553317374 0.0049891148343800913 -0.0010323935735728289 -0.00015918203808426261 -0.021227860825764718 -0.0024117765095538839 0.00056174980429448014 -0.0039348420250579766 4.7399077668394128e-05
leaf_weight=22 33 23 41 29 23 242 20 20 20
leaf_count=22 33 23 41 29 23 242 20 20 20
internal_value=2.42717e-05 -0.000108893 0.000540422 0.00155303 -0.000340147 -0.000394049 0 -0.000452816 -0.000299353
internal_weight=473 440 113 52 327 305 43 262 61
internal_count=473 440 113 52 327 305 43 262 61
is_linear=0
shrinkage=0.01


Tree=99
num_leaves=9
num_cat=0
split_feature=74 21 61 57 3 6 1 1
split_gain=0.8009 0.614081 0.635062 0.981837 0.675614 0.359738 0.0204918 0.0180012
threshold=6.5800000770000011 1.7142857015000004 32.505000590000002 2.4099998475000004 0.33285257100000004 0.4920470715000001 0.2982937140000001 0.21667271400000002
decision_type=2 2 2 2 2 2 2 2
left_child=1 -1 3 4 -3 7 -4 -5
right_child=-2 2 6 5 -6 -7 -8 -9
leaf_value=-0.0021073162945821765 -0.006092962492043226 0.0045854130608800033 0.00036549946135407629 -0.0051025881310960367 0.0028328458447701155 0.0016619721775913542 -0.0047990773355208252 -0.00043492701905657516
leaf_weight=64 237 25 20 24 22 20 28 20
leaf_count=64 237 25 20 24 22 20 28 20
internal_value=-8.24654e-05 0.000341823 0.000678974 0.00109571 0.00218619 0.000246913 -0.000245902 -0.000223214
internal_weight=460 223 159 111 47 64 48 44
internal_count=460 223 159 111 47 64 48 44
is_linear=0
shrinkage=0.01


Tree=100
num_leaves=9
num_cat=0
split_feature=74 23 44 7 17 7 3 0
split_gain=0.398485 0.425773 0.339599 0.344653 0.290816 0.0441881 0.037843 0.0158575
threshold=6.5800000770000011 1.8214285545000002 3.1999999355000006 0.56453935700000013 150.94500000000002 0.40947400000000006 0.29493442850000001 0.12285293750000002
decision_type=2 2 2 2 2 2 2 2
left_child=1 4 3 7 6 -2 -1 -3
right_child=5 2 -4 -5 -6 -7 -8 -9
leaf_value=-0.0031685621084906511 -0.0030570122395909703 -0.0004988880533744487 0.0012580508771956145 0.0023543759886804562 0.001293416304316808 -0.0058816401193462677 -0.00049388166890855663 0.00024647497103507109
leaf_weight=20 20 21 20 20 20 233 100 20
leaf_count=20 20 21 20 20 20 233 100 20
internal_value=-0.000179023 0.000123985 0.000702934 0.000283171 -0.000198864 -0.000451143 -0.000397351 -0.000203349
internal_weight=474 221 81 61 140 253 120 41
internal_count=474 221 81 61 140 253 120 41
is_linear=0
shrinkage=0.01


Tree=101
num_leaves=8
num_cat=0
split_feature=16 46 4 57 0 72 17
split_gain=0.485534 0.733366 0.708959 1.17004 0.290722 0.113575 0.0441881
threshold=0.6776522140000002 11.600000005000002 0.38737950000000004 2.5050001145000005 0.11745643050000001 5.8285714090000011 7.285000000000001
decision_type=2 2 2 2 2 2 2
left_child=6 2 3 -2 -5 -3 -1
right_child=1 5 -4 4 -6 -7 -8
leaf_value=-0.0073117965771472941 0.0021094783623470149 -0.00057919187450592065 -0.00094103671526240499 -0.00090232373671588666 0.00081724966929579753 0.0049144892652333919 -0.0059769674781719228
leaf_weight=20 23 96 28 21 22 24 233
leaf_count=20 23 96 28 21 22 24 233
internal_value=-0.000152843 0.000190875 0.00085443 0.00142216 0.000376712 -0.00031457 -0.000451143
internal_weight=467 214 94 66 43 120 253
internal_count=467 214 94 66 43 120 253
is_linear=0
shrinkage=0.01


Tree=102
num_leaves=7
num_cat=0
split_feature=15 86 86 40 50 47
split_gain=0.578175 0.258203 0.217664 0.297632 0.0846303 0.252326
threshold=0.75473470250000008 131.61942115000002 73.069060915000009 3.8500000610000007 1.0000000075000002 31.850000455000004
decision_type=2 2 2 2 2 2
left_child=1 2 3 -1 5 -4
right_child=-2 -3 4 -5 -6 -7
leaf_value=-0.0059565437040887213 0.0025859033984905471 0.0023814119644520026 0.00037807869159960355 0.0056239064489448419 -0.0036054178018504347 -0.0017148920727898349
leaf_weight=25 37 36 21 23 270 55
leaf_count=25 37 36 21 23 270 55
internal_value=-0.000131467 -0.00023909 -0.000316616 0.000286885 -0.000406575 -7.81251e-05
internal_weight=467 430 394 48 346 76
internal_count=467 430 394 48 346 76
is_linear=0
shrinkage=0.01


Tree=103
num_leaves=7
num_cat=0
split_feature=86 75 26 4 40 5
split_gain=0.88105 0.637444 0.140516 0.330546 0.0499468 0.0939964
threshold=131.48502525000004 4.957142825500001 3.7642857005000008 0.32941557150000006 12.050000020000001 0.40333207150000006
decision_type=2 2 2 2 2 2
left_child=2 -2 3 -1 -4 -6
right_child=1 -3 4 -5 5 -7
leaf_value=-0.0023252521067266474 0.0022427158276524407 -0.00013551463661830369 -0.0029588499154571497 0.0014896207905056853 0.00039886689340866795 -0.0046110226774042197
leaf_weight=59 39 20 245 39 20 36
leaf_count=59 39 20 245 39 20 36
internal_value=-0.000146033 0.000978261 -0.00031891 0 -0.000425779 -0.000105634
internal_weight=458 59 399 98 301 56
internal_count=458 59 399 98 301 56
is_linear=0
shrinkage=0.01


Tree=104
num_leaves=7
num_cat=0
split_feature=16 88 59 11 7 1
split_gain=0.503788 0.272503 0.398872 0.340309 0.120207 0.0282128
threshold=0.75706978600000008 25.045844445000004 40.339999675000008 0.68832085700000012 0.40947400000000006 0.26443214300000006
decision_type=2 10 2 2 2 2
left_child=1 4 3 -3 -1 -4
right_child=-2 2 5 -5 -6 -7
leaf_value=0.0033661472061995742 0.0011336024568456733 0.0053088078287400258 -0.0014542542497133311 0.00010326896013516163 -0.0023748813685787753 -5.1200598998812768e-05
leaf_weight=28 21 20 46 20 294 20
leaf_count=28 21 20 46 20 294 20
internal_value=-0.000205647 -0.000284515 0.000140449 0.000931372 -0.000430607 -0.000314371
internal_weight=449 428 106 40 322 66
internal_count=449 428 106 40 322 66
is_linear=0
shrinkage=0.01


Tree=105
num_leaves=6
num_cat=0
split_feature=86 9 17 62 6
split_gain=0.594606 0.748209 0.17867 0.233916 0.0294163
threshold=131.48502525000004 0.6687478750000001 29.315000000000001 1.5199999810000002 0.36463350000000005
decision_type=2 2 2 2 2
left_child=2 -2 3 -1 -5
right_child=1 -3 -4 4 -6
leaf_value=3.1693545173769494e-05 -0.00014513572560650469 0.00097890911773359395 -0.0028654987378243929 -0.0029247429595374319 -0.0078123695585543386
leaf_weight=31 34 21 296 20 50
leaf_count=31 34 21 296 20 50
internal_value=-0.000229682 0.000725806 -0.000368276 0 -0.000324859
internal_weight=452 55 397 101 70
internal_count=452 55 397 101 70
is_linear=0
shrinkage=0.01


Tree=106
num_leaves=9
num_cat=0
split_feature=16 75 25 50 16 26 1 7
split_gain=1.15853 0.401911 0.298795 0.316767 0.506233 0.0978243 0.0537707 0.0433531
threshold=0.75045346700000015 5.1757142710000013 4.0714286570000011 0.99999999650000004 0.70134283350000015 3.6999999630000002 0.25887092900000003 0.41948735750000005
decision_type=2 2 2 2 2 2 2 2
left_child=1 2 3 4 -1 -5 -4 -3
right_child=-2 7 6 5 -6 -7 -8 -9
leaf_value=0.0042862923895075058 0.0053425854043700014 -0.0090361958935990111 0.004798375205349965 -0.00010236364411100811 -0.00063364507848081284 -0.0025111742406885768 6.3650212569346391e-05 -0.0058303245822514125
leaf_weight=28 27 20 20 27 23 90 20 201
leaf_count=28 27 20 20 27 23 90 20 201
internal_value=-1.3135e-05 -0.000145417 0.000162835 -1.18485e-05 0.000627413 -0.000309847 0.000931372 -0.000444094
internal_weight=456 429 208 168 51 117 40 221
internal_count=456 429 208 168 51 117 40 221
is_linear=0
shrinkage=0.01


Tree=107
num_leaves=7
num_cat=0
split_feature=15 16 86 3 5 8
split_gain=1.05045 0.302117 0.550662 0.65577 0.111155 0.0376402
threshold=0.75473470250000008 0.6776522140000002 99.923863260000019 0.31952764250000004 0.46032367850000006 0.5367885
decision_type=2 2 2 2 2 2
left_child=1 -1 3 -3 5 -4
right_child=-2 2 4 -5 -6 -7
leaf_value=-0.0087150216625956154 0.0038870008762704822 0.0045841627654496023 0.00023227172813198416 -0.00068091053413891437 1.7433920413564666e-06 -0.00047163137917090667
leaf_weight=252 32 20 20 25 21 98
leaf_count=252 32 20 20 25 21 98
internal_value=-0.000132253 -0.000265568 3.24674e-05 0.00099345 -0.00026824 -0.000395623
internal_weight=468 436 184 45 139 118
internal_count=468 436 184 45 139 118
is_linear=0
shrinkage=0.01


Tree=108
num_leaves=7
num_cat=0
split_feature=15 17 17 86 73 5
split_gain=0.877213 0.257691 0.394864 0.0995559 0.0575556 0.087495
threshold=0.75473470250000008 130.56500000000003 166.60000000000005 132.04113905000003 8.422857114000001 0.38218560700000009
decision_type=2 2 2 2 2 2
left_child=1 3 -3 4 5 -1
right_child=-2 2 -4 -5 -6 -7
leaf_value=0.0057971831830625131 0.0012312800278522981 0.0021851261109299188 -0.0011868649417049028 0.00023659400575546866 -0.0034139456053654776 -0.00047264394218650418
leaf_weight=20 28 28 30 28 267 32
leaf_count=20 28 28 30 28 267 32
internal_value=-0.000148686 -0.000272302 0.000323129 -0.000378091 -0.000429956 -7.57577e-05
internal_weight=433 405 58 347 319 52
internal_count=433 405 58 347 319 52
is_linear=0
shrinkage=0.01


Tree=109
num_leaves=10
num_cat=0
split_feature=86 26 33 4 44 0 40 2 10
split_gain=0.875348 0.782632 0.391803 0.318113 0.33235 0.184043 0.0633147 0.0710918 0.0447821
threshold=131.48502525000004 3.8999999930000002 4.0642857380000015 0.38787850000000007 3.2000000810000002 0.12761261450000003 12.800000015000002 0.27678160000000007 0.71861128550000009
decision_type=2 2 2 2 2 2 2 2 2
left_child=2 5 6 4 -4 -2 8 -8 -1
right_child=1 -3 3 -5 -6 -7 7 -9 -10
leaf_value=-0.0037021999183279304 -0.0031764984342079155 0.0049014783003430594 -0.0059134099251156426 -0.0029336634061969506 0.0048853900296911539 0.00093703235449478755 5.8739388165386411e-05 -9.2658957939582251e-05 9.7266748003625443e-05
leaf_weight=262 23 22 22 28 27 20 20 24 20
leaf_count=262 23 22 22 28 27 20 20 24 20
internal_value=-6.82595e-05 0.000995441 -0.000246409 0.000379177 0.000873494 0.000148402 -0.000400857 -1.17081e-10 -0.000456153
internal_weight=468 65 403 77 49 43 326 44 282
internal_count=468 65 403 77 49 43 326 44 282
is_linear=0
shrinkage=0.01


Tree=110
num_leaves=6
num_cat=0
split_feature=17 17 25 51 13
split_gain=0.448645 0.494174 0.190251 0.0869515 0.0457303
threshold=154.51500000000001 190.87000000000003 4.1857143300000006 6.6999999545000009 0.75877877500000013
decision_type=2 2 2 2 2
left_child=2 -2 3 4 -1
right_child=1 -3 -4 -5 -6
leaf_value=-0.0030118728732703255 0.0021248800180838833 -0.00044970476664449722 0.0023270815965343778 2.1722492999191012e-07 -0.0014347306085654165
leaf_weight=325 20 31 33 36 20
leaf_count=325 20 31 33 36 20
internal_value=-0.000237226 0.000627413 -0.000349566 -0.000415139 -0.000464141
internal_weight=465 51 414 381 345
internal_count=465 51 414 381 345
is_linear=0
shrinkage=0.01


Tree=111
num_leaves=8
num_cat=0
split_feature=50 17 8 12 46 40 28
split_gain=0.526159 0.80172 0.247489 0.187232 0.371232 0.0396886 0.0402061
threshold=0.99999999650000004 104.84500000000001 0.53855678550000008 0.73773671450000011 11.250000010000003 15.499999790000002 2.6857142875000002
decision_type=2 2 2 2 2 2 2
left_child=1 2 -1 5 -5 6 -2
right_child=3 -3 -4 4 -6 -7 -8
leaf_value=0.005149523328460988 -0.0033259191434063286 0.001001955915074816 -0.00046409037335044237 0.00087926479491122879 -0.00080981439983769969 -0.0027737800482278284 -0.0003530032688030393
leaf_weight=20 285 21 45 22 35 20 22
leaf_count=20 285 21 45 22 35 20 22
internal_value=-0.000176296 0.000518433 -7.5989e-06 -0.000337838 0.00016436 -0.000431666 -0.000459714
internal_weight=470 86 65 384 57 327 307
internal_count=470 86 65 384 57 327 307
is_linear=0
shrinkage=0.01


Tree=112
num_leaves=7
num_cat=0
split_feature=86 5 16 86 87 1
split_gain=0.94566 0.767073 0.220014 0.353957 0.345458 0.0819471
threshold=131.48502525000004 0.42315952350000002 0.6776522140000002 119.13598955000002 25.921062845000005 0.23395992850000003
decision_type=2 2 2 2 8 2
left_child=2 -2 -1 4 -4 -6
right_child=1 -3 3 -5 5 -7
leaf_value=-0.0091918119873349319 -0.00043593903296744799 0.0018192036053673193 0.0049282679971079371 -0.00065093204259611783 0.00067372542645355857 -0.002147491399082923
leaf_weight=244 27 28 33 84 20 29
leaf_count=244 27 28 33 84 20 29
internal_value=-0.000129884 0.00108423 -0.000299416 -5.99532e-06 0.00044686 -5.02009e-05
internal_weight=465 55 410 166 82 49
internal_count=465 55 410 166 82 49
is_linear=0
shrinkage=0.01


Tree=113
num_leaves=9
num_cat=0
split_feature=28 39 17 40 14 51 4 40
split_gain=0.496139 0.8938 0.548985 0.419164 0.163217 0.137109 0.202491 0.0451257
threshold=2.4285714205000004 14.749999955000002 140.19000000000003 9.9999998810000026 0.7207318570000002 0.80000001550000011 0.38337392850000002 15.949999745000001
decision_type=2 2 2 2 2 2 2 2
left_child=2 -2 5 -4 -3 6 -1 -7
right_child=1 4 3 -5 -6 7 -8 -9
leaf_value=0.0050368000928846333 0.0076617523178886598 -0.0034389924635160464 -0.0014381748022661703 0.0010125272169003621 0.0044412418381564039 -0.0042779752166243216 -0.0013903085349622521 -0.0026611841358827721
leaf_weight=20 25 40 25 20 26 282 28 20
leaf_count=20 25 40 25 20 26 282 28 20
internal_value=-8.42236e-05 0.000571895 -0.000241284 0.000775109 -1.49702e-05 -0.000379134 8.19671e-05 -0.000459049
internal_weight=486 91 395 45 66 350 48 302
internal_count=486 91 395 45 66 350 48 302
is_linear=0
shrinkage=0.01


Tree=114
num_leaves=8
num_cat=0
split_feature=75 10 0 70 48 28 30
split_gain=0.533945 0.602981 0.216961 0.408096 0.428392 0.134015 0.104329
threshold=5.2392857075000014 0.71574992850000008 0.22684882650000002 7.7535714760000003 9.3999999055000014 2.2428571415000005 4.9500000135000013
decision_type=2 2 2 2 2 2 2
left_child=1 2 3 6 -5 -4 -1
right_child=-2 -3 5 4 -6 -7 -8
leaf_value=-0.00092845121211095256 -0.0057412427980972408 0.0014273158577641028 -0.0017857147293169229 0.0041567700143123444 -0.0024010709562427629 0.00044211975922246906 0.0024955132370549473
leaf_weight=44 205 20 85 29 22 20 37
leaf_count=44 205 20 85 29 22 20 37
internal_value=-0.000105877 0.000192009 3.99494e-05 0.000316265 0.00101351 -0.00028828 -0.000103912
internal_weight=462 257 237 132 51 105 81
internal_count=462 257 237 132 51 105 81
is_linear=0
shrinkage=0.01


Tree=115
num_leaves=8
num_cat=0
split_feature=74 21 4 8 41 87 40
split_gain=0.616971 0.56709 0.54989 1.31445 0.425324 0.341319 0.0983449
threshold=6.6328572025000012 1.7142857015000004 0.39647671450000005 0.62638573800000008 3.9000000355000006 22.226472410000003 12.800000015000002
decision_type=2 2 2 2 2 10 2
left_child=1 -1 3 4 -3 -6 -2
right_child=6 2 -4 -5 5 -7 -8
leaf_value=-0.0028668251614677232 -0.0096868345423338793 -0.00027559882789540739 -0.0014107885287936099 0.0052372518295944045 -0.0004554400200803182 0.0074949126990227766 -0.0016108808145965773
leaf_weight=63 216 40 34 34 21 26 33
leaf_count=63 216 40 34 34 21 26 33
internal_value=-6.73366e-05 0.000315356 0.000645058 0.000964696 0.000279043 0.000930962 -0.000410328
internal_weight=467 218 155 121 87 47 249
internal_count=467 218 155 121 87 47 249
is_linear=0
shrinkage=0.01


Tree=116
num_leaves=8
num_cat=0
split_feature=16 12 2 28 88 70 6
split_gain=0.489706 0.20827 0.352686 0.111385 0.143289 0.266326 0.033148
threshold=0.75706978600000008 0.57757257100000003 0.22388821400000003 1.9571428385000003 24.358773140000004 7.7535714760000003 0.51259321400000013
decision_type=2 2 2 2 10 2 2
left_child=1 2 -1 -3 -5 6 -6
right_child=-2 3 -4 4 5 -7 -8
leaf_value=-0.0085013964700638052 0.00092167468786728476 -3.8053642758910729e-05 0.0089554760867322416 -0.0023585307925227499 -0.00063900809524760325 0.0023250758132532276 -0.00018719484733388623
leaf_weight=23 21 22 20 286 66 31 20
leaf_count=23 21 22 20 286 66 31 20
internal_value=-0.000188853 -0.000260239 0.000376712 -0.000329967 -0.000370233 -5.51784e-05 -0.000357143
internal_weight=489 468 43 425 403 117 86
internal_count=489 468 43 425 403 117 86
is_linear=0
shrinkage=0.01


Tree=117
num_leaves=9
num_cat=0
split_feature=16 17 24 8 4 78 28 4
split_gain=1.09639 0.45905 0.897428 0.235671 0.367199 0.154984 0.045441 0.0158575
threshold=0.75706978600000008 130.56500000000003 2.2571428545000005 0.48260336750000005 0.27439642850000007 12.567857300000002 1.9571428385000003 0.35824671450000006
decision_type=2 2 2 2 2 2 2 2
left_child=1 3 7 4 -1 -5 -7 -3
right_child=-2 2 -4 5 -6 6 -8 -9
leaf_value=-0.0081028680576045748 0.006434411016016506 -0.0095803406302542964 0.0020109442995411421 0.00098364255273258763 0.008865921325864912 -0.001807530297065135 -0.0024518960014527878 -0.0064733275781049702
leaf_weight=25 22 21 20 20 20 20 303 20
leaf_count=25 22 21 20 20 20 20 303 20
internal_value=-7.10048e-05 -0.000183415 0.000606796 -0.000313786 0.000338428 -0.000405759 -0.000461705 -0.000203349
internal_weight=471 449 61 388 45 343 323 41
internal_count=471 449 61 388 45 343 323 41
is_linear=0
shrinkage=0.01


Tree=118
num_leaves=7
num_cat=0
split_feature=86 24 29 79 46 0
split_gain=0.564346 0.632809 0.132655 0.133077 0.210135 0.0288315
threshold=131.48502525000004 2.3071428580000002 3.2214285985000006 8.3928571430000023 11.949999955000001 0.22850610400000002
decision_type=2 2 2 2 2 2
left_child=2 -2 3 4 -1 -6
right_child=1 -3 -4 -5 5 -7
leaf_value=0.00077878143442352936 -0.00043524058041195915 0.0018034799201449392 0.0098169390283718901 -0.0042681095687275199 -0.0020952393603749968 -0.0012700095645253612
leaf_weight=21 33 23 20 307 20 48
leaf_count=21 33 23 20 307 20 48
internal_value=-0.000219966 0.000704225 -0.000350288 -0.000393145 -2.78398e-05 -0.000319768
internal_weight=472 56 416 396 89 68
internal_count=472 56 416 396 89 68
is_linear=0
shrinkage=0.01


Tree=119
num_leaves=8
num_cat=0
split_feature=49 86 86 27 40 45 8
split_gain=0.582397 0.817153 0.405522 0.118852 0.144057 0.208868 0.0307473
threshold=1.0499999970000002 131.48502525000004 91.966554430000016 3.4857142995000006 12.250000030000001 15.899999985000003 0.62638573800000008
decision_type=2 2 2 2 2 2 2
left_child=3 2 -2 -1 -5 -6 -4
right_child=1 -3 6 4 5 -7 -8
leaf_value=-3.9739296965506878e-06 0.0054289610678281697 0.0038679374076559577 -0.0013308547807868163 -0.0031613899885381954 -9.0579284890201939e-05 9.951764239624624e-05 -0.00023232514127206395
leaf_weight=22 22 27 55 268 30 20 20
leaf_count=22 22 27 55 268 30 20 20
internal_value=-0.000129088 0.000448718 0 -0.000346244 -0.000398369 5.9055e-05 -0.000336412
internal_weight=464 124 97 340 318 50 75
internal_count=464 124 97 340 318 50 75
is_linear=0
shrinkage=0.01


Tree=120
num_leaves=8
num_cat=0
split_feature=16 16 14 86 4 25 5
split_gain=0.875526 0.353459 1.03429 0.464714 0.539733 0.0437196 0.0396295
threshold=0.75045346700000015 0.66486142900000011 0.66650767850000003 99.404000345000014 0.37315550000000003 4.1642857450000008 0.47802129750000005
decision_type=2 2 2 2 2 2 2
left_child=1 5 -3 4 -4 -1 -5
right_child=-2 2 3 6 -6 -7 -8
leaf_value=-0.0086061899678804132 0.0053211850664344716 0.0079644204337394678 0.0034556888836643172 -0.00051181027939684227 -0.0023346044147385171 -0.0058329483998401698 -0.00083238246865397012
leaf_weight=214 26 21 26 121 21 20 20
leaf_count=214 26 21 26 121 21 20 20
internal_value=-6.91785e-05 -0.000179135 0.000112011 -0.000116526 0.000721757 -0.000447189 -0.000412553
internal_weight=469 443 209 188 47 234 141
internal_count=469 443 209 188 47 234 141
is_linear=0
shrinkage=0.01


Tree=121
num_leaves=10
num_cat=0
split_feature=15 50 13 7 50 24 29 3 5
split_gain=0.953837 0.180533 0.333745 0.404945 0.215533 0.239283 0.0809861 0.0639114 0.0192946
threshold=0.76214888550000015 0.99999999650000004 0.68250516250000015 0.48693454800000008 8.6499999685000031 2.2571428545000005 3.0928571480000007 0.27177692900000006 0.39792638100000005
decision_type=2 2 2 2 2 2 2 2 2
left_child=1 2 3 -1 6 8 -3 -8 -6
right_child=-2 4 -4 -5 5 -7 7 -9 -10
leaf_value=-0.0024933685087663716 0.0010357300396430615 -0.0031782346093974585 -0.0004448592274545755 0.0009214941377763728 -0.00082377646149241993 0.0051182370336727403 -0.028755703784119808 0.00059901254848421573 8.1239353771116459e-05
leaf_weight=24 25 258 39 20 26 26 21 20 20
leaf_count=24 25 258 39 20 26 26 21 20 20
internal_value=-9.89997e-05 -0.000208883 0.000196897 0.000803571 -0.000305272 0.000164835 -0.000425284 0 -0.000235043
internal_weight=479 454 83 44 371 72 299 41 46
internal_count=479 454 83 44 371 72 299 41 46
is_linear=0
shrinkage=0.01


Tree=122
num_leaves=9
num_cat=0
split_feature=75 10 87 7 10 66 38 2
split_gain=0.375725 0.375831 0.2776 0.184766 0.138054 0.30973 0.0390952 0.0244948
threshold=5.2392857075000014 0.70842802400000016 29.140435005000004 0.49787907150000005 0.6531102860000001 82.275000575000021 0.55000000800000015 0.29823178550000001
decision_type=2 2 10 2 2 2 2 2
left_child=1 2 4 -4 6 7 -1 -6
right_child=-2 -3 3 -5 5 -7 -8 -9
leaf_value=-0.0054562558912930239 -0.0071463521496019904 0.00098032678077912419 0.0048030731279153907 -0.0018350674560083976 0.00022372309402974189 0.0016301473247135503 -0.0012897277683343023 -0.00077017141475361789
leaf_weight=20 217 29 20 20 20 24 114 36
leaf_count=20 217 29 20 20 20 24 114 36
internal_value=-0.000175719 5.81394e-05 -5.88698e-05 0.000686274 -0.000209497 9.90098e-05 -0.000408012 -0.00028169
internal_weight=500 283 254 40 214 80 134 56
internal_count=500 283 254 40 214 80 134 56
is_linear=0
shrinkage=0.01


Tree=123
num_leaves=8
num_cat=0
split_feature=16 42 3 88 7 10 0
split_gain=0.864292 0.241912 0.60176 0.171358 0.265912 0.0450771 0.0282128
threshold=0.75706978600000008 0.25000000750000007 0.33904378550000008 25.572599765000003 0.5765927380000001 0.48367490500000004 0.12681091700000002
decision_type=2 2 2 10 2 2 2
left_child=1 3 -3 5 6 -1 -5
right_child=-2 2 -4 4 -6 -7 -8
leaf_value=-0.004927860835026332 0.0067982013711171477 0.0044055226727721577 -0.0015507222595100446 -0.00049669288159623847 0.0014078694647653499 -0.0035857388186561886 -4.0280957161431542e-05
leaf_weight=20 20 22 35 46 28 279 20
leaf_count=20 20 22 35 46 28 279 20
internal_value=-0.000155055 -0.000250666 0.00033737 -0.000341544 1.05484e-05 -0.000458639 -0.000314371
internal_weight=470 450 57 393 94 299 66
internal_count=470 450 57 393 94 299 66
is_linear=0
shrinkage=0.01


Tree=124
num_leaves=6
num_cat=0
split_feature=15 87 39 17 51
split_gain=1.05911 0.195801 0.314731 0.0402911 0.0331101
threshold=0.75473470250000008 29.140435005000004 4.2499999555000008 5.0250000000000012 7.0000000780000011
decision_type=2 10 2 2 2
left_child=1 3 -3 -1 -5
right_child=-2 2 -4 4 -6
leaf_value=0.00050810417441074735 0.0030068743053647735 0.0042673815825736497 -0.0029492713010513399 -0.002439620833626695 -0.00067307714386858882
leaf_weight=20 34 24 32 303 25
leaf_count=20 34 24 32 303 25
internal_value=-0.000198268 -0.00034585 0.000176056 -0.00043578 -0.000462287
internal_weight=438 404 56 348 328
internal_count=438 404 56 348 328
is_linear=0
shrinkage=0.01


Tree=125
num_leaves=8
num_cat=0
split_feature=16 17 21 44 49 7 7
split_gain=0.590246 0.56313 1.4578 0.320459 0.672901 0.0929324 0.092457
threshold=0.66486142900000011 130.56500000000003 1.7571428415000001 3.5000000300000003 1.3500000015000004 0.48343885700000006 0.55016428600000011
decision_type=2 2 2 2 2 2 2
left_child=-1 3 -3 4 -2 -5 -6
right_child=1 2 -4 5 6 -7 -8
leaf_value=-0.0084794205936270777 0.005626584269708231 -0.0009431335399605438 0.0026374824175602529 0.0026011312978749816 -0.0012209313094854518 -0.0018175437266825594 0.0011399740091524114
leaf_weight=229 24 24 21 29 35 98 20
leaf_count=229 24 24 21 29 35 98 20
internal_value=-0.000120632 0.000208499 0.00121179 -4.83571e-06 0.000482456 -0.000324726 -9.85664e-05
internal_weight=480 251 45 206 79 127 55
internal_count=480 251 45 206 79 127 55
is_linear=0
shrinkage=0.01


Tree=126
num_leaves=6
num_cat=0
split_feature=10 70 3 16 87
split_gain=0.477834 0.297602 0.40774 0.629812 0.21075
threshold=0.71924578600000011 7.7535714760000003 0.31433675000000005 0.6776522140000002 31.069656745000007
decision_type=2 2 2 2 10
left_child=1 -1 3 -3 -4
right_child=-2 2 4 -5 -6
leaf_value=-0.0022552192223430278 0.00083940041686430406 -0.0059511460366765655 -0.0010558821624723868 0.0037739636576503521 0.00016516191460036833
leaf_weight=252 32 23 104 30 29
leaf_count=252 32 23 104 30 29
internal_value=-0.000176296 -0.000266636 2.67665e-05 0.000771375 -0.000257848
internal_weight=470 438 186 53 133
internal_count=470 438 186 53 133
is_linear=0
shrinkage=0.01


Tree=127
num_leaves=8
num_cat=0
split_feature=15 74 24 74 83 21 12
split_gain=0.811736 0.455768 0.457793 0.646174 0.174657 0.174199 0.0356
threshold=0.76214888550000015 6.6328572025000012 2.2571428545000005 6.2649999135000014 21.797142440000005 1.8142857295000001 0.61196617850000001
decision_type=2 2 2 2 2 2 2
left_child=1 2 4 -4 6 -5 -1
right_child=-2 -3 3 5 -6 -7 -8
leaf_value=-0.001764665280830765 0.0012918204586706695 -0.007158867770556937 0.0054996090780852396 -0.00015943133433776277 1.9962057135442278e-05 0.0042007590030735996 -0.00038477530988233075
leaf_weight=20 20 234 20 24 28 21 81
leaf_count=20 20 234 20 24 28 21 81
internal_value=-9.3583e-05 -0.000191231 0.000159137 0.000843465 -0.000173344 0.000120087 -0.000378193
internal_weight=448 428 194 65 129 45 101
internal_count=448 428 194 65 129 45 101
is_linear=0
shrinkage=0.01


Tree=128
num_leaves=8
num_cat=0
split_feature=15 17 24 10 0 26 86
split_gain=1.07321 0.426133 0.52605 0.15959 0.170852 0.0521899 0.0939964
threshold=0.75473470250000008 130.56500000000003 2.2714285810000008 0.51216585700000017 0.095361611500000013 3.6999999630000002 109.82819450000001
decision_type=2 2 2 2 2 2 2
left_child=1 3 -3 4 -1 6 -5
right_child=-2 2 -4 5 -6 -7 -8
leaf_value=-0.017562243246621527 0.003748484776516633 -0.0065670438897307464 0.0018444915420061992 0.00028372393293236932 0.0085974073759260469 -0.0019794717413901021 -0.00030895199639798947
leaf_weight=20 31 34 20 20 20 293 36
leaf_count=20 31 34 20 20 20 293 36
internal_value=-0.000115838 -0.000246733 0.000565693 -0.000365572 0.000196078 -0.000435964 -0.000105634
internal_weight=474 443 54 389 40 349 56
internal_count=474 443 54 389 40 349 56
is_linear=0
shrinkage=0.01


Tree=129
num_leaves=7
num_cat=0
split_feature=15 49 24 15 12 42
split_gain=0.963389 0.335407 0.400004 0.639065 0.305324 0.149567
threshold=0.75473470250000008 0.60000001650000001 2.2571428545000005 0.71817716700000012 0.62844966650000011 0.75000000000000011
decision_type=2 2 2 2 2 2
left_child=1 5 4 -4 -3 -1
right_child=-2 2 3 -5 -6 -7
leaf_value=-0.0028477789563551852 0.0031622035218925809 0.0047702842611336621 -0.00095259191627359728 0.0041403067687142744 -0.00050569714581868595 1.988946848036618e-05
leaf_weight=270 33 20 27 21 83 22
leaf_count=270 33 20 27 21 83 22
internal_value=-9.64766e-05 -0.0002242 0.000148221 0.000901639 -0.000187861 -0.000423497
internal_weight=476 443 151 48 103 292
internal_count=476 443 151 48 103 292
is_linear=0
shrinkage=0.01


Tree=130
num_leaves=7
num_cat=0
split_feature=62 24 48 13 28 26
split_gain=0.502254 0.848966 0.433228 0.269845 0.109428 0.0373232
threshold=1.2800002100000003 2.2571428545000005 7.4000000730000011 0.64531127500000007 2.4285714375 4.0571428540000012
decision_type=2 2 2 2 2 2
left_child=1 3 -3 -1 -2 -5
right_child=4 2 -4 5 -6 -7
leaf_value=3.7858362534407451e-05 -0.0062213844485112333 0.0014352604022578397 0.0037334941131959322 -0.0011532169388000469 0.0045405941581505953 -0.00055337253501915192
leaf_weight=21 237 39 24 95 30 20
leaf_count=21 237 39 24 95 30 20
internal_value=-0.000130677 0.000242743 0.00119906 -0.000190059 -0.000416356 -0.000392919
internal_weight=466 199 63 136 267 115
internal_count=466 199 63 136 267 115
is_linear=0
shrinkage=0.01


Tree=131
num_leaves=8
num_cat=0
split_feature=16 88 77 27 5 62 5
split_gain=0.863151 0.42687 0.799225 0.104658 0.0823421 0.0453258 0.0210574
threshold=0.75706978600000008 26.400421500000004 12.937142885000002 3.5714285455000003 0.42707578600000007 0.63499975200000003 0.42489214300000006
decision_type=2 10 2 2 2 2 2
left_child=1 3 6 4 -1 -5 -3
right_child=-2 2 -4 5 -6 -7 -8
leaf_value=-0.00054806746306846612 0.0065788841463522135 -0.0035810417626216317 0.0042518430325053742 -1.7201765540551527e-05 1.7151939712248319e-05 -0.0029605267161378086 -0.00024604165729656349
leaf_weight=27 20 29 23 20 34 295 20
leaf_count=27 20 29 23 20 34 295 20
internal_value=-0.000153584 -0.000249554 0.00043956 -0.000387474 0 -0.000460735 -0.000251004
internal_weight=468 448 72 376 61 315 49
internal_count=468 448 72 376 61 315 49
is_linear=0
shrinkage=0.01


Tree=132
num_leaves=8
num_cat=1
split_feature=86 6 89 64 17 17 15
split_gain=0.688101 1.05849 0.215625 0.727375 0.106762 0.0620687 0.0446885
threshold=131.48502525000004 0.46512330950000008 0 44.16499901000001 154.51500000000001 32.400000000000006 0.74513178550000014
decision_type=2 2 1 2 2 2 2
left_child=2 -2 3 -1 6 -5 -4
right_child=1 -3 4 5 -6 -7 -8
leaf_value=0.00088139000065996841 -0.00036363570867990736 0.0016279661759769615 -0.0021412628994630315 -0.0034081658540545158 -0.00013876434862531033 -0.0029109773627802615 -0.00053341401912644247
leaf_weight=20 22 21 257 33 28 54 20
leaf_count=20 22 21 257 33 28 54 20
internal_value=-0.000121764 0.00106164 -0.000251938 0.00012309 -0.000381571 -0.000244875 -0.000455364
internal_weight=455 43 412 107 305 87 277
internal_count=455 43 412 107 305 87 277
cat_boundaries=0 1
cat_threshold=580911106
is_linear=0
shrinkage=0.01


Tree=133
num_leaves=7
num_cat=0
split_feature=15 88 24 16 44 13
split_gain=0.58514 0.255073 0.249103 0.799469 0.131819 0.0448725
threshold=0.75473470250000008 28.607379865000002 2.3142857000000006 0.6776522140000002 7.0999999795000006 0.55572260000000007
decision_type=2 10 2 2 2 2
left_child=1 2 4 -4 5 -1
right_child=-2 -3 3 -5 -6 -7
leaf_value=-0.0080196980926926977 0.0025485022645557634 0.0026761755110634613 -0.0074988922004043503 0.0030985634980080301 -2.2832062834378353e-05 -0.0020458322363691973
leaf_weight=20 35 20 67 36 23 267
leaf_count=20 35 20 67 36 23 267
internal_value=-8.95906e-05 -0.00019479 -0.000252538 0.000158959 -0.000395753 -0.000456915
internal_weight=468 433 413 103 310 287
internal_count=468 433 413 103 310 287
is_linear=0
shrinkage=0.01


Tree=134
num_leaves=9
num_cat=0
split_feature=74 53 19 26 19 17 17 10
split_gain=0.949982 0.786254 0.948307 0.649554 0.309859 0.139966 0.1034 0.0439506
threshold=6.6328572025000012 0.3850002285000001 2.3428570880000006 4.0571428880000004 2.2928571190000002 145.84500000000003 35.515000000000008 0.49696047150000006
decision_type=2 2 2 2 2 2 2 2
left_child=1 2 -1 4 -3 7 -6 -2
right_child=5 3 -4 -5 6 -7 -8 -9
leaf_value=0.0019187572151631717 -0.0021022278564422625 0.00057892889791085855 -8.8568401083096026e-05 0.0031008234053353 -5.6331445473687635e-05 0.00016893010465735214 -0.00074192497944436733 -0.0057527363069502391
leaf_weight=20 20 28 24 35 26 21 94 223
leaf_count=20 20 28 24 35 26 21 94 223
internal_value=2.54167e-05 0.000502634 0.00169643 0.000198585 -8.06453e-05 -0.000377644 -0.00031457 -0.000449139
internal_weight=491 227 44 183 148 264 120 243
internal_count=491 227 44 183 148 264 120 243
is_linear=0
shrinkage=0.01


Tree=135
num_leaves=7
num_cat=0
split_feature=54 17 59 25 40 88
split_gain=0.359073 0.55943 0.22603 0.0946791 0.0587574 0.0800838
threshold=1.6650004385000001 42.830000000000005 34.810000895000009 4.1999999970000008 12.800000015000002 29.196898225000002
decision_type=2 2 2 2 2 8
left_child=1 -1 -2 4 -4 -6
right_child=2 -3 3 -5 5 -7
leaf_value=0.0083733806623754077 0.0032557446659850749 -0.0035304525260375394 -0.0019805066388365374 0.0002839411032573519 -0.0020337996716193632 5.4038255125075295e-05
leaf_weight=20 27 22 294 30 31 21
leaf_count=20 27 22 294 30 31 21
internal_value=-0.000225438 0.000630841 -0.000320703 -0.000387474 -0.00043541 -7.57577e-05
internal_weight=445 42 403 376 346 52
internal_count=445 42 403 376 346 52
is_linear=0
shrinkage=0.01


Tree=136
num_leaves=10
num_cat=0
split_feature=17 18 75 37 0 15 0 11 86
split_gain=0.637016 0.380904 0.36228 0.233371 0.504085 0.113851 0.0734472 0.038575 0.0446307
threshold=154.51500000000001 0.90000000600000007 4.8250000630000009 9.3000000865000008 0.22850610400000002 0.71156628550000012 0.27915595800000004 0.49372802400000004 131.73524925000001
decision_type=2 2 2 2 2 2 2 2 2
left_child=2 -2 3 4 -1 -5 -6 -4 -9
right_child=1 -3 7 5 6 -7 -8 8 -10
leaf_value=0.0049348366344026976 -0.00032272674107127088 0.0014806427997415645 -0.002080728692590308 1.3545704098705462e-05 -0.00035637711157265574 -0.00054138834996609589 0.00032960941034247291 -0.0045113932700913649 -0.00024265613581477067
leaf_weight=26 20 24 20 20 25 53 20 254 20
leaf_count=26 20 24 20 20 25 53 20 254 20
internal_value=-0.000101491 0.00102679 -0.000221058 0.000179558 0.000591922 -0.000196477 -1.09171e-05 -0.000424016 -0.000454876
internal_weight=482 44 438 144 71 73 45 294 274
internal_count=482 44 438 144 71 73 45 294 274
is_linear=0
shrinkage=0.01


Tree=137
num_leaves=8
num_cat=0
split_feature=79 17 32 28 79 49 56
split_gain=0.498363 0.623023 0.382168 0.217295 0.271062 0.0541069 0.219543
threshold=8.604285615000002 140.19000000000003 5.5285714350000008 2.2428571415000005 8.350000041000003 0.60000001650000001 0.18499994250000004
decision_type=2 2 2 2 2 2 2
left_child=1 2 3 -1 -5 -2 -7
right_child=5 -3 -4 4 -6 6 -8
leaf_value=-0.00066482483229152471 -0.0085229757321829604 0.0013983639808004911 0.00014188088228904547 3.7129964177859382e-05 -0.00031682580679855262 -0.0018991586833617272 0.00014437080224517914
leaf_weight=93 197 26 31 23 21 68 25
leaf_count=93 197 26 31 23 21 68 25
internal_value=-0.000123762 0.000261807 2.36966e-05 -0.000192308 0.000357143 -0.000388583 -0.000154584
internal_weight=484 194 168 137 44 290 93
internal_count=484 194 168 137 44 290 93
is_linear=0
shrinkage=0.01


Tree=138
num_leaves=10
num_cat=0
split_feature=62 49 88 13 13 40 59 26 7
split_gain=0.677202 0.580761 0.488457 0.278706 0.266853 0.142067 0.188056 0.0686894 0.0439752
threshold=1.1549997330000001 1.9000000135000001 21.597050835000005 0.68884875000000012 0.67363963350000011 12.800000015000002 40.564999105000005 4.0214285510000005 0.41697448600000003
decision_type=2 2 8 2 2 2 2 2 2
left_child=1 2 -1 4 7 8 -7 -4 -2
right_child=5 -3 3 -5 -6 6 -8 -9 -10
leaf_value=0.00042583101325784366 -0.0071955719727939309 0.00080564926047275282 -0.0021398375790479397 -0.00061940674990024506 0.00086804034366137653 0.000181546149312619 -0.0055429330116919103 0.0027654698260271798 -0.0049988957794866382
leaf_weight=24 20 31 23 78 20 20 24 20 224
leaf_count=24 20 31 23 78 20 20 24 20 224
internal_value=-4.12542e-05 0.000406504 0.0001538 -5.99437e-05 0.00041536 -0.000353186 0.000133928 0 -0.000449347
internal_weight=484 196 165 141 63 288 44 43 244
internal_count=484 196 165 141 63 288 44 43 244
is_linear=0
shrinkage=0.01


Tree=139
num_leaves=9
num_cat=0
split_feature=75 40 43 0 40 1 20 1
split_gain=0.431421 0.409006 0.298255 0.46739 0.866628 0.205806 0.0774957 0.0186605
threshold=5.2392857075000014 8.2499999740000032 0.65000000600000007 0.12219471650000001 10.000000035000001 0.23494250000000003 1.8571428655000002 0.21667271400000002
decision_type=2 2 2 2 2 2 2 2
left_child=1 -1 5 7 -5 -3 -2 -4
right_child=6 2 3 4 -6 -7 -8 -9
leaf_value=0.0046278972212467811 -0.0079474785633138027 0.00053100258948147387 -0.00011605931728132957 -0.0041557779901732839 0.0011487208215833369 -0.0037076964498014152 -0.0016553118567183922 -0.00051597019134719247
leaf_weight=32 158 29 20 21 33 96 39 25
leaf_count=32 158 29 20 21 33 96 39 25
internal_value=-3.19525e-05 0.000233645 7.11743e-05 0.000485972 0.00111314 -0.000242448 -0.000386754 -0.000229258
internal_weight=453 256 224 99 54 125 197 45
internal_count=453 256 224 99 54 125 197 45
is_linear=0
shrinkage=0.01


Tree=140
num_leaves=8
num_cat=0
split_feature=11 19 33 54 87 2 17
split_gain=0.407707 0.248828 0.137029 0.121637 0.162522 0.0825037 0.0426104
threshold=0.72879371400000015 2.6142856900000004 4.2714286360000004 2.2999997140000006 26.397590145000006 0.28431474300000004 154.51500000000001
decision_type=2 2 2 2 10 2 2
left_child=1 2 3 4 5 -1 -5
right_child=-2 -3 -4 6 -6 -7 -8
leaf_value=8.0062466760944423e-05 0.00068776353180475202 2.28086504724893e-05 0.00011147868262507591 -0.0026885009877383377 -0.0017383032662459212 -9.3453740683252092e-05 -0.0011900755863584512
leaf_weight=20 35 22 38 280 44 21 21
leaf_count=20 35 22 38 280 44 21 21
internal_value=-0.000162931 -0.000248433 -0.000306026 -0.00036453 -5.82762e-06 0.00041866 -0.000458913
internal_weight=481 446 424 386 85 41 301
internal_count=481 446 424 386 85 41 301
is_linear=0
shrinkage=0.01


Tree=141
num_leaves=7
num_cat=0
split_feature=88 10 80 50 33 0
split_gain=0.264766 0.30533 0.259406 0.234374 0.243985 0.0226349
threshold=25.572599765000003 0.70842802400000016 12.550000055000002 0.99999999650000004 4.1642856600000009 0.28510645100000004
decision_type=10 2 2 2 2 2
left_child=3 2 -2 4 -1 -6
right_child=1 -3 -4 -5 5 -7
leaf_value=0.00057428175050406661 0.0010279067706966403 0.00086616689150720294 -0.00057243294186579391 -0.0037927678116811345 -0.00019310373660451103 -0.0052398185607517049
leaf_weight=27 33 21 58 275 20 32
leaf_count=27 33 21 58 275 20 32
internal_value=-0.000216367 0.000195035 -3.81265e-05 -0.000352311 0.000106516 -0.000265152
internal_weight=466 112 91 354 79 52
internal_count=466 112 91 354 79 52
is_linear=0
shrinkage=0.01


Tree=142
num_leaves=9
num_cat=0
split_feature=43 38 44 0 26 44 6 73
split_gain=0.574166 0.714493 0.370649 0.341765 0.214304 0.190605 0.0372863 0.0161516
threshold=0.65000000600000007 6.1000002025000013 3.5000000300000003 0.10180833350000001 4.1285714930000008 3.4999999890000004 0.56836071450000014 8.4992856980000013
decision_type=2 2 2 2 2 2 2 2
left_child=4 -2 3 -3 6 -6 7 -1
right_child=1 2 -4 -5 5 -7 -8 -9
leaf_value=-0.0020767175085194128 0.00072028981085736708 -5.8027931318224422e-05 -0.0025751954861971803 0.00059154725083657319 0.0070232738483123674 -0.00043737078587026938 -0.0016784035451515794 -0.0045331471624472028
leaf_weight=34 28 36 57 22 28 20 20 209
leaf_count=34 28 36 57 22 28 20 20 209
internal_value=-5.49693e-05 0.000462448 9.06735e-05 0.000663265 -0.000299872 0.000286885 -0.000415087 -0.000449139
internal_weight=454 143 115 58 311 48 263 243
internal_count=454 143 115 58 311 48 263 243
is_linear=0
shrinkage=0.01


Tree=143
num_leaves=10
num_cat=0
split_feature=74 39 43 14 40 40 40 11 37
split_gain=0.568499 0.42313 0.786339 0.594605 0.365952 0.234788 0.0851555 0.0436387 0.0325544
threshold=6.6328572025000012 14.700000065000003 0.70000002150000007 0.73911531400000008 8.1999998540000014 11.499999900000002 12.800000015000002 0.50618392850000016 10.249999790000002
decision_type=2 2 2 2 2 2 2 2 2
left_child=1 2 4 -4 -1 8 7 -2 -6
right_child=6 -3 3 -5 5 -7 -8 -9 -10
leaf_value=0.0043172313358709824 -0.007572021307235206 -0.00079412845244880874 0.0039115860010935175 0.00058690254758735386 -0.0047714113650263856 3.0206054996284546e-05 -0.0014198545678163149 -0.0084651063310229643 -0.0021634533283977219
leaf_weight=20 20 52 23 21 63 21 33 211 20
leaf_count=20 20 52 23 21 63 21 33 211 20
internal_value=-6.18813e-05 0.000307971 0.000556872 0.00169643 0.000128205 -9.542e-05 -0.000377644 -0.000446506 -0.000352029
internal_weight=484 220 168 44 124 104 264 231 83
internal_count=484 220 168 44 124 104 264 231 83
is_linear=0
shrinkage=0.01


Tree=144
num_leaves=8
num_cat=0
split_feature=16 14 17 87 25 47 2
split_gain=0.525613 0.555662 0.484211 0.283792 0.522921 0.152813 0.0996547
threshold=0.6776522140000002 0.6699166430000002 154.51500000000001 25.793231570000003 4.0571428540000012 56.250000395000008 0.29808214250000004
decision_type=2 2 2 8 2 2 2
left_child=5 -2 3 4 6 -1 -3
right_child=1 2 -4 -5 -6 -7 -8
leaf_value=-0.0077742521239842497 0.0074581718700078058 0.00027046905124981647 0.00076238335168706439 -0.00082551044480177734 0.0005484566104892773 2.9902686208124373e-05 -0.00016370544616593782
leaf_weight=220 20 20 25 92 22 21 40
leaf_count=220 20 20 25 92 22 21 40
internal_value=-8.24654e-05 0.000266151 9.25925e-05 -8.58125e-05 0.000326087 -0.000407362 -0.000131579
internal_weight=460 219 199 174 82 241 60
internal_count=460 219 199 174 82 241 60
is_linear=0
shrinkage=0.01


Tree=145
num_leaves=8
num_cat=0
split_feature=75 88 37 17 25 3 73
split_gain=0.405858 0.313781 0.540584 0.239929 0.115964 0.0662955 0.0601046
threshold=5.0242856460000009 24.358773140000004 9.3000000865000008 134.96500000000003 4.1857143300000006 0.33082507150000007 8.422857114000001
decision_type=2 10 2 2 2 2 2
left_child=1 3 -3 6 -2 -4 -1
right_child=4 2 5 -5 -6 -7 -8
leaf_value=-0.00042545267893592635 -0.0041601891096745428 0.0033802801137284982 0.0081878819321223803 0.00043924964612709991 9.2051792922266776e-05 -0.00026475833930610456 -0.0017759366086295802
leaf_weight=38 224 30 20 20 28 22 71
leaf_count=38 224 30 20 20 28 22 71
internal_value=-0.000142133 0.000185827 0.000714286 -9.63021e-05 -0.000411393 0 -0.000295993
internal_weight=453 201 72 129 252 42 109
internal_count=453 201 72 129 252 42 109
is_linear=0
shrinkage=0.01


Tree=146
num_leaves=8
num_cat=0
split_feature=86 21 17 20 34 3 45
split_gain=0.558085 0.49423 0.246163 0.688529 0.272361 0.431448 0.0447637
threshold=131.83848035000003 1.7571428415000001 118.70500000000001 1.8142857125000003 4.7499999830000013 0.33904378550000008 4.1000000015000007
decision_type=2 2 2 2 2 2 2
left_child=2 -2 4 -4 6 -6 -1
right_child=1 -3 3 -5 5 -7 -8
leaf_value=4.3488722720039787e-05 -0.00067925056006164664 0.0023646711360371083 -0.0010239963496748372 0.0006397454860915283 6.5543377309145955e-05 -0.0011386611162575197 -0.0025140108060857005
leaf_weight=20 24 23 43 28 28 36 261
leaf_count=20 24 23 43 28 28 36 261
internal_value=-8.51661e-05 0.000930962 -0.000206334 0.00031337 -0.000319549 0.000246913 -0.000455997
internal_weight=463 47 416 71 345 64 281
internal_count=463 47 416 71 345 64 281
is_linear=0
shrinkage=0.01


Tree=147
num_leaves=10
num_cat=0
split_feature=49 88 20 58 70 76 40 2 3
split_gain=0.691472 0.658986 0.755124 0.219529 0.266414 0.100956 0.0664577 0.0757048 0.0180012
threshold=1.0499999970000002 26.400856380000004 1.7857142985000001 0.3850002285000001 8.1335714885000012 15.629999840000002 12.800000015000002 0.28203866650000003 0.33615882150000004
decision_type=2 8 2 2 2 2 2 2 2
left_child=3 2 -2 4 -1 -3 -5 -8 -6
right_child=1 5 -4 6 8 -7 7 -9 -10
leaf_value=0.0053335288508851641 7.4171038463379275e-06 0.004307578990175598 0.0030495434985769944 -0.0015480308734469057 -0.0021437042682023754 -0.0020836230317274177 2.379529061890845e-05 -0.00066931808884305283 -0.003979941059642003
leaf_weight=24 37 20 29 217 20 41 20 26 24
leaf_count=24 37 20 29 217 20 41 20 26 24
internal_value=-3.70533e-05 0.000582942 0.00127245 -0.000281796 0.000203488 -0.000137541 -0.000415087 -2.13676e-05 -0.000223214
internal_weight=458 127 66 331 68 61 263 46 44
internal_count=458 127 66 331 68 61 263 46 44
is_linear=0
shrinkage=0.01


Tree=148
num_leaves=6
num_cat=0
split_feature=16 17 15 9 6
split_gain=0.39596 0.422742 0.276233 0.44949 0.207629
threshold=0.6776522140000002 162.23500000000004 0.7266769525000002 0.63930679150000014 0.40115678550000006
decision_type=2 2 2 2 2
left_child=-1 2 3 4 -2
right_child=1 -3 -4 -5 -6
leaf_value=-0.0076384369758539829 0.004931996670096723 0.0006848840828136602 -0.00053847562711820151 6.3510543672190851e-05 -0.00044468390059890418
leaf_weight=251 24 27 92 24 52
leaf_count=251 24 27 92 24 52
internal_value=-0.000218777 8.41673e-05 -7.26142e-05 0.000277778 -7.81251e-05
internal_weight=470 219 192 100 76
internal_count=470 219 192 100 76
is_linear=0
shrinkage=0.01


Tree=149
num_leaves=7
num_cat=0
split_feature=16 40 3 42 23 26
split_gain=0.439186 0.557756 0.407699 0.918536 0.252326 0.191381
threshold=0.6776522140000002 12.800000015000002 0.33529569050000002 1.0000000180025095e-35 1.8571428530000003 4.1428571940000003
decision_type=2 2 2 2 2 2
left_child=5 2 3 4 -2 -1
right_child=1 -3 -4 -5 -6 -7
leaf_value=-0.008619580140954753 -0.00057297980807876421 0.00062930277687056699 -0.00021167216616726125 0.0031190158291909383 0.0040916087606299107 0.0005624115133936367
leaf_weight=223 55 28 86 26 21 37
leaf_count=223 55 28 86 26 21 37
internal_value=-9.64766e-05 0.000230627 2.11863e-05 0.000457198 -7.81251e-05 -0.000375767
internal_weight=476 216 188 102 76 260
internal_count=476 216 188 102 76 260
is_linear=0
shrinkage=0.01


Tree=150
num_leaves=6
num_cat=1
split_feature=10 89 25 10 17
split_gain=0.437518 0.198477 0.520575 0.0453985 0.031695
threshold=0.71924578600000011 0 4.0499999865000005 0.7008232860000001 99.815000000000012
decision_type=2 1 2 2 2
left_child=1 2 4 -3 -1
right_child=-2 3 -4 -5 -6
leaf_value=-0.0049361604940959675 0.00055251140128571006 -0.0022009879781765386 0.0018477941038985242 -0.00092329414652652373 -9.1588488879583711e-05
leaf_weight=59 37 300 27 20 20
leaf_count=59 37 300 27 20 20
internal_value=-0.000236093 -0.000330366 4.28081e-05 -0.0004474 -0.000344612
internal_weight=463 426 106 320 79
internal_count=463 426 106 320 79
cat_boundaries=0 1
cat_threshold=142869506
is_linear=0
shrinkage=0.01


Tree=151
num_leaves=8
num_cat=0
split_feature=17 46 75 28 39 0 0
split_gain=0.605432 0.793119 0.150758 0.196119 0.433023 0.0734472 0.0210574
threshold=130.56500000000003 12.399999995000003 4.9549999125000008 2.2428571415000005 14.550000280000001 0.23388037500000003 0.12550053100000003
decision_type=2 2 2 2 2 2 2
left_child=2 -2 3 -1 -5 -3 -6
right_child=1 5 -4 4 6 -7 -8
leaf_value=-0.0035686393820568785 0.0015494749943614882 -0.0065775647121464496 -0.0033096185420571017 7.9949174329053014e-05 -0.00089514999825762633 0.00034954887201926272 0.00011074375688018057
leaf_weight=67 20 25 246 26 29 20 20
leaf_count=67 20 25 246 26 29 20 20
internal_value=-0.000186205 0.000691489 -0.000339506 -6.30253e-05 0.000270448 -1.09171e-05 -0.000251004
internal_weight=453 65 388 142 75 45 49
internal_count=453 65 388 142 75 45 49
is_linear=0
shrinkage=0.01


Tree=152
num_leaves=8
num_cat=0
split_feature=86 86 46 15 58 39 77
split_gain=0.377194 0.52605 0.20762 0.139532 0.0767657 0.0615385 0.0456294
threshold=131.48502525000004 132.11383705000003 9.899999719000002 0.75344214250000008 0.239999771 1.0500000045000002 12.127857075000001
decision_type=2 2 2 2 2 2 2
left_child=2 -2 -1 4 5 -4 -6
right_child=1 -3 3 -5 6 -7 -8
leaf_value=4.537295113346461e-05 0.0005452035623755698 -5.6558220854547822e-05 -0.0076788461833011837 0.006290907785019984 -0.0041446678934681219 0.00044964911722803592 -0.0038239173219196251
leaf_weight=28 20 34 20 20 20 20 317
leaf_count=28 20 34 20 20 20 20 317
internal_value=-0.00020321 0.000565693 -0.000306482 -0.000368276 -0.00041424 0 -0.000463292
internal_weight=479 54 425 397 377 40 337
internal_count=479 54 425 397 377 40 337
is_linear=0
shrinkage=0.01


Tree=153
num_leaves=8
num_cat=0
split_feature=25 74 2 75 5 5 12
split_gain=0.526419 0.309572 0.492564 0.59072 0.222833 0.0437724 0.0351682
threshold=4.1857143300000006 6.471428500500001 0.30390589300000004 4.7471428950000005 0.35079978550000007 0.51728935750000005 0.73828396400000007
decision_type=2 2 2 2 2 2 2
left_child=1 2 3 4 -1 -3 -4
right_child=-2 5 6 -5 -6 -7 -8
leaf_value=0.0041432992697183028 0.00049888294260421579 -0.0064503616752842313 -0.00026803057196798198 0.003216424779114956 -0.0011330370053747433 -0.0011304782178281237 0.00030250121008455923
leaf_weight=20 38 216 78 29 35 20 20
leaf_count=20 38 216 78 29 35 20 20
internal_value=-0.000100701 -0.000207737 9.29977e-05 0.000660377 8.96046e-06 -0.000447635 -0.000374494
internal_weight=456 418 182 84 55 236 98
internal_count=456 418 182 84 55 236 98
is_linear=0
shrinkage=0.01


Tree=154
num_leaves=8
num_cat=0
split_feature=16 17 45 3 62 75 5
split_gain=0.557669 0.629944 1.3112 0.309329 0.415482 0.870499 0.0240534
threshold=0.66486142900000011 130.56500000000003 5.7000000735000009 0.33004750000000005 1.1549997330000001 4.7471428950000005 0.39536521450000001
decision_type=2 2 2 2 2 2 2
left_child=-1 3 -3 4 5 -2 -6
right_child=1 2 -4 -5 6 -7 -8
leaf_value=-0.0070186861596592169 -0.0001625452269117099 -0.0016713557233442051 0.0021655788156990726 -0.00017045096221107188 -0.003069206940353373 0.00023598226257940836 0.00042802232341107918
leaf_weight=214 31 25 27 93 35 23 20
leaf_count=214 31 25 27 93 35 23 20
internal_value=-0.000110922 0.000200157 0.00117424 -4.43788e-05 0.0003051 0.000930657 -0.000277778
internal_weight=468 254 52 202 109 54 55
internal_count=468 254 52 202 109 54 55
is_linear=0
shrinkage=0.01


Tree=155
num_leaves=9
num_cat=0
split_feature=57 27 6 15 40 1 17 17
split_gain=0.464415 0.326633 0.330189 0.422208 0.221614 0.0615385 0.0442999 0.0347098
threshold=2.9499998095000004 3.6642857450000004 0.43842175000000005 0.72177561900000009 10.699999925000002 0.22386785700000003 148.54000000000005 35.515000000000008
decision_type=2 2 2 2 2 2 2 2
left_child=1 4 5 -4 7 -3 -2 -1
right_child=6 2 3 -5 -6 -7 -8 -9
leaf_value=0.00022441933180309792 -0.0039008482789582026 0.00039353409836668022 0.0014005396028906947 0.0051190575579072453 0.00047415716412538251 -0.0004734371521363331 -0.0052138338382378803 -0.001755081684846866
leaf_weight=20 238 20 20 24 23 20 20 75
leaf_count=20 238 20 20 24 23 20 20 75
internal_value=-0.000169271 0.000182446 0.000660377 0.00125 -0.000143098 0 -0.000452087 -0.000370564
internal_weight=460 202 84 44 118 40 258 95
internal_count=460 202 84 44 118 40 258 95
is_linear=0
shrinkage=0.01


Tree=156
num_leaves=8
num_cat=0
split_feature=57 3 42 5 3 9 13
split_gain=0.393378 0.432232 0.489517 0.423941 0.347519 0.0431691 0.0342222
threshold=3.5000004765000008 0.33839942850000004 0.25000000750000007 0.37527847650000007 0.31490748550000008 0.50185125000000019 0.75677550850000019
decision_type=2 2 2 2 2 2 2
left_child=1 2 3 -1 -5 -2 -3
right_child=5 6 -4 4 -6 -7 -8
leaf_value=-0.0022934607014411241 -0.0013855898557766611 -0.00083385829355273229 0.0033042893171120183 0.0071064421174929851 1.0511657804366362e-05 -0.0062180294173381266 -0.00072367515959778867
leaf_weight=50 20 72 25 27 34 195 20
leaf_count=50 20 72 25 27 34 195 20
internal_value=-0.00013407 0.000148601 0.000511696 0.000201252 0.000768608 -0.00044254 -0.000366379
internal_weight=443 228 136 111 61 215 92
internal_count=443 228 136 111 61 215 92
is_linear=0
shrinkage=0.01


Tree=157
num_leaves=7
num_cat=0
split_feature=11 24 42 4 34 38
split_gain=0.309868 0.494025 0.222586 0.342006 0.0406802 0.0457055
threshold=0.72309657150000006 2.2428571540000006 0.35000000900000006 0.37377971400000004 4.9857142310000011 10.850000060000001
decision_type=2 2 2 2 2 2
left_child=2 -2 4 -4 5 -1
right_child=1 -3 3 -5 -6 -7
leaf_value=-0.0025391378247768084 -0.006643145176067471 0.00062593802825884918 0.00027095193425327908 -7.9092257913204974e-05 4.6350146170879567e-05 -0.00018006381936120698
leaf_weight=323 26 23 22 29 20 20
leaf_count=323 26 23 22 29 20 20
internal_value=-0.000257654 0.000471887 -0.000349566 0.000241313 -0.000438428 -0.000463933
internal_weight=463 49 414 51 363 343
internal_count=463 49 414 51 363 343
is_linear=0
shrinkage=0.01


Tree=158
num_leaves=9
num_cat=0
split_feature=16 3 82 43 44 37 1 4
split_gain=0.596632 0.404018 0.616278 0.531855 0.137089 0.113378 0.179847 0.0882459
threshold=0.66486142900000011 0.33529569050000002 18.449285780000004 0.69999999550000014 2.9000000210000003 5.0999999940000009 0.32288421450000004 0.33346874250000008
decision_type=2 2 2 2 2 2 2 2
left_child=-1 2 3 -2 7 6 -3 -4
right_child=1 5 4 -5 -6 -7 -8 -9
leaf_value=-0.0075599400850037057 0.0014962872572525108 0.0026580133488336814 -0.0007471314003262106 0.0050057883178282851 -0.0016408870872087929 -0.0021174216195587532 -0.0011303136730504021 0.00094008862099716152
leaf_weight=221 36 20 22 21 36 69 22 20
leaf_count=221 36 20 22 21 36 69 22 20
internal_value=-0.00011009 0.000222852 0.000592783 0.00137543 0 -0.000210197 0.000163551 0.000397196
internal_weight=467 246 135 57 78 111 42 42
internal_count=467 246 135 57 78 111 42 42
is_linear=0
shrinkage=0.01


Tree=159
num_leaves=6
num_cat=0
split_feature=17 16 10 5 25
split_gain=0.576946 0.301678 0.221245 0.40407 0.13044
threshold=162.23500000000004 0.75413885700000016 0.54691578600000013 0.34418150000000008 4.1928571635000011
decision_type=2 2 2 2 2
left_child=1 2 3 -1 -4
right_child=-2 -3 4 -5 -6
leaf_value=-0.0017335699685312323 0.00071333967948570838 0.0061543359320256385 -0.0028305838301208221 0.0080357505010660545 2.5478234887315208e-05
leaf_weight=31 39 20 330 20 26
leaf_count=31 39 20 330 20 26
internal_value=-0.000173522 -0.000284011 -0.000346984 0.000241313 -0.00043722
internal_weight=466 427 407 51 356
internal_count=466 427 407 51 356
is_linear=0
shrinkage=0.01


Tree=160
num_leaves=8
num_cat=0
split_feature=62 27 17 21 1 15 4
split_gain=0.369689 0.503094 0.643845 0.269566 0.0983101 0.0860193 0.0342222
threshold=1.1900000570000002 3.6142857160000004 113.62500000000001 1.7714285465000004 0.21296164300000001 0.72845971400000009 0.33777235700000008
decision_type=2 2 2 2 2 2 2
left_child=1 6 3 -3 -5 -2 -1
right_child=5 2 -4 4 -6 -7 -8
leaf_value=0.00022656854430600282 -0.0055317788346702437 0.0034716924382597798 0.00070069236773054159 0.00044069518932436159 -0.0013893796818599258 2.4547846198365794e-05 -0.0002310020644676171
leaf_weight=20 222 23 21 20 39 38 72
leaf_count=20 222 23 21 20 39 38 72
internal_value=-0.000165643 0.000155771 0.000640655 0.000205314 -0.000125418 -0.000414111 -0.000366379
internal_weight=455 195 103 82 59 260 92
internal_count=455 195 103 82 59 260 92
is_linear=0
shrinkage=0.01


Tree=161
num_leaves=8
num_cat=0
split_feature=88 39 6 38 59 11 0
split_gain=0.487134 0.48529 0.501063 0.134232 0.139737 0.0452202 0.0221279
threshold=25.797875890000004 14.700000065000003 0.4970687860000001 8.2500001195000028 34.214999675000008 0.48925350000000006 0.10870237500000002
decision_type=10 2 2 2 2 2 2
left_child=3 2 -2 4 -1 -6 -3
right_child=1 6 -4 -5 5 -7 -8
leaf_value=0.0006338131489538305 5.1884987925059454e-05 -9.847288709164404e-05 0.00067029503157505052 0.00025761102796991955 -0.0043863921734146258 -0.0032395509000221669 -0.0001954937750058941
leaf_weight=22 36 20 20 20 20 288 31
leaf_count=22 36 20 20 20 20 288 31
internal_value=-0.000167104 0.000412801 0.00105634 -0.000350627 -0.000402056 -0.000459845 -0.000260618
internal_weight=457 107 56 350 330 308 51
internal_count=457 107 56 350 330 308 51
is_linear=0
shrinkage=0.01


Tree=162
num_leaves=9
num_cat=0
split_feature=16 13 46 0 0 56 25 0
split_gain=1.18226 0.539933 0.660341 0.88432 0.462047 0.186563 0.263612 0.0365163
threshold=0.66486142900000011 0.64432570000000011 11.149999985000003 0.26401193750000002 0.12681091700000002 0.055000305500000006 4.1785714625000008 0.27844683300000006
decision_type=2 2 2 2 2 2 2 2
left_child=-1 -2 3 4 -3 6 7 -4
right_child=1 2 5 -5 -6 -7 -8 -9
leaf_value=-0.0076391722021890715 0.0068409084828986713 0.004097882036626331 -0.00038005947616280247 -9.4481110613853613e-05 0.00068226746690287061 0.00017036491063910549 8.0525492332574983e-05 -0.00073800016171799321
leaf_weight=232 23 21 88 21 21 32 21 20
leaf_count=232 23 21 88 21 21 32 21 20
internal_value=1.77156e-05 0.000502421 0.000338078 0.00119906 0.00203271 0 -0.000173344 -0.00038603
internal_weight=479 247 224 63 42 161 129 108
internal_count=479 247 224 63 42 161 129 108
is_linear=0
shrinkage=0.01


Tree=163
num_leaves=9
num_cat=0
split_feature=79 27 17 15 88 26 16 5
split_gain=0.624945 0.7899 0.805559 0.432401 0.135041 0.0657972 0.0757048 0.0304949
threshold=8.604285615000002 3.6214285750000004 109.80000000000003 0.70211948550000014 26.831538410000004 4.1071428060000015 0.60464378550000009 0.44883900000000004
decision_type=2 2 2 2 10 2 2 2
left_child=1 7 3 -3 5 -2 -7 -1
right_child=4 2 -4 -5 -6 6 -8 -9
leaf_value=-0.00083579255065754563 -0.0042818119428777454 0.00074444565923078687 0.002455527340143916 -6.2914892500857928e-05 0.00076203415247164564 -0.014900888766458098 0.0011949397805801499 -0.0012489046541525374
leaf_weight=54 208 38 20 39 20 26 20 20
leaf_count=54 208 38 20 39 20 26 20 20
internal_value=-4.59849e-05 0.000422002 0.00101738 0.000507712 -0.000345706 -0.000412088 -2.13676e-05 -0.000334225
internal_weight=445 171 97 77 274 254 46 74
internal_count=445 171 97 77 274 254 46 74
is_linear=0
shrinkage=0.01


Tree=164
num_leaves=9
num_cat=0
split_feature=49 17 66 22 48 17 17 51
split_gain=0.727248 0.457162 0.326855 0.547799 0.235973 0.150036 0.118855 0.0419918
threshold=0.60000000500000006 162.23500000000004 81.655001640000009 1.700000001 7.2000000065000007 154.51500000000001 22.270000000000007 6.6999999545000009
decision_type=2 2 2 2 2 2 2 2
left_child=5 2 3 4 -2 7 -4 -1
right_child=1 -3 6 -5 -6 -7 -8 -9
leaf_value=-0.0031088629318710283 -0.0046723350891170494 0.0012072148890699696 0.0091401046881750669 0.0048899481588465469 0.00033571405642544697 0.00027834070759116933 -0.0012474949906780932 -0.0025735502652820224
leaf_weight=246 32 20 20 23 29 20 59 21
leaf_count=246 32 20 20 23 29 20 59 21
internal_value=-7.00936e-05 0.000416213 0.000222833 0.000660377 0.000121359 -0.000387422 -0.000219298 -0.000453697
internal_weight=470 183 163 84 61 287 79 267
internal_count=470 183 163 84 61 287 79 267
is_linear=0
shrinkage=0.01


Tree=165
num_leaves=10
num_cat=0
split_feature=88 33 88 41 58 17 0 7 0
split_gain=0.726863 0.340089 0.457477 0.374035 0.290408 0.345299 0.111033 0.0439257 0.0173151
threshold=24.358773140000004 3.2499999660000003 26.397590145000006 4.099999941500001 0.52500009550000015 39.240000000000002 0.24605875000000002 0.41697448600000003 0.11216714600000001
decision_type=10 2 10 2 2 2 2 2 2
left_child=4 -2 -3 8 5 -1 -7 -6 -4
right_child=1 2 3 -5 7 6 -8 -9 -10
leaf_value=0.0033555421846168994 -0.0054707388810359163 0.00093501148290306478 -0.00013880614651666458 0.0032678426972946968 0.00052657630966919335 0.0006620292931079064 -0.0012342679886462526 -0.003087504436637252 -0.00027297731021482625
leaf_weight=30 24 39 20 27 20 20 50 222 23
leaf_count=30 24 39 20 27 20 20 50 222 23
internal_value=-1.15596e-05 0.000609118 0.000851548 0.000324859 -0.000259627 0.000178571 -0.000183616 -0.000448929 -0.000216895
internal_weight=475 133 109 70 342 100 70 242 43
internal_count=475 133 109 70 342 100 70 242 43
is_linear=0
shrinkage=0.01


Tree=166
num_leaves=9
num_cat=0
split_feature=74 41 33 86 28 26 41 0
split_gain=0.366097 0.519615 0.26007 0.171082 0.228571 0.0581328 0.0745477 0.0379418
threshold=6.6578571370000006 3.5999999345000004 4.3071428705000008 115.69645150000001 2.2285714235000005 4.1071428060000015 2.9999999405000004 0.11098786800000002
decision_type=2 2 2 2 2 2 2 2
left_child=1 -1 3 4 -3 -2 -7 -5
right_child=5 2 -4 7 -6 6 -8 -9
leaf_value=0.00058953506694466853 -0.0060073388335549873 -0.0015689923900000307 0.00012177260933172635 -0.00058366001236818152 0.0056652724653959161 -0.0078178522548811389 0.00065409049196382099 -0.00022968169132867641
leaf_weight=31 190 22 28 20 26 28 21 101
leaf_count=31 190 22 28 20 26 28 21 101
internal_value=-0.000131467 0.000148601 -3.28616e-05 -0.000191402 0.000286885 -0.000406589 -5.02009e-05 -0.000398194
internal_weight=467 228 197 169 48 239 49 121
internal_count=467 228 197 169 48 239 49 121
is_linear=0
shrinkage=0.01


Tree=167
num_leaves=9
num_cat=0
split_feature=79 88 70 58 6 10 70 0
split_gain=0.352077 0.79746 0.259717 0.574608 0.120735 0.125896 0.0636255 0.0799496
threshold=8.4942856855000013 25.572599765000003 8.1335714885000012 0.48000001900000006 0.58188766650000012 0.48367490500000004 7.8714285575000007 0.23704348600000003
decision_type=2 10 2 2 2 2 2 2
left_child=1 2 3 -1 5 -2 -7 -8
right_child=4 -3 -4 -5 -6 6 7 -9
leaf_value=0.005843022956669287 0.0072269254719142077 0.003504097084466919 -0.00069492480749972765 -0.0037837415480998855 0.00034621145910228919 -0.0031207942296162961 0.00086044267210348691 -0.0038231986661823813
leaf_weight=21 22 23 66 27 20 239 20 28
leaf_count=21 22 23 66 27 20 239 20 28
internal_value=-0.000130677 0.000286647 -4.35541e-05 0.000491803 -0.000310795 -0.000363138 -0.000422168 -4.09837e-05
internal_weight=466 137 114 48 329 309 287 48
internal_count=466 137 114 48 329 309 287 48
is_linear=0
shrinkage=0.01


Tree=168
num_leaves=9
num_cat=0
split_feature=79 21 4 5 69 87 32 10
split_gain=0.580486 0.333967 0.362059 0.522527 1.16789 0.328867 0.404945 0.0442333
threshold=8.7192857265000026 1.7142857015000004 0.39647671450000005 0.41864207150000005 -1.0850000359999998 25.784041450000004 5.5071428505000011 0.48809821400000003
decision_type=2 2 2 2 2 10 2 2
left_child=1 -1 3 5 -5 -3 -7 -2
right_child=7 2 -4 4 -6 6 -8 -9
leaf_value=-0.0015382484400513229 -0.001159674785123297 -0.00055113302414503405 -0.0010670296913645224 -2.4707359198156512e-05 0.0021032972007872255 0.0038035348059082302 -0.0032725611718745409 -0.0042637939178508076
leaf_weight=48 20 38 32 23 24 20 24 235
leaf_count=48 20 38 32 23 24 20 24 235
internal_value=-0.000129088 0.000255005 0.000478986 0.000720339 0.00155858 0.000205314 0.000803571 -0.000451525
internal_weight=464 209 161 129 47 82 44 255
internal_count=464 209 161 129 47 82 44 255
is_linear=0
shrinkage=0.01


Tree=169
num_leaves=6
num_cat=0
split_feature=86 26 25 46 26
split_gain=0.419895 0.682186 0.445101 0.250797 0.140665
threshold=131.61942115000002 3.8714286770000004 4.1857143300000006 9.899999719000002 4.2142856970000002
decision_type=2 2 2 2 2
left_child=2 -2 3 -1 -5
right_child=1 -3 -4 4 -6
leaf_value=0.00013703398087834746 -0.00044424690842564799 0.0034327210076273529 0.00089405932075976413 -0.0037446399370277732 -0.00065270812708171939
leaf_weight=27 37 23 38 333 24
leaf_count=27 37 23 38 333 24
internal_value=-0.000142916 0.000625 -0.000257805 -0.000363825 -0.000437395
internal_weight=482 60 422 384 357
internal_count=482 60 422 384 357
is_linear=0
shrinkage=0.01


Tree=170
num_leaves=9
num_cat=0
split_feature=86 47 73 17 17 28 41 17
split_gain=1.08551 0.525662 0.261541 0.370618 0.78454 0.151914 0.120361 0.0448547
threshold=131.48502525000004 1.1500000060000002 8.566428593000003 39.240000000000002 15.685 1.9499999880000003 3.6000000535000001 8.6300000000000008
decision_type=2 2 2 2 2 2 2 2
left_child=2 -2 3 4 -1 -4 -5 -7
right_child=1 -3 5 6 -6 7 -8 -9
leaf_value=-0.0035746801346314299 -0.0016744915195060774 0.0026086872339183709 0.00021030922083847603 0.00035446747144671719 0.007127517593262773 -0.0065273801657606189 -0.0018048715014437552 -0.0040816104792149987
leaf_weight=20 21 35 20 20 20 20 61 266
leaf_count=20 21 35 20 20 20 20 61 266
internal_value=-6.09757e-05 0.00123239 -0.000237261 0.000143678 0.000931372 -0.000394394 -0.000226161 -0.000456764
internal_weight=483 56 427 121 40 306 81 286
internal_count=483 56 427 121 40 306 81 286
is_linear=0
shrinkage=0.01


Tree=171
num_leaves=8
num_cat=0
split_feature=16 17 32 17 86 32 6
split_gain=0.566666 0.810475 1.37267 0.247929 0.141267 0.0430732 0.0379418
threshold=0.66486142900000011 110.87500000000001 5.3214285715000011 16.420000000000005 131.48502525000004 5.3214285715000011 0.40115678550000006
decision_type=2 2 2 2 2 2 2
left_child=5 3 -3 -2 6 -1 -5
right_child=1 2 -4 4 -6 -7 -8
leaf_value=-0.0012160590845015473 0.0072693182963392469 -0.00057484303702172153 0.00094356560570804941 0.00015064152798152208 0.00027031417919311278 -0.0089738460417304478 -0.00066223791882374342
leaf_weight=20 30 32 29 20 35 192 101
leaf_count=20 30 32 29 20 35 192 101
internal_value=-5.98087e-05 0.00026029 0.00125405 -5.88866e-05 -0.000229592 -0.000441729 -0.000398194
internal_weight=459 247 61 186 156 212 121
internal_count=459 247 61 186 156 212 121
is_linear=0
shrinkage=0.01


Tree=172
num_leaves=8
num_cat=0
split_feature=79 12 11 77 43 10 88
split_gain=0.52188 0.522277 0.337109 0.793464 0.165462 0.130079 0.102864
threshold=8.5792857920000021 0.73964307150000008 0.60369364300000006 13.565000025000002 0.70000002150000007 0.48367490500000004 26.996233585000002
decision_type=2 2 2 2 2 2 10
left_child=1 2 3 -1 -4 -2 -7
right_child=5 -3 4 -5 -6 6 -8
leaf_value=-0.0022421777572175466 0.0074544553867270545 0.0040516015083899319 -0.00047571691756353725 0.0031089037364772248 0.0001279222459108685 -0.0031842555325969735 -0.00034203001472926057
leaf_weight=26 21 20 73 27 32 237 32
leaf_count=26 21 20 73 27 32 237 32
internal_value=-8.95906e-05 0.000329978 0.000119647 0.000771375 -0.000193762 -0.000354195 -0.000416976
internal_weight=468 178 158 53 105 290 269
internal_count=468 178 158 53 105 290 269
is_linear=0
shrinkage=0.01


Tree=173
num_leaves=7
num_cat=0
split_feature=17 46 28 17 1 77
split_gain=0.56601 0.85849 0.199286 0.15782 0.0857157 0.0430778
threshold=130.56500000000003 12.000000065000002 2.4285714375 30.345000000000002 0.27035092850000003 14.099285565000002
decision_type=2 2 2 2 2 2
left_child=2 -2 5 -4 -3 -1
right_child=1 4 3 -5 -6 -7
leaf_value=-0.0019975343573992877 0.00086131692252805708 -0.0046286214943909417 0.0090277264730255647 -3.7527207343783048e-05 0.00053097408814503481 -0.0042917436336180953
leaf_weight=312 20 31 20 39 20 21
leaf_count=312 20 31 20 39 20 21
internal_value=-0.000214532 0.000591922 -0.000366599 0.00014214 -6.75677e-05 -0.000462852
internal_weight=463 71 392 59 51 333
internal_count=463 71 392 59 51 333
is_linear=0
shrinkage=0.01


Tree=174
num_leaves=8
num_cat=0
split_feature=74 41 88 13 2 20 48
split_gain=0.705804 0.767302 0.749362 0.393526 0.1524 0.0690281 0.127911
threshold=6.6328572025000012 3.5999999345000004 21.597050835000005 0.62963200000000008 0.28941417850000006 1.8571428655000002 1.1000000315000003
decision_type=2 2 8 2 2 2 2
left_child=1 -1 -3 -4 -5 -2 -7
right_child=5 2 3 4 -6 6 -8
leaf_value=0.0011012074920168722 -0.0070290116678477302 0.00016374354066317072 0.0065323549146024899 0.00075581012036208704 -0.00049308864313637969 -0.0052784564063829212 0.00054064166515271092
leaf_weight=21 187 25 23 38 103 47 33
leaf_count=21 187 25 23 38 103 47 33
internal_value=-3.45334e-05 0.000393738 0.000176501 -6.06797e-05 -0.000271509 -0.000379014 -9.901e-05
internal_weight=477 210 189 164 141 267 80
internal_count=477 210 189 164 141 267 80
is_linear=0
shrinkage=0.01


Tree=175
num_leaves=8
num_cat=0
split_feature=23 87 44 32 8 48 33
split_gain=0.363646 0.323015 0.323567 0.264748 0.423329 0.248397 0.0436659
threshold=1.8857142795000004 25.164862530000004 5.7000000475000006 5.5285714350000008 0.58997704750000002 21.750000585000006 4.085714255000001
decision_type=2 10 2 2 2 2 2
left_child=1 5 3 4 -3 -1 -2
right_child=6 2 -4 -5 -6 -7 -8
leaf_value=-0.00054272307838584073 -0.0054733146114694254 0.0031581820726029443 -0.0034713224040294993 -0.00017950814644342435 0.00011335250345933265 1.6512101329246108e-05 -0.0056565691504178277
leaf_weight=101 212 25 28 35 33 25 20
leaf_count=101 212 25 28 35 33 25 20
internal_value=-0.000161526 9.88699e-05 0.000472085 0.00076226 0.00117347 -0.00024448 -0.000446736
internal_weight=479 247 121 93 58 126 232
internal_count=479 247 121 93 58 126 232
is_linear=0
shrinkage=0.01


Tree=176
num_leaves=8
num_cat=0
split_feature=48 30 17 20 27 40 1
split_gain=0.863615 1.03363 0.256613 0.44073 0.137844 0.217555 0.0244948
threshold=19.500000385000003 2.3357142805000004 113.62500000000001 1.8285714135000002 3.6142857160000004 9.8000000005000008 0.23494250000000003
decision_type=2 2 2 2 2 2 2
left_child=2 -2 4 6 5 -1 -4
right_child=1 -3 3 -5 -6 -7 -8
leaf_value=-0.00082505480218321957 0.0026600463590504843 -0.0079353203228627513 -0.0016451946129655778 0.00061451544545093649 -0.0030322569927636661 0.00081279169775541507 -0.00081470590921845496
leaf_weight=33 32 26 20 27 293 20 36
leaf_count=33 32 26 20 27 293 20 36
internal_value=-0.000126076 0.0010034 -0.000285016 0.000196897 -0.000406575 2.78809e-05 -0.00028169
internal_weight=487 58 429 83 346 53 56
internal_count=487 58 429 83 346 53 56
is_linear=0
shrinkage=0.01


Tree=177
num_leaves=6
num_cat=0
split_feature=16 15 15 84 46
split_gain=0.250184 0.52943 0.158098 0.0940052 0.0439007
threshold=0.6776522140000002 0.69655156050000011 0.75473470250000008 16.050714085000006 27.650000380000005
decision_type=2 2 2 2 2
left_child=4 -2 3 -3 -1
right_child=1 2 -4 -5 -6
leaf_value=-0.0066455222244097192 0.0044242046111273069 -0.00076545161940070943 0.0034007199669416244 -0.00021757220613542066 -0.016280267230815822
leaf_weight=221 35 30 30 115 20
leaf_count=221 35 30 30 115 20
internal_value=-0.000229084 1.42314e-05 -0.000201934 -0.000346365 -0.000448718
internal_weight=451 210 175 145 241
internal_count=451 210 175 145 241
is_linear=0
shrinkage=0.01


Tree=178
num_leaves=8
num_cat=0
split_feature=16 24 46 16 44 36 40
split_gain=0.567354 0.687221 0.40253 0.449061 0.25159 0.161696 0.107603
threshold=0.6776522140000002 2.2642857260000002 10.700000170000001 0.71712764300000009 3.4000000435000004 0.45000000300000004 10.399999870000002
decision_type=2 2 2 2 2 2 2
left_child=5 4 -3 -4 -2 -1 -6
right_child=1 2 3 -5 6 -7 -8
leaf_value=-0.0073327629317076586 0.0028336503358664372 -0.00044333869349147691 0.0062676946878885698 0.00070109900719145355 -0.00035330579406358511 0.00031940813801898229 2.8525294928853011e-06
leaf_weight=239 32 21 25 20 93 20 25
leaf_count=239 32 21 25 20 93 20 25
internal_value=-9.56285e-05 0.000276753 0.00112275 0.00164847 -8.6207e-05 -0.00041378 -0.000311448
internal_weight=475 216 66 45 150 259 118
internal_count=475 216 66 45 150 259 118
is_linear=0
shrinkage=0.01


Tree=179
num_leaves=7
num_cat=0
split_feature=88 6 26 28 75 0
split_gain=0.635801 0.472087 0.472855 0.156162 0.104643 0.0275573
threshold=25.045844445000004 0.52418547150000017 3.8714285920000004 2.0142857265000003 3.8842856795000005 0.094170583000000016
decision_type=10 2 2 2 2 2
left_child=3 2 5 -1 -5 -2
right_child=1 -3 -4 4 -6 -7
leaf_value=0.00013225498429995038 -0.0029597671784575307 0.00088669450078748531 0.0059521452615574986 -0.00035284712237173638 -0.0027320139264373757 -0.0013118472875819776
leaf_weight=39 20 26 27 32 266 44
leaf_count=39 20 26 27 32 266 44
internal_value=-0.000120932 0.000505093 0.000136165 -0.000344879 -0.000425034 -0.000308642
internal_weight=454 117 91 337 298 64
internal_count=454 117 91 337 298 64
is_linear=0
shrinkage=0.01


Tree=180
num_leaves=7
num_cat=0
split_feature=49 79 22 28 44 75
split_gain=0.415695 0.619287 0.300012 0.128941 0.0732181 0.039302
threshold=0.60000000500000006 8.3392857485000018 1.7071428595000002 1.9785714320000001 2.7999999970000005 3.6892857095000005
decision_type=2 2 2 2 2 2
left_child=3 -2 4 -1 -3 -5
right_child=1 2 -4 5 -6 -7
leaf_value=8.372471256965801e-05 0.0014980088868978389 4.5841688215266314e-05 0.0051702506602811574 -0.0022486467857264756 -0.0035427907959215354 -0.0024003316707670143
leaf_weight=23 27 33 39 22 76 236
leaf_count=23 27 33 39 22 76 236
internal_value=-0.000144483 0.000230375 -1.3441e-05 -0.000385025 -0.000295993 -0.000452087
internal_weight=456 175 148 281 109 258
internal_count=456 175 148 281 109 258
is_linear=0
shrinkage=0.01


Tree=181
num_leaves=8
num_cat=0
split_feature=79 5 4 10 17 72 10
split_gain=0.42151 0.622967 1.52894 0.415771 0.145849 0.141428 0.0436659
threshold=8.6478572235000026 0.43995019050000006 0.39952351450000007 0.54691578600000013 148.54000000000005 6.0192856425000008 0.49315400000000004
decision_type=2 2 2 2 2 2 2
left_child=1 3 -3 -1 6 -5 -2
right_child=4 2 -4 5 -6 -7 -8
leaf_value=0.0061777183621059741 -0.0060668636918524135 0.001821084389561882 -0.0021906368711329615 -0.00042956278092659588 0.00037415530460453028 3.0816361315933876e-05 -0.0027561102546344598
leaf_weight=23 20 25 27 105 20 20 212
leaf_count=23 20 25 27 105 20 20 212
internal_value=-9.71733e-05 0.000239044 0.00117424 -8.06453e-05 -0.000371836 -0.00032194 -0.000446736
internal_weight=452 200 52 148 252 125 232
internal_count=452 200 52 148 252 125 232
is_linear=0
shrinkage=0.01


Tree=182
num_leaves=9
num_cat=0
split_feature=17 20 13 14 69 9 28 88
split_gain=0.235809 0.763293 0.217408 0.360103 0.129227 0.199105 0.0483764 0.0969204
threshold=130.56500000000003 1.8142857125000003 0.59386237500000016 0.57232485750000006 1.5907142620000003 0.65010175000000003 2.4428571380000004 25.921937140000004
decision_type=2 2 2 2 2 2 2 10
left_child=2 -2 3 -1 6 -6 -4 -8
right_child=1 -3 4 -5 5 -7 7 -9
leaf_value=-0.0085787727232167731 -0.00097045657067603808 0.00057312760408757032 -0.0029606158714208198 0.0069970810374618431 2.8204515286739486e-05 -0.00038577756947510435 0.00050550591202552786 -0.00042929971442090791
leaf_weight=24 43 26 272 20 20 27 20 38
leaf_count=24 43 26 272 20 20 27 20 38
internal_value=-0.000189487 0.000336676 -0.000280939 0.000357143 -0.000361302 9.41421e-05 -0.000432285 -0.000119048
internal_weight=490 69 421 44 377 47 330 58
internal_count=490 69 421 44 377 47 330 58
is_linear=0
shrinkage=0.01


Tree=183
num_leaves=9
num_cat=0
split_feature=62 19 15 12 38 63 19 12
split_gain=0.48594 0.406798 0.611375 0.215914 0.0968005 0.0454841 0.0954834 0.0356
threshold=1.2800002100000003 2.3285714390000005 0.72705264250000012 0.61527654800000009 8.1999999880000018 22.039999485000003 2.2571428755000005 0.72690630950000013
decision_type=2 2 2 2 2 2 2 2
left_child=1 2 -1 -3 7 -2 -7 -5
right_child=5 3 -4 4 -6 6 -8 -9
leaf_value=0.0031805948411354548 -0.0027162753882728468 0.00097128374246909703 -1.1574378490842742e-05 -0.00079167212324004468 2.0505360315496529e-05 -0.01201025229102725 0.00089255054987119836 0.00027697004911878209
leaf_weight=26 198 32 36 81 22 37 20 20
leaf_count=26 198 32 36 81 22 37 20 20
internal_value=-0.000114213 0.000227273 0.000907643 -3.53018e-05 -0.000238288 -0.000412432 -0.000112457 -0.000378193
internal_weight=472 217 62 155 123 255 57 101
internal_count=472 217 62 155 123 255 57 101
is_linear=0
shrinkage=0.01


Tree=184
num_leaves=8
num_cat=0
split_feature=25 75 60 67 17 2 4
split_gain=0.553331 0.358645 0.32876 0.397051 0.15459 0.109345 0.170852
threshold=4.1857143300000006 4.9392856585000011 28.459999560000004 49.250000000000007 148.54000000000005 0.28941417850000006 0.31360519050000008
decision_type=2 2 2 2 2 2 2
left_child=1 2 5 -4 -3 6 -1
right_child=-2 4 3 -5 -6 -7 -8
leaf_value=-0.0044872029627118729 0.0012501174911808577 -0.0014535662496913105 0.0033233448810495348 -0.0050130858798588408 0.00034351184384833605 -0.0023804990575650819 0.0051285968150518576
leaf_weight=20 36 243 34 28 21 57 20
leaf_count=20 36 243 34 28 21 57 20
internal_value=-8.15573e-05 -0.000187589 0.000178348 0.000748408 -0.000415408 -0.000168712 0.000196078
internal_weight=459 423 159 62 264 97 40
internal_count=459 423 159 62 264 97 40
is_linear=0
shrinkage=0.01


Tree=185
num_leaves=7
num_cat=0
split_feature=62 46 40 17 17 17
split_gain=0.508341 1.10284 0.223084 0.1505 0.146118 0.0437196
threshold=1.2449998855000002 10.999999905000001 7.9999998955000011 39.945000000000007 136.94500000000002 6.1350000000000007
decision_type=2 2 2 2 2 2
left_child=1 -1 -3 -4 5 -2
right_child=4 2 3 -5 -6 -7
leaf_value=0.00040712424495782478 -0.0040867891856764052 0.0038801624027222249 6.1400622598088537e-05 -0.00064095650068401414 0.00035412625637558452 -0.0025800595696475071
leaf_weight=37 20 32 37 91 20 214
leaf_count=37 20 32 37 91 20 214
internal_value=-7.4148e-05 0.000300809 -4.97514e-05 -0.000248447 -0.000372842 -0.000447189
internal_weight=451 197 160 128 254 234
internal_count=451 197 160 128 254 234
is_linear=0
shrinkage=0.01


Tree=186
num_leaves=6
num_cat=0
split_feature=25 42 3 51 28
split_gain=0.435367 0.350361 0.365397 0.18166 0.0355261
threshold=4.1857143300000006 0.25000000750000007 0.33904378550000008 6.6999999545000009 2.0142857265000003
decision_type=2 2 2 2 2
left_child=1 3 -3 4 -1
right_child=-2 2 -4 -5 -6
leaf_value=-0.00090663391859427921 0.0015944239055116494 0.0003353480231804921 -0.0010491227383954275 4.4892554264985318e-05 -0.0013204541607804781
leaf_weight=24 34 26 38 38 305
leaf_count=24 34 26 38 38 305
internal_value=-0.000172821 -0.000262853 0.000401234 -0.00038472 -0.000462402
internal_weight=465 431 64 367 329
internal_count=465 431 64 367 329
is_linear=0
shrinkage=0.01


Tree=187
num_leaves=9
num_cat=0
split_feature=74 46 48 13 4 5 78 6
split_gain=0.405599 0.419489 0.528549 0.295329 0.120669 0.191897 0.0440282 0.0954834
threshold=6.6578571370000006 11.200000170000001 8.8999997155000035 0.63226336650000015 0.33777235700000008 0.37527847650000007 14.749999930000001 0.44419878550000008
decision_type=2 2 2 2 2 2 2 2
left_child=1 2 -1 -3 5 -5 -2 -8
right_child=6 3 -4 4 -6 -7 7 -9
leaf_value=0.0026721475288334034 -0.0064948949374374612 0.0026573975365397711 -0.00091554254766452103 -0.00015941122753738602 -0.00033112810558852109 0.00034491649287221262 0.0011531629395350263 -0.0089207753864519596
leaf_weight=28 180 28 36 25 96 20 20 37
leaf_count=28 180 28 36 25 96 20 20 37
internal_value=-0.000112574 0.000177502 0.000864197 -7.36161e-05 -0.000271509 0.000120087 -0.000405803 -0.000112457
internal_weight=470 233 64 169 141 45 237 57
internal_count=470 233 64 169 141 45 237 57
is_linear=0
shrinkage=0.01


Tree=188
num_leaves=8
num_cat=1
split_feature=41 13 77 89 4 34 54
split_gain=0.492423 0.289206 0.121153 0.139459 0.263473 0.543415 0.0455772
threshold=8.099999942000002 0.76430351650000017 12.127857075000001 0 0.33673492850000003 4.4000000100000003 1.4299998285000004
decision_type=2 2 2 1 2 2 2
left_child=1 2 -1 4 5 -4 -5
right_child=-2 -3 3 6 -6 -7 -8
leaf_value=0.00010578604082998704 2.5077072764469909e-05 0.0004105677923482432 -0.015319582243189385 -0.0026488679258277236 -0.0035816602164657247 0.0067144796029512191 -0.00098339143088367739
leaf_weight=20 21 20 24 20 57 21 313
leaf_count=20 21 20 24 20 57 21 313
internal_value=-0.000193237 -0.000263766 -0.000319219 -0.000356815 0 0.000556768 -0.000449389
internal_weight=496 475 455 435 102 45 333
internal_count=496 475 455 435 102 45 333
cat_boundaries=0 1
cat_threshold=536873986
is_linear=0
shrinkage=0.01


Tree=189
num_leaves=9
num_cat=0
split_feature=50 86 53 43 79 68 5 7
split_gain=0.52605 0.347701 0.348294 0.257504 0.272994 0.208255 0.0437196 0.0327568
threshold=0.99999999650000004 122.11707235000002 1.2999997140000001 0.75000001850000009 8.4499999455000019 42.849999900000007 0.52067228550000011 0.47013692900000009
decision_type=2 2 2 2 2 2 2 2
left_child=1 2 -1 6 -5 7 -2 -6
right_child=3 -3 -4 4 5 -7 -8 -9
leaf_value=0.0028725074401333124 -0.0034656768220249724 0.0019737721625892254 -0.0011590653642943518 0.00013484298642947037 -0.0030698428843090632 0.00038845442825647579 -2.6587402134777559e-05 -0.00047629531956157659
leaf_weight=32 214 21 35 24 20 23 20 64
leaf_count=32 214 21 35 24 20 23 20 64
internal_value=-7.60248e-05 0.000608108 0.000213864 -0.000247403 9.48405e-05 -0.000106679 -0.000447189 -0.000353774
internal_weight=453 88 67 365 131 107 234 84
internal_count=453 88 67 365 131 107 234 84
is_linear=0
shrinkage=0.01


Tree=190
num_leaves=8
num_cat=0
split_feature=88 79 26 7 46 26 46
split_gain=0.501445 0.528345 0.281586 0.196002 0.108331 0.0542323 0.0908624
threshold=25.572599765000003 8.4942856855000013 3.8071428705000003 0.54870617850000014 9.899999719000002 4.1285714930000008 20.049999825000004
decision_type=10 2 2 2 2 2 2
left_child=4 -2 -3 -4 -1 -6 -7
right_child=1 2 3 -5 5 6 -8
leaf_value=6.7925317661605039e-05 0.0030238820733673199 -0.0014128482801404293 -0.0012548145237326921 0.0012863483433920597 -0.0027299798995904291 -0.0069280926560668886 0.0059564271804651023
leaf_weight=26 20 49 21 20 268 34 20
leaf_count=26 20 49 21 20 268 34 20
internal_value=-0.000189625 0.000388087 3.30395e-05 0.000657895 -0.00037844 -0.000430607 -9.1241e-05
internal_weight=458 110 90 41 348 322 54
internal_count=458 110 90 41 348 322 54
is_linear=0
shrinkage=0.01


Tree=191
num_leaves=10
num_cat=0
split_feature=57 32 76 1 37 77 1 6 2
split_gain=0.339415 0.414661 0.237136 0.41003 0.112892 0.0663986 0.0734472 0.0639114 0.0363926
threshold=3.2950000765000005 5.2999999520000012 15.731428625000001 0.26147050000000005 10.449999875000001 13.919999940000002 0.24315379250000002 0.47474085750000006 0.35036300000000004
decision_type=2 2 2 2 2 2 2 2 2
left_child=1 4 3 -3 8 -2 -7 -4 -1
right_child=5 2 7 -5 -6 6 -8 -9 -10
leaf_value=-0.00052632000610985355 -0.0051169579302078137 0.0067514307124608985 -0.0035169803448407565 -0.00011697735331400131 1.2942291495591095e-05 0.0010453070267133779 -0.0040076164324452344 8.7170610334031084e-05 -4.7960382631260235e-05
leaf_weight=87 188 35 21 32 20 20 25 20 20
leaf_count=87 188 35 21 32 20 20 25 20 20
internal_value=-0.000132253 0.000129347 0.000588235 0.000951327 -0.000246479 -0.000404192 -1.09171e-05 0 -0.000384972
internal_weight=468 235 108 67 127 233 45 41 107
internal_count=468 235 108 67 127 233 45 41 107
is_linear=0
shrinkage=0.01


Tree=192
num_leaves=10
num_cat=0
split_feature=71 24 17 13 82 33 29 14 8
split_gain=0.513992 0.406762 0.595516 0.605019 0.29145 0.367147 0.0835704 0.0819471 0.0418087
threshold=7.1900000105000013 2.2571428545000005 121.825 0.68884875000000012 16.712857110000005 4.0428571360000012 3.0142857180000004 0.69123200000000018 0.50637541450000012
decision_type=2 2 2 2 2 2 2 2 2
left_child=1 4 3 -3 5 7 -6 -1 -2
right_child=8 2 -4 -5 6 -7 -8 -9 -10
leaf_value=1.2812868580637104e-05 -0.0061951372423720624 0.0058433752778823183 0.0010259892091696039 -0.00020744866694032623 -0.0034152974881195126 0.0023907486383639965 1.6242476635946824e-05 -0.0020119956249113717 -0.00807633445220814
leaf_weight=20 20 30 20 40 89 32 31 29 159
leaf_count=20 20 30 20 40 89 32 31 29 159
internal_value=-6.37225e-06 0.000248458 0.000803965 0.000324859 0 0.000458435 -0.00031457 -5.02009e-05 -0.000431035
internal_weight=470 291 90 70 201 81 120 49 179
internal_count=470 291 90 70 201 81 120 49 179
is_linear=0
shrinkage=0.01


Tree=193
num_leaves=9
num_cat=0
split_feature=16 44 48 39 4 2 17 3
split_gain=0.513987 0.459355 0.412214 0.610299 0.293914 0.197035 0.043499 0.0372139
threshold=0.66486142900000011 3.8000000305000001 7.4000000730000011 14.249999970000003 0.33777235700000008 0.26056550000000006 7.1050000000000013 0.39041135700000001
decision_type=2 2 2 2 2 2 2 2
left_child=6 2 5 -4 -3 -2 -1 -6
right_child=1 4 3 -5 7 -7 -8 -9
leaf_value=-0.006936928291824229 0.0065619425056485329 0.00045015072402052449 0.0038160443937131799 0.00036159828516959863 -0.00061655555371298721 -0.00057801573842815421 -0.0069155350780235464 -0.00032954098508305746
leaf_weight=20 21 32 21 32 94 31 206 20
leaf_count=20 21 32 21 32 94 31 206 20
internal_value=-9.73212e-05 0.000208499 0.00071361 0.001329 -0.000143052 3.78787e-05 -0.000445326 -0.000391986
internal_weight=477 251 105 53 146 52 226 114
internal_count=477 251 105 53 146 52 226 114
is_linear=0
shrinkage=0.01


Tree=194
num_leaves=8
num_cat=1
split_feature=86 21 89 40 37 2 12
split_gain=0.524644 0.378326 0.240741 0.532372 0.24763 0.0763575 0.0443435
threshold=131.48502525000004 1.7785714185000001 0 12.050000020000001 8.7000001410000021 0.26987107150000006 0.73828396400000007
decision_type=2 2 1 2 2 2 2
left_child=2 -2 3 4 -1 -6 -4
right_child=1 -3 6 -5 5 -7 -8
leaf_value=-0.0064854509865577073 0.0026087363218246055 -2.8172267315532944e-05 -0.0026661505548831251 0.00042019286737994793 0.0088127411523256406 -0.00091708487715541078 -0.00045405298866106337
leaf_weight=95 27 25 240 25 20 20 20
leaf_count=95 27 25 240 25 20 20 20
internal_value=-0.000135364 0.000795454 -0.000256654 4.68383e-05 -0.000187776 0.000441176 -0.000435746
internal_weight=472 52 420 160 135 40 260
internal_count=472 52 420 160 135 40 260
cat_boundaries=0 1
cat_threshold=2098194
is_linear=0
shrinkage=0.01


Tree=195
num_leaves=9
num_cat=0
split_feature=17 20 57 40 46 80 25 4
split_gain=0.415582 0.873958 0.259383 0.311534 0.204146 0.0499241 0.092457 0.032135
threshold=130.56500000000003 1.8142857125000003 2.5050001145000005 8.1999998540000014 10.999999905000001 13.120714325000002 3.9999999830000004 0.33926019050000006
decision_type=2 2 2 2 2 2 2 2
left_child=2 -2 3 -1 -5 -4 -7 -6
right_child=1 -3 5 4 7 6 -8 -9
leaf_value=0.0047429718358468279 -0.0007262576287166972 0.00098583014349602933 -0.0030872885853540813 2.0704663771121201e-05 -0.00085530366002019753 -0.010784040008837908 0.00058824280474121691 -0.00023335679777257537
leaf_weight=22 39 20 219 23 20 35 20 61
leaf_count=22 39 20 219 23 20 35 20 61
internal_value=-0.000125054 0.000643813 -0.000244511 0.000118296 -9.542e-05 -0.000418486 -9.85664e-05 -0.000348411
internal_weight=459 59 400 126 104 274 55 81
internal_count=459 59 400 126 104 274 55 81
is_linear=0
shrinkage=0.01


Tree=196
num_leaves=8
num_cat=0
split_feature=5 70 28 10 77 10 10
split_gain=0.348667 0.32812 0.382394 0.203663 0.32099 0.150955 0.0446694
threshold=0.52691861950000007 7.8714285575000007 2.2428571415000005 0.61173359500000013 13.873571495000002 0.49315400000000004 0.71861128550000009
decision_type=2 2 2 2 2 2 2
left_child=1 5 3 4 -3 -1 -7
right_child=-2 2 -4 -5 -6 6 -8
leaf_value=0.0069042226330911817 0.0002980935368225811 -0.0026292130539049604 0.0034191232338394799 -0.0005367262442598959 0.0012731038526654292 -0.00111305343128535 -3.0844386622510548e-05
leaf_weight=20 25 25 27 61 30 256 20
leaf_count=20 25 25 27 61 30 256 20
internal_value=-0.000129088 -0.000198954 0.000184284 -5.137e-05 0.000367383 -0.000390836 -0.000455202
internal_weight=464 439 143 116 55 296 276
internal_count=464 439 143 116 55 296 276
is_linear=0
shrinkage=0.01


Tree=197
num_leaves=8
num_cat=0
split_feature=75 25 67 88 25 5 33
split_gain=0.32881 0.29651 0.296272 0.286921 0.273435 0.0408545 0.0397015
threshold=5.1757142710000013 4.085714255000001 46.655000210000004 27.836040485000002 3.8285714390000005 0.52202473800000015 3.4857143160000006
decision_type=2 2 2 10 2 2 2
left_child=1 3 -3 4 -1 -2 -6
right_child=5 2 -4 -5 6 -7 -8
leaf_value=3.8704371068597765e-05 -0.0070174069374487249 0.0036262262834989845 -0.0005567545894103774 0.0025140137488419839 -0.00037840275768548647 -0.0011835278100819902 -0.0009486821208302493
leaf_weight=22 200 22 21 28 20 21 122
leaf_count=22 200 22 21 28 20 21 122
internal_value=-0.000166375 8.6938e-05 0.000833333 -7.26142e-05 -0.000242719 -0.000444094 -0.000413165
internal_weight=456 235 43 192 164 221 142
internal_count=456 235 43 192 164 221 142
is_linear=0
shrinkage=0.01


Tree=198
num_leaves=6
num_cat=0
split_feature=62 10 10 40 29
split_gain=0.255858 0.278842 0.357218 0.237581 0.113116
threshold=1.2449998855000002 0.54691578600000013 0.70842802400000016 7.9999998955000011 3.2214285985000006
decision_type=2 2 2 2 2
left_child=1 -1 3 -3 -2
right_child=4 2 -4 -5 -6
leaf_value=0.0024540116403581778 -0.00516203052860422 2.2543745479181706e-05 0.00023940316582818786 -0.00091504026297951912 0.0047066927995412997
leaf_weight=24 238 27 25 120 29
leaf_count=24 238 27 25 120 29
internal_value=-0.000214532 5.08129e-05 -8.10186e-05 -0.000280785 -0.000416356
internal_weight=463 196 172 147 267
internal_count=463 196 172 147 267
is_linear=0
shrinkage=0.01


Tree=199
num_leaves=8
num_cat=0
split_feature=16 29 10 11 77 28 17
split_gain=0.369088 0.468505 0.702301 0.518069 0.647316 0.120698 0.0760289
threshold=0.60949717850000018 3.0142857180000004 0.66748757100000011 0.60369364300000006 13.565000025000002 1.9785714320000001 35.515000000000008
decision_type=2 2 2 2 2 2 2
left_child=-1 3 -3 4 -2 -5 -7
right_child=1 2 -4 5 -6 6 -8
leaf_value=-0.0094154248029958126 -0.0023930360648252765 -5.6409102628611381e-05 0.003086509769572685 6.6049978738133498e-05 0.0024256113493332713 0.00024188329749157635 -0.00086531092275292821
leaf_weight=157 22 28 25 20 29 39 147
leaf_count=157 22 28 25 20 29 39 147
internal_value=-8.87132e-05 0.000106177 0.000957249 -6.40032e-05 0.000820463 -0.000294971 -0.000380086
internal_weight=467 310 53 257 51 206 186
internal_count=467 310 53 257 51 206 186
is_linear=0
shrinkage=0.01


Tree=200
num_leaves=9
num_cat=0
split_feature=42 14 48 75 75 10 17 5
split_gain=0.461541 0.357843 0.530522 0.228122 0.327394 0.18431 0.243576 0.0443435
threshold=2.9499999360000007 0.74809521400000012 7.5000002085000004 4.919285748500001 4.7471428950000005 0.59352650000000018 35.285000000000004 0.51361392850000009
decision_type=2 2 2 2 2 2 2 2
left_child=1 3 -3 4 5 6 -1 -5
right_child=-2 2 -4 7 -6 -7 -8 -9
leaf_value=-0.0024829132681474355 3.7816443732750148e-05 -0.00070061419667492234 0.0037310316269045431 -0.0037440655503077763 0.0043656595984852354 -0.0012548686374055985 0.00029847615910183359 -0.001090420957039896
leaf_weight=22 20 25 28 240 23 78 25 20
leaf_count=22 20 25 28 240 23 78 25 20
internal_value=-0.000100664 -0.000169987 0.000585502 -0.000273973 2.68816e-05 -0.000162957 0.000303347 -0.000452454
internal_weight=481 461 53 408 148 125 47 260
internal_count=481 461 53 408 148 125 47 260
is_linear=0
shrinkage=0.01


Tree=201
num_leaves=7
num_cat=1
split_feature=86 5 5 89 75 2
split_gain=1.007 0.729149 0.119668 0.118637 0.326752 0.033337
threshold=131.19284590000004 0.44119611900000005 0.52202473800000015 0 4.7092857330000006 0.22078535700000004
decision_type=2 2 2 1 2 2
left_child=2 -2 3 4 -1 -6
right_child=1 -3 -4 -5 5 -7
leaf_value=0.00027532343863149463 -6.6279263873916024e-07 0.00062478857932584666 2.2441097433311972e-05 -0.0013716748188322165 -0.0050426951450836697 -0.0050318084568665494
leaf_weight=27 35 28 20 249 20 67
leaf_count=27 35 28 20 249 20 67
internal_value=-0.000114145 0.00104232 -0.00031136 -0.000355965 -4.00642e-05 -0.00035877
internal_weight=446 63 383 363 114 87
internal_count=446 63 383 363 114 87
cat_boundaries=0 1
cat_threshold=33554450
is_linear=0
shrinkage=0.01


Tree=202
num_leaves=7
num_cat=0
split_feature=16 12 11 4 4 0
split_gain=0.370605 0.556009 0.347302 0.2215 0.377943 0.0204918
threshold=0.66486142900000011 0.61527654800000009 0.72309657150000006 0.33777235700000008 0.31831735700000002 0.089654667000000007
decision_type=2 2 2 2 2 2
left_child=-1 -2 3 4 5 -3
right_child=1 2 -4 -5 -6 -7
leaf_value=-0.006539664717565368 0.0061615698390872203 -1.425242040582541e-05 0.00035583626526940621 -0.00044367936447324379 0.004952772012540841 -0.001914772646926571
leaf_weight=207 23 20 36 131 20 28
leaf_count=207 23 20 36 131 20 28
internal_value=-0.000172821 7.34156e-05 -6.57338e-05 -0.000237738 0.000203488 -0.000245902
internal_weight=465 258 235 199 68 48
internal_count=465 258 235 199 68 48
is_linear=0
shrinkage=0.01


Tree=203
num_leaves=9
num_cat=0
split_feature=16 21 11 11 11 79 64 10
split_gain=0.537199 0.357288 0.394895 0.352455 1.00892 0.109823 0.087495 0.0439752
threshold=0.66486142900000011 1.7142857015000004 0.59088350000000012 0.68282578550000006 0.70514161450000012 8.7778572355000026 64.434999940000026 0.48293992850000006
decision_type=2 2 2 2 2 2 2 2
left_child=7 -2 -3 5 -5 -4 -6 -1
right_child=1 2 3 4 6 -7 -8 -9
leaf_value=-0.0040723545519273843 -0.0013291730904820779 0.0064731856485598796 -7.0514066621302655e-05 0.0035883215854047193 -0.00048859756966230735 0.00060972142089241513 0.00050452788943800681 -0.0068402918822386182
leaf_weight=20 56 21 56 28 32 21 20 224
leaf_count=20 56 21 56 28 32 21 20 224
internal_value=-0.000119048 0.000217206 0.000441834 0.000250317 0.000717822 -0.000212082 -7.57577e-05 -0.000449347
internal_weight=478 234 178 157 80 77 52 244
internal_count=478 234 178 157 80 77 52 244
is_linear=0
shrinkage=0.01


Tree=204
num_leaves=7
num_cat=0
split_feature=17 46 59 38 86 0
split_gain=0.55057 1.38942 0.194718 0.149065 0.0220764 0.0216024
threshold=130.56500000000003 12.249999960000002 34.810000895000009 10.300000100000002 132.01285560000002 0.22800294750000002
decision_type=2 2 2 2 2 2
left_child=2 -2 -1 4 -4 -3
right_child=1 5 3 -5 -6 -7
leaf_value=0.0039192171881742913 0.00092785335567967362 -0.0066413634921436131 -0.0017373657411850311 0.00019659435780541246 -3.6487737002673264e-05 -0.00070380324923417228
leaf_weight=32 20 30 313 21 31 20
leaf_count=32 20 30 313 21 31 20
internal_value=-0.000195597 0.000607345 -0.000343137 -0.000411427 -0.000464037 -0.000255906
internal_weight=467 70 397 365 344 50
internal_count=467 70 397 365 344 50
is_linear=0
shrinkage=0.01


Tree=205
num_leaves=7
num_cat=0
split_feature=16 60 13 14 44 10
split_gain=0.282555 0.547063 0.650515 0.237647 0.110625 0.04385
threshold=0.66522328550000009 28.510000705000003 0.70467730000000006 0.74548871400000005 2.4000000730000006 0.48293992850000006
decision_type=2 2 2 2 2 2
left_child=5 4 -3 -4 -2 -1
right_child=1 2 3 -5 -6 -7
leaf_value=-3.6420623684607635e-05 0.00056168741848766678 0.0023284873376036774 -0.00047744693217925091 0.00057063871233941743 -0.00039507524925881367 -0.0067382309458490983
leaf_weight=20 26 35 41 20 120 219
leaf_count=20 26 35 41 20 120 219
internal_value=-0.000204442 2.88302e-05 0.000619835 0 -0.000347412 -0.00044829
internal_weight=481 242 96 61 146 239
internal_count=481 242 96 61 146 239
is_linear=0
shrinkage=0.01


Tree=206
num_leaves=9
num_cat=0
split_feature=16 44 50 14 10 49 40 16
split_gain=0.388105 0.345449 0.358876 0.23783 0.0989086 0.0779238 0.0769384 0.0639114
threshold=0.6776522140000002 2.7000000030000004 11.699999765000001 0.68719578600000009 0.71574992850000008 0.75000000750000007 7.9999998955000011 0.63790400000000014
decision_type=2 2 2 2 2 2 2 2
left_child=5 2 -2 -3 6 -1 -5 -7
right_child=1 3 -4 4 -6 7 -8 -9
leaf_value=-0.0066263099837167421 0.0049541025171912509 0.00042734322250555403 -0.00019805860671606861 0.001649314529115073 3.3864329195024206e-05 0.00083657532548975461 -3.7261545307261925e-05 -0.0027793187388019543
leaf_weight=211 26 30 22 34 20 20 94 21
leaf_count=211 26 30 22 34 20 20 94 21
internal_value=-0.000139933 0.000154321 0.000901639 -3.915e-05 -0.000215054 -0.000411393 -0.000326087 0
internal_weight=478 226 48 178 148 252 128 41
internal_count=478 226 48 178 148 252 128 41
is_linear=0
shrinkage=0.01


Tree=207
num_leaves=7
num_cat=0
split_feature=17 70 10 0 15 51
split_gain=0.341171 0.581105 0.171169 0.0363057 0.0405795 0.0456551
threshold=140.19000000000003 7.6914284910000008 0.51216585700000017 0.069209541500000013 0.75756964300000018 7.3000002170000009
decision_type=2 2 2 2 2 2
left_child=2 -2 -1 -4 5 -5
right_child=1 -3 3 4 -6 -7
leaf_value=0.0063218144014202159 -0.00087969673738462278 0.00065406875330392006 -0.0062133824929855421 -0.0009569431840023982 3.9859656740169888e-05 -0.0022163344949226484
leaf_weight=36 33 29 20 319 20 20
leaf_count=36 33 29 20 319 20 20
internal_value=-0.000243826 0.000429936 -0.000349928 -0.000414692 -0.000437743 -0.000463508
internal_weight=477 62 415 379 359 339
internal_count=477 62 415 379 359 339
is_linear=0
shrinkage=0.01


Tree=208
num_leaves=9
num_cat=0
split_feature=88 0 49 86 33 28 28 0
split_gain=0.421418 0.342183 0.24938 0.367319 0.148018 0.0947011 0.0551594 0.087495
threshold=24.358773140000004 0.16271763550000004 1.9000000135000001 127.65535695000001 4.2714286360000004 2.0142857265000003 2.3571428655000006 0.089654667000000007
decision_type=10 2 2 2 2 2 2 2
left_child=4 2 -2 -4 5 -1 -7 -8
right_child=1 -3 3 -5 -6 6 7 -9
leaf_value=-0.00062240155296792142 -0.00064201817636828874 0.0025183284104571195 -0.00085725857790977815 0.00039664215751709719 0.00014302894685733254 -0.0020112375326555372 -0.018944725668103988 2.0510311446155956e-05
leaf_weight=28 42 24 21 33 35 224 32 20
leaf_count=28 42 24 21 33 35 224 32 20
internal_value=-0.000103306 0.000397351 0.000103306 0.000565693 -0.000286934 -0.000360893 -0.000419075 -7.57577e-05
internal_weight=459 120 96 54 339 304 276 52
internal_count=459 120 96 54 339 304 276 52
is_linear=0
shrinkage=0.01


Tree=209
num_leaves=6
num_cat=0
split_feature=13 87 50 87 15
split_gain=0.392477 0.347765 0.404431 0.283122 0.0368743
threshold=0.76652608500000008 26.400421500000004 0.99999999650000004 26.491775155000003 0.72705264250000012
decision_type=2 8 2 10 2
left_child=1 -1 -3 -4 -5
right_child=-2 2 3 4 -6
leaf_value=-0.0007744025805408671 0.00024622914755936836 0.0018538128279745867 0.00098236414951029531 -0.0030156734887243218 -0.0015432356072185216
leaf_weight=271 25 39 20 91 20
leaf_count=271 25 39 20 91 20
internal_value=-0.000194944 -0.000268221 7.61123e-05 -0.000178301 -0.000389088
internal_weight=466 441 170 131 111
internal_count=466 441 170 131 111
is_linear=0
shrinkage=0.01


Tree=210
num_leaves=10
num_cat=0
split_feature=74 24 4 15 5 16 29 17 11
split_gain=0.511812 0.616648 0.494064 0.552727 0.342501 0.230801 0.445891 0.0437985 0.0335219
threshold=6.5800000770000011 2.2642857260000002 0.32941557150000006 0.72553692850000007 0.52691861950000007 0.71983528600000013 2.0285714100000005 8.6300000000000008 0.59088350000000012
decision_type=2 2 2 2 2 2 2 2 2
left_child=1 5 -3 -4 7 8 -7 -2 -1
right_child=4 2 3 -5 -6 6 -8 -9 -10
leaf_value=-0.00080656185301085153 -0.0050662555604181446 -0.00088622224861436411 0.0046065780365961827 1.5032879539680668e-05 0.00028611792135989957 -0.00083336051684921285 9.0563556443811689e-05 -0.0051876633404261321 -0.0012798425491151527
leaf_weight=20 20 23 23 20 20 29 33 217 68
leaf_count=20 20 23 23 20 20 29 33 217 68
internal_value=-3.06037e-05 0.000322878 0.00112275 0.00174658 -0.000335532 -1.9894e-05 0.000429936 -0.000447855 -0.00036036
internal_weight=473 216 66 43 257 150 62 237 88
internal_count=473 216 66 43 257 150 62 237 88
is_linear=0
shrinkage=0.01


Tree=211
num_leaves=11
num_cat=0
split_feature=19 25 48 6 4 22 80 19 3 3
split_gain=0.59678 0.381925 0.639311 0.861957 0.366766 0.360103 0.296942 0.0939964 0.0615385 0.0373232
threshold=2.2571428755000005 4.0499999865000005 7.4000000730000011 0.49283511900000004 0.33777235700000008 1.8142857170000004 11.801428725000003 2.3285714390000005 0.28971385750000006 0.39268485700000005
decision_type=2 2 2 2 2 2 2 2 2 2
left_child=-1 4 7 5 6 -4 -2 -3 -8 -6
right_child=1 2 3 -5 9 -7 8 -9 -10 -11
leaf_value=-0.0039290874366790822 0.0042357503577429827 0.00044520793417408442 -0.0014358386384300962 0.00053518206430815921 -0.0005778508238149726 0.0022318468628591058 -0.0054211301716423545 -0.0044524442356312392 0.00098962036104910606 -0.00072765455714170386
leaf_weight=176 25 20 24 27 95 20 20 36 20 20
leaf_count=176 25 20 24 27 95 20 20 36 20 20
internal_value=-1.96363e-05 0.00024204 0.000661189 0.0012883 -4.42479e-05 0.000357143 0.000539514 -0.000105634 0 -0.000392919
internal_weight=483 307 127 71 180 44 65 56 40 115
internal_count=483 307 127 71 180 44 65 56 40 115
is_linear=0
shrinkage=0.01


Tree=212
num_leaves=11
num_cat=0
split_feature=79 88 5 5 38 35 1 26 37 88
split_gain=0.444849 0.745279 0.610299 0.278154 0.262535 0.242583 0.0686894 0.0471445 0.0819471 0.0434122
threshold=8.604285615000002 25.045844445000004 0.43647588100000007 0.52691861950000007 5.899999857000001 2.4000000435000004 0.25807064250000006 4.1071428060000015 7.450000096000001 27.836040485000002
decision_type=2 10 2 2 2 2 2 2 2 10
left_child=1 4 -3 7 5 6 -1 9 -9 -2
right_child=3 2 -4 -5 -6 -7 -8 8 -10 -11
leaf_value=0.00044347140322056113 -0.0051341785234105325 9.722237824186815e-05 0.0017357775961399792 0.0002603575596324765 -0.00075563302023279907 0.00033742992147766732 -0.0051474962396869722 -0.007652054039121791 0.0011209568250992352 -6.2003108928930799e-05
leaf_weight=20 203 32 21 22 73 21 23 29 20 20
leaf_count=20 203 32 21 22 73 21 23 29 20 20
internal_value=-4.12542e-05 0.000330189 0.001329 -0.000288331 -4.71699e-05 0.000401234 0 -0.000381232 -5.02009e-05 -0.000444594
internal_weight=484 190 53 294 137 64 43 272 49 223
internal_count=484 190 53 294 137 64 43 272 49 223
is_linear=0
shrinkage=0.01


Tree=213
num_leaves=8
num_cat=0
split_feature=16 16 86 3 40 49 3
split_gain=0.48987 0.54832 0.806301 0.65756 0.131704 0.088274 0.0272148
threshold=0.66486142900000011 0.71712764300000009 131.61942115000002 0.31490748550000008 8.0999999490000025 0.75000000750000007 0.33082507150000007
decision_type=2 2 2 2 2 2 2
left_child=5 2 3 -2 -3 -1 -5
right_child=1 4 -4 6 -6 -7 -8
leaf_value=-0.0065741010596598879 0.0013850091429902448 0.0046873378661520379 0.0024823303917034137 -0.00049440946686587204 -0.00023058200998978443 -0.0019093512982529535 -0.0020832144887837963
leaf_weight=191 36 20 23 20 80 36 43
leaf_count=191 36 20 23 20 80 36 43
internal_value=-7.22545e-05 0.000255835 0.000708469 0.000285571 -0.000277778 -0.000401668 -0.000305643
internal_weight=449 222 122 99 100 227 63
internal_count=449 222 122 99 100 227 63
is_linear=0
shrinkage=0.01


Tree=214
num_leaves=9
num_cat=1
split_feature=25 89 4 48 15 42 45 0
split_gain=0.520638 0.342043 0.364911 0.630392 0.124184 0.0742929 0.0420526 0.0221279
threshold=4.1928571635000011 0 0.34879420250000009 8.3000002875000032 0.75473470250000008 0.25000000750000007 4.1500000020000014 0.13910420850000002
decision_type=2 1 2 2 2 2 2 2
left_child=1 2 7 -4 5 6 -3 -1
right_child=-2 4 3 -5 -6 -7 -8 -9
leaf_value=-0.0064156032125085409 0.00012856205423049651 -0.00065433104686328752 -0.00023415117898706984 0.00038663704983847851 0.0053301612657604457 -0.00051210332364690807 -0.0038593569543989509 -0.002530417059697311
leaf_weight=31 37 21 29 27 21 39 249 20
leaf_count=31 37 21 29 27 21 39 249 20
internal_value=-7.37154e-05 -0.000174737 0.000292869 0.000880282 -0.000331573 -0.000395417 -0.00045421 -0.000260618
internal_weight=474 437 107 56 330 309 270 51
internal_count=474 437 107 56 330 309 270 51
cat_boundaries=0 1
cat_threshold=551813153
is_linear=0
shrinkage=0.01


Tree=215
num_leaves=9
num_cat=0
split_feature=62 1 19 11 63 6 18 37
split_gain=0.422195 0.413829 0.500524 0.442413 0.398577 0.311403 0.10949 0.0792525
threshold=1.5199999810000002 0.26014710700000004 2.3285714135000002 0.59381498600000016 12.219999790000001 0.56427304750000007 0.90714285650000015 9.1500002070000015
decision_type=2 2 2 2 2 2 2 2
left_child=1 2 -1 -3 -4 7 -5 -2
right_child=5 3 4 6 -6 -7 -8 -9
leaf_value=0.00030900581502261906 -0.0051074818990480345 0.00040491763749914259 0.0037854270642967043 0.00012761640663137025 -0.0027113835470491464 0.00029124683504294386 -0.00062936664787588317 -0.00017472877573546986
leaf_weight=33 173 21 29 24 34 20 85 39
leaf_count=33 173 21 29 24 34 20 85 39
internal_value=1.96163e-05 0.000330688 0.000826446 -2.29359e-05 0.000258621 -0.000274914 -0.000295993 -0.000394737
internal_weight=458 226 96 130 63 232 109 212
internal_count=458 226 96 130 63 232 109 212
is_linear=0
shrinkage=0.01


Tree=216
num_leaves=10
num_cat=0
split_feature=16 84 40 17 12 72 88 86 0
split_gain=0.515145 0.382865 0.530489 0.362262 0.197609 0.120361 0.0862552 0.0432315 0.0288315
threshold=0.6776522140000002 16.277856825000004 8.0999999490000025 110.87500000000001 0.65123371400000007 5.3492857385000008 18.470270075000006 126.98163360000002 0.25661739600000005
decision_type=2 2 2 2 2 2 8 2 2
left_child=6 8 -3 4 -4 -6 -1 -8 -2
right_child=1 2 3 -5 5 -7 7 -9 -10
leaf_value=-0.0010039244124820663 -0.0014334433022822658 0.004494138675508989 0.0061811987399514002 0.00032627750777151205 0.00056915392668400512 -0.0020329680008584249 -0.0062903242665289993 -0.0028883810086745764 -0.0045200664848309945
leaf_weight=32 48 23 20 34 20 61 197 20 20
leaf_count=32 48 23 20 34 20 61 197 20 20
internal_value=-5.35941e-05 0.000286596 0.000560453 0.000298233 0 -0.000226161 -0.000370296 -0.000443067 -0.000319768
internal_weight=475 226 158 135 101 81 249 217 68
internal_count=475 226 158 135 101 81 249 217 68
is_linear=0
shrinkage=0.01


Tree=217
num_leaves=8
num_cat=0
split_feature=86 60 28 28 6 37 17
split_gain=1.04282 0.809565 0.378229 0.677756 0.401653 0.164313 0.243985
threshold=131.19284590000004 27.315001010000007 2.2285714235000005 2.2500000000000004 0.54994721450000006 8.5999997815000011 39.945000000000007
decision_type=2 2 2 2 2 2 2
left_child=2 -2 -1 -4 5 -5 -7
right_child=1 -3 3 4 -6 6 -8
leaf_value=-0.0021117053823539061 -0.00017325517422073805 0.0019693307514896934 0.0037847212925088852 -0.005338673493816371 0.00032788469464000027 0.007190663065031461 -0.00098082001563821997
leaf_weight=167 25 35 27 106 22 27 52
leaf_count=167 25 35 27 106 22 27 52
internal_value=5.95495e-05 0.00128289 -0.000120707 0.000132027 -5.53418e-05 -0.000217976 0.000106516
internal_weight=461 60 401 234 207 185 79
internal_count=461 60 401 234 207 185 79
is_linear=0
shrinkage=0.01


Tree=218
num_leaves=8
num_cat=0
split_feature=20 17 28 25 59 34 51
split_gain=0.36388 0.579169 0.352971 0.328808 0.408508 0.328151 0.0254459
threshold=1.8142857125000003 130.56500000000003 2.2285714235000005 4.1499999930000007 40.140000820000004 5.0428571360000012 5.7000000775000013
decision_type=2 2 2 2 2 2 2
left_child=5 2 -2 4 -4 6 -1
right_child=1 -3 3 -5 -6 -7 -8
leaf_value=-0.0011203483520161219 -0.0034468967180701737 0.00082628547571373507 0.00032618669754894738 0.00033091645953257502 -0.0005403656946305149 0.0004400347639250807 -0.0012837693581982342
leaf_weight=219 72 20 22 24 45 36 28
leaf_count=219 72 20 22 24 45 36 28
internal_value=-8.78322e-05 0.000252992 3.96824e-05 0.000462963 6.63716e-05 -0.000315363 -0.00044996
internal_weight=466 183 163 91 67 283 247
internal_count=466 183 163 91 67 283 247
is_linear=0
shrinkage=0.01


Tree=219
num_leaves=9
num_cat=0
split_feature=49 44 88 10 67 1 42 76
split_gain=0.618494 0.670925 0.66347 0.258297 0.312961 0.340309 0.160193 0.139497
threshold=0.35000000900000006 3.4000000435000004 26.397590145000006 0.6531102860000001 46.390000820000004 0.2982937140000001 0.25000000750000007 15.762857095000003
decision_type=2 2 10 2 2 2 2 2
left_child=6 2 -2 -3 -5 -6 -1 -4
right_child=1 3 7 4 5 -7 -8 -9
leaf_value=-0.0047323025881087976 0.0038869166858857347 -0.00096505570175596425 0.0056442966328783296 -0.0014378379204122149 0.00054413332697777876 -0.00057750565923603259 0.00039742833755661343 -0.0020375854303926414
leaf_weight=220 39 80 23 27 20 20 20 21
leaf_count=220 39 80 23 27 20 20 20 21
internal_value=-4.88531e-05 0.000316291 0.00103222 -7.7808e-05 0.000361357 0.000931372 -0.000406977 0.000133928
internal_weight=470 230 83 147 67 40 240 44
internal_count=470 230 83 147 67 40 240 44
is_linear=0
shrinkage=0.01


Tree=220
num_leaves=9
num_cat=0
split_feature=6 16 3 4 3 16 4 59
split_gain=0.4282 0.279621 0.464956 0.765688 0.158162 0.142637 0.0983101 0.0429411
threshold=0.56427304750000007 0.66522328550000009 0.32319575700000008 0.32941557150000006 0.3135258575 0.75253400000000015 0.29146157150000002 41.930000305000007
decision_type=2 2 2 2 2 2 2 2
left_child=1 7 3 6 -5 -4 -3 -1
right_child=-2 2 5 4 -6 -7 -8 -9
leaf_value=-0.0064671472953661173 0.00023125919967280839 0.00035088093776683649 -0.0001465794986447759 0.0062558567343104568 3.7341485434620622e-05 0.00032068408906642032 -0.0032337184052132163 -0.0040011605894498641
leaf_weight=188 31 20 109 20 21 20 39 20
leaf_count=188 31 20 109 20 21 20 39 20
internal_value=-8.95906e-05 -0.000174737 5.87466e-05 0.000575397 0.00161483 -0.000327427 -0.000125418 -0.000440613
internal_weight=468 437 229 100 41 129 59 208
internal_count=468 437 229 100 41 129 59 208
is_linear=0
shrinkage=0.01


Tree=221
num_leaves=8
num_cat=1
split_feature=89 18 12 45 25 88 4
split_gain=0.432791 0.34114 0.568889 0.225212 0.156124 0.195577 0.0323472
threshold=0 0.91428571500000011 0.66822935700000008 5.1999999955000016 4.1499999930000007 14.169351955000002 0.36822471450000005
decision_type=1 2 2 2 2 10 2
left_child=1 3 -3 -1 -2 -6 -5
right_child=4 2 -4 6 5 -7 -8
leaf_value=0.0022147622017133755 -0.0012060748180598988 -0.002471674973969701 0.00049308178158119845 -0.0012381168332368502 -0.0043247057431654466 0.0040185861420575673 -0.00065548958570275213
leaf_weight=34 258 20 36 62 26 20 20
leaf_count=34 258 20 36 62 26 20 20
internal_value=-0.000159396 0.000229759 0.000880282 -5.137e-05 -0.000381195 0.000106837 -0.000350242
internal_weight=476 172 56 116 304 46 82
internal_count=476 172 56 116 304 46 82
cat_boundaries=0 1
cat_threshold=10751088
is_linear=0
shrinkage=0.01


Tree=222
num_leaves=9
num_cat=0
split_feature=50 0 7 28 10 28 37 50
split_gain=0.464005 0.566126 0.299685 0.602207 0.245055 0.0909855 0.245055 0.0444076
threshold=0.99999999650000004 0.26304451400000006 0.61342814300000004 2.2928571445000006 0.61027080950000012 2.4285714375 9.2000000400000008 11.000000150000002
decision_type=2 2 2 2 2 2 2 2
left_child=1 -1 5 -4 -3 7 -7 -2
right_child=2 4 3 -5 -6 6 -8 -9
leaf_value=0.0014767701859710819 -0.0031302418103301513 0.00046171499773595359 -0.0029739870286796329 0.0003249718382068941 -0.00071472400215870119 0.0047913807244076333 -0.00028777856946431162 -4.0660333775356312e-05
leaf_weight=32 243 20 30 21 44 20 44 20
leaf_count=32 243 20 30 21 44 20 44 20
internal_value=-9.47769e-05 0.000516529 -0.000256072 0.000434363 -1.17738e-10 -0.000370653 -1.17738e-10 -0.000452995
internal_weight=474 96 378 51 64 327 64 263
internal_count=474 96 378 51 64 327 64 263
is_linear=0
shrinkage=0.01


Tree=223
num_leaves=7
num_cat=0
split_feature=19 87 68 75 21 77
split_gain=0.317568 0.577029 0.136758 0.121796 0.0615027 0.159447
threshold=2.3785714080000004 26.491775155000003 37.27499962000001 3.8842856795000005 1.7928571275000003 12.937142885000002
decision_type=2 8 2 2 2 2
left_child=2 3 -1 -2 5 -4
right_child=1 -3 4 -5 -6 -7
leaf_value=2.8568142804120168e-05 0.00031844793497578459 0.0018812169157162158 -0.00202770265971268 -0.00060374818076539894 -0.0049715322119034408 6.9921238717465402e-05
leaf_weight=20 20 39 61 63 259 31
leaf_count=20 20 39 61 63 259 31
internal_value=-0.000211624 0.00021987 -0.000359064 -0.000232697 -0.000407902 -0.000150862
internal_weight=493 122 371 83 351 92
internal_count=493 122 371 83 351 92
is_linear=0
shrinkage=0.01


Tree=224
num_leaves=8
num_cat=0
split_feature=14 33 33 88 65 40 6
split_gain=0.443304 0.497768 0.258846 0.232564 0.609335 0.122748 0.0285266
threshold=0.74809521400000012 3.5214285510000005 4.2714286360000004 24.358773140000004 59.365000725000009 12.800000015000002 0.48547450000000009
decision_type=2 2 2 10 2 2 2
left_child=2 -2 3 5 -5 -1 -6
right_child=1 -3 -4 4 6 -7 -8
leaf_value=-0.0020023189188859516 -0.00010790837375039501 0.0042066264450057178 0.0001581924479959172 0.0042320523672123335 -0.00063076424004113185 -8.9574294778019749e-05 0.00011753992146305348
leaf_weight=263 29 25 34 23 47 27 20
leaf_count=263 29 25 34 23 47 27 20
internal_value=-8.95906e-05 0.000748175 -0.000204918 -0.000283614 0.000143172 -0.000422971 -0.000317109
internal_weight=468 54 414 380 90 290 67
internal_count=468 54 414 380 90 290 67
is_linear=0
shrinkage=0.01


Tree=225
num_leaves=7
num_cat=0
split_feature=79 66 88 25 17 64
split_gain=0.358001 0.404609 0.262341 0.127841 0.109308 0.044365
threshold=8.5792857920000021 82.275000575000021 25.045844445000004 4.1499999930000007 154.51500000000001 69.445000175000018
decision_type=2 2 10 2 2 2
left_child=1 2 3 -1 5 -2
right_child=4 -3 -4 -5 -6 -7
leaf_value=-0.00055410580162779642 -0.0029398834498639797 0.00019534072863455543 0.0021194250638879235 8.0177912438745045e-05 6.8183930488556791e-05 0.00022747898704174487
leaf_weight=87 241 35 30 21 27 20
leaf_count=87 241 35 30 21 27 20
internal_value=-0.000169987 0.000181243 -5.04324e-05 -0.000294118 -0.000387812 -0.000452636
internal_weight=461 173 138 108 288 261
internal_count=461 173 138 108 288 261
is_linear=0
shrinkage=0.01


Tree=226
num_leaves=9
num_cat=0
split_feature=24 9 11 37 37 27 64 5
split_gain=0.317046 0.245681 0.219373 0.243642 0.34734 0.188875 0.0987479 0.0375363
threshold=1.8785714210000002 0.50185125000000019 0.64532025000000004 8.5999997815000011 9.2000001220000023 3.6142857160000004 46.05499935000001 0.51256828600000015
decision_type=2 2 2 2 2 2 2 2
left_child=-1 -2 -3 6 -5 -6 -4 -8
right_child=1 2 3 4 5 -7 7 -9
leaf_value=4.6052304895509223e-05 0.0060594981291961988 -0.0025163215851729281 0.00058077366042856126 0.002919195309149259 -0.0011142418134273346 7.3666207420180812e-05 -0.001634499065445663 -0.0047742140198364612
leaf_weight=25 32 173 23 25 38 23 97 20
leaf_count=25 32 173 23 25 38 23 97 20
internal_value=-7.88092e-05 -0.000147059 -0.00021886 -4.40929e-06 0.000403226 0 -0.000269886 -0.000394737
internal_weight=456 431 399 226 86 61 140 117
internal_count=456 431 399 226 86 61 140 117
is_linear=0
shrinkage=0.01


Tree=227
num_leaves=8
num_cat=0
split_feature=62 1 12 6 6 15 0
split_gain=0.3678 0.591093 0.166927 0.313035 0.0885761 0.0449939 0.015083
threshold=0.88500022850000015 0.23494250000000003 0.67256914300000015 0.44419878550000008 0.54994721450000006 0.74486197650000008 0.25096883350000004
decision_type=2 2 2 2 2 2 2
left_child=1 -1 3 6 5 -2 -3
right_child=4 2 -4 -5 -6 -7 -8
leaf_value=0.0059967151994068969 -0.0015754468910161546 -0.0020624971281658555 -0.00084594784155228976 7.863994475921108e-05 -0.00056471159496710485 -0.00041119374447085136 -0.00039707173486693231
leaf_weight=21 274 20 57 21 34 20 20
leaf_count=21 274 20 57 21 34 20 20
internal_value=-0.000216973 0.000203863 -5.89227e-05 0.000283171 -0.00040146 -0.000457938 -0.000196079
internal_weight=467 139 118 61 328 294 40
internal_count=467 139 118 61 328 294 40
is_linear=0
shrinkage=0.01


Tree=228
num_leaves=7
num_cat=0
split_feature=40 6 57 47 73 43
split_gain=0.357674 0.541776 0.350676 0.135483 0.106159 0.0297655
threshold=10.399999870000002 0.54994721450000006 2.4099998475000004 54.949999995000006 8.4992856980000013 1.3999999650000003
decision_type=2 2 2 2 2 2
left_child=3 2 -2 5 -4 -1
right_child=1 -3 4 -5 -6 -7
leaf_value=-0.0031366082828116078 0.00015973187710295936 0.00037594033248707 -8.4824229217301372e-06 0.0016538296751745405 -0.0024493281011727548 -0.0011834223500480215
leaf_weight=236 36 22 25 22 89 26
leaf_count=236 36 22 25 22 89 26
internal_value=-0.000166375 0.000185185 -1.9894e-05 -0.000386236 -0.000304878 -0.000452816
internal_weight=456 172 150 284 114 262
internal_count=456 172 150 284 114 262
is_linear=0
shrinkage=0.01


Tree=229
num_leaves=9
num_cat=0
split_feature=16 15 46 46 46 87 72 6
split_gain=0.527801 0.954204 0.300552 0.592281 0.208349 0.159668 0.112796 0.0757048
threshold=0.66486142900000011 0.67998607150000012 11.149999985000003 10.700000170000001 22.499999915000004 33.798426320000011 5.8285714090000011 0.48181329050000005
decision_type=2 2 2 2 2 8 2 2
left_child=5 -2 3 7 6 -1 -4 -3
right_child=1 2 4 -5 -6 -7 -8 -9
leaf_value=-0.0057043738496015189 0.0059370427585986475 7.972645438028378e-05 -0.0005802630798083274 0.0031586401764928732 7.2682964938798237e-05 0.00038388120871333631 -9.7685304964020478e-05 -0.00055078474951181114
leaf_weight=214 20 20 110 24 24 20 25 26
leaf_count=214 20 20 110 24 24 20 25 26
internal_value=-6.09757e-05 0.000254203 5.87466e-05 0.000607345 -0.00017209 -0.0004046 -0.000335052 -2.13676e-05
internal_weight=483 249 229 70 159 234 135 46
internal_count=483 249 229 70 159 234 135 46
is_linear=0
shrinkage=0.01


Tree=230
num_leaves=9
num_cat=0
split_feature=49 8 21 16 65 72 40 7
split_gain=0.454823 0.497187 0.326581 0.345679 0.256485 0.395245 0.180222 0.0433531
threshold=0.35000000900000006 0.48546688100000007 1.8285714390000003 0.69752910700000015 59.145000455000009 5.4071428950000007 12.250000030000001 0.41948735750000005
decision_type=2 2 2 2 2 2 2 2
left_child=6 -2 4 -4 5 -3 7 -1
right_child=1 2 3 -5 -6 -7 -8 -9
leaf_value=-0.015176338213690719 0.0058757803089149073 -0.00065824818862020133 -0.00015479651335751265 4.9599913225847791e-05 -0.00058939775175958684 0.0035983551345708919 0.00020126657390307192 -0.0047930818273406285
leaf_weight=20 21 27 36 28 90 27 35 201
leaf_count=20 21 27 36 28 90 27 35 201
internal_value=-4.21986e-05 0.000276327 0.000114942 0.000709876 -0.000138122 0.000383212 -0.000334891 -0.000444094
internal_weight=485 229 208 64 144 54 256 221
internal_count=485 229 208 64 144 54 256 221
is_linear=0
shrinkage=0.01


Tree=231
num_leaves=7
num_cat=0
split_feature=25 14 33 33 87 87
split_gain=0.702485 0.544284 0.357807 0.265316 0.207826 0.267595
threshold=4.1857143300000006 0.74809521400000012 3.5571428710000004 4.3071428705000008 29.140435005000004 31.142163675000003
decision_type=2 2 2 2 8 10
left_child=1 3 -3 4 -1 -6
right_child=-2 2 -4 -5 5 -7
leaf_value=-0.0027951564873615526 0.00047254196331531498 -0.00019616938443666916 0.0052273718575393761 9.4411306629279409e-05 0.0012655609334460336 -0.0028344308956186389
leaf_weight=279 39 21 20 23 27 33
leaf_count=279 39 21 20 23 27 33
internal_value=-4.29089e-05 -0.000172115 0.000897129 -0.000300441 -0.000375221 0.000131579
internal_weight=442 403 41 362 339 60
internal_count=442 403 41 362 339 60
is_linear=0
shrinkage=0.01


Tree=232
num_leaves=9
num_cat=1
split_feature=86 37 89 0 9 76 38 7
split_gain=0.682981 0.620051 0.315897 0.412481 0.496538 0.183037 0.111033 0.0444076
threshold=131.19284590000004 9.3000000865000008 0 0.16271763550000004 0.6081257000000001 14.992142815000003 8.0500001680000022 0.41203264750000007
decision_type=2 2 1 2 2 2 2 2
left_child=2 -2 3 6 -5 -4 -1 -7
right_child=1 -3 5 4 -6 7 -8 -9
leaf_value=-0.005132414424221716 0.00081480812462742306 -1.4607450288300459e-05 0.00013359284160688247 -0.0018818068204553948 0.00035659669985136099 0.00052952988409273646 0.00041661754365650451 -0.0029142750194068087
leaf_weight=50 32 28 36 22 22 20 20 243
leaf_count=50 32 28 36 22 22 20 20 243
internal_value=-3.06037e-05 0.000953947 -0.000180039 0.000248397 0.00102679 -0.000346998 -0.000183616 -0.000452995
internal_weight=473 60 413 114 44 299 70 263
internal_count=473 60 413 114 44 299 70 263
cat_boundaries=0 1
cat_threshold=547358736
is_linear=0
shrinkage=0.01


Tree=233
num_leaves=8
num_cat=1
split_feature=89 87 60 16 15 64 28
split_gain=0.334686 0.530272 0.71095 0.183417 0.222225 0.118855 0.0436112
threshold=0 21.855866765000005 28.459999560000004 0.70409078600000008 0.72553692850000007 65.799999710000023 2.0428571615000002
decision_type=1 8 2 2 2 2 2
left_child=1 -1 -3 6 -5 -6 -2
right_child=3 2 -4 4 5 -7 -8
leaf_value=-0.0047685555188047637 -2.453314713955897e-05 -0.00021954227743432194 0.00038154610751073504 0.0026827192686805978 -0.00049400364061221314 0.00042976518163335585 -0.0028132593952211178
leaf_weight=46 20 39 30 29 59 20 210
leaf_count=46 20 39 30 29 59 20 210
internal_value=-0.000120097 0.000321939 0.000909742 -0.000278096 3.67646e-05 -0.000219298 -0.000446274
internal_weight=453 115 69 338 108 79 230
internal_count=453 115 69 338 108 79 230
cat_boundaries=0 1
cat_threshold=2100290
is_linear=0
shrinkage=0.01


Tree=234
num_leaves=10
num_cat=1
split_feature=86 17 89 84 8 50 86 5 20
split_gain=0.519879 0.503826 0.374755 0.508098 0.482364 0.186151 0.236819 0.106886 0.0186661
threshold=131.19284590000004 68.960000000000022 0 17.057857240000004 0.57686250000000017 8.6499999685000031 128.03490560000003 0.40119371400000009 1.9571428385000003
decision_type=2 2 1 2 2 2 2 2 2
left_child=2 -2 3 4 -1 8 -7 -5 -4
right_child=1 -3 5 7 -6 6 -8 -9 -10
leaf_value=-0.0017328269593036782 -6.8769017084669161e-05 0.0011193963895317737 -0.0019713331495457924 0.0012460003882459947 0.00028380804187195597 0.0041122797347096828 -0.0025328876527619128 -0.0050178242911291734 -0.0023347735065669009
leaf_weight=20 26 29 204 20 26 28 29 46 32
leaf_count=20 26 29 204 20 26 28 29 46 32
internal_value=0 0.000905018 -0.000124446 0.000342019 0.00117521 -0.00031106 0.00016436 -0.000164671 -0.000447635
internal_weight=460 55 405 112 46 293 57 66 236
internal_count=460 55 405 112 46 293 57 66 236
cat_boundaries=0 1
cat_threshold=2100226
is_linear=0
shrinkage=0.01


Tree=235
num_leaves=6
num_cat=1
split_feature=88 89 16 0 87
split_gain=0.452912 0.281111 0.654619 0.15715 0.125659
threshold=29.196898225000002 0 0.6776522140000002 0.06773047900000001 18.627672485000002
decision_type=10 1 2 2 10
left_child=1 2 4 -3 -1
right_child=-2 3 -4 -5 -6
leaf_value=0.00035766515968238983 0.0015655319314063474 7.783400323578546e-05 0.00080223515660624305 -0.0010376619765030423 -0.0071149736221854014
leaf_weight=21 22 21 39 285 82
leaf_count=21 22 21 39 285 82
internal_value=-0.000176296 -0.000249554 0.000111256 -0.00041351 -0.000284201
internal_weight=470 448 142 306 103
internal_count=470 448 142 306 103
cat_boundaries=0 1
cat_threshold=572557315
is_linear=0
shrinkage=0.01


Tree=236
num_leaves=9
num_cat=0
split_feature=49 24 74 30 8 86 17 0
split_gain=0.517662 0.52644 0.491071 0.172566 0.227335 0.100066 0.123644 0.0350185
threshold=0.35000000900000006 2.3142857000000006 5.2007142730000009 3.1499999760000006 0.57797350000000003 78.397125575000004 36.57500000000001 0.26304451400000006
decision_type=2 2 2 2 2 2 2 2
left_child=3 2 -2 4 -1 -4 -7 -8
right_child=1 -3 5 -5 -6 6 7 -9
leaf_value=8.6472025905038837e-05 0.0019162712937498079 0.00034623292747211091 0.0021561779289180796 -0.0058671715401743749 -0.0054317393697807994 5.7362083346686538e-05 -0.0018973743406038312 -0.00071094580225342986
leaf_weight=30 32 26 29 170 33 35 77 20
leaf_count=30 32 26 29 170 33 35 77 20
internal_value=4.41684e-06 0.000357143 0.000162539 -0.000318649 0.000101881 -5.25341e-05 -0.000180723 -0.000373211
internal_weight=452 219 193 233 63 161 132 97
internal_count=452 219 193 233 63 161 132 97
is_linear=0
shrinkage=0.01


Tree=237
num_leaves=7
num_cat=0
split_feature=16 10 11 60 44 17
split_gain=0.616232 0.477119 0.501619 1.05849 0.233948 0.159412
threshold=0.66486142900000011 0.71924578600000011 0.60369364300000006 28.640000345000004 2.6000000500000007 39.240000000000002
decision_type=2 2 2 2 2 2
left_child=-1 2 3 -2 -4 -6
right_child=1 -3 4 -5 5 -7
leaf_value=-0.0052378159128417413 -0.0022405468577065004 0.00031128339259811453 0.00015085523693980749 0.0058258947774695018 0.00073920380627354014 -0.00071402503312140793
leaf_weight=213 22 22 34 21 38 118
leaf_count=213 22 22 34 21 38 118
internal_value=-8.95906e-05 0.000236513 9.19588e-05 0.00106164 -0.000120545 -0.000293367
internal_weight=468 255 233 43 190 156
internal_count=468 255 233 43 190 156
is_linear=0
shrinkage=0.01


Tree=238
num_leaves=9
num_cat=0
split_feature=16 12 75 17 26 17 87 16
split_gain=0.532952 1.15707 0.238325 0.358341 0.591571 0.223245 0.0753951 0.0639114
threshold=0.66486142900000011 0.62224621450000006 4.9950000690000005 69.90000000000002 3.7428571670000004 39.240000000000002 18.426978845000004 0.57422289300000007
decision_type=2 2 2 2 2 2 10 2
left_child=6 -2 5 -4 -5 -3 7 -1
right_child=1 2 3 4 -6 -7 -8 -9
leaf_value=-0.015953792898530616 0.0054183826646316754 8.0045372422151017e-05 -0.0013178188976027967 -0.0047538644226305347 0.00033941621707366491 -0.00051984426381067946 -0.005407031630309183 0.00094235659137067659
leaf_weight=21 23 27 39 22 20 95 182 20
leaf_count=21 23 27 39 22 20 95 182 20
internal_value=-5.00224e-05 0.000286596 3.18939e-05 0.000458435 0.00109813 -0.000236156 -0.000399911 0
internal_weight=449 226 203 81 42 122 223 41
internal_count=449 226 203 81 42 122 223 41
is_linear=0
shrinkage=0.01


Tree=239
num_leaves=7
num_cat=1
split_feature=89 0 19 1 24 17
split_gain=0.619723 0.777106 0.76382 0.281402 0.257479 0.0449939
threshold=0 0.12681091700000002 2.3071428450000004 0.17404957150000003 1.8857142755000003 7.1050000000000013
decision_type=1 2 2 2 2 2
left_child=1 3 -3 -1 -2 -6
right_child=4 2 -4 -5 5 -7
leaf_value=0.00015122517495491232 2.3030921636193705e-05 -0.0021559123387747329 0.0051565608315290827 -0.00071292073227614578 -0.0021546295325566489 -0.0018339434172283844
leaf_weight=20 27 21 29 63 20 274
leaf_count=20 27 21 29 63 20 274
internal_value=-0.000120932 0.000427677 0.00143701 -0.000113365 -0.000357143 -0.000457938
internal_weight=454 133 50 83 321 294
internal_count=454 133 50 83 321 294
cat_boundaries=0 1
cat_threshold=539230288
is_linear=0
shrinkage=0.01


Tree=240
num_leaves=10
num_cat=0
split_feature=16 8 7 87 17 11 13 7 1
split_gain=0.573033 0.6656 1.01409 0.279007 0.361711 0.348252 0.252142 0.0444076 0.0158575
threshold=0.7145063570000002 0.62638573800000008 0.60091157150000007 29.631868905000001 68.960000000000022 0.5019708570000001 0.70528472500000017 0.63675778550000006 0.26014710700000004
decision_type=2 2 2 8 2 2 2 2 2
left_child=3 6 -3 5 8 -1 -2 -7 -5
right_child=1 2 -4 4 -6 7 -8 -9 -10
leaf_value=0.005938899685331598 0.00032347870699333148 0.0046747162346401899 -0.0008119705057954091 -0.0065847659937497754 0.0012977665333904357 -0.002413606159825677 -0.00050219903496256826 -0.00077907263151439656 -0.0054269272746410857
leaf_weight=20 20 26 23 21 27 243 47 20 20
leaf_count=20 20 26 23 21 27 243 47 20 20
internal_value=-3.20662e-06 0.000599315 0.0014759 -0.000208926 0.000348837 -0.000350599 -2.2124e-05 -0.000452995 -0.000203349
internal_weight=467 116 49 351 68 283 67 263 41
internal_count=467 116 49 351 68 283 67 263 41
is_linear=0
shrinkage=0.01


Tree=241
num_leaves=9
num_cat=0
split_feature=16 44 39 6 14 3 87 16
split_gain=0.325067 0.490762 0.547275 0.659502 0.253838 0.0778705 0.0567337 0.0838677
threshold=0.6776522140000002 3.6500000245000002 14.099999935000001 0.45738614300000008 0.68719578600000009 0.32070301200000007 18.426978845000004 0.59502289300000011
decision_type=2 2 2 2 2 2 10 2
left_child=6 2 3 -2 -3 -4 7 -1
right_child=1 4 5 -5 -6 -7 -8 -9
leaf_value=-0.013544221114267216 8.1448531874774539e-05 2.9962198266126917e-05 0.0057215860468317267 0.0036353405152109324 -0.00080283410306625908 -5.5190444035513476e-05 -0.0048916686487181912 0.00086972477436622728
leaf_weight=30 24 25 20 20 110 27 196 20
leaf_count=30 24 25 20 20 110 27 196 20
internal_value=-0.000156515 0.000110229 0.000680828 0.00147321 -0.000261414 -3.13809e-05 -0.000409238 -5.90552e-05
internal_weight=472 226 91 44 135 47 246 50
internal_count=472 226 91 44 135 47 246 50
is_linear=0
shrinkage=0.01


Tree=242
num_leaves=9
num_cat=0
split_feature=40 17 57 34 20 41 50 40
split_gain=0.315894 0.579087 0.427686 0.157437 0.153853 0.157075 0.139966 0.0414517
threshold=11.299999990000002 126.81500000000001 2.4650001525000005 3.5714285710000007 1.8285714135000002 4.5500000715000004 0.45000000300000004 10.399999870000002
decision_type=2 2 2 2 2 2 2 2
left_child=4 2 -2 -4 6 -6 -1 -8
right_child=1 -3 3 -5 5 -7 7 -9
leaf_value=0.0015480067967938212 0.00098051026651105994 0.00030231593908163157 0.00015847538476185811 -0.0031076183815245458 0.0045285859121007178 -0.0064088252463376186 -0.0025366656571133325 -1.7588120537137859e-05
leaf_weight=21 20 20 34 78 33 23 222 21
leaf_count=21 20 20 34 78 33 23 222 21
internal_value=-9.30627e-05 0.000274869 1.50601e-05 -0.000212766 -0.000274314 0.000176056 -0.000377644 -0.000449139
internal_weight=472 152 132 112 320 56 264 243
internal_count=472 152 132 112 320 56 264 243
is_linear=0
shrinkage=0.01


Tree=243
num_leaves=6
num_cat=0
split_feature=40 87 86 49 51
split_gain=0.374429 0.458728 0.367356 0.170782 0.180415
threshold=11.800000105000002 25.921062845000005 99.192172740000018 1.9000000135000001 4.9999999145000009
decision_type=2 10 2 2 2
left_child=3 -2 -3 -1 -5
right_child=1 2 -4 4 -6
leaf_value=-0.0025118496313340476 -0.00084571605229489058 -0.0027215169752431629 0.00047935914675833953 0.00099245860189932085 -0.00032733147930469623
leaf_weight=307 43 23 32 36 37
leaf_count=307 43 23 32 36 37
internal_value=-0.000244361 0.000293522 0.000905018 -0.000388656 2.03251e-05
internal_weight=478 98 55 380 73
internal_count=478 98 55 380 73
is_linear=0
shrinkage=0.01


Tree=244
num_leaves=9
num_cat=0
split_feature=46 19 25 6 25 1 46 0
split_gain=0.751929 0.405339 0.292388 0.531005 0.64248 0.281138 0.234334 0.0382291
threshold=9.2999997325000017 2.2571428755000005 4.0499999865000005 0.47562464300000001 4.0928571225000008 0.22958078600000001 19.349999770000004 0.20157316650000004
decision_type=2 2 2 2 2 2 2 2
left_child=-1 -2 5 6 -5 -3 -4 -7
right_child=1 2 3 4 -6 7 -8 -9
leaf_value=3.4282991180934022e-05 -0.0048149396370899909 0.0026080214375499428 -0.0030891104558526455 0.00035319235448936701 3.8986679878628536e-05 -0.0015830228972970439 0.0006962556216379358 -0.0011707949077972098
leaf_weight=20 181 34 53 22 36 20 22 104
leaf_count=20 181 34 53 22 36 20 22 104
internal_value=-2.84092e-05 -0.000114213 0.000111378 0.000459641 0.00117347 -0.000170025 -7.25595e-05 -0.000400641
internal_weight=492 472 291 133 58 158 75 124
internal_count=492 472 291 133 58 158 75 124
is_linear=0
shrinkage=0.01


Tree=245
num_leaves=8
num_cat=1
split_feature=46 89 30 88 78 87 46
split_gain=0.779666 0.419277 0.647427 0.319911 0.162445 0.121697 0.0987331
threshold=9.8500000200000013 0 3.1714286035000003 25.919245905000004 12.772142890000003 18.426978845000004 10.799999915000003
decision_type=2 1 2 10 2 10 2
left_child=-1 2 -2 5 -3 -4 -6
right_child=1 4 3 -5 6 -7 -8
leaf_value=0.0001005265535108821 0.0026237876529958699 0.00098435128246313823 0.00035634290793360628 0.0002250173121712266 -0.00022980228126108908 -0.0047156579166851417 -0.0021517143104364737
leaf_weight=34 32 36 21 25 33 74 221
leaf_count=34 32 36 21 25 33 74 221
internal_value=2.0973e-05 -8.8076e-05 0.00031941 0 -0.000309176 -0.00026618 -0.000412088
internal_weight=476 442 152 120 290 95 254
internal_count=476 442 152 120 290 95 254
cat_boundaries=0 1
cat_threshold=572819522
is_linear=0
shrinkage=0.01


Tree=246
num_leaves=9
num_cat=0
split_feature=46 88 72 2 42 1 5 1
split_gain=0.808445 0.598034 0.465586 0.221601 0.0713787 0.0639114 0.0449769 0.0257349
threshold=9.3499999415000019 24.358773140000004 5.5507143225000002 0.25827600000000006 0.25000000750000007 0.30782092850000004 0.52691861950000007 0.26673214300000009
decision_type=2 10 2 2 2 2 2 2
left_child=-1 4 3 -3 6 -6 -2 -5
right_child=1 2 -4 7 5 -7 -8 -9
leaf_value=2.7664126802102453e-05 -0.0027528222299498034 0.0046129945611084787 0.0015867328835545492 -0.00027062372929436389 6.093796225098966e-05 -0.0045956522255328333 -0.00064075122108729621 -0.00011014884643086587
leaf_weight=20 273 30 28 39 20 21 20 20
leaf_count=20 273 30 28 39 20 21 20 20
internal_value=-9.22002e-05 -0.000184816 0.000420204 3.89754e-05 -0.000403226 0 -0.000457795 -0.000292642
internal_weight=471 451 117 89 334 41 293 59
internal_count=471 451 117 89 334 41 293 59
is_linear=0
shrinkage=0.01


Tree=247
num_leaves=11
num_cat=0
split_feature=40 17 16 14 48 20 30 72 1 26
split_gain=0.551935 0.482329 0.37069 0.789708 0.162982 0.150793 0.170852 0.110741 0.175454 0.0429411
threshold=9.8000001200000018 154.51500000000001 0.69003928600000008 0.71147521400000013 8.1999999285000005 1.8285714135000002 5.6785713945000014 6.0449999530000005 0.24792775000000003 4.1142857245000011
decision_type=2 2 2 2 2 2 2 2 2 2
left_child=5 2 7 -4 -5 9 -7 8 -2 -1
right_child=1 -3 3 4 -6 6 -8 -9 -10 -11
leaf_value=-0.0024367418724163979 -0.0037555858457057373 0.00028843224855533065 0.0001977019406331921 -0.00046858641676449071 2.0202665580735296e-05 -0.0062519702299228689 0.0038022296267626377 -0.0028220903081747841 0.00037582211873924505 -0.00029232630331029407
leaf_weight=188 21 20 25 32 24 20 20 62 20 20
leaf_count=188 21 20 25 32 24 20 20 62 20 20
internal_value=-8.83404e-06 0.000371094 0.000194805 0.000702934 0 -0.000329582 0.000196078 -0.000187861 0.000179426 -0.000440613
internal_weight=452 204 184 81 56 248 40 103 41 208
internal_count=452 204 184 81 56 248 40 103 41 208
is_linear=0
shrinkage=0.01


Tree=248
num_leaves=9
num_cat=0
split_feature=57 44 88 21 25 5 8 3
split_gain=0.491804 0.83171 0.34562 0.330715 0.223245 0.122285 0.0728968 0.0662955
threshold=3.5000004765000008 3.6500000245000002 25.921937140000004 1.7785714185000001 3.9571428470000005 0.52691861950000007 0.52140328600000008 0.24871542850000003
decision_type=2 2 8 2 2 2 2 2
left_child=1 2 -1 -4 -3 6 7 -2
right_child=5 4 3 -5 -6 -7 -8 -9
leaf_value=0.00095713187378103251 -0.007784316041039816 2.3845492356054984e-05 0.0020732318367114541 -0.00027662006015265189 -0.0016947951012166646 4.893268806081658e-05 -0.005981891936193107 0.00061223104548399968
leaf_weight=39 22 27 34 35 95 21 181 20
leaf_count=39 22 27 34 35 95 21 181 20
internal_value=-1.05309e-05 0.000316291 0.000955882 0.000479943 -0.000236156 -0.000326798 -0.000399911 0
internal_weight=474 230 108 69 122 244 223 42
internal_count=474 230 108 69 122 244 223 42
is_linear=0
shrinkage=0.01


Tree=249
num_leaves=9
num_cat=0
split_feature=6 2 16 59 1 38 5 1
split_gain=0.529059 1.07189 0.537658 0.220153 0.354409 0.0680769 0.0757048 0.0210574
threshold=0.51979032150000004 0.33633114300000005 0.69048167700000007 35.159999845000009 0.23523003550000002 8.0500001680000022 0.38172450000000008 0.28252721400000008
decision_type=2 2 2 2 2 2 2 2
left_child=3 2 -2 4 -1 -5 -7 -6
right_child=1 -3 -4 5 7 6 -8 -9
leaf_value=0.00083401314064433796 0.0002593402704675372 -0.0020335503052520501 0.00020215343423612536 -0.0027263661858103671 -0.0017738699721361942 0.0044128204728094761 -0.00019383174177178082 -0.00010769078898164807
leaf_weight=21 21 49 24 242 29 20 26 20
leaf_count=21 21 49 24 242 29 20 26 20
internal_value=-0.000119258 0.000537975 0.00164847 -0.000298216 0.000183616 -0.000422438 -2.13676e-05 -0.000251004
internal_weight=452 94 45 358 70 288 46 49
internal_count=452 94 45 358 70 288 46 49
is_linear=0
shrinkage=0.01


Tree=250
num_leaves=12
num_cat=0
split_feature=41 88 70 48 19 44 59 40 7 2 1
split_gain=0.712851 0.403669 0.491133 0.422208 0.241828 0.175863 0.150313 0.165823 0.0439257 0.0275573 0.0199046
threshold=8.1999998575000017 24.358773140000004 7.6842856405000015 8.8999997155000035 2.6142856900000004 2.7999999970000005 35.159999845000009 11.699999890000003 0.40947400000000006 0.26398846450000008 0.28202542850000006
decision_type=2 10 2 2 2 2 2 2 2 2 2
left_child=1 4 5 -4 6 -3 7 10 -8 -7 -1
right_child=-2 2 3 -5 -6 9 8 -9 -10 -11 -12
leaf_value=-0.0015519715519539759 4.8418130168106386e-05 0.00012815831712644082 0.0004595209794379107 0.0013459409016346757 3.56472082532843e-05 -0.0024379188209831095 -0.0035539258261233497 4.6157885985134405e-05 -0.0041367823168967019 -0.00068981910209197316 -0.00040945647654059945
leaf_weight=27 20 23 20 24 23 20 20 21 222 44 20
leaf_count=27 20 23 20 24 23 20 20 21 222 44 20
internal_value=1.23761e-05 -6.4544e-05 0.000398331 0.00125 -0.000253146 -1.70844e-05 -0.000331403 5.81394e-05 -0.000448929 -0.000308642 -0.000240586
internal_weight=484 464 131 44 333 87 310 68 242 64 47
internal_count=484 464 131 44 333 87 310 68 242 64 47
is_linear=0
shrinkage=0.01


Tree=251
num_leaves=7
num_cat=0
split_feature=46 86 5 7 5 54
split_gain=0.891739 0.527285 0.390064 0.195773 0.14576 0.093009
threshold=9.8500000200000013 131.61942115000002 0.44119611900000005 0.40947400000000006 0.52691861950000007 1.6650004385000001
decision_type=2 2 2 2 2 2
left_child=-1 3 -3 -2 5 -5
right_child=1 2 -4 4 -6 -7
leaf_value=0.0002279667550009601 0.0033327823580475771 -0.00017691243372336651 0.00026790285540252592 0.00032377253761476488 0.00025923004438329028 -0.0030043527366316594
leaf_weight=34 30 23 20 37 20 304
leaf_count=34 30 23 20 37 20 304
internal_value=-6.82595e-05 -0.000195492 0.000833333 -0.000315212 -0.000382808 -0.000434465
internal_weight=468 434 43 391 361 341
internal_count=468 434 43 391 361 341
is_linear=0
shrinkage=0.01


Tree=252
num_leaves=11
num_cat=0
split_feature=49 20 7 64 74 17 3 75 0 0
split_gain=0.614535 0.582565 0.915956 0.384653 0.292506 0.496101 0.175454 0.103842 0.0244948 0.0211231
threshold=0.40000000950000009 1.7999999945000003 0.55277371450000012 21.909999375000002 6.5321428820000014 40.225000000000009 0.27771426150000006 4.7799999790000003 0.26465027750000009 0.13022432650000001
decision_type=2 2 2 2 2 2 2 2 2 2
left_child=4 3 6 -2 5 -1 -3 9 -7 -5
right_child=1 2 -4 7 -6 8 -8 -9 -10 -11
leaf_value=0.0041275070832895938 4.9238805833716716e-05 0.00084631268553319043 0.00034157616606054364 -0.0012362915909619996 -0.0055867823306854861 -0.00020996641097280395 -0.00097007179377239143 -0.0010147582225203654 -0.0042943418729491298 0.0017393031753219885
leaf_weight=25 21 20 28 23 191 20 21 62 36 20
leaf_count=25 21 20 28 23 191 20 21 62 36 20
internal_value=3.0996e-05 0.000462206 0.00119627 3.94321e-05 -0.000271261 0.000213936 0.000179426 -0.000193762 -0.00028169 0.000148402
internal_weight=467 195 69 126 272 81 41 105 56 43
internal_count=467 195 69 126 272 81 41 105 56 43
is_linear=0
shrinkage=0.01


Tree=253
num_leaves=9
num_cat=1
split_feature=86 17 28 89 87 86 53 87
split_gain=1.12408 0.755552 0.487 0.285421 0.403638 0.347519 0.129583 0.0444286
threshold=131.19284590000004 68.960000000000022 1.9499999880000003 0 25.784041450000004 101.22713215000002 2.1349997525000002 32.508064960000006
decision_type=2 2 2 1 8 2 2 10
left_child=2 -2 -1 4 -4 -6 7 -5
right_child=1 -3 3 6 5 -7 -8 -9
leaf_value=0.00016896710098006433 -5.331398184900097e-05 0.00014776927429319578 -0.003051159041000629 -0.0018550899886078829 -0.0026222459219721085 0.0042570719769872778 -6.6033692660043454e-05 -0.0040466219058701335
leaf_weight=20 29 29 46 244 34 27 23 20
leaf_count=20 29 29 46 244 34 27 23 20
internal_value=4.65312e-05 0.00134354 -0.000132594 -0.000215299 0.00020798 0.000768608 -0.000374412 -0.000453172
internal_weight=472 58 414 394 107 61 287 264
internal_count=472 58 414 394 107 61 287 264
cat_boundaries=0 1
cat_threshold=538968081
is_linear=0
shrinkage=0.01


Tree=254
num_leaves=10
num_cat=0
split_feature=79 40 86 17 29 40 87 1 86
split_gain=0.985976 1.44984 0.644116 0.392022 0.300249 0.252033 0.129626 0.339263 0.0778679
threshold=8.604285615000002 12.050000020000001 131.19284590000004 39.240000000000002 3.0142857180000004 15.749999955000002 27.820630600000005 0.23641135700000002 70.137508020000013
decision_type=2 2 2 2 2 2 10 2 2
left_child=1 2 3 -1 -5 6 8 -8 -2
right_child=5 -3 -4 4 -6 -7 7 -9 -10
leaf_value=6.6474112358620442e-05 -0.00025558307685784819 0.00021577894820236658 0.0014315992754398909 -0.001627652863064416 0.00028187638219399403 0.00026271759481923926 0.00076503108004115274 -0.0026764166244141359 -0.0023369855517952147
leaf_weight=38 39 20 23 78 20 20 24 38 161
leaf_count=38 39 20 23 78 20 20 24 38 161
internal_value=0.000189476 0.0007703 0.000428661 0.000146199 -0.000172065 -0.000173267 -0.000262557 0.000111465 -0.000388446
internal_weight=461 179 159 136 98 282 262 62 200
internal_count=461 179 159 136 98 282 262 62 200
is_linear=0
shrinkage=0.01


Tree=255
num_leaves=10
num_cat=0
split_feature=16 32 79 6 17 12 20 17 12
split_gain=0.704496 0.586084 0.970318 0.630263 0.333468 0.152362 0.191897 0.120361 0.0294163
threshold=0.6776522140000002 5.1499999935000007 8.350000041000003 0.54869635750000012 113.62500000000001 0.57757257100000003 1.7857142900000003 17.510000000000002 0.67125150950000012
decision_type=2 2 2 2 2 2 2 2 2
left_child=5 8 -3 4 7 6 -1 -4 -2
right_child=1 2 3 -5 -6 -7 -8 -9 -10
leaf_value=-0.0050527679753788416 -0.00094075382831575118 5.6203471819352973e-05 0.0060061608008443223 0.00016440243475344084 0.00017538673715841512 -0.0047001650589247419 0.0012273453728283679 -0.00014365668703081324 -0.00066182137198086825
leaf_weight=25 20 20 20 24 23 204 20 61 50
leaf_count=25 20 20 20 24 23 204 20 61 50
internal_value=-3.20662e-06 0.000406764 0.000766129 0.000419255 5.72518e-05 -0.000370296 0.000120087 -0.000226161 -0.000324859
internal_weight=467 218 148 128 104 249 45 81 70
internal_count=467 218 148 128 104 249 45 81 70
is_linear=0
shrinkage=0.01


Tree=256
num_leaves=10
num_cat=0
split_feature=16 16 67 6 67 12 41 6 0
split_gain=0.955366 0.715687 0.697993 0.738534 0.354485 0.151658 0.423321 0.0275573 0.0272148
threshold=0.6776522140000002 0.72959375000000015 51.354999545000005 0.48602971400000006 42.354998590000008 0.59872507150000021 3.9000000355000006 0.43127988100000009 0.12493404150000002
decision_type=2 2 2 2 2 2 2 2 2
left_child=5 2 3 4 -2 6 -1 -6 -3
right_child=1 8 -4 -5 7 -7 -8 -9 -10
leaf_value=-0.0052891358047295811 0.00010583644017123931 -0.0015066323099882618 0.00050041487581877538 0.00017516935152200587 -0.0003046802241484119 -0.0047676568193898913 0.0015719042678072864 -0.0012671925843606793 -0.0010129405498658739
leaf_weight=50 23 20 31 33 20 187 22 44 43
leaf_count=50 23 20 31 33 20 187 22 44 43
internal_value=6.64836e-05 0.000563315 0.000938735 0.000562914 5.12527e-05 -0.000336798 2.74724e-05 -0.000308642 -0.000305643
internal_weight=473 214 151 120 87 259 72 64 63
internal_count=473 214 151 120 87 259 72 64 63
is_linear=0
shrinkage=0.01


Tree=257
num_leaves=11
num_cat=0
split_feature=16 29 15 86 4 41 41 9 0 0
split_gain=1.14574 0.882192 0.733513 0.724876 0.570465 0.178314 0.378585 0.124471 0.0275573 0.0166011
threshold=0.6776522140000002 3.0142857180000004 0.7266769525000002 131.19284590000004 0.33806902850000004 3.8000000305000001 5.1999998760000006 0.71152647500000021 0.22999441650000002 0.26084197900000006
decision_type=2 2 2 2 2 2 2 2 2 2
left_child=5 2 3 4 -2 -1 -7 -4 -8 -6
right_child=1 -3 7 -5 9 6 8 -9 -10 -11
leaf_value=-0.0047991173212232445 0.0032860072000287311 0.00084406476967723075 -0.0006202755984891018 0.0022927084950103778 -0.0015991973257970949 0.00066960984187662835 -0.0017307423324679743 5.5390910144236632e-05 -0.0024622197263395053 -0.0011963670257675687
leaf_weight=163 27 37 67 21 20 22 44 20 20 22
leaf_count=163 27 37 67 21 20 22 44 20 20 22
internal_value=0.000164942 0.000702979 0.000390889 0.00102423 0.000479943 -0.000290232 5.76036e-05 -0.000244875 -0.000308642 -0.00021028
internal_weight=463 214 177 90 69 249 86 87 64 42
internal_count=463 214 177 90 69 249 86 87 64 42
is_linear=0
shrinkage=0.01


Tree=258
num_leaves=7
num_cat=1
split_feature=89 86 45 49 86 57
split_gain=0.87117 0.713625 1.09419 0.5736 0.347639 0.283075
threshold=0 98.471114805000013 13.499999980000002 0.40000000950000009 131.48502525000004 0.76999998100000011
decision_type=1 2 2 2 2 2
left_child=-1 3 4 -2 5 -3
right_child=1 2 -4 -5 -6 -7
leaf_value=-0.0031292758880498948 -0.0049728202771331786 9.3128037370622595e-05 0.00082192586798725297 0.0038053127566365476 0.0019483988571925115 -0.0024752946338047906
leaf_weight=211 96 28 22 20 31 42
leaf_count=211 96 28 22 20 31 42
internal_value=-6.65495e-06 0.000394315 0.000941034 -0.000136986 0.000466601 4.23728e-05
internal_weight=450 239 123 116 101 70
internal_count=450 239 123 116 101 70
cat_boundaries=0 1
cat_threshold=303632925
is_linear=0
shrinkage=0.01


Tree=259
num_leaves=10
num_cat=0
split_feature=32 40 10 15 40 40 31 25 0
split_gain=0.532518 0.401961 0.396818 0.589967 0.336132 0.78081 0.143716 0.140883 0.0426612
threshold=5.6000000750000014 11.649999975000002 0.67107886300000008 0.67616850000000006 8.2499999740000032 7.5999999645000011 3.0785714215000008 4.1571428610000014 0.24297752100000003
decision_type=2 2 2 2 2 2 2 2 2
left_child=1 4 3 -3 5 -1 -6 8 -2
right_child=7 2 -4 -5 6 -7 -8 -9 -10
leaf_value=-0.0030872287149161315 -0.0047849356959098347 -7.1750541822849031e-06 -9.3567764018647929e-06 0.00020638950842025486 1.9022962034643847e-05 0.0039942229512760141 -0.00097607081435616778 0.00069622819032134637 -0.0030881182014682539
leaf_weight=28 180 22 23 20 37 28 81 20 20
leaf_count=28 180 22 23 20 37 28 81 20 20
internal_value=0 0.000327356 0.000995441 0.00156542 6.29289e-05 0.000704225 -0.000227273 -0.000353261 -0.000438247
internal_weight=459 239 65 42 174 56 118 220 200
internal_count=459 239 65 42 174 56 118 220 200
is_linear=0
shrinkage=0.01


Tree=260
num_leaves=10
num_cat=0
split_feature=16 3 20 41 25 48 40 47 33
split_gain=1.10943 0.672923 0.837106 0.361934 0.321241 0.27991 0.190182 0.120601 0.0430078
threshold=0.6776522140000002 0.31490748550000008 1.7857142985000001 3.6000000535000001 4.1142857585000003 20.850000380000001 12.250000030000001 2.0999999825000004 4.2071428810000002
decision_type=2 2 2 2 2 2 2 2 2
left_child=6 2 3 -2 5 7 8 -3 -1
right_child=1 4 -4 -5 -6 -7 -8 -9 -10
leaf_value=-0.0056748015842813916 -0.0024896766884149723 2.4741894879686716e-05 0.0039641129590715935 0.0036612471269410161 0.00011318080651792831 5.8208872126935471e-05 0.00016051330071278701 -0.0008352167225056424 0.00010930224571152669
leaf_weight=190 23 21 35 27 20 27 33 72 20
leaf_count=190 23 21 35 27 20 27 33 72 20
internal_value=0.000136519 0.000644375 0.00134615 0.000452756 0.000198864 0 -0.000326087 -0.000261194 -0.000441177
internal_weight=468 225 85 50 140 120 243 93 210
internal_count=468 225 85 50 140 120 243 93 210
is_linear=0
shrinkage=0.01


Tree=261
num_leaves=8
num_cat=0
split_feature=86 79 20 86 15 0 25
split_gain=0.611588 0.323495 0.19448 0.612317 0.14928 0.127491 0.0443435
threshold=131.19284590000004 8.6035713810000018 1.8357142720000004 101.22713215000002 0.75344214250000008 0.14005564550000002 4.1999999970000008
decision_type=2 2 2 2 2 2 2
left_child=2 -2 4 5 6 -4 -1
right_child=1 -3 3 -5 -6 -7 -8
leaf_value=-0.0022088730993619983 0.00067616928904331924 -0.0002372795578852101 0.00068813603962457174 0.00061674814251585629 0.00043916878030556992 -0.0034893204441877731 -4.76321084930351e-06
leaf_weight=240 34 23 20 23 20 72 20
leaf_count=240 34 23 20 23 20 72 20
internal_value=-9.71733e-05 0.000856401 -0.000241284 9.06735e-05 -0.000384616 -0.000258621 -0.000452454
internal_weight=452 57 395 115 280 92 260
internal_count=452 57 395 115 280 92 260
is_linear=0
shrinkage=0.01


Tree=262
num_leaves=8
num_cat=1
split_feature=24 89 74 34 15 24 58
split_gain=0.739128 0.36759 0.731968 0.21749 0.272739 0.131131 0.113851
threshold=1.8857142755000003 0 6.5321428820000014 3.3714285750000004 0.72790397600000012 2.4785714150000007 1.9699997900000004
decision_type=2 1 2 2 2 2 2
left_child=-1 2 -2 4 -3 -5 -4
right_child=1 3 6 5 -6 -7 -8
leaf_value=7.312222834164565e-05 0.0010836236126117826 0.0028273153202339465 -0.0090516285332989787 -0.0033275001669579663 -0.00018874549530546809 -6.7250253773292834e-05 0.0010511890746844532
leaf_weight=28 39 24 53 248 24 25 20
leaf_count=28 39 24 53 248 24 25 20
internal_value=-1.84064e-05 -0.000125634 0.000342019 -0.000296866 0.000286885 -0.000418189 -0.000196477
internal_weight=461 433 112 321 48 273 73
internal_count=461 433 112 321 48 273 73
cat_boundaries=0 1
cat_threshold=2392130
is_linear=0
shrinkage=0.01


Tree=263
num_leaves=7
num_cat=0
split_feature=16 40 10 17 61 26
split_gain=0.39918 0.408664 0.274402 0.242666 0.142637 0.136531
threshold=0.66486142900000011 12.800000015000002 0.5781122860000002 37.240000000000002 20.195001600000001 4.1428571940000003
decision_type=2 2 2 2 2 2
left_child=5 2 -2 -4 -5 -1
right_child=1 -3 3 4 -6 -7
leaf_value=-0.0048350615848006054 3.2306344118247019e-05 0.00019321651149522862 0.0044799086990595172 1.5045217552237273e-05 -0.00095880945609049309 0.00017513235687387663
leaf_weight=185 25 33 34 20 109 23
leaf_count=185 25 33 34 20 109 23
internal_value=-7.56167e-05 0.000214157 2.11863e-05 -0.000119048 -0.000327427 -0.00039272
internal_weight=429 221 188 163 129 208
internal_count=429 221 188 163 129 208
is_linear=0
shrinkage=0.01


Tree=264
num_leaves=10
num_cat=0
split_feature=40 79 49 61 5 62 87 10 5
split_gain=0.498833 0.41537 0.303866 0.476329 0.475816 0.227706 0.532843 0.122181 0.394993
threshold=11.800000105000002 8.6057143550000017 0.35000000900000006 32.250000000000007 0.42707578600000007 1.9750003810000003 23.973633205000002 0.6531102860000001 0.42347158550000003
decision_type=2 2 2 2 2 2 8 2 2
left_child=2 -2 -1 7 -5 -3 -7 -4 -9
right_child=1 5 3 4 -6 6 -8 8 -10
leaf_value=-0.0040893963351254269 0.00017381285774226499 -0.006049669712539364 -0.0017025860992661867 -0.0001174438029540796 0.0015033610843007081 -0.0025307606553387004 0.00057575561042867392 0.0039905442625979941 -3.811862221088777e-05
leaf_weight=181 26 31 77 23 23 20 20 22 41
leaf_count=181 26 31 77 23 23 20 20 22 41
internal_value=-2.15147e-05 0.000608384 -0.000194399 8.02997e-05 0.000961538 0.000174095 0.000686274 -0.000198864 0.000101881
internal_weight=464 97 367 186 46 71 40 140 63
internal_count=464 97 367 186 46 71 40 140 63
is_linear=0
shrinkage=0.01


Tree=265
num_leaves=10
num_cat=1
split_feature=89 2 2 11 70 8 78 17 7
split_gain=0.5376 0.565489 0.657496 0.272266 0.610081 0.240115 0.114758 0.115886 0.0249217
threshold=0 0.28765000000000002 0.31136364300000008 0.60369364300000006 7.9357142110000014 0.5117537860000001 12.582857265000001 154.51500000000001 0.42114135700000005
decision_type=1 2 2 2 2 2 2 2 2
left_child=1 5 -3 4 8 -1 -5 -8 -2
right_child=3 2 -4 6 -6 -7 7 -9 -10
leaf_value=0.0054053708663467414 -0.0033642944131174347 0.00019586830073568039 0.00012245526756640105 4.4726728479941692e-05 0.0010104854038639692 -0.0030008491468282734 -0.00108214273512245 -0.00012587760092412127 -0.0041608165707132409
leaf_weight=20 20 25 26 23 29 42 223 28 37
leaf_count=20 20 25 26 23 29 42 223 28 37
internal_value=3.16577e-06 0.000577544 0.00139961 -0.000183387 0.000288018 0 -0.000345706 -0.000411041 -0.000285467
internal_weight=473 113 51 360 86 62 274 251 57
internal_count=473 113 51 360 86 62 274 251 57
cat_boundaries=0 1
cat_threshold=547621057
is_linear=0
shrinkage=0.01


Tree=266
num_leaves=11
num_cat=0
split_feature=74 1 72 5 23 17 39 26 4 4
split_gain=0.502678 0.344681 0.636714 0.324675 0.299145 0.161493 0.111033 0.0728489 0.0686894 0.0249217
threshold=6.5800000770000011 0.27779023800000008 5.6628571025000012 0.52691861950000007 1.8714285620000004 39.945000000000007 0.70000002150000007 4.1071428060000015 0.33926019050000006 0.36167550000000009
decision_type=2 2 2 2 2 2 2 2 2 2
left_child=1 2 4 7 5 -1 -3 -2 -9 -7
right_child=3 6 -4 -5 -6 9 -8 8 -10 -11
leaf_value=0.00019647020585557943 -0.0039625955529024497 0.0017879174508431829 0.0036595439482771798 0.00020440999859559425 0.0033981019110093003 -0.00018279567521065882 -0.0020556067214248601 0.0013217850834022027 -0.0025849039944119195 -0.00012040586478955465
leaf_weight=23 208 20 26 20 20 37 50 20 23 20
leaf_count=23 208 20 26 20 20 37 50 20 23 20
internal_value=-2.45833e-05 0.000355691 0.000670347 -0.000307211 0.000277778 0 -0.000183616 -0.000411041 0 -0.000285467
internal_weight=467 196 126 271 100 80 70 251 43 57
internal_count=467 196 126 271 100 80 70 251 43 57
is_linear=0
shrinkage=0.01


Tree=267
num_leaves=8
num_cat=0
split_feature=13 54 10 4 25 20 40
split_gain=0.622851 0.594906 0.304893 0.351582 0.125172 0.100956 0.0446694
threshold=0.75096107500000009 3.0350003240000007 0.5781122860000002 0.32095100000000004 4.1928571635000011 1.8428571305000003 15.349999815000002
decision_type=2 2 2 2 2 2 2
left_child=2 -2 3 5 6 -1 -4
right_child=1 -3 4 -5 -6 -7 -8
leaf_value=-0.004048622426188626 -0.00012464542777679131 0.00018388630286790084 -0.0010229766152479336 0.0019511928905653706 0.00017623062442957007 0.00085671903973582935 -0.00039412346997881901
leaf_weight=41 35 21 256 28 24 20 20
leaf_count=41 35 21 256 28 24 20 20
internal_value=-9.0848e-05 0.000880282 -0.000237301 0.000261693 -0.000392287 -0.000137541 -0.000455202
internal_weight=445 56 389 89 300 61 276
internal_count=445 56 389 89 300 61 276
is_linear=0
shrinkage=0.01


Tree=268
num_leaves=9
num_cat=0
split_feature=86 19 20 18 41 44 17 38
split_gain=0.594007 0.725276 0.303589 0.433996 0.376 0.520536 0.130128 0.0442779
threshold=131.19284590000004 2.3285714135000002 1.8142857125000003 1.0071428505000002 5.1999998760000006 3.2000000810000002 59.560000000000009 10.850000060000001
decision_type=2 2 2 2 2 2 2 2
left_child=2 -2 7 4 5 -4 -7 -1
right_child=1 -3 3 -5 -6 6 -8 -9
leaf_value=-0.0018531704057424593 0.00012384266756952102 -3.9251756406738596e-05 -0.0001365648546460228 -0.0043308369899887214 -0.0085874302988007741 0.0011527045473987742 0.00056985311838966997 -0.0013280510463155803
leaf_weight=237 26 32 27 74 26 20 20 20
leaf_count=237 26 32 27 74 26 20 20 20
internal_value=-0.000101491 0.000833333 -0.000235405 8.64123e-05 0.00054904 0.000951327 0.00166667 -0.000451901
internal_weight=482 58 424 167 93 67 40 257
internal_count=482 58 424 167 93 67 40 257
is_linear=0
shrinkage=0.01


Tree=269
num_leaves=9
num_cat=0
split_feature=46 16 87 15 64 7 87 7
split_gain=0.461034 0.357748 0.519739 0.463508 0.449559 0.358876 0.0436659 0.0365163
threshold=9.2999998630000018 0.66486142900000011 25.560182840000007 0.69731790450000009 64.025000570000017 0.55277371450000012 33.572341325000004 0.59024792850000007
decision_type=2 2 10 2 2 2 8 2
left_child=-1 6 7 -4 -5 -6 -2 -3
right_child=1 2 3 4 5 -7 -8 -9
leaf_value=4.9683763728112854e-05 -0.0046267697463359706 -0.00042234234754247682 0.0045349357258846921 -0.00021997297288812989 -0.00030561764244008453 0.0024860237270247954 -0.0037915494647630154 -0.00037663906839706911
leaf_weight=20 212 88 25 47 22 26 20 20
leaf_count=20 212 88 25 47 22 26 20 20
internal_value=-9.98337e-05 -0.000169271 0.000104895 0.000562914 0.000213987 0.000901639 -0.000446736 -0.00038603
internal_weight=480 460 228 120 95 48 232 108
internal_count=480 460 228 120 95 48 232 108
is_linear=0
shrinkage=0.01


Tree=270
num_leaves=11
num_cat=0
split_feature=16 61 56 1 46 40 10 1 6 3
split_gain=0.697706 0.591615 0.936771 0.542831 0.409048 0.419164 0.133098 0.0778705 0.0425505 0.0348657
threshold=0.66486142900000011 26.434999940000001 0.095000267000000013 0.28202542850000006 11.500000015000003 11.699999785000001 0.48293992850000006 0.26272345250000007 0.55223403550000005 0.34854228600000009
decision_type=2 2 2 2 2 2 2 2 2 2
left_child=6 4 3 -3 5 -2 -1 -4 -8 -6
right_child=1 2 7 -5 9 -7 8 -9 -10 -11
leaf_value=0.00029961263340664456 0.0053530469760894421 0.0013364064693678214 7.048884263112329e-05 0.00085280757380639738 -0.0016777855666590363 -0.00013991197340251777 -0.0041069114547853548 -0.0011791867115991644 -0.0044449837483184563 -0.0017427617904780511
leaf_weight=21 20 29 20 30 76 25 177 27 20 20
leaf_count=21 20 29 20 30 76 25 177 27 20 20
internal_value=5.47444e-05 0.000421711 0.000983146 0.00181438 0 0.000775109 -0.00035192 -3.13809e-05 -0.000437311 -0.000371901
internal_weight=465 247 106 59 141 45 218 47 197 96
internal_count=465 247 106 59 141 45 218 47 197 96
is_linear=0
shrinkage=0.01


Tree=271
num_leaves=9
num_cat=0
split_feature=88 34 32 12 46 17 16 5
split_gain=0.480096 0.410377 0.584519 0.187035 0.175423 0.282491 0.546452 0.0323472
threshold=24.358773140000004 3.3357142890000007 5.571428537000001 0.71027235700000013 18.999999695000003 39.240000000000002 0.61853421400000008 0.46218607150000007
decision_type=10 2 2 2 2 2 2 2
left_child=4 -2 -3 -4 -1 6 -6 -7
right_child=1 2 3 -5 5 7 -8 -9
leaf_value=-0.0022206678732204464 -0.0024270858060241262 0.0035755198576826403 -0.0025200600406302277 0.00012412601516314457 -0.01632277698367416 -0.0012304389244545797 0.005180626917812188 -0.004180298521374858
leaf_weight=208 38 33 28 32 21 62 20 20
leaf_count=208 38 33 28 32 21 62 20 20
internal_value=-0.000105877 0.000398331 0.00076226 0.000131579 -0.000311935 0 0.000657895 -0.000350242
internal_weight=462 131 93 60 331 123 41 82
internal_count=462 131 93 60 331 123 41 82
is_linear=0
shrinkage=0.01


Tree=272
num_leaves=10
num_cat=0
split_feature=16 3 3 46 29 49 2 3 3
split_gain=0.754413 0.604334 1.28874 0.213045 0.100191 0.0750313 0.0662955 0.0639114 0.033148
threshold=0.6776522140000002 0.31490748550000008 0.29333092850000003 10.750000135000002 2.9285714205000004 0.60000001650000001 0.28967135750000006 0.27310892850000007 0.33082507150000007
decision_type=2 2 2 2 2 2 2 2 2
left_child=5 2 7 -3 8 -1 -7 -2 -5
right_child=1 3 -4 4 -6 6 -8 -9 -10
leaf_value=-0.0045487285795039216 6.2512005019381097e-05 3.3803736839912424e-05 0.0046825875241198536 -0.00046661108259526285 3.4117889637410444e-05 -0.0037360031655013443 0.00069841751590417887 -3.6510308383599392e-05 -0.00034212624589148387
leaf_weight=205 20 30 30 20 20 22 20 21 66
leaf_count=205 20 30 30 20 20 22 20 21 66
internal_value=-3.29816e-05 0.000406641 0.00114902 0 -0.000196629 -0.000409605 0 0 -0.000357143
internal_weight=454 207 71 136 106 247 42 41 86
internal_count=454 207 71 136 106 247 42 41 86
is_linear=0
shrinkage=0.01


Tree=273
num_leaves=10
num_cat=0
split_feature=16 37 17 86 66 32 40 17 1
split_gain=0.505036 0.474895 0.55646 0.414968 0.194146 0.104611 0.0802527 0.0431374 0.031233
threshold=0.6776522140000002 9.3000001830000016 118.70500000000001 131.19284590000004 83.569999695000021 5.192857129000001 12.250000030000001 9.0250000000000004 0.23494250000000003
decision_type=2 2 2 2 2 2 2 2 2
left_child=6 2 3 4 5 -2 7 -1 -3
right_child=1 8 -4 -5 -6 -7 -8 -9 -10
leaf_value=-0.0029977767411290437 0.0038752238201759772 0.00023223756155223098 0.00052061766739365273 4.774317072723013e-05 0.00043782229902933567 -0.0018656596631634378 -0.0011872137194771379 -0.0040355494891862595 -0.0010295748175245447
leaf_weight=20 22 20 28 24 20 57 34 194 57
leaf_count=20 22 20 28 24 20 57 34 194 57
internal_value=-5.45303e-05 0.00027972 0.000609354 0.00029483 0 -0.000219298 -0.000369775 -0.000442272 -0.000340617
internal_weight=476 228 151 123 99 79 248 214 77
internal_count=476 228 151 123 99 79 248 214 77
is_linear=0
shrinkage=0.01


Tree=274
num_leaves=8
num_cat=0
split_feature=88 77 46 9 25 59 5
split_gain=0.3444 0.466356 0.28442 0.232716 0.195747 0.153982 0.0452508
threshold=26.400421500000004 12.971428670000002 10.049999872500001 0.65677048350000011 4.1857143300000006 34.105000495000006 0.5311997140000001
decision_type=10 2 2 2 2 2 2
left_child=2 3 -1 -2 5 -4 -7
right_child=1 -3 4 -5 -6 6 -8
leaf_value=2.8079154812749083e-05 -0.0023332841826936741 0.0019753613677785269 0.00029289288259325976 0.00042838149604847332 0.0015800084939191351 -0.0010790351489443296 -0.00030333096218058064
leaf_weight=34 39 21 20 20 31 290 20
leaf_count=34 39 21 20 20 31 290 20
internal_value=-0.000116646 0.000470297 -0.000241284 0 -0.000327529 -0.000402056 -0.000460103
internal_weight=475 80 395 59 361 330 310
internal_count=475 80 395 59 361 330 310
is_linear=0
shrinkage=0.01


Tree=275
num_leaves=10
num_cat=0
split_feature=16 13 46 17 74 25 16 0 6
split_gain=0.986794 0.745376 0.55225 0.897892 0.309367 0.261673 0.389951 0.0432623 0.0343882
threshold=0.66486142900000011 0.65033731650000004 11.149999985000003 106.49000000000002 6.5321428820000014 4.0571428540000012 0.7073590715000001 0.27487510400000004 0.41089321450000005
decision_type=2 2 2 2 2 2 2 2 2
left_child=7 -2 3 4 -3 8 -7 -1 -4
right_child=1 2 5 -5 -6 6 -8 -9 -10
leaf_value=-0.0044024264412949278 0.0021468398987126418 8.267817554222153e-05 -0.0006998163851958389 0.00084200747917732106 -0.00072029558343556345 -0.0022657124384711058 0.00016430203642976739 -0.003604808542016516 -0.00065680864654793167
leaf_weight=198 20 23 20 20 27 25 34 20 73
leaf_count=198 20 23 20 20 27 25 34 20 73
internal_value=3.90624e-05 0.000481878 0.000300718 0.00103107 0.000255905 -2.61781e-05 0.000476589 -0.000443327 -0.000367804
internal_weight=460 242 222 70 50 152 59 218 93
internal_count=460 242 222 70 50 152 59 218 93
is_linear=0
shrinkage=0.01


Tree=276
num_leaves=9
num_cat=0
split_feature=86 7 7 88 71 6 61 87
split_gain=0.584257 0.472245 0.324683 0.187909 0.153387 0.170852 0.0391095 0.0449078
threshold=131.19284590000004 0.56306028600000013 0.40947400000000006 26.996233585000002 5.6321429545000008 0.45079700000000006 21.974999905000004 1.0000000180025095e-35
decision_type=2 2 2 10 2 2 2 10
left_child=2 -2 -1 4 5 -4 -6 -8
right_child=1 -3 3 -5 6 -7 7 -9
leaf_value=0.0035922737078121704 0.0010836898673969092 -8.9041975815157346e-05 0.00036037874121232991 0.0001660944880385698 -2.6317112296096449e-05 -0.0013951706963416144 -0.0018251902045554442 -0.0035471674088673427
leaf_weight=29 30 26 20 29 20 20 20 269
leaf_count=29 30 26 20 29 20 20 20 269
internal_value=-6.36051e-05 0.000880282 -0.000199853 -0.000282471 -0.0003502 0.000196078 -0.000427695 -0.000457212
internal_weight=463 56 407 378 349 40 309 289
internal_count=463 56 407 378 349 40 309 289
is_linear=0
shrinkage=0.01


Tree=277
num_leaves=9
num_cat=0
split_feature=88 39 7 86 6 66 56 19
split_gain=0.423686 0.44387 0.206188 0.194145 0.117199 0.112496 0.350341 0.0356
threshold=26.400421500000004 12.299999980000001 0.40947400000000006 130.16331580000002 0.57262616650000009 79.940000060000003 0.095000267000000013 2.5928571225000003
decision_type=10 2 2 2 2 2 2 2
left_child=2 -2 -1 -3 5 6 7 -4
right_child=1 3 4 -5 -6 -7 -8 -9
leaf_value=0.0045808143841177028 0.00036524450508938126 -0.0021477708749615605 -0.00019315727236177331 3.3416023411441934e-05 0.00012632774856084054 -0.0031086445976321302 0.00053505593532120015 -9.0826338052725157e-06
leaf_weight=25 20 30 81 21 20 219 27 20
leaf_count=25 20 30 81 21 20 219 27 20
internal_value=-0.000106727 0.000591922 -0.000239308 4.82624e-05 -0.000303154 -0.000349339 -9.31678e-05 -0.000378193
internal_weight=463 71 392 51 367 347 128 101
internal_count=463 71 392 51 367 347 128 101
is_linear=0
shrinkage=0.01


Tree=278
num_leaves=9
num_cat=1
split_feature=86 72 89 49 30 66 17 0
split_gain=0.8195 0.443921 0.307213 0.91085 0.303354 0.0801593 0.124888 0.0309933
threshold=131.61942115000002 5.4328571555000007 0 0.40000000950000009 3.2357142910000003 79.940000060000003 40.225000000000009 0.12550053100000003
decision_type=2 2 1 2 2 2 2 2
left_child=2 -2 3 4 -1 6 -4 -8
right_child=1 -3 5 -5 -6 -7 7 -9
leaf_value=0.00019354168807022169 5.2794270130936963e-05 0.00073114207025162749 0.0020378808033410883 0.00055630395961818989 -0.0056280785506191804 -0.0023223963394369126 -7.4177229569004531e-05 -0.00018464572749617793
leaf_weight=20 20 32 31 29 81 169 20 56
leaf_count=20 20 32 31 29 81 169 20 56
internal_value=0 0.00117424 -0.000149951 0.000234375 -0.000181729 -0.000334728 -0.000106679 -0.000338542
internal_weight=458 52 406 130 101 276 107 76
internal_count=458 52 406 130 101 276 107 76
cat_boundaries=0 1
cat_threshold=2099331
is_linear=0
shrinkage=0.01


Tree=279
num_leaves=9
num_cat=0
split_feature=19 22 46 41 13 11 44 9
split_gain=0.296553 0.376025 0.32287 0.378517 0.270405 0.761127 0.117074 0.0325544
threshold=2.2214285645000005 1.8714285535000001 22.500000005000004 5.3500001430000008 0.70884390000000008 0.64532025000000004 2.7000000030000004 0.67745887500000002
decision_type=2 2 2 2 2 2 2 2
left_child=-1 2 3 4 5 -2 -6 -5
right_child=1 -3 -4 7 6 -7 -8 -9
leaf_value=-0.0060890269490154461 1.7585888034409424e-05 -0.00049552953194838137 0.0041414207406024819 -0.0011658190119209371 8.4985473784944085e-05 0.0007449439410594376 -0.0003953769234953805 -0.0034750220554676664
leaf_weight=112 65 81 25 63 30 23 33 20
leaf_count=112 65 81 25 63 30 23 33 20
internal_value=-3.09188e-05 0.000111502 0.000302155 0.000174617 0.000477602 0.000833333 0 -0.000352029
internal_weight=452 340 259 234 151 88 63 83
internal_count=452 340 259 234 151 88 63 83
is_linear=0
shrinkage=0.01


Tree=280
num_leaves=7
num_cat=0
split_feature=86 5 40 24 71 4
split_gain=1.01545 0.63953 0.569827 0.16072 0.11519 0.17771
threshold=131.19284590000004 0.43466569050000009 15.949999745000001 2.4785714150000007 5.6492857720000007 0.33777235700000008
decision_type=2 2 2 2 2 2
left_child=2 -2 3 4 5 -1
right_child=1 -3 -4 -5 -6 -7
leaf_value=0.0034440723787181626 0.00096054071138451387 0.00010530159293420445 0.00031793015811492481 7.8646619335979978e-06 -0.003725901519987362 -0.0015129639955551301
leaf_weight=24 31 28 20 37 287 38
leaf_count=24 31 28 20 37 287 38
internal_value=-6.54789e-05 0.00114548 -0.000248279 -0.000338676 -0.000407376 0
internal_weight=465 59 406 386 349 62
internal_count=465 59 406 386 349 62
is_linear=0
shrinkage=0.01


Tree=281
num_leaves=10
num_cat=0
split_feature=86 4 20 37 46 42 44 70 4
split_gain=1.15727 0.457386 0.379401 0.47208 0.290973 0.165409 0.132292 0.0437461 0.0354589
threshold=131.83848035000003 0.36167550000000009 1.8142857125000003 8.5999997815000011 10.049999872500001 0.25000000750000007 7.0999999795000006 8.3392856460000022 0.41010369050000006
decision_type=2 2 2 2 2 2 2 2 2
left_child=2 -2 6 4 -4 8 7 -1 -6
right_child=1 -3 3 -5 5 -7 -8 -9 -10
leaf_value=-0.0015742984331434493 0.0020699255810531997 0.00011215698967427695 0.00026050221606719199 0.00286941668152575 -0.0040866926107008174 0.00050297666240020069 8.193147507550934e-05 -0.0023171276613737704 -0.00026291663356321147
leaf_weight=215 20 21 25 23 80 29 22 20 20
leaf_count=215 20 21 25 23 80 29 22 20 20
internal_value=2.2068e-05 0.00161483 -0.000126495 0.00022216 6.45983e-06 -0.000173344 -0.000374321 -0.000447413 -0.000376984
internal_weight=475 41 434 177 154 129 257 235 100
internal_count=475 41 434 177 154 129 257 235 100
is_linear=0
shrinkage=0.01


Tree=282
num_leaves=9
num_cat=0
split_feature=86 37 41 12 41 57 7 50
split_gain=0.713852 0.641039 0.261873 0.404902 0.173764 0.124246 0.170852 0.0390952
threshold=131.83848035000003 8.3500001095000016 3.4999999255000005 0.57917892850000008 3.8499999945000005 0.76999998100000011 0.49963635700000003 8.6499999685000031
decision_type=2 2 2 2 2 2 2 2
left_child=2 -2 -1 -4 -5 6 -6 -7
right_child=1 -3 3 4 5 7 -8 -9
leaf_value=-0.004198041150373511 0.0011626214062007785 -0.00048155030416257796 0.0059955920732014945 0.00010812405368454105 -0.00023512246862214569 -0.0020159100309364423 0.00038728450440626117 -4.9267507483996552e-05
leaf_weight=187 25 25 20 39 20 114 20 20
leaf_count=187 25 25 20 39 20 114 20 20
internal_value=-7.00936e-05 0.00104331 -0.000209126 6.41562e-06 -0.000114593 -0.000257437 0.000196078 -0.000408012
internal_weight=470 50 420 233 213 174 40 134
internal_count=470 50 420 233 213 174 40 134
is_linear=0
shrinkage=0.01


Tree=283
num_leaves=9
num_cat=0
split_feature=16 14 70 58 7 3 10 34
split_gain=0.582601 0.931882 0.386979 0.804411 0.140885 0.241095 0.131492 0.0435835
threshold=0.6776522140000002 0.68719578600000009 7.4492857455000001 1.9299998280000004 0.55945142850000007 0.36819121450000009 0.48293992850000006 4.9857142310000011
decision_type=2 2 2 2 2 2 2 2
left_child=6 -2 3 -3 -4 -6 -1 -8
right_child=1 2 4 -5 5 -7 7 -9
leaf_value=4.2092281291213375e-05 0.0032892768828310932 0.0003479082281079471 -0.0008857702244977506 -0.00080568149839882702 9.150079304610932e-05 -0.00083179689165087498 -0.0040751076311357857 -0.0021917454237625144
leaf_weight=22 32 20 81 21 28 30 209 20
leaf_count=22 32 20 81 21 28 30 209 20
internal_value=-4.20441e-05 0.000338346 4.42477e-05 0.000897129 -0.00019671 0.000153061 -0.000371327 -0.00044604
internal_weight=463 212 180 41 139 58 251 229
internal_count=463 212 180 41 139 58 251 229
is_linear=0
shrinkage=0.01


Tree=284
num_leaves=9
num_cat=0
split_feature=45 26 37 9 70 17 34 26
split_gain=0.396165 0.450129 0.466989 0.254495 0.307006 0.212437 0.0993329 0.0431054
threshold=11.500000190000003 3.8999999930000002 4.400000050500001 0.63664367500000008 7.4492857455000001 76.155000000000015 4.7142857310000013 3.7285714320000003
decision_type=2 2 2 2 2 2 2 2
left_child=1 3 -3 -1 -5 -4 7 -2
right_child=6 2 5 4 -6 -7 -8 -9
leaf_value=-0.00092933095683179145 -0.0017952969609354996 -0.00015190372527132656 0.0052743417667698456 6.436875130027757e-05 -0.00092807623828835076 9.9763211335109094e-05 -0.00068228752790664403 -0.0039572971691135949
leaf_weight=81 20 28 20 29 39 23 28 193
leaf_count=81 20 28 20 29 39 23 28 193
internal_value=-8.33695e-05 0.000217391 0.000870473 -8.34447e-05 0.000348837 0.00151826 -0.000366005 -0.000442002
internal_weight=461 220 71 149 68 43 241 213
internal_count=461 220 71 149 68 43 241 213
is_linear=0
shrinkage=0.01


Tree=285
num_leaves=9
num_cat=1
split_feature=53 89 59 64 9 48 17 25
split_gain=0.599904 0.399159 0.579998 0.530484 0.47808 0.270567 0.22603 0.141114
threshold=0.21500015250000001 0 40.954999925000003 65.170001985000013 0.66806697500000012 19.500000385000003 68.960000000000022 4.1499999930000007
decision_type=2 1 2 2 2 2 2 2
left_child=-1 2 3 4 -2 7 -7 -3
right_child=1 5 -4 -5 -6 6 -8 -9
leaf_value=-0.0043349948016994039 0.0014319143433360315 -0.00099009426704331233 -0.0042426757090736761 -0.0040152731318275356 0.00010777493883665679 -0.00010770829392291219 0.0014552836263489785 0.00022003647513436754
leaf_weight=185 37 104 29 24 21 24 20 20
leaf_count=185 37 104 29 24 21 24 20 20
internal_value=-4.30294e-05 0.000244818 0.00067734 0.0011715 0.00168367 -6.71142e-05 0.000580357 -0.000320513
internal_weight=464 279 111 82 58 168 44 124
internal_count=464 279 111 82 58 168 44 124
cat_boundaries=0 1
cat_threshold=2359314
is_linear=0
shrinkage=0.01


Tree=286
num_leaves=10
num_cat=0
split_feature=16 20 77 1 6 20 54 20 33
split_gain=0.586235 0.609014 0.372636 0.374371 0.335163 0.208827 0.115398 0.205742 0.0426247
threshold=0.6776522140000002 1.8142857255000002 13.241428650000001 0.28934150000000003 0.48602971400000006 1.7857142985000001 3.4150004385000003 1.8285714135000002 4.2357143330000016
decision_type=2 2 2 2 2 2 2 2 2
left_child=6 2 5 -4 -3 -2 7 -1 -8
right_child=1 4 3 -5 -6 -7 8 -9 -10
leaf_value=-0.0029728416640212208 -0.0012762043069286897 8.2178784733987086e-05 0.00023152635345451034 -0.0001056553655268067 0.00027143473304092096 6.8275851560599494e-05 -0.0052139204583395949 0.0002822868386308698 -0.00016432727055758033
leaf_weight=29 88 29 20 22 25 28 179 20 20
leaf_count=29 88 29 20 22 25 28 179 20 20
internal_value=0 0.000385338 5.66749e-05 0.000864486 0.00129562 -0.000222603 -0.000329582 7.0281e-05 -0.000437938
internal_weight=460 212 158 42 54 116 248 49 199
internal_count=460 212 158 42 54 116 248 49 199
is_linear=0
shrinkage=0.01


Tree=287
num_leaves=9
num_cat=0
split_feature=46 20 37 75 40 37 5 34
split_gain=0.652734 0.678235 1.14451 0.332717 0.172008 0.190892 0.126914 0.0438755
threshold=9.2999998630000018 1.8142857255000002 7.7999999860000004 4.8964285875000009 10.399999870000002 9.3000000865000008 0.48596064300000003 5.0571428365000015
decision_type=2 2 2 2 2 2 2 2
left_child=-1 4 3 -3 7 -6 -5 -2
right_child=1 2 -4 6 5 -7 -8 -9
leaf_value=0.00014761406474231666 -0.001641172801370857 0.00066888485519205044 0.0014097271594819575 -0.0041772687710679487 -0.0026147182488526276 5.1438400182310383e-05 0.00030199017641180435 -0.00059611761207966631
leaf_weight=21 220 24 33 71 29 32 20 20
leaf_count=21 220 24 33 71 29 32 20 20
internal_value=2.76125e-05 -5.00224e-05 0.000497312 4.31767e-06 -0.000326375 0.000121359 -0.000255991 -0.000448505
internal_weight=470 449 148 115 301 61 91 240
internal_count=470 449 148 115 301 61 91 240
is_linear=0
shrinkage=0.01


Tree=288
num_leaves=9
num_cat=0
split_feature=86 16 16 38 38 10 38 5
split_gain=0.981639 0.702676 0.518066 0.600265 0.826339 0.216933 0.210313 0.322847
threshold=131.19284590000004 0.73371160700000015 0.69003928600000008 5.799999982000001 2.4500000475000006 0.51216585700000017 8.0000001565000023 0.40449144400000003
decision_type=2 2 2 2 2 2 2 2
left_child=2 -2 5 4 -4 -1 -5 -8
right_child=1 -3 3 6 -6 -7 7 -9
leaf_value=0.0024240441501715551 0.0016384247171062345 -0.00032531968582478045 -0.0019450156793366191 -0.00015101789741785111 0.00045160499059852035 -0.0038347736624753876 0.0024511339185304439 -0.0023628581476737649
leaf_weight=33 31 22 21 56 20 229 29 23
leaf_count=33 31 22 21 56 20 229 29 23
internal_value=5.59379e-05 0.001329 -0.000105634 0.000357143 0.0013756 -0.000376712 -1.83825e-05 0.000416667
internal_weight=464 53 411 149 41 262 108 52
internal_count=464 53 411 149 41 262 108 52
is_linear=0
shrinkage=0.01


Tree=289
num_leaves=9
num_cat=0
split_feature=86 25 40 16 29 12 8 40
split_gain=0.658161 0.486135 0.394473 0.312054 0.343257 0.168573 0.0391433 0.0449252
threshold=131.19284590000004 4.0571428200000001 15.949999745000001 0.72840828600000018 2.0071428335000001 0.57831450000000018 0.69065892900000014 12.550000005000001
decision_type=2 2 2 2 2 2 2 2
left_child=2 -2 3 5 -5 -1 7 -7
right_child=1 -3 -4 4 -6 6 -8 -9
leaf_value=0.0017774670067064974 4.1733618793619448e-05 0.001474942163916703 0.0002997743244802306 -0.00042718248909723837 0.0033980476554072948 -0.001966044986983757 -0.0026220212995790434 -0.0017838407563987241
leaf_weight=37 29 21 24 21 27 270 20 20
leaf_count=37 29 21 24 21 27 270 20 20
internal_value=-2.66072e-05 0.00104331 -0.000160791 -0.000241284 0.000491803 -0.000349339 -0.000427928 -0.000457359
internal_weight=469 50 419 395 48 347 310 290
internal_count=469 50 419 395 48 347 310 290
is_linear=0
shrinkage=0.01


Tree=290
num_leaves=9
num_cat=0
split_feature=75 69 10 17 21 27 4 85
split_gain=0.524643 0.350761 0.475475 0.247603 0.181051 0.453281 0.180261 0.102312
threshold=5.5278571290000009 -2.3042857139999993 0.5605582145000001 140.19000000000003 1.7571428290000004 3.6142857160000004 0.30799419050000004 18.490000110000004
decision_type=2 2 2 2 2 2 2 2
left_child=1 -1 6 4 5 -4 -3 -6
right_child=-2 2 3 -5 7 -7 -8 -9
leaf_value=7.7104925857435545e-05 -0.0053544865509085396 0.0002247332138234199 -0.0002930317476776917 0.00037121746735567485 -0.001018758977647385 0.0036303590828792756 0.001924130431683555 0.00010455383564457606
leaf_weight=25 139 21 53 39 120 26 20 28
leaf_count=25 139 21 53 39 120 26 20 28
internal_value=2.64942e-05 0.000246394 0.000144574 -3.74824e-06 -0.000138279 0.000231829 0.00113636 -0.000349462
internal_weight=471 332 307 266 227 79 41 148
internal_count=471 332 307 266 227 79 41 148
is_linear=0
shrinkage=0.01


Tree=291
num_leaves=9
num_cat=0
split_feature=68 88 76 46 6 49 10 1
split_gain=0.64802 0.372148 0.210149 0.183767 0.312806 0.0389945 0.104623 0.0249217
threshold=37.465000155000006 27.836040485000002 14.887857095000003 10.799999915000003 0.48931390450000006 1.1000000085000001 0.61173359500000013 0.23047792850000001
decision_type=2 10 2 2 2 2 2 2
left_child=-1 2 -2 4 7 -5 -7 -4
right_child=1 -3 3 5 -6 6 -8 -9
leaf_value=7.7648787613001524e-06 0.0038271720582208103 0.0015150805980543101 -0.00013663274350806859 -0.00099237908296782688 0.00017558967908098868 0.00056444822269263284 -0.0007126160511534503 -0.0022193370418799488
leaf_weight=23 25 37 20 236 24 20 44 37
leaf_count=23 25 37 20 236 24 20 44 37
internal_value=-6.64097e-05 -0.000156602 -0.000248279 -0.000310372 9.16869e-05 -0.000425532 -0.000154321 -0.000285467
internal_weight=466 443 406 381 81 300 64 57
internal_count=466 443 406 381 81 300 64 57
is_linear=0
shrinkage=0.01


Tree=292
num_leaves=9
num_cat=0
split_feature=16 21 0 0 3 56 29 31
split_gain=1.07178 0.762213 0.438599 0.400616 0.671336 0.764146 0.430671 0.0439752
threshold=0.66486142900000011 1.7214285515000003 0.31292365450000009 0.11745643050000001 0.31490748550000008 0.095000267000000013 3.0142857180000004 4.4142857280000003
decision_type=2 2 2 2 2 2 2 2
left_child=7 -2 3 6 -5 -6 -3 -1
right_child=1 2 -4 4 5 -7 -8 -9
leaf_value=-0.0039918122260209424 -0.00084635539473816189 -0.0011012450595402918 -0.0013045567580700973 0.004645559336295557 8.0974089579663593e-05 -0.00032131280020475481 0.002306683345070921 -0.0092226950303095651
leaf_weight=224 60 32 23 26 45 27 27 20
leaf_count=224 60 32 23 26 45 27 27 20
internal_value=1.23761e-05 0.000490033 0.000818584 0.00101077 0.00140688 0.000851648 0.000309364 -0.000449347
internal_weight=484 240 180 157 98 72 59 244
internal_count=484 240 180 157 98 72 59 244
is_linear=0
shrinkage=0.01


Tree=293
num_leaves=9
num_cat=0
split_feature=33 87 87 6 62 4 2 6
split_gain=0.361208 0.288501 0.563036 0.452738 0.244305 0.140047 0.184043 0.0432928
threshold=4.3071428705000008 24.952197460000004 26.231004275000004 0.47562464300000001 0.71500015250000015 0.38234050000000003 0.31461204300000006 0.33223948950000004
decision_type=2 8 8 2 2 2 2 2
left_child=1 7 3 -3 -4 -6 -7 -1
right_child=-2 2 4 -5 5 6 -8 -9
leaf_value=-0.00010722066914695298 0.00016775670830210523 -6.1693258076917638e-06 0.0014405200133208152 0.00018609282330365692 -0.0038039029951401795 0.00013442669049425204 -0.0025628387609172771 -0.0012080533932061035
leaf_weight=20 24 20 21 22 124 20 23 199
leaf_count=20 24 20 21 22 124 20 23 199
internal_value=-0.000115028 -0.000183415 5.63257e-05 0.00109813 -0.000169492 -0.000306913 0.000148402 -0.000443585
internal_weight=473 449 230 42 188 167 43 219
internal_count=473 449 230 42 188 167 43 219
is_linear=0
shrinkage=0.01


Tree=294
num_leaves=7
num_cat=0
split_feature=46 87 14 13 87 5
split_gain=0.477872 0.389718 0.406781 0.398643 0.182994 0.0436928
threshold=9.8500000200000013 25.921062845000005 0.74645755350000009 0.61112443350000012 26.397590145000006 0.30801238100000006
decision_type=2 8 2 2 10 2
left_child=-1 5 3 -3 -5 -2
right_child=1 2 -4 4 -6 -7
leaf_value=0.00019210370335699431 -0.0018653215392719831 0.001630720050467747 0.00032197819868412108 2.619433954241372e-05 -0.0043139404934973138 -0.00062437498137314553
leaf_weight=39 20 22 26 32 96 213
leaf_count=39 20 22 26 32 96 213
internal_value=-7.13014e-05 -0.000176916 0.000169683 -1.9894e-05 -0.000248447 -0.000446963
internal_weight=448 409 176 150 128 233
internal_count=448 409 176 150 128 233
is_linear=0
shrinkage=0.01


Tree=295
num_leaves=10
num_cat=0
split_feature=40 32 12 87 41 19 44 22 4
split_gain=0.672081 0.453978 0.985192 1.10211 0.386632 0.186702 0.326802 0.251584 0.09806
threshold=11.000000060000001 5.6000000750000014 0.71155085700000009 27.635916585000004 3.5999999940000005 2.2714285595000008 3.8000000305000001 1.7928571490000003 0.33806902850000004
decision_type=2 2 2 8 2 2 2 2 2
left_child=5 2 3 -2 -3 -1 7 -7 -8
right_child=1 4 -4 -5 -6 6 8 -9 -10
leaf_value=-0.0045935556156332267 0.00047448911538909122 -0.0033893532308517525 -0.00021729865633254278 0.00040257036558242576 0.00078604055717559158 -2.7302628095616286e-06 -0.00023454720481657921 0.0053678446455035491 -0.00073191208384937832
leaf_weight=142 20 54 36 32 24 23 26 25 80
leaf_count=142 20 54 36 32 24 23 26 25 80
internal_value=5.83404e-05 0.000569544 0.00105856 0.00193182 0 -0.000222372 6.45983e-06 0.000696721 -0.000290262
internal_weight=462 166 88 52 78 296 154 48 106
internal_count=462 166 88 52 78 296 154 48 106
is_linear=0
shrinkage=0.01


Tree=296
num_leaves=10
num_cat=0
split_feature=86 38 16 53 16 4 67 27 16
split_gain=0.516562 0.568889 0.267039 0.607869 0.241819 0.213558 0.432852 0.092596 0.213531
threshold=131.19284590000004 5.8499999045000015 0.67720392850000011 0.085000038500000014 0.7145063570000002 0.37592571400000002 44.174999715000006 4.1142857160000004 0.62942708900000011
decision_type=2 2 2 2 2 2 2 2 2
left_child=2 -2 7 -4 -5 6 -6 8 -1
right_child=1 -3 3 4 5 -7 -8 -9 -10
leaf_value=0.00077029626619554451 -0.00025758035165524939 0.0014765586541301762 0.00091005785213834841 -0.00061760618621408911 -0.001780788913826957 -0.0020037964962341297 0.0048424770976849647 -0.0040406680936885247 -0.0067088611279927466
leaf_weight=22 20 36 21 74 26 22 20 166 43
leaf_count=22 20 36 21 74 26 22 20 166 43
internal_value=-6.65495e-06 0.000880282 -0.000139311 0.000161783 -6.30253e-05 0.000348837 0.000747863 -0.000360224 -7.5989e-06
internal_weight=450 56 394 163 142 68 46 231 65
internal_count=450 56 394 163 142 68 46 231 65
is_linear=0
shrinkage=0.01


Tree=297
num_leaves=10
num_cat=0
split_feature=49 21 17 17 44 4 28 58 12
split_gain=0.30423 0.238349 0.356806 0.334574 0.322692 0.230461 0.222719 0.0883687 0.0307473
threshold=0.35000000900000006 1.7142857015000004 103.35000000000001 35.515000000000008 3.8999999350000008 0.33419702350000008 2.0142857265000003 0.239999771 0.7361902855000001
decision_type=2 2 2 2 2 2 2 2 2
left_child=6 -2 3 5 -4 -3 -1 -8 -5
right_child=1 2 4 8 -6 -7 7 -9 -10
leaf_value=5.0693614914941507e-05 -0.00042174209111752267 3.7719166514484854e-05 0.0012710858987829339 -0.00031268911504242632 2.7342091969983173e-05 0.0047756980220378014 -0.0010893123790332649 -0.0041348257854407272 -0.00026577300685942087
leaf_weight=27 42 33 23 55 25 25 36 192 20
leaf_count=27 42 33 23 55 25 25 36 192 20
internal_value=-5.63911e-05 0.000207775 0.000371287 8.59491e-05 0.00110656 0.000663265 -0.000295153 -0.000402098 -0.000336412
internal_weight=478 223 181 133 48 58 255 228 75
internal_count=478 223 181 133 48 58 255 228 75
is_linear=0
shrinkage=0.01


Tree=298
num_leaves=10
num_cat=0
split_feature=14 27 32 66 3 5 33 28 5
split_gain=0.331712 0.82219 0.417201 0.697413 0.741415 0.2819 0.143748 0.0988693 0.0345506
threshold=0.74809521400000012 3.7214285730000003 5.6000000070000011 79.730000500000003 0.33904378550000008 0.38172450000000008 4.1571428265000003 2.3785714250000005 0.34845830950000006
decision_type=2 2 2 2 2 2 2 2 2
left_child=2 -2 3 7 5 -5 -4 8 -1
right_child=1 -3 6 4 -6 -7 -8 -9 -10
leaf_value=7.5386103602765879e-05 -0.00025219714582716334 0.0047462953464877363 -0.0031652825775096978 0.00041614886883972247 -0.0004282127185225871 0.001010806964086731 0.0051069297062712642 3.2350819772895942e-05 -0.00029119889986985148
leaf_weight=20 35 20 195 20 30 20 22 21 74
leaf_count=20 35 20 195 20 30 20 22 21 74
internal_value=0 0.000725806 -9.68224e-05 0.000244887 0.00103107 0.00191176 -0.000397153 -0.000220207 -0.000369198
internal_weight=457 55 402 185 70 40 217 115 94
internal_count=457 55 402 185 70 40 217 115 94
is_linear=0
shrinkage=0.01


Tree=299
num_leaves=11
num_cat=0
split_feature=88 71 40 14 23 14 86 19 37 0
split_gain=0.431918 0.746638 0.22521 0.268044 0.746791 0.261276 0.0697075 0.0710918 0.0638195 0.015083
threshold=26.996233585000002 6.0564286155000007 10.399999870000002 0.68762614300000002 1.8714285705000002 0.75020021450000007 72.840353275000027 2.1714285695000002 7.8500000015000007 0.22560706600000005
decision_type=10 2 2 2 2 2 2 2 2 2
left_child=2 -2 5 4 -4 6 7 -1 -5 -6
right_child=1 -3 3 8 9 -7 -8 -9 -10 -11
leaf_value=-0.0068878871913656469 -0.00055413491980043261 0.0014038167222926229 0.00085566166334052494 -0.00017582986011513953 -0.0093906043822597936 0.00020504975782099279 -0.0012000878973527755 0.0042533523333992615 1.0600053652282909e-05 -0.0033842103924409256
leaf_weight=24 30 20 28 46 20 24 199 20 30 20
leaf_count=24 30 20 28 46 20 24 199 20 30 20
internal_value=-1.84064e-05 0.000846457 -0.000129918 0.000179558 0.000639535 -0.000304332 -0.000408122 -1.17081e-10 -0.000208333 -0.000196079
internal_weight=461 50 411 144 68 267 243 44 76 40
internal_count=461 50 411 144 68 267 243 44 76 40
is_linear=0
shrinkage=0.01


Tree=300
num_leaves=10
num_cat=0
split_feature=16 20 17 17 86 16 16 33 54
split_gain=0.649741 0.485976 0.842672 0.432519 0.427508 0.38051 0.291216 0.143375 0.0431691
threshold=0.6776522140000002 1.8142857125000003 103.35000000000001 70.385000000000005 130.75529735000001 0.69833414300000007 0.72501332150000009 4.2357143330000016 2.1300001145000005
decision_type=2 2 2 2 2 2 2 2 2
left_child=7 3 5 4 6 -3 -2 8 -1
right_child=1 2 -4 -5 -6 -7 -8 -9 -10
leaf_value=-0.0011202916172591501 -0.0017048530445983774 0.00036896269989855846 0.00099317014793658012 -0.00035426100881410009 0.0017887875865234253 -0.00068058987863617694 0.004376891667650977 0.0012897752821059772 -0.0062605937597957507
leaf_weight=20 35 20 20 74 20 27 26 20 195
leaf_count=20 35 20 20 74 20 27 26 20 195
internal_value=0 0.000390485 0.00109882 6.7394e-05 0.000580684 0.000303347 0.000121359 -0.000362596 -0.00044254
internal_weight=457 222 67 155 81 47 61 235 215
internal_count=457 222 67 155 81 47 61 235 215
is_linear=0
shrinkage=0.01


Tree=301
num_leaves=8
num_cat=0
split_feature=88 21 32 46 9 24 16
split_gain=0.701011 0.380041 0.633998 0.375335 0.261129 0.160108 0.191897
threshold=25.045844445000004 1.7357142825000003 5.571428537000001 10.049999872500001 0.64953693150000014 2.4428571460000006 0.65709378600000012
decision_type=10 2 2 2 2 2 2
left_child=3 -2 -3 -1 -4 -5 -7
right_child=1 2 4 5 -6 6 -8
leaf_value=0.00010345778893431569 -0.0007923925741633493 0.0014922619530867885 -0.0012588614475227361 -0.0031177838152120709 8.5566455200471907e-05 -0.0067033813039422416 0.00052798214276848885
leaf_weight=30 25 35 28 261 26 25 20
leaf_count=30 25 35 28 261 26 25 20
internal_value=-5.10205e-05 0.000618467 0.000929844 -0.000285036 0.00020073 -0.000394394 0.000120087
internal_weight=450 114 89 336 54 306 45
internal_count=450 114 89 336 54 306 45
is_linear=0
shrinkage=0.01


Tree=302
num_leaves=9
num_cat=0
split_feature=16 45 0 11 24 88 17 49
split_gain=0.631427 0.390838 1.08663 0.147481 0.23115 0.235044 0.134452 0.0855836
threshold=0.66486142900000011 9.8000000530000015 0.23977154150000005 0.59088350000000012 2.2428571540000006 26.398989690000004 39.945000000000007 0.75000000750000007
decision_type=2 2 2 2 2 10 2 2
left_child=7 3 -3 -2 6 -6 -5 -1
right_child=1 2 -4 4 5 -7 -8 -9
leaf_value=-0.0037282911277727575 0.00013062633347281333 0.00018673294882493832 -0.001391487624868064 0.00038273751059108576 0.0031226414220622825 -0.00043371162034759061 -0.0006508321192154247 -0.00070769666913720274
leaf_weight=188 20 30 35 20 20 25 86 37
leaf_count=188 20 30 35 20 20 25 86 37
internal_value=-1.84064e-05 0.000337838 0.000995441 7.27589e-05 -2.30568e-05 0.000556768 -0.000290262 -0.000400797
internal_weight=461 236 65 171 151 45 106 225
internal_count=461 236 65 171 151 45 106 225
is_linear=0
shrinkage=0.01


Tree=303
num_leaves=9
num_cat=0
split_feature=86 15 7 79 17 59 40 28
split_gain=0.560829 0.503826 0.377726 0.220057 0.344926 0.104784 0.217555 0.0953634
threshold=131.19284590000004 0.73444328550000015 0.62304800000000016 7.8528572150000011 74.90000000000002 35.159999845000009 11.700000035 2.5999999810000003
decision_type=2 2 2 2 2 2 2 2
left_child=2 -2 3 4 -1 6 -5 -7
right_child=1 -3 -4 5 -6 7 -8 -9
leaf_value=0.00035224857517932305 0.00099271174885138223 -1.9817043782784527e-05 0.00026219081691319842 -0.002320135999014772 -0.0014337008673136577 -0.0033293870538217362 0.00083979557725579054 0.0010470740949528295
leaf_weight=20 29 26 37 33 22 252 20 35
leaf_count=20 29 26 37 33 22 252 20 35
internal_value=-3.15924e-05 0.000905018 -0.000160791 -0.000258621 0.000397196 -0.000346244 2.78809e-05 -0.000422168
internal_weight=474 55 419 382 42 340 53 287
internal_count=474 55 419 382 42 340 53 287
is_linear=0
shrinkage=0.01


Tree=304
num_leaves=8
num_cat=0
split_feature=16 27 88 33 87 43 4
split_gain=0.50926 0.98902 0.430523 0.342378 0.260626 0.175738 0.0392534
threshold=0.66486142900000011 4.1500000100000003 27.435329450000001 4.1999999970000008 21.597050835000005 1.2000000365000003 0.40653097650000009
decision_type=2 2 10 2 8 2 2
left_child=3 2 4 -1 -2 6 -6
right_child=1 -3 -4 -5 5 -7 -8
leaf_value=-0.0035580495430530641 9.3325764860219192e-05 0.00027676302327859766 0.0015363494322990718 0.00082986287419833102 -5.6156207283133721e-05 5.5063882396923492e-05 -0.0021126076422440872
leaf_weight=207 30 25 27 21 116 31 20
leaf_count=207 30 25 27 21 116 31 20
internal_value=-1.36041e-05 0.000294235 7.11743e-05 -0.000358392 -8.34177e-05 -0.000247318 -0.000409357
internal_weight=477 249 224 228 197 167 136
internal_count=477 249 224 228 197 167 136
is_linear=0
shrinkage=0.01


Tree=305
num_leaves=8
num_cat=0
split_feature=49 87 10 76 26 20 12
split_gain=0.465443 0.566851 0.306411 0.263292 0.389454 0.165561 0.152352
threshold=0.40000000950000009 27.462787930000001 0.56296978600000014 15.030000075000002 4.1071428060000015 1.8142857125000003 0.67817089300000022
decision_type=2 10 2 2 2 2 2
left_child=3 2 -2 4 -1 6 -4
right_child=1 -3 5 -5 -6 -7 -8
leaf_value=-0.0017442535222669956 0.0044928689733882143 0.0014683033283012714 4.1535891579698811e-05 -0.0034780331627585798 0.0028867961744273008 4.5557782351221754e-05 -0.00016405411041562506
leaf_weight=36 22 33 36 193 30 37 86
leaf_count=36 22 33 36 193 30 37 86
internal_value=-9.4978e-06 0.00033054 9.62595e-05 -0.000298307 0.000224551 -4.69338e-05 -0.000236156
internal_weight=473 214 181 259 66 159 122
internal_count=473 214 181 259 66 159 122
is_linear=0
shrinkage=0.01


Tree=306
num_leaves=9
num_cat=0
split_feature=75 13 13 6 25 28 26 59
split_gain=0.398592 0.436635 0.542986 0.366443 0.386362 0.335106 0.186573 0.118641
threshold=5.7557143145000014 0.61424050850000012 0.58121495000000012 0.54869635750000012 4.1928571635000011 2.0571428540000003 4.0500000205000006 34.889999865000007
decision_type=2 2 2 2 2 2 2 2
left_child=1 2 -1 4 5 6 -3 -7
right_child=-2 3 -4 -5 -6 7 -8 -9
leaf_value=-0.0029546285076867385 -0.0038027556972254459 2.2299183767920922e-05 0.0047184480269429245 0.00022461316225426571 6.6330705866571855e-05 -9.0461306735410091e-07 -0.00030759778139628969 -0.0003862291853301053
leaf_weight=20 113 21 20 29 32 23 22 187
leaf_count=20 113 21 20 29 32 23 22 187
internal_value=3.0996e-05 0.000200113 0.00117647 6.67089e-05 -3.67391e-05 -0.000175335 0.000605023 -0.0003463
internal_weight=467 354 40 314 285 253 43 210
internal_count=467 354 40 314 285 253 43 210
is_linear=0
shrinkage=0.01


Tree=307
num_leaves=8
num_cat=0
split_feature=88 75 75 15 12 12 0
split_gain=0.668566 0.419846 0.459355 0.24752 0.268576 0.886146 0.0373232
threshold=28.607379865000002 5.5278571290000009 5.3878572160000013 0.75473470250000008 0.67880721450000003 0.66822935700000008 0.1038414445
decision_type=10 2 2 2 2 2 2
left_child=1 2 3 4 5 -1 -6
right_child=-2 -3 -4 -5 6 -7 -8
leaf_value=-0.0001631974286846797 0.0013934672570751604 -0.0069482929073740084 0.0002540362816485592 0.0036188446073317461 0.00012476449648997023 0.00079230512480013386 -0.00020337644510916354
leaf_weight=105 20 130 31 25 20 22 95
leaf_count=105 20 130 31 25 20 22 95
internal_value=7.57575e-05 -4.6643e-06 0.000197456 5.41448e-05 -3.70677e-05 0.000269953 -0.000392919
internal_weight=448 428 298 267 242 127 115
internal_count=448 428 298 267 242 127 115
is_linear=0
shrinkage=0.01


Tree=308
num_leaves=10
num_cat=0
split_feature=40 25 14 46 7 4 46 14 4
split_gain=0.394663 0.381595 0.64214 0.185894 0.221317 0.485022 0.505805 0.159302 0.0257349
threshold=16.000000250000003 4.1857143300000006 0.73474053600000011 13.000000325 0.55995945250000012 0.33537050000000007 10.499999840000003 0.7443212855000001 0.29146157150000002
decision_type=2 2 2 2 2 2 2 2 2
left_child=1 3 -3 4 5 8 -7 -5 -1
right_child=-2 2 -4 7 -6 6 -8 -9 -10
leaf_value=-0.0020492195448955008 0.00033889326897025606 0.0026360293511678546 -6.2450663196210839e-05 -0.00196867018664544 -0.00069125239885806827 -4.8869092267554831e-06 0.0046362045951243679 0.0002259305740731349 -0.00065620695987135829
leaf_weight=20 21 24 23 210 58 30 21 20 39
leaf_count=20 21 24 23 210 58 30 21 20 39
internal_value=-4.49873e-05 -0.00011328 0.000721757 -0.000218155 2.36966e-05 0.000297834 0.00101351 -0.000402946 -0.000292642
internal_weight=466 445 47 398 168 110 51 230 59
internal_count=466 445 47 398 168 110 51 230 59
is_linear=0
shrinkage=0.01


Tree=309
num_leaves=8
num_cat=0
split_feature=32 8 66 48 21 17 44
split_gain=0.513071 0.608787 0.380377 0.304402 0.149744 0.277556 0.039407
threshold=5.7071428640000006 0.49981650000000005 83.454999925000024 18.700000035000006 1.8285714390000003 99.285000000000011 8.5500001795000014
decision_type=2 2 2 2 2 2 2
left_child=1 -1 3 4 6 -6 -3
right_child=-2 2 -4 -5 5 -7 -8
leaf_value=0.0016711669334401663 -0.0036391057344109111 -0.00070063601890594509 0.00014591571480356236 3.9979010903516911e-05 -0.00014216045789384991 0.00071259841092338023 5.8123759720534738e-05
leaf_weight=20 191 118 20 38 52 25 20
leaf_count=20 191 118 20 38 52 25 20
internal_value=-8.25084e-05 0.000175289 4.20013e-05 -5.71317e-05 -0.000210843 0.000122108 -0.000410663
internal_weight=484 293 273 253 215 77 138
internal_count=484 293 273 253 215 77 138
is_linear=0
shrinkage=0.01


Tree=310
num_leaves=9
num_cat=0
split_feature=16 77 43 1 20 24 88 0
split_gain=0.623265 0.851504 0.929913 0.760782 0.195572 0.132679 0.105799 0.0662955
threshold=0.66486142900000011 13.241428650000001 1.0000000180025095e-35 0.29540685750000006 1.8142857125000003 2.2428571540000006 18.470270075000006 0.26586679200000002
decision_type=2 2 2 2 2 2 8 2
left_child=6 4 7 -4 5 -2 -1 -3
right_child=1 2 3 -5 -6 -7 -8 -9
leaf_value=-0.0016939755677027521 -0.0016936728510650943 0.00026284099770737974 0.0011111340413146678 0.00021287180995683023 1.7076557178962718e-05 0.0038172695081494846 -0.0037768964949213648 -0.0079255308873651693
leaf_weight=30 100 20 26 25 38 21 193 22
leaf_count=30 100 20 26 25 38 21 193 22
internal_value=-1.15596e-05 0.000324367 0.00108209 0.00197876 -0.000109512 -0.000316092 -0.000399911 0
internal_weight=475 252 93 51 159 121 223 42
internal_count=475 252 93 51 159 121 223 42
is_linear=0
shrinkage=0.01


Tree=311
num_leaves=10
num_cat=0
split_feature=40 17 63 29 25 3 1 40 9
split_gain=0.703858 0.392065 0.777001 0.24645 0.112352 0.0561543 0.0734472 0.0436112 0.0319177
threshold=15.949999745000001 37.240000000000002 11.394999505000003 3.1000000240000003 3.7785714355000004 0.36903680950000006 0.31582357150000001 13.699999700000001 0.50185125000000019
decision_type=2 2 2 2 2 2 2 2 2
left_child=1 2 -1 8 -3 7 -7 -6 -4
right_child=-2 4 3 -5 5 6 -8 -9 -10
leaf_value=0.0041629778718567725 0.00026338356173704578 -0.00010307074684568428 -0.00243525828711319 0.0075622258350091691 -0.00040743305133923214 2.50989681225635e-05 -0.0015729411773379616 -2.2552579051056918e-06 -0.0034510331172064989
leaf_weight=30 21 22 20 20 210 20 25 20 60
leaf_count=30 21 22 20 20 210 20 25 20 60
internal_value=-2.67381e-05 -0.000120383 0.000328746 -7.93652e-05 -0.000324043 -0.000382524 -1.09171e-05 -0.000446274 -0.000346535
internal_weight=448 427 130 100 297 275 45 230 80
internal_count=448 427 130 100 297 275 45 230 80
is_linear=0
shrinkage=0.01


Tree=312
num_leaves=9
num_cat=1
split_feature=89 16 27 33 88 17 44 1
split_gain=0.595829 0.739621 0.803828 0.277811 0.267833 0.381377 0.120791 0.0192946
threshold=0 0.66486142900000011 3.5857142975000005 3.9500000135000009 21.597050835000005 99.285000000000011 6.3000001610000007 0.23047792850000001
decision_type=1 2 2 2 8 2 2 2
left_child=1 7 -3 6 -5 -6 -2 -1
right_child=3 2 -4 4 5 -7 -8 -9
leaf_value=-0.0063894830025282333 -0.00056695056940888645 -0.0018655393584943315 0.0027200062080597952 0.0040668027861266512 -0.0002242310513078905 0.00024948432402138612 6.8222825397834701e-06 -0.0009974993138087277
leaf_weight=26 233 22 33 23 69 26 27 20
leaf_count=26 233 22 33 23 69 26 27 20
internal_value=-3.64736e-05 0.000603757 0.00144265 -0.000223766 0.000159933 -5.74114e-05 -0.000414111 -0.000235043
internal_weight=479 101 55 378 118 95 260 46
internal_count=479 101 55 378 118 95 260 46
cat_boundaries=0 1
cat_threshold=681969664
is_linear=0
shrinkage=0.01


Tree=313
num_leaves=8
num_cat=0
split_feature=33 1 6 25 34 28 40
split_gain=0.357815 0.408993 0.260195 0.259408 0.127007 0.0798783 0.0574094
threshold=4.1999999630000007 0.29363107150000006 0.57262616650000009 4.2071428980000007 5.0428571360000012 2.5999999810000003 12.800000015000002
decision_type=2 2 2 2 2 2 2
left_child=2 -2 3 4 5 6 -1
right_child=1 -3 -4 -5 -6 -7 -8
leaf_value=-0.0011134964626334585 0.005355430627514899 -0.00039204923518229898 0.00023451750703792622 6.615344819951918e-05 0.0013637668340148051 0.0012275008870671811 -2.2320189620642152e-05
leaf_weight=264 21 27 20 22 20 34 52
leaf_count=264 21 27 20 22 20 34 52
internal_value=-0.000104167 0.000696721 -0.000203488 -0.000264766 -0.000331715 -0.000379134 -0.000429293
internal_weight=460 48 412 392 370 350 316
internal_count=460 48 412 392 370 350 316
is_linear=0
shrinkage=0.01


Tree=314
num_leaves=8
num_cat=0
split_feature=88 39 68 87 83 31 70
split_gain=0.571303 0.299294 0.216738 0.220238 0.0475869 0.114439 0.157794
threshold=26.996233585000002 12.449999840000002 38.644999500000004 34.040398345000007 21.420000010000006 3.1714285870000003 7.8714285575000007
decision_type=10 2 2 8 2 2 2
left_child=2 -2 -1 4 5 -4 -7
right_child=1 -3 3 -5 -6 6 -8
leaf_value=5.3697131654583493e-05 0.00041804579999255113 -5.7086184332142495e-05 -5.5052721289159416e-05 0.00049317901956659027 -0.0028146441360303283 -0.0038039702990856194 0.0037251240333502134
leaf_weight=26 21 30 66 29 267 20 21
leaf_count=26 21 30 66 29 267 20 21
internal_value=-0.00016223 0.000820463 -0.000285016 -0.000345468 -0.000413554 -0.000199444 0.000179426
internal_weight=480 51 429 403 374 107 41
internal_count=480 51 429 403 374 107 41
is_linear=0
shrinkage=0.01


Tree=315
num_leaves=8
num_cat=0
split_feature=49 20 12 87 20 62 9
split_gain=0.399479 0.58379 0.519068 0.260199 0.0833741 0.0517227 0.0710918
threshold=0.40000000950000009 1.8142857125000003 0.71801028600000005 26.854722890000001 1.9571428385000003 0.77500009550000015 0.59954969150000015
decision_type=2 2 2 10 2 2 2
left_child=4 3 -3 5 -1 6 -2
right_child=1 2 -4 -5 -6 -7 -8
leaf_value=-0.001757790716152422 -5.3935566351394504e-05 0.00055449025123557752 0.00038633595451452728 0.0016383431762649347 -2.4781658757910033e-05 -0.00040542949357507378 0.00022760167212612759
leaf_weight=219 24 37 20 20 39 84 20
leaf_count=219 24 37 20 20 39 84 20
internal_value=-0.000149849 0.000172497 0.00102941 -0.00014785 -0.000413447 -0.000326087 -1.17081e-10
internal_weight=463 205 57 148 258 128 44
internal_count=463 205 57 148 258 128 44
is_linear=0
shrinkage=0.01


Tree=316
num_leaves=8
num_cat=0
split_feature=16 58 15 5 88 48 0
split_gain=0.321623 0.38724 0.816712 0.149058 0.129685 0.0892094 0.0442999
threshold=0.69048167700000007 1.0950002670000003 0.7266769525000002 0.51728935750000005 21.941544825000005 7.949999988500001 0.28510645100000004
decision_type=2 2 2 2 8 2 2
left_child=3 4 -3 6 -2 -4 -1
right_child=1 2 5 -5 -6 -7 -8
leaf_value=-0.0030425259234258591 0.00022409283750657484 0.0033392724255549323 -0.00011950127752346448 5.790461748585732e-05 -0.00016587003877008212 0.00059369177179905981 -0.0031720191163087238
leaf_weight=238 20 32 33 20 76 20 20
leaf_count=238 20 32 33 20 76 20 20
internal_value=-0.000168552 0.000151265 0.000646853 -0.000383788 -0.000268595 -8.36432e-05 -0.000452087
internal_weight=459 181 85 278 96 53 258
internal_count=459 181 85 278 96 53 258
is_linear=0
shrinkage=0.01


Tree=317
num_leaves=9
num_cat=0
split_feature=88 5 12 3 61 76 58 11
split_gain=0.568291 0.553584 0.193882 0.3368 0.173647 0.376942 0.113206 0.166132
threshold=27.836040485000002 0.52691861950000007 0.57757257100000003 0.27094921400000005 21.455000400000003 15.862142835000002 0.52500009550000015 0.64532025000000004
decision_type=10 2 2 2 2 2 2 2
left_child=1 2 3 -1 5 -4 7 -6
right_child=-2 -3 4 -5 6 -7 -8 -9
leaf_value=-0.010305803862950942 0.0013986549800167453 0.00023185465300375118 0.0030225225577932393 0.0056560691538621701 -0.0019368139933756551 -7.5540045126507632e-05 -0.00069713643375445781 0.00027003640289393049
leaf_weight=21 33 27 21 20 51 31 234 43
leaf_count=21 33 27 21 20 51 31 234 43
internal_value=-1.76423e-05 -0.000115865 -0.000209815 0.00041866 -0.000283614 0.000227273 -0.000371046 -5.27427e-05
internal_weight=481 448 421 41 380 52 328 94
internal_count=481 448 421 41 380 52 328 94
is_linear=0
shrinkage=0.01


Tree=318
num_leaves=9
num_cat=0
split_feature=40 47 49 51 43 21 28 15
split_gain=0.420686 0.257584 0.170043 0.322632 0.406939 0.219893 0.0409717 0.0369895
threshold=15.949999745000001 60.650000690000006 0.40000000950000009 3.8000000270000007 0.40000000950000009 1.9285714375000003 1.9785714320000001 0.75159535700000013
decision_type=2 2 2 2 2 2 2 2
left_child=1 2 6 4 5 -4 -1 -5
right_child=-2 -3 3 7 -6 -7 -8 -9
leaf_value=-7.3295240682807401e-06 0.00041453433802595297 0.0014926170345167205 -0.00017680490704696938 -7.4843019838235413e-05 0.0028379519878347611 0.00023351020259984454 -0.0046064269323200504 0.0002823079976745224
leaf_weight=21 22 20 40 92 23 21 204 20
leaf_count=21 22 20 40 92 23 21 204 20
internal_value=-0.000128288 -0.000200317 -0.000257231 -3.04879e-05 0.000424528 0 -0.000445084 -0.000390071
internal_weight=463 441 421 196 84 61 225 112
internal_count=463 441 421 196 84 61 225 112
is_linear=0
shrinkage=0.01


Tree=319
num_leaves=8
num_cat=0
split_feature=17 78 16 54 13 5 1
split_gain=0.202407 0.476529 1.2506 0.202235 0.169931 0.184043 0.0307473
threshold=99.285000000000011 14.310714315000002 0.65709378600000012 1.6650004385000001 0.59386237500000016 0.33406026200000005 0.20792966700000001
decision_type=2 2 2 2 2 2 2
left_child=3 6 -3 -1 5 -5 -2
right_child=1 2 -4 4 -6 -7 -8
leaf_value=0.0040845530425850166 -0.0016102105737228229 -0.0068215887163314724 0.00083915076101980359 -0.0038093332970738085 -8.6746565170746885e-05 0.0018934366917053526 -5.4719720967188432e-05
leaf_weight=30 20 27 20 23 280 20 55
leaf_count=30 20 27 20 23 280 20 55
internal_value=-0.000200715 0.000138436 0.000930962 -0.000323629 -0.000399938 0.000148402 -0.000336412
internal_weight=475 122 47 353 323 43 75
internal_count=475 122 47 353 323 43 75
is_linear=0
shrinkage=0.01


Tree=320
num_leaves=9
num_cat=0
split_feature=40 47 16 4 4 66 10 0
split_gain=0.352078 0.208515 0.219038 0.277344 1.20967 0.162103 0.0432623 0.0249217
threshold=15.949999745000001 60.299998505000012 0.6776522140000002 0.33777235700000008 0.32095100000000004 82.45499992500001 0.48367490500000004 0.083115948000000009
decision_type=2 2 2 2 2 2 2 2
left_child=1 2 6 4 7 -5 -1 -4
right_child=-2 -3 3 5 -6 -7 -8 -9
leaf_value=-0.0051222029835385017 0.00042105997542566206 0.0012830836356122271 -4.5277873987000217e-05 -6.3460968278244536e-05 0.0034954809342851714 9.9659359333772189e-06 -0.0036101711542469747 -0.00075548502304226999
leaf_weight=20 24 22 20 102 23 36 198 37
leaf_count=20 24 22 20 102 23 36 198 37
internal_value=-0.000101491 -0.000167829 -0.00021978 0 0.000470297 -0.000266571 -0.000443327 -0.000285467
internal_weight=482 458 436 218 80 138 218 57
internal_count=482 458 436 218 80 138 218 57
is_linear=0
shrinkage=0.01


Tree=321
num_leaves=10
num_cat=0
split_feature=40 48 86 86 12 86 16 12 54
split_gain=0.401464 0.471635 0.618149 0.194998 0.360103 0.16094 0.223707 0.0386122 0.0446501
threshold=12.250000030000001 9.7500000000000018 98.471114805000013 131.19284590000004 0.67691778550000015 73.069060915000009 0.61853421400000008 0.74167728600000016 8.4600000380000022
decision_type=2 2 2 2 2 2 2 2 2
left_child=3 2 -2 5 -5 6 -1 8 -7
right_child=1 -3 -4 4 -6 7 -8 -9 -10
leaf_value=-0.007365592775767993 -2.4506103240795123e-05 -0.0021827013681742021 0.00057480753212676874 0.0015205450575489516 -8.2033398622043013e-05 -0.001239191028352554 0.0032600692343275396 -0.0063133140516946473 -0.00012852906951677317
leaf_weight=32 22 28 24 20 24 255 30 20 20
leaf_count=32 22 28 24 20 24 255 30 20 20
internal_value=-0.000116646 0.000548128 0.00117521 -0.000245147 0.000357143 -0.000325601 0.000111465 -0.000424273 -0.00045504
internal_weight=475 74 46 401 44 357 62 295 275
internal_count=475 74 46 401 44 357 62 295 275
is_linear=0
shrinkage=0.01


Tree=322
num_leaves=9
num_cat=0
split_feature=40 13 2 17 46 72 29 0
split_gain=0.449059 0.274812 0.66232 0.144588 0.18539 0.0394069 0.0304384 0.0210574
threshold=15.949999745000001 0.60194375000000011 0.22737985700000005 130.56500000000003 12.249999960000002 6.8735714470000007 3.1214285575000003 0.22800294750000002
decision_type=2 2 2 2 2 2 2 2
left_child=1 2 -1 5 -5 6 -3 -6
right_child=-2 3 -4 4 7 -7 -8 -9
leaf_value=-0.010363630356775087 0.00043619939887487233 -0.00046286775784722611 0.0056982752245976808 0.00087178596105981227 -0.0045682539595512982 -0.0021100699745537801 -0.0015191786879546415 -0.00022832170043222662
leaf_weight=32 22 272 20 20 29 20 26 20
leaf_count=32 22 272 20 20 29 20 26 20
internal_value=-0.000169987 -0.000244429 0.000416667 -0.000339092 5.01431e-05 -0.000429737 -0.000458501 -0.000251004
internal_weight=461 439 52 387 69 318 298 49
internal_count=461 439 52 387 69 318 298 49
is_linear=0
shrinkage=0.01


Tree=323
num_leaves=6
num_cat=0
split_feature=13 25 77 76 54
split_gain=0.336169 0.141264 0.140947 0.200659 0.095466
threshold=0.76430351650000017 4.1857143300000006 13.954285755000003 15.030000075000002 1.6650004385000001
decision_type=2 2 2 2 2
left_child=1 2 4 -4 -1
right_child=-2 -3 3 -5 -6
leaf_value=0.00056895334895551767 0.00020052727935645614 3.3989425677793452e-05 0.00061113273009501094 -0.0024865354252735675 -0.00031226761694430583
leaf_weight=36 29 36 34 38 304
leaf_count=36 29 36 34 38 304
internal_value=-0.000222897 -0.000294118 -0.000348837 2.74724e-05 -0.000434272
internal_weight=477 448 412 72 340
internal_count=477 448 412 72 340
is_linear=0
shrinkage=0.01


Tree=324
num_leaves=10
num_cat=0
split_feature=75 9 40 6 40 59 38 67 4
split_gain=0.250118 0.385145 0.188967 0.43361 0.130903 0.414545 0.0571627 0.0401794 0.0192946
threshold=5.7042858025000003 0.50565640000000012 8.2000000180000026 0.46512330950000008 12.250000030000001 40.065000535000003 8.2500001195000028 53.73500013000001 0.33253569050000004
decision_type=2 2 2 2 2 2 2 2 2
left_child=1 -1 3 8 6 -6 7 -4 -3
right_child=-2 2 4 -5 5 -7 -8 -9 -10
leaf_value=0.005644242020784106 -0.0049255721092064178 -0.00038749108528125787 -0.00014340914028818761 0.0019333849534579675 0.000767078683611505 -0.00022712904844464783 -9.9979804583070171e-06 -0.0041710018469922833 2.3149206281758427e-05
leaf_weight=20 133 26 129 33 20 33 39 20 20
leaf_count=20 133 26 129 33 20 33 39 20 20
internal_value=-0.000115028 2.34741e-05 -5.61098e-05 0.000357143 -0.000200579 0.000213755 -0.00032839 -0.000417223 -0.000235043
internal_weight=473 340 320 79 241 53 188 149 46
internal_count=473 340 320 79 241 53 188 149 46
is_linear=0
shrinkage=0.01


Tree=325
num_leaves=7
num_cat=0
split_feature=40 87 88 1 43 13
split_gain=0.341508 0.497481 0.299683 0.180261 0.0833496 0.0454827
threshold=12.250000030000001 25.921062845000005 27.785577100000001 0.24846817850000003 1.2500000000000002 0.76167340000000017
decision_type=2 8 10 2 2 2
left_child=2 -2 4 -3 5 -1
right_child=1 3 -4 -5 -6 -7
leaf_value=-0.00015496823594260254 -4.1600702722106845e-05 0.0003910666668700985 0.0012057496528181488 0.00054816931135948154 -0.00084335827924653139 0.00014020272529271017
leaf_weight=306 36 21 22 20 37 20
leaf_count=306 36 21 22 20 37 20
internal_value=-0.000213915 0.000379177 -0.000338258 0.00113636 -0.00041094 -0.000462056
internal_weight=462 77 385 41 363 326
internal_count=462 77 385 41 363 326
is_linear=0
shrinkage=0.01


Tree=326
num_leaves=9
num_cat=0
split_feature=8 16 37 5 8 44 5 1
split_gain=0.369802 0.238152 0.215396 0.282975 0.755941 0.107949 0.0662955 0.0204918
threshold=0.48260336750000005 0.67720392850000011 8.3000001310000027 0.42809138050000006 0.64086885700000018 2.7000000030000004 0.50013692850000013 0.24846817850000003
decision_type=2 2 2 2 2 2 2 2
left_child=-1 -2 3 7 -5 -4 -6 -3
right_child=1 2 5 4 6 -7 -8 -9
leaf_value=0.0045139719985290514 -0.0037427715990070395 2.7018187903191106e-05 1.5742714351116884e-05 0.00062704389829838672 -5.893007841346762e-05 -0.00056229084185915261 1.1219720841040767e-05 -2.1587608487838721e-05
leaf_weight=37 206 20 25 20 22 94 20 28
leaf_count=37 206 20 25 20 22 94 20 28
internal_value=-0.000156515 -0.000242084 -1.08791e-05 0.000297834 0.000748408 -0.000313022 0 -0.000245902
internal_weight=472 435 229 110 62 119 42 48
internal_count=472 435 229 110 62 119 42 48
is_linear=0
shrinkage=0.01


Tree=327
num_leaves=8
num_cat=0
split_feature=88 40 25 1 14 8 55
split_gain=0.658565 0.188757 0.138157 0.170852 0.111176 0.0404243 0.0430778
threshold=27.836040485000002 14.049999980000001 4.1857143300000006 0.20483348800000004 0.75581671400000017 0.45275542900000004 0.33500003800000006
decision_type=10 2 2 2 2 2 2
left_child=1 2 4 -4 5 -1 -7
right_child=-2 -3 3 -5 -6 6 -8
leaf_value=-0.002275637571946021 0.0012587516919751599 5.0326649094645274e-05 0.0032827985695759831 -4.2950064717116202e-05 0.00012775690784995567 -0.00098244511056277115 -0.0021760464671160148
leaf_weight=20 35 28 20 20 26 312 21
leaf_count=20 35 28 20 20 26 312 21
internal_value=-0.000163629 -0.000271327 -0.000327537 0.000196078 -0.000388362 -0.000436688 -0.000462852
internal_weight=482 447 419 40 379 353 333
internal_count=482 447 419 40 379 353 333
is_linear=0
shrinkage=0.01


Tree=328
num_leaves=10
num_cat=0
split_feature=40 34 86 48 86 29 86 3 1
split_gain=0.411188 0.389812 0.514929 0.359587 0.470894 0.154653 0.0445517 0.0193206 0.0173151
threshold=12.250000030000001 4.7499999830000013 122.01313145000002 9.7500000000000018 98.471114805000013 3.1214285575000003 131.66297095000002 0.29333092850000003 0.28882064300000004
decision_type=2 2 2 2 2 2 2 2 2
left_child=1 5 8 4 -2 6 -1 -7 -3
right_child=3 2 -4 -5 -6 7 -8 -9 -10
leaf_value=-0.0012591503849949841 -0.0014337377760620027 0.0001639407084288025 0.00075546851937333375 -0.0019058369955179736 0.00049173610582720062 -0.0027063467862202834 -0.00027004747555373825 0.00053648189660441604 -0.0048256175127757697
leaf_weight=250 21 20 29 21 27 22 20 20 23
leaf_count=250 21 20 29 21 27 22 20 20 23
internal_value=-7.60248e-05 -0.0002079 0.00043956 0.000623209 0.00110656 -0.00036445 -0.00045421 0.000163551 -0.000216895
internal_weight=453 384 72 69 48 312 270 42 43
internal_count=453 384 72 69 48 312 270 42 43
is_linear=0
shrinkage=0.01


Tree=329
num_leaves=9
num_cat=1
split_feature=89 87 28 44 35 87 22 7
split_gain=0.330247 0.831824 0.165971 0.137377 0.187035 0.141049 0.0482 0.0954834
threshold=0 26.000940735000004 2.2714285765000004 6.2000000400000017 2.3999999575000004 33.133521385000002 1.6285714335000001 0.53204535700000011
decision_type=1 10 2 2 2 10 2 2
left_child=1 2 -1 5 -5 6 7 -2
right_child=3 -3 -4 4 -6 -7 -8 -9
leaf_value=-0.002156623407260264 -0.0039877328818575877 0.0041425284542004389 3.2004502149876809e-05 0.00023200658264660662 -2.391379939680375e-05 0.00020025759781425588 -0.00034073726237665586 0.0030861381123235268
leaf_weight=50 37 22 28 32 28 20 240 20
leaf_count=50 37 22 28 32 28 20 240 20
internal_value=-0.00013918 0.00034296 -8.88326e-05 -0.000274626 0.000131579 -0.000366583 -0.000424782 -0.000112457
internal_weight=477 100 78 377 60 317 297 57
internal_count=477 100 78 377 60 317 297 57
cat_boundaries=0 1
cat_threshold=673451008
is_linear=0
shrinkage=0.01


Tree=330
num_leaves=8
num_cat=0
split_feature=5 76 35 68 45 43 76
split_gain=0.428183 0.290758 0.371956 0.195807 0.253611 0.132057 0.0438244
threshold=0.52067228550000011 15.010714125000002 2.4999999925000007 45.025001050000007 9.550000123500002 0.84999999400000015 15.025714330000001
decision_type=2 2 2 2 2 2 2
left_child=1 2 -1 4 5 -3 -5
right_child=-2 3 -4 6 -6 -7 -8
leaf_value=0.00075629833625225518 0.00017951186549991662 0.00085289381679746199 -0.0015752858704930327 5.9755894076271162e-05 4.6972008437102854e-05 -0.00048006492751857241 -0.0013869184066911888
leaf_weight=35 21 37 25 20 27 67 218
leaf_count=35 21 37 25 20 27 67 218
internal_value=-9.53861e-05 -0.000168683 0.000460526 -0.000277177 1.8968e-05 -0.00019084 -0.000448074
internal_weight=450 429 60 369 131 104 238
internal_count=450 429 60 369 131 104 238
is_linear=0
shrinkage=0.01


Tree=331
num_leaves=9
num_cat=0
split_feature=44 43 78 10 24 88 43 12
split_gain=0.314076 0.376006 0.51541 0.124563 0.124471 0.119693 0.0724916 0.0435835
threshold=4.3499999945000001 0.15000000200000005 14.23285716 0.48809821400000003 2.4785714150000007 22.484581360000004 0.84999999400000015 0.74559385700000014
decision_type=2 2 2 2 2 10 2 2
left_child=3 4 5 -1 -2 -3 7 -5
right_child=1 2 -4 6 -6 -7 -8 -9
leaf_value=0.0045681334360625422 -0.0028417788621181673 -0.00086130848617826136 0.00068757925890262461 -0.0016043317356600002 0.00046063042318948889 7.0805030091917264e-05 -1.2698270336093361e-05 -5.0825139426599608e-05
leaf_weight=20 67 24 30 209 20 39 38 20
leaf_count=20 67 24 30 209 20 39 38 20
internal_value=-0.00011009 0.000210177 0.00065565 -0.000317929 -0.000244875 0.000101881 -0.000379014 -0.00044604
internal_weight=467 180 93 287 87 63 267 229
internal_count=467 180 93 287 87 63 267 229
is_linear=0
shrinkage=0.01


Tree=332
num_leaves=9
num_cat=0
split_feature=0 49 54 40 54 11 20 23
split_gain=0.485225 0.49646 0.898867 0.134685 0.0937557 0.0806586 0.234334 0.0288315
threshold=0.22090962500000003 0.35000000900000006 4.7449998855000013 11.700000035 1.5850005150000002 0.69873592900000003 1.8142857125000003 1.6428571215000003
decision_type=2 2 2 2 2 2 2 2
left_child=4 3 -3 7 -1 -6 -7 -2
right_child=1 2 -4 -5 5 6 -8 -9
leaf_value=0.0025700160355876097 -0.0012261826954330468 0.0011920546061387003 -0.00012367729345330074 0.00052104514801765427 -0.0018683411710147442 -0.0015685510296479289 0.00018627550875096745 -0.0028664758047008236
leaf_weight=26 20 26 28 28 215 53 22 48
leaf_count=26 20 26 28 28 215 53 22 48
internal_value=-0.000109255 0.000351459 0.00111314 -6.19836e-05 -0.000334596 -0.000388583 -7.25595e-05 -0.000319768
internal_weight=466 150 54 96 316 290 75 68
internal_count=466 150 54 96 316 290 75 68
is_linear=0
shrinkage=0.01


Tree=333
num_leaves=9
num_cat=0
split_feature=88 66 17 35 46 6 87 11
split_gain=0.66061 0.31808 0.584628 0.515707 0.261077 0.160294 0.146515 0.0437985
threshold=27.435329450000001 80.184999465000018 40.225000000000009 2.0999999790000006 11.400000260000001 0.45832935750000003 31.310351055000002 0.51541492850000015
decision_type=10 2 2 2 2 2 8 2
left_child=1 2 3 -1 -4 -2 7 -3
right_child=5 6 4 -5 -6 -7 -8 -9
leaf_value=0.0021634620135538487 0.00034561660679986131 -0.0092425566085036111 6.1305515034227665e-05 0.00075091816341045004 -0.00070988401355956919 0.0015437585101407069 0.00023816543444841188 -0.0025003190560182946
leaf_weight=28 20 20 23 20 85 20 20 217
leaf_count=28 20 20 23 20 85 20 20 217
internal_value=-3.19525e-05 -0.000155873 0.000191326 0.00110656 -0.000202206 0.00117647 -0.000374321 -0.000447855
internal_weight=453 413 156 48 108 40 257 237
internal_count=453 413 156 48 108 40 257 237
is_linear=0
shrinkage=0.01


Tree=334
num_leaves=9
num_cat=0
split_feature=86 60 40 34 37 86 6 46
split_gain=0.731508 0.797159 0.50477 0.227607 0.389454 0.0608094 0.0734472 0.0447451
threshold=131.19284590000004 27.315001010000007 15.949999745000001 4.7499999830000013 4.0500000380000012 70.137508020000013 0.40316790500000005 10.049999872500001
decision_type=2 2 2 2 2 2 2 2
left_child=2 -2 3 5 -5 6 -1 -7
right_child=1 -3 -4 4 -6 7 -8 -9
leaf_value=0.0038410378335436645 -0.0011742379832389671 0.00037308386058686709 0.00014564351409658208 -0.00044221854539715525 4.8742750835280941e-05 -0.0013554660264482744 -0.001650360726729671 -0.0025791838550317946
leaf_weight=20 23 36 21 36 30 20 25 260
leaf_count=20 23 36 21 36 30 20 25 260
internal_value=-4.98094e-05 0.000978261 -0.000203488 -0.000289689 0.000224551 -0.000400553 -1.09171e-05 -0.000455841
internal_weight=471 59 412 391 66 325 45 280
internal_count=471 59 412 391 66 325 45 280
is_linear=0
shrinkage=0.01


Tree=335
num_leaves=10
num_cat=0
split_feature=16 16 86 25 0 49 53 12 0
split_gain=1.37024 0.644548 0.683943 0.482851 0.595845 0.74618 0.262662 0.17011 0.170852
threshold=0.66486142900000011 0.72959375000000015 131.19284590000004 4.1571428610000014 0.16271763550000004 0.40000000950000009 0.4250001905000001 0.57757257100000003 0.094894187500000018
decision_type=2 2 2 2 2 2 2 2 2
left_child=7 2 3 4 -2 -6 -3 8 -1
right_child=1 6 -4 -5 5 -7 -8 -9 -10
leaf_value=-0.00834077169177584 -0.00061112400507758343 0.00038311766507021948 0.0012060780512739772 0.00020028073184863278 2.1854462860239514e-05 0.00013937535153638023 -0.00074808696003918012 -0.0030875819891556578 0.0010648721185504495
leaf_weight=20 45 20 34 22 50 22 52 188 20
leaf_count=20 45 20 34 22 50 22 52 188 20
internal_value=0.000193119 0.000713995 0.0010443 0.000704578 0.000420204 0.000989011 -5.49452e-05 -0.000358392 0.000196078
internal_weight=473 245 173 139 117 72 72 228 40
internal_count=473 245 173 139 117 72 72 228 40
is_linear=0
shrinkage=0.01


Tree=336
num_leaves=10
num_cat=0
split_feature=40 40 60 53 83 59 79 25 13
split_gain=0.44861 0.869831 0.197577 0.196002 0.180145 0.329081 0.328328 0.143497 0.0410135
threshold=7.5000000595000005 8.2000000180000026 30.839999195000004 0.059999943000000007 21.779285705000003 40.339999675000008 8.8014286925000018 4.1642857450000008 0.58605885000000013
decision_type=2 2 2 2 2 2 2 2 2
left_child=8 -2 4 -4 7 6 -6 -3 -1
right_child=1 2 3 -5 5 -7 -8 -9 -10
leaf_value=-0.0018249990788093684 0.0017192395305354522 -0.00090102895566890903 -0.003255562812037018 0.00049151845780883916 5.950321548697433e-05 -0.0011322878933749234 -0.0013922259419195254 2.3106334438493665e-05 -0.0034224385020298004
leaf_weight=20 35 112 21 20 29 38 25 20 143
leaf_count=20 35 112 21 20 29 38 25 20 143
internal_value=0 0.000226064 2.06921e-05 0.000657895 -8.89681e-05 0.000237069 0.000748175 -0.000331325 -0.000424298
internal_weight=463 300 265 41 224 92 54 132 163
internal_count=463 300 265 41 224 92 54 132 163
is_linear=0
shrinkage=0.01


Tree=337
num_leaves=11
num_cat=0
split_feature=16 23 17 68 17 15 33 51 26 8
split_gain=0.72671 0.711868 0.75363 1.08054 0.356429 0.299059 0.125766 0.10053 0.0819471 0.0343882
threshold=0.66486142900000011 1.8214285545000002 90.285000000000011 41.675000665000006 39.240000000000002 0.69558964300000015 4.1999999630000007 4.5000000485000013 3.7071428470000005 0.5655712140000001
decision_type=2 2 2 2 2 2 2 2 2 2
left_child=6 4 5 -4 -2 -3 7 -1 -7 -6
right_child=1 2 3 -5 9 8 -8 -9 -10 -11
leaf_value=-0.0037447502511122502 4.998888928257785e-05 0.0042011001338347264 5.8659432452660631e-05 0.00049645583690299724 4.6461527036341098e-05 0.00020642072710066239 0.0010504664663083141 -0.00035485611104688563 -0.00029051546462426347 -0.0011047678078985996
leaf_weight=175 37 20 26 20 20 20 20 31 29 73
leaf_count=175 37 20 26 20 20 20 20 31 29 73
internal_value=9.00804e-05 0.000469894 0.00104059 0.00202991 -2.29359e-05 0.000336676 -0.000313051 -0.000391683 -5.02009e-05 -0.000367804
internal_weight=471 245 115 46 130 69 226 206 49 93
internal_count=471 245 115 46 130 69 226 206 49 93
is_linear=0
shrinkage=0.01


Tree=338
num_leaves=11
num_cat=0
split_feature=46 16 14 29 5 49 24 17 25 0
split_gain=0.595271 0.398225 0.5524 0.337388 0.592281 0.14175 0.175454 0.0757048 0.0736826 0.0423186
threshold=9.2999998630000018 0.6776522140000002 0.68719578600000009 2.9285714205000004 0.43647588100000007 0.75000000750000007 2.2428571245000004 50.895000000000003 4.0714286570000011 0.28231254200000006
decision_type=2 2 2 2 2 2 2 2 2 2
left_child=-1 5 -3 8 7 9 -7 -5 -4 -2
right_child=1 2 3 4 -6 6 -8 -9 -10 -11
leaf_value=2.519395861969556e-05 -0.0048398728285280112 0.0030905947543084255 -0.00069484350817616445 0.0003593003346216661 0.00011664055845109667 -0.0011966119496288211 0.0016415794198190291 -0.0012227424095246119 9.6832834385669661e-06 -0.0019220678179159539
leaf_weight=22 171 27 71 20 24 21 20 26 32 20
leaf_count=22 171 27 71 20 24 21 20 26 32 20
internal_value=4.6174e-05 -3.23476e-05 0.000288845 6.61679e-05 0.000607345 -0.00031787 0.000179426 -2.13676e-05 -0.000284201 -0.000435349
internal_weight=454 432 200 173 70 232 41 46 103 191
internal_count=454 432 200 173 70 232 41 46 103 191
is_linear=0
shrinkage=0.01


Tree=339
num_leaves=9
num_cat=1
split_feature=86 77 89 20 32 29 9 7
split_gain=0.604712 0.935869 0.247955 0.424096 0.305952 0.125719 0.123573 0.403984
threshold=131.19284590000004 12.971428670000002 0 1.8357142720000004 5.7642856665000011 2.1857142960000004 0.65777140000000012 0.57849114300000015
decision_type=2 2 1 2 2 2 2 2
left_child=2 -2 3 5 -5 -1 -4 -8
right_child=1 -3 6 4 -6 -7 7 -9
leaf_value=1.6868789225992595e-05 -2.1506716828541654e-06 0.0012139447154585292 -0.0018202259545745429 0.00065443741642409227 0.0020149007719226205 -0.0063912995707414875 0.0025211923165045606 -0.00022546916797404104
leaf_weight=20 31 22 194 27 31 69 24 61
leaf_count=20 31 22 194 27 31 69 24 61
internal_value=-3.64736e-05 0.000957249 -0.000166354 0.00015526 0.000833333 -0.000250557 -0.000336439 -5.82762e-06
internal_weight=479 53 426 147 58 89 279 85
internal_count=479 53 426 147 58 89 279 85
cat_boundaries=0 1
cat_threshold=572523650
is_linear=0
shrinkage=0.01


Tree=340
num_leaves=9
num_cat=0
split_feature=88 50 45 4 53 40 7 0
split_gain=0.779156 0.397257 0.390384 0.602382 0.33939 0.239825 0.132418 0.0231242
threshold=24.358773140000004 7.6500001545000016 5.1999999955000016 0.35824671450000006 2.1349997525000002 12.800000015000002 0.40947400000000006 0.078784125000000024
decision_type=10 2 2 2 2 2 2 2
left_child=4 -2 3 -3 5 6 -1 -4
right_child=1 2 7 -5 -6 -7 -8 -9
leaf_value=0.0041558301630254457 0.00041534484561325428 0.0040587699829657967 -0.0022224733313220726 -0.0010055875414635741 2.4965422286922365e-05 0.00048957044909038092 -0.0024565940010789844 -0.00014900140420139916
leaf_weight=25 38 21 20 25 30 27 269 33
leaf_count=25 38 21 20 25 30 27 269 33
internal_value=8.18319e-06 0.000649492 0.000285571 0.000961538 -0.000237351 -0.000337166 -0.000424016 -0.000269517
internal_weight=488 137 99 46 351 321 294 53
internal_count=488 137 99 46 351 321 294 53
is_linear=0
shrinkage=0.01


Tree=341
num_leaves=11
num_cat=0
split_feature=16 14 84 2 5 13 0 29 0 75
split_gain=0.565046 0.866099 0.533974 0.492183 0.718688 0.163084 0.175454 0.13058 0.0825037 0.0819471
threshold=0.66486142900000011 0.66696292900000009 16.627142975000002 0.30825885700000005 0.41864207150000005 0.59386237500000016 0.087940229000000023 3.0142857180000004 0.16271763550000004 5.2049999830000013
decision_type=2 2 2 2 2 2 2 2 2 2
left_child=5 -2 7 4 8 6 -1 -3 -4 -5
right_child=1 2 3 9 -6 -7 -8 -9 -10 -11
leaf_value=-0.0083601075479329077 0.0013427109649240682 -0.00025515513548896143 -3.6191771595959529e-05 -0.0011248978588260707 7.3067943371598677e-05 -0.0031691579584914348 0.0010714358044222527 3.3337785840741231e-05 0.00082431556478729023 1.8384212441646884e-05
leaf_weight=21 20 94 21 29 20 176 20 21 20 20
leaf_count=21 20 94 21 29 20 176 20 21 20 20
internal_value=1.51252e-05 0.000347844 0.000157219 0.000658845 0.00125405 -0.00035124 0.000179426 -0.000306563 0.00041866 -5.02009e-05
internal_weight=462 245 225 110 61 217 41 115 41 49
internal_count=462 245 225 110 61 217 41 115 41 49
is_linear=0
shrinkage=0.01


Tree=342
num_leaves=9
num_cat=0
split_feature=16 88 20 6 13 3 25 54
split_gain=0.672082 0.418065 0.554844 0.341619 1.05019 0.358109 0.125659 0.100414
threshold=0.66522328550000009 21.597050835000005 1.7571428415000001 0.48931390450000006 0.7443756585000002 0.29700407100000009 4.0571428200000001 3.4700002670000005
decision_type=2 8 2 2 2 2 2 2
left_child=7 -2 6 5 -5 -4 -3 -1
right_child=1 2 3 4 -6 -7 -8 -9
leaf_value=-0.00033527204249062941 2.7455012738750918e-05 -0.0012846563580651621 0.0045161786304781159 0.0005012582405226403 8.3924036234029366e-06 -0.00061785085939710955 3.3658945376824799e-05 -0.0039817090013147816
leaf_weight=31 21 82 32 22 32 37 21 174
leaf_count=31 21 82 32 22 32 37 21 174
internal_value=2.65016e-05 0.000381356 0.000242504 0.000698707 0.00129562 0.00019341 -0.000284201 -0.000391157
internal_weight=452 247 226 123 54 69 103 205
internal_count=452 247 226 123 54 69 103 205
is_linear=0
shrinkage=0.01


Tree=343
num_leaves=10
num_cat=0
split_feature=71 21 10 50 64 21 5 28 33
split_gain=0.417437 0.60626 1.03143 0.389454 0.246132 0.275607 0.447934 0.413788 0.0909532
threshold=7.3785713530000008 1.8285714390000003 0.67407207150000004 0.8500000015000001 63.919999125000011 1.6571428865000002 0.44604664300000002 2.2571428755000005 3.9999999830000004
decision_type=2 2 2 2 2 2 2 2 2
left_child=1 4 3 -3 5 -1 7 -7 -2
right_child=8 2 -4 -5 -6 6 -8 -9 -10
leaf_value=-0.0028938162778979 -0.0055763053092237466 2.9403438509460202e-05 0.00023798054174219545 -0.0036113013268030754 -8.4526495039624619e-05 1.3479940139593622e-05 -0.00052690167988593258 0.0034049216827300188 -0.00071141301049053285
leaf_weight=39 148 30 24 36 86 34 28 21 33
leaf_count=39 148 30 24 36 86 34 28 21 33
internal_value=0 0.000230924 0.000914097 0.000224551 -5.74714e-05 0.00021987 0.000554892 0.00108423 -0.000376788
internal_weight=479 298 90 66 208 122 83 55 181
internal_count=479 298 90 66 208 122 83 55 181
is_linear=0
shrinkage=0.01


Tree=344
num_leaves=10
num_cat=0
split_feature=50 0 6 0 10 5 0 6 0
split_gain=0.653353 0.587203 0.718688 0.3368 0.286513 0.124118 0.135153 0.055292 0.0892094
threshold=0.99999999650000004 0.31065555400000006 0.44236657150000008 0.24670375000000003 0.51216585700000017 0.52202473800000015 0.066451479500000007 0.40316790500000005 0.12610350000000001
decision_type=2 2 2 2 2 2 2 2 2
left_child=1 2 3 -1 -2 6 -6 8 -8
right_child=4 -3 -4 -5 5 -7 7 -9 -10
leaf_value=0.0013152471908972785 0.0042650680790685134 -0.0035094588514776419 0.001387656452247284 -0.00036408356458975843 1.3434265147402224e-05 1.6858990090850039e-06 -0.0053903192370124845 -0.0010917666447904451 0.00018468355722636332
leaf_weight=20 20 29 20 21 21 20 33 256 20
leaf_count=20 20 29 20 21 21 20 33 256 20
internal_value=-6.0764e-05 0.000693832 0.00125405 0.00041866 -0.000250809 -0.000322121 -0.000371826 -0.000427695 -8.36432e-05
internal_weight=460 90 61 41 370 350 330 309 53
internal_count=460 90 61 41 370 350 330 309 53
is_linear=0
shrinkage=0.01


Tree=345
num_leaves=9
num_cat=0
split_feature=16 43 2 36 2 4 17 2
split_gain=0.967566 1.12344 0.640526 0.362792 0.308941 0.541826 0.502962 0.0235968
threshold=0.67341846450000009 0.25000000350000007 0.32564159500000006 0.45000000300000004 0.31064235700000004 0.32941557150000006 62.745000000000005 0.23605057100000001
decision_type=2 2 2 2 2 2 2 2
left_child=3 2 -2 -1 5 7 -7 -3
right_child=1 4 -4 -5 -6 6 -8 -9
leaf_value=-0.002969583664261147 0.00060529518712531703 -3.304737349510506e-05 -2.842715983310663e-05 0.00062913841157855315 -0.00033688535719192159 0.0037801200491250132 2.1795026909603828e-06 -0.0018291662427083633
leaf_weight=222 34 20 22 20 57 25 37 34
leaf_count=222 34 20 22 20 57 25 37 34
internal_value=6.8885e-05 0.000537424 0.00176056 -0.000366557 0.000123705 0.000428082 0.00106688 -0.000273723
internal_weight=471 229 56 242 173 116 62 54
internal_count=471 229 56 242 173 116 62 54
is_linear=0
shrinkage=0.01


Tree=346
num_leaves=9
num_cat=0
split_feature=33 12 16 0 2 87 12 14
split_gain=0.762029 0.578781 0.574469 1.04995 0.165036 0.351122 0.527027 0.0799496
threshold=3.9357142960000004 0.59872507150000021 0.67720392850000011 0.2660955805000001 0.28305796400000005 24.482091070000006 0.68583709550000005 0.75167564300000012
decision_type=2 2 2 2 2 8 2 2
left_child=4 -2 -3 -4 -1 -6 -7 -8
right_child=1 2 3 -5 5 6 7 -9
leaf_value=-0.0022609248265725431 0.0037225776728906437 -0.0038338662611699876 0.00046220537717444569 -5.3789662909538822e-05 -0.0015861254006869583 0.0013395759499016144 -0.001042956074936232 5.3230991636727063e-06
leaf_weight=175 28 55 26 35 82 20 28 20
leaf_count=175 28 55 26 35 82 20 28 20
internal_value=-5.32153e-06 0.000593923 0.000256849 0.000930421 -0.000277778 -1.9894e-05 0.000494186 -4.09837e-05
internal_weight=469 144 116 61 325 150 68 48
internal_count=469 144 116 61 325 150 68 48
is_linear=0
shrinkage=0.01


Tree=347
num_leaves=9
num_cat=0
split_feature=5 33 77 5 28 3 6 86
split_gain=0.450614 0.247134 0.466096 0.328415 0.300918 0.948884 0.127812 0.0987331
threshold=0.52691861950000007 3.9999999830000004 13.873571495000002 0.42560378550000005 2.4285714205000004 0.31532478600000008 0.54118307150000011 128.40702310000003
decision_type=2 2 2 2 2 2 2 2
left_child=1 4 -3 -4 6 -6 7 -1
right_child=-2 2 3 -5 5 -7 -8 -9
leaf_value=-0.0018450011258445448 0.00021064335389221769 -6.4395080455539484e-05 0.0035177122578684871 0.00055083810182363709 0.0038402079364230862 -1.1812974720698651e-05 4.0425713330658268e-05 -0.0014718130450113338
leaf_weight=221 27 36 27 24 22 42 21 33
leaf_count=221 27 36 27 24 22 42 21 33
internal_value=3.3053e-06 -7.26337e-05 0.000392938 0.00101351 -0.000198646 0.000401234 -0.000346266 -0.000412088
internal_weight=453 426 87 51 339 64 275 254
internal_count=453 426 87 51 339 64 275 254
is_linear=0
shrinkage=0.01


Tree=348
num_leaves=10
num_cat=0
split_feature=16 15 86 70 40 3 3 46 88
split_gain=0.575132 0.881705 0.421422 0.404716 0.190182 0.149493 0.22057 0.0430078 0.0365163
threshold=0.67341846450000009 0.70211948550000014 91.966554430000016 7.7557143140000013 12.250000030000001 0.35729614250000002 0.38175402400000008 27.650000380000005 27.435329450000001
decision_type=2 2 2 2 2 2 2 2 10
left_child=4 3 -3 -2 7 8 -7 -1 -4
right_child=1 2 5 -5 -6 6 -8 -9 -10
leaf_value=-0.0026566885819976202 4.1773685910253789e-06 0.0018393430453614863 -0.00013706200155126351 0.00061885671247303552 0.0004046630318433849 2.4642298282958929e-05 -0.00089214701293235726 -0.011087042380622499 -0.00028261723431875053
leaf_weight=190 22 29 88 32 33 27 23 20 20
leaf_count=190 22 29 88 32 33 27 23 20 20
internal_value=1.23761e-05 0.000361869 2.39615e-05 0.0014781 -0.000326087 -0.000170025 0.000255905 -0.000441177 -0.00038603
internal_weight=484 241 187 54 243 158 50 210 108
internal_count=484 241 187 54 243 158 50 210 108
is_linear=0
shrinkage=0.01


Tree=349
num_leaves=10
num_cat=0
split_feature=16 61 17 28 21 17 19 7 0
split_gain=0.467814 0.72501 0.212131 0.440401 0.248353 0.260279 0.19095 0.0422381 0.0351682
threshold=0.67720392850000011 33.025001050000007 39.240000000000002 2.2428571415000005 1.8071428450000002 99.815000000000012 2.3785714080000004 0.41203264750000007 0.26465027750000009
decision_type=2 2 2 2 2 2 2 2 2
left_child=6 2 3 -2 8 -6 7 -1 -4
right_child=1 -3 4 -5 5 -7 -8 -9 -10
leaf_value=-0.0025379067732559202 -0.0014665686292430348 0.0006447073715539996 -8.4449121095037729e-06 0.0026584936022238559 -0.0028377164300384672 0.00027336033693788677 0.00083621587026716938 -0.0025438820357248804 -0.00049286740888655029
leaf_weight=20 20 29 78 29 28 20 32 169 20
leaf_count=20 20 29 78 29 28 20 32 169 20
internal_value=1.23373e-05 0.000338078 0.000104699 0.000672691 -7.4932e-05 0.000491803 -0.000308837 -0.000434668 -0.000374494
internal_weight=445 224 195 49 146 48 221 189 98
internal_count=445 224 195 49 146 48 221 189 98
is_linear=0
shrinkage=0.01


Tree=350
num_leaves=11
num_cat=0
split_feature=16 53 14 45 8 33 7 61 6 16
split_gain=0.711337 1.14804 0.310919 0.323054 0.260828 0.138114 0.184043 0.0945871 0.0429411 0.0350185
threshold=0.67720392850000011 0.085000038500000014 0.67722421450000014 8.9500000475000032 0.63514432150000011 4.0642857380000015 0.49787907150000005 20.195001600000001 0.55145610700000003 0.75045346700000015
decision_type=2 2 2 2 2 2 2 2 2 2
left_child=5 -2 -3 7 -5 8 -7 -4 -1 -9
right_child=1 2 3 4 -6 6 -8 9 -10 -11
leaf_value=-0.0043170524923705133 0.00072369823438697353 0.00020406249941111177 4.6078861945140589e-05 -7.3460592563582964e-05 0.00011683295116547858 0.0016626273249807655 -0.0045876441236546578 -0.00054776632833617247 -0.004899761054351707 0.00034897792015130545
leaf_weight=188 21 20 22 22 24 20 23 77 20 20
leaf_count=188 21 20 22 22 24 20 23 77 20 20
internal_value=2.07513e-05 0.000459381 0.000191066 3.31724e-05 0.000747863 -0.000331613 0.000148402 -0.000229549 -0.000440613 -0.000373211
internal_weight=457 206 185 165 46 251 43 119 208 97
internal_count=457 206 185 165 46 251 43 119 208 97
is_linear=0
shrinkage=0.01


Tree=351
num_leaves=11
num_cat=0
split_feature=16 60 17 54 33 40 15 6 0 0
split_gain=0.468291 0.926082 0.779394 0.511655 0.14106 0.0979585 0.179847 0.0426974 0.0358742 0.015083
threshold=0.66486142900000011 28.459999560000004 109.80000000000003 4.7000002860000007 4.1999999630000007 8.1000000090000022 0.72279642850000003 0.56427304750000007 0.1038414445 0.27438364600000004
decision_type=2 2 2 2 2 2 2 2 2 2
left_child=4 5 3 -3 7 6 -2 -1 -7 -5
right_child=1 2 -4 9 -6 8 -8 -9 -10 -11
leaf_value=-0.0031833977274754112 0.00015637050536148668 0.0039737929448447548 0.00073897957967068804 -2.8217181096470184e-05 0.0010317806508844075 -0.00037517656700607248 -0.0014607286959060898 -0.0023205189474675707 -9.761354630227858e-06 -0.00037215432304633206
leaf_weight=181 20 35 20 20 20 20 22 20 83 20
leaf_count=181 20 35 20 20 20 20 22 20 83 20
internal_value=-1.84064e-05 0.000282392 0.00104906 0.000534301 -0.000353923 -0.000209191 0.000163551 -0.000438553 -0.00038054 -0.000196079
internal_weight=461 240 95 75 221 145 42 201 103 40
internal_count=461 240 95 75 221 145 42 201 103 40
is_linear=0
shrinkage=0.01


Tree=352
num_leaves=9
num_cat=0
split_feature=88 39 12 3 13 20 70 51
split_gain=0.462925 0.404945 0.195326 0.367199 0.107987 0.0702613 0.0393746 0.0425449
threshold=26.996233585000002 12.299999780000002 0.57757257100000003 0.27177692900000006 0.76652608500000008 1.9571428385000003 8.3828570840000012 6.7999998220000011
decision_type=10 2 2 2 2 2 2 2
left_child=2 -2 3 -1 5 6 7 -4
right_child=1 -3 4 -5 -6 -7 -8 -9
leaf_value=-0.007012552635873145 0.0010793366640782323 -2.2773869707864263e-05 -0.00070230352033508734 0.0052343474974520703 0.00015242942416838438 0.00010427021851180835 -1.4982827508707238e-05 -1.7551111337448365e-06
leaf_weight=25 20 24 276 20 23 38 20 21
leaf_count=25 20 24 276 20 23 38 20 21
internal_value=-0.000152843 0.000803571 -0.000258377 0.000338428 -0.000335269 -0.000380832 -0.000429516 -0.000458361
internal_weight=467 44 423 45 378 355 317 297
internal_count=467 44 423 45 378 355 317 297
is_linear=0
shrinkage=0.01


Tree=353
num_leaves=8
num_cat=1
split_feature=24 89 70 17 1 31 59
split_gain=0.467056 0.322663 0.339388 0.180124 0.181409 0.134141 0.0441188
threshold=1.8857142755000003 0 7.8049999645000012 16.420000000000005 0.25584164250000002 4.4142857280000003 34.105000495000006
decision_type=2 1 2 2 2 2 2
left_child=-1 2 3 -2 -5 6 -3
right_child=1 5 -4 4 -6 -7 -8
leaf_value=1.0519107405422201e-05 0.003708550075854192 -0.0047378967612835953 0.0009223566002255182 -0.00092080989273961137 3.7052926227087978e-05 0.0027456400187172757 -0.0014933410406378614
leaf_weight=29 21 20 28 75 30 22 230
leaf_count=29 21 20 28 75 30 22 230
internal_value=-7.78852e-05 -0.000166354 0.000188107 -7.88655e-06 -0.000193762 -0.000367751 -0.000450558
internal_weight=455 426 154 126 105 272 250
internal_count=455 426 154 126 105 272 250
cat_boundaries=0 1
cat_threshold=170131480
is_linear=0
shrinkage=0.01


Tree=354
num_leaves=9
num_cat=0
split_feature=50 3 5 1 16 67 40 2
split_gain=0.44916 0.449225 0.800551 0.188056 0.141471 0.270231 0.294286 0.0426612
threshold=1.0000000225000003 0.37030768550000004 0.41864207150000005 0.24976161950000003 0.67720392850000011 44.599998475000007 11.750000140000003 0.18465614300000002
decision_type=2 2 2 2 2 2 2 2
left_child=1 2 3 -1 7 -6 -7 -2
right_child=4 -3 -4 -5 5 6 -8 -9
leaf_value=0.00093379381426515751 -0.011665082451881833 -0.0019273620114588393 0.0011060785428382834 -0.0024586657723746868 -0.00064954500101235292 0.003310155363014084 -8.1998685491412003e-05 -0.0028375201292789509
leaf_weight=20 20 32 22 24 72 38 39 180
leaf_count=20 20 32 22 24 72 38 39 180
internal_value=-9.26754e-05 0.000495951 0.000973054 0.000133928 -0.000264437 -1.6689e-05 0.000379177 -0.000438247
internal_weight=447 98 66 44 349 149 77 200
internal_count=447 98 66 44 349 149 77 200
is_linear=0
shrinkage=0.01


Tree=355
num_leaves=9
num_cat=0
split_feature=5 33 76 28 2 11 47 3
split_gain=0.336283 0.295106 0.470797 0.147102 0.191919 0.106886 0.0698671 0.0734472
threshold=0.52691861950000007 3.9999999830000004 15.025714330000001 2.4428571380000004 0.2916276665000001 0.59277600000000008 25.450000005000003 0.33357957150000001
decision_type=2 2 2 2 2 2 2 2
left_child=1 3 -3 6 -5 -4 -1 -8
right_child=-2 2 5 4 -6 -7 7 -9
leaf_value=-0.0024240796913323846 0.00014443705954383641 0.0025737981274469423 0.00055758017523118483 0.0013138271270001585 -3.5188240247372786e-05 -0.00020489916360681037 3.860377258721806e-05 -0.0029922275896343922
leaf_weight=234 25 32 20 33 32 46 20 25
leaf_count=234 25 32 20 33 32 46 20 25
internal_value=-0.00011009 -0.00017841 0.000293522 -0.000319026 8.35865e-05 -0.000164671 -0.000419943 -1.09171e-05
internal_weight=467 442 98 344 65 66 279 45
internal_count=467 442 98 344 65 66 279 45
is_linear=0
shrinkage=0.01


Tree=356
num_leaves=8
num_cat=0
split_feature=88 16 40 12 3 46 10
split_gain=0.578353 0.328083 0.35093 0.236977 0.273317 0.138041 0.0430078
threshold=27.836040485000002 0.66522328550000009 12.800000015000002 0.67880721450000003 0.32319575700000008 22.099999935000003 0.48293992850000006
decision_type=10 2 2 2 2 2 2
left_child=1 6 3 4 -3 -5 -1
right_child=-2 2 -4 5 -6 -7 -8
leaf_value=-0.0031925463301860748 0.0010548632435298112 0.00051331094428814508 3.8302665259312949e-05 -0.00032471530517400504 -3.7650611562616372e-05 0.0003587402444104948 -0.0041387745871473919
leaf_weight=20 34 38 20 95 36 20 190
leaf_count=20 34 38 20 95 36 20 190
internal_value=-5.39887e-05 -0.000160791 0.000112011 -1.31719e-05 0.000414438 -0.000306563 -0.000441177
internal_weight=453 419 209 189 74 115 210
internal_count=453 419 209 189 74 115 210
is_linear=0
shrinkage=0.01


Tree=357
num_leaves=8
num_cat=0
split_feature=23 13 40 40 41 4 68
split_gain=0.492545 0.646615 0.31844 0.839178 0.191537 0.201973 0.146342
threshold=1.9357142750000003 0.61207375000000008 8.2000000180000026 7.5000000595000005 3.6499999945000003 0.33537050000000007 64.845001220000015
decision_type=2 2 2 2 2 2 2
left_child=1 -1 3 -3 5 -4 -6
right_child=-2 2 4 -5 6 -7 -8
leaf_value=0.0029697179624660385 -0.0042692944346693837 -0.0031020941711219084 -0.0025715182179793304 0.0031063914758694602 -0.00081256810899656921 0.00011468222908239998 1.3954040062173094e-06
leaf_weight=26 165 29 21 27 123 37 20
leaf_count=26 165 29 21 27 123 37 20
internal_value=-4.90197e-05 0.000199084 3.68502e-05 0.000704225 -0.000141229 0.000323129 -0.000344228
internal_weight=448 283 257 56 201 58 143
internal_count=448 283 257 56 201 58 143
is_linear=0
shrinkage=0.01


Tree=358
num_leaves=8
num_cat=1
split_feature=86 89 20 45 12 40 11
split_gain=0.462835 0.268634 0.332521 0.370221 0.130364 0.0497262 0.092457
threshold=133.09452975000002 0 1.8428571305000003 5.1999999955000016 0.74631739300000011 11.700000035 0.65941340450000008
decision_type=2 1 2 2 2 2 2
left_child=1 2 3 -1 5 -3 -7
right_child=-2 4 -4 -5 -6 6 -8
leaf_value=0.00037644324755786441 0.00099250597978397647 -0.00020720907794636735 0.0011286136874567516 -0.0025811909875874551 0.0028685223045382142 -0.0027999678565037564 5.3014705420276199e-05
leaf_weight=39 20 216 29 76 21 35 20
leaf_count=39 20 216 29 76 21 35 20
internal_value=-0.000100701 -0.000173993 0.000167959 -4.74958e-05 -0.000343461 -0.000417587 -9.85664e-05
internal_weight=456 436 144 115 292 271 55
internal_count=456 436 144 115 292 271 55
cat_boundaries=0 1
cat_threshold=572525584
is_linear=0
shrinkage=0.01


Tree=359
num_leaves=10
num_cat=0
split_feature=16 14 22 17 10 21 37 27 15
split_gain=0.429072 0.63261 0.342526 0.195295 0.520264 0.215617 0.258137 0.0953215 0.135164
threshold=0.66486142900000011 0.68719578600000009 1.8000000115000001 36.57500000000001 0.6531102860000001 1.8071428450000002 7.8500000015000007 4.1142857160000004 0.64839448600000005
decision_type=2 2 2 2 2 2 2 2 2
left_child=7 2 -2 4 -3 -5 -7 8 -1
right_child=1 3 -4 5 -6 6 -8 -9 -10
leaf_value=0.00046515503717893606 6.0882781597147508e-05 -3.7625732387089289e-05 0.00098258091998613246 -0.00016455579281684233 0.0042513709175558394 -1.9437382574882724e-05 9.9885091611300031e-05 -0.0036550590389072012 -0.001923463923021644
leaf_weight=28 21 22 20 89 21 38 23 157 35
leaf_count=28 21 22 20 89 21 38 23 157 35
internal_value=-3.29816e-05 0.000259795 0.0013756 7.73982e-06 0.000605023 -0.00015252 0.000283171 -0.000353261 0
internal_weight=454 234 41 193 43 150 61 220 63
internal_count=454 234 41 193 43 150 61 220 63
is_linear=0
shrinkage=0.01


Tree=360
num_leaves=8
num_cat=0
split_feature=86 15 15 13 15 0 44
split_gain=0.244972 0.517689 0.281508 0.113559 0.188056 0.135705 0.0867698
threshold=131.19284590000004 0.72790397600000012 0.75473470250000008 0.59386237500000016 0.56101735700000022 0.068555750000000013 7.0999999795000006
decision_type=2 2 2 2 2 2 2
left_child=2 -2 3 4 -1 -5 -7
right_child=1 -3 -4 5 -6 6 -8
leaf_value=-0.01225421990509043 0.0010052047617724251 -0.00046255390808333562 0.0043416785466897298 6.19566216213749e-05 0.0051547320992112299 -0.00070738921275992079 2.4560931909861293e-05
leaf_weight=24 31 32 20 21 20 275 39
leaf_count=24 31 32 20 21 20 275 39
internal_value=-0.000149093 0.00041536 -0.000243872 -0.000309373 0.000133928 -0.000373734 -0.000428844
internal_weight=462 63 399 379 44 335 314
internal_count=462 63 399 379 44 335 314
is_linear=0
shrinkage=0.01


Tree=361
num_leaves=9
num_cat=1
split_feature=5 47 89 16 6 33 42 5
split_gain=0.554451 0.243635 0.225337 0.258417 0.161162 0.142799 0.0445113 0.0304949
threshold=0.52691861950000007 60.299998505000012 0 0.72501332150000009 0.47562464300000001 4.2714286360000004 0.25000000750000007 0.33946078550000008
decision_type=2 2 1 2 2 2 2 2
left_child=1 2 3 4 7 6 -4 -1
right_child=-2 -3 5 -5 -6 -7 -8 -9
leaf_value=-0.0020226432937863184 0.00018612027216795217 0.0011879188465588092 -0.00081473206894425339 0.002650587413358222 5.1981924961667937e-05 1.1373716755880543e-05 -2.5231802094990015e-05 -0.0025406581511513782
leaf_weight=20 26 20 248 24 26 21 20 54
leaf_count=20 26 20 248 24 26 21 20 54
internal_value=-8.15573e-05 -0.000171738 -0.000228371 0.000118694 -7.93652e-05 -0.00037525 -0.000453869 -0.000334225
internal_weight=459 433 413 124 100 289 268 74
internal_count=459 433 413 124 100 289 268 74
cat_boundaries=0 1
cat_threshold=537135128
is_linear=0
shrinkage=0.01


Tree=362
num_leaves=8
num_cat=0
split_feature=9 41 59 50 6 25 86
split_gain=0.37103 0.891089 0.260292 0.320455 0.294355 0.122648 0.0941165
threshold=0.51665650000000019 3.9000000355000006 35.180000305000007 0.99999999650000004 0.57262616650000009 4.2071428980000007 131.19284590000004
decision_type=2 2 2 2 2 2 2
left_child=1 -1 3 -2 5 6 -4
right_child=2 -3 4 -5 -6 -7 -8
leaf_value=-0.005441000441325259 0.00091900146370087535 0.005122394207258716 -0.0013382432363687449 -0.0015046977797324127 0.00019592388287729794 -0.0001803311139869455 1.7856611992204508e-06
leaf_weight=26 28 20 275 38 21 23 36
leaf_count=26 28 20 275 38 21 23 36
internal_value=-8.87132e-05 0.000747863 -0.000186107 0.000374251 -0.000296515 -0.000373357 -0.000428159
internal_weight=467 46 421 66 355 334 311
internal_count=467 46 421 66 355 334 311
is_linear=0
shrinkage=0.01


Tree=363
num_leaves=11
num_cat=0
split_feature=20 16 16 65 76 11 86 12 28 4
split_gain=0.660644 0.628625 0.754758 1.18154 0.47325 0.243322 0.194785 0.261129 0.0433828 0.0314669
threshold=1.8142857125000003 0.66522328550000009 0.71469892850000016 60.310001375000006 15.030000075000002 0.56547387500000001 129.80610175000001 0.7000740000000002 2.6285714420000006 0.39283733300000007
decision_type=2 2 2 2 2 2 2 2 2 2
left_child=6 5 3 4 -3 -2 8 -8 -1 -7
right_child=1 2 -4 -5 -6 9 7 -9 -10 -11
leaf_value=-0.0026486375793731993 0.0010294818460744703 0.00042937141324687672 -0.0018244910171556683 0.00019396464404852315 -0.0025315797272433432 -0.0034104188498781341 0.00068390471762464964 -9.6857672944539216e-05 -0.00057983579225917407 -0.0024880625031297927
leaf_weight=202 20 22 23 21 21 58 26 28 20 20
leaf_count=202 20 22 23 21 21 58 26 28 20 20
internal_value=0 0.000460172 0.00107631 0.0016358 0.000605023 -7.08503e-05 -0.000310694 0.00020073 -0.000444345 -0.00034264
internal_weight=461 185 87 64 43 98 276 54 222 78
internal_count=461 185 87 64 43 98 276 54 222 78
is_linear=0
shrinkage=0.01


Tree=364
num_leaves=9
num_cat=0
split_feature=16 14 27 57 10 3 19 13
split_gain=0.549983 0.958384 0.803828 0.201996 0.150764 0.126954 0.21071 0.0362666
threshold=0.66486142900000011 0.69640939300000004 3.5857142975000005 4.4999995230000005 0.48293992850000006 0.31490748550000008 2.2999999605000006 0.76652608500000008
decision_type=2 2 2 2 2 2 2 2
left_child=4 2 -2 5 -1 6 -3 -7
right_child=1 3 -4 -5 -6 7 -8 -9
leaf_value=0.00051056358781659283 -1.8520147144108532e-05 -0.0026289724277055683 0.0020216388532117717 0.00013555997848595214 -0.002726993983964191 -3.3110075439506909e-05 4.0508474876245483e-05 -1.5512250637809145e-05
leaf_weight=21 22 26 33 20 198 86 29 20
leaf_count=21 22 26 33 20 198 86 29 20
internal_value=-3.40063e-05 0.000295608 0.00144265 -4.67548e-05 -0.000398089 -0.000176144 0.000188172 -0.000383895
internal_weight=455 236 55 181 219 161 55 106
internal_count=455 236 55 181 219 161 55 106
is_linear=0
shrinkage=0.01


Tree=365
num_leaves=9
num_cat=0
split_feature=5 50 12 7 50 23 27 55
split_gain=0.477352 0.587632 0.406354 0.881685 0.334655 0.260279 0.150553 0.0445915
threshold=0.52691861950000007 0.99999999650000004 0.67817089300000022 0.48887542850000004 11.000000150000002 1.8571428315000003 4.657142835000001 0.33500003800000006
decision_type=2 2 2 2 2 2 2 2
left_child=1 2 3 -1 6 -6 7 -3
right_child=-2 4 -4 -5 5 -7 -8 -9
leaf_value=-0.00017605755823647937 0.00017900458439215611 -0.00064779487345831862 -7.6925096383693262e-05 0.00064221393336868408 -3.1071691215837313e-06 0.00019955363852815157 0.00053890602229156987 -0.0016484346361130549
leaf_weight=25 26 252 33 25 28 20 20 20
leaf_count=25 26 252 33 25 28 20 20 20
internal_value=7.78112e-06 -6.96084e-05 0.000674224 0.00124016 -0.000258216 0.000491803 -0.000389344 -0.000454546
internal_weight=449 423 83 50 340 48 292 272
internal_count=449 423 83 50 340 48 292 272
is_linear=0
shrinkage=0.01


Tree=366
num_leaves=11
num_cat=0
split_feature=16 16 17 3 4 22 0 29 0 0
split_gain=0.470621 0.586619 0.564516 0.36492 0.868415 0.122912 0.087495 0.0438528 0.0954834 0.0387645
threshold=0.66486142900000011 0.68325592850000005 57.185000000000009 0.31490748550000008 0.32261328600000005 1.6142857115000002 0.08161631250000001 3.0642857040000004 0.092710708500000016 0.30547593750000007
decision_type=2 2 2 2 2 2 2 2 2 2
left_child=7 2 -2 4 6 -5 -3 -1 -9 -7
right_child=1 3 -4 5 -6 9 -8 8 -10 -11
leaf_value=-0.0029998073790730986 1.188947185044198e-05 4.5327839867873029e-06 0.00081936591922167595 2.2442159096124834e-05 0.0031371435522556989 -1.8513369825185389e-05 -0.0009689856528968438 -0.0096605019971843526 0.0018886293428110935 -0.003185975914446899
leaf_weight=178 20 20 24 20 20 110 32 37 20 20
leaf_count=178 20 20 24 20 20 110 32 37 20 20
internal_value=-7.67239e-05 0.000206147 0.00125 0 0.000576923 -0.000285146 -7.57577e-05 -0.000405004 -0.000112457 -0.000405199
internal_weight=501 266 44 222 72 150 52 235 57 130
internal_count=501 266 44 222 72 150 52 235 57 130
is_linear=0
shrinkage=0.01


Tree=367
num_leaves=8
num_cat=0
split_feature=58 58 37 72 28 86 6
split_gain=0.303719 0.551308 0.209642 0.18259 0.168992 0.120872 0.241095
threshold=0.52500009550000015 0.42999982800000008 8.2999999895000016 5.6264285360000006 2.2285714235000005 127.65535695000001 0.46442242850000004
decision_type=2 2 2 2 2 2 2
left_child=1 4 -2 5 -1 -4 -7
right_child=2 -3 3 -5 -6 6 -8
leaf_value=-0.00056378193643819756 -0.00017564727909666653 0.00087463737293985494 -0.00087167168189738803 0.0034632523771563496 0.00030741365210030651 0.0023210924455067256 -0.00058061168705430676
leaf_weight=47 232 21 62 20 27 28 30
leaf_count=47 232 21 62 20 27 28 30
internal_value=-0.00017422 0.000318371 -0.000305794 0 -6.6845e-05 -0.000149007 0.000153061
internal_weight=467 95 372 140 74 120 58
internal_count=467 95 372 140 74 120 58
is_linear=0
shrinkage=0.01


Tree=368
num_leaves=9
num_cat=0
split_feature=5 87 87 14 47 14 74 21
split_gain=0.514125 0.222735 0.468423 0.315599 0.158747 0.147044 0.0691096 0.0710918
threshold=0.52691861950000007 24.482091070000006 26.231004275000004 0.73363311900000017 25.450000005000003 0.74809521400000012 5.1371428050000008 1.6571428865000002
decision_type=2 10 10 2 2 2 2 2
left_child=1 6 3 -3 5 -4 7 -1
right_child=-2 2 4 -5 -6 -7 -8 -9
leaf_value=-0.002047149599759661 0.00014790480340323871 0.0021379293610886796 -0.0023292868612146364 -1.4349884969910458e-05 0.00037237450873127561 0.0004362798660602485 -0.0005892921211123962 0.00021729134178899602
leaf_weight=24 28 27 126 21 30 20 192 20
leaf_count=24 28 27 126 21 30 20 192 20
internal_value=-0.000106383 -0.000190972 2.66903e-05 0.000901639 -0.00020362 -0.000347412 -0.000405406 -1.17081e-10
internal_weight=488 460 224 48 176 146 236 44
internal_count=488 460 224 48 176 146 236 44
is_linear=0
shrinkage=0.01


Tree=369
num_leaves=9
num_cat=0
split_feature=49 40 77 87 16 88 25 50
split_gain=0.827397 0.47171 0.579803 0.382258 0.327681 0.226103 0.122253 0.109964
threshold=0.40000000950000009 11.299999990000002 12.971428670000002 28.123019745000004 0.71635612250000014 21.593363450000002 4.2071428980000007 0.65000000600000007
decision_type=2 2 2 10 2 8 2 2
left_child=7 3 4 5 -3 -2 -7 -1
right_child=1 2 -4 -5 -6 6 -8 -9
leaf_value=-0.00038342448473599759 5.4732958467587587e-06 -0.0026195293612202024 0.0013191702787696896 0.00086685878136416432 1.6536233733803022e-05 -0.00061293354103897368 3.838305675311813e-05 -0.0019361702724417383
leaf_weight=30 21 23 23 20 21 89 22 245
leaf_count=30 21 23 23 20 21 89 22 245
internal_value=-5.05256e-05 0.000402639 0.00109882 7.85339e-05 0.000357143 -0.000105422 -0.000299642 -0.000418782
internal_weight=494 219 67 152 44 132 111 275
internal_count=494 219 67 152 44 132 111 275
is_linear=0
shrinkage=0.01


Tree=370
num_leaves=9
num_cat=0
split_feature=87 88 17 46 10 88 34 6
split_gain=0.696537 0.566462 0.604468 0.941952 0.29282 0.205895 0.804127 0.0358742
threshold=24.482091070000006 26.996233585000002 90.285000000000011 11.400000260000001 0.55742978550000011 21.597050835000005 4.457142847000001 0.41178421450000008
decision_type=10 10 2 2 2 8 2 2
left_child=5 2 4 -4 -2 6 -1 -6
right_child=1 -3 3 -5 7 -7 -8 -9
leaf_value=-0.0071711717617439861 0.0019633462162272765 0.00087695618816800789 0.00056601416130549391 -0.0011812139210989313 0.00011059603963161857 -0.00070783691878188379 0.0045233604416137401 -0.0017799303226976911
leaf_weight=57 31 36 31 31 20 164 20 83
leaf_count=57 31 36 31 31 20 164 20 83
internal_value=8.75896e-05 0.0004811 0.000254065 0.00106688 -0.000111276 -0.000283292 0.000122108 -0.00038054
internal_weight=473 232 196 62 134 241 77 103
internal_count=473 232 196 62 134 241 77 103
is_linear=0
shrinkage=0.01


Tree=371
num_leaves=9
num_cat=0
split_feature=86 5 40 59 35 73 86 11
split_gain=0.619096 0.4432 0.249368 0.208349 0.214847 0.0690388 0.0945943 0.015083
threshold=131.19284590000004 0.42315952350000002 15.949999745000001 35.074998855000011 2.3999999910000005 8.5407144000000006 126.40456780000001 0.66708671450000012
decision_type=2 2 2 2 2 2 2 2
left_child=2 -2 3 4 -1 6 7 -5
right_child=1 -3 -4 5 -6 -7 -8 -9
leaf_value=0.00030988586656359142 -4.6256802853441971e-05 4.9062706711282179e-05 0.00010694886750815223 -3.6713934448655538e-05 -0.0025953459099311415 -0.0025486730129862414 -0.00060869923519227417 0.0028057553733111086
leaf_weight=27 26 31 22 20 22 247 45 20
leaf_count=27 26 31 22 20 22 247 45 20
internal_value=-0.000104167 0.000856401 -0.000246409 -0.000310372 0.000271084 -0.000402644 -0.000122378 0.000196078
internal_weight=460 57 403 381 49 332 85 40
internal_count=460 57 403 381 49 332 85 40
is_linear=0
shrinkage=0.01


Tree=372
num_leaves=9
num_cat=0
split_feature=19 40 73 59 15 15 73 7
split_gain=0.736108 0.434805 0.327642 0.469774 0.856165 0.632362 0.276193 0.141114
threshold=2.2214285645000005 15.599999910000003 8.2657143385000023 35.180000305000007 0.70931792850000008 0.72553692850000007 8.6528572015000016 0.44188500000000003
decision_type=2 2 2 2 2 2 2 2
left_child=-1 2 -2 6 7 -6 -4 -5
right_child=1 -3 3 4 5 -7 -8 -9
leaf_value=-0.0027783459460292907 -0.00076636042245108963 0.00054434353603212264 -1.4156210549444541e-05 0.0038284267672111572 0.0024953347657123521 1.1077676087923463e-05 0.00085447936249584964 -0.0024595827726913242
leaf_weight=127 46 20 24 20 23 64 39 104
leaf_count=127 46 20 24 20 23 64 39 104
internal_value=0.000159256 0.000404929 0.000305486 0.00044032 0.000200661 0.000962414 0.00119906 -0.000320513
internal_weight=467 340 320 274 211 87 63 124
internal_count=467 340 320 274 211 87 63 124
is_linear=0
shrinkage=0.01


Tree=373
num_leaves=9
num_cat=0
split_feature=59 35 5 87 25 87 46 51
split_gain=0.666523 0.62744 0.522699 0.441155 0.423894 0.494917 0.145793 0.0425942
threshold=35.180000305000007 2.4499999920000008 0.5311997140000001 31.142163675000003 4.1857143300000006 25.856076950000006 9.3499999415000019 6.8999999535000009
decision_type=2 2 2 8 2 8 2 2
left_child=1 3 4 -1 6 -6 -2 -8
right_child=2 -3 -4 -5 5 -7 7 -9
leaf_value=0.0008727770572976429 6.6219002923991163e-07 -0.002858964474051472 0.00017029212382036862 0.00043353913637638196 0.0027407403622672784 -0.0021370502858728043 -0.00070300820097420654 -3.8333610068862868e-06
leaf_weight=26 21 35 20 21 21 20 279 21
leaf_count=26 21 35 20 21 21 20 279 21
internal_value=-1.19004e-10 0.000809179 -0.000180251 0.00155858 -0.000272878 0.000657895 -0.000399316 -0.000458777
internal_weight=464 82 382 47 362 41 321 300
internal_count=464 82 382 47 362 41 321 300
is_linear=0
shrinkage=0.01


Tree=374
num_leaves=10
num_cat=1
split_feature=88 89 34 28 2 86 40 1 17
split_gain=0.54641 0.249631 0.83752 0.256514 0.218318 0.13824 0.145712 0.0436387 0.033337
threshold=26.996233585000002 0 4.7499999830000013 2.3571428655000006 0.29531650000000004 73.069060915000009 12.700000025000003 0.16604307150000003 92.25500000000001
decision_type=10 1 2 2 2 2 2 2 2
left_child=1 2 3 8 -2 -3 7 -7 -1
right_child=4 5 -4 -5 -6 6 -8 -9 -10
leaf_value=-0.0040657565996599313 0.00074692142542889123 0.00054700564381059472 0.0037835769474578247 0.001850682261608062 0.00015386808841916927 -2.0171708730540219e-05 4.2891091744733243e-05 -0.00034854821710817628 -0.0014789680736368449
leaf_weight=67 23 37 23 20 20 20 20 211 20
leaf_count=67 23 37 23 20 20 20 20 211 20
internal_value=0 -0.000112226 0.000234375 -0.000106679 0.00106164 -0.000274431 -0.000371327 -0.000446506 -0.00035877
internal_weight=461 418 130 107 43 288 251 231 87
internal_count=461 418 130 107 43 288 251 231 87
cat_boundaries=0 1
cat_threshold=547391618
is_linear=0
shrinkage=0.01


Tree=375
num_leaves=8
num_cat=0
split_feature=15 20 87 17 0 13 0
split_gain=0.524513 0.572278 0.355926 0.173732 0.0442108 0.0354589 0.015083
threshold=0.69239089800000009 1.7999999945000003 26.385584430000005 37.240000000000002 0.28062749300000006 0.75403299200000007 0.13214512500000003
decision_type=2 2 8 2 2 2 2
left_child=4 3 -3 -2 -1 -5 -4
right_child=1 2 6 5 -6 -7 -8
leaf_value=-0.0022565314423975127 0.0037511823944988967 0.00013884920518264315 3.9278408952344976e-05 -0.0001073338444005609 -0.0024356331934841055 -2.9835253365863742e-05 -0.0014144197542515183
leaf_weight=234 28 36 20 80 20 20 20
leaf_count=234 28 36 20 80 20 20 20
internal_value=-0.000146033 0.000224609 0.000911458 -0.000170808 -0.000451334 -0.000376984 0.000196078
internal_weight=458 204 76 128 254 100 40
internal_count=458 204 76 128 254 100 40
is_linear=0
shrinkage=0.01


Tree=376
num_leaves=9
num_cat=0
split_feature=6 12 86 34 46 47 0 2
split_gain=0.486377 0.199432 0.522748 0.200616 0.588161 0.0420122 0.0323472 0.0240534
threshold=0.58188766650000012 0.59872507150000021 101.22713215000002 3.5357142855000006 11.200000170000001 57.350000305000009 0.12911741650000003 0.23339242850000003
decision_type=2 2 2 2 2 2 2 2
left_child=1 2 7 4 -3 -5 -6 -1
right_child=-2 3 -4 5 6 -7 -8 -9
leaf_value=-0.00941012259688335 0.00018076736993385189 0.0021685777399856696 0.00087841062411533671 -0.00066474438066890015 -0.00057436299072161036 -0.00010995281205905984 -0.00037290392415655071 -0.001360691444811717
leaf_weight=35 20 25 24 247 62 21 20 20
leaf_count=35 20 25 24 247 62 21 20 20
internal_value=-0.0001369 -0.000208883 0.000231829 -0.000307344 4.17439e-05 -0.000453869 -0.000350242 -0.000277778
internal_weight=474 454 79 375 107 268 82 55
internal_count=474 454 79 375 107 268 82 55
is_linear=0
shrinkage=0.01


Tree=377
num_leaves=10
num_cat=0
split_feature=16 27 54 15 14 16 40 10 10
split_gain=0.525003 0.779428 0.292366 0.325706 0.282203 0.177981 0.166121 0.0430078 0.0367571
threshold=0.67341846450000009 4.142857202500001 2.2999997140000006 0.7266769525000002 0.68719578600000009 0.73719471450000007 12.250000030000001 0.49315400000000004 0.61324871400000014
decision_type=2 2 2 2 2 2 2 2 2
left_child=6 2 3 -2 -4 -5 7 -1 -6
right_child=1 -3 4 5 8 -7 -8 -9 -10
leaf_value=-0.0049615653641287769 0.0028298788337277432 0.00061790559917763066 2.345617566448957e-05 -5.0275475086522879e-05 -4.061513168066552e-05 4.2254083982804515e-05 0.00042558100332068218 -0.002774526424713878 -0.0002634759615946186
leaf_weight=20 30 28 20 29 20 22 37 190 90
leaf_count=20 30 28 20 29 20 22 37 190 90
internal_value=-2.05435e-06 0.000327356 0.000106232 0.000580684 -0.000175841 4.82624e-05 -0.000328894 -0.000441177 -0.000388087
internal_weight=486 239 211 81 130 51 247 210 110
internal_count=486 239 211 81 130 51 247 210 110
is_linear=0
shrinkage=0.01


Tree=378
num_leaves=8
num_cat=0
split_feature=86 4 7 59 40 6 2
split_gain=0.257795 0.260279 0.198515 0.268718 0.369095 0.0451576 0.0192946
threshold=131.19284590000004 0.38097314300000001 0.40947400000000006 35.159999845000009 11.700000035 0.56427304750000007 0.29808214250000004
decision_type=2 2 2 2 2 2 2
left_child=2 -2 -1 4 6 -5 -4
right_child=1 -3 3 5 -6 -7 -8
leaf_value=0.00034943398200209207 -2.250846360698166e-05 4.603157504554076e-05 -0.0036747971273596077 -0.00064751386153784449 0.00040341576414277164 4.7592253561242955e-06 -9.9778475578014435e-05
leaf_weight=27 28 20 26 284 20 20 20
leaf_count=27 28 20 26 284 20 20 20
internal_value=-0.000180574 0.000491803 -0.000267723 -0.000331715 0.000224551 -0.000459318 -0.000235043
internal_weight=445 48 397 370 66 304 46
internal_count=445 48 397 370 66 304 46
is_linear=0
shrinkage=0.01


Tree=379
num_leaves=7
num_cat=1
split_feature=88 46 28 89 45 71
split_gain=0.587835 0.318372 0.266341 0.135543 0.353155 0.0451096
threshold=26.996233585000002 12.249999960000002 2.0428571615000002 0 15.199999800000002 5.3150000225000005
decision_type=10 2 2 1 2 2
left_child=2 -2 -1 4 -4 -5
right_child=1 -3 3 5 -6 -7
leaf_value=0.00010773457083647478 0.00027777288148025047 0.00084478904490596792 0.0018024848233531942 -0.00034434535520625143 -0.0041983382412620687 -0.00045369578260761798
leaf_weight=37 29 20 38 20 63 281
leaf_count=37 29 20 38 20 63 281
internal_value=-0.0001473 0.000873494 -0.000267167 -0.000345085 0 -0.000444195
internal_weight=488 49 439 402 101 301
internal_count=488 49 439 402 101 301
cat_boundaries=0 1
cat_threshold=35684355
is_linear=0
shrinkage=0.01


Tree=380
num_leaves=8
num_cat=1
split_feature=88 46 12 89 54 88 10
split_gain=0.591342 0.2315 0.328281 0.132456 0.159708 0.316283 0.0446885
threshold=26.996233585000002 10.049999872500001 0.67535481600000014 0 4.7449998855000013 25.921937140000004 0.72129885700000018
decision_type=10 2 2 1 2 8 2
left_child=1 2 -1 4 5 -3 -5
right_child=-2 3 -4 6 -6 -7 -8
leaf_value=4.4288993360088461e-05 0.0001873097430749781 -2.0638753083487976e-05 -2.3530473771151322e-05 -0.0011679994282686435 -0.0050090360349416474 0.0034969695262821944 8.1124803441656742e-05
leaf_weight=20 37 36 20 257 44 20 20
leaf_count=20 37 36 20 257 44 20 20
internal_value=-0.00014292 -0.000254907 0.000441176 -0.000334833 0 0.000352113 -0.000439541
internal_weight=454 417 40 377 100 56 277
internal_count=454 417 40 377 100 56 277
cat_boundaries=0 1
cat_threshold=673451013
is_linear=0
shrinkage=0.01


Tree=381
num_leaves=8
num_cat=0
split_feature=59 78 6 10 50 2 8
split_gain=0.303316 0.526907 0.303311 0.135349 0.15604 0.199105 0.0908624
threshold=35.159999845000009 14.717857290000003 0.56836071450000014 0.48293992850000006 11.000000150000002 0.25827600000000006 0.57582796400000014
decision_type=2 2 2 2 2 2 2
left_child=1 6 3 -2 -5 -6 -1
right_child=2 -3 -4 4 5 -7 -8
leaf_value=6.832094385440274e-05 0.00099319732613648904 0.00045231386299683765 0.00019047905436643823 -0.00044419687759447317 0.0028704268066388635 -4.0009548098378352e-05 -0.0028574699956860441
leaf_weight=20 20 21 20 292 20 27 34
leaf_count=20 20 21 20 292 20 27 34
internal_value=-0.000164908 0.000402375 -0.000283044 -0.000354364 -0.00040465 9.41421e-05 -9.1241e-05
internal_weight=454 75 379 359 339 47 54
internal_count=454 75 379 359 339 47 54
is_linear=0
shrinkage=0.01


Tree=382
num_leaves=7
num_cat=0
split_feature=16 40 33 71 5 25
split_gain=0.410773 0.537026 0.783744 0.413484 0.0432315 0.038503
threshold=0.66486142900000011 8.2000000180000026 3.3428571735000001 6.8178571120000013 0.51256828600000015 4.0999999560000004
decision_type=2 2 2 2 2 2
left_child=4 2 -2 5 -1 -3
right_child=1 3 -4 -5 -6 -7
leaf_value=-0.0025707478568773551 -4.2886442446833479e-05 -2.981209920464462e-05 0.0028229929669011493 0.00014029236585434216 -0.0018274658784814513 -9.9524897231593067e-06
leaf_weight=197 30 107 29 37 20 20
leaf_count=197 30 107 29 37 20 20
internal_value=-0.000131579 0.000163092 0.000978261 -0.000121359 -0.000443067 -0.000402974
internal_weight=440 223 59 164 217 127
internal_count=440 223 59 164 217 127
is_linear=0
shrinkage=0.01


Tree=383
num_leaves=9
num_cat=0
split_feature=88 33 49 10 7 23 28 1
split_gain=0.505412 0.333176 0.170881 0.265354 0.230949 0.122912 0.117255 0.0387645
threshold=26.996233585000002 3.5285714865000002 0.35000000900000006 0.5605582145000001 0.61525114250000013 1.6142857030000004 2.0142857265000003 0.18920292850000001
decision_type=10 2 2 2 2 2 2 2
left_child=2 -2 6 -4 5 -5 -1 -7
right_child=1 -3 3 4 -6 7 -8 -9
leaf_value=4.7181196039182298e-05 -0.00047210342977620494 0.0012172546287209584 0.0025557991388413205 0.00021550722937833166 9.9931189705663073e-05 0.00011188584285920122 -0.003159556834962678 -4.3027612820941284e-05
leaf_weight=27 30 20 26 20 21 20 192 110
leaf_count=27 30 20 26 20 21 20 192 110
internal_value=-8.78322e-05 0.000846457 -0.000206334 0 -0.000136787 -0.000285146 -0.000398089 -0.000405199
internal_weight=466 50 416 197 171 150 219 130
internal_count=466 50 416 197 171 150 219 130
is_linear=0
shrinkage=0.01


Tree=384
num_leaves=9
num_cat=1
split_feature=89 70 11 25 16 87 41 59
split_gain=0.325707 0.39364 0.495204 0.330187 0.361934 0.206823 0.283044 0.147566
threshold=0 7.6992856095000013 0.66708671450000012 4.1499999930000007 0.61853421400000008 26.000940735000004 3.6000000535000001 34.825000765000006
decision_type=1 2 2 2 2 10 2 2
left_child=1 5 -3 7 -5 -1 -7 -2
right_child=3 2 -4 4 -6 6 -8 -9
leaf_value=-2.2526441430179198e-05 6.1532169370234912e-05 0.00017897092887834032 0.0029185303768492973 -0.0082582201390437836 0.0019775742783107969 -0.0022474482846652657 0.0035443779137436433 -0.00051024091163966265
leaf_weight=52 22 20 21 23 27 31 20 239
leaf_count=52 22 20 21 23 27 31 20 239
internal_value=-7.78852e-05 0.000297158 0.00113636 -0.000259478 0.000452756 0 0.000434363 -0.000414439
internal_weight=455 144 41 311 50 103 51 261
internal_count=455 144 41 311 50 103 51 261
cat_boundaries=0 1
cat_threshold=539263060
is_linear=0
shrinkage=0.01


Tree=385
num_leaves=9
num_cat=0
split_feature=16 13 18 62 44 87 40 32
split_gain=0.519842 0.560189 0.72566 0.585231 0.214409 0.212262 0.162413 0.0432004
threshold=0.67720392850000011 0.68480663750000015 0.92857142450000019 2.4949998855000004 3.4000000435000004 26.397590145000006 12.250000030000001 5.2642857005000012
decision_type=2 2 2 2 2 8 2 2
left_child=6 2 -2 4 5 -3 7 -1
right_child=1 3 -4 -5 -6 -7 -8 -9
leaf_value=-1.0748000162920241e-05 -0.0013538200070940646 0.002073805064610855 0.00078659188335528649 0.00013564968304914538 -6.1660967411164037e-05 -0.00037584365231389138 0.0004603140330680113 -0.0038526648746865125
leaf_weight=20 20 25 21 23 88 36 38 196
leaf_count=20 20 25 21 23 88 36 38 196
internal_value=-2.45833e-05 0.000334425 0.0013756 6.94443e-05 -0.0001502 0.000283171 -0.000333595 -0.000442805
internal_weight=467 213 41 172 149 61 254 216
internal_count=467 213 41 172 149 61 254 216
is_linear=0
shrinkage=0.01


Tree=386
num_leaves=8
num_cat=0
split_feature=10 39 10 11 31 17 24
split_gain=0.278514 0.2529 0.125334 0.221153 0.14059 0.0410003 0.0386787
threshold=0.51216585700000017 0.55000000800000015 0.6531102860000001 0.67470092850000019 4.3499999895000014 133.20000000000002 2.4357142790000004
decision_type=2 2 2 2 2 2 2
left_child=-1 -2 5 -4 6 -3 -5
right_child=1 2 3 4 -6 -7 -8
leaf_value=0.0040797731402906334 0.00092104269327470301 -0.00060779958665541024 0.00053081853644558431 -3.5603752022815261e-05 0.00074745780703495577 -0.00043880466308022679 -0.0013349273100858377
leaf_weight=30 21 205 33 109 36 21 20
leaf_count=30 21 205 33 109 36 21 20
internal_value=-0.00015868 -0.000225438 -0.000282486 -8.55132e-05 -0.00024427 -0.000445326 -0.000404469
internal_weight=475 445 424 198 165 226 129
internal_count=475 445 424 198 165 226 129
is_linear=0
shrinkage=0.01


Tree=387
num_leaves=7
num_cat=0
split_feature=39 87 16 51 25 1
split_gain=0.32206 0.22167 0.230445 0.708921 0.120361 0.0360075
threshold=0.65000000600000007 24.482091070000006 0.67720392850000011 3.7000000850000005 4.0428571190000016 0.18086821400000003
decision_type=2 10 2 2 2 2
left_child=-1 -2 5 -4 -5 -3
right_child=1 2 3 4 -6 -7
leaf_value=0.00047459018869499728 -0.00071249789299052254 -0.0019889713736296623 0.0026710822869004938 0.00038955596654525419 -3.7239028848136411e-05 -0.0015451435633169147
leaf_weight=29 229 20 34 20 61 84
leaf_count=29 229 20 34 20 61 84
internal_value=-0.000201967 -0.000271836 -3.4122e-05 0.000263385 -0.000226161 -0.00038168
internal_weight=477 448 219 115 81 104
internal_count=477 448 219 115 81 104
is_linear=0
shrinkage=0.01


Tree=388
num_leaves=7
num_cat=0
split_feature=46 59 7 13 25 28
split_gain=0.248578 0.278665 0.283044 0.17724 0.0844614 0.0452047
threshold=9.3499999415000019 35.074998855000011 0.49911471400000001 0.75877877500000013 4.1857143300000006 2.6857142875000002
decision_type=2 2 2 2 2 2
left_child=-1 2 -2 4 5 -3
right_child=1 3 -4 -5 -6 -7
leaf_value=2.7761973528294197e-05 0.00070733929988869577 -0.00053201906311225653 -7.793465893715796e-05 5.2881717417687625e-05 0.00062932793285728236 -0.00034571179508034901
leaf_weight=20 20 287 31 34 36 20
leaf_count=20 20 287 31 34 36 20
internal_value=-0.00018271 -0.000237873 0.000434363 -0.000334833 -0.000405759 -0.000459714
internal_weight=448 428 51 377 343 307
internal_count=448 428 51 377 343 307
is_linear=0
shrinkage=0.01


Tree=389
num_leaves=8
num_cat=0
split_feature=20 16 13 38 38 39 39
split_gain=0.432265 0.275312 0.702915 0.196397 0.519173 0.250923 0.0893536
threshold=1.9571428555000001 0.61853421400000008 0.61424050850000012 6.2500000785000003 5.7000001370000009 14.099999935000001 15.500000195000002
decision_type=2 2 2 2 2 2 2
left_child=1 -1 -3 4 5 -4 -5
right_child=-2 2 3 6 -6 -7 -8
leaf_value=-0.0043048966994101937 0.00028643362324096074 0.004895527640230578 -0.0014332509879057505 -8.6444700370820287e-05 0.00083175148630009171 1.4704416794743477e-05 0.0014205406348057037
leaf_weight=140 29 20 83 109 23 20 31
leaf_count=140 29 20 83 109 23 20 31
internal_value=-3.40063e-05 -0.000119494 5.23011e-05 -7.87108e-05 0.000197161 -9.15223e-05 -0.000340909
internal_weight=455 426 286 266 126 103 140
internal_count=455 426 286 266 126 103 140
is_linear=0
shrinkage=0.01


Tree=390
num_leaves=10
num_cat=0
split_feature=40 13 2 14 24 17 24 27 40
split_gain=0.404855 0.245304 0.63577 0.193913 0.311982 0.123777 0.199105 0.0386493 0.0446694
threshold=15.949999745000001 0.60304662500000006 0.22078535700000004 0.75020021450000007 2.2285714535000003 130.56500000000003 2.2285714190000001 3.4499999885000006 13.899999820000001
decision_type=2 2 2 2 2 2 2 2 2
left_child=1 2 -1 5 -5 7 -7 -3 -9
right_child=-2 3 -4 4 -6 6 -8 8 -10
leaf_value=-0.0081724301217179426 0.00045211142321673005 -5.2258145473183323e-06 0.0048465723638282648 0.0038550410290441209 -0.00022981794390323712 -0.0041480129006931247 0.00016927747854053959 -0.00042032655217005734 -0.0036578730150371537
leaf_weight=29 22 20 20 22 24 27 20 256 20
leaf_count=29 22 20 20 22 24 27 20 256 20
internal_value=-0.000104167 -0.000175479 0.000471887 -0.000262955 0.000320513 -0.000347586 9.41421e-05 -0.000424528 -0.000455202
internal_weight=460 438 49 389 46 343 47 296 276
internal_count=460 438 49 389 46 343 47 296 276
is_linear=0
shrinkage=0.01


Tree=391
num_leaves=10
num_cat=1
split_feature=89 40 16 16 57 13 0 0 0
split_gain=0.501433 0.478803 0.50809 0.295648 0.361268 0.215905 0.0441188 0.0319177 0.0166011
threshold=0 10.399999870000002 0.66522328550000009 0.69948014300000005 3.0900001525000005 0.70047764150000014 0.28231254200000006 0.100386875 0.22999441650000002
decision_type=1 2 2 2 2 2 2 2 2
left_child=1 8 -3 6 5 -5 -2 -7 -1
right_child=3 2 -4 4 -6 7 -8 -9 -10
leaf_value=-0.0015127861472682602 -0.0022459138535206894 4.8926974207637933e-05 4.9724287562893874e-05 1.4936547565903512e-05 0.00018237902964515551 0.00028345311271116725 -0.0013922373198524355 -8.4399938776496443e-05 -6.7789222147508028e-05
leaf_weight=22 230 29 30 22 20 20 20 60 20
leaf_count=22 230 29 30 22 20 20 20 60 20
internal_value=-7.28157e-05 0.000514311 0.00114548 -0.000245559 0.000138436 -8.75488e-05 -0.000450558 -0.000346535 -0.00021028
internal_weight=473 101 59 372 122 102 250 80 42
internal_count=473 101 59 372 122 102 250 80 42
cat_boundaries=0 1
cat_threshold=144967716
is_linear=0
shrinkage=0.01


Tree=392
num_leaves=9
num_cat=0
split_feature=34 74 46 46 74 7 9 46
split_gain=0.6253 0.866353 0.283361 0.538798 0.227793 0.136292 0.161914 0.0960028
threshold=4.7499999830000013 5.2007142730000009 10.999999955000002 10.700000170000001 5.7857143210000013 0.42114135700000005 0.7073699750000001 9.899999719000002
decision_type=2 2 2 2 2 2 2 2
left_child=2 -2 3 7 -3 -4 -7 -1
right_child=1 4 5 -5 -6 6 -8 -9
leaf_value=2.773409151504341e-06 0.00084695747325525428 -6.6380216986235903e-05 0.00053992246550788601 4.8375910110813247e-05 0.00061719411638102629 -0.0014300704732487087 1.2231988241998534e-05 -0.00066533704634238881
leaf_weight=21 29 37 20 22 20 242 20 42
leaf_count=21 29 37 20 22 20 242 20 42
internal_value=-9.91638e-06 0.000748848 -0.000194399 0.000297203 0 -0.000350071 -0.000414764 -0.000148903
internal_weight=453 86 367 85 57 282 262 63
internal_count=453 86 367 85 57 282 262 63
is_linear=0
shrinkage=0.01


Tree=393
num_leaves=8
num_cat=0
split_feature=16 15 9 86 16 5 17
split_gain=0.376948 0.647278 0.631933 0.258009 0.119982 0.043499 0.0397015
threshold=0.66522328550000009 0.69952145250000008 0.6023158500000001 75.012119650000002 0.75301769650000006 0.50691700000000017 126.81500000000001
decision_type=2 2 2 2 2 2 2
left_child=5 2 -2 -3 6 -1 -5
right_child=1 3 -4 4 -6 -7 -8
leaf_value=-0.0022650324602262774 1.9545440785422376e-06 0.0025409301508734078 0.00040772337950250849 -2.8763334548624777e-05 0.0040066282286607613 -0.0016468164016630216 -4.2027543725700683e-06
leaf_weight=206 32 20 24 122 21 20 20
leaf_count=206 32 20 24 122 21 20 20
internal_value=-0.000151353 0.000118849 0.00105634 -0.000160501 -0.000302198 -0.000445326 -0.000413165
internal_weight=465 239 56 183 163 226 142
internal_count=465 239 56 183 163 226 142
is_linear=0
shrinkage=0.01


Tree=394
num_leaves=9
num_cat=0
split_feature=40 64 24 57 32 17 7 86
split_gain=0.44115 0.486377 0.236315 0.762944 0.208648 0.373995 0.149716 0.0444286
threshold=16.000000250000003 20.624999525000003 2.2642857260000002 2.4099998475000004 5.6000000750000014 57.185000000000009 0.40947400000000006 132.61461630000005
decision_type=2 2 2 2 2 2 2 2
left_child=1 -1 6 -4 5 -5 -3 -8
right_child=-2 2 3 4 -6 -7 7 -9
leaf_value=4.596352575700749e-05 0.00053373244303449308 0.00053563718377949818 0.0021076990319639994 -0.0023034819980212043 -0.0020023708873797555 0.00056868332234570498 -0.00023480048884072499 -0.00041533983292007241
leaf_weight=20 20 20 27 26 97 20 244 20
leaf_count=20 20 20 27 26 97 20 244 20
internal_value=-7.07358e-05 -0.0001369 -0.000208883 7.61123e-05 -0.000205146 0.000320513 -0.000386236 -0.000453172
internal_weight=494 474 454 170 143 46 284 264
internal_count=494 474 454 170 143 46 284 264
is_linear=0
shrinkage=0.01


Tree=395
num_leaves=8
num_cat=0
split_feature=16 16 10 15 12 17 10
split_gain=0.425449 0.675232 0.39016 0.415949 0.173639 0.143975 0.179847
threshold=0.66486142900000011 0.67892635700000004 0.71924578600000011 0.69655156050000011 0.57757257100000003 37.240000000000002 0.64824292850000009
decision_type=2 2 2 2 2 2 2
left_child=4 -2 3 -3 -1 6 -5
right_child=1 2 -4 5 -6 -7 -8
leaf_value=0.00041490995913044372 0.00082456311744516205 1.8530983028320163e-05 0.00016430511550077713 -0.0001160472133776411 -0.0024621104102341557 -5.1387986579372676e-05 0.0040996698142812156
leaf_weight=39 32 34 20 22 182 124 20
leaf_count=39 32 34 20 22 182 124 20
internal_value=-3.06037e-05 0.000245253 3.62318e-05 -8.96416e-05 -0.000353923 -0.000305756 0.000163551
internal_weight=473 252 220 200 221 166 42
internal_count=473 252 220 200 221 166 42
is_linear=0
shrinkage=0.01


Tree=396
num_leaves=8
num_cat=0
split_feature=16 15 21 12 28 32 16
split_gain=0.321644 0.395308 0.589699 0.193003 0.124006 0.0434703 0.0390144
threshold=0.66486142900000011 0.69390057150000006 1.7857142730000002 0.74631739300000011 2.5999999810000003 6.4142857620000013 0.6921907140000001
decision_type=2 2 2 2 2 2 2
left_child=5 2 -2 4 6 -1 -3
right_child=1 3 -4 -5 -6 -7 -8
leaf_value=-0.0025357082701066621 0.00090926123725004553 -4.1853085465663049e-06 -0.0017225777967100292 0.00043872150095278283 0.0029543153695244313 -0.006490677206317963 -2.8978562262611469e-05
leaf_weight=205 22 20 27 38 20 20 113
leaf_count=205 22 20 27 38 20 20 113
internal_value=-0.000172821 7.47507e-05 0.000873494 -0.000122524 -0.000289337 -0.000445084 -0.000407324
internal_weight=465 240 49 191 153 225 133
internal_count=465 240 49 191 153 225 133
is_linear=0
shrinkage=0.01


Tree=397
num_leaves=8
num_cat=0
split_feature=12 86 43 24 38 0 3
split_gain=0.457778 0.833675 0.19109 0.30973 0.119817 0.0244948 0.0204918
threshold=0.59872507150000021 101.22713215000002 0.84999999400000015 2.2642857260000002 1.0000000180025095e-35 0.11553377800000002 0.25507714300000001
decision_type=2 2 2 2 2 2 2
left_child=1 6 4 5 -2 -4 -1
right_child=2 -3 3 -5 -6 -7 -8
leaf_value=-0.017214477428483043 0.00011459837604630721 0.0024162445272498771 -0.00033078292404336451 0.0021157134095326543 -0.00010216650736868806 -4.3526098726756875e-05 -0.00096996306088036109
leaf_weight=28 28 28 36 24 286 20 20
leaf_count=28 28 28 36 24 286 20 20
internal_value=-0.000176296 0.000520833 -0.000316616 9.90098e-05 -0.000428844 -0.00028169 -0.000245902
internal_weight=470 76 394 80 314 56 48
internal_count=470 76 394 80 314 56 48
is_linear=0
shrinkage=0.01


Tree=398
num_leaves=8
num_cat=0
split_feature=58 58 11 40 44 15 1
split_gain=0.346138 0.556652 0.160294 0.139781 0.0556895 0.0908624 0.0272148
threshold=0.52500009550000015 0.35500001900000006 0.62672564300000011 15.949999745000001 6.3000001610000007 0.72474414300000012 0.26014710700000004
decision_type=2 2 2 2 2 2 2
left_child=1 6 -3 4 -2 -6 -1
right_child=3 2 -4 -5 5 -7 -8
leaf_value=-0.00084991476395002825 -0.00010253860937554692 0.00066134882890948529 0.0008781718834647784 0.00048248207032815764 -0.00040725457443870273 0.0002045806220211993 -0.000295684937387443
leaf_weight=20 302 20 20 21 34 20 43
leaf_count=20 302 20 20 21 34 20 43
internal_value=-0.000245424 0.000255299 0.00117647 -0.000387771 -0.00043722 -9.1241e-05 -0.000305643
internal_weight=480 103 40 377 356 54 63
internal_count=480 103 40 377 356 54 63
is_linear=0
shrinkage=0.01


Tree=399
num_leaves=8
num_cat=0
split_feature=62 12 29 21 48 44 6
split_gain=0.265737 0.293438 0.249527 0.247417 0.222794 0.0823935 0.155349
threshold=2.7750000955000007 0.60159216650000014 3.0642857040000004 1.8285714390000003 21.649999845000004 4.5000000785000003 0.46442242850000004
decision_type=2 2 2 2 2 2 2
left_child=1 3 4 -1 5 -3 -7
right_child=-2 2 -4 -5 -6 6 -8
leaf_value=0.00087514109144731789 -0.0040744979944963905 -2.3099560835239476e-05 0.0019828413439730765 -0.00057789602278120091 1.9117472249576945e-05 5.6862406198626898e-05 -0.00025821233498576446
leaf_weight=24 143 123 30 21 23 45 51
leaf_count=24 143 123 30 21 23 45 51
internal_value=-0.000125868 2.98929e-05 -8.79767e-05 0.000775109 -0.000201812 -0.000307097 -6.19836e-05
internal_weight=460 317 272 45 242 219 96
internal_count=460 317 272 45 242 219 96
is_linear=0
shrinkage=0.01


Tree=400
num_leaves=8
num_cat=0
split_feature=20 11 3 16 4 4 4
split_gain=0.297233 0.296519 0.507214 0.115874 0.179584 0.818876 0.146342
threshold=1.9571428555000001 0.5549890715000001 0.27177692900000006 0.67720392850000011 0.33806902850000004 0.32095100000000004 0.42032628550000006
decision_type=2 2 2 2 2 2 2
left_child=1 2 -1 -3 5 -5 -6
right_child=-2 3 -4 4 6 -7 -8
leaf_value=-0.0064025979862753933 0.00031882678248282281 -0.0035014716534432257 0.004467069950817055 -0.00021098718826785973 -2.8906439626118418e-05 0.0026459443531667045 9.8321116636360946e-06
leaf_weight=24 28 181 22 52 123 26 20
leaf_count=24 28 181 22 52 123 26 20
internal_value=-0.000138423 -0.000204991 0.000534188 -0.000295432 -0.000128494 0.000241117 -0.000344228
internal_weight=476 448 46 402 221 78 143
internal_count=476 448 46 402 221 78 143
is_linear=0
shrinkage=0.01


Tree=401
num_leaves=8
num_cat=0
split_feature=8 7 44 31 13 51 0
split_gain=0.406113 0.286608 0.141863 0.192341 0.0402093 0.0429695 0.0226349
threshold=0.47972328600000008 0.6521389285000001 6.3000001610000007 3.9857142480000003 0.59847855000000016 7.249999948000001 0.25836732650000005
decision_type=2 2 2 2 2 2 2
left_child=-1 2 4 6 -2 -6 -4
right_child=1 -3 3 -5 5 -7 -8
leaf_value=0.001110735707376182 -0.014308449002098735 8.870929538085975e-06 -6.9101653650311538e-06 0.00059106266388770203 -0.00019197111710370497 -0.0002633025629130999 -0.00044308079885987354
leaf_weight=37 20 21 20 20 304 21 32
leaf_count=37 20 21 20 20 304 21 32
internal_value=-0.000200715 -0.000289426 -0.000350646 2.74724e-05 -0.000435223 -0.00046194 -0.000265152
internal_weight=475 438 417 72 345 325 52
internal_count=475 438 417 72 345 325 52
is_linear=0
shrinkage=0.01


Tree=402
num_leaves=9
num_cat=0
split_feature=20 16 49 49 88 54 15 1
split_gain=0.521046 0.496774 0.599002 0.297252 0.268634 0.109411 0.0443864 0.0302359
threshold=1.8285714135000002 0.67720392850000011 0.75000000750000007 0.40000000950000009 27.435329450000001 1.5850005150000002 0.75870050000000011 0.27779023800000008
decision_type=2 2 2 2 10 2 2 2
left_child=4 3 -3 7 5 -1 -7 -2
right_child=1 2 -4 -5 -6 6 -8 -9
leaf_value=0.0017800059350146686 -0.0025890467661813937 0.00060033236300601703 -1.0739675129871789e-05 0.0011153287101609145 5.7932220641987415e-05 -0.0003582810178171725 0.00014491312179513438 -0.0013024521816976079
leaf_weight=27 53 29 22 27 23 242 20 20
leaf_count=27 53 29 22 27 23 242 20 20
internal_value=-6.36051e-05 0.000411726 0.00120656 0 -0.000300512 -0.000388199 -0.000452816 -0.000331978
internal_weight=463 151 51 100 312 289 262 73
internal_count=463 151 51 100 312 289 262 73
is_linear=0
shrinkage=0.01


Tree=403
num_leaves=9
num_cat=1
split_feature=89 60 86 88 86 14 26 0
split_gain=0.527534 0.487177 0.555213 0.135829 0.0576173 0.0778705 0.0450275 0.0221279
threshold=0 28.800001145000007 95.700869215000012 27.836040485000002 73.069060915000009 0.71322011400000007 4.2071428640000006 0.23388037500000003
decision_type=1 2 2 10 2 2 2 2
left_child=1 7 -3 4 5 -2 -6 -1
right_child=3 2 -4 -5 6 -7 -8 -9
leaf_value=-3.6928585787511491e-05 -0.0077703746010462354 -9.8220558536740016e-05 0.00071786260038856644 0.00088789090296660937 -0.00039735403087292346 0.0024349388262051735 -0.0014807819374319817 -2.7124143425944153e-06
leaf_weight=31 27 26 38 20 276 20 20 20
leaf_count=31 27 26 38 20 276 20 20 20
internal_value=-0.000160819 0.000401431 0.00101852 -0.000346442 -0.000405759 -3.13809e-05 -0.000458221 -0.000260618
internal_weight=478 115 64 363 343 47 296 51
internal_count=478 115 64 363 343 47 296 51
cat_boundaries=0 1
cat_threshold=136610952
is_linear=0
shrinkage=0.01


Tree=404
num_leaves=8
num_cat=0
split_feature=8 41 49 10 11 30 0
split_gain=0.504688 0.823359 0.263231 0.192132 0.613157 0.341225 0.0329546
threshold=0.48260336750000005 3.8499999945000005 0.40000000950000009 0.64599050000000013 0.67470092850000019 5.5714285880000007 0.26304451400000006
decision_type=2 2 2 2 2 2 2
left_child=1 -1 -2 6 -5 -6 -4
right_child=2 -3 3 4 5 -7 -8
leaf_value=-0.0076660507829661231 -0.0016360678128988699 0.0048026767851470521 -0.0015674534048556511 0.0014234207126918605 -1.9184491198214876e-05 0.0015782871333891388 4.2924655532499137e-05
leaf_weight=22 238 20 65 20 66 28 20
leaf_count=22 238 20 65 20 66 28 20
internal_value=-0.000161526 0.000864486 -0.000266103 0 0.000270035 -5.27427e-05 -0.000355478
internal_weight=479 42 437 199 114 94 85
internal_count=479 42 437 199 114 94 85
is_linear=0
shrinkage=0.01


Tree=405
num_leaves=8
num_cat=0
split_feature=58 40 33 5 25 5 10
split_gain=0.472671 0.530699 0.513996 0.301668 0.223986 0.0782742 0.0452508
threshold=0.52500009550000015 15.949999745000001 3.9999999830000004 0.42560378550000005 4.1857143300000006 0.40449144400000003 0.51740052350000021
decision_type=2 2 2 2 2 2 2
left_child=2 4 5 -4 6 -1 -2
right_child=1 -3 3 -5 -6 -7 -8
leaf_value=-5.3566000579597332e-05 -0.0091580379016541046 0.00043327848482710679 0.00053715632444404325 0.00093646297545282213 0.0011940245818712161 -0.0018708663339755023 -0.00033232292615485135
leaf_weight=22 20 22 21 21 31 33 290
leaf_count=22 20 22 21 21 31 33 290
internal_value=-0.000104167 -0.000273502 0.000506135 0.00133178 -0.000375951 -9.85664e-05 -0.000460103
internal_weight=460 363 97 42 341 55 310
internal_count=460 363 97 42 341 55 310
is_linear=0
shrinkage=0.01


Tree=406
num_leaves=7
num_cat=0
split_feature=58 58 40 78 83 17
split_gain=0.399127 0.667481 0.127144 0.161639 0.196767 0.101578
threshold=0.52500009550000015 0.35500001900000006 15.949999745000001 12.918571200000002 21.412857260000006 40.225000000000009
decision_type=2 2 2 2 2 2
left_child=1 5 3 4 -2 -1
right_child=2 -3 -4 -5 -6 -7
leaf_value=1.9675103831073084e-06 -2.979828524312419e-05 0.00078343608353366445 6.913054306382977e-05 -0.00031394252693625266 0.0024476491525625105 -0.0023191136924547197
leaf_weight=21 40 33 20 276 35 47
leaf_count=21 40 33 20 276 35 47
internal_value=-0.000177665 0.000368369 -0.000332168 -0.000379477 6.59619e-06 -0.000174419
internal_weight=472 101 371 351 75 68
internal_count=472 101 371 351 75 68
is_linear=0
shrinkage=0.01


Tree=407
num_leaves=10
num_cat=0
split_feature=34 85 6 49 67 17 28 51 4
split_gain=0.54549 0.743437 0.215847 0.15493 0.188283 0.254553 0.150662 0.128611 0.0639114
threshold=4.7499999830000013 18.039285730000003 0.4705305385000001 0.40000000950000009 46.390000820000004 35.515000000000008 1.9999999915000002 4.1000000425000005 0.37732353600000007
decision_type=2 2 2 2 2 2 2 2 2
left_child=3 -2 -3 6 7 -6 -1 -5 -7
right_child=1 2 -4 4 5 8 -8 -9 -10
leaf_value=2.9679741402984509e-05 0.0039346357889359015 0.0002677745887777616 -2.5301106524013291e-05 0.00013426732783063306 0.0066659933383375882 -0.00044654869908084482 -0.0042237571662496346 -5.8040312945639543e-05 6.7235794552764907e-05
leaf_weight=21 20 31 33 20 20 21 197 74 20
leaf_count=21 20 31 33 20 20 21 197 74 20
internal_value=-5.78857e-05 0.000660377 9.25925e-05 -0.000226057 3.20912e-06 0.000444984 -0.000397624 -0.000263713 0
internal_weight=457 84 64 373 155 61 218 94 41
internal_count=457 84 64 373 155 61 218 94 41
is_linear=0
shrinkage=0.01


Tree=408
num_leaves=8
num_cat=0
split_feature=40 59 33 34 34 15 17
split_gain=0.511697 0.220821 0.578503 0.151972 0.141578 0.201986 0.0448186
threshold=15.749999955000002 35.074998855000011 3.9999999830000004 3.4928571325000006 3.3357142890000007 0.7266769525000002 9.0250000000000004
decision_type=2 2 2 2 2 2 2
left_child=1 2 -1 4 -3 -6 -5
right_child=-2 3 -4 6 5 -7 -8
leaf_value=-0.0010766065408548643 0.00043157187609784152 -3.0337598920089729e-05 0.0035349611411501108 0.00050812667833355807 0.0018793778159368977 -0.0002572788698412066 -0.0011649510237046962
leaf_weight=37 20 42 23 20 25 34 264
leaf_count=37 20 42 23 20 25 34 264
internal_value=-0.000172821 -0.000247869 0.000296053 -0.000338258 0 0.000309364 -0.000456461
internal_weight=465 445 60 385 101 59 284
internal_count=465 445 60 385 101 59 284
is_linear=0
shrinkage=0.01


Tree=409
num_leaves=9
num_cat=1
split_feature=50 4 7 89 11 88 3 3
split_gain=0.489885 0.465055 0.778632 0.121552 0.242731 0.0397092 0.0304949 0.0180012
threshold=0.99999999650000004 0.37817383350000006 0.48994885700000007 0 0.68832085700000012 27.750884020000004 0.27718142900000003 0.37686164300000008
decision_type=2 2 2 1 2 10 2 2
left_child=1 2 -1 4 6 -5 -2 -3
right_child=3 7 -4 5 -6 -7 -8 -9
leaf_value=-0.00060083266908980747 -0.0053495738650736783 2.1072288466588569e-05 0.00068129664097120088 -0.00045493926918548951 2.0673799114873381e-05 -7.7087236049626835e-06 -0.0016001754854521205 -0.001131951105742647
leaf_weight=24 20 20 22 256 31 22 54 24
leaf_count=24 20 20 22 256 31 22 54 24
internal_value=-0.000178345 0.000473568 0.00117521 -0.000337415 -4.3179e-06 -0.000439751 -0.000334225 -0.000223214
internal_weight=473 90 46 383 105 278 74 44
internal_count=473 90 46 383 105 278 74 44
cat_boundaries=0 1
cat_threshold=2359307
is_linear=0
shrinkage=0.01


Tree=410
num_leaves=10
num_cat=0
split_feature=50 4 7 54 68 87 37 20 0
split_gain=0.415271 0.538429 0.370071 0.236369 0.379878 0.357807 0.125719 0.0932906 0.0173151
threshold=0.99999999650000004 0.37732353600000007 0.48580900000000005 2.7049999235000004 43.380000115000009 23.730479810000002 9.8000000640000007 1.9571428555000001 0.30868768750000003
decision_type=2 2 2 2 2 10 2 2 2
left_child=1 2 -1 4 6 -6 -2 -5 -3
right_child=3 8 -4 7 5 -7 -8 -9 -10
leaf_value=0.00043130036996790312 -3.2368330890649908e-05 4.3070374020475757e-05 0.00084148815573282468 -0.0025405193038993356 -0.0028836731631934715 0.00053737866604668257 0.0032824854925982637 0.00013927928221287098 -0.00094641752222029984
leaf_weight=22 69 20 20 221 21 20 20 35 23
leaf_count=22 69 20 20 221 21 20 20 35 23
internal_value=-9.22002e-05 0.000530303 0.00133178 -0.000235264 9.93883e-05 0.000897129 -0.000250557 -0.000412773 -0.000216895
internal_weight=471 85 42 386 130 41 89 256 43
internal_count=471 85 42 386 130 41 89 256 43
is_linear=0
shrinkage=0.01


Tree=411
num_leaves=8
num_cat=0
split_feature=12 88 8 40 59 20 16
split_gain=0.248402 0.252157 0.228335 0.127505 0.231928 0.0879254 0.0423555
threshold=0.74559385700000014 26.399380485000005 0.48260336750000005 12.050000020000001 40.065000535000003 1.6214285620000004 0.73759514250000013
decision_type=2 8 2 2 2 2 2
left_child=2 -2 -1 5 -5 -4 -7
right_child=1 -3 3 4 -6 6 -8
leaf_value=0.003213736460188743 0.0024055391324240942 -0.00017675955002563511 -1.2557095080139907e-06 0.00037028670036207356 -2.832834712096199e-05 -0.00036687017618741751 -0.00013796736432413655
leaf_weight=39 20 27 34 31 38 265 21
leaf_count=39 20 27 34 31 38 265 21
internal_value=-0.00015868 0.000512552 -0.000237873 -0.000314264 5.01431e-05 -0.000399003 -0.000456764
internal_weight=475 47 428 389 69 320 286
internal_count=475 47 428 389 69 320 286
is_linear=0
shrinkage=0.01


Tree=412
num_leaves=10
num_cat=0
split_feature=88 44 22 0 25 8 86 59 0
split_gain=0.77898 0.349964 0.329192 0.790765 0.146769 0.356137 0.105772 0.0414019 0.0304949
threshold=30.333100280000004 5.2000001075000002 1.7142857270000003 0.26150170150000007 4.0999999560000004 0.54812885700000014 129.80610175000001 33.730000020000006 0.13022432650000001
decision_type=10 2 2 2 2 2 2 2 2
left_child=1 4 6 -4 7 -6 -3 -1 -7
right_child=-2 2 3 -5 5 8 -8 -9 -10
leaf_value=-0.0048921877841575411 0.0004444352921805988 -0.00036320134230347941 0.00097551617110280353 -0.0013032153727314004 0.0026671321573061148 -0.00012522836111975816 2.5917900750835679e-06 -0.0010835297958710522 -5.0106930553104961e-05
leaf_weight=21 20 45 32 25 24 54 20 220 20
leaf_count=21 20 45 32 25 24 54 20 220 20
internal_value=-5.91533e-05 -0.000148333 0.000301303 0.000856401 -0.000316363 0 -0.000159575 -0.000448718 -0.000334225
internal_weight=481 461 122 57 339 98 65 241 74
internal_count=481 461 122 57 339 98 65 241 74
is_linear=0
shrinkage=0.01


Tree=413
num_leaves=10
num_cat=0
split_feature=86 16 74 83 86 45 32 16 0
split_gain=0.388782 0.668871 0.210233 0.305587 0.251171 0.463022 0.27147 0.0661176 0.037843
threshold=132.01285560000002 0.70960224500000013 7.1735714845000009 21.390000075000003 102.80794240000002 15.299999905000002 5.6000000070000011 0.71983528600000013 0.28399154150000006
decision_type=2 2 2 2 2 2 2 2 2
left_child=2 -2 3 8 5 -5 -7 -6 -1
right_child=1 -3 -4 4 7 6 -8 -9 -10
leaf_value=-2.557234460696839e-05 0.00087557360918649274 -0.00072386777644231474 -0.0036876126101997313 0.0024695523067645477 -2.9863534403084049e-05 0.0004564399948141513 -0.0013131300410056336 7.8662199301358034e-06 7.0793102457469278e-05
leaf_weight=100 23 22 154 25 39 27 34 27 20
leaf_count=100 23 22 154 25 39 27 34 27 20
internal_value=-9.22002e-05 0.000775109 -0.000189785 -1.46629e-05 0.000274869 0.00063364 0.000121359 -0.000164671 -0.000397351
internal_weight=471 45 426 272 152 86 61 66 120
internal_count=471 45 426 272 152 86 61 66 120
is_linear=0
shrinkage=0.01


Tree=414
num_leaves=9
num_cat=0
split_feature=88 88 3 16 13 24 46 6
split_gain=0.390961 0.233055 0.670515 0.090288 0.30961 0.430207 0.146813 0.0428039
threshold=27.836040485000002 20.201986145000003 0.33082507150000007 0.6776522140000002 0.68397857150000008 1.9428571290000003 22.499999675000002 0.55479153600000009
decision_type=10 8 2 2 2 2 2 2
left_child=1 2 -1 7 5 -5 -6 -3
right_child=-2 3 -4 4 6 -7 -8 -9
leaf_value=-0.0037007877236495202 0.00058497018408528801 -0.0026933881161011119 7.0899273524789732e-05 -1.2295239983105575e-05 -4.1414935472408406e-05 0.002965277728408669 0.00025569615682813964 1.8938701001312008e-05
leaf_weight=33 34 184 20 20 125 23 20 20
leaf_count=33 34 184 20 20 125 23 20 20
internal_value=-0.000119842 -0.000203006 0.000399628 -0.000290224 -0.000116526 0.000605023 -0.000346365 -0.000439453
internal_weight=479 445 53 392 188 43 145 204
internal_count=479 445 53 392 188 43 145 204
is_linear=0
shrinkage=0.01


Tree=415
num_leaves=11
num_cat=0
split_feature=40 86 77 87 48 86 86 16 24 1
split_gain=0.594904 0.585626 0.602382 0.274076 0.309539 0.357807 0.145458 0.188056 0.0444076 0.0210574
threshold=15.949999745000001 132.01285560000002 12.947857175000001 27.820630600000005 2.0000000410000003 92.567865010000006 73.069060915000009 0.61853421400000008 2.4428571715000005 0.24881958950000002
decision_type=2 2 2 10 2 2 2 2 2 2
left_child=1 3 -3 6 9 -6 7 -1 -8 -5
right_child=-2 2 -4 4 5 -7 8 -9 -10 -11
leaf_value=-0.0087410971893087282 0.00032830694527231712 -0.00075376191311171128 0.00091221320561911336 -0.0051866502908766831 -0.00013606360998165133 0.0044259892130308022 -0.00015237436166501642 0.0028699925459830791 -0.0011795678740479315 -0.0042754704175330307
leaf_weight=24 23 25 21 20 21 20 243 20 20 29
leaf_count=24 23 25 21 20 21 20 243 20 20 29
internal_value=-2.14236e-06 -8.90042e-05 0.000961538 -0.000217446 0.000253304 0.000897129 -0.000362248 0.000133928 -0.000452995 -0.000251004
internal_weight=466 443 46 397 90 41 307 44 263 49
internal_count=466 443 46 397 90 41 307 44 263 49
is_linear=0
shrinkage=0.01


Tree=416
num_leaves=8
num_cat=0
split_feature=25 17 12 86 33 86 0
split_gain=0.338142 0.959807 0.271575 0.132518 0.0536739 0.181061 0.0199046
threshold=3.8999999420000004 70.865000000000023 0.57757257100000003 133.44231865000003 3.5214285510000005 100.44990815000001 0.24826577100000005
decision_type=2 2 2 2 2 2 2
left_child=1 6 -2 4 5 -4 -1
right_child=2 -3 3 -5 -6 -7 -8
leaf_value=-0.0012552863176284888 0.0033048470608128722 0.00050355177264373835 0.0013622944019243783 9.612642457918134e-06 -0.0005683550624819185 -3.0190812872255585e-05 -0.00010538921743531997
leaf_weight=20 36 20 29 20 221 67 27
leaf_count=20 36 20 29 20 221 67 27
internal_value=-0.000131579 0.000508849 -0.000252809 -0.000344879 -0.000398049 -0.000165289 -0.000240586
internal_weight=440 67 373 337 317 96 47
internal_count=440 67 373 337 317 96 47
is_linear=0
shrinkage=0.01


Tree=417
num_leaves=10
num_cat=0
split_feature=40 4 86 87 83 44 11 3 0
split_gain=0.577387 1.08994 0.282521 0.182714 0.373417 0.151727 0.0448186 0.0235968 0.0158575
threshold=12.250000030000001 0.36167550000000009 132.27619780000003 27.820630600000005 22.013571465000002 8.499999821500003 0.73638028550000012 0.32271811450000004 0.16146656950000002
decision_type=2 2 2 10 2 2 2 2 2
left_child=2 8 3 5 7 6 -1 -5 -2
right_child=1 -3 -4 4 -6 -7 -8 -9 -10
leaf_value=-0.00038315553175680226 -0.0022863441136642044 0.00026813121238919262 0.00018551370181538196 -0.0022086706152193657 0.0042467897956351341 0.00014966050186112441 -0.00040766140706170132 -0.0024412083118593004 -0.00034295721700785598
leaf_weight=264 21 27 32 20 21 20 20 34 20
leaf_count=264 21 27 32 20 21 20 20 34 20
internal_value=-5.73157e-05 0.000784884 -0.000202768 -0.000283044 0.000138522 -0.000393701 -0.000456461 -0.000273723 -0.000203349
internal_weight=479 68 411 379 75 304 284 54 41
internal_count=479 68 411 379 75 304 284 54 41
is_linear=0
shrinkage=0.01


Tree=418
num_leaves=8
num_cat=0
split_feature=16 45 41 15 5 29 10
split_gain=0.472778 0.846011 0.570603 0.336171 0.320887 0.123149 0.04385
threshold=0.66522328550000009 9.550000123500002 4.5500000715000004 0.69390057150000006 0.42432602400000002 3.0714285880000003 0.48293992850000006
decision_type=2 2 2 2 2 2 2
left_child=6 3 4 -2 -3 -5 -1
right_child=1 2 -4 5 -6 -7 -8
leaf_value=-0.00070595899870916638 0.00024482654723518855 4.685341264289731e-05 -0.0026650601767372211 -2.3209466473545376e-05 5.4044596703446832e-05 0.0018949000437373021 -0.0025704262153981444
leaf_weight=20 29 21 24 133 20 24 219
leaf_count=20 29 21 24 133 20 24 219
internal_value=-0.000128362 0.000168785 0.00114742 -0.000165953 0.00185407 -0.000358048 -0.00044829
internal_weight=490 251 65 186 41 157 239
internal_count=490 251 65 186 41 157 239
is_linear=0
shrinkage=0.01


Tree=419
num_leaves=9
num_cat=0
split_feature=16 45 11 13 46 1 10 6
split_gain=0.794382 0.65246 1.00905 0.642806 0.269401 0.179847 0.0434414 0.0381349
threshold=0.66486142900000011 9.550000123500002 0.68282578550000006 0.65033731650000004 11.200000220000002 0.26174914300000002 0.48367490500000004 0.40964700000000004
decision_type=2 2 2 2 2 2 2 2
left_child=6 3 5 -2 -5 -3 -1 -6
right_child=1 2 -4 4 7 -7 -8 -9
leaf_value=-0.00069889940872207789 0.00089981392166248262 0.00085435713946069801 0.00036434593362297404 0.00067740588514880967 -0.00021826274626943589 -0.0016012571129802506 -0.0018684823783268107 -0.00013043052083703714
leaf_weight=20 22 20 27 35 20 22 204 103
leaf_count=20 22 20 27 35 20 22 204 103
internal_value=-9.4978e-06 0.000374299 0.00119627 4.42477e-05 -0.000170025 0.000163551 -0.00044484 -0.000399839
internal_weight=473 249 69 180 158 42 224 123
internal_count=473 249 69 180 158 42 224 123
is_linear=0
shrinkage=0.01


Tree=420
num_leaves=7
num_cat=0
split_feature=16 45 54 72 40 24
split_gain=0.37197 0.890689 0.789683 0.164652 0.102044 0.0935353
threshold=0.66522328550000009 9.550000123500002 4.6199998860000013 5.6628571025000012 12.250000030000001 2.2714285810000008
decision_type=2 2 2 2 2 2
left_child=4 3 -3 5 -1 -2
right_child=1 2 -4 -5 -6 -7
leaf_value=-0.0024426240377922234 -4.7378974020615173e-05 0.0030810928271598919 8.2943941361725491e-05 0.00022897172526813606 6.1602392160466095e-06 0.0012190370933059631
leaf_weight=189 113 25 39 29 31 30
leaf_count=189 113 25 39 29 31 30
internal_value=-0.000100701 0.000168919 0.00117284 -0.000196759 -0.000398551 -0.000344228
internal_weight=456 236 64 172 220 143
internal_count=456 236 64 172 220 143
is_linear=0
shrinkage=0.01


Tree=421
num_leaves=7
num_cat=0
split_feature=8 24 88 88 86 14
split_gain=0.265716 0.300294 0.158262 0.0825129 0.0818211 0.0639114
threshold=0.48546688100000007 2.4785714150000007 19.605197285000003 27.836040485000002 73.069060915000009 0.68857677150000007
decision_type=2 2 8 10 2 2
left_child=-1 2 -2 4 5 -4
right_child=1 -3 3 -5 -6 -7
leaf_value=0.0016481308840991487 1.8999044424359572e-05 0.00023997446460502373 -0.011791874207176771 0.00035971698696888059 -4.8084003687634246e-05 0.0022181279120361513
leaf_weight=31 35 32 21 33 274 20
leaf_count=31 35 32 21 33 274 20
internal_value=-0.000158908 -0.000229678 -0.00031136 -0.00037844 -0.000429069 0
internal_weight=446 415 383 348 315 41
internal_count=446 415 383 348 315 41
is_linear=0
shrinkage=0.01


Tree=422
num_leaves=9
num_cat=0
split_feature=50 11 40 40 54 5 11 6
split_gain=0.491385 0.954435 0.277267 0.223691 0.152997 0.184043 0.0448547 0.0285266
threshold=1.1000000200000002 0.59088350000000012 16.000000250000003 11.700000005000001 1.6650004385000001 0.40841535750000008 0.73638028550000012 0.44919650000000005
decision_type=2 2 2 2 2 2 2 2
left_child=1 -1 4 7 5 -2 -6 -3
right_child=2 3 -4 -5 6 -7 -8 -9
leaf_value=0.00083229839096437294 0.0030721874439830201 -1.3204273502283544e-05 0.00032880598304307445 0.00049467321288829775 -0.00026815474490229609 -0.00034055181919290261 9.3875836178536072e-05 -4.3734236063080818e-05
leaf_weight=25 20 20 22 20 266 23 20 47
leaf_count=25 20 20 22 20 266 23 20 47
internal_value=-0.000106727 0.000460993 -0.000294201 -1.70844e-05 -0.000371437 0.000148402 -0.000456764 -0.000317109
internal_weight=463 112 351 87 329 43 286 67
internal_count=463 112 351 87 329 43 286 67
is_linear=0
shrinkage=0.01


Tree=423
num_leaves=7
num_cat=0
split_feature=13 16 28 9 9 1
split_gain=0.310594 0.807964 0.154466 0.148863 0.314376 0.136908
threshold=0.61112443350000012 0.58913064300000018 2.0142857265000003 0.65777140000000012 0.66806697500000012 0.22289542850000002
decision_type=2 2 2 2 2 2
left_child=1 -1 -2 -4 -5 -6
right_child=2 -3 3 4 5 -7
leaf_value=-0.016826714280700695 1.6382215556185209e-05 0.0035069007391305904 -0.00024927334727824202 0.0030700762129414099 0.00013522953019203728 -0.0001390926115720793
leaf_weight=41 32 31 221 27 20 92
leaf_count=41 32 31 221 27 20 92
internal_value=-0.000150603 0.00043956 -0.000264766 -0.000327051 -5.36482e-05 -0.000301419
internal_weight=464 72 392 360 139 112
internal_count=464 72 392 360 139 112
is_linear=0
shrinkage=0.01


Tree=424
num_leaves=8
num_cat=0
split_feature=59 17 40 50 37 10 28
split_gain=0.239968 0.335357 0.13083 0.127065 0.0954834 0.0405283 0.0456294
threshold=35.180000305000007 85.740000000000023 15.749999955000002 12.350000070000002 4.8499999605000008 0.49315400000000004 2.6857142875000002
decision_type=2 2 2 2 2 2 2
left_child=1 4 3 5 -1 -2 -7
right_child=2 -3 -4 -5 -6 6 -8
leaf_value=0.0037918254788940654 -0.00071635294304020155 0.00067476825809795052 9.0808083869806935e-05 -3.5402425062768428e-06 -0.0022210486761281281 -4.1896041211501524e-05 -0.000177405448647609
leaf_weight=20 20 20 20 23 37 317 20
leaf_count=20 20 20 20 23 37 317 20
internal_value=-0.000243826 0.000250643 -0.000344311 -0.000388656 -0.000112457 -0.000437395 -0.000463292
internal_weight=477 77 400 380 57 357 337
internal_count=477 77 400 380 57 357 337
is_linear=0
shrinkage=0.01


Tree=425
num_leaves=8
num_cat=0
split_feature=50 16 16 54 41 24 2
split_gain=0.386272 0.434779 0.942536 0.168843 0.145483 0.362513 0.465282
threshold=1.1000000200000002 0.66486142900000011 0.69048167700000007 4.7449998855000013 3.7999999820000006 2.2285714190000001 0.30255309500000011
decision_type=2 2 2 2 2 2 2
left_child=1 -1 -3 -4 -2 -6 -7
right_child=4 2 3 -5 5 6 -8
leaf_value=-0.0013963028072880163 -0.00020871132855949473 0.00091251414810381048 1.5030768219082893e-05 -1.2939533496875137e-05 -0.0010814398688205429 0.0026288359139983765 -9.472558252989998e-05
leaf_weight=42 210 22 23 30 85 30 24
leaf_count=42 210 22 23 30 85 30 24
internal_value=-0.0001521 0.000335314 0.000798153 2.78809e-05 -0.000321612 -5.36482e-05 0.000565693
internal_weight=466 117 75 53 349 139 54
internal_count=466 117 75 53 349 139 54
is_linear=0
shrinkage=0.01


Tree=426
num_leaves=9
num_cat=0
split_feature=59 77 86 20 11 28 29 5
split_gain=0.532159 0.436743 0.366457 0.126825 0.175454 0.0849203 0.0446118 0.0996547
threshold=35.180000305000007 13.565000025000002 95.692065825000014 1.6285714295000002 0.64806171400000012 2.5999999810000003 3.0642857040000004 0.43517100000000003
decision_type=2 2 2 2 2 2 2 2
left_child=1 -1 -3 4 -2 6 -5 -8
right_child=3 2 -4 5 -6 -7 7 -9
leaf_value=-0.0012440786956320437 -0.0013521021352854077 -0.0018492426562729781 0.0017630674268209231 -0.00011379903568197722 9.2374318576730944e-06 0.00092278895454115306 -0.0071253513103701474 0.0013394138899419927
leaf_weight=27 21 20 35 250 20 32 40 20
leaf_count=27 21 20 35 250 20 32 40 20
internal_value=-0.000151353 0.000567633 0.00108423 -0.00031136 0.000179426 -0.000376313 -0.000427928 -0.000131579
internal_weight=465 82 55 383 41 342 310 60
internal_count=465 82 55 383 41 342 310 60
is_linear=0
shrinkage=0.01


Tree=427
num_leaves=7
num_cat=0
split_feature=39 46 86 70 25 87
split_gain=0.757226 0.302485 0.10113 0.19632 0.0401262 0.0429275
threshold=0.65000000600000007 9.8000003285000012 73.069060915000009 7.3999999595000006 3.7928571530000004 14.156054705000001
decision_type=2 2 2 2 2 10
left_child=-1 -2 3 -3 -4 -6
right_child=1 2 4 -5 5 -7
leaf_value=0.00057549762990947106 0.00010583101327174865 -0.00022481750537620227 -0.0011461283030262306 0.0023198781119379338 -0.0033641305947264629 -0.00012011673315907643
leaf_weight=32 35 36 20 22 21 301
leaf_count=32 35 36 20 22 21 301
internal_value=-0.00017422 -0.000287976 -0.000369262 0 -0.000434656 -0.000461586
internal_weight=467 435 400 58 342 322
internal_count=467 435 400 58 342 322
is_linear=0
shrinkage=0.01


Tree=428
num_leaves=8
num_cat=0
split_feature=59 33 9 37 44 6 9
split_gain=0.607139 0.568514 0.400326 0.15524 0.0938095 0.0806445 0.146145
threshold=35.180000305000007 3.9999999830000004 0.50185125000000019 7.599999834000001 8.5500001795000014 0.5215316430000001 0.68913092500000006
decision_type=2 2 2 2 2 2 2
left_child=1 3 -2 -1 5 -4 -7
right_child=2 -3 4 -5 -6 6 -8
leaf_value=2.602092998636949e-05 0.002070414020388676 0.0025857784966641993 -0.00041775702482565368 -0.001349070128273123 -6.2731213791256718e-05 0.00072930622548833762 -5.3913003503888488e-05
leaf_weight=24 27 29 245 29 27 30 47
leaf_count=24 27 29 245 29 27 30 47
internal_value=-8.06453e-05 0.000688406 -0.000254777 2.78809e-05 -0.0003502 -0.000399628 -8.35477e-05
internal_weight=458 82 376 53 349 322 77
internal_count=458 82 376 53 349 322 77
is_linear=0
shrinkage=0.01


Tree=429
num_leaves=9
num_cat=0
split_feature=76 34 36 76 76 76 0 5
split_gain=0.40452 0.416174 0.243736 0.198848 0.313839 0.121087 0.0819471 0.0442557
threshold=15.025714330000001 4.7142857310000013 2.3500000235000003 15.842142850000002 15.862142835000002 16.053571430000002 0.25096883350000004 0.51256828600000015
decision_type=2 2 2 2 2 2 2 2
left_child=1 6 3 7 -5 -6 -1 -2
right_child=2 -3 -4 4 5 -7 -8 -9
leaf_value=5.9962655413285662e-05 -0.00092182975964926665 0.0014317917511501178 1.4265070374182235e-05 3.4476423515675729e-06 -0.00024860424220082562 0.00053997604664110857 -0.0014992672181776976 3.1399383223269519e-05
leaf_weight=20 236 37 22 24 62 20 29 20
leaf_count=20 236 37 22 24 62 20 29 20
internal_value=-9.1334e-05 0.000518433 -0.000233888 -0.000300441 4.68164e-05 -0.000229469 -5.02009e-05 -0.000451714
internal_weight=470 86 384 362 106 82 49 256
internal_count=470 86 384 362 106 82 49 256
is_linear=0
shrinkage=0.01


Tree=430
num_leaves=9
num_cat=0
split_feature=8 41 24 88 71 0 5 7
split_gain=0.443345 0.858729 0.146909 0.149895 0.304535 0.144651 0.0448725 0.0264977
threshold=0.48260336750000005 3.8499999945000005 2.4785714150000007 22.022077170000003 6.7350000315000011 0.066451479500000007 0.51728935750000005 0.6067232855000001
decision_type=2 2 2 8 2 2 2 2
left_child=1 -1 3 4 -2 -5 -7 -6
right_child=2 -3 -4 5 7 6 -8 -9
leaf_value=-0.004204209295996306 2.0050583762023194e-05 0.0043349243733881646 0.00020866371213786226 3.7210026111379671e-06 -0.0033059350090198685 -0.00057847218362963484 5.5210729666613502e-05 -0.0037958260584817776
leaf_weight=24 25 20 31 21 41 267 20 20
leaf_count=24 25 20 31 21 41 267 20 20
internal_value=-0.000133035 0.000803571 -0.000236026 -0.000291287 5.76036e-05 -0.000395078 -0.000456915 -0.000299353
internal_weight=469 44 425 394 86 308 287 61
internal_count=469 44 425 394 86 308 287 61
is_linear=0
shrinkage=0.01


Tree=431
num_leaves=9
num_cat=0
split_feature=16 12 25 6 45 4 4 0
split_gain=0.203227 0.453851 0.162026 0.265862 0.111571 0.475285 0.160762 0.170852
threshold=0.58913064300000018 0.57757257100000003 3.8999999420000004 0.48846235700000007 5.1499999055000005 0.33777235700000008 0.39586273800000005 0.31458908350000009
decision_type=2 2 2 2 2 2 2 2
left_child=-1 -2 3 -3 5 -4 -6 -8
right_child=1 2 4 -5 6 -7 7 -9
leaf_value=-0.0073821196663081123 0.0036005648431111301 -6.3037974803421707e-06 0.0013981794052256265 3.8570752863640934e-05 -0.00033216597386325392 -0.00017342983725458983 0.00088158388768655742 -0.0077241701030364984
leaf_weight=109 27 32 29 21 149 51 20 20
leaf_count=109 27 32 29 21 149 51 20 20
internal_value=-0.000102441 1.00056e-05 -8.9839e-05 0.000399628 -0.000194589 9.90098e-05 -0.000329294 0.000196078
internal_weight=458 349 322 53 269 80 189 40
internal_count=458 349 322 53 269 80 189 40
is_linear=0
shrinkage=0.01


Tree=432
num_leaves=9
num_cat=0
split_feature=11 16 86 22 20 13 16 46
split_gain=0.400377 0.548733 0.244897 0.344926 0.0612633 0.0662955 0.0525922 0.092457
threshold=0.5549890715000001 0.58913064300000018 132.01285560000002 1.700000001 1.9571428385000003 0.69343884150000012 0.72501332150000009 16.750000255000003
decision_type=2 2 2 2 2 2 2 2
left_child=1 -1 4 -4 6 -6 -2 -8
right_child=2 -3 3 -5 5 -7 7 -9
leaf_value=-0.010627695997516076 -0.00072040270576154142 0.0035645591946800153 -7.5288448621604443e-06 0.00025586669944421608 0.00065746048994830123 -0.00014239475202827188 -3.9259104001193879e-05 0.0023658481237497746
leaf_weight=24 267 27 22 20 20 22 35 20
leaf_count=24 267 27 22 20 20 22 35 20
internal_value=-0.000188947 0.000627413 -0.000297444 0.000397196 -0.000383772 0 -0.000430607 -9.85664e-05
internal_weight=457 51 406 42 364 42 322 55
internal_count=457 51 406 42 364 42 322 55
is_linear=0
shrinkage=0.01


Tree=433
num_leaves=10
num_cat=1
split_feature=89 87 46 79 6 38 19 37 0
split_gain=0.458224 0.63089 0.737148 0.121203 0.138219 0.117272 0.0994466 0.0504553 0.0908624
threshold=0 25.560182840000007 13.400000165000003 8.4942856855000013 0.47562464300000001 5.7000000665000004 2.2571428585000004 9.1500002070000015 0.10497737500000003
decision_type=1 8 2 2 2 2 2 2 2
left_child=1 6 -3 4 5 -2 -1 -5 -9
right_child=3 2 -4 7 -6 -7 -8 8 -10
leaf_value=3.4056170282687377e-06 1.6632742969271801e-05 0.0023447180293363432 -5.6756632295305798e-05 -0.0017317451935482573 0.001839325918607501 -1.0741400392739759e-05 -0.00019829496813608989 0.00053308565742865132 -0.00041770685672166686
leaf_weight=21 20 26 22 204 24 57 45 20 34
leaf_count=21 20 26 22 204 24 57 45 20 34
internal_value=-0.000115028 0.000408654 0.00131148 -0.000290698 0 -0.000212082 -0.000164671 -0.000413447 -9.1241e-05
internal_weight=473 114 48 359 101 77 66 258 54
internal_count=473 114 48 359 101 77 66 258 54
cat_boundaries=0 1
cat_threshold=673449092
is_linear=0
shrinkage=0.01


Tree=434
num_leaves=8
num_cat=0
split_feature=64 54 3 3 42 7 1
split_gain=0.267914 0.217797 0.225281 1.00809 0.0709335 0.0734472 0.0278899
threshold=20.624999525000003 2.7749996185000003 0.31532478600000008 0.28826950000000001 0.25000000750000007 0.51440121400000016 0.27107421450000008
decision_type=2 2 2 2 2 2 2
left_child=-1 2 3 -2 -3 -6 -4
right_child=1 4 6 -5 5 -7 -8
leaf_value=3.1730102567585037e-05 -3.4977693606922447e-05 -0.0013248403114820956 -9.1709157532681546e-05 0.0028479687108523481 4.5042405345564229e-05 -0.00018080536024929088 8.9538659257261746e-07
leaf_weight=20 35 252 45 20 20 25 20
leaf_count=20 35 252 45 20 20 25 20
internal_value=-0.00022042 -0.000278842 6.6225e-05 0.000546595 -0.000424782 -1.09171e-05 -0.00031155
internal_weight=437 417 120 55 297 45 65
internal_count=437 417 120 55 297 45 65
is_linear=0
shrinkage=0.01


Tree=435
num_leaves=9
num_cat=0
split_feature=86 54 48 56 2 26 40 45
split_gain=0.209161 0.12731 0.171303 0.138374 0.107302 0.211874 0.0721227 0.0686894
threshold=133.44231865000003 3.7500004770000008 13.800000050000003 0.17500019050000001 0.25827600000000006 3.6999999630000002 11.700000035 16.400000285000004
decision_type=2 2 2 2 2 2 2 2
left_child=1 2 3 4 5 -1 -3 -8
right_child=-2 6 -4 -5 -6 -7 7 -9
leaf_value=-0.0012923691333624316 6.9720609156751279e-06 -0.002419291918427176 4.7060949105039432e-06 1.0247970552667154e-05 -6.3673729719642132e-05 0.0023166478028759227 -0.0016889085147283628 0.0002523141734497929
leaf_weight=31 23 199 22 30 105 20 23 20
leaf_count=31 23 199 22 30 105 20 23 20
internal_value=-0.000199451 -0.000250666 -5.74714e-05 -0.000165953 -0.000293367 4.82624e-05 -0.000407743 0
internal_weight=473 450 208 186 156 51 242 43
internal_count=473 450 208 186 156 51 242 43
is_linear=0
shrinkage=0.01


Tree=436
num_leaves=9
num_cat=0
split_feature=16 15 73 80 33 26 88 76
split_gain=0.586074 0.84878 0.488945 0.632868 1.03959 0.295545 0.128836 0.150866
threshold=0.67720392850000011 0.7266769525000002 8.3592857635000026 12.553571565000002 4.0571428540000012 3.9428571630000007 25.572599765000003 16.053571430000002
decision_type=2 2 2 2 2 2 10 2
left_child=6 2 -2 4 -4 -3 7 -1
right_child=1 5 3 -5 -6 -7 -8 -9
leaf_value=-0.002978063806778617 -0.00038454787328250084 -8.7845929806668613e-05 0.00048963191110485121 2.0389437301904821e-06 1.9939586671359015e-05 2.049900396972595e-05 0.00017928678302395681 6.2594761226781795e-05
leaf_weight=199 28 91 27 29 27 21 20 21
leaf_count=199 28 91 27 29 27 21 20 21
internal_value=1.40145e-05 0.000386506 0.00100626 0.00139021 0.00202555 -0.000212766 -0.00032392 -0.000398551
internal_weight=463 223 111 83 54 112 240 220
internal_count=463 223 111 83 54 112 240 220
is_linear=0
shrinkage=0.01


Tree=437
num_leaves=10
num_cat=0
split_feature=50 51 71 87 77 44 68 16 11
split_gain=0.646529 0.880615 0.235872 0.251139 0.415658 0.536341 0.211332 0.0997183 0.0411212
threshold=0.50000000750000007 0.60000001650000001 7.3785713530000008 22.484581360000004 13.125714335000001 3.9999999290000003 38.644999500000004 0.72501332150000009 0.54536414250000009
decision_type=2 2 2 8 2 2 2 2 2
left_child=1 -1 3 -2 6 -6 -5 -8 -4
right_child=2 -3 8 4 5 -7 7 -9 -10
leaf_value=-0.0031320819164079184 -0.0010571171221117545 0.00065366412625909507 -0.0074277345687732057 2.7781265730180404e-06 -0.0013544937963753101 0.00019426482676583454 -0.00026123035663985414 0.0018124453953799931 -0.0044582705636596947
leaf_weight=21 65 28 20 33 24 27 74 25 145
leaf_count=21 65 28 20 33 24 27 74 25 145
internal_value=0 0.0010743 -0.000131706 5.627e-05 0.000252992 0.00101351 -3.01206e-05 -0.000275551 -0.000425211
internal_weight=462 49 413 248 183 51 132 99 165
internal_count=462 49 413 248 183 51 132 99 165
is_linear=0
shrinkage=0.01


Tree=438
num_leaves=9
num_cat=0
split_feature=50 0 50 2 10 2 88 48
split_gain=0.596257 0.662947 0.388617 0.359825 0.247489 0.185615 0.120372 0.0447451
threshold=1.0000000225000003 0.26586679200000002 9.3999998940000022 0.2567187855000001 0.61027080950000012 0.27814885700000008 28.279382665000004 0.94999999950000003
decision_type=2 2 2 2 2 2 10 2
left_child=1 5 6 -4 -3 -1 7 -2
right_child=2 4 3 -5 -6 -7 -8 -9
leaf_value=0.00062266832944525303 -0.00097713470817511702 2.3186288065228898e-05 0.0025129741839811565 -0.00039851380390675889 -0.00070103306525856623 4.4754571001297872e-05 1.1596591493012085e-06 -0.00097638898118546102
leaf_weight=22 20 20 25 34 45 20 25 260
leaf_count=22 20 20 25 34 45 20 25 260
internal_value=-4.98094e-05 0.00059833 -0.000246711 0.000476589 -7.5989e-06 0.00156542 -0.000394049 -0.000455841
internal_weight=471 107 364 59 65 42 305 280
internal_count=471 107 364 59 65 42 305 280
is_linear=0
shrinkage=0.01


Tree=439
num_leaves=10
num_cat=1
split_feature=50 38 38 89 1 9 24 1 4
split_gain=0.619346 0.546217 0.362307 0.206429 0.422905 0.804411 0.0438755 0.0314669 0.0221279
threshold=1.0000000225000003 5.9499999170000004 0.55000000800000015 0 0.25447076200000007 0.66919365000000008 2.4785714150000007 0.17717000000000002 0.37732353600000007
decision_type=2 2 2 1 2 2 2 2 2
left_child=1 2 -1 4 7 -6 -5 -2 -4
right_child=3 -3 8 6 5 -7 -8 -9 -10
leaf_value=0.00063790314010861578 -1.293169349225732e-05 0.00019093236904338937 0.00018308049493389933 -0.0013214830136489182 0.0013658034129992145 -0.0025125999573461484 -0.005053809469372228 -0.0003125315429770874 -0.0018900112841130892
leaf_weight=21 20 23 20 220 20 21 20 58 31
leaf_count=21 20 23 20 220 20 21 20 58 31
internal_value=-7.6957e-05 0.000631524 0.000164835 -0.000270984 6.54853e-05 0.000897129 -0.000430622 -0.00034264 -0.000260618
internal_weight=454 95 72 359 119 41 240 78 51
internal_count=454 95 72 359 119 41 240 78 51
cat_boundaries=0 1
cat_threshold=2097744
is_linear=0
shrinkage=0.01


Tree=440
num_leaves=9
num_cat=0
split_feature=86 14 20 15 10 6 25 14
split_gain=0.657045 0.499841 0.376049 0.371932 0.39063 0.253936 0.107443 0.0439752
threshold=131.48502525000004 0.70389435700000014 1.8285714135000002 0.69558964300000015 0.5605582145000001 0.51911278550000006 3.8999999420000004 0.75020021450000007
decision_type=2 2 2 2 2 2 2 2
left_child=2 -2 6 4 -4 -5 -1 -8
right_child=1 -3 3 5 -6 -7 7 -9
leaf_value=1.9830795942962298e-05 0.00085109631370783507 9.358197885482339e-06 0.00023165687775064697 -2.6970621923303602e-05 -0.0028344925361708062 0.00015061775402205131 -0.0016790973272455875 0.00019323297428822773
leaf_weight=27 21 39 26 25 74 20 224 20
leaf_count=27 21 39 26 25 74 20 224 20
internal_value=-1.2584e-05 0.000953947 -0.000158349 0.000243484 -7.93652e-05 0.00099345 -0.000380795 -0.000449347
internal_weight=476 60 416 145 100 45 271 244
internal_count=476 60 416 145 100 45 271 244
is_linear=0
shrinkage=0.01


Tree=441
num_leaves=9
num_cat=0
split_feature=16 26 10 54 33 63 20 3
split_gain=0.590668 1.16514 0.899972 0.779425 0.336068 0.225133 0.0431054 0.0365163
threshold=0.66486142900000011 3.8999999930000002 0.61173359500000013 4.7000002860000007 4.1999999630000007 19.285000325000002 1.9571428555000001 0.27988250000000009
decision_type=2 2 2 2 2 2 2 2
left_child=4 5 -3 -4 6 7 -1 -2
right_child=1 2 3 -5 -6 -7 -8 -9
leaf_value=-0.0036510038052029225 -0.00020331225102069596 0.0025979621568711368 4.2529312009838368e-05 -0.0004603965611397407 0.00078153976847139767 0.00031677008612673364 -0.0022046955108760741 -1.8862985909022479e-05
leaf_weight=193 20 21 27 39 20 38 20 88
leaf_count=193 20 21 27 39 20 38 20 88
internal_value=3.21336e-05 0.00039136 0.0013041 0.000673653 -0.000318649 -0.000143052 -0.000442002 -0.00038603
internal_weight=466 233 87 66 233 146 213 108
internal_count=466 233 87 66 233 146 213 108
is_linear=0
shrinkage=0.01


Tree=442
num_leaves=10
num_cat=1
split_feature=89 75 73 2 12 27 12 47 0
split_gain=0.561331 0.55625 0.70803 0.5951 0.183874 0.121882 0.0349972 0.0426974 0.0296969
threshold=0 5.5278571290000009 8.9900000095000028 0.27678160000000007 0.67997823800000012 3.5285714350000004 0.74631739300000011 48.34999997500001 0.15448225000000002
decision_type=1 2 2 2 2 2 2 2 2
left_child=5 2 3 -2 -5 -1 7 -7 -3
right_child=1 8 -4 4 -6 6 -8 -9 -10
leaf_value=1.2959522988445804e-07 0.00074418514832054006 -0.0060025588178788314 6.4114053044790514e-05 2.5303054487006661e-05 -3.2001238098769895e-05 -0.0021637835464463125 -7.4121707954564237e-06 -0.00050180637683856365 -0.0057998936123591282
leaf_weight=21 35 51 35 27 56 181 20 20 20
leaf_count=21 35 51 35 27 56 181 20 20 20
internal_value=1.07111e-05 0.000366269 0.000724967 0.000328283 -0.000113365 -0.0003125 -0.000399008 -0.000438553 -0.000327298
internal_weight=466 224 153 118 83 242 221 201 71
internal_count=466 224 153 118 83 242 221 201 71
cat_boundaries=0 1
cat_threshold=538514714
is_linear=0
shrinkage=0.01


Tree=443
num_leaves=10
num_cat=0
split_feature=49 6 26 28 46 2 20 4 5
split_gain=0.743393 0.746125 0.859403 0.334867 0.29097 0.890256 0.236605 0.0875163 0.0429746
threshold=0.35000000900000006 0.55223403550000005 4.0571428880000004 1.9999999915000002 11.600000005000002 0.25827600000000006 1.7714285725000003 0.38097314300000001 0.30031292850000008
decision_type=2 2 2 2 2 2 2 2 2
left_child=3 2 4 -1 5 -2 -7 -6 -5
right_child=1 -3 -4 8 7 6 -8 -9 -10
leaf_value=0.00011948279318137342 0.0027418621120704027 0.00010065028780399443 0.0036686427668070056 -0.0025330989382691561 -0.002117670630225982 1.3313775286412181e-05 -1.8042985266784596e-05 -3.6770214897654198e-05 -0.0029701224343618
leaf_weight=20 20 20 21 20 74 21 47 28 189
leaf_count=20 20 20 21 20 74 21 47 28 189
internal_value=8.24652e-05 0.000485332 0.00029509 -0.000315492 6.81341e-05 0.000495495 -2.90699e-05 -0.000282101 -0.000440896
internal_weight=460 231 211 229 190 88 68 102 209
internal_count=460 231 211 229 190 88 68 102 209
is_linear=0
shrinkage=0.01


Tree=444
num_leaves=7
num_cat=0
split_feature=16 26 68 11 13 11
split_gain=0.330222 0.708239 0.660249 0.158127 0.112294 0.143497
threshold=0.66486142900000011 3.9357143130000005 56.715001105000006 0.49903595750000007 0.68397857150000008 0.7296621430000001
decision_type=2 2 2 2 2 2
left_child=3 4 -3 -1 -2 -6
right_child=1 2 -4 -5 5 -7
leaf_value=0.00066556045131479949 0.00059091928194721229 0.0024910398292161372 -8.4757542763783423e-05 -0.0024861525362207771 -9.2750803220815378e-06 0.00013393890091738332
leaf_weight=20 36 29 34 198 112 20
leaf_count=20 36 29 34 198 112 20
internal_value=-0.000116719 0.000140207 0.00104232 -0.000397624 -0.000189574 -0.000331325
internal_weight=449 231 63 218 168 132
internal_count=449 231 63 218 168 132
is_linear=0
shrinkage=0.01


Tree=445
num_leaves=10
num_cat=0
split_feature=46 12 32 0 43 14 6 0 51
split_gain=0.644901 0.647086 0.365978 0.301661 0.38201 0.673098 0.130128 0.123164 0.0406706
threshold=11.149999985000003 0.70907752400000013 5.5071428505000011 0.16271763550000004 0.30000000800000004 0.68719578600000009 0.52418547150000017 0.20999178100000002 6.0500000045000002
decision_type=2 2 2 2 2 2 2 2 2
left_child=1 2 -1 8 7 -6 -3 -5 -2
right_child=3 6 -4 4 5 -7 -8 -9 -10
leaf_value=0.00010545277481666542 -0.0012335453594142869 0.00084741557266397539 -0.0018826575669849495 0.00040350660501481617 0.00075475587078299505 -0.00014019369186960516 0.00015057800204163586 -0.0019227416986726982 -2.2129059396807637e-05
leaf_weight=34 194 20 47 20 21 29 20 65 21
leaf_count=34 194 20 47 20 21 29 20 65 21
internal_value=5.29874e-06 0.000636289 9.16869e-05 -0.000208096 0.000150957 0.000846457 0.00166667 -0.000238928 -0.00044254
internal_weight=471 121 81 350 135 50 40 85 215
internal_count=471 121 81 350 135 50 40 85 215
is_linear=0
shrinkage=0.01


Tree=446
num_leaves=10
num_cat=0
split_feature=75 13 40 67 51 6 19 59 3
split_gain=0.427894 0.610037 0.430951 0.36973 0.296438 0.196002 0.162224 0.146357 0.0401794
threshold=5.3500000795000009 0.61112443350000012 8.2000000180000026 45.535000800000013 6.249999959000001 0.51452969050000008 2.2785714185000008 41.854999545000005 0.28609414300000008
decision_type=2 2 2 2 2 2 2 2 2
left_child=1 -1 3 -3 6 -6 -4 -2 -8
right_child=7 2 4 -5 5 -7 8 -9 -10
leaf_value=0.0019904022957769963 -0.0022563286277565704 0.00060052681561120866 0.00022414342679586552 -8.831039665157449e-06 -2.190776880283406e-05 2.4018707174264408e-05 -0.00018679715454551023 0.0002164579512585917 -0.00020859031293453813
leaf_weight=26 162 25 34 21 21 20 20 21 129
leaf_count=26 162 25 34 21 21 20 20 21 129
internal_value=0 0.000235849 8.49334e-05 0.000961538 -8.89681e-05 0.000657895 -0.000269315 -0.000378129 -0.000417223
internal_weight=479 296 270 46 224 41 183 183 149
internal_count=479 296 270 46 224 41 183 183 149
is_linear=0
shrinkage=0.01


Tree=447
num_leaves=9
num_cat=0
split_feature=25 70 44 54 1 27 54 3
split_gain=0.301035 0.293652 0.268742 0.38015 0.240983 0.136252 0.076197 0.0615385
threshold=4.1857143300000006 7.6842856405000015 5.2000001075000002 6.1799998285000006 0.25639421450000005 3.8785713910000004 1.7350001335000003 0.33156342850000003
decision_type=2 2 2 2 2 2 2 2
left_child=1 6 4 -4 5 -3 7 -1
right_child=-2 2 3 -5 -6 -7 -8 -9
leaf_value=-0.0035865944482857204 0.00054165171145936417 -6.4700298161034261e-05 0.00091413049082514797 -1.0008830605804063e-05 -0.00060608459821361938 3.4389724599922509e-05 -0.0037998943224660537 3.7024653862394001e-05
leaf_weight=20 36 27 28 39 79 27 167 20
leaf_count=20 36 27 28 39 79 27 167 20
internal_value=-4.39388e-05 -0.000126288 0.000139442 0.000656342 -0.000108371 0.000383212 -0.000392204 0
internal_weight=443 407 200 67 133 54 207 40
internal_count=443 407 200 67 133 54 207 40
is_linear=0
shrinkage=0.01


Tree=448
num_leaves=9
num_cat=0
split_feature=30 86 40 59 61 74 1 22
split_gain=0.66349 0.436508 0.435711 0.382458 0.51035 0.328965 0.121381 0.0662955
threshold=4.900000061500001 131.19284590000004 15.949999745000001 35.159999845000009 33.025001050000007 4.9950000175000007 0.27742702350000009 1.8500000070000002
decision_type=2 2 2 2 2 2 2 2
left_child=1 2 3 4 7 -5 -2 -1
right_child=6 -3 -4 5 -6 -7 -8 -9
leaf_value=0.00021842909403551713 -0.001055360374234547 5.2880407313812488e-05 0.00013051759572948142 3.201669465221282e-05 0.00063729125538261556 -0.0011284354507421273 -0.00053815042403306814 -0.0002029838767772325
leaf_weight=20 189 28 24 20 25 115 26 22
leaf_count=20 189 28 24 20 25 115 26 22
internal_value=7.44986e-06 0.000357143 0.000198413 3.45166e-05 0.000656342 -0.000261414 -0.0003962 0
internal_weight=469 254 226 202 67 135 215 42
internal_count=469 254 226 202 67 135 215 42
is_linear=0
shrinkage=0.01


Tree=449
num_leaves=10
num_cat=0
split_feature=6 32 10 32 3 9 59 9 12
split_gain=0.565256 0.625627 0.847421 0.884777 0.199995 0.374444 0.132735 0.0424747 0.0360075
threshold=0.56427304750000007 5.6000000070000011 0.5587817140000001 5.5071428505000011 0.33285257100000004 0.60356548950000011 41.930000305000007 0.51037214350000004 0.73913742850000008
decision_type=2 2 2 2 2 2 2 2 2
left_child=1 2 -1 4 5 -4 7 -3 -6
right_child=-2 6 3 -5 8 -7 -8 -9 -10
leaf_value=0.00022133196771341389 7.2715284486683557e-05 -0.0090723639494383179 -0.00046582355644628638 0.00050820679292303277 -0.00027339563398553438 3.6851647073784566e-05 0.00021930463932021648 -0.0022390600990736613 2.1657261674357665e-05
leaf_weight=32 29 20 34 23 84 39 21 175 20
leaf_count=32 29 20 34 23 84 39 21 175 20
internal_value=0.000124529 3.11942e-05 0.000395189 0.000139442 -9.2801e-05 0.000291328 -0.000350554 -0.00043667 -0.00038168
internal_weight=477 448 232 200 177 73 216 195 104
internal_count=477 448 232 200 177 73 216 195 104
is_linear=0
shrinkage=0.01


Tree=450
num_leaves=9
num_cat=0
split_feature=40 80 88 15 15 65 51 14
split_gain=0.763892 0.560139 0.293281 0.278109 0.824143 0.576259 0.296951 0.149974
threshold=15.949999745000001 12.706428460000001 21.632270795000004 0.7266769525000002 0.71344571400000012 43.970000745000007 5.7000000775000013 0.7271730715000001
decision_type=2 2 8 2 2 2 2 2
left_child=1 2 -1 4 5 -4 -5 -3
right_child=-2 7 3 6 -6 -7 -8 -9
leaf_value=0.00018474041020364373 0.00013801389239567494 -0.0027020717444017251 6.2658816952331409e-05 -0.0008539364718824138 0.0016444043221172985 -4.2224967882647653e-05 1.6623965680171282e-05 0.00037894506171378794
leaf_weight=32 23 140 22 75 25 109 20 20
leaf_count=32 23 140 22 75 25 109 20 20
internal_value=0.000203513 0.000104777 0.000375264 0.000248213 0.000510204 0.000170713 -0.000161796 -0.000360697
internal_weight=466 443 283 251 156 131 95 160
internal_count=466 443 283 251 156 131 95 160
is_linear=0
shrinkage=0.01


Tree=451
num_leaves=11
num_cat=0
split_feature=86 49 46 4 3 88 86 88 20 2
split_gain=0.790273 0.449279 0.391651 0.316842 0.823227 0.174828 0.408973 0.0787455 0.0615385 0.0244948
threshold=131.19284590000004 0.99999998550000002 11.199999885000002 0.32261328600000005 0.33004750000000005 21.597050835000005 89.442997320000003 25.797875890000004 1.7857142775000001 0.26751200000000003
decision_type=2 2 2 2 2 8 2 10 2 2
left_child=2 -2 3 -1 -5 6 9 -7 -9 -4
right_child=1 -3 5 4 -6 7 -8 8 -10 -11
leaf_value=-0.005508627918537296 -1.8704427712849624e-07 4.5492395933583002e-05 -0.0050126145431135206 0.00092694058278972242 -0.00015713362880674796 -0.0011709914129333584 0.00047276233638972098 -0.0016203396627729361 3.3303649316342645e-06 -0.0074909927092045346
leaf_weight=28 28 31 20 37 39 192 20 20 20 36
leaf_count=28 28 31 20 37 39 192 20 20 20 36
internal_value=6.8885e-05 0.00114548 -8.23645e-05 0.000438931 0.00078125 -0.000265544 0.000130208 -0.00040378 0 -0.00028169
internal_weight=471 59 412 104 76 308 76 232 40 56
internal_count=471 59 412 104 76 308 76 232 40 56
is_linear=0
shrinkage=0.01


Tree=452
num_leaves=10
num_cat=0
split_feature=86 38 16 14 6 14 40 22 19
split_gain=0.822277 0.72566 0.424893 0.830257 0.296629 0.361248 0.137291 0.0819471 0.0434122
threshold=131.83848035000003 6.3999999650000001 0.67720392850000011 0.68719578600000009 0.47784657150000004 0.73405100000000012 15.149999945000003 1.6999999925000002 2.1142856985000003
decision_type=2 2 2 2 2 2 2 2 2
left_child=2 -2 6 -4 -5 -6 8 -7 -1
right_child=1 -3 3 4 5 7 -8 -9 -10
leaf_value=-0.0010698235355138255 8.1289423448254583e-05 -7.4295415633787173e-05 0.00040850204137783224 -0.00079929264079919707 0.00043697372051792056 -0.0005088516457133986 0.00019966502930737041 0.00026055513683646728 -0.0026981811450804559
leaf_weight=20 21 20 29 76 25 29 21 20 203
leaf_count=20 21 20 29 76 25 29 21 20 203
internal_value=3.44233e-05 0.0013756 -9.32045e-05 0.000269744 -1.9894e-05 0.000414438 -0.000367647 -5.02009e-05 -0.000444594
internal_weight=464 41 423 179 150 74 244 49 223
internal_count=464 41 423 179 150 74 244 49 223
is_linear=0
shrinkage=0.01


Tree=453
num_leaves=11
num_cat=0
split_feature=16 16 13 9 3 16 41 11 41 30
split_gain=0.897321 0.508731 0.33082 0.674422 0.497935 0.28816 0.248954 0.248569 0.38051 0.0345506
threshold=0.66522328550000009 0.68083361900000006 0.70869845850000013 0.59253911050000008 0.33285257100000004 0.75045346700000015 2.2500000000000004 0.56023864300000015 3.6499999945000003 2.3214285375000006
decision_type=2 2 2 2 2 2 2 2 2 2
left_child=7 -2 3 -3 -5 6 -4 8 -1 -8
right_child=1 2 5 4 -6 -7 9 -9 -10 -11
leaf_value=-0.0024950639320820635 0.00034756040799464638 -0.00036213732402407543 8.0476524497201848e-05 4.3548584028727259e-05 1.1098940276787776e-05 0.0030835099420113729 -8.8015989402007416e-05 -0.0021749976692247699 0.0008514476611125155 -0.00089106232121232158
leaf_weight=27 29 33 21 24 20 24 20 182 20 74
leaf_count=27 29 33 21 24 20 24 20 182 20 74
internal_value=0.000128475 0.000551261 0.000369004 0.000893316 0.00169643 6.0801e-05 -0.000133852 -0.000315492 0.000303347 -0.000369198
internal_weight=474 245 216 77 44 139 115 229 47 94
internal_count=474 245 216 77 44 139 115 229 47 94
is_linear=0
shrinkage=0.01


Tree=454
num_leaves=10
num_cat=0
split_feature=32 87 27 1 84 15 47 15 59
split_gain=0.784258 0.612873 0.833888 0.559221 0.739841 0.492064 0.411019 0.350789 0.155976
threshold=5.6000000750000014 26.400644640000003 3.7499999320000001 0.28934150000000003 16.541428635000006 0.71817716700000012 26.250000360000005 0.71941769050000015 41.785000325000006
decision_type=2 8 2 2 2 2 2 2 2
left_child=1 2 3 4 7 8 -3 -1 -2
right_child=5 6 -4 -5 -6 -7 -8 -9 -10
leaf_value=3.7744310918364022e-05 -0.0033029180826554222 -0.0017353071638632682 0.00032671726634169883 -0.00010971111786642778 6.7815778395530568e-05 7.9839623642280049e-05 0.00028137689961740245 -0.00018771705269663027 0.00079678667519748729
leaf_weight=26 179 64 33 35 21 34 24 36 20
leaf_count=26 179 64 33 35 21 34 24 36 20
internal_value=0.000215736 0.000619266 0.00100461 0.000580808 0.00103222 -0.000190334 -2.25226e-05 0.000429936 -0.000387888
internal_weight=472 239 151 118 83 233 88 62 199
internal_count=472 239 151 118 83 233 88 62 199
is_linear=0
shrinkage=0.01


Tree=455
num_leaves=11
num_cat=0
split_feature=19 5 62 38 72 75 34 77 78 17
split_gain=0.605197 0.680491 0.626047 0.591806 1.26688 0.626198 0.149595 0.148 0.130452 0.11645
threshold=2.6142856900000004 0.41864207150000005 2.8750000000000004 6.3999999650000001 5.7857142520000009 5.0707143095000005 3.3785714595000003 13.919999940000002 12.609285695000002 95.845000000000013
decision_type=2 2 2 2 2 2 2 2 2 2
left_child=1 7 3 4 -3 -6 -5 8 -1 -4
right_child=-2 2 9 6 5 -7 -8 -9 -10 -11
leaf_value=-1.6415661578083791e-05 4.5877189301138121e-05 0.00067709705081330244 -0.0018978859491185424 9.9430812854830149e-06 -0.0061536565329790164 3.6328678171446275e-05 -0.0022025982017869704 0.0010467494777857066 -0.0025941220506346258 8.857952268712849e-05
leaf_weight=24 20 25 56 35 28 20 25 36 181 20
leaf_count=24 20 25 56 35 28 20 25 36 181 20
internal_value=0.000155055 7.32031e-05 0.000493327 0.000908072 0.00151084 0.000491803 0.000131579 -0.000283292 -0.000391157 -0.000208333
internal_weight=470 450 209 133 73 48 60 241 205 76
internal_count=470 450 209 133 73 48 60 241 205 76
is_linear=0
shrinkage=0.01


Tree=456
num_leaves=11
num_cat=0
split_feature=40 19 25 45 23 87 25 38 43 0
split_gain=1.23556 0.531093 0.30962 0.452746 0.34071 0.323575 0.137999 0.108065 0.0435556 0.0249217
threshold=15.949999745000001 2.6142856900000004 4.085714255000001 11.600000000000003 1.8571428530000003 29.140435005000004 3.8071428365000002 6.499999851000001 1.3500000015000004 0.20335552100000004
decision_type=2 2 2 2 2 10 2 2 2 2
left_child=1 2 5 4 -4 6 -1 -6 -8 -5
right_child=-2 -3 3 9 7 -7 8 -9 -10 -11
leaf_value=6.6774131529140438e-05 0.00019251227984628502 3.8357442687276294e-05 2.3407027116008347e-05 -0.016424029105096577 0.00061214808830390766 0.00069687962216522816 -0.0010264133708658856 -6.6954337616101616e-05 -0.00013318364795340601 -0.002771081822957456
leaf_weight=21 23 24 24 37 20 32 208 26 20 20
leaf_count=21 23 24 24 37 20 32 208 26 20 20
internal_value=0.000154673 2.77263e-05 -5.38162e-05 0.0003482 0.00088983 -0.00024308 -0.000370296 0.000320513 -0.000445804 -0.000285467
internal_weight=455 432 408 127 70 281 249 46 228 57
internal_count=455 432 408 127 70 281 249 46 228 57
is_linear=0
shrinkage=0.01


Tree=457
num_leaves=12
num_cat=0
split_feature=40 86 17 18 86 18 25 4 46 35 3
split_gain=1.03013 0.727984 0.611185 0.929006 0.336802 0.357807 0.184672 0.175454 0.115507 0.0423186 0.0325544
threshold=15.949999745000001 99.192172740000018 40.225000000000009 0.92142857000000011 131.61942115000002 0.90714285650000015 4.1571428610000014 0.30661033350000005 11.500000015000003 2.2000000330000007 0.35973842850000004
decision_type=2 2 2 2 2 2 2 2 2 2 2
left_child=1 6 3 7 8 -6 9 -3 -4 -1 -10
right_child=-2 2 4 -5 5 -7 -8 -9 10 -11 -12
leaf_value=-0.0034543775119629649 6.2873315679982906e-05 -0.0021517677670866717 1.9781465959320618e-06 0.00018870809030883812 -1.6963226309255007e-06 9.1268696741932806e-05 0.00084744398046984043 0.0037177830320123464 -0.0014644865906498258 -0.00079984331047959478 -0.00010175566777479576
leaf_weight=171 25 21 34 32 21 20 33 20 63 20 20
leaf_count=171 25 21 34 32 21 20 33 20 63 20 20
internal_value=0.000203827 8.88546e-05 0.000485332 0.00123984 0.000119647 0.000897129 -0.000311388 0.000179426 -0.000140068 -0.000435349 -0.000352029
internal_weight=480 455 231 73 158 41 224 41 117 191 83
internal_count=480 455 231 73 158 41 224 41 117 191 83
is_linear=0
shrinkage=0.01


Tree=458
num_leaves=10
num_cat=0
split_feature=19 13 86 29 19 86 13 13 81
split_gain=0.704881 0.66517 0.78413 0.584774 0.217574 0.58366 0.191169 0.577412 0.181858
threshold=2.2571428415000008 0.61424050850000012 101.22713215000002 3.0142857180000004 2.2999999605000006 95.692065825000014 0.69199663750000007 0.67873879150000016 19.458571295000002
decision_type=2 2 2 2 2 2 2 2 2
left_child=-1 2 -2 4 5 -3 7 -6 -5
right_child=1 3 -4 8 6 -7 -8 -9 -10
leaf_value=-0.0024561447065443503 -0.0044143617453829753 -0.0023897830772913061 0.0022426228238244428 0.001162807987659025 -0.00070687988518651436 9.692563326892265e-05 -0.00033738443326745965 4.4652839347709668e-05 1.1043248586069651e-07
leaf_weight=152 20 24 24 25 68 20 107 24 21
leaf_count=152 20 24 24 25 68 20 107 24 21
internal_value=7.30752e-05 0.000334032 0.00147321 0.000150103 -3.89665e-05 0.000580357 -0.000187688 0.00012931 0.00117521
internal_weight=485 333 44 289 243 44 199 92 46
internal_count=485 333 44 289 243 44 199 92 46
is_linear=0
shrinkage=0.01


Tree=459
num_leaves=10
num_cat=0
split_feature=16 46 12 11 27 54 16 12 66
split_gain=1.30497 1.2291 0.770937 0.582699 0.425971 0.170147 0.409406 0.129685 0.111381
threshold=0.67720392850000011 11.200000095000002 0.68583709550000005 0.69381558550000011 3.6785714370000004 3.4150004385000003 0.63356514300000011 0.74631739300000011 79.78500080500001
decision_type=2 2 2 2 2 2 2 2 2
left_child=5 3 4 -2 -3 6 -1 -4 -7
right_child=1 2 7 -5 -6 8 -8 -9 -10
leaf_value=0.00037094063607922016 8.9241004354644624e-05 0.0011795503834008652 -0.00017765862577461566 0.00064796147133562327 -0.00011173316544624661 -0.00074211254824689088 -0.00081685153210586355 0.00026385202037768231 -0.0054471239638189195
leaf_weight=20 35 31 76 35 27 28 32 20 176
leaf_count=20 35 31 76 35 27 28 32 20 176
internal_value=0.000224626 0.000782918 0.000264858 0.00187853 0.00117347 -0.000257009 0.000227273 -0.000268595 -0.000390625
internal_weight=480 224 154 70 58 256 52 96 204
internal_count=480 224 154 70 58 256 52 96 204
is_linear=0
shrinkage=0.01


Tree=460
num_leaves=11
num_cat=1
split_feature=89 86 24 48 46 59 86 31 17 59
split_gain=0.875549 0.934937 0.748059 0.264205 0.19808 0.129057 0.111879 0.0520453 0.0686894 0.0412781
threshold=0 131.19284590000004 2.4428571460000006 18.700000035000006 10.800000245000001 41.059999945000008 70.137508020000013 4.4857142140000006 62.545000000000009 34.864999770000004
decision_type=1 2 2 2 2 2 2 2 2 2
left_child=6 2 3 4 -2 -6 -1 9 -9 -8
right_child=1 -3 -4 -5 5 -7 7 8 -10 -11
leaf_value=0.002731750803305618 0.00016569147054808241 0.00035804909951416746 0.00034105365877576296 3.4438806010345094e-05 -0.0020372329744031904 9.0209234040982913e-05 -0.0023008883863785304 2.7739435747563954e-05 -0.0031148726222022865 -0.00087963834650008044
leaf_weight=20 23 32 29 25 90 21 20 20 23 148
leaf_count=20 23 32 29 25 90 21 20 20 23 148
internal_value=0.000160469 0.00059792 0.000338983 5.31914e-05 -0.000111276 -0.000299642 -0.000262614 -0.000347026 0 -0.00042654
internal_weight=451 220 188 159 134 111 231 211 43 168
internal_count=451 220 188 159 134 111 231 211 43 168
cat_boundaries=0 1
cat_threshold=572070290
is_linear=0
shrinkage=0.01


Tree=461
num_leaves=12
num_cat=0
split_feature=86 14 16 46 53 75 0 49 39 0 2
split_gain=0.935062 0.499928 1.24595 0.4667 0.460132 0.379748 0.660597 0.29546 0.181391 0.0296969 0.0173151
threshold=91.340187600000021 0.68719578600000009 0.6776522140000002 14.000000215000002 0.51000022900000019 5.0242856460000009 0.26150170150000007 1.1000000085000001 14.699999870000001 0.28399154150000006 0.27276035750000005
decision_type=2 2 2 2 2 2 2 2 2 2 2
left_child=7 2 4 5 10 8 -7 -1 -3 -5 -2
right_child=1 3 -4 9 -6 6 -8 -9 -10 -11 -12
leaf_value=-0.0054345806184315859 -0.001407467513613109 -3.6039725137646228e-06 0.0014915718321648792 -0.00011608647608483844 0.00057036669129901336 8.7124474376767578e-05 -3.2680243257531691e-05 0.0022482843966471888 1.736695538992076e-05 7.9247909749846632e-05 -0.0022831107440148511
leaf_weight=146 23 29 32 51 31 32 22 23 33 20 20
leaf_count=146 23 29 32 51 31 32 22 23 33 20 20
internal_value=0.000274416 0.000617767 0.00117041 0.000290202 0.000414438 0.000684931 0.00129562 -0.000309187 0.000111465 -0.000327298 -0.000216895
internal_weight=462 293 106 187 74 116 54 169 62 71 43
internal_count=462 293 106 187 74 116 54 169 62 71 43
is_linear=0
shrinkage=0.01


Tree=462
num_leaves=9
num_cat=0
split_feature=88 25 16 48 37 25 17 43
split_gain=0.764849 0.58443 0.875192 0.781018 0.439718 0.291466 0.674981 0.101526
threshold=27.750884020000004 4.0571428880000004 0.60949717850000018 8.0499999075000019 8.7000001410000021 3.9071428435000004 59.560000000000009 0.84999999400000015
decision_type=10 2 2 2 2 2 2 2
left_child=1 5 -3 4 -4 6 -1 -7
right_child=-2 2 3 -5 -6 7 -8 -9
leaf_value=-0.0011384297038463328 0.00042214640320992149 -0.012710060968906617 -0.00086618324228055832 0.0019076534408665297 2.5696157815560048e-05 -0.00097506552827918093 0.00023672572505857998 -6.7586641978484654e-05
leaf_weight=41 31 46 33 23 22 184 28 31
leaf_count=41 31 46 33 23 22 184 28 31
internal_value=0.000155752 3.42465e-05 0.000608974 0.00125635 0.000546595 -0.000210674 0.000336676 -0.0003962
internal_weight=439 408 124 78 55 284 69 215
internal_count=439 408 124 78 55 284 69 215
is_linear=0
shrinkage=0.01


Tree=463
num_leaves=12
num_cat=0
split_feature=32 19 14 44 19 5 14 5 77 17 12
split_gain=0.684564 0.982861 0.898442 0.90517 0.388613 0.243019 0.226259 0.216592 0.146938 0.128611 0.0411212
threshold=5.6000000750000014 2.3285714390000005 0.73786978600000019 4.5999999235000013 2.2999999605000006 0.52202473800000015 0.68719578600000009 0.39632185700000006 13.919999940000002 37.240000000000002 0.73773671450000011
decision_type=2 2 2 2 2 2 2 2 2 2 2
left_child=1 2 3 -1 -5 8 7 -3 10 -8 -2
right_child=5 6 -4 4 -6 -7 9 -9 -10 -11 -12
leaf_value=0.0016779503837176719 -0.00222388831192329 -1.4431246466656479e-06 -9.2562311078045294e-05 9.3881253490357209e-05 -1.7259573071059603e-06 0.00012457642384900862 0.002321396712704339 0.00039910859620902645 0.00085626700946950967 -0.00039344066100412942 -1.5239491585402609e-05
leaf_weight=24 145 23 31 35 21 21 20 20 38 74 20
leaf_count=24 145 23 31 35 21 21 20 20 38 74 20
internal_value=0.000215736 0.000578778 0.0012746 0.00183168 0.00105634 -0.000177936 0 0.000605023 -0.000291953 -0.000263713 -0.000425211
internal_weight=472 248 111 80 56 224 137 43 203 94 165
internal_count=472 248 111 80 56 224 137 43 203 94 165
is_linear=0
shrinkage=0.01


Tree=464
num_leaves=9
num_cat=0
split_feature=16 62 15 14 4 4 47 54
split_gain=0.658255 0.865653 0.530753 0.253614 0.23065 0.333824 0.129852 0.088082
threshold=0.67341846450000009 2.4949998855000004 0.68299035750000014 0.75742207150000007 0.33777235700000008 0.31774021450000006 52.800000495000013 2.5950002670000005
decision_type=2 2 2 2 2 2 2 2
left_child=6 2 -2 4 5 -4 7 -1
right_child=1 -3 3 -5 -6 -7 -8 -9
leaf_value=3.7660552186104399e-05 0.0024144826222612689 0.000117592628024962 -1.4872817225123047e-06 3.2480100412121356e-06 -1.3762645147400556e-05 0.0021335503252547807 0.00039511751024693466 -0.0039979884941045794
leaf_weight=36 22 25 39 27 93 20 20 189
leaf_count=36 22 25 39 27 93 20 20 189
internal_value=2.64942e-05 0.000418871 0.000185827 0 -0.000157068 0.000309364 -0.000327502 -0.000400797
internal_weight=471 226 201 179 152 59 245 225
internal_count=471 226 201 179 152 59 245 225
is_linear=0
shrinkage=0.01


Tree=465
num_leaves=9
num_cat=0
split_feature=13 45 28 78 1 88 26 77
split_gain=0.384773 0.613448 0.396772 0.343951 0.298017 0.265341 0.312523 0.149962
threshold=0.75096107500000009 7.9999999740000005 2.0428571615000002 12.582857265000001 0.25923407100000007 26.403695545000005 3.8285714390000005 14.073571445000001
decision_type=2 2 2 2 2 10 2 2
left_child=2 -2 4 -4 -1 7 -7 -5
right_child=1 -3 3 5 -6 6 -8 -9
leaf_value=0.00048090616371702173 -0.00022547655926120902 0.00010924415030175261 7.8372221055110931e-06 -0.0011250887119869139 -0.0010443941623378323 -1.3816156474334767e-05 0.0024850689580883751 0.0002464387159153754
leaf_weight=23 22 30 29 277 23 21 21 22
leaf_count=23 22 30 29 277 23 21 21 22
internal_value=-4.26633e-06 0.000795454 -0.000110365 -0.00022384 0.000747863 -0.000317437 0.000397196 -0.000425284
internal_weight=468 52 416 370 46 341 42 299
internal_count=468 52 416 370 46 341 42 299
is_linear=0
shrinkage=0.01


Tree=466
num_leaves=10
num_cat=0
split_feature=4 3 4 37 8 57 4 28 39
split_gain=0.518977 0.631029 0.500663 0.61291 0.294097 0.21148 0.411196 0.263856 0.143497
threshold=0.37315550000000003 0.39268485700000005 0.41752242900000008 4.9000000095000003 0.62849018100000009 4.0450000765 0.28195100000000006 2.0642857125000007 15.400000125000002
decision_type=2 2 2 2 2 2 2 2 2
left_child=5 2 3 -2 -5 6 -1 -8 -9
right_child=1 -3 -4 4 -6 -7 7 8 -10
leaf_value=0.00010893628807302155 0.00056280574035778451 -0.00087619081637883877 0.00011532426024169066 7.4158082703969938e-05 -0.0010011566805292859 -0.0033012574891763415 0.00010386993475859592 -2.0408797502928234e-05 0.0024047818546171912
leaf_weight=29 30 47 25 28 46 127 20 112 20
leaf_count=29 30 47 25 28 46 127 20 112 20
internal_value=7.42573e-05 0.00050905 0.000874422 0.000534351 1.33689e-05 -0.000168394 4.1254e-05 -0.000157068 -0.000331325
internal_weight=484 176 129 104 74 308 181 152 132
internal_count=484 176 129 104 74 308 181 152 132
is_linear=0
shrinkage=0.01


Tree=467
num_leaves=10
num_cat=0
split_feature=16 13 4 4 1 48 28 28 4
split_gain=0.45065 0.534682 0.323243 0.470042 0.740556 0.782627 0.219217 0.106412 0.0199046
threshold=0.59343418550000016 0.61424050850000012 0.28195100000000006 0.38555321400000003 0.29363107150000006 7.4000000730000011 2.0571428540000003 2.5999999810000003 0.43252628550000005
decision_type=2 2 2 2 2 2 2 2 2
left_child=-1 -2 -3 6 5 -5 -4 -8 -6
right_child=1 2 3 4 8 -7 7 -9 -10
leaf_value=-0.006340640728028403 0.0034913025968751656 8.628722932299952e-06 5.6067598176545267e-05 1.7928026806438293e-05 -0.00058154458405139462 0.00064973337122945939 -3.645421658132226e-05 0.0014128134590457374 -0.0011985790784961399
leaf_weight=106 27 20 25 26 20 23 141 28 27
leaf_count=106 27 20 25 26 20 23 141 28 27
internal_value=8.22441e-05 0.00026495 0.000138353 4.47041e-05 0.000619835 0.0014759 -0.000231006 -0.00036808 -0.000240586
internal_weight=443 337 310 290 96 49 194 169 47
internal_count=443 337 310 290 96 49 194 169 47
is_linear=0
shrinkage=0.01


Tree=468
num_leaves=9
num_cat=1
split_feature=89 7 44 7 17 87 33 45
split_gain=0.452289 0.70512 0.333033 0.611286 0.314175 0.509232 0.226243 0.180787
threshold=0 0.60941676150000001 4.3499999945000001 0.54870617850000014 112.09000000000002 25.560182840000007 4.2714286360000004 5.1999999955000016
decision_type=1 2 2 2 2 10 2 2
left_child=1 2 7 -4 6 -6 -2 -1
right_child=4 -3 3 -5 5 -7 -8 -9
leaf_value=6.7028202189691792e-06 -0.0009765175294560402 0.00011341171845541452 0.00017400338010170206 -0.0035709511777289784 -0.0019214492370137586 0.00064621004826270832 0.00020321679575043924 -0.00098529110760517402
leaf_weight=28 198 21 29 20 31 31 31 60
leaf_count=28 198 21 29 20 31 31 31 60
internal_value=5.22453e-05 0.000468009 0.000214078 0.000873494 -0.00017727 0.000429936 -0.000359008 -0.000135135
internal_weight=449 158 137 49 291 62 229 88
internal_count=449 158 137 49 291 62 229 88
cat_boundaries=0 1
cat_threshold=11534421
is_linear=0
shrinkage=0.01


Tree=469
num_leaves=9
num_cat=0
split_feature=40 63 86 64 40 10 46 58
split_gain=0.390143 0.243234 0.325583 0.242812 0.148109 0.354312 0.179116 0.120746
threshold=15.749999955000002 18.875000000000004 132.01285560000002 68.664999005000013 8.1999998540000014 0.62570685700000006 9.9000001625000014 0.35500001900000006
decision_type=2 2 2 2 2 2 2 2
left_child=1 2 4 -3 5 -1 -6 -8
right_child=-2 3 -4 -5 6 -7 7 -9
leaf_value=-2.5992999595172729e-05 0.00016297790754454534 -0.0034279870106289595 0.00078858659313447467 0.00018787756474175217 7.6637698494503467e-06 0.0016306590104991404 -0.00020339812162423123 -0.0006016824041880541
leaf_weight=20 20 160 20 28 23 26 67 88
leaf_count=20 20 160 20 28 23 26 67 88
internal_value=4.41684e-06 -5.5453e-05 0.000147059 -0.00032839 2.66903e-05 0.000534188 -9.50784e-05 -0.000227856
internal_weight=452 432 244 188 224 46 178 155
internal_count=452 432 244 188 224 46 178 155
is_linear=0
shrinkage=0.01


Tree=470
num_leaves=9
num_cat=0
split_feature=40 16 53 61 88 88 4 1
split_gain=0.975061 0.632769 0.636979 0.726152 0.350897 0.353887 0.593225 0.0371026
threshold=15.949999745000001 0.6125375715000001 0.085000038500000014 33.025001050000007 21.597050835000005 23.993880675000003 0.32941557150000006 0.33021657150000006
decision_type=2 2 2 2 8 10 2 2
left_child=1 -1 3 -3 -4 7 -7 -6
right_child=-2 2 4 -5 5 6 -8 -9
leaf_value=-0.0066070840627545594 0.00029473497692233578 -0.0020956102626298275 0.00024037063077214093 0.0032434950912172585 -0.00032589658291937341 -0.00020296105840594001 0.0011307565837684877 -0.0005852567124568557
leaf_weight=134 20 20 28 25 93 48 74 20
leaf_count=134 20 20 28 25 93 48 74 20
internal_value=0.000187986 8.3559e-05 0.000336787 0.00143013 0.000138362 2.12032e-06 0.000382736 -0.000391037
internal_weight=462 442 308 45 263 235 122 113
internal_count=462 442 308 45 263 235 122 113
is_linear=0
shrinkage=0.01


Tree=471
num_leaves=9
num_cat=1
split_feature=89 16 5 48 8 25 12 17
split_gain=0.529085 0.504439 0.565536 0.55815 0.379255 0.128651 0.0431054 0.031695
threshold=0 0.58913064300000018 0.43647588100000007 8.0499999075000019 0.50313342850000009 3.9357142450000002 0.74046791450000005 39.240000000000002
decision_type=1 2 2 2 2 2 2 2
left_child=6 -2 4 -4 -3 -6 -1 -7
right_child=1 2 3 -5 5 7 -8 -9
leaf_value=-0.0014769583817121356 -0.009789411326771651 0.0028338604272552868 1.1166941100489822e-05 0.001671586012581107 2.7746053000034586e-05 -1.1650213337683572e-06 -0.00091248307320561991 -0.00013650161854399689
leaf_weight=193 71 20 35 32 31 20 20 59
leaf_count=193 71 20 35 32 31 20 20 59
internal_value=-5.91533e-05 0.000229555 0.000503033 0.00124631 9.93883e-05 -0.000117329 -0.000422252 -0.000344612
internal_weight=481 268 197 67 130 110 213 79
internal_count=481 268 197 67 130 110 213 79
cat_boundaries=0 1
cat_threshold=542185368
is_linear=0
shrinkage=0.01


Tree=472
num_leaves=10
num_cat=1
split_feature=89 86 4 6 26 16 25 54 4
split_gain=0.478929 0.547095 0.746084 0.341559 0.197373 0.272773 0.12905 0.0711704 0.0710918
threshold=0 91.340187600000021 0.38097314300000001 0.45393857150000005 4.1071428060000015 0.61853421400000008 4.1928571635000011 1.9099993705000002 0.33806902850000004
decision_type=1 2 2 2 2 2 2 2 2
left_child=1 -1 3 -3 6 -6 7 8 -2
right_child=4 2 -4 -5 5 -7 -8 -9 -10
leaf_value=-0.0084439280255010993 0.00011530105409143038 5.1573960517534985e-05 0.00025978275351263517 -2.439047615390667e-05 -0.0023176516333252629 0.003622697117250287 5.5732907599043962e-06 -0.0014249524096253347 -0.00058677059343651002
leaf_weight=33 20 21 21 25 29 35 21 218 24
leaf_count=33 20 21 21 25 29 35 21 218 24
internal_value=-4.80126e-05 0.000523466 0.00109882 0.000320513 -0.000227781 0.000246913 -0.000350599 -0.000414764 -1.17081e-10
internal_weight=447 100 67 46 347 64 283 262 44
internal_count=447 100 67 46 347 64 283 262 44
cat_boundaries=0 1
cat_threshold=12321348
is_linear=0
shrinkage=0.01


Tree=473
num_leaves=10
num_cat=0
split_feature=45 15 25 87 40 46 87 88 15
split_gain=0.701415 0.724066 1.01723 0.544389 0.295882 0.241202 0.104148 0.236688 0.0304949
threshold=8.7000001110000014 0.72553692850000007 4.0571428200000001 24.782100180000004 16.000000040000003 11.250000010000003 28.518319975000004 16.900728290000004 0.69558964300000015
decision_type=2 2 2 8 2 2 10 10 2
left_child=1 2 3 -1 6 -3 -2 8 -8
right_child=4 5 -4 -5 -6 -7 7 -9 -10
leaf_value=6.5310509704444975e-05 -0.00096496238402627268 2.6005605080051882e-05 0.0019137376855277561 -0.00026354532043419324 9.3144175964036e-05 -0.00016709048265308547 -0.0020425163339085595 0.00025887082834254475 -1.2704951345163235e-05
leaf_weight=29 187 22 21 29 20 57 54 20 20
leaf_count=29 187 22 21 29 20 57 54 20 20
internal_value=1.84862e-05 0.000560453 0.00123434 0.000493197 -0.000260106 -9.39851e-05 -0.000349539 -5.27427e-05 -0.000334225
internal_weight=459 158 79 58 301 79 281 94 74
internal_count=459 158 79 58 301 79 281 94 74
is_linear=0
shrinkage=0.01


Tree=474
num_leaves=9
num_cat=0
split_feature=46 16 6 13 22 39 39 46
split_gain=0.559701 0.387915 0.591269 0.456765 0.321119 0.301668 0.247005 0.149134
threshold=9.2999998630000018 0.59343418550000016 0.56165328550000015 0.65255918350000008 1.7928571490000003 1.3500000390000002 15.500000195000002 10.999999905000001
decision_type=2 2 2 2 2 2 2 2
left_child=-1 -2 3 4 -3 -6 7 -5
right_child=1 2 -4 6 5 -7 -8 -9
leaf_value=9.6254107316632676e-05 -0.0056063618364923422 -0.0013020553220805563 7.6168959194899554e-05 2.2383201461049149e-05 1.0180652026124964e-05 0.0038765269886122224 0.0011106260982895269 -0.00012918267088876542
leaf_weight=22 116 25 20 58 21 21 32 153
leaf_count=22 116 25 20 58 21 21 32 153
internal_value=9.38565e-05 1.11906e-05 0.000190447 7.40025e-05 0.000803835 0.00133178 -0.000121001 -0.000252597
internal_weight=468 446 330 310 67 42 243 211
internal_count=468 446 330 310 67 42 243 211
is_linear=0
shrinkage=0.01


Tree=475
num_leaves=8
num_cat=0
split_feature=46 88 6 50 53 84 61
split_gain=0.630628 0.461614 0.47776 0.250762 0.360807 0.174323 0.0446694
threshold=9.8500000200000013 27.435329450000001 0.56836071450000014 0.8500000015000001 1.5450000765000003 17.717857225000007 19.880001070000002
decision_type=2 10 2 2 2 2 2
left_child=-1 2 3 4 -2 6 -5
right_child=1 -3 -4 5 -6 -7 -8
leaf_value=2.1859526611945686e-05 0.0021889311834823815 5.3265611790969826e-05 8.5750109463091488e-05 -5.8584409306498275e-05 -0.00028950184682864882 0.00028823907146825734 -0.00080948302101630789
leaf_weight=38 29 29 21 20 28 38 256
leaf_count=38 29 29 21 20 28 38 256
internal_value=4.02348e-05 -6.75677e-05 -0.000162933 -0.000251479 0.00033737 -0.000365311 -0.000455202
internal_weight=459 421 392 371 57 314 276
internal_count=459 421 392 371 57 314 276
is_linear=0
shrinkage=0.01


Tree=476
num_leaves=8
num_cat=0
split_feature=86 7 28 12 64 40 32
split_gain=1.14904 0.627988 0.427649 0.158743 0.143115 0.12645 0.19141
threshold=131.19284590000004 0.55824983950000007 1.9571428385000003 0.74335969050000006 67.994998455000015 11.700000035 5.6000000070000011
decision_type=2 2 2 2 2 2 2
left_child=2 -2 -1 4 5 -4 -7
right_child=1 -3 3 -5 -6 6 -8
leaf_value=9.0234178079804487e-05 0.00034533988736507639 -3.8742707169007932e-05 -0.00040090671155821765 0.00095517804112302143 0.0008229936488976053 0.00022624335928730685 -0.0023603433286865328
leaf_weight=23 31 28 254 31 39 22 34
leaf_count=23 31 28 254 31 39 22 34
internal_value=1.51252e-05 0.00131271 -0.000172115 -0.000257353 -0.000321612 -0.000395753 0
internal_weight=462 59 403 380 349 310 56
internal_count=462 59 403 380 349 310 56
is_linear=0
shrinkage=0.01


Tree=477
num_leaves=9
num_cat=1
split_feature=46 25 50 25 89 3 87 12
split_gain=0.763165 0.483369 0.39662 0.340309 0.339731 0.758356 0.198245 0.105903
threshold=9.8500000200000013 4.1857143300000006 1.0000000075000002 4.285714285500001 0 0.36282485750000004 27.820630600000005 0.57757257100000003
decision_type=2 2 2 2 1 2 8 2
left_child=2 4 -1 -3 5 6 -2 -6
right_child=1 3 -4 -5 7 -7 -8 -9
leaf_value=3.2698568115061001e-05 -0.0013301328987598707 0.0023316170816299322 7.4883288047208452e-06 -1.0443417963910805e-07 -0.00026983808861415828 0.00020097026775666739 0.0031123605646046428 -0.0007305844687594071
leaf_weight=20 67 20 23 20 31 25 27 235
leaf_count=20 67 20 23 20 31 25 27 235
internal_value=2.98634e-05 -9.51152e-05 0.00128995 0.000931372 -0.000208657 0.000219568 -0.000158228 -0.000401012
internal_weight=468 425 43 40 385 119 94 266
internal_count=468 425 43 40 385 119 94 266
cat_boundaries=0 1
cat_threshold=539001364
is_linear=0
shrinkage=0.01


Tree=478
num_leaves=10
num_cat=0
split_feature=16 88 19 70 9 11 87 6 5
split_gain=0.531408 0.587258 0.325622 0.435574 0.699299 1.60045 0.0868152 0.031233 0.0226349
threshold=0.58913064300000018 19.605197285000003 2.5285714180000007 7.5771428860000007 0.66038397500000012 0.66283807150000007 28.561640730000004 0.51911278550000006 0.49613442850000006
decision_type=2 8 2 2 2 2 8 2 2
left_child=-1 -2 3 6 5 -5 7 -3 -6
right_child=1 2 -4 4 8 -7 -8 -9 -10
leaf_value=-0.0081965027596060964 0.00022991333634194016 -0.0010614853050737417 -5.0992078149967884e-05 0.00015219083554977303 -0.00061912269009114097 0.0021636759308381378 1.0719563396882155e-05 7.5924112147260079e-05 -1.9253864940802371e-05
leaf_weight=114 25 57 61 89 32 21 21 20 20
leaf_count=114 25 57 61 89 32 21 21 20 20
internal_value=0.000104167 0.000302768 0.000178682 0.000337423 0.000657248 0.00111011 -0.000172065 -0.000340617 -0.000265152
internal_weight=460 346 321 260 162 110 98 77 52
internal_count=460 346 321 260 162 110 98 77 52
is_linear=0
shrinkage=0.01


Tree=479
num_leaves=9
num_cat=0
split_feature=16 53 37 5 48 3 1 1
split_gain=0.431896 0.580659 0.518991 0.246108 0.448441 0.647056 1.1424 0.174181
threshold=0.60949717850000018 0.095000267000000013 7.5499999410000003 0.42560378550000005 7.5000002085000004 0.36728693450000005 0.27035092850000003 0.20456692850000002
decision_type=2 2 2 2 2 2 2 2
left_child=-1 2 -2 7 -5 6 -6 -3
right_child=1 3 -4 4 5 -7 -8 -9
leaf_value=-0.0052884612548479157 -0.0002535849952715343 1.1109564865312765e-05 0.00053713988644623646 -0.00014978876255151492 2.4426331155355002e-06 -0.0012901640113487168 0.0015303583463864567 -9.8126997417610326e-05
leaf_weight=143 29 35 25 44 29 26 20 115
leaf_count=143 29 35 25 44 29 26 20 115
internal_value=-2.35648e-05 0.00017449 0.00111314 -9.26624e-06 0.000321369 0.000798153 0.0014759 -0.000285146
internal_weight=466 323 54 269 119 75 49 150
internal_count=466 323 54 269 119 75 49 150
is_linear=0
shrinkage=0.01


Tree=480
num_leaves=9
num_cat=1
split_feature=89 72 45 22 20 73 37 0
split_gain=0.430447 0.608998 0.248906 0.220461 0.141022 0.213217 0.126323 0.0257349
threshold=0 5.814285678500001 5.1999999955000016 1.5999999940000003 1.8285714135000002 8.6050000530000013 7.7999998780000004 0.11098786800000002
decision_type=1 2 2 2 2 2 2 2
left_child=1 2 -1 -2 -5 -6 -7 -4
right_child=3 -3 7 4 5 6 -8 -9
leaf_value=0.001562469898347909 1.4576238679576475e-05 0.0012402135608262268 -0.0033640600487590544 -0.00037711756531781925 0.0019648671927727586 -0.0011172263375720901 0.0010229158832279106 1.1575179440116365e-06
leaf_weight=28 25 24 39 212 20 70 20 20
leaf_count=28 25 24 39 212 20 70 20 20
internal_value=-8.06453e-05 0.000431034 5.12527e-05 -0.00025573 -0.000337671 -2.70759e-05 -0.000253304 -0.000292642
internal_weight=458 111 87 347 322 110 90 59
internal_count=458 111 87 347 322 110 90 59
cat_boundaries=0 1
cat_threshold=2359316
is_linear=0
shrinkage=0.01


Tree=481
num_leaves=10
num_cat=1
split_feature=7 89 19 12 22 24 12 43 1
split_gain=0.417528 0.310614 0.325994 0.509639 0.612457 0.383708 0.128057 0.0380438 0.0343882
threshold=0.65559592850000004 0 2.2714285595000008 0.62224621450000006 1.8428571305000003 2.4214285785 0.74559385700000014 1.2000000365000003 0.27223564300000008
decision_type=2 1 2 2 2 2 2 2 2
left_child=1 7 8 4 -4 6 -5 -1 -3
right_child=-2 2 3 5 -6 -7 -8 -9 -10
leaf_value=-0.0006415739760265237 5.737356447583859e-05 -0.0021370606923939196 0.0021586530647370568 -1.5056245869646211e-05 -6.3718501169057753e-06 0.00054464523815803763 0.0019274741544018203 -3.5387401807262936e-06 -9.5687731700417135e-06
leaf_weight=189 21 73 23 73 20 22 20 22 20
leaf_count=189 21 73 23 73 20 22 20 22 20
internal_value=-8.16454e-05 -0.000149093 8.59434e-05 0.000371536 0.00128995 4.31767e-06 -0.000261194 -0.000421551 -0.000367804
internal_weight=483 462 251 158 43 115 93 211 93
internal_count=483 462 251 158 43 115 93 211 93
cat_boundaries=0 1
cat_threshold=579406037
is_linear=0
shrinkage=0.01


Tree=482
num_leaves=10
num_cat=0
split_feature=36 27 86 17 60 13 80 37 2
split_gain=0.3894 0.222045 0.486502 0.500261 0.424321 0.268513 0.184766 0.0765698 0.0296969
threshold=2.3500000235000003 3.7214285730000003 91.340187600000021 82.945000000000007 29.450001240000002 0.70832061250000011 12.494999885 8.5999997815000011 0.24815600000000002
decision_type=2 2 2 2 2 2 2 2 2
left_child=1 -1 7 5 -5 8 -7 -3 -4
right_child=-2 2 3 4 -6 6 -8 -9 -10
leaf_value=-8.9203734486429487e-05 2.0303854056130202e-05 -0.0032547096983864161 7.4858477755619375e-05 2.410520770347761e-05 0.00058893708339076802 0.00022098982165721925 -0.0015191414539503715 0.00035042713926564551 -0.0017900814968021088
leaf_weight=116 21 122 20 25 25 20 20 37 51
leaf_count=116 21 122 20 25 25 20 20 37 51
internal_value=-3.60421e-05 -0.000105311 2.49375e-05 0.000417182 0.00124016 2.23612e-05 0.000686274 -0.000359825 -0.000327298
internal_weight=457 436 320 161 50 111 40 159 71
internal_count=457 436 320 161 50 111 40 159 71
is_linear=0
shrinkage=0.01


Tree=483
num_leaves=10
num_cat=1
split_feature=89 0 86 79 1 13 41 4 25
split_gain=0.527242 0.68585 0.331624 0.207384 0.369796 0.251703 0.171889 0.352686 0.14935
threshold=0 0.23388037500000003 131.48502525000004 8.507857050500002 0.22958078600000001 0.64531127500000007 3.6000000535000001 0.34339566650000003 3.8071428365000002
decision_type=1 2 2 2 2 2 2 2 2
left_child=1 2 6 4 -2 -6 -1 -8 -5
right_child=3 -3 -4 8 5 -7 7 -9 -10
leaf_value=-0.00083831693867640698 0.0019238618098613507 7.1659168075478759e-05 4.3076551682131089e-05 0.00022858198231237416 0.0002114207162362355 -5.5887007644857812e-05 0.0023270492735500605 -0.00016579954685185864 -0.0009719714120682778
leaf_weight=54 20 27 29 21 22 64 20 23 185
leaf_count=54 20 27 29 21 22 64 20 23 185
internal_value=3.3276e-05 0.000497558 0.000197161 -0.000198265 0.000140449 -0.000126728 -6.64623e-05 0.000376712 -0.000391683
internal_weight=465 153 126 312 106 86 97 43 206
internal_count=465 153 126 312 106 86 97 43 206
cat_boundaries=0 1
cat_threshold=10747988
is_linear=0
shrinkage=0.01


Tree=484
num_leaves=12
num_cat=0
split_feature=46 86 19 1 4 33 8 0 0 0 1
split_gain=0.922804 0.933752 0.692825 0.558361 1.40413 0.23916 0.344653 0.0637853 0.0757048 0.0261223 0.0158575
threshold=11.600000005000002 95.692065825000014 2.3285714135000002 0.26014710700000004 0.33042542850000006 4.0642857380000015 0.55342050000000009 0.23704348600000003 0.2660955805000001 0.15174629200000003 0.31582357150000001
decision_type=2 2 2 2 2 2 2 2 2 2 2
left_child=1 9 3 4 -3 7 -7 -2 -9 -1 -8
right_child=5 2 -4 -5 -6 6 10 8 -10 -11 -12
leaf_value=7.0652365050297147e-05 -0.0010973925761261873 6.0001892568110719e-06 -1.1396268586168455e-06 3.5635951486014813e-06 0.0022608523115558265 0.004099239232009411 -0.00053729624686663644 2.0638054092078111e-05 -0.0034585822608845531 -0.0031182120793302403 -0.0025277689899952474
leaf_weight=20 184 24 35 27 22 20 21 20 26 40 20
leaf_count=20 184 24 35 27 22 20 21 20 26 40 20
internal_value=8.37319e-05 0.000675355 0.00123162 0.00178184 0.00245726 -0.000251885 0.000283171 -0.000402946 -2.13676e-05 -0.000296053 -0.000203349
internal_weight=459 168 108 73 46 291 61 230 46 60 41
internal_count=459 168 108 73 46 291 61 230 46 60 41
is_linear=0
shrinkage=0.01


Tree=485
num_leaves=10
num_cat=0
split_feature=6 17 43 4 25 14 6 7 1
split_gain=0.49833 0.397467 0.634008 0.313952 0.290417 0.224212 0.0650067 0.0757048 0.0309933
threshold=0.57262616650000009 36.855000000000011 0.60000001650000001 0.31831735700000002 3.8714285750000004 0.61045671450000005 0.5215316430000001 0.6017695715000001 0.29540685750000006
decision_type=2 2 2 2 2 2 2 2 2
left_child=1 2 5 -4 -3 -1 -6 -8 -7
right_child=-2 4 3 -5 6 8 7 -9 -10
leaf_value=0.0015911459010821908 8.192479806455789e-05 0.00028391843610238649 1.3226640407562816e-05 0.0025119100303205104 -0.00068107999717324471 -0.00057976245229775735 9.0377329473452514e-05 -0.0036896348308901915 -0.00038427017655237708
leaf_weight=33 25 37 20 20 198 56 20 26 20
leaf_count=33 25 37 20 20 198 56 20 26 20
internal_value=2.30363e-05 -5.33892e-05 0.000357143 0.00142157 -0.000278566 -2.27688e-05 -0.000408497 -2.13676e-05 -0.000338542
internal_weight=455 430 149 40 281 109 244 46 76
internal_count=455 430 149 40 281 109 244 46 76
is_linear=0
shrinkage=0.01


Tree=486
num_leaves=10
num_cat=0
split_feature=16 20 17 0 38 12 16 17 5
split_gain=0.703407 1.00042 0.704978 0.328281 0.300306 0.192702 0.355057 0.181662 0.0420292
threshold=0.67341846450000009 1.7999999945000003 73.230000000000004 0.19793970150000004 6.1999999470000011 0.59872507150000021 0.58913064300000018 37.240000000000002 0.52691861950000007
decision_type=2 2 2 2 2 2 2 2 2
left_child=5 4 3 -3 -2 6 -1 -6 -7
right_child=1 2 -4 -5 7 8 -8 -9 -10
leaf_value=-0.0086919477636998241 6.1922307337470382e-05 0.00026391659561380844 0.00048064830321574095 -0.00010829677832465871 0.0021987811068766476 -0.0016407213424074949 0.00033758009427675413 -0.00013452038806737278 -0.0044404715680395933
leaf_weight=40 36 20 36 20 31 164 33 84 20
leaf_count=40 36 20 36 20 31 164 33 84 20
internal_value=9.48844e-05 0.000502634 0.00143229 0.000441176 1.64689e-05 -0.000257952 0.000155826 -0.000220207 -0.000432901
internal_weight=484 227 76 40 151 257 73 115 184
internal_count=484 227 76 40 151 257 73 115 184
is_linear=0
shrinkage=0.01


Tree=487
num_leaves=10
num_cat=1
split_feature=86 5 89 86 87 49 33 17 38
split_gain=0.690074 0.741993 0.278066 0.33984 0.266478 0.116925 0.117923 0.211874 0.0412997
threshold=131.19284590000004 0.43466569050000009 0 101.22713215000002 28.987920785000004 3.1500000245000002 4.1071428230000011 55.850000000000009 1.0000000180025095e-35
decision_type=2 2 1 2 8 2 2 2 2
left_child=2 -2 3 4 -1 6 8 -8 -4
right_child=1 -3 5 -5 -6 -7 7 -9 -10
leaf_value=-0.0023265290967266019 -0.00023422316122457361 5.6170379384290543e-05 -0.00011281111923562206 9.08999498678008e-05 7.2571281924822822e-05 1.4936148447019833e-06 0.003779170216709953 -0.0019724416953274841 -0.00067869291926274042
leaf_weight=54 28 29 21 36 20 20 20 31 216
leaf_count=54 28 29 21 36 20 20 20 31 216
internal_value=1.05074e-06 0.00102941 -0.000136103 0.000273179 -6.6845e-05 -0.000288582 -0.000353186 4.82624e-05 -0.000447855
internal_weight=475 57 418 110 74 308 288 51 237
internal_count=475 57 418 110 74 308 288 51 237
cat_boundaries=0 1
cat_threshold=674234501
is_linear=0
shrinkage=0.01


Tree=488
num_leaves=9
num_cat=0
split_feature=16 53 70 88 27 59 53 47
split_gain=0.733573 0.81043 0.32975 0.236134 0.359721 0.18282 0.115427 0.0429073
threshold=0.67341846450000009 0.095000267000000013 7.4307143005000009 22.556260485000003 3.5500000290000004 41.575001240000013 0.39499998100000006 56.250000395000008
decision_type=2 2 2 10 2 2 2 2
left_child=5 -2 -3 4 -4 7 -5 -1
right_child=1 2 3 6 -6 -7 -8 -9
leaf_value=-0.0020772996521552707 0.00039029910687057986 6.0480908546722296e-05 -1.6634674884105042e-05 4.612961246321233e-06 5.3423677832626481e-05 0.00011583537068832496 -0.00026785505470717976 -8.8008911526492729e-05
leaf_weight=187 25 36 31 22 24 34 74 20
leaf_count=187 25 36 31 22 24 34 74 20
internal_value=4.73776e-05 0.000479323 0.000236954 1.64689e-05 0.000546595 -0.000324649 -0.000268595 -0.000440327
internal_weight=453 212 187 151 55 241 96 207
internal_count=453 212 187 151 55 241 96 207
is_linear=0
shrinkage=0.01


Tree=489
num_leaves=11
num_cat=0
split_feature=16 16 25 37 17 37 21 16 39 7
split_gain=0.620511 0.573744 0.607065 0.826339 0.266508 0.548733 0.225088 0.243695 0.144445 0.04079
threshold=0.66486142900000011 0.68325592850000005 4.1214286090000014 8.6499999835000008 101.16000000000001 8.1999998950000013 1.8571428315000003 0.62757321450000003 14.400000300000002 0.43758454750000003
decision_type=2 2 2 2 2 2 2 2 2 2
left_child=6 -2 4 -4 8 -6 7 -1 -3 -8
right_child=1 2 3 -5 5 -7 9 -9 -10 -11
leaf_value=0.0001406706552254628 0.00052508558598657947 -0.00060583059779126985 -0.00017343266542590687 3.7996480364069817e-05 1.7606866388905616e-05 -4.1387587879140999e-05 -0.0047080090835405521 -0.00033299234107871686 0.0021220344487872414 -0.0022170298801260481
leaf_weight=36 35 82 21 20 27 24 20 26 37 139
leaf_count=36 35 82 21 20 27 24 20 26 37 139
internal_value=0.000159256 0.000506483 0.00029509 0.0013756 1.75643e-05 0.000627413 -0.000218666 0.000270701 -0.000229549 -0.000422403
internal_weight=467 246 211 41 170 51 221 62 119 159
internal_count=467 246 211 41 170 51 221 62 119 159
is_linear=0
shrinkage=0.01


Tree=490
num_leaves=10
num_cat=0
split_feature=75 6 7 10 5 26 15 58 2
split_gain=0.520037 0.492889 0.353833 0.933669 1.01669 0.231724 0.231738 0.202303 0.0319177
threshold=5.7792856715000012 0.56427304750000007 0.56662650000000014 0.65615602350000002 0.41864207150000005 4.1071428060000015 0.67110507150000009 2.1550002095000003 0.28535050000000006
decision_type=2 2 2 2 2 2 2 2 2
left_child=1 2 3 5 -5 7 -7 -1 -4
right_child=-2 -3 8 4 -6 6 -8 -9 -10
leaf_value=-7.785577030738749e-05 -0.003099530954290879 6.4259661138370541e-05 -3.1771254614926471e-05 6.6573808593503863e-06 7.1829711447993704e-05 0.0029028039411161579 -9.9692600232653396e-05 3.5780190489319325e-05 -0.0010454057776147394
leaf_weight=135 104 20 20 34 24 26 23 22 60
leaf_count=135 104 20 20 34 24 26 23 22 60
internal_value=0.000136519 0.000317982 0.000220418 0.000400302 0.00151361 7.25337e-05 0.000672691 -0.000104563 -0.000346535
internal_weight=468 364 344 264 58 206 49 157 80
internal_count=468 364 344 264 58 206 49 157 80
is_linear=0
shrinkage=0.01


Tree=491
num_leaves=11
num_cat=0
split_feature=16 88 88 29 60 8 25 88 73 11
split_gain=0.56834 0.548976 0.466858 0.596109 0.504237 0.631933 0.180304 0.360639 0.50125 0.104554
threshold=0.58913064300000018 20.201986145000003 27.435329450000001 3.0285714180000007 29.420000075000004 0.59724800000000011 4.0285713670000005 25.921937140000004 8.7221427645000009 0.69873592900000003
decision_type=2 8 8 2 2 2 2 10 2 2
left_child=-1 -2 6 4 9 -6 -3 8 -8 -4
right_child=1 2 3 -5 5 -7 7 -9 -10 -11
leaf_value=-0.0084839111159235384 0.00017725600968722201 -0.0006524451762043922 -0.001878666172812673 0.0014757434182774006 0.00051930990034197277 -0.00047933948730271062 0.00065570383895699133 -0.00012305931004251726 -0.00014293627151431006 4.2062366225379486e-06
leaf_weight=108 32 81 50 21 24 32 34 49 22 21
leaf_count=108 32 81 50 21 24 32 34 49 22 21
internal_value=0.000149537 0.000340785 0.000212067 0.00063172 0.0003482 0.00105634 -0.00011242 0.000146503 0.000704225 -0.000188022
internal_weight=474 366 334 148 127 56 186 105 56 71
internal_count=474 366 334 148 127 56 186 105 56 71
is_linear=0
shrinkage=0.01


Tree=492
num_leaves=9
num_cat=0
split_feature=40 86 40 59 73 44 81 16
split_gain=0.800613 0.711832 0.424971 0.335756 0.645577 0.13082 0.142669 0.208868
threshold=15.949999745000001 131.19284590000004 11.699999850000003 35.159999845000009 8.6528572015000016 8.499999821500003 19.713571205000004 0.60867407150000019
decision_type=2 2 2 2 2 2 2 2
left_child=1 3 -3 4 -1 6 -5 -8
right_child=-2 2 -4 5 -6 -7 7 -9
leaf_value=-0.0045884228956397941 0.00017648108371242291 0.00018344679177795698 -6.1942011454937594e-06 -0.0020224934482949335 0.00048945812009595978 1.9286400244895645e-05 -0.0012245288556560843 0.0061523263825040541
leaf_weight=33 25 36 24 255 27 20 30 20
leaf_count=33 25 36 24 255 27 20 30 20
internal_value=4.88529e-05 -4.59849e-05 0.000953947 -0.000208657 0.000460526 -0.000339165 -0.000394049 5.9055e-05
internal_weight=470 445 60 385 60 325 305 50
internal_count=470 445 60 385 60 325 305 50
is_linear=0
shrinkage=0.01


Tree=493
num_leaves=11
num_cat=0
split_feature=86 15 11 88 62 11 27 28 66 1
split_gain=0.675776 0.379481 0.544517 0.760887 0.630232 0.549748 0.322716 0.257169 0.132491 0.0314669
threshold=91.57149711000001 0.71941769050000015 0.63953471400000006 26.397590145000006 1.9750003810000003 0.5549890715000001 3.7499999320000001 2.4285714375 78.930002215000016 0.29973050000000007
decision_type=2 2 2 8 2 2 2 2 2 2
left_child=7 2 5 -4 -5 -2 9 -1 -7 -3
right_child=1 6 3 4 -6 8 -8 -9 -10 -11
leaf_value=-0.0020480523583822959 0.0021595131667638367 -5.3730942150463171e-05 6.903322807482243e-05 -0.0049047551711363154 0.00048674517802043896 5.9456835000181135e-05 0.00073224013207359663 0.0015525811752738448 -0.0010021566527472668 -0.0006568966632869343
leaf_weight=142 22 58 31 28 26 33 37 26 50 20
leaf_count=142 22 58 31 28 26 33 37 26 50 20
internal_value=0.000193119 0.000475801 0.000749476 0.00134615 0.000565693 0.000241021 4.31767e-06 -0.000308057 -0.000113365 -0.00034264
internal_weight=473 305 190 85 54 105 115 168 83 78
internal_count=473 305 190 85 54 105 115 168 83 78
is_linear=0
shrinkage=0.01


Tree=494
num_leaves=9
num_cat=0
split_feature=16 16 14 22 51 46 21 73
split_gain=0.591693 0.449565 0.292823 0.279937 0.275687 0.271424 0.155167 0.185942
threshold=0.66486142900000011 0.68083361900000006 0.68719578600000009 1.7285714190000003 3.7000000070000003 11.600000005000002 1.8571428315000003 8.6528572015000016
decision_type=2 2 2 2 2 2 2 2
left_child=6 -2 -3 4 -4 -6 7 -1
right_child=1 2 3 -5 5 -7 -8 -9
leaf_value=-0.0025249659739309161 0.00050011611280642142 0.00013649681955115345 4.7842265260948766e-05 -0.00084541702596409557 2.5204833649741837e-05 -0.0022105917242156133 -0.0035626512608996712 0.00010110319508651159
leaf_weight=33 34 20 27 61 53 46 155 34
leaf_count=33 34 20 27 61 53 46 155 34
internal_value=5.71366e-05 0.000403226 0.000214148 7.72097e-05 0.000354889 8.51702e-05 -0.000309695 6.63716e-05
internal_weight=463 241 207 187 126 99 222 67
internal_count=463 241 207 187 126 99 222 67
is_linear=0
shrinkage=0.01


Tree=495
num_leaves=10
num_cat=0
split_feature=16 26 0 1 23 15 76 26 54
split_gain=0.66368 0.896076 0.686717 0.884725 0.486615 0.786682 0.155912 0.10164 0.0991888
threshold=0.66486142900000011 3.9357143130000005 0.30146440250000006 0.27193592850000003 1.8714285495000003 0.72705264250000012 15.939285890000003 3.5928571735000001 3.4150004385000003
decision_type=2 2 2 2 2 2 2 2 2
left_child=6 4 3 -3 7 -6 8 -2 -1
right_child=1 2 -4 -5 5 -7 -8 -9 -10
leaf_value=4.8131214848249289e-05 -0.00038579785778046846 0.00045724181298325894 -0.00056691630579865625 6.8806725018354426e-05 0.0014000452194062626 -5.2453171948902769e-05 0.00010247130179848833 -0.00067719260990689698 -0.0027875570249900105
leaf_weight=31 26 35 24 21 26 23 34 89 164
leaf_count=31 26 35 24 21 26 23 34 89 164
internal_value=0.000108696 0.000473856 0.00133663 0.00193662 3.64076e-05 0.000873494 -0.000271976 -0.000306563 -0.000385598
internal_weight=473 244 80 56 164 49 229 115 195
internal_count=473 244 80 56 164 49 229 115 195
is_linear=0
shrinkage=0.01


Tree=496
num_leaves=10
num_cat=0
split_feature=16 16 34 57 40 29 14 21 44
split_gain=0.926629 0.817114 0.434752 0.72566 0.432646 0.376827 0.178142 0.136417 0.121697
threshold=0.67341846450000009 0.68220014300000009 4.7571428675000007 0.81500005750000015 12.250000030000001 3.0142857180000004 0.69640939300000004 1.7714285465000004 6.0499998180000008
decision_type=2 2 2 2 2 2 2 2 2
left_child=4 -2 5 -4 7 6 -3 -1 -8
right_child=1 2 3 -5 -6 -7 8 -9 -10
leaf_value=0.00018996117484408457 0.00048103070348408681 0.00011953773037092962 6.8118660575672844e-05 -2.06523522031472e-07 0.00010021298560925783 2.8899188987348071e-05 -3.7142152641332013e-05 -0.0020981877992370195 4.8907041434426051e-05
leaf_weight=23 22 23 21 20 38 36 74 184 21
leaf_count=23 22 23 21 20 38 36 74 184 21
internal_value=0.000209594 0.000686409 0.000462206 0.0013756 -0.000205452 0.000200258 -5.89227e-05 -0.000392204 -0.00026618
internal_weight=462 217 195 41 245 154 118 207 95
internal_count=462 217 195 41 245 154 118 207 95
is_linear=0
shrinkage=0.01


Tree=497
num_leaves=10
num_cat=0
split_feature=62 6 44 17 50 6 13 64 25
split_gain=0.491323 0.421719 0.351852 0.533731 0.322522 0.374371 0.346805 0.145857 0.126733
threshold=3.0650000570000002 0.55327271450000015 6.1999998575000008 62.745000000000005 11.000000150000002 0.45546284500000006 0.6363215000000001 69.935000420000009 3.8999999420000004
decision_type=2 2 2 2 2 2 2 2 2
left_child=1 2 4 -4 6 -6 -1 -2 -8
right_child=7 -3 3 -5 5 -7 8 -9 -10
leaf_value=0.0001488836220017753 -0.0021440698118923326 5.2769902974287853e-05 6.0730798738525566e-05 6.0518081196444421e-07 -0.0033067271384124774 0.0020301205542961661 0.00014284443102930761 0.00052678630604491522 -0.00060395811530476469
leaf_weight=38 121 21 27 34 22 20 20 20 141
leaf_count=38 121 21 27 34 22 20 20 20 141
internal_value=0.000141996 0.00035979 0.000254293 0.000930421 7.23737e-05 0.000864486 -8.75877e-05 -0.000342031 -0.000299753
internal_weight=464 323 302 61 241 42 199 141 161
internal_count=464 323 302 61 241 42 199 141 161
is_linear=0
shrinkage=0.01


Tree=498
num_leaves=9
num_cat=0
split_feature=40 39 16 53 68 16 13 3
split_gain=0.613302 0.469924 0.302575 0.352995 0.545341 0.305377 0.192339 0.0385915
threshold=15.949999745000001 0.70000002150000007 0.6125375715000001 0.085000038500000014 55.959999560000007 0.70921132850000013 0.70774340000000013 0.37686164300000008
decision_type=2 2 2 2 2 2 2 2
left_child=1 -1 -3 4 -4 7 -7 -5
right_child=-2 2 3 5 -6 6 -8 -9
leaf_value=0.00018127052501441061 6.2810995458067962e-05 -0.0041925195030143797 -2.0603149842139238e-05 -0.0014624084434455573 0.003342724237837979 1.9650278832623227e-05 1.8510246426967564e-06 -9.233926999789718e-05
leaf_weight=36 21 135 27 108 23 23 85 20
leaf_count=36 21 135 27 108 23 23 85 20
internal_value=8.14535e-05 0 -9.12756e-05 8.71686e-05 0.000846457 -6.75677e-05 0.0003125 -0.000403727
internal_weight=478 457 421 286 50 236 108 128
internal_count=478 457 421 286 50 236 108 128
is_linear=0
shrinkage=0.01


Tree=499
num_leaves=9
num_cat=0
split_feature=46 43 5 78 74 78 25 9
split_gain=0.724579 0.461891 0.983116 0.702274 0.258299 0.12747 0.104852 0.0424747
threshold=9.8500000200000013 0.15000000200000005 0.43647588100000007 13.392142840000002 4.8371427965000011 12.582857265000001 3.7785714355000004 0.50565640000000012
decision_type=2 2 2 2 2 2 2 2
left_child=-1 6 4 -4 -3 -6 -2 -8
right_child=1 2 3 -5 5 -7 7 -9
leaf_value=6.8015155064660201e-05 2.4600100638175366e-05 2.7279521294597344e-05 1.201914247502958e-05 0.0010935400422505677 3.7832066223394321e-06 -0.00048151662701693292 -0.0048982111989010558 -0.0048664030540402489
leaf_weight=34 26 20 35 29 22 104 20 175
leaf_count=34 26 20 35 29 22 104 20 175
internal_value=7.62128e-05 -3.12646e-05 0.000298861 0.00132716 -0.000143052 -0.000323344 -0.000353923 -0.00043667
internal_weight=465 431 210 64 146 126 221 195
internal_count=465 431 210 64 146 126 221 195
is_linear=0
shrinkage=0.01


Tree=500
num_leaves=10
num_cat=0
split_feature=32 7 5 70 5 5 5 59 3
split_gain=0.501516 0.66725 1.04584 0.494483 0.306783 0.602323 0.274493 0.173427 0.0857157
threshold=5.6000000750000014 0.56662650000000014 0.41864207150000005 7.9807143550000008 0.39352740000000003 0.37527847650000007 0.52202473800000015 41.575001240000013 0.26600414300000003
decision_type=2 2 2 2 2 2 2 2 2
left_child=1 2 4 -4 5 8 7 -2 -1
right_child=6 -3 3 -5 -6 -7 -8 -9 -10
leaf_value=2.9025901369509845e-05 -0.00169224839019507 -9.2629687574410287e-05 7.0387702312253101e-05 0.00034099229913341691 -0.0028152683814130271 0.0012478748233240662 4.5174384874667833e-05 9.5413486206190248e-05 -0.00045519403801681471
leaf_weight=20 181 63 25 28 44 31 21 39 31
leaf_count=20 181 63 25 28 44 31 21 39 31
internal_value=7.54443e-05 0.000399506 0.000714683 0.00188662 0.000197161 0.000567633 -0.000241936 -0.000353261 -6.75677e-05
internal_weight=483 242 179 53 126 82 241 220 51
internal_count=483 242 179 53 126 82 241 220 51
is_linear=0
shrinkage=0.01


Tree=501
num_leaves=12
num_cat=0
split_feature=86 88 15 16 88 86 49 66 6 10 1
split_gain=0.570497 0.627409 0.435844 0.774545 0.415489 0.894764 0.34469 0.205479 0.175744 0.184766 0.0257349
threshold=91.340187600000021 21.597050835000005 0.70602071400000022 0.69752910700000015 30.333100280000004 97.220549985000005 1.0000000035000001 81.655001640000009 0.46165240500000004 0.69491496450000001 0.26443214300000006
decision_type=2 8 2 2 8 2 2 2 2 2 2
left_child=6 -2 3 4 10 -6 -1 -4 -9 -10 -3
right_child=1 2 7 -5 5 -7 -8 8 9 -11 -12
leaf_value=-0.0030531383215877082 0.00018065951238206053 -0.0018104133204104012 -9.1896894215621176e-05 0.00014630274110417308 -0.0030389619370469142 0.00046525113866286409 0.0024641453739340782 -0.0019288906106717935 3.8039565460594851e-05 -1.63772620307004e-05 -0.000536496786003775
leaf_weight=150 29 39 81 24 36 29 20 21 20 20 20
leaf_count=150 29 39 81 24 36 29 20 21 20 20 20
internal_value=0.000150061 0.000401814 0.000251032 0.00063172 0.000288461 0.000843465 -0.000310305 -0.000133053 0.000283171 0.000686274 -0.000292642
internal_weight=489 319 290 148 124 65 170 142 61 40 59
internal_count=489 319 290 148 124 65 170 142 61 40 59
is_linear=0
shrinkage=0.01


Tree=502
num_leaves=11
num_cat=0
split_feature=40 58 37 20 5 21 87 60 13 59
split_gain=0.940213 0.447446 0.472927 0.675155 0.73944 0.434071 0.793825 0.299172 0.195577 0.0427332
threshold=15.949999745000001 0.52500009550000015 8.0999999565000014 1.7999999945000003 0.43647588100000007 1.6571428865000002 29.895495065000002 24.705000400000007 0.6755797750000001 41.474999905000011
decision_type=2 2 2 2 2 2 8 2 2 2
left_child=1 5 9 7 -5 -1 -7 -4 -8 -3
right_child=-2 2 3 4 -6 6 8 -9 -10 -11
leaf_value=-0.001753465714020014 0.000167247850383948 -0.0011497481885829122 2.687940630226997e-05 3.8920680085431637e-06 7.5254024065004826e-05 0.0017545809834897657 0.00015949218605457887 -0.00098786195388867034 -0.003952701312048305 -0.00048805459053748488
leaf_weight=27 21 182 20 29 21 32 20 77 26 20
leaf_count=27 21 182 20 29 21 32 20 77 26 20
internal_value=0.000148171 4.6174e-05 -0.000121498 0.000301082 0.00124016 0.000619093 0.00100254 -0.000168712 0.000106837 -0.000438856
internal_weight=475 454 349 147 50 105 78 97 46 202
internal_count=475 454 349 147 50 105 78 97 46 202
is_linear=0
shrinkage=0.01


Tree=503
num_leaves=7
num_cat=0
split_feature=16 6 9 9 12 10
split_gain=0.545112 0.464909 0.389685 0.593153 0.296636 0.46657
threshold=0.59343418550000016 0.55327271450000015 0.66806697500000012 0.65777140000000012 0.70352464300000006 0.61801215300000012
decision_type=2 2 2 2 2 2
left_child=-1 2 3 4 5 -2
right_child=1 -3 -4 -5 -6 -7
leaf_value=-0.0065960623530060469 2.7073916984465925e-06 7.4501484707370619e-05 -0.00055912032929296819 0.0029137522094053454 -0.00054218087751918738 3.1973702610537134e-05
leaf_weight=121 127 21 68 24 50 60
leaf_count=121 127 21 68 24 50 60
internal_value=9.00804e-05 0.000293614 0.000192541 0.000372422 0.000208158 0.000396698
internal_weight=471 350 329 261 237 187
internal_count=471 350 329 261 237 187
is_linear=0
shrinkage=0.01


Tree=504
num_leaves=10
num_cat=0
split_feature=86 6 26 28 17 9 4 54 13
split_gain=0.668896 0.542093 0.405124 0.524912 0.391377 0.459943 0.20387 0.20447 0.150901
threshold=91.340187600000021 0.54994721450000006 3.8999999930000002 2.2285714235000005 57.185000000000009 0.62351657500000013 0.28918788050000005 2.0700001720000007 0.73684156500000009
decision_type=2 2 2 2 2 2 2 2 2
left_child=8 2 6 4 -4 -6 -2 -8 -1
right_child=1 -3 3 -5 5 -7 7 -9 -10
leaf_value=-0.0022425106438624131 2.4574260096968501e-05 5.790410321081646e-05 -0.00046879862341771722 0.0026190182881086822 0.00036810426346190286 -4.8592658140115267e-05 3.4476721832540551e-05 -0.0017991229097446024 0.00011153316568878358
leaf_weight=145 21 24 40 34 24 35 29 94 20
leaf_count=145 21 24 40 34 24 35 29 94 20
internal_value=0.000139246 0.000422465 0.000286177 0.000683856 0.000285571 0.000811037 -6.90609e-05 -0.000238288 -0.000364898
internal_weight=466 301 277 133 99 59 144 123 165
internal_count=466 301 277 133 99 59 144 123 165
is_linear=0
shrinkage=0.01


Tree=505
num_leaves=12
num_cat=0
split_feature=23 4 46 46 46 39 15 15 17 58 7
split_gain=0.501601 0.446081 0.585855 0.946082 0.489641 0.451364 0.182945 0.125036 0.15807 0.0894932 0.0402441
threshold=1.9571428465000003 0.27439642850000007 11.200000170000001 10.800000245000001 22.500000005000004 4.5500001460000012 0.66954580950000009 0.69484930950000012 41.130000000000003 1.4950003625000001 0.42114135700000005
decision_type=2 2 2 2 2 2 2 2 2 2 2
left_child=1 -1 3 5 7 -3 10 8 -4 -7 -2
right_child=6 2 4 -5 -6 9 -8 -9 -10 -11 -12
leaf_value=7.4062843540367436e-05 0.00015012081773051468 0.00020064306189347271 5.2051986730943786e-05 0.00042358426015330684 0.00061959523598851651 -0.00070132690229438911 2.7560996259275059e-05 -0.00068208262266852989 -0.0014474100790732478 3.4721399811790969e-06 -0.0048980884473576207
leaf_weight=20 20 31 22 20 20 37 31 105 23 21 130
leaf_count=20 20 31 22 20 20 37 31 105 23 21 130
internal_value=0.000141431 0.000395263 0.000280557 0.000851548 -7.61125e-05 0.000373051 -0.000266777 -0.000285146 0.000120087 -0.000119048 -0.000417772
internal_weight=480 299 279 109 170 89 181 150 45 58 150
internal_count=480 299 279 109 170 89 181 150 45 58 150
is_linear=0
shrinkage=0.01


Tree=506
num_leaves=10
num_cat=1
split_feature=86 5 89 3 25 3 7 40 50
split_gain=0.452221 0.484877 0.403164 0.858795 0.115175 0.170852 0.121236 0.106886 0.0830746
threshold=131.19284590000004 0.44119611900000005 0 0.35252696400000011 3.8285714390000005 0.33082507150000007 0.40947400000000006 12.150000040000002 11.000000150000002
decision_type=2 2 1 2 2 2 2 2 2
left_child=2 -2 3 7 5 -4 -6 -1 -8
right_child=1 -3 4 -5 6 -7 8 -9 -10
leaf_value=-0.0039394328464677705 -2.2685667920863626e-06 4.0162536107571049e-05 0.00038356701585443411 5.9535969072876013e-05 -2.1941970669817353e-05 -0.00082733901062686632 -0.0017464418487966957 7.6089521674791929e-05 5.8694035409961791e-06
leaf_weight=46 34 23 20 34 22 20 215 20 39
leaf_count=46 34 23 20 34 22 20 215 20 39
internal_value=2.42717e-05 0.000856401 -8.63725e-05 0.000433213 -0.000263158 0.000196078 -0.000346821 -0.000164671 -0.000412088
internal_weight=473 57 416 100 316 40 276 66 254
internal_count=473 57 416 100 316 40 276 66 254
cat_boundaries=0 1
cat_threshold=136839685
is_linear=0
shrinkage=0.01


Tree=507
num_leaves=11
num_cat=0
split_feature=49 3 41 33 41 0 50 31 1 19
split_gain=0.917243 0.724827 1.70115 0.545782 0.256945 0.599329 0.213241 0.354312 0.160595 0.0422785
threshold=0.30000000800000004 0.35320377100000006 6.1000000390000002 4.1071428230000011 5.3500001430000008 0.12681091700000002 1.0000000225000003 3.8714286090000001 0.18739064300000005 2.6071428400000003
decision_type=2 2 2 2 2 2 2 2 2 2
left_child=6 3 -3 4 5 8 7 -1 -2 -8
right_child=1 2 -4 -5 -6 -7 9 -9 -10 -11
leaf_value=-0.0033513164033357203 7.8551749309275164e-05 0.00033188075578314955 -0.0026955265499315111 0.00059202368217871175 -0.00075145497183754764 0.0019419168740134718 -0.0017103348537733775 0.00015065804660417323 -0.00017365439110991618 -0.00089967676930722325
leaf_weight=27 24 28 21 20 54 26 170 21 62 20
leaf_count=27 24 28 21 20 54 26 170 21 62 20
internal_value=0.000150907 0.000595844 0.00167671 0.000294432 8.99279e-05 0.00037234 -0.00028057 0.000286885 -1.15209e-05 -0.000435011
internal_weight=473 235 49 186 166 112 238 48 86 190
internal_count=473 235 49 186 166 112 238 48 86 190
is_linear=0
shrinkage=0.01


Tree=508
num_leaves=12
num_cat=0
split_feature=32 38 0 5 79 7 26 64 4 5 1
split_gain=0.742625 0.63134 0.765257 1.47639 1.0309 0.370561 0.231377 0.223363 0.108065 0.0421141 0.033148
threshold=5.6000000750000014 6.6500001250000009 0.31065555400000006 0.41864207150000005 8.6057143550000017 0.48500150000000003 4.0214285510000005 67.994998455000015 0.32005404750000005 0.30195404800000003 0.21391490450000003
decision_type=2 2 2 2 2 2 2 2 2 2 2
left_child=1 2 3 6 -5 -3 -1 9 -9 -2 -7
right_child=7 5 -4 4 -6 10 -8 8 -10 -11 -12
leaf_value=0.00011632249825381246 -0.00065927265358894536 0.00067189537098182321 -0.0017438952584816303 0.0001489134078653493 1.2057422364125116e-05 8.7890387867848029e-05 -0.00038605295226372177 -0.0013869257613402604 0.0004533779776453595 -0.0019105967287655718 -0.00024950562684433129
leaf_weight=27 20 35 27 25 20 20 25 26 20 166 66
leaf_count=27 20 35 27 25 20 20 25 26 20 166 66
internal_value=0.000124529 0.000510578 0.00100962 0.00142638 0.00274017 0 0.000227273 -0.000274914 0.000320513 -0.000433619 -0.000357143
internal_weight=477 245 124 97 45 121 52 232 46 186 86
internal_count=477 245 124 97 45 121 52 232 46 186 86
is_linear=0
shrinkage=0.01


Tree=509
num_leaves=12
num_cat=0
split_feature=16 27 1 17 5 37 1 0 54 37 22
split_gain=1.08895 0.999381 1.17803 0.383765 0.275583 0.447533 0.495204 0.180261 0.128419 0.0603736 0.0778705
threshold=0.67720392850000011 3.8714285240000001 0.24976161950000003 35.515000000000008 0.41864207150000005 9.3500002100000028 0.28882064300000004 0.15580360450000005 2.5050001145000005 7.7000001225000005 1.7428571625000002
decision_type=2 2 2 2 2 2 2 2 2 2 2
left_child=8 3 -3 7 -5 6 -6 -2 -1 -10 -11
right_child=1 2 -4 4 5 -7 -8 -9 9 10 -12
leaf_value=5.6867791256574716e-05 0.002185571873779641 0.00056519290613662174 -0.00014602130882309625 -0.00041888984798467996 8.3416350252070608e-05 -0.00024053288827804832 -0.00045871326447752069 0.0021089081702314618 -0.0031606384574847262 -0.0056388464908537694 0.00053558591107132016
leaf_weight=20 21 20 22 60 21 30 20 20 171 27 20
leaf_count=20 21 20 22 60 21 30 20 20 171 27 20
internal_value=0.000136926 0.000656424 0.00203271 0.000300926 1.8968e-05 0.000452646 0.00113636 0.00113636 -0.000322446 -0.000397624 -3.13809e-05
internal_weight=452 214 42 172 131 71 41 41 238 218 47
internal_count=452 214 42 172 131 71 41 41 238 218 47
is_linear=0
shrinkage=0.01


Tree=510
num_leaves=12
num_cat=0
split_feature=86 49 40 0 10 86 2 49 0 5 2
split_gain=0.637738 0.496388 0.73788 0.560185 0.845898 0.277231 0.245079 0.150644 0.175454 0.032135 0.0231242
threshold=91.57149711000001 0.80000001550000011 8.2000000180000026 0.26401193750000002 0.66275619050000012 97.220549985000005 0.2567187855000001 0.40000000950000009 0.11501839550000002 0.49009968550000005 0.34510588050000007
decision_type=2 2 2 2 2 2 2 2 2 2 2
left_child=7 2 -2 4 5 -4 -3 -1 -9 -8 -5
right_child=1 6 3 10 -6 -7 9 8 -10 -11 -12
leaf_value=-0.0053085833384671193 0.00048199308223258083 0.0010109557328608621 -0.0040491493655677707 -0.0025908311307276726 0.00044970645863556965 0.00018772305022268516 -7.7985988204544541e-05 0.0022219877695491786 -1.8068786621375032e-05 -7.176183374071449e-06 -0.00039508281756057967
leaf_weight=131 22 32 23 33 20 49 61 20 21 20 20
leaf_count=131 22 32 23 33 20 49 61 20 21 20 20
internal_value=0.00015901 0.00045584 0.000801549 0.000517833 0.000991379 0.00043956 -3.95432e-05 -0.0003125 0.000179426 -0.000348411 -0.000269517
internal_weight=452 280 167 145 92 72 113 172 41 81 53
internal_count=452 280 167 145 92 72 113 172 41 81 53
is_linear=0
shrinkage=0.01


Tree=511
num_leaves=11
num_cat=0
split_feature=16 38 70 17 20 88 62 59 13 15
split_gain=1.02569 0.72165 0.850054 0.512526 0.342149 0.260031 0.256853 0.156343 0.0923438 0.0309933
threshold=0.66486142900000011 6.3999999650000001 7.765714237000001 99.285000000000011 1.7857142985000001 23.993880675000003 0.71500015250000015 41.854999545000005 0.68425894150000011 0.74603578600000009
decision_type=2 2 2 2 2 10 2 2 2 2
left_child=5 2 -2 6 8 7 -4 -1 -3 -10
right_child=1 4 3 -5 -6 -7 -8 -9 9 -11
leaf_value=-0.0029250206957116449 7.419376308142502e-05 2.4394147984589318e-06 0.0021454331735032729 0.00039227965105110006 0.00089545792988051623 7.5576931605924385e-05 -0.00029781885149915714 0.00067565322957120484 -0.0018100195168200875 0.00028306591154357298
leaf_weight=182 35 20 28 24 31 23 34 20 56 20
leaf_count=182 35 20 28 24 31 23 34 20 56 20
internal_value=0.000214225 0.000659164 0.001211 0.00063364 0.000113458 -0.000267936 0.000111465 -0.000389546 -0.000165289 -0.000338542
internal_weight=473 248 121 86 127 225 62 202 96 76
internal_count=473 248 121 86 127 225 62 202 96 76
is_linear=0
shrinkage=0.01


Tree=512
num_leaves=10
num_cat=0
split_feature=16 80 5 88 3 45 62 16 23
split_gain=0.563182 1.14734 0.305813 0.298263 0.625772 0.311223 0.170768 0.330294 0.0398428
threshold=0.60949717850000018 13.113571440000003 0.32167057150000006 22.302357010000005 0.35320377100000006 5.1499999055000005 1.9750003810000003 0.67720392850000011 1.9642857145000001
decision_type=2 2 2 10 2 2 2 2 2
left_child=8 2 -2 6 5 -5 -4 -8 -1
right_child=1 -3 3 4 -6 -7 7 -9 -10
leaf_value=-0.00068421205755625589 0.00025479098055041004 0.0015348448830476708 -0.00085858622501440191 0.0016257259939770773 4.9196047705097259e-05 -1.1251264504738021e-05 -0.00097373591947316242 0.00034705240089101725 -0.0050310058767772592
leaf_weight=20 20 22 99 45 24 85 31 23 124
leaf_count=20 20 22 99 45 24 85 31 23 124
internal_value=0.000104293 0.000324471 0.00016626 7.9597e-05 0.000394057 9.93883e-05 -0.000224317 0.00020073 -0.000414365
internal_weight=493 349 327 307 154 130 153 54 144
internal_count=493 349 327 307 154 130 153 54 144
is_linear=0
shrinkage=0.01


Tree=513
num_leaves=10
num_cat=0
split_feature=40 39 28 17 54 0 31 40 19
split_gain=1.03013 0.564504 0.477051 1.22976 0.517072 0.385785 0.178192 0.146488 0.0438244
threshold=15.949999745000001 0.55000000800000015 2.0571428540000003 55.035000000000004 2.2999997140000006 0.12681091700000002 4.4857142140000006 11.500000055000003 2.6142856900000004
decision_type=2 2 2 2 2 2 2 2 2
left_child=1 -1 3 -3 5 7 8 -4 -6
right_child=-2 2 4 -5 6 -7 -8 -9 -10
leaf_value=0.00046704819654810252 0.00022779384219188991 -0.0027192612400093884 0.00010125734303654182 0.0003785713590041777 -0.0018957983141427983 0.00041766877255410728 7.4055798188117945e-05 -7.6387635543868942e-05 -2.6256845214216003e-07
leaf_weight=22 25 26 40 20 218 38 36 35 20
leaf_count=22 25 26 40 20 218 38 36 35 20
internal_value=0.000203827 8.88546e-05 3.4577e-06 0.000961538 -0.000107014 0.000452548 -0.000345706 6.59619e-06 -0.000448074
internal_weight=480 455 433 46 387 113 274 75 238
internal_count=480 455 433 46 387 113 274 75 238
is_linear=0
shrinkage=0.01


Tree=514
num_leaves=12
num_cat=0
split_feature=86 46 40 24 31 48 16 32 7 45 5
split_gain=0.916808 0.601963 0.405012 0.729323 0.353312 0.518605 0.161916 0.270923 0.184766 0.0427687 0.02997
threshold=131.19284590000004 11.099999805000001 12.700000025000003 2.3642857245000006 3.1428571685000004 14.449999720000003 0.67720392850000011 5.5071428505000011 0.54527407150000007 24.399999685000004 0.38297285750000004
decision_type=2 2 2 2 2 2 2 2 2 2 2
left_child=2 -2 4 -4 5 -1 9 10 -9 -6 -8
right_child=1 -3 3 -5 6 -7 7 8 -10 -11 -12
leaf_value=-0.002162137526861091 1.8549607529900402e-05 3.013411549379493e-05 -0.0023123550975481487 8.2069470482279468e-05 -0.003116433347659704 3.4426293800072404e-05 9.9555543050755817e-05 -0.0026733514189400155 0.0019558744936859561 -0.00015944521559576254 -0.0015113977538374348
leaf_weight=24 21 39 20 21 183 28 20 20 20 20 52
leaf_count=24 21 39 20 21 183 28 20 20 20 20 52
internal_value=0.000136519 0.00128289 -2.93543e-05 0.000897129 -0.000140022 0.00060606 -0.000270741 1.77304e-05 0.000686274 -0.000439156 -0.00032967
internal_weight=468 60 408 41 367 52 315 112 40 203 72
internal_count=468 60 408 41 367 52 315 112 40 203 72
is_linear=0
shrinkage=0.01


Tree=515
num_leaves=9
num_cat=0
split_feature=40 86 37 50 28 12 12 26
split_gain=1.39441 0.844909 0.921434 0.42779 0.229571 0.181444 0.423223 0.0426247
threshold=15.949999745000001 131.19284590000004 8.4999999590000019 0.45000000300000004 1.9499999880000003 0.68805311950000003 0.69622350000000011 4.1785714285000006
decision_type=2 2 2 2 2 2 2 2
left_child=1 3 -3 -1 -5 7 -7 -6
right_child=-2 2 -4 4 5 6 -8 -9
leaf_value=3.537065782179108e-05 0.00023659593570726553 7.023394441384295e-05 -3.9397749818989321e-06 3.7261011603447818e-05 -0.0014912997249584333 8.0017555706060828e-05 -1.978175325640662e-05 -2.3532848744325375e-05
leaf_weight=21 26 24 33 21 179 20 134 20
leaf_count=21 26 24 33 21 179 20 134 20
internal_value=0.000206767 7.06713e-05 0.00120242 -8.96919e-05 -0.000173426 -0.000238836 6.45983e-06 -0.000437938
internal_weight=478 452 57 395 374 353 154 199
internal_count=478 452 57 395 374 353 154 199
is_linear=0
shrinkage=0.01


Tree=516
num_leaves=9
num_cat=0
split_feature=71 6 48 46 48 5 75 8
split_gain=0.962227 1.00686 0.901804 0.201837 0.74743 0.353019 0.176313 0.0404331
threshold=7.3785713530000008 0.56165328550000015 20.800000160000003 10.999999955000002 9.5000002865000024 0.33078978600000003 3.7957142740000003 0.49746114300000005
decision_type=2 2 2 2 2 2 2 2
left_child=1 2 3 4 -1 -5 -7 -2
right_child=7 -3 -4 5 -6 6 -8 -9
leaf_value=8.9933040484053278e-05 -0.00089677071622693114 5.8153523397871285e-05 0.00027754671256107182 6.7842322184324594e-05 -0.0042149829108020761 3.3433251061796335e-05 -2.4595296088418995e-05 -0.0012256772884106963
leaf_weight=22 20 21 31 22 24 25 147 133
leaf_count=22 20 21 31 22 24 25 147 133
internal_value=0.000214222 0.000553279 0.000377115 0.000157807 0.000747863 5.13335e-06 -0.000138889 -0.000419376
internal_weight=445 292 271 240 46 194 172 153
internal_count=445 292 271 240 46 194 172 153
is_linear=0
shrinkage=0.01


Tree=517
num_leaves=11
num_cat=1
split_feature=89 30 32 86 87 5 13 41 60 5
split_gain=0.788902 0.947905 0.420049 0.325677 0.375627 0.313332 0.860329 0.202958 0.179046 0.0420292
threshold=0 4.407142877500001 5.535714285500001 91.340187600000021 19.636921395000005 0.42315952350000002 0.70467730000000006 3.5000000300000003 27.195000175000004 0.50273019050000012
decision_type=1 2 2 2 10 2 2 2 2 2
left_child=1 -1 5 -3 -5 7 -7 -2 -8 -4
right_child=2 3 9 4 -6 6 8 -9 -10 -11
leaf_value=0.0027951843869466826 0.00016275788967300923 -0.0045049960432649548 -0.001505884899879745 -0.0020225827329132637 0.00027665421675059532 7.5387911469392124e-05 3.2537537320329191e-05 -0.0013465352295483383 -0.00054201356247520827 -6.6050012049910514e-06
leaf_weight=24 26 29 164 23 26 24 23 63 34 20
leaf_count=24 26 29 164 23 26 24 23 63 34 20
internal_value=0.000131348 0.000859929 -9.59431e-05 0.00036802 0.000873494 0.000251756 0.000702934 -0.000139198 0 -0.000432901
internal_weight=456 102 354 78 49 170 81 89 57 184
internal_count=456 102 354 78 49 170 81 89 57 184
cat_boundaries=0 1
cat_threshold=582255104
is_linear=0
shrinkage=0.01


Tree=518
num_leaves=11
num_cat=0
split_feature=40 39 5 16 23 15 15 34 44 27
split_gain=0.949237 0.75797 0.626843 0.456844 0.484224 0.442018 0.222634 0.154353 0.0971218 0.0426612
threshold=12.250000030000001 0.70000002150000007 0.46166152850000003 0.67720392850000011 1.8714285495000003 0.68299035750000014 0.72705264250000012 4.7571428675000007 2.6000000500000007 3.6285714505000004
decision_type=2 2 2 2 2 2 2 2 2 2
left_child=1 -1 5 9 7 -2 -6 8 -5 -3
right_child=2 3 -4 4 6 -7 -8 -9 -10 -11
leaf_value=0.0001710476524909444 0.00032018632667508431 -1.5878076662645195e-05 0.0001628282205110279 5.6790476795776883e-06 0.0020437277701797515 -0.001136557930913678 -1.065920879310745e-05 3.9431180018110237e-05 -0.00088158286180551595 -0.0029454163266109598
leaf_weight=35 23 20 20 25 25 21 23 25 69 180
leaf_count=35 23 20 20 25 25 21 23 25 69 180
internal_value=0.000203513 1.73782e-05 0.00132716 -0.000112833 0.000265197 0.000580357 0.00110656 -6.26045e-05 -0.000263713 -0.000438247
internal_weight=466 402 64 367 167 44 48 119 94 200
internal_count=466 402 64 367 167 44 48 119 94 200
is_linear=0
shrinkage=0.01


Tree=519
num_leaves=7
num_cat=0
split_feature=51 46 16 46 15 57
split_gain=0.799146 0.403223 0.287201 0.581108 0.23407 0.172259
threshold=6.6999999545000009 9.4499999435000017 0.60949717850000018 22.500000005000004 0.65046914300000014 2.3549995425000003
decision_type=2 2 2 2 2 2
left_child=1 -1 -3 4 -4 -6
right_child=-2 2 3 -5 5 -7
leaf_value=3.7418489678737107e-05 4.8140138543689274e-05 -0.0049074418719103566 0.0010848876351783985 0.0004566524012059125 -0.00054029841831545859 1.7198089307603536e-05
leaf_weight=20 39 125 29 22 96 138
leaf_count=20 39 125 29 22 96 138
internal_value=0.000113878 -6.96391e-06 -8.03312e-05 8.92231e-05 -3.60122e-05 -0.000149063
internal_weight=469 430 410 285 263 234
internal_count=469 430 410 285 263 234
is_linear=0
shrinkage=0.01


Tree=520
num_leaves=11
num_cat=0
split_feature=16 5 7 73 83 4 9 8 88 9
split_gain=0.811526 0.78208 0.732814 1.04154 0.434946 0.24829 0.375657 0.65577 0.187422 0.106886
threshold=0.60949717850000018 0.42432602400000002 0.56760121400000008 8.5078571865000026 21.875714030000001 0.33777235700000008 0.59532512500000012 0.58116457150000012 26.399928660000004 0.51665650000000019
decision_type=2 2 2 2 2 2 2 2 8 2
left_child=-1 5 3 -3 8 6 9 -8 -4 -2
right_child=1 2 4 -5 -6 -7 7 -9 -10 -11
leaf_value=-0.003781602153786038 0.0039857210308305016 -1.1425468949498152e-05 1.0194607966757698e-05 0.00030428493796004307 0.00015272386045932343 -0.001233435278218131 0.00047096907894425723 -1.2605489792128248e-05 -0.00029623791314694898 -0.00083215770514442303
leaf_weight=133 20 20 24 38 23 70 20 25 42 46
leaf_count=133 20 20 24 38 23 70 20 25 42 46
internal_value=0.000167821 0.000437956 0.000977672 0.00185374 0.000373051 0 0.000290698 0.00099345 -1.49702e-05 -0.000164671
internal_weight=461 328 147 58 89 181 111 45 66 66
internal_count=461 328 147 58 89 181 111 45 66 66
is_linear=0
shrinkage=0.01


Tree=521
num_leaves=11
num_cat=0
split_feature=40 4 71 37 19 11 17 25 8 8
split_gain=0.891395 1.0249 0.464263 0.569709 0.251454 0.266778 0.563032 0.140344 0.0425505 0.0302359
threshold=12.700000025000003 0.36167550000000009 6.7878571705000006 4.6500000470000007 2.3142856785000006 0.64058830950000012 62.545000000000009 3.7785714355000004 0.68603242850000001 0.56699541650000007
decision_type=2 2 2 2 2 2 2 2 2 2
left_child=2 -2 3 -1 5 -5 -7 -4 -9 -6
right_child=1 -3 7 4 9 6 -8 8 -10 -11
leaf_value=0.00036321491938632239 -0.00059919321852792214 7.3691661468061189e-05 0.00016874761528079814 -0.00090083334138364311 -0.00068270211945107597 6.6378775703433772e-05 3.3502764391630777e-06 -0.0018451321351646199 -3.2042802675045885e-05 -0.0009454457457782774
leaf_weight=26 34 27 20 24 20 22 47 177 20 53
leaf_count=26 34 27 20 24 20 22 47 177 20 53
internal_value=0.000133815 0.00125405 -3.05028e-05 0.000321577 8.99279e-05 0.000442431 0.000766476 -0.00035124 -0.000437311 -0.000331978
internal_weight=470 61 409 192 166 93 69 217 197 73
internal_count=470 61 409 192 166 93 69 217 197 73
is_linear=0
shrinkage=0.01


Tree=522
num_leaves=10
num_cat=0
split_feature=13 12 46 32 12 58 88 60 8
split_gain=0.566657 0.873436 0.346206 0.425239 0.310938 0.131626 0.339566 0.0887411 0.0422785
threshold=0.75096107500000009 0.74999285700000018 11.600000005000002 5.3928571430000005 0.70907752400000013 1.9949998855000002 20.514822440000007 30.669999600000001 0.47800664250000008
decision_type=2 2 2 2 2 2 10 2 2
left_child=2 -2 3 -1 7 8 -7 -5 -4
right_child=1 -3 5 4 -6 6 -8 -9 -10
leaf_value=0.00021386014599667397 6.4633748977422145e-05 -0.00033903167760281408 -0.0045993151826815293 -0.0029870461889840243 0.00076354852297262773 0.00013844051255921492 -0.00083551286905179077 2.0164136545785714e-05 -0.0012236499889018892
leaf_weight=23 22 28 20 62 35 25 44 26 170
leaf_count=23 22 28 20 62 35 25 44 26 170
internal_value=4.49757e-05 0.00104331 -7.51603e-05 0.000306539 5.25039e-05 -0.000298307 5.01431e-05 -0.000247748 -0.000435011
internal_weight=455 50 405 146 123 259 69 88 190
internal_count=455 50 405 146 123 259 69 88 190
is_linear=0
shrinkage=0.01


Tree=523
num_leaves=11
num_cat=0
split_feature=40 32 32 40 40 40 14 76 53 0
split_gain=0.924007 0.782177 0.751378 0.340189 0.792511 0.486838 0.122832 0.147876 0.0993181 0.0639114
threshold=15.949999745000001 5.6000000070000011 5.5071428505000011 8.3999999465000013 7.8000000715000004 11.649999975000002 0.73911531400000008 15.979285650000001 2.1349997525000002 0.092710708500000016
decision_type=2 2 2 2 2 2 2 2 2 2
left_child=1 2 3 4 9 8 7 -3 -5 -1
right_child=-2 6 -4 5 -6 -7 -8 -9 -10 -11
leaf_value=6.1349125355875543e-06 0.00032851275699803591 -0.0020121088305583819 0.0002981223185975077 -0.00096492915787982055 0.0014241743243951616 0.0002450029912966154 0.00035131581573685458 0.00015567856142831234 -8.1585576151490868e-05 -5.7288016144893701e-05
leaf_weight=20 26 173 25 83 29 38 20 21 26 21
leaf_count=20 26 173 25 83 29 38 20 21 26 21
internal_value=0.000242336 0.000131348 0.000523064 0.0003191 0.00088983 3.04464e-05 -0.000302607 -0.00038501 -0.000295993 0
internal_weight=482 456 242 217 70 147 214 194 109 41
internal_count=482 456 242 217 70 147 214 194 109 41
is_linear=0
shrinkage=0.01


Tree=524
num_leaves=10
num_cat=0
split_feature=40 48 86 16 63 17 49 22 1
split_gain=1.31212 1.48699 0.657796 0.878386 0.286436 0.518403 0.0368562 0.0412209 0.0264977
threshold=12.700000025000003 8.8999997155000035 131.19284590000004 0.73371160700000015 11.934999465000002 39.240000000000002 4.3000000490000003 1.8928571385000001 0.27271957150000004
decision_type=2 2 2 2 2 2 2 2 2
left_child=2 -2 4 -4 5 -1 7 -6 -7
right_child=1 -3 3 -5 6 8 -8 -9 -10
leaf_value=0.0010074680014379486 0.00032389260489586543 -0.0008451898858498699 4.8979305199680971e-05 -0.00044846781031956934 -0.0016781707254101314 -6.2786497740769485e-06 -0.0036243867107336766 -0.00027218299183642976 -0.0018505889367692052
leaf_weight=33 25 33 23 20 213 20 20 21 41
leaf_count=33 25 33 23 20 213 20 20 21 41
internal_value=0.000118942 0.00151361 -8.55029e-05 0.00106164 -0.000235092 0.000221519 -0.000412088 -0.000447189 -0.000299353
internal_weight=449 58 391 43 348 94 254 234 61
internal_count=449 58 391 43 348 94 254 234 61
is_linear=0
shrinkage=0.01


Tree=525
num_leaves=12
num_cat=0
split_feature=16 20 6 26 38 53 16 2 38 9 1
split_gain=0.96537 0.838264 0.717484 0.510964 0.686542 0.261459 0.328281 0.209695 0.106166 0.0416705 0.0347098
threshold=0.66486142900000011 1.8142857255000002 0.48181329050000005 3.8999999930000002 6.1999999470000011 0.51000022900000019 0.62757321450000003 0.24134523800000005 6.3000000010000008 0.50846252500000011 0.21391490450000003
decision_type=2 2 2 2 2 2 2 2 2 2 2
left_child=5 3 -3 7 -5 9 -7 -2 -9 -1 -10
right_child=1 2 -4 4 -6 6 -8 8 10 -11 -12
leaf_value=0.00042763242373902613 4.1344326933045343e-05 0.00027337466241880931 0.00016137438719567501 1.7852235320173193e-05 0.00042269885192094237 0.00037299286903626591 -7.1225735807829742e-05 4.2790570964401296e-05 -0.0014260474755299613 -0.0020300800462817923 -0.0012273065660665656
leaf_weight=20 20 37 34 32 23 20 20 20 20 156 75
leaf_count=20 20 37 34 32 23 20 20 20 20 156 75
internal_value=0.000229175 0.000639801 0.00156685 0.000277778 0.00108423 -0.000258303 0.000441176 -4.05009e-05 -0.000220207 -0.000429864 -0.000370564
internal_weight=477 261 71 190 55 216 40 135 115 176 95
internal_count=477 261 71 190 55 216 40 135 115 176 95
is_linear=0
shrinkage=0.01


Tree=526
num_leaves=11
num_cat=0
split_feature=16 87 3 24 9 0 40 76 14 21
split_gain=0.925144 1.02304 0.562422 0.70787 0.537572 0.53192 0.350524 0.140883 0.123164 0.0426612
threshold=0.67341846450000009 22.020477250000003 0.32319575700000008 2.3142857000000006 0.607449075 0.26676181250000003 12.700000025000003 15.990000045 0.71040671450000015 1.7857142730000002
decision_type=2 8 2 2 2 2 2 2 2 2
left_child=6 5 3 4 -3 -2 7 9 -4 -1
right_child=1 2 8 -5 -6 -7 -8 -9 -10 -11
leaf_value=-1.3997033521437764e-06 6.7348845214075995e-05 -0.0017000644258086516 1.2927226909059926e-05 0.0019536215845881054 0.00096221551983790611 4.8886905890300022e-05 9.554229165329593e-05 0.00070925920070006091 -0.0002130839367801849 -0.0020397174384458048
leaf_weight=20 20 38 20 23 32 21 29 20 65 180
leaf_count=20 20 38 20 23 32 21 29 20 65 180
internal_value=0.000200512 0.000675614 0.000329978 0.00086887 0.000324859 0.0020933 -0.000210168 -0.000353261 -0.000238928 -0.000438247
internal_weight=468 219 178 93 70 41 249 220 85 200
internal_count=468 219 178 93 70 41 249 220 85 200
is_linear=0
shrinkage=0.01


Tree=527
num_leaves=9
num_cat=0
split_feature=21 6 48 87 60 28 4 25
split_gain=0.932388 0.953606 0.416604 0.443039 1.58155 0.312416 0.192136 0.126323
threshold=1.8857142710000001 0.54994721450000006 15.649999815000003 23.925738300000003 28.695000175000004 2.0428571615000002 0.32941557150000006 4.0928571225000008
decision_type=2 2 2 10 2 2 2 2
left_child=1 2 3 7 6 -2 -5 -1
right_child=5 -3 -4 4 -6 -7 -8 -9
leaf_value=-0.0014329067830638215 4.256003571270442e-05 6.6028147182040182e-05 6.7497892404927551e-05 -0.0021727278263783708 0.0012501342483097425 -0.0040811043360742651 6.0725094573797523e-05 3.1147380627577069e-05
leaf_weight=70 22 21 27 44 31 153 64 20
leaf_count=70 22 21 27 44 31 153 64 20
internal_value=0.00024735 0.000610151 0.000428349 0.000276327 0.000633047 -0.0003157 3.67646e-05 -0.000253304
internal_weight=452 277 256 229 139 175 108 90
internal_count=452 277 256 229 139 175 108 90
is_linear=0
shrinkage=0.01


Tree=528
num_leaves=11
num_cat=1
split_feature=89 86 3 87 17 86 9 24 49 17
split_gain=0.558188 0.785385 1.13008 0.785602 0.739197 0.790304 0.67541 0.285575 0.243052 0.0376402
threshold=0 91.340187600000021 0.35252696400000011 26.399928660000004 48.375000000000007 100.44990815000001 0.58228697500000004 2.3642857245000006 1.1000000085000001 14.005000000000001
decision_type=1 2 2 8 2 2 2 2 2 2
left_child=-1 8 4 -4 5 -3 -7 -6 9 -2
right_child=1 2 3 -5 7 6 -8 -9 -10 -11
leaf_value=-0.00071831121368220844 -9.6021341368526133e-05 -0.0048237447467454429 8.1009034852751391e-05 5.9425010219801386e-05 -4.3448272801917003e-05 0.0002665926271159641 0.00040032021582770197 0.00032753556201689646 0.0019991126817068871 -0.0034820626806254425
leaf_weight=106 20 20 25 24 80 24 20 21 23 98
leaf_count=106 20 20 25 24 80 24 20 21 23 98
internal_value=0.000167821 0.000356752 0.000749534 0.00207831 0.000334741 0.00117284 0.00191964 -0.000181729 -0.000200987 -0.000395623
internal_weight=461 355 214 49 165 64 44 101 141 118
internal_count=461 355 214 49 165 64 44 101 141 118
cat_boundaries=0 1
cat_threshold=545328257
is_linear=0
shrinkage=0.01


Tree=529
num_leaves=11
num_cat=0
split_feature=16 23 16 70 49 34 17 59 9 38
split_gain=0.751794 0.56996 0.908598 0.743487 0.44468 0.565139 0.254919 0.472421 0.202491 0.104975
threshold=0.66522328550000009 1.8214285545000002 0.71469892850000016 7.6992856095000013 0.65000000600000007 4.7571428675000007 18.110000000000003 40.60999918000001 0.65128547500000011 0.45000000650000005
decision_type=2 2 2 2 2 2 2 2 2 2
left_child=6 4 3 -3 5 -2 7 -1 -4 -8
right_child=1 2 8 -5 -6 -7 9 -9 -10 -11
leaf_value=-0.0032904540362020075 -0.00035882564156932529 0.0010445338732180077 0.00014701442662258562 0.00033744995092887294 -0.0013031645151991291 6.3234973148480511e-05 1.0067825525001745e-05 0.00033660856813753172 -2.8113059407634943e-05 -0.0025991138085079673
leaf_weight=27 32 29 20 35 57 30 28 24 28 133
leaf_count=27 32 29 20 35 57 30 28 24 28 133
internal_value=0.000262506 0.000657895 0.00117021 0.00194444 0.000154424 0.000748408 -0.000159775 0.000434363 8.19671e-05 -0.000361558
internal_weight=443 231 112 64 119 62 212 51 48 161
internal_count=443 231 112 64 119 62 212 51 48 161
is_linear=0
shrinkage=0.01


Tree=530
num_leaves=13
num_cat=0
split_feature=71 13 7 80 8 80 27 59 67 71 58 2
split_gain=0.730042 0.727804 0.899936 0.613203 0.765979 0.871903 0.445617 0.246129 0.109087 0.184043 0.0722374 0.0173151
threshold=7.1900000105000013 0.71023635000000007 0.55277371450000012 12.553571565000002 0.5821400000000001 8.939285755000002 3.8571428400000003 35.265000345000011 43.944997790000009 5.8707142470000013 1.9949998855000002 0.24553464300000002
decision_type=2 2 2 2 2 2 2 2 2 2 2 2
left_child=1 2 3 4 5 -1 8 -2 9 -3 -9 -5
right_child=7 6 -4 11 -6 -7 -8 10 -10 -11 -12 -13
leaf_value=1.1944908387006782e-05 0.00030535614615541308 -0.0011558962704885753 0.00016788123795342266 -8.1024172220881547e-05 -0.00057082327934573982 0.0012571320289179761 4.3452556750444172e-05 -0.003586328973195098 -2.2819377218870004e-05 2.543260737526881e-05 -0.001635931076129899 -0.0014230040125695483
leaf_weight=28 22 23 22 20 22 50 28 112 68 20 38 23
leaf_count=28 22 23 22 20 22 50 28 112 68 20 38 23
internal_value=0.000314597 0.000610236 0.0010585 0.000740612 0.00117063 0.00163706 6.0801e-05 -0.000196759 -0.000210197 0.000148402 -0.000351459 -0.000216895
internal_weight=476 304 165 143 100 78 139 172 111 43 150 43
internal_count=476 304 165 143 100 78 139 172 111 43 150 43
is_linear=0
shrinkage=0.01


Tree=531
num_leaves=11
num_cat=0
split_feature=4 72 73 83 21 8 3 14 60 9
split_gain=0.456924 0.677361 0.993495 0.448788 0.455389 0.485206 0.410624 0.326167 0.232001 0.0404331
threshold=0.37817383350000006 5.648571425000001 8.566428593000003 21.730000085000004 1.8142857125000003 0.58952414300000011 0.38175402400000008 0.70938507150000019 25.020000460000002 0.50565640000000012
decision_type=2 2 2 2 2 2 2 2 2 2
left_child=3 2 -2 4 8 -6 7 -3 -1 -5
right_child=1 6 -4 9 5 -7 -8 -9 -10 -11
leaf_value=3.695061664191394e-05 2.1658106629451466e-05 -0.0002001690630878962 0.00012594416452481349 0.00043005092522221846 0.00033923104927550659 -0.0038540861809193399 -0.0003521360943027129 9.9751810997451514e-05 -0.00047951727812073201 -0.0020755108278365602
leaf_weight=36 32 32 20 20 33 23 53 21 59 133
leaf_count=36 32 32 20 20 33 23 53 21 59 133
internal_value=0.000187986 0.000623426 0.00155303 -3.28085e-05 0.00034585 0.00105634 0.000140449 0.000771375 -5.74114e-05 -0.000419376
internal_weight=462 158 52 304 151 56 106 53 95 153
internal_count=462 158 52 304 151 56 106 53 95 153
is_linear=0
shrinkage=0.01


Tree=532
num_leaves=9
num_cat=0
split_feature=16 51 46 5 47 48 13 9
split_gain=0.86722 0.701023 0.456199 0.547528 0.316638 0.28446 0.114896 0.0806833
threshold=0.67720392850000011 5.7000000775000013 11.149999985000003 0.43729707150000002 56.250000395000008 13.800000050000003 0.68425894150000011 0.53159475000000012
decision_type=2 2 2 2 2 2 2 2
left_child=4 2 3 -2 7 6 -4 -1
right_child=1 -3 5 -5 -6 -7 -8 -9
leaf_value=-0.00050973700050013478 0.001435209616058891 3.8113593698064112e-05 0.0018652184634529194 -1.461333992098419e-06 0.00032895366479140101 3.7309364307578277e-05 -0.0016609567404614386 -0.0033994231023051075
leaf_weight=39 25 31 22 21 20 38 73 187
leaf_count=39 25 31 22 21 20 38 73 187
internal_value=0.000109457 0.000583491 0.000325361 0.00117521 -0.000287682 1.12106e-05 -0.00026618 -0.000401235
internal_weight=456 210 179 46 246 133 95 226
internal_count=456 210 179 46 246 133 95 226
is_linear=0
shrinkage=0.01


Tree=533
num_leaves=12
num_cat=1
split_feature=89 62 24 5 45 45 51 11 42 50 45
split_gain=0.969622 1.30931 1.17397 0.399892 0.355392 0.684066 0.309977 0.383414 0.251621 0.13174 0.0407324
threshold=0 2.5549998285000002 2.3285714305000007 0.42432602400000002 11.500000190000003 9.550000123500002 4.9999999145000009 0.6760767860000001 0.65000000600000007 0.99999999650000004 24.750000075000003
decision_type=1 2 2 2 2 2 2 2 2 2 2
left_child=1 2 3 -1 5 6 8 -8 -2 -6 -11
right_child=4 -3 -4 -5 9 -7 7 -9 -10 10 -12
leaf_value=-0.0034063918904250336 -0.00050321280345468587 -0.0012251740734048563 0.0015626847887489329 6.3725215253705584e-05 0.00031883212158509986 0.0027448961050913303 -0.00054099902585334541 5.3375184636240789e-05 2.7901992167951668e-05 -0.00319115916889286 -8.6390058196254108e-05
leaf_weight=22 89 34 22 30 20 24 25 21 24 138 20
leaf_count=22 89 34 22 30 20 24 25 21 24 138 20
internal_value=0.000262878 0.00104377 0.00188503 0.000984848 0 0.000307399 5.31914e-05 0.000747863 -0.00021529 -0.000318792 -0.000421914
internal_weight=469 108 74 52 361 183 159 46 113 178 158
internal_count=469 108 74 52 361 183 159 46 113 178 158
cat_boundaries=0 1
cat_threshold=673972324
is_linear=0
shrinkage=0.01


Tree=534
num_leaves=11
num_cat=0
split_feature=16 63 46 40 40 10 40 38 17 18
split_gain=0.791381 0.92651 0.400954 0.386756 0.573002 0.625414 0.211968 0.144231 0.0778705 0.0400475
threshold=0.60949717850000018 21.215000155000002 9.8500000200000013 8.3999999465000013 7.5999999645000011 0.62325485700000016 12.050000020000001 8.2500001195000028 62.545000000000009 1.014285705
decision_type=2 2 2 2 2 2 2 2 2 2
left_child=9 2 -2 4 8 -6 7 -5 -4 -1
right_child=1 -3 3 6 5 -7 -8 -9 -10 -11
leaf_value=-0.0036126554744130251 0.00010295971094526651 0.00019328204159132226 3.8917108602495229e-05 -0.0007381694657557791 2.6590860364209636e-05 0.0020435878156391807 7.2624996371327324e-05 9.3200515196375201e-06 -0.0031486336997374798 -0.00030400634641615716
leaf_weight=127 38 23 20 105 23 20 35 40 27 20
leaf_count=127 38 23 20 105 23 20 35 40 27 20
internal_value=0.000185881 0.000459614 0.000304404 0.000158789 0.000693832 0.00151826 -9.95576e-05 -0.000277778 -3.13809e-05 -0.000416103
internal_weight=478 331 308 270 90 43 180 145 47 147
internal_count=478 331 308 270 90 43 180 145 47 147
is_linear=0
shrinkage=0.01


Tree=535
num_leaves=10
num_cat=0
split_feature=40 16 39 77 88 33 22 15 15
split_gain=1.46094 0.672605 0.793877 1.2085 0.542189 0.3864 0.216537 0.323871 0.0838677
threshold=15.949999745000001 0.6125375715000001 13.250000050000002 12.956428595000002 26.158520245000002 4.3071428705000008 1.8500000070000002 0.70326771450000003 0.72705264250000012
decision_type=2 2 2 2 8 2 2 2 2
left_child=1 -1 5 4 -4 6 -3 -8 -6
right_child=-2 2 3 -5 8 -7 7 -9 -10
leaf_value=-0.0037128269644088074 0.00038988722853680998 -0.0017941823034137534 0.00016803904225953903 0.0025208367643138442 -0.0021924084613643654 9.7460298363585715e-05 0.00029396105803254971 -0.00094354404504490784 0.00029864722463911029
leaf_weight=139 25 96 20 20 30 21 44 37 20
leaf_count=139 25 96 20 20 30 21 44 37 20
internal_value=0.000225265 8.0645e-05 0.000360111 0.00113436 0.000466102 0 -0.000149044 0.000213936 -5.90552e-05
internal_weight=452 427 288 90 70 198 177 81 50
internal_count=452 427 288 90 70 198 177 81 50
is_linear=0
shrinkage=0.01


Tree=536
num_leaves=9
num_cat=0
split_feature=16 63 15 9 8 9 11 16
split_gain=0.557561 1.13012 0.280451 0.645136 0.850611 0.246425 0.128611 0.128254
threshold=0.60949717850000018 21.719999790000006 0.7266769525000002 0.59954969150000015 0.58582085700000019 0.6484497250000002 0.56400185700000016 0.75413885700000016
decision_type=2 2 2 2 2 2 2 2
left_child=-1 2 3 6 -5 -6 -2 -4
right_child=1 -3 7 4 5 -7 -8 -9
leaf_value=-0.0032198651154723944 0.0004767463781022979 0.0014705165490852918 -0.00018351951192738852 7.6396570080374744e-05 -0.00019475840638284251 5.5028752423341252e-05 -1.6443327927062568e-05 7.2849280072446553e-06
leaf_weight=138 20 23 88 21 38 50 74 21
leaf_count=138 20 23 88 21 38 50 74 21
internal_value=4.53777e-05 0.000269506 0.000102302 0.0003263 0.000851548 0.000382883 -0.000263713 -0.000295993
internal_weight=473 335 312 203 109 88 94 109
internal_count=473 335 312 203 109 88 94 109
is_linear=0
shrinkage=0.01


Tree=537
num_leaves=12
num_cat=0
split_feature=49 6 25 2 9 4 7 34 18 25 13
split_gain=0.669254 0.320404 0.301648 0.287563 0.539826 0.346631 0.505338 0.185103 0.118855 0.0626897 0.0734472
threshold=0.40000000950000009 0.55327271450000015 3.7928571530000004 0.25918007150000005 0.59532512500000012 0.38097314300000001 0.56760121400000008 4.7499999830000013 0.99285714100000011 3.9214285440000003 0.66939020000000016
decision_type=2 2 2 2 2 2 2 2 2 2 2
left_child=2 3 -1 4 -2 8 -7 9 -5 10 -4
right_child=1 -3 7 5 -6 6 -8 -9 -10 -11 -12
leaf_value=0.00010313994748003524 0.00063335301681914874 0.00013022694289033772 -0.0021515622608486956 -0.00020724095614559678 0.0013761740681331267 9.204263712095331e-05 -1.7048267413777072e-05 0.00018295276923577204 0.0001698868533185613 -0.0033856412571071706 4.0930593489982673e-05
leaf_weight=29 39 20 25 59 25 24 27 30 20 153 20
leaf_count=29 39 20 25 59 25 24 27 30 20 153 20
internal_value=0.000196058 0.00060987 -0.000141583 0.000467146 0.00101852 0.000175841 0.000820463 -0.000270979 -0.000219298 -0.000387324 -1.09171e-05
internal_weight=471 214 257 194 64 130 51 228 79 198 45
internal_count=471 214 257 194 64 130 51 228 79 198 45
is_linear=0
shrinkage=0.01


Tree=538
num_leaves=12
num_cat=0
split_feature=16 15 53 25 26 54 20 14 8 88 4
split_gain=0.916064 0.833905 0.931166 0.466899 0.424466 0.523284 0.298289 0.532843 0.108065 0.0911246 0.0327568
threshold=0.66402850000000013 0.69655156050000011 1.1300001145000003 3.8285714390000005 3.8999999930000002 4.4650001525000009 1.7999999945000003 0.74047035700000008 0.63965471450000011 23.120483925000006 0.38234050000000003
decision_type=2 2 2 2 2 2 2 2 2 10 2
left_child=3 2 -2 -1 6 -6 10 -8 -7 -5 -3
right_child=1 4 -4 9 5 8 7 -9 -10 -11 -12
leaf_value=6.9315364571378223e-05 0.0015440577450225245 -0.0013316542801104878 2.3843731857581172e-05 -0.0046029706155765781 4.5624826910625289e-05 -1.6040279362584863e-05 0.00017343142921104088 -1.678590714951521e-05 0.00020579543066683636 6.7105310609274445e-07 -0.0014180840857634322
leaf_weight=24 27 64 24 170 20 26 20 20 20 34 20
leaf_count=24 27 64 24 170 20 26 20 20 20 34 20
internal_value=0.000220306 0.000651365 0.00178571 -0.000227273 0.000330189 0.000973054 -1.18445e-10 0.000686274 0.000320513 -0.000390625 -0.000353774
internal_weight=469 241 51 228 190 66 124 40 46 204 84
internal_count=469 241 51 228 190 66 124 40 46 204 84
is_linear=0
shrinkage=0.01


Tree=539
num_leaves=10
num_cat=1
split_feature=89 60 88 13 38 11 24 34 1
split_gain=0.77111 0.736394 0.470944 0.219721 0.247048 0.435887 0.199885 0.152897 0.0939964
threshold=0 30.930000305000004 22.484581360000004 0.76652608500000008 8.0000001565000023 0.66708671450000012 2.4785714150000007 5.2071428640000006 0.21724625000000003
decision_type=1 2 10 2 2 2 2 2 2
left_child=1 2 8 4 6 -6 7 -2 -1
right_child=3 -3 -4 -5 5 -7 -8 -9 -10
leaf_value=0.00020547018237260074 -0.0017030847794790019 7.761823828973495e-05 6.6765528843989449e-05 0.00019146867894257792 -0.00016706260666333412 0.0015889981688654512 0.000253312233448384 3.045686801151406e-05 -0.0031728485714976823
leaf_weight=20 221 22 37 20 26 25 30 21 36
leaf_count=20 221 22 37 20 26 25 30 21 36
internal_value=0.000128596 0.000798887 0.000442431 -0.000111645 -0.000183756 0.000434363 -0.000307918 -0.000407743 -0.000105634
internal_weight=458 115 93 343 323 51 272 242 56
internal_count=458 115 93 343 323 51 272 242 56
cat_boundaries=0 1
cat_threshold=674236772
is_linear=0
shrinkage=0.01


Tree=540
num_leaves=12
num_cat=1
split_feature=89 54 4 86 46 17 4 86 27 2 4
split_gain=0.933841 1.36198 0.582889 0.37498 0.366386 0.577563 0.175294 0.149979 0.149974 0.0329546 0.0204918
threshold=0 2.7749996185000003 0.38621613100000002 95.700869215000012 10.999999905000001 73.230000000000004 0.29004300000000005 131.61942115000002 4.657142835000001 0.33170666650000008 0.34204607150000005
decision_type=1 2 2 2 2 2 2 2 2 2 2
left_child=1 -1 10 8 5 -5 -6 9 -2 -8 -3
right_child=3 2 -4 4 6 -7 7 -9 -10 -11 -12
leaf_value=0.00016785693880739006 -0.0040018009904702542 -0.0025993140205898125 0.00019732129811947846 2.6505438596434976e-05 0.00021629904262097767 0.00031860558913338874 -0.0013628449192201848 9.5354692569844792e-06 0.00055917357513175943 -0.00080275131098039854 -0.0025519623491781014
leaf_weight=27 140 20 35 31 20 20 65 29 20 20 28
leaf_count=27 140 20 35 31 20 20 65 29 20 20 28
internal_value=0.00026437 0.00101821 0.000435561 -1.4054e-06 0.000298708 0.00101351 7.41828e-06 -0.000130662 -0.000360697 -0.000355478 -0.000245902
internal_weight=455 110 83 345 185 51 134 114 160 85 48
internal_count=455 110 83 345 185 51 134 114 160 85 48
cat_boundaries=0 1
cat_threshold=170134276
is_linear=0
shrinkage=0.01


Tree=541
num_leaves=11
num_cat=0
split_feature=16 3 62 16 59 63 40 1 26 12
split_gain=0.709248 0.724547 0.709455 1.23424 0.35921 0.425987 0.327392 0.243749 0.0900172 0.0350185
threshold=0.67720392850000011 0.31490748550000008 1.6050000190000002 0.71983528600000013 35.074998855000011 19.215000630000002 11.999999855000002 0.24792775000000003 4.1142856560000007 0.67125150950000012
decision_type=2 2 2 2 2 2 2 2 2 2
left_child=6 2 3 -2 -3 9 8 -8 -1 -6
right_child=1 4 -4 -5 5 -7 7 -9 -10 -11
leaf_value=-0.0027863911701134342 0.0019708489101262282 0.00047425536894391609 -9.340473545673966e-05 -7.9218777149482977e-05 -0.00039043717789975806 7.1542583283551545e-05 -0.0022307783664168896 0.00017132648499777081 -0.001142255900128209 -4.1726226971404331e-05
leaf_weight=161 26 20 31 23 20 23 26 20 34 77
leaf_count=161 26 20 31 23 20 23 26 20 34 77
internal_value=0.000167821 0.00057971 0.00133663 0.00207831 0.000127841 -6.62253e-05 -0.000200579 0.000534188 -0.000385598 -0.000373211
internal_weight=461 220 80 49 140 120 241 46 195 97
internal_count=461 220 80 49 140 120 241 46 195 97
is_linear=0
shrinkage=0.01


Tree=542
num_leaves=11
num_cat=1
split_feature=16 39 89 44 5 1 26 87 11 53
split_gain=0.655399 0.531626 0.441729 0.803856 0.715652 0.237647 0.216901 0.235044 0.101381 0.107362
threshold=0.58913064300000018 15.500000195000002 0 3.6000000390000007 0.42432602400000002 0.19603085750000002 4.1071428060000015 29.895495065000002 0.71397942850000018 2.1349997525000002
decision_type=2 2 1 2 2 2 2 8 2 2
left_child=-1 2 3 5 -5 -2 8 -8 9 -4
right_child=1 -3 6 4 -6 -7 7 -9 -10 -11
leaf_value=-0.0060283035078926798 0.00054561819056314414 6.6122243535932023e-05 -4.6796062638467029e-05 0.00022423603934646546 0.00048463859909284967 -0.0010883975064994984 0.0031967134906342445 -0.00020309060652923949 0.00018881197772389419 3.8429871151770947e-05
leaf_weight=108 20 38 107 33 21 41 20 25 20 26
leaf_count=108 20 38 107 33 21 41 20 25 20 26
internal_value=0.000192475 0.00040506 0.000259719 0.000719396 0.00166058 0 -3.3525e-05 0.000556768 -0.000224317 -0.000332586
internal_weight=459 351 313 115 54 61 198 45 153 133
internal_count=459 351 313 115 54 61 198 45 153 133
cat_boundaries=0 1
cat_threshold=136314898
is_linear=0
shrinkage=0.01


Tree=543
num_leaves=8
num_cat=0
split_feature=16 80 88 44 13 12 88
split_gain=0.635167 0.500729 0.464896 0.491456 0.82264 0.228353 0.120632
threshold=0.58913064300000018 13.022857190000002 27.435329450000001 6.1999998575000008 0.71531968750000008 0.58117628600000015 25.786507530000005
decision_type=2 2 10 2 2 2 10
left_child=-1 2 3 5 -5 -2 -7
right_child=1 -3 -4 4 -6 6 -8
leaf_value=-0.0060905346825687332 0.0021017314915275005 0.00086305251546184617 0.00048089379499493927 0.00014364631326645931 -0.00069986773142271651 -0.00080818088473213513 5.9072821099429268e-06
leaf_weight=107 20 32 37 37 26 154 37
leaf_count=107 20 32 37 37 26 154 37
internal_value=0.000184117 0.000397033 0.000264593 0.000112809 0.00088558 -0.000110954 -0.000226799
internal_weight=450 343 311 274 63 211 191
internal_count=450 343 311 274 63 211 191
is_linear=0
shrinkage=0.01


Tree=544
num_leaves=12
num_cat=0
split_feature=62 44 17 0 17 67 40 25 41 68 54
split_gain=0.874758 0.428072 0.5447 0.815966 0.38176 0.485206 0.355715 0.201786 0.474516 0.161776 0.149587
threshold=2.8750000000000004 6.149999976000001 102.74500000000002 0.26401193750000002 113.62500000000001 46.655000210000004 15.599999910000003 4.0999999560000004 3.6000000535000001 55.169998645000007 3.8150005340000006
decision_type=2 2 2 2 2 2 2 2 2 2 2
left_child=1 4 3 -3 6 -6 7 9 -9 -1 -2
right_child=10 2 -4 -5 5 -7 -8 8 -10 -11 -12
leaf_value=-0.0028686476212236166 1.7429793095321254e-05 0.00023876542635657783 -0.00027972889445746082 -1.6734461871046471e-05 0.00022210277701820505 -4.3609391994104164e-05 0.00011733305297500234 -0.001973427644959174 0.00034008564259781866 3.0565707572637549e-05 -0.0044272128229047676
leaf_weight=92 20 28 23 23 33 23 20 24 23 35 138
leaf_count=92 20 28 23 23 33 23 20 24 23 35 138
internal_value=0.000242336 0.000541872 0.00121658 0.00178571 0.000330941 0.00105634 0.000107803 -2.86042e-05 0.000512552 -0.000246479 -0.000358942
internal_weight=482 324 74 51 250 56 194 174 47 127 158
internal_count=482 324 74 51 250 56 194 174 47 127 158
is_linear=0
shrinkage=0.01


Tree=545
num_leaves=9
num_cat=0
split_feature=71 1 73 21 46 1 9 20
split_gain=0.742977 0.648285 0.854401 0.499849 0.615771 0.480807 0.477095 0.432734
threshold=7.3785713530000008 0.29363107150000006 8.9285713265000002 1.6571428865000002 16.250000020000005 0.25346078550000006 0.63664367500000008 1.9571428385000003
decision_type=2 2 2 2 2 2 2 2
left_child=1 2 3 -1 6 -4 -5 -2
right_child=7 -3 5 4 -6 -7 -8 -9
leaf_value=-0.002217837457139073 -0.0048407055559496022 -0.0022003160263980993 3.9755667081920567e-05 -0.0016637296659973756 0.00039905070395148263 0.00026933350714324094 6.6852128283108965e-05 7.5472470447188677e-05
leaf_weight=39 127 46 20 75 35 20 77 27
leaf_count=39 127 46 20 75 35 20 77 27
internal_value=0.000332048 0.000613811 0.000805847 0.000551146 0.000769435 0.00215686 0.000471204 -0.000226098
internal_weight=466 312 266 226 187 40 152 154
internal_count=466 312 266 226 187 40 152 154
is_linear=0
shrinkage=0.01


Tree=546
num_leaves=11
num_cat=1
split_feature=89 54 2 13 44 77 10 12 1 2
split_gain=1.4584 1.09461 0.483991 0.393219 0.352729 0.349052 0.586084 0.151684 0.191897 0.128815
threshold=0 2.7749996185000003 0.28819364300000005 0.76652608500000008 4.5000000785000003 13.873571495000002 0.56853100000000012 0.72104378600000019 0.23395992850000003 0.31579850000000004
decision_type=1 2 2 2 2 2 2 2 2 2
left_child=1 -1 -3 5 -4 7 -7 -2 -9 -8
right_child=3 2 4 -5 -6 6 9 8 -10 -11
leaf_value=0.00030181422537420798 -0.0016143472843292276 -0.0012607635616933052 0.00010918220286120773 4.066272615332404e-05 8.3601072863960499e-05 0.00087787978735105352 0.00013174344468138406 0.00017844120690744926 -2.4492586289701939e-05 -0.0027851463194003374
leaf_weight=31 200 26 23 22 21 20 31 20 25 41
leaf_count=31 200 26 23 22 21 20 31 20 25 41
internal_value=0.000234375 0.00122987 0.000607345 -7.43646e-05 0.00125 -0.000167259 0.000344827 -0.000368186 0.000120087 -5.49452e-05
internal_weight=460 101 70 359 44 337 92 245 45 72
internal_count=460 101 70 359 44 337 92 245 45 72
cat_boundaries=0 1
cat_threshold=170133764
is_linear=0
shrinkage=0.01


Tree=547
num_leaves=11
num_cat=0
split_feature=21 21 12 10 40 16 15 60 13 1
split_gain=1.60799 1.75564 0.6716 1.53904 0.405747 0.331419 0.580597 0.18392 0.0983101 0.0192946
threshold=1.7857142730000002 1.7428571245000002 0.69458671400000005 0.61875621450000018 15.600000030000002 0.67720392850000011 0.71156628550000012 31.815000055000002 0.75166676650000019 0.27107421450000008
decision_type=2 2 2 2 2 2 2 2 2 2
left_child=1 2 3 -1 5 7 -7 -2 -8 -4
right_child=4 -3 9 -5 -6 6 8 -9 -10 -11
leaf_value=-0.00038844981666748919 -0.0021817564568267578 0.00013969941582407078 -0.001180403872509547 0.00010319570646558864 0.0002877007941376879 0.00027147077477292784 -0.00038512149421916249 6.4853167277967015e-05 1.7653071480968932e-05 -0.00047929029784347373
leaf_weight=36 159 33 26 22 20 27 39 36 20 20
leaf_count=36 159 33 26 22 20 27 39 36 20 20
internal_value=0.000407931 0.00130261 0.000629771 0.00134354 0 -0.000101136 0.000403226 -0.000334525 -0.000125418 -0.000235043
internal_weight=438 137 104 58 301 281 86 195 59 46
internal_count=438 137 104 58 301 281 86 195 59 46
is_linear=0
shrinkage=0.01


Tree=548
num_leaves=12
num_cat=0
split_feature=54 24 12 7 87 76 24 87 47 39 5
split_gain=0.917069 0.991481 0.524391 1.13346 0.565759 0.550821 0.361648 0.528893 0.240115 0.127125 0.0920306
threshold=2.7749996185000003 1.8857142755000003 0.74704928550000005 0.54593564300000008 26.127533560000003 15.801428455000002 2.4357142790000004 26.231004275000004 25.200000290000002 0.60000000500000006 0.49411128550000005
decision_type=2 2 2 2 8 2 2 8 2 2 2
left_child=2 -2 3 4 -1 -5 9 -8 -9 -3 -11
right_child=1 6 -4 5 -6 -7 7 8 -10 10 -12
leaf_value=0.00014273621361154989 6.7873282292085926e-05 6.184448045163819e-05 -0.0010168117315683977 0.0015670147632848269 -0.0016269858527286679 2.4694433516972433e-05 0.00027626135370986926 -0.00022657302689543931 0.00044795394781793672 -0.0024278532073274271 -3.4011404899463287e-06
leaf_weight=37 29 20 20 23 34 22 20 42 20 178 34
leaf_count=37 29 20 20 23 34 22 20 42 20 178 34
internal_value=0.000330346 4.79929e-05 0.00102339 0.00128425 0.000452646 0.00252183 -0.000111182 0.00044686 0 -0.00031787 -0.000394737
internal_weight=479 343 136 116 71 45 314 82 62 232 212
internal_count=479 343 136 116 71 45 314 82 62 232 212
is_linear=0
shrinkage=0.01


Tree=549
num_leaves=9
num_cat=0
split_feature=88 6 28 62 40 6 14 76
split_gain=1.01657 0.722542 0.654434 0.39068 0.384998 0.616983 0.286842 0.154672
threshold=27.750884020000004 0.56427304750000007 1.9785714320000001 1.2800002100000003 8.3999999465000013 0.45079700000000006 0.69319047650000021 15.990000045
decision_type=10 2 2 2 2 2 2 2
left_child=1 2 -1 4 5 -4 -6 -5
right_child=-2 -3 3 7 6 -7 -8 -9
leaf_value=0.00010010308634538286 0.00047140649070518819 6.3376416254624679e-05 -0.0017035769122747571 -0.0039493858197398556 9.2425098075771663e-05 0.001301786417130746 -0.00015634778863101771 0.00071441619886733368
leaf_weight=21 36 32 26 169 59 26 69 20
leaf_count=21 36 32 26 169 59 26 69 20
internal_value=0.000302964 0.000158467 3.3265e-05 -6.08438e-05 0.000265487 0.000984848 -1.55281e-05 -0.000381981
internal_weight=458 422 390 369 180 52 128 189
internal_count=458 422 390 369 180 52 128 189
is_linear=0
shrinkage=0.01


Tree=550
num_leaves=10
num_cat=0
split_feature=16 80 86 17 4 23 38 10 16
split_gain=0.881387 0.784349 0.440369 0.912219 0.553521 0.258033 0.324324 0.187628 0.118855
threshold=0.58913064300000018 13.104285650000003 95.295729820000005 29.740000000000006 0.33673492850000003 1.8428571350000003 7.8499999640000011 0.5781122860000002 0.70544171450000015
decision_type=2 2 2 2 2 2 2 2 2
left_child=-1 2 8 4 -4 7 -7 -5 -2
right_child=1 -3 3 5 -6 6 -8 -9 -10
leaf_value=-0.0053041150810184288 -0.0037526451974723247 0.0010968766681035817 0.00044122386792111489 0.00011702383384449388 0.0031667191167147925 8.853570370450178e-05 7.2762043603981786e-05 -0.0004045526406294074 0.001716893771626602
leaf_weight=104 59 29 23 21 21 69 20 84 20
leaf_count=104 59 29 23 21 21 69 20 84 20
internal_value=0.000317214 0.000562284 0.000407489 0.000623953 0.00191964 0.000313142 0.000707127 -4.72602e-06 -0.000219298
internal_weight=450 346 317 238 44 194 89 105 79
internal_count=450 346 317 238 44 194 89 105 79
is_linear=0
shrinkage=0.01


Tree=551
num_leaves=10
num_cat=0
split_feature=16 13 9 3 23 12 6 37 23
split_gain=0.839471 0.498989 0.946475 1.83976 0.604739 0.445809 0.138036 0.086569 0.0420718
threshold=0.65667821400000015 0.71023635000000007 0.59954969150000015 0.33904378550000008 1.871428579 0.61527654800000009 0.55803078550000007 6.0500000190000014 1.7714285685000002
decision_type=2 2 2 2 2 2 2 2 2
left_child=6 2 5 -4 7 -2 8 -3 -1
right_child=1 4 3 -5 -6 -7 -8 -9 -10
leaf_value=-0.00059008692330296271 0.00061135664049953857 -0.00046340913579470319 0.0001822266498232636 -0.0027041933198202355 7.0022507969889298e-05 -0.00097813746618393392 8.8371403657978582e-05 -0.00031243653860921298 -0.0031717896829508464
leaf_weight=20 20 28 27 23 32 40 20 72 165
leaf_count=20 20 28 27 23 32 40 20 72 165
internal_value=0.000121706 0.000523064 0.00101986 0.00202756 9.03613e-05 0.000131579 -0.000342566 -0.000277778 -0.000433262
internal_weight=447 242 110 50 132 60 205 100 185
internal_count=447 242 110 50 132 60 205 100 185
is_linear=0
shrinkage=0.01


Tree=552
num_leaves=11
num_cat=0
split_feature=54 0 44 49 48 87 41 16 87 45
split_gain=0.909788 0.958034 0.494396 0.442118 0.530061 0.470127 0.418671 0.360308 0.3368 0.183311
threshold=1.8400001525000003 0.13022432650000001 3.3999999685000004 0.80000001550000011 14.449999720000003 21.763161570000005 5.0999999420000011 0.58913064300000018 26.400644640000003 9.1999997645000011
decision_type=2 2 2 2 2 10 2 2 10 2
left_child=1 8 9 4 6 -6 7 -4 -1 -2
right_child=2 -3 3 -5 5 -7 -8 -9 -10 -11
leaf_value=-0.00093206509782265833 2.8622511852337345e-05 0.00020422596761919434 -0.010285851293761292 -0.0020112657606320803 5.846429253550478e-05 6.172181677704521e-05 -0.0017896724422545064 0.00028359460424282485 0.002188849978901342 -0.0020937227944961292
leaf_weight=21 35 21 21 47 21 27 48 70 20 138
leaf_count=21 35 21 21 47 21 27 48 70 20 138
internal_value=0.000262878 0.00138535 8.46002e-05 0.000387564 0.000609691 0.00151639 0.000275393 0.000680828 0.00041866 -0.000313579
internal_weight=469 62 407 234 187 48 139 91 41 173
internal_count=469 62 407 234 187 48 139 91 41 173
is_linear=0
shrinkage=0.01


Tree=553
num_leaves=9
num_cat=0
split_feature=16 6 30 59 33 60 37 26
split_gain=1.32508 0.976484 0.587672 1.57015 0.39276 0.284458 0.315191 0.337969
threshold=0.60949717850000018 0.55327271450000015 2.3357142805000004 35.470000265000003 3.9357142960000004 30.839999195000004 9.6999999060000022 3.6999999630000002
decision_type=2 2 2 2 2 2 2 2
left_child=-1 2 3 4 -2 6 7 -4
right_child=1 -3 5 -5 -6 -7 -8 -9
leaf_value=-0.0038515887769131878 -0.0012747348631722665 0.00015483680824697311 8.331270095290659e-05 7.8809920473560814e-05 4.1455002574077374e-05 0.00023369984578824166 0.0018775741353965329 -0.0012159636979176018
leaf_weight=143 29 20 54 21 20 37 22 111
leaf_count=143 29 20 54 21 20 37 22 111
internal_value=0.000304718 0.000670267 0.000512212 0.00131356 0.000271084 0.00024911 7.72097e-05 -6.33294e-05
internal_weight=457 314 294 70 49 224 187 165
internal_count=457 314 294 70 49 224 187 165
is_linear=0
shrinkage=0.01


Tree=554
num_leaves=7
num_cat=0
split_feature=46 39 7 7 87 1
split_gain=1.39272 0.701917 0.385137 0.247644 0.238709 0.297264
threshold=9.8500000200000013 0.70000002150000007 0.63897342850000005 0.40947400000000006 22.484581360000004 0.23458046400000002
decision_type=2 2 2 2 10 2
left_child=-1 -2 3 -3 -5 -6
right_child=1 2 -4 4 5 -7
leaf_value=0.00017461697754026125 0.00021530875430611753 0.0023122471459086839 2.5045266905049787e-05 -0.0026594606865493241 -0.0013717262088394338 6.9354912182402462e-05
leaf_weight=36 33 28 20 124 112 118
leaf_count=36 33 28 20 124 112 118
internal_value=0.000302035 0.000138825 1.73782e-05 -4.96344e-05 -0.000126832 5.63257e-05
internal_weight=471 435 402 382 354 230
internal_count=471 435 402 382 354 230
is_linear=0
shrinkage=0.01


Tree=555
num_leaves=12
num_cat=0
split_feature=16 61 0 5 86 54 46 2 44 5 0
split_gain=1.02023 0.645945 0.744898 1.01595 1.38167 1.03666 0.252118 0.477947 0.176075 0.0329546 0.0244948
threshold=0.58913064300000018 26.434999940000001 0.31065555400000006 0.48596064300000003 95.295729820000005 4.8300004005000003 11.500000015000003 0.28056778550000006 6.3000001610000007 0.35079978550000007 0.15174629200000003
decision_type=2 2 2 2 2 2 2 2 2 2 2
left_child=-1 6 3 4 10 -6 7 -2 9 -8 -3
right_child=1 2 -4 -5 5 -7 8 -9 -10 -11 -12
leaf_value=-0.0043289319885456493 0.0017873609105254673 0.0005287355578520559 -0.00055954411784622749 0.00020109823286801917 0.00018890474573172823 0.00034421810816373592 -9.1744558456336592e-06 -9.5903612920757029e-05 8.3056767076315416e-05 -0.0016006302286168826 -0.0020766037938161771
leaf_weight=109 35 20 29 23 66 24 20 22 26 65 36
leaf_count=109 35 20 29 23 66 24 20 22 26 65 36
internal_value=0.000358344 0.000613413 0.00100101 0.00125736 0.000919618 0.00168502 0.00014218 0.000683391 -0.000120751 -0.000355478 -0.00028169
internal_weight=475 366 198 169 146 90 168 57 111 85 56
internal_count=475 366 198 169 146 90 168 57 111 85 56
is_linear=0
shrinkage=0.01


Tree=556
num_leaves=10
num_cat=0
split_feature=40 21 16 9 60 16 17 78 17
split_gain=0.968358 0.524325 0.966418 0.358642 0.559302 0.293258 0.463611 0.772133 0.228161
threshold=15.949999745000001 1.7714285465000004 0.66714559550000019 0.60323425000000019 25.945001125000005 0.61373490450000012 37.240000000000002 14.472142900000001 130.56500000000003
decision_type=2 2 2 2 2 2 2 2 2
left_child=1 2 -1 -4 -5 -3 7 -7 -8
right_child=-2 5 3 4 -6 6 8 -9 -10
leaf_value=6.7893819078659195e-05 0.00033006006214172717 -0.0048819282539541136 -0.00059564965962691848 -0.0014912908406635845 0.0016050409982816538 -0.0024476800252281918 -0.00015497622417854118 0.00029682452703711746 0.00020284200950766059
leaf_weight=22 20 135 45 34 31 24 88 32 26
leaf_count=22 20 135 45 34 31 24 88 32 26
internal_value=0.0001955 9.02237e-05 0.00061747 0.000207581 0.000691489 -0.00013244 0.00013466 0.000880282 -0.00021777
internal_weight=457 437 132 110 65 305 170 56 114
internal_count=457 437 132 110 65 305 170 56 114
is_linear=0
shrinkage=0.01


Tree=557
num_leaves=10
num_cat=0
split_feature=44 6 31 2 87 87 28 29 13
split_gain=0.850609 0.494758 0.467535 0.322269 0.299498 0.482783 0.283709 0.382894 0.2259
threshold=6.1999998575000008 0.56427304750000007 3.9857142480000003 0.30722421400000005 29.140435005000004 32.178096200000006 2.2642857175000004 2.9571428810000007 0.72567693350000007
decision_type=2 2 2 2 10 10 2 2 2
left_child=1 4 3 -2 6 -6 -1 -8 -9
right_child=2 -3 -4 -5 5 -7 7 8 -10
leaf_value=-0.001335800440305286 2.9885428269355647e-05 6.3704443201160679e-05 0.00032705764547173944 3.7653429152270833e-06 0.00060003372735394241 -0.00058249057825612762 8.5003619634338169e-05 -0.0022034205834053485 0.0015395407559521037
leaf_weight=153 23 25 23 37 20 30 39 99 23
leaf_count=153 23 25 23 37 20 30 39 99 23
internal_value=0.000236887 3.4633e-05 0.00115155 0.000625 -5.48247e-05 0.000649606 -0.000174714 0.000108158 -0.000154723
internal_weight=472 389 83 60 364 50 314 161 122
internal_count=472 389 83 60 364 50 314 161 122
is_linear=0
shrinkage=0.01


Tree=558
num_leaves=12
num_cat=0
split_feature=32 13 10 71 12 7 86 1 26 15 76
split_gain=0.680891 0.487286 1.09167 1.15214 0.32956 0.961094 0.308889 0.177134 0.170634 0.278717 0.100091
threshold=5.6357142925000003 0.71023635000000007 0.62325485700000016 6.4107141665000009 0.72904950000000013 0.57849114300000015 126.87929880000002 0.23494250000000003 4.1142856560000007 0.60295828550000008 15.939285890000003
decision_type=2 2 2 2 2 2 2 2 2 2 2
left_child=1 2 6 -4 -3 -6 7 -1 10 -10 -2
right_child=8 4 3 -5 5 -7 -8 -9 9 -11 -12
leaf_value=0.00018963416018829372 -0.0015614326828435939 -4.4501252775813545e-05 0.00014961314301096144 2.5962813092822983e-05 0.0017463186083288898 -0.00098510480954052001 0.00051772567698476601 -0.0021311912783616533 -0.0047177791052408448 0.002988816078951192 1.2031746580728117e-05
leaf_weight=25 147 59 22 20 20 31 20 42 25 24 30
leaf_count=25 147 59 22 20 20 31 20 42 25 24 30
internal_value=0.000162087 0.000535863 0.000951464 0.00226636 2.70757e-05 0.000627413 0.000279043 -2.2124e-05 -0.000224868 0.000271084 -0.000374016
internal_weight=465 239 129 42 110 51 87 67 226 49 177
internal_count=465 239 129 42 110 51 87 67 226 49 177
is_linear=0
shrinkage=0.01


Tree=559
num_leaves=9
num_cat=0
split_feature=16 0 69 5 48 9 10 6
split_gain=0.975952 0.645798 0.712661 0.586777 0.478772 0.378905 0.217029 0.0392534
threshold=0.60464378550000009 0.26084197900000006 1.4699999825000003 0.47994752350000008 9.8499999050000024 0.66919365000000008 0.63151471400000003 0.34464350000000005
decision_type=2 2 2 2 2 2 2 2
left_child=7 2 3 4 5 -2 -3 -1
right_child=1 6 -4 -5 -6 -7 -8 -9
leaf_value=-0.0043672585534750242 0.00023992746734136035 6.4008291997315664e-05 8.3197958457157563e-05 0.00026434790685127496 -0.00160056949491589 -0.00036574640341976327 -0.0003478975845629754 -0.0046534182230292672
leaf_weight=20 116 38 21 20 40 33 60 116
leaf_count=20 116 38 21 20 40 33 60 116
internal_value=0.000292599 0.000590024 0.000879549 0.000683985 0.000492624 0.000757677 -7.08503e-05 -0.000409357
internal_weight=464 328 230 209 189 149 98 136
internal_count=464 328 230 209 189 149 98 136
is_linear=0
shrinkage=0.01


Tree=560
num_leaves=13
num_cat=0
split_feature=71 15 6 81 86 32 44 47 76 54 5 3
split_gain=0.658731 0.591552 0.845123 0.482152 0.545406 0.788301 0.229869 0.472421 0.107987 0.121257 0.0662955 0.0192946
threshold=7.3785713530000008 0.7266769525000002 0.51854359500000013 19.204999990000001 101.22713215000002 5.3071428365000015 3.7000000065000003 0.60000001250000012 15.037857190000002 4.4650001525000009 0.38760992900000008 0.28899628550000006
decision_type=2 2 2 2 2 2 2 2 2 2 2 2
left_child=1 2 3 4 10 -6 7 -3 -2 -10 -1 -5
right_child=8 6 -4 11 5 -7 -8 -9 9 -11 -12 -13
leaf_value=0.00031987269136643986 4.9263097856404782e-05 -0.0012032633665500214 0.0016599964599844548 -0.0015351911464565292 5.7739106347215916e-05 0.00099180151286418672 -2.8716676129339248e-05 0.0026633992883037094 -0.0001985430617375237 -0.0032821900618259583 -0.0032655981276561723 -9.5158814595759918e-05
leaf_weight=20 20 27 20 26 55 35 62 24 24 124 22 20
leaf_count=20 20 27 20 26 55 35 62 24 24 124 22 20
internal_value=0.000246978 0.000521167 0.0008501 0.00060962 0.000918675 0.00135463 -3.95432e-05 0.000434363 -0.000248815 -0.000349462 0 -0.000235043
internal_weight=479 311 198 178 132 90 113 51 168 148 42 46
internal_count=479 311 198 178 132 90 113 51 168 148 42 46
is_linear=0
shrinkage=0.01


Tree=561
num_leaves=11
num_cat=1
split_feature=89 16 17 5 41 44 47 2 31 16
split_gain=1.15158 1.04255 1.0095 0.823381 1.01991 0.655118 0.236301 0.695705 0.284227 0.11004
threshold=0 0.58913064300000018 19.550000000000001 0.43546857150000007 4.3500000725000012 6.1999998575000008 25.450000005000003 0.31461204300000006 4.4857142140000006 0.71635612250000014
decision_type=1 2 2 2 2 2 2 2 2 2
left_child=6 -2 -3 5 -5 9 8 -8 -1 -4
right_child=1 2 3 4 -6 -7 7 -9 -10 -11
leaf_value=-0.0016096722726437918 -0.0067081342207720544 0.002746134393195313 -0.0010543666313851689 0.0010542302762755495 7.2866904057811594e-05 0.00014785798993942955 0.00024753900825606154 -0.00048006709090738105 9.2678930699223089e-05 5.589558901653198e-05
leaf_weight=152 43 27 49 29 30 20 27 39 24 20
leaf_count=152 43 27 49 29 30 20 27 39 24 20
internal_value=0.000364583 0.000869755 0.00125427 0.000900538 0.00181438 0.000261693 -0.000114715 0.000374251 -0.000316742 -0.000179083
internal_weight=460 218 175 148 59 89 242 66 176 69
internal_count=460 218 175 148 59 89 242 66 176 69
cat_boundaries=0 1
cat_threshold=4265139
is_linear=0
shrinkage=0.01


Tree=562
num_leaves=9
num_cat=0
split_feature=16 6 12 58 86 11 30 20
split_gain=0.611671 0.809292 0.565678 0.487073 0.315149 0.341574 0.136679 0.0372139
threshold=0.58913064300000018 0.54994721450000006 0.69308978550000011 1.9499998090000001 95.295729820000005 0.64058830950000012 5.5714285880000007 1.9142857195000003
decision_type=2 2 2 2 2 2 2 2
left_child=-1 2 3 4 -2 -6 7 -4
right_child=1 -3 6 -5 5 -7 -8 -9
leaf_value=-0.0054765087454328011 -0.0051302407936633324 5.8774538397900661e-05 -4.0918176765209238e-05 0.001339545796812744 0.00018035305297604124 8.5392931245488883e-05 0.00052764193013713964 4.8129958724976028e-06
leaf_weight=109 35 26 94 29 87 27 35 20
leaf_count=109 35 26 94 29 87 27 35 20
internal_value=0.000166378 0.000371679 0.000227273 0.00060962 0.000357143 0.000618467 -0.000216956 -0.000391986
internal_weight=462 353 327 178 149 114 149 114
internal_count=462 353 327 178 149 114 149 114
is_linear=0
shrinkage=0.01


Tree=563
num_leaves=12
num_cat=0
split_feature=16 6 26 48 21 21 40 28 1 3 3
split_gain=1.00036 1.08604 0.718836 0.931887 0.409038 0.824437 1.18955 0.20771 0.0996547 0.0385915 0.0361382
threshold=0.60464378550000009 0.54869635750000012 4.0571428880000004 7.8000001090000008 1.7785714185000001 1.6857143045000003 11.500000055000003 2.0571428540000003 0.27794585700000002 0.37327085700000007 0.35320377100000006
decision_type=2 2 2 2 2 2 2 2 2 2 2
left_child=9 2 4 -4 5 8 -7 -6 -2 -1 -9
right_child=1 -3 3 -5 7 6 -8 10 -10 -11 -12
leaf_value=-0.0051677069024660275 -0.0023138538708413511 4.6990419366558294e-05 0.00016895183730698471 0.00306428156040552 0.00020292723683298293 0.0019941705318717124 3.4111311502398729e-06 -0.0003887510472300389 1.2162691277718381e-05 -0.00028234622959673875 -0.0036105108575660663
leaf_weight=108 40 29 33 21 25 23 29 85 20 20 20
leaf_count=108 40 29 33 21 25 23 29 85 20 20 20
internal_value=0.000333847 0.000630755 0.000438005 0.0014781 0.000193575 0.000638298 0.00155303 -0.000175841 -0.000131579 -0.000403727 -0.000382798
internal_weight=453 325 296 54 242 112 52 130 60 128 105
internal_count=453 325 296 54 242 112 52 130 60 128 105
is_linear=0
shrinkage=0.01


Tree=564
num_leaves=10
num_cat=0
split_feature=86 25 41 41 3 40 14 3 26
split_gain=0.571359 0.68841 0.34441 0.309092 0.46777 0.8055 0.378949 0.25576 0.127491
threshold=131.19284590000004 4.0285713670000005 1.8500000240000001 5.7999999670000006 0.35252696400000011 10.849999875000002 0.6168547860000001 0.32271811450000004 3.7857142860000006
decision_type=2 2 2 2 2 2 2 2 2
left_child=2 -2 -1 4 6 -6 -4 -8 -5
right_child=1 -3 3 8 5 -7 7 -9 -10
leaf_value=-0.0041365119689504761 -1.0548991608598709e-05 0.00019606071754347436 0.0005337836143711718 1.3561466681598061e-05 0.00027254002746141096 2.4561830927699271e-05 7.3251137263233773e-05 -0.00099977403635240387 -0.0019196258772965985
leaf_weight=88 26 34 27 20 20 37 95 72 72
leaf_count=88 26 34 27 20 20 37 95 72 72
internal_value=0.000208418 0.00111842 7.52662e-05 0.000222513 0.000407069 0.00120242 0.000159137 -8.93933e-06 -0.000258621
internal_weight=491 60 431 343 251 57 194 167 92
internal_count=491 60 431 343 251 57 194 167 92
is_linear=0
shrinkage=0.01


Tree=565
num_leaves=11
num_cat=0
split_feature=21 25 87 48 48 0 57 77 15 1
split_gain=0.771499 0.502047 0.553098 0.315291 0.357226 0.404093 0.893507 0.250288 0.278926 0.0684102
threshold=1.8428571305000003 3.9642856800000001 21.979449495000004 15.649999815000003 8.200000085000001 0.11745643050000001 2.3299994470000005 14.005000220000001 0.71552185750000008 0.20664688050000002
decision_type=2 2 10 2 2 2 2 2 2 2
left_child=1 2 -1 4 5 9 -7 8 -2 -3
right_child=7 3 -4 -5 -6 6 -8 -9 -10 -11
leaf_value=8.283449285024581e-06 -0.0024156733449814242 0.00010722495015065172 0.00023935486419496236 4.9382926372183257e-05 -0.00090312950677311557 2.9565761537125951e-05 3.0169682404976167e-05 7.3619305504437504e-05 1.1663300224238587e-05 -0.00034648472885577764
leaf_weight=21 176 38 20 24 52 41 20 36 25 27
leaf_count=21 176 38 20 24 52 41 20 36 25 27
internal_value=0.000203827 0.000600902 0.00161483 0.000379684 0.000218121 0.000512618 0.00109223 -0.000195543 -0.000339445 -7.5989e-06
internal_weight=480 243 41 202 178 126 61 237 201 65
internal_count=480 243 41 202 178 126 61 237 201 65
is_linear=0
shrinkage=0.01


Tree=566
num_leaves=8
num_cat=0
split_feature=0 58 25 47 25 8 7
split_gain=0.430903 0.594263 0.307962 0.277272 0.179351 0.289325 0.124408
threshold=0.089442576500000023 2.3349995615000005 4.1857143300000006 58.250000580000005 3.9214285440000003 0.6347434285000001 0.55696314300000005
decision_type=2 2 2 2 2 2 2
left_child=-1 2 3 4 5 -2 -6
right_child=1 -3 -4 -5 6 -7 -8
leaf_value=-0.0035352001361496272 0.00012980168512575639 0.00016695966241402803 0.0006319540311215088 0.00035187368185692671 -0.0011167179665337841 -0.00034488681718298521 8.9830470543541115e-06
leaf_weight=85 38 39 20 23 135 21 92
leaf_count=85 38 39 20 23 135 21 92
internal_value=0.000157558 0.000309111 0.000162219 7.58553e-05 -3.48687e-06 0.000476589 -0.000138279
internal_weight=453 368 329 309 286 59 227
internal_count=453 368 329 309 286 59 227
is_linear=0
shrinkage=0.01


Tree=567
num_leaves=10
num_cat=1
split_feature=16 59 89 48 29 24 38 59 9
split_gain=0.970743 1.04352 0.582995 0.6065 0.811978 0.570478 0.736913 0.197682 0.125657
threshold=0.58913064300000018 41.575001240000013 0 15.649999815000003 2.0285714100000005 2.2285714190000001 8.0500001680000022 34.979999545000005 0.6484497250000002
decision_type=2 2 1 2 2 2 2 2 2
left_child=-1 2 7 5 -5 8 -7 -2 -4
right_child=1 -3 3 4 -6 6 -8 -9 -10
leaf_value=-0.0048863262590066337 0.00015650163449140004 0.00089152668020631262 -0.0014166878044439806 0.00052789654352216806 1.1347177939601477e-05 5.875216128814155e-05 0.0019003729305005423 -0.00091681337664278092 4.7335900578825509e-05
leaf_weight=108 28 20 49 20 21 86 21 75 34
leaf_count=108 28 20 49 20 21 86 21 75 34
internal_value=0.000339239 0.000594701 0.000451015 0.000713399 0.00185407 0.000487421 0.000969388 -0.000171353 -0.000113365
internal_weight=462 354 334 231 41 190 107 103 83
internal_count=462 354 334 231 41 190 107 103 83
cat_boundaries=0 1
cat_threshold=1117194
is_linear=0
shrinkage=0.01


Tree=568
num_leaves=10
num_cat=0
split_feature=16 60 57 45 15 16 11 8 0
split_gain=0.854838 0.706489 0.395505 0.778632 0.381959 1.24974 0.322772 0.0399119 0.0335219
threshold=0.60464378550000009 30.975000380000001 0.76999998100000011 6.9499999660000009 0.7266769525000002 0.69948014300000005 0.66858692900000016 0.48546688100000007 0.091837021000000005
decision_type=2 2 2 2 2 2 2 2 2
left_child=7 2 3 -2 5 6 -4 -1 -6
right_child=1 -3 4 -5 8 -7 -8 -9 -10
leaf_value=-0.0042345142798540436 -0.00057363408424384991 0.00027391801446115412 -0.00035418382741877102 0.00037230255390945452 0.00027458412065184179 0.0017623493599462656 2.5051835332085669e-05 -0.0048138407573659016 -5.720920934055047e-05
leaf_weight=20 24 38 85 22 20 32 50 125 68
leaf_count=20 24 38 85 22 20 32 50 125 68
internal_value=0.000218647 0.00049588 0.000323062 0.00117521 0.000158327 0.000443981 3.68177e-06 -0.000414952 -0.00036036
internal_weight=484 339 301 46 255 167 135 145 88
internal_count=484 339 301 46 255 167 135 145 88
is_linear=0
shrinkage=0.01


Tree=569
num_leaves=10
num_cat=0
split_feature=86 5 5 0 48 9 88 61 7
split_gain=0.833346 0.599843 0.815428 1.60929 0.443526 0.420534 0.17628 0.233684 0.0397726
threshold=89.867262285000024 0.33078978600000003 0.48188700000000001 0.30547593750000007 14.449999720000003 0.60323425000000019 27.836040485000002 33.249999050000007 0.62826050000000011
decision_type=2 2 2 2 2 2 10 2 2
left_child=8 -2 4 -4 6 -6 7 -3 -1
right_child=1 2 3 -5 5 -7 -8 -9 -10
leaf_value=-0.0035651130852310028 0.00032645686552719265 -0.00057030988697381771 0.00010530130216404326 -0.0033231021327652377 -0.00058169842827155024 0.0001118212446277806 5.3797412314406799e-05 0.00021726450507306716 -1.9110546689158388e-06
leaf_weight=123 34 141 26 22 22 24 24 25 20
leaf_count=123 34 141 26 22 22 24 24 25 20
internal_value=0.00021113 0.000498745 0.000337079 0.00151639 8.44593e-05 0.000961538 -0.000120545 -0.000245803 -0.000413769
internal_weight=461 318 284 48 236 46 190 166 143
internal_count=461 318 284 48 236 46 190 166 143
is_linear=0
shrinkage=0.01


Tree=570
num_leaves=10
num_cat=0
split_feature=5 2 53 12 46 21 69 3 11
split_gain=0.638011 1.31575 0.396957 0.219686 0.132643 0.152383 0.121361 0.0857157 0.0428387
threshold=0.46976100000000004 0.31771297600000009 2.0650000575000003 0.74631739300000011 11.500000015000003 1.7714285465000004 0.022142852500000001 0.39831439500000004 0.49903595750000007
decision_type=2 2 2 2 2 2 2 2 2
left_child=2 -2 3 4 5 -1 -7 -3 -6
right_child=1 7 -4 -5 8 6 -8 -9 -10
leaf_value=0.0016851075296819137 0.00010209327401980462 3.4486616371882612e-05 9.3762755771961318e-05 0.0015209386794118231 -0.0013881134403448403 -0.0015056867358723006 0.00020867950011846029 -0.00023864588031585624 -0.0015381467407449892
leaf_weight=23 28 20 23 23 20 65 39 31 185
leaf_count=23 28 20 23 23 20 65 39 31 185
internal_value=4.25949e-05 0.000858396 -0.000124076 -0.000212198 -0.000282452 -1.17372e-05 -0.00019084 -6.75677e-05 -0.000439747
internal_weight=457 79 378 355 332 127 104 51 205
internal_count=457 79 378 355 332 127 104 51 205
is_linear=0
shrinkage=0.01


Tree=571
num_leaves=11
num_cat=1
split_feature=89 21 15 20 19 48 14 22 38 59
split_gain=0.654932 0.816251 0.459312 0.555661 0.712115 0.393111 0.36973 0.190261 0.282983 0.154534
threshold=0 1.7714285465000004 0.69350721400000015 1.7999999945000003 2.3357142635000003 9.9000000020000023 0.66878264300000012 1.700000001 7.7000000550000012 41.474999905000011
decision_type=1 2 2 2 2 2 2 2 2 2
left_child=1 -1 9 7 -5 6 -3 -4 -9 -2
right_child=2 5 3 4 -6 -7 -8 8 -10 -11
leaf_value=0.00013802966430058746 -0.0015889222009307996 0.0014696369970145224 -0.0010054076381371755 8.7393308844535065e-05 -0.0035127083940357014 -0.0037015075677840699 -1.4821207365374989e-05 3.947445453113776e-05 -0.00055087138938671415 0.00063459240305114629
leaf_weight=26 168 25 61 34 27 33 21 22 20 20
leaf_count=26 168 25 61 34 27 33 21 22 20 20
internal_value=0.000173656 0.000824698 -3.85889e-05 0.000339806 0.00109223 0.000357143 0.000961538 -9.15223e-05 0.000397196 -0.000381356
internal_weight=457 105 352 164 61 79 46 103 42 188
internal_count=457 105 352 164 61 79 46 103 42 188
cat_boundaries=0 1
cat_threshold=673712388
is_linear=0
shrinkage=0.01


Tree=572
num_leaves=12
num_cat=0
split_feature=63 17 59 40 32 17 54 75 0 14 6
split_gain=0.8101 1.02904 0.478193 0.357503 0.397201 0.330861 0.284517 0.356451 0.172556 0.103439 0.0307473
threshold=12.219999790000001 40.900000000000013 35.470000265000003 12.700000025000003 5.571428537000001 140.19000000000003 4.1549997330000012 5.6578572160000009 0.083115948000000009 0.68719578600000009 0.43590240000000008
decision_type=2 2 2 2 2 2 2 2 2 2 2
left_child=1 2 -1 6 -5 9 7 8 -2 -3 -10
right_child=3 5 -4 4 -6 -7 -8 -9 10 -11 -12
leaf_value=0.0030011764548298946 0.00010540443907507382 3.1170993959326454e-05 0.00010309897375405422 0.00026616747914620176 -7.2770169078246844e-06 4.0758851680103902e-05 -0.0042612130072727022 0.00069689287220115696 -0.0036389850285823699 -0.0021245815185809949 -6.6580901567391234e-05
leaf_weight=21 25 20 24 21 38 21 159 20 20 43 55
leaf_count=21 25 20 24 21 38 21 159 20 20 43 55
internal_value=0.000202009 0.000874422 0.00208515 -5.01772e-05 0.000643813 0.000188679 -0.000205504 0.000149007 -7.93652e-05 -0.000148903 -0.000336412
internal_weight=467 129 45 338 59 84 279 120 100 63 75
internal_count=467 129 45 338 59 84 279 120 100 63 75
is_linear=0
shrinkage=0.01


Tree=573
num_leaves=11
num_cat=0
split_feature=69 16 41 3 39 24 17 10 48 78
split_gain=0.790281 0.396646 0.506167 0.989503 0.3452 0.554678 0.187607 0.106886 0.0959105 0.0381349
threshold=1.7742857155000002 0.58913064300000018 3.6499999945000003 0.35252696400000011 13.250000050000002 2.2285714535000003 19.550000000000001 0.61366478600000007 14.449999720000003 12.609285695000002
decision_type=2 2 2 2 2 2 2 2 2 2
left_child=1 -1 3 4 7 -6 -4 -3 9 -8
right_child=-2 2 6 -5 5 -7 8 -9 -10 -11
leaf_value=-0.0047523653083393208 4.3117918950635585e-05 4.5171985591800256e-05 0.0026226554448286819 0.00012482035760809278 -0.0010458476113799845 0.00012463979592477575 -0.0013080410809619722 -0.0017072258823447445 2.4293239392294436e-05 -0.00098407447421183878
leaf_weight=112 38 20 24 21 25 22 20 46 24 103
leaf_count=112 38 20 24 21 25 22 20 46 24 103
internal_value=0.000154673 2.2738e-05 0.000214192 0.000675074 0.000276801 0.000930962 -0.000136787 -0.000164671 -0.000280785 -0.000399839
internal_weight=455 417 305 134 113 47 171 66 147 123
internal_count=455 417 305 134 113 47 171 66 147 123
is_linear=0
shrinkage=0.01


Tree=574
num_leaves=12
num_cat=0
split_feature=57 19 14 9 40 39 57 60 17 44 2
split_gain=0.700386 0.567055 0.718327 1.01071 1.02453 0.69706 0.458858 0.329762 0.147062 0.127313 0.170852
threshold=5.1200003620000007 2.3285714135000002 0.75252719000000001 0.63664367500000008 11.750000140000003 0.70000002150000007 2.8449997905000006 32.46999979000001 140.19000000000003 4.5000000785000003 0.32078395250000008
decision_type=2 2 2 2 2 2 2 2 2 2 2
left_child=1 2 3 6 -5 -3 -1 -2 9 -7 -11
right_child=7 5 -4 4 -6 8 -8 -9 -10 10 -12
leaf_value=-0.0028039596546861993 -0.0020683208936506832 4.085662830254718e-05 -0.00062587270613986368 0.00086204495341777069 1.9322491946143804e-05 -0.0020721526228886242 0.00021887006031938834 0.00011486113689737989 3.8627050888748166e-05 0.00018728702112209478 -0.0039614510108323172
leaf_weight=28 110 33 24 34 24 77 32 33 25 20 20
leaf_count=28 110 33 24 34 24 77 32 33 25 20 20
internal_value=0.000364583 0.000627753 0.00109944 0.00142256 0.00236395 0.000230375 0.000460526 -0.000205146 -6.30253e-05 -0.000224958 0.000196078
internal_weight=460 317 142 118 58 175 60 143 142 117 40
internal_count=460 317 142 118 58 175 60 143 142 117 40
is_linear=0
shrinkage=0.01


Tree=575
num_leaves=12
num_cat=1
split_feature=89 23 13 47 88 4 8 67 64 46 6
split_gain=0.830623 1.17396 1.15709 1.20504 0.739757 0.643891 0.414545 0.184325 0.153083 0.0688545 0.0358742
threshold=0 1.871428579 0.71023635000000007 47.249999590000009 23.120483925000006 0.34317428550000006 0.6507934285000001 42.354998590000008 67.479998590000022 10.750000135000002 0.37404064300000006
decision_type=1 2 2 2 10 2 2 2 2 2 2
left_child=7 2 3 5 8 -2 -4 -1 10 -9 -3
right_child=1 4 6 -5 -6 -7 -8 9 -10 -11 -12
leaf_value=4.8039608450370496e-05 7.7585069078310478e-05 -0.00017355068634119453 -0.00022541140299713484 0.00016729619941878912 0.00033929009019545127 0.00024292239729792526 2.0536366096996534e-05 -1.7279906450303264e-06 1.8556330496348557e-05 -0.00050574089535752745 -0.003258070450955853
leaf_weight=27 20 20 33 37 27 20 20 39 31 107 83
leaf_count=27 20 20 33 37 27 20 20 39 31 107 83
internal_value=0.000357143 0.000670974 0.00139908 0.00217866 0.000108158 0.00338235 0.000213755 -0.000187704 -0.00018546 -0.000347412 -0.00038054
internal_weight=464 291 130 77 161 40 53 173 134 146 103
internal_count=464 291 130 77 161 40 53 173 134 146 103
cat_boundaries=0 1
cat_threshold=1639992
is_linear=0
shrinkage=0.01


Tree=576
num_leaves=9
num_cat=0
split_feature=86 40 38 16 67 53 25 40
split_gain=1.18655 0.836756 0.708909 0.658312 0.869499 0.890801 0.37817 0.244158
threshold=131.86344500000004 15.949999745000001 6.499999851000001 0.6125375715000001 51.415000435000003 0.085000038500000014 4.1928571635000011 8.3999999465000013
decision_type=2 2 2 2 2 2 2 2
left_child=1 3 -2 -1 6 -6 7 -5
right_child=2 -3 -4 4 5 -7 -8 -9
leaf_value=-0.0032553330837357436 5.567666786915935e-05 0.00060606249180782069 0.00012167710800787491 3.04592387896173e-06 0.0026586641409181147 2.3940195461851672e-05 0.00011666189958517935 -0.0004892632084466345
leaf_weight=133 24 22 20 52 26 35 30 116
leaf_count=133 24 22 20 52 26 35 30 116
internal_value=0.000368352 0.000195275 0.00191964 8.14663e-05 0.000379138 0.00141586 4.52715e-05 -0.000130332
internal_weight=458 414 44 392 259 61 198 168
internal_count=458 414 44 392 259 61 198 168
is_linear=0
shrinkage=0.01


Tree=577
num_leaves=11
num_cat=0
split_feature=86 30 26 15 42 11 88 14 4 2
split_gain=1.05427 0.728504 0.957961 0.495035 0.341077 0.660608 0.162723 0.319085 0.137814 0.0294163
threshold=131.19284590000004 4.5357143195000011 3.7785714185000003 0.72790397600000012 1.0000000180025095e-35 0.65998714300000005 23.642177115000006 0.72307938100000013 0.33673492850000003 0.29646200000000006
decision_type=2 2 2 2 2 2 10 2 2 2
left_child=1 2 -1 -2 5 -4 -3 -8 -6 -10
right_child=3 6 4 -5 8 -7 7 -9 9 -11
leaf_value=6.7220622139910048e-05 0.00030341366805365882 -0.0033955665284134025 -0.0011595499016459937 1.3704469128209681e-05 0.00018895451894383644 0.0013641812084912231 0.00011131886940359939 -5.7960060177833488e-05 -0.00072202258936507639 -0.002465256513304895
leaf_weight=22 29 141 39 28 28 26 38 50 20 50
leaf_count=22 29 141 39 28 28 26 38 50 20 50
internal_value=0.000280839 9.88427e-05 0.000567815 0.00154844 0.000283883 0.000843465 -0.000271976 4.50449e-05 -7.08503e-05 -0.000324859
internal_weight=471 414 185 57 163 65 229 88 98 70
internal_count=471 414 185 57 163 65 229 88 98 70
is_linear=0
shrinkage=0.01


Tree=578
num_leaves=12
num_cat=0
split_feature=16 6 13 78 20 21 46 30 14 53 1
split_gain=1.18183 1.07873 0.994463 0.86275 0.376992 0.598833 0.902877 0.43971 0.230254 0.195689 0.0372139
threshold=0.58913064300000018 0.55327271450000015 0.61554221250000019 14.346428735000002 1.7571428415000001 1.6857143045000003 16.250000020000005 5.5142857350000005 0.69319047650000021 0.085000038500000014 0.27742702350000009
decision_type=2 2 2 2 2 2 2 2 2 2 2
left_child=10 2 3 -2 5 8 -7 9 -4 -6 -1
right_child=1 -3 4 -5 7 6 -8 -9 -10 -11 -12
leaf_value=-0.0071382117971907511 0.00067334929505629597 0.00014570925282387769 1.79023467941721e-05 0.0032325567604295324 0.00015739474739902637 3.7433518762586869e-05 0.0012887298403871494 0.00027788957520608396 -0.0019092417634809333 -0.00058759292480912442 -0.0016193691426885019
leaf_weight=94 20 27 20 22 30 43 30 39 38 93 20
leaf_count=94 20 27 20 22 30 43 30 39 38 93 20
internal_value=0.000482382 0.000763506 0.000597081 0.00203271 0.00037951 0.000777693 0.00137534 4.29974e-05 0 -0.000238288 -0.000391986
internal_weight=476 362 335 42 293 131 73 162 58 123 114
internal_count=476 362 335 42 293 131 73 162 58 123 114
is_linear=0
shrinkage=0.01


Tree=579
num_leaves=12
num_cat=0
split_feature=6 3 80 51 12 9 25 22 57 6 3
split_gain=1.15502 1.71585 0.613344 0.804248 0.351566 0.746655 0.319401 0.213158 0.0905912 0.0406149 0.0304949
threshold=0.54869635750000012 0.39399157150000008 12.627142905000001 4.8499999605000008 0.67841971450000005 0.59954969150000015 3.9357142450000002 1.8500000070000002 4.4999995230000005 0.34209185700000005 0.37266967850000005
decision_type=2 2 2 2 2 2 2 2 2 2 2
left_child=2 -2 3 4 5 7 -4 -1 10 -8 -6
right_child=1 -3 6 -5 8 -7 9 -9 -10 -11 -12
leaf_value=-0.00060634342125219347 0.00014534995843879683 -0.0004282990893214401 0.00013454050362970952 6.2123034684835897e-05 -0.00044589116692126703 0.00023164871944288381 -0.0023550600996398116 4.9858613486676888e-05 5.7923203673582449e-05 -0.0027359930020207186 -0.00033217850393551423
leaf_weight=39 26 25 33 36 54 38 20 33 20 136 20
leaf_count=39 26 25 33 36 54 38 20 33 20 136 20
internal_value=0.000370216 0.00178571 0.000194276 0.000531561 0.000273437 0.000658845 -0.00022392 2.74724e-05 -0.000158228 -0.000420918 -0.000334225
internal_weight=480 51 429 240 204 110 189 72 94 156 74
internal_count=480 51 429 240 204 110 189 72 94 156 74
is_linear=0
shrinkage=0.01


Tree=580
num_leaves=12
num_cat=1
split_feature=89 44 18 43 77 81 5 84 57 44 10
split_gain=1.09485 0.620998 0.472278 0.644122 0.687921 0.469853 0.390064 0.36662 0.170006 0.250287 0.216592
threshold=0 6.1999998575000008 1.014285705 0.60000001650000001 13.310714210000002 19.671428475000003 0.38910500000000009 17.424285685000005 2.9499998095000004 3.4000000435000004 0.6415958570000001
decision_type=1 2 2 2 2 2 2 2 2 2 2
left_child=2 5 3 4 -1 8 -7 -3 9 10 -2
right_child=1 7 -4 -5 -6 6 -8 -9 -10 -11 -12
leaf_value=-0.0029503915242559985 -0.001507579647776487 8.082076016029585e-05 -0.00080205874977885925 0.00042504827226344923 0.00017502900024695366 -0.003967880081547628 0.00037190929150453635 4.6691213702684445e-05 -0.0034743927355439779 -0.00037618317984903306 0.0001660329770293495
leaf_weight=21 23 36 21 28 38 23 20 31 156 45 20
leaf_count=21 23 36 21 28 38 23 20 31 156 45 20
internal_value=0.000382455 8.4978e-05 0.00121212 0.00164579 0.000978261 -0.000109451 0.000833333 0.000951327 -0.000285948 4.50449e-05 0.000605023
internal_weight=462 354 108 87 59 287 43 67 244 88 43
internal_count=462 354 108 87 59 287 43 67 244 88 43
cat_boundaries=0 1
cat_threshold=707002688
is_linear=0
shrinkage=0.01


Tree=581
num_leaves=14
num_cat=0
split_feature=16 57 46 87 87 14 16 86 10 12 14 0 1
split_gain=0.779089 1.04477 0.526891 0.412303 0.787384 0.314247 0.563735 0.260993 0.271472 0.246078 0.175454 0.0639114 0.0358742
threshold=0.58913064300000018 7.2400007250000007 10.999999905000001 21.979449495000004 28.520675435000005 0.6766461250000001 0.65667821400000015 121.30908400000001 0.69155245250000008 0.70138421400000006 0.71147521400000013 0.22850610400000002 0.26673214300000009
decision_type=2 2 2 10 10 2 2 2 2 2 2 2 2
left_child=12 2 3 10 9 6 11 -7 -9 -5 -2 -4 -1
right_child=1 -3 5 4 -6 7 -8 8 -10 -11 -12 -13 -14
leaf_value=-0.0069144627259666346 -0.0021961596054986703 0.00066228357420772266 -0.0017118561349570617 0.00040902638607485248 -7.0954677562706097e-06 -0.0023028472524417509 0.0011689108019072051 3.4248790278689929e-05 -0.00082871731324567167 0.00043663160913079256 2.810257527919616e-05 0.00049578778863217511 -0.00160064275037087
leaf_weight=83 21 20 21 20 28 78 29 66 31 20 20 20 20
leaf_count=83 21 20 21 20 28 78 29 66 31 20 20 20 20
internal_value=0.00037568 0.000589648 0.000453777 0.0010337 0.00151163 0.00018511 0.000748587 -3.12857e-05 0.000301636 0.00240196 0.000179426 0 -0.00038054
internal_weight=477 374 354 109 68 245 70 175 97 40 41 41 103
internal_count=477 374 354 109 68 245 70 175 97 40 41 41 103
is_linear=0
shrinkage=0.01


Tree=582
num_leaves=7
num_cat=0
split_feature=7 36 21 9 9 87
split_gain=1.17628 0.897122 0.726003 0.491734 0.600649 0.536041
threshold=0.63897342850000005 2.3500000235000003 1.9142857025000002 0.67745887500000002 0.65677048350000011 23.730479810000002
decision_type=2 2 2 2 2 10
left_child=1 2 3 4 5 -1
right_child=-2 -3 -4 -5 -6 -7
leaf_value=-0.00057568241249061013 0.00010647858748461184 6.2400507454764135e-05 -0.0036129290359471827 -0.00069438212327307296 0.0018591702230150915 0.00026358692099944197
leaf_weight=93 31 20 120 49 38 117
leaf_count=93 31 20 120 49 38 117
internal_value=0.000413822 0.000272956 0.000166347 0.000434855 0.000618971 0.000393738
internal_weight=468 437 417 297 248 210
internal_count=468 437 417 297 248 210
is_linear=0
shrinkage=0.01


Tree=583
num_leaves=13
num_cat=1
split_feature=89 3 44 9 87 39 3 2 28 40 25 9
split_gain=1.11935 1.01606 0.838006 0.748727 0.513134 0.840905 0.469831 0.775384 0.217555 0.191338 0.0958125 0.0423186
threshold=0 0.35252696400000011 6.149999976000001 0.56916467500000001 27.462787930000001 14.799999725000001 0.35890758550000007 0.28740464300000007 2.3500000240000003 12.050000020000001 4.1928571635000011 0.7073699750000001
decision_type=1 2 2 2 10 2 2 2 2 2 2 2
left_child=1 3 4 -1 10 9 7 -4 -5 -6 11 -2
right_child=2 -3 6 8 5 -7 -8 -9 -10 -11 -12 -13
leaf_value=0.001947710711445799 -0.0017725043407014218 0.00026407241388755695 -8.5137416007242348e-06 -0.00083127573072295255 -0.0013967659072780293 0.00034328967658674435 -1.9656473080996062e-05 0.00014635361455839422 0.0001147476812089343 0.00026184689738327694 6.9687421607531085e-05 -1.6519603865121571e-05
leaf_weight=20 171 31 22 33 39 20 22 21 20 23 28 20
leaf_count=20 171 31 22 33 39 20 22 21 20 23 28 20
internal_value=0.00040994 0.00127178 0.000119427 0.000697832 -9.44335e-05 0.000567633 0.00114742 0.00174658 2.78809e-05 0 -0.000352593 -0.000435349
internal_weight=470 104 366 73 301 82 65 43 53 62 219 191
internal_count=470 104 366 73 301 82 65 43 53 62 219 191
cat_boundaries=0 1
cat_threshold=707035396
is_linear=0
shrinkage=0.01


Tree=584
num_leaves=10
num_cat=0
split_feature=7 28 21 66 53 21 7 10 16
split_gain=0.987978 0.880726 0.634494 0.643932 0.628518 0.483617 0.117399 0.340682 0.0398428
threshold=0.63897342850000005 1.9785714320000001 1.8857142840000003 79.78500080500001 0.51000022900000019 1.7928571275000003 0.51471761900000013 0.61875621450000018 0.6921907140000001
decision_type=2 2 2 2 2 2 2 2 2
left_child=1 -1 3 6 5 -5 7 -3 -4
right_child=-2 2 8 4 -6 -7 -8 -9 -10
leaf_value=0.00012683651894164415 0.00010474212888932289 -2.1456980588783603e-05 -0.003314197977715982 9.7663850136116319e-05 0.0017021692307896731 -0.00083760302955026623 -0.00025348489874631836 0.00010560230472206835 -0.00024569380241161486
leaf_weight=27 29 52 124 42 28 65 53 22 20
leaf_count=27 29 52 124 42 28 65 53 22 20
internal_value=0.000360847 0.000233979 0.000110619 0.000407154 0.000887334 0.000505566 -8.99845e-05 0.000147059 -0.000414365
internal_weight=462 433 406 262 135 107 127 74 144
internal_count=462 433 406 262 135 107 127 74 144
is_linear=0
shrinkage=0.01


Tree=585
num_leaves=9
num_cat=0
split_feature=6 4 46 87 60 88 15 11
split_gain=1.20835 1.27071 0.667952 0.539085 0.375697 0.462457 0.494737 0.0782079
threshold=0.54869635750000012 0.44099335700000003 9.2999998630000018 23.154861850000007 31.599999905000004 24.358773140000004 0.7266769525000002 0.6775899285000001
decision_type=2 2 2 8 2 10 2 2
left_child=2 -2 -1 -4 5 7 -7 -5
right_child=1 -3 3 4 -6 6 -8 -9
leaf_value=0.00017100814966301183 0.00015305417488903209 -0.00074856984177944902 -0.0020873031667219813 -0.0026236627283058788 0.00012146901289542111 0.00037233641304044545 -3.1748139042207105e-05 9.1362331726045271e-05
leaf_weight=20 21 26 149 82 32 56 39 32
leaf_count=20 21 26 149 82 32 56 39 32
internal_value=0.000261031 0.00176778 8.03309e-05 -7.67668e-06 0.000279156 0.000112011 0.000631524 -0.000304878
internal_weight=457 47 410 390 241 209 95 114
internal_count=457 47 410 390 241 209 95 114
is_linear=0
shrinkage=0.01


Tree=586
num_leaves=12
num_cat=0
split_feature=16 60 6 32 10 88 10 12 53 88 0
split_gain=0.853395 0.794281 0.71911 0.769783 0.740617 0.369121 0.339764 0.736117 0.18151 0.16468 0.0294163
threshold=0.58913064300000018 28.459999560000004 0.54869635750000012 5.6000000070000011 0.66171585750000006 25.199560300000005 0.61875621450000018 0.69458671400000005 0.045000076500000007 26.400421500000004 0.086798271000000024
decision_type=2 2 2 2 2 8 2 2 2 10 2
left_child=-1 6 3 4 5 -3 -2 -8 -5 10 -9
right_child=1 2 -4 8 -6 -7 7 9 -10 -11 -12
leaf_value=-0.0051854564096893456 -0.0010094476507986865 0.00043286765522489049 0.00012139464045245585 0.0027003943453333141 -0.00010888937044224296 0.00045987892993526734 9.1728461271394914e-05 -0.003049978412119062 -0.0011057769467789315 2.1358015769698784e-05 -0.00044066786382356503
leaf_weight=106 69 21 29 25 24 33 37 20 44 25 50
leaf_count=106 69 21 29 25 24 33 37 20 44 25 50
internal_value=0.000302811 0.000528057 0.0010181 0.000707036 0.00138325 0.00202555 8.67194e-05 0.000391566 -3.58167e-05 -5.74114e-05 -0.000324859
internal_weight=483 377 176 147 78 54 201 132 69 95 70
internal_count=483 377 176 147 78 54 201 132 69 95 70
is_linear=0
shrinkage=0.01


Tree=587
num_leaves=13
num_cat=0
split_feature=6 34 0 54 77 1 61 4 4 8 0 0
split_gain=0.742865 0.787803 0.983511 0.525362 0.513816 0.783519 0.279171 0.349829 0.274903 0.146281 0.0240534 0.0166011
threshold=0.56165328550000015 4.7499999830000013 0.26586679200000002 2.7599997520000001 12.676428490000001 0.23864885700000002 33.134999755000003 0.37087578550000005 0.39647671450000005 0.62638573800000008 0.08092618750000001 0.10300379150000001
decision_type=2 2 2 2 2 2 2 2 2 2 2 2
left_child=1 3 -3 4 9 -6 -5 11 -4 10 -1 -8
right_child=-2 2 8 6 5 -7 7 -9 -10 -11 -12 -13
leaf_value=-0.0013124934379198543 0.00015649012808415704 0.00012049637025607024 0.00038780820683293046 -0.0022583327036769093 0.00065962301811755511 1.1095127902751679e-06 -0.015129252761993036 9.5435333338678366e-05 -0.00038858423626861527 3.635297661123352e-05 -8.0046096977535146e-05 -0.0029153648727235811
leaf_weight=20 35 23 33 182 20 28 20 20 25 24 35 22
leaf_count=20 35 23 33 182 20 28 20 20 25 24 35 22
internal_value=0.000296228 0.000181095 0.00106968 -9.41378e-06 0.000504695 0.00131148 -0.000285948 0.000270701 0.000323129 0 -0.000277778 -0.00021028
internal_weight=487 452 81 371 127 48 244 62 58 79 55 42
internal_count=487 452 81 371 127 48 244 62 58 79 55 42
is_linear=0
shrinkage=0.01


Tree=588
num_leaves=12
num_cat=0
split_feature=6 4 73 16 40 4 40 60 6 6 38
split_gain=1.15914 1.3966 1.72343 0.96836 0.834974 0.985478 0.322685 0.176823 0.402793 0.0662955 0.0410135
threshold=0.51979032150000004 0.43778730950000005 8.9285713265000002 0.69003928600000008 9.8000001200000018 0.35440475000000005 8.0500000005000008 30.669999600000001 0.44363492850000003 0.57262616650000009 8.0000001565000023
decision_type=2 2 2 2 2 2 2 2 2 2 2
left_child=3 2 -2 7 6 -6 -5 10 -9 -3 -1
right_child=1 9 -4 4 5 -7 -8 8 -10 -11 -12
leaf_value=-0.0014394781192548492 2.9940433107193929e-05 -0.0031247017398341914 0.00022262211351912337 5.4426849993219381e-05 0.00068752042112939389 3.1998845418323913e-06 -0.0022213945990653041 0.00041849743550186102 -0.0016642059576099304 3.3371252403551994e-05 -1.2759996854145489e-06
leaf_weight=143 38 22 20 37 36 35 47 31 43 20 20
leaf_count=143 38 22 20 37 36 35 47 31 43 20 20
internal_value=0.000409902 0.00136905 0.00236395 0.000157841 0.000773427 0.00156685 7.07546e-05 -0.000237595 0.000147059 0 -0.000424298
internal_weight=492 100 58 392 155 71 84 237 74 42 163
internal_count=492 100 58 392 155 71 84 237 74 42 163
is_linear=0
shrinkage=0.01


Tree=589
num_leaves=10
num_cat=0
split_feature=86 15 16 80 26 1 40 40 24
split_gain=1.30813 1.57825 0.777358 1.2173 0.523619 0.961256 0.446203 0.800998 0.120188
threshold=131.19284590000004 0.73023128550000005 0.58913064300000018 13.022857190000002 4.0785714385000009 0.26989957150000005 8.3999999465000013 7.5000000595000005 2.4642856890000004
decision_type=2 2 2 2 2 2 2 2 2
left_child=2 -2 -1 4 6 -6 7 -4 -8
right_child=1 -3 3 -5 5 -7 8 -9 -10
leaf_value=-0.0044146964112048766 0.00027791259543705123 2.1232356253308195e-06 -0.0011339228910299478 0.00077292529254095028 0.0002483100603697376 -8.7794756524420237e-05 -0.00088064502342271645 0.00011736865265512621 0.00030454260892597918
leaf_weight=106 29 29 37 35 25 28 123 26 20
leaf_count=106 29 29 37 35 25 28 123 26 20
internal_value=0.000455536 0.00185374 0.000244511 0.000512212 0.000263664 0.00114312 2.41778e-05 0.00072884 -0.000274687
internal_weight=458 58 400 294 259 53 206 63 143
internal_count=458 58 400 294 259 53 206 63 143
is_linear=0
shrinkage=0.01


Tree=590
num_leaves=13
num_cat=0
split_feature=30 87 44 46 25 18 44 22 59 25 7 1
split_gain=1.02558 0.561811 0.799427 0.757656 0.50112 0.645749 0.488263 0.404376 0.777328 0.259103 0.037843 0.0158575
threshold=5.5928571565000009 22.836835770000004 2.3999999355000008 9.899999719000002 4.0428571190000016 1.0142857135000003 5.9499999580000011 1.8428571435000001 35.470000265000003 4.0857142890000011 0.57163878550000014 0.27603864250000004
decision_type=2 10 2 2 2 2 2 2 2 2 2 2
left_child=1 3 -3 -1 5 6 -4 -5 11 -6 -2 -9
right_child=10 2 4 7 9 -7 -8 8 -10 -11 -12 -13
leaf_value=5.2357282846579363e-05 -0.0025530433432564099 7.5064774657089477e-05 0.00016330987949151693 -0.0032808852283106871 -0.00045391999951857354 7.7172197329155172e-05 0.00052384120249702321 -0.00017334878724924893 0.00012495874637615475 9.0846787264390821e-05 8.2464409469606702e-05 -0.0018837674983751065
leaf_weight=24 100 23 30 87 36 38 20 20 22 39 20 21
leaf_count=24 100 23 30 87 36 38 20 20 22 39 20 21
internal_value=0.000391015 0.000659645 0.0010439 0.000234554 0.000772283 0.00128378 0.00202756 -1.9894e-05 0.0005721 0.000138522 -0.000397351 -0.000203349
internal_weight=480 360 186 174 163 88 50 150 63 75 120 41
internal_count=480 360 186 174 163 88 50 150 63 75 120 41
is_linear=0
shrinkage=0.01


Tree=591
num_leaves=10
num_cat=0
split_feature=44 54 40 27 50 16 40 25 2
split_gain=0.85808 0.67433 0.657316 0.4684 0.352356 0.574093 0.260279 0.18277 0.0436659
threshold=6.149999976000001 1.7350001335000003 15.949999745000001 3.5285715035000007 0.99999999650000004 0.6776522140000002 11.54999993 4.1857143300000006 0.35634092850000004
decision_type=2 2 2 2 2 2 2 2 2
left_child=1 -1 4 -2 5 -3 -5 8 -6
right_child=3 2 -4 6 7 -7 -8 -9 -10
leaf_value=0.0012151964161005602 8.2690370212227664e-05 -0.00097785461711110138 0.00055455110913456046 -0.0010732992880558288 -0.0014768612997875833 0.0020351400210143781 0.00013302174890796406 0.00055883931026080597 -0.0018226555343126771
leaf_weight=28 33 29 23 28 212 28 20 35 20
leaf_count=28 33 29 23 28 212 28 20 35 20
internal_value=0.000262697 5.45502e-05 -6.18173e-05 0.00119193 -0.000184729 0.000510381 0.000491803 -0.000341673 -0.000446736
internal_weight=456 375 347 81 324 57 48 267 232
internal_count=456 375 347 81 324 57 48 267 232
is_linear=0
shrinkage=0.01


Tree=592
num_leaves=11
num_cat=0
split_feature=16 80 86 18 83 12 18 17 40 3
split_gain=1.09787 1.31388 0.69257 0.958264 0.443085 0.654666 0.52855 0.2357 0.0766828 0.0366378
threshold=0.58913064300000018 13.022857190000002 131.83848035000003 0.90714285650000015 21.730000085000004 0.69445437600000015 0.92142857000000011 99.285000000000011 11.999999855000002 0.37327085700000007
decision_type=2 2 2 2 2 2 2 2 2 2
left_child=9 2 4 -4 5 6 -2 -7 -6 -1
right_child=1 -3 3 -5 8 7 -8 -9 -10 -11
leaf_value=-0.0061885914311874514 4.8725006166708446e-05 0.00051564639345116491 4.6567032041116745e-05 6.537494829556012e-05 -0.0021984695993054271 -0.0011783978848310542 0.00017397868711822826 0.00018489340958130325 2.7262474477619437e-05 -0.0014427938440950464
leaf_weight=89 39 39 31 20 60 52 55 34 29 20
leaf_count=89 39 39 31 20 60 52 55 34 29 20
internal_value=0.000477816 0.000746248 0.000523691 0.00159266 0.000309488 0.000597345 0.00117089 -1.15209e-05 -0.000250557 -0.000387068
internal_weight=468 359 320 51 269 180 94 86 89 109
internal_count=468 359 320 51 269 180 94 86 89 109
is_linear=0
shrinkage=0.01


Tree=593
num_leaves=11
num_cat=0
split_feature=16 77 16 17 46 15 7 24 16 2
split_gain=1.54807 0.694768 0.703812 0.792815 0.761828 0.653483 0.269919 0.185629 0.109019 0.0799496
threshold=0.65667821400000015 12.310000045000002 0.67974250000000014 45.830000000000005 11.200000170000001 0.72553692850000007 0.40450564300000008 2.4214285785 0.74300621450000015 0.24883721400000003
decision_type=2 2 2 2 2 2 2 2 2 2
left_child=6 9 -3 5 -5 -4 -1 -8 -6 -2
right_child=1 2 3 4 8 -7 7 -9 -10 -11
leaf_value=6.2654171149286597e-05 5.7811413246857679e-05 0.00041280758621731585 0.0009727176709676328 6.5017609648273804e-05 -1.0417811446564171e-05 0.0023814448605054624 -0.0027111881629941141 0.00018475167565041261 8.0846507882696187e-06 -0.001836157403054005
leaf_weight=20 20 30 31 37 48 25 145 35 20 28
leaf_count=20 20 30 31 37 48 25 145 35 20 28
internal_value=0.000451341 0.000994579 0.00126434 0.000973424 0.000430057 0.00193662 -0.000189243 -0.000320797 -0.000174419 -4.09837e-05
internal_weight=439 239 191 161 105 56 200 180 68 48
internal_count=439 239 191 161 105 56 200 180 68 48
is_linear=0
shrinkage=0.01


Tree=594
num_leaves=10
num_cat=0
split_feature=16 46 6 88 44 4 25 8 6
split_gain=1.17439 0.835651 0.869628 0.655313 0.500826 0.396349 0.371425 0.823147 0.0361382
threshold=0.58913064300000018 9.8500000200000013 0.55327271450000015 23.120483925000006 2.7999999410000003 0.33170807150000003 3.9999999830000004 0.56373071400000019 0.49431583350000008
decision_type=2 2 2 10 2 2 2 2 2
left_child=-1 -2 3 6 -5 -6 8 -8 -3
right_child=1 2 -4 4 5 -7 7 -9 -10
leaf_value=-0.0030799782570544998 0.00020620893105562324 -0.0023505797097384154 0.00012283975549740581 0.00013153354184489399 -0.0014907349196538809 0.0003825131497744356 0.00028586617189765097 -0.00029512178265521307 -0.00058433415477724456
leaf_weight=106 31 85 28 35 28 51 21 54 20
leaf_count=106 31 85 28 35 28 51 21 54 20
internal_value=0.000431709 0.000710853 0.000548327 0.000376526 0.000966899 0.000482456 0 0.000534301 -0.000382798
internal_weight=459 353 322 294 114 79 180 75 105
internal_count=459 353 322 294 114 79 180 75 105
is_linear=0
shrinkage=0.01


Tree=595
num_leaves=11
num_cat=0
split_feature=16 7 9 12 43 13 72 66 21 7
split_gain=0.889208 0.689126 0.56639 0.7025 1.10322 0.485343 0.457918 0.297252 0.126914 0.0302359
threshold=0.58913064300000018 0.41203264750000007 0.59253911050000008 0.71531635700000018 0.65000000600000007 0.69745960850000011 6.0942857820000009 83.129998205000007 1.8928571260000002 0.59956314300000002
decision_type=2 2 2 2 2 2 2 2 2 2
left_child=-1 -2 8 4 6 -6 -4 9 -3 -5
right_child=1 2 3 7 5 -7 -8 -9 -10 -11
leaf_value=-0.0070062542465579372 0.0037434092398170183 -0.0012806647542160283 -0.00077637788129277018 -0.0017468576468579584 0.00010859149122815453 0.0002830075148976125 0.00014223357791787991 9.3504737210758861e-05 2.5204533653928852e-05 -2.8712581123686544e-05
leaf_weight=116 20 71 55 53 22 21 52 27 20 20
leaf_count=116 20 71 55 53 22 21 52 27 20 20
internal_value=0.000271034 0.000518242 0.000402282 0.00064992 0.0010809 0.00243151 0.000505566 0 -0.000255991 -0.000331978
internal_weight=477 361 341 250 150 43 107 100 91 73
internal_count=477 361 341 250 150 43 107 100 91 73
is_linear=0
shrinkage=0.01


Tree=596
num_leaves=14
num_cat=0
split_feature=44 69 0 5 51 3 87 16 14 59 57 0 0
split_gain=0.95518 0.63157 0.74679 1.38226 0.553265 0.340309 0.314009 0.143387 0.329351 0.137113 0.195577 0.0210574 0.0199046
threshold=4.3499999945000001 1.0000000180025095e-35 0.30146440250000006 0.41381985700000007 6.1500000285000009 0.31040042850000005 26.168896200000002 0.69752910700000015 0.7163503575000002 41.059999945000008 7.7300000190000011 0.12761261450000003 0.14259300000000003
decision_type=2 2 2 2 2 2 10 2 2 2 2 2 2
left_child=4 6 3 5 7 -3 -2 9 -9 -1 -11 -10 -8
right_child=1 2 -4 -5 -6 -7 12 8 11 10 -12 -13 -14
leaf_value=-0.0026910930104608812 0.0010875567738828065 0.00024984035707337389 -0.0021078470723954182 0.00013908264971874461 2.5529552822547741e-05 -0.00070343989410990985 -0.0012118781916762617 0.00028407863596937357 -0.00068594632335038184 -0.003245835567204858 0.00093031363426322462 -0.00090547737667900138 -0.0017092367075892531
leaf_weight=149 31 20 22 20 35 20 20 22 29 26 20 20 27
leaf_count=149 31 20 22 20 35 20 20 22 29 26 20 20 27
internal_value=0.000297748 0.000920398 0.00153382 0.00210526 -2.81645e-05 0.000931372 0.000241117 -0.000191155 0.000174095 -0.000334525 0.000106837 -0.000251004 -0.000240586
internal_weight=461 160 82 60 301 40 78 266 71 195 46 49 47
internal_count=461 160 82 60 301 40 78 266 71 195 46 49 47
is_linear=0
shrinkage=0.01


Tree=597
num_leaves=11
num_cat=0
split_feature=16 6 79 8 25 23 2 16 15 2
split_gain=1.02583 1.03958 1.57606 0.49886 0.576566 0.85545 0.328281 0.250914 0.629946 0.037843
threshold=0.60464378550000009 0.51979032150000004 8.8185714310000023 0.4899646425000001 3.9071428435000004 1.8714285495000003 0.32078395250000008 0.70921132850000013 0.7266769525000002 0.32564159500000006
decision_type=2 2 2 2 2 2 2 2 2 2
left_child=-1 3 6 -2 5 -5 -3 9 -9 -6
right_child=1 2 -4 4 7 -7 -8 8 -10 -11
leaf_value=-0.0039893415305471639 0.0033552559102908081 0.00020374316419967232 0.0001593349757744947 0.00022030372998828714 -0.0022842231893978027 -0.001151375861398648 -0.0003085519392744377 0.00019017758349718582 -0.00021585002507604493 -0.00044260047844303283
leaf_weight=137 21 20 22 28 100 20 20 20 64 20
leaf_count=137 21 20 22 28 100 20 20 20 64 20
internal_value=0.000236887 0.000537522 0.00170382 0.000261139 0.000126582 0.00110656 0.000441176 -9.76564e-05 0.000306604 -0.000397351
internal_weight=472 335 62 273 252 48 40 204 84 120
internal_count=472 335 62 273 252 48 40 204 84 120
is_linear=0
shrinkage=0.01


Tree=598
num_leaves=13
num_cat=0
split_feature=46 12 33 4 14 32 79 20 10 0 25 0
split_gain=1.16866 1.04851 1.17483 0.670454 0.971313 0.419213 0.22835 0.162905 0.426618 0.545341 0.115363 0.0401139
threshold=11.200000095000002 0.71027235700000013 3.5785713875000007 0.41375235700000007 0.71476464250000016 5.6000000070000011 8.5164285050000021 1.7142856845000003 0.61875621450000018 0.15580360450000005 4.1857143300000006 0.24826577100000005
decision_type=2 2 2 2 2 2 2 2 2 2 2 2
left_child=1 5 -3 7 -5 6 -1 8 -2 -10 11 -9
right_child=3 2 -4 4 -6 -7 -8 10 9 -11 -12 -13
leaf_value=-4.7069564393125696e-06 -0.00035891000934252073 0.0019841506748084418 1.2667113763256639e-05 -0.0014276491989687018 0.00013119972073855152 -0.0011105138020829819 0.00022915293537380081 -0.0012146886962986698 -0.0016124946223131486 7.5293159494683993e-05 6.2515975380483962e-05 -0.00039103540023624489
leaf_weight=22 48 20 22 26 20 39 24 128 27 23 22 20
leaf_count=22 48 20 22 26 20 39 24 128 27 23 22 20
internal_value=0.000401765 0.00120892 0.0025 6.67089e-05 0.00117521 0.000530303 0.00117521 -0.000119048 0.000192308 0.000846457 -0.000310305 -0.000416667
internal_weight=441 127 42 314 46 85 46 268 98 50 170 148
internal_count=441 127 42 314 46 85 46 268 98 50 170 148
is_linear=0
shrinkage=0.01


Tree=599
num_leaves=11
num_cat=1
split_feature=18 89 22 10 16 45 0 77 86 3
split_gain=0.625485 0.54822 0.812403 1.05773 0.355479 0.792413 0.64062 0.308764 0.274166 0.0249217
threshold=0.74285713700000011 0 1.7142857270000003 0.61801215300000012 0.67720392850000011 7.699999988000001 0.26401193750000002 14.02571423 127.65535695000001 0.32702285700000006
decision_type=2 1 2 2 2 2 2 2 2 2
left_child=-1 2 8 -4 7 9 -7 -3 -2 -6
right_child=1 4 3 -5 5 6 -8 -9 -10 -11
leaf_value=-0.001266034887940046 -0.0038531077033980635 -0.0026674742186066774 0.00042327781890148753 0.0016283185175352155 -2.1434359351543783e-05 0.00023513289034746355 0.00014527151380073179 4.6003345595118617e-05 0.0006495075376400319 -8.8735282434373818e-05
leaf_weight=110 27 112 20 20 20 25 33 35 34 37
leaf_count=110 27 112 20 20 20 25 33 35 34 37
internal_value=0.000172013 0.000375206 0.000961538 0.00215686 9.89735e-05 0.000522452 0.00134354 -0.000213126 0.000283171 -0.000285467
internal_weight=473 363 101 40 262 115 58 147 61 57
internal_count=473 363 101 40 262 115 58 147 61 57
cat_boundaries=0 1
cat_threshold=170131472
is_linear=0
shrinkage=0.01


Tree=600
num_leaves=11
num_cat=0
split_feature=25 48 16 3 51 17 27 40 57 21
split_gain=0.786274 0.716657 0.607776 1.08694 0.285448 0.542189 0.256817 0.221025 0.233261 0.0838677
threshold=3.8285714390000005 0.90000000950000014 0.7145063570000002 0.31532478600000008 4.9499999735000006 37.240000000000002 3.6500000190000006 11.999999855000002 8.0050001145000014 1.7928571275000003
decision_type=2 2 2 2 2 2 2 2 2 2
left_child=1 -1 4 -4 7 -6 -5 8 -2 -7
right_child=2 -3 3 6 5 9 -8 -9 -10 -11
leaf_value=-0.00057381043089556544 -0.002166823357401457 0.00017050389919514449 0.0018695930761894223 -0.0002626142849125857 0.00068892996931731231 4.3229682953965058e-05 1.048029442922725e-05 0.00025275100815263526 0.00031478848644207193 -0.0035311838465274408
leaf_weight=22 193 35 30 38 20 20 29 25 30 30
leaf_count=22 193 35 30 38 20 20 29 25 30 30
internal_value=0.000279188 0.00137543 0.000121453 0.000812883 -8.46927e-05 0.000466102 6.63716e-05 -0.000249196 -0.000355228 -5.90552e-05
internal_weight=472 57 415 97 318 70 67 248 223 50
internal_count=472 57 415 97 318 70 67 248 223 50
is_linear=0
shrinkage=0.01


Tree=601
num_leaves=13
num_cat=1
split_feature=89 16 16 67 17 11 13 41 80 7 32 17
split_gain=1.19426 0.652087 0.595746 0.599711 0.510829 0.834138 0.414153 0.311562 0.23222 0.352466 0.152437 0.121796
threshold=0 0.58913064300000018 0.67720392850000011 51.354999545000005 19.550000000000001 0.63482035700000006 0.71023635000000007 3.6499999945000003 12.553571565000002 0.55016428600000011 5.3214285715000011 40.900000000000013
decision_type=1 2 2 2 2 2 2 2 2 2 2 2
left_child=1 -1 10 7 -3 -6 -7 8 -4 -10 -2 -9
right_child=2 4 3 -5 5 6 -8 11 9 -11 -12 -13
leaf_value=-0.00048734138335499751 6.6983057179083034e-05 0.0029747667602257289 0.0002627300690452273 0.00020858008392746476 -0.00067533190999621243 8.3857590069351244e-05 1.5197429244211517e-05 0.00010276803144318062 -0.0018203781900911447 0.0016766289072463101 -0.0032217511811697846 -0.00031241257973363813
leaf_weight=26 20 21 24 30 28 21 20 20 31 22 154 63
leaf_count=26 20 21 24 30 28 21 20 20 31 22 154 63
internal_value=0.000349418 0.00118297 4.26893e-05 0.00043501 0.00168502 0.00119627 0.0020933 0.000174129 0.000636247 0.000213755 -0.000371854 -0.000232697
internal_weight=480 116 364 190 90 69 41 160 77 53 174 83
internal_count=480 116 364 190 90 69 41 160 77 53 174 83
cat_boundaries=0 1
cat_threshold=707035396
is_linear=0
shrinkage=0.01


Tree=602
num_leaves=12
num_cat=0
split_feature=16 88 17 8 45 46 61 26 33 1 1
split_gain=0.89122 0.599937 0.421577 0.92021 0.43604 0.401805 0.370379 0.245662 0.458734 0.197153 0.0361382
threshold=0.58913064300000018 20.201986145000003 40.900000000000013 0.62052864250000017 5.1499999055000005 10.549999960000003 33.249999050000007 3.6928571125000005 3.2499999660000003 0.28295230950000005 0.28041000000000005
decision_type=2 8 2 2 2 2 2 2 2 2 2
left_child=10 -2 3 4 -3 -6 7 8 -4 -9 -1
right_child=1 2 6 -5 5 -7 -8 9 -10 -11 -12
leaf_value=-0.0057755455746607643 0.00042741094745825262 0.0017562092035871468 -0.0016754462313188917 0.00017549722144865002 0.00041740131922851024 -0.0019328418204487214 0.00016870278044810936 -1.43693770204525e-05 4.1837322103315042e-05 9.5815328065853648e-05 -0.0012089622699358851
leaf_weight=85 25 20 28 23 20 54 25 98 20 40 20
leaf_count=85 25 20 28 23 20 54 25 98 20 40 20
internal_value=0.000411944 0.000654324 0.000529197 0.00101443 0.000537975 0.000147059 0.000247875 8.02997e-05 0.000696721 -0.000122479 -0.000382798
internal_weight=458 353 328 117 94 74 211 186 48 138 105
internal_count=458 353 328 117 94 74 211 186 48 138 105
is_linear=0
shrinkage=0.01


Tree=603
num_leaves=11
num_cat=1
split_feature=46 89 0 6 87 15 28 80 24 25
split_gain=0.841082 0.656408 0.634983 0.621628 1.09253 1.15214 0.548914 0.529053 0.521352 0.437376
threshold=9.8500000200000013 0 0.21980954200000002 0.51979032150000004 21.092562495000003 0.72705264250000012 2.4285714375 12.553571565000002 2.2214285645000005 4.0571428200000001
decision_type=2 1 2 2 8 2 2 2 2 2
left_child=2 -2 -1 6 -5 -6 7 9 -8 -3
right_child=1 3 -4 4 5 -7 8 -9 -10 -11
leaf_value=-4.3894576155059856e-05 -0.0003997577766278035 -4.6769586260244622e-06 0.00016769417362776724 -0.0017865603289408242 0.0015324351034805841 1.8477489622741255e-06 -0.0026965328158785919 -0.00341202745328964 0.0049181320529940262 0.00046515390441068886
leaf_weight=22 107 72 23 22 22 20 20 110 25 35
leaf_count=22 107 72 23 22 22 20 20 110 25 35
internal_value=0.000352966 0.000210927 0.00164847 0.000430522 0.00132716 0.00226636 0.000216895 0 0.00121179 0.000505566
internal_weight=478 433 45 326 64 42 262 217 45 107
internal_count=478 433 45 326 64 42 262 217 45 107
cat_boundaries=0 1
cat_threshold=70885
is_linear=0
shrinkage=0.01


Tree=604
num_leaves=10
num_cat=1
split_feature=89 50 4 20 44 29 61 20 61
split_gain=1.27204 0.998017 0.743547 0.700086 0.858196 0.352063 0.1475 0.121473 0.131982
threshold=0 1.0500000045000002 0.41375235700000007 1.8142857125000003 4.6000000425000005 3.1214285575000003 22.649999620000003 1.9571428385000003 20.694999695000003
decision_type=1 2 2 2 2 2 2 2 2
left_child=5 -2 3 6 -5 7 -3 8 -1
right_child=1 2 -4 4 -6 -7 -8 -9 -10
leaf_value=-8.6323042786626598e-05 0.00072821183425992642 1.3857035030049041e-05 0.00047592630088363495 0.00064782096382923161 -0.0016140099860073246 0.0036616601525296579 -0.0012547789184637098 0.00022564414742350043 -0.00067101090172073604
leaf_weight=24 37 34 20 20 22 28 67 21 195
leaf_count=24 37 34 20 20 22 28 67 21 195
internal_value=0.000264505 0.000844402 0.000528083 0.000253825 0.00133178 -0.000186514 -0.000181729 -0.00032392 -0.000398089
internal_weight=468 200 163 143 42 268 101 240 219
internal_count=468 200 163 143 42 268 101 240 219
cat_boundaries=0 1
cat_threshold=73403
is_linear=0
shrinkage=0.01


Tree=605
num_leaves=12
num_cat=1
split_feature=89 87 8 28 0 8 9 87 24 19 20
split_gain=0.938417 1.12349 1.21801 0.455025 0.412526 0.405701 0.315599 0.144778 0.227814 0.142742 0.0430406
threshold=0 21.593363450000002 0.63340750000000001 2.0571428540000003 0.065224698000000011 0.56097426150000007 0.64800032500000004 27.820630600000005 2.2714285935000005 2.6142856900000004 1.9142857025000002
decision_type=1 10 2 2 2 2 2 10 2 2 2
left_child=1 -1 5 6 -5 -3 -2 9 -9 10 -6
right_child=3 2 -4 4 7 -7 -8 8 -10 -11 -12
leaf_value=-0.0014075826446023718 0.00020687087994103359 0.00055424477513112158 0.00039925551756986208 0.00012303063341199293 -0.00048328371869426435 -0.00010703698621502015 -5.5308101370733686e-06 0.00039024563359965598 -0.0014601015627265785 9.1114422668037297e-05 -0.0026658816176562124
leaf_weight=39 27 25 22 23 191 23 21 28 27 20 20
leaf_count=39 27 25 22 23 191 23 21 28 27 20 20
internal_value=0.000267781 0.00103088 0.00187853 0 -0.000137185 0.000901639 0.000901639 -0.000247559 0.000188172 -0.000360224 -0.000441454
internal_weight=466 109 70 357 309 48 48 286 55 231 211
internal_count=466 109 70 357 309 48 48 286 55 231 211
cat_boundaries=0 1
cat_threshold=137659200
is_linear=0
shrinkage=0.01


Tree=606
num_leaves=10
num_cat=1
split_feature=6 4 89 48 48 46 70 31 1
split_gain=1.07914 1.53636 0.38316 1.17242 0.438134 0.429597 0.24041 0.154411 0.0350185
threshold=0.54869635750000012 0.45483942850000009 0 16.399999620000003 9.8499999050000024 10.499999900000002 7.6564285415000013 4.3499999895000014 0.26989957150000005
decision_type=2 2 1 2 2 2 2 2 2
left_child=2 -2 7 4 5 -4 -7 -1 -6
right_child=1 -3 3 -5 8 6 -8 -9 -10
leaf_value=-0.0009251365568437919 0.00015701670100399419 -0.00048488180766151568 0.00046002771785533204 0.00014330442039559255 -0.0048661363708793776 0.00020379346266320326 -3.1402167194114234e-05 0.00013001188511450702 -0.00095305821365938956
leaf_weight=107 24 24 20 27 77 77 66 38 20
leaf_count=107 24 24 20 27 77 77 66 38 20
internal_value=0.00030782 0.00172131 0.000143253 0.000350907 0.000145705 0.000467033 0.000253825 -0.000259949 -0.000373211
internal_weight=480 48 432 287 260 163 143 145 97
internal_count=480 48 432 287 260 163 143 145 97
cat_boundaries=0 1
cat_threshold=12653585
is_linear=0
shrinkage=0.01


Tree=607
num_leaves=13
num_cat=1
split_feature=36 89 5 34 14 79 78 87 30 38 34 1
split_gain=0.867889 0.852217 0.550321 0.471676 0.191946 0.296994 0.22029 0.344926 0.18045 0.172198 0.170852 0.0199046
threshold=2.3500000235000003 0 0.47994752350000008 3.8214285205000005 0.74645755350000009 8.6257142680000012 12.887857095000003 25.784041450000004 3.1714286035000003 0.35000000900000006 4.5571428030000005 0.22124757150000005
decision_type=2 1 2 2 2 2 2 10 2 2 2 2
left_child=1 2 3 -1 6 -6 7 -3 -5 10 -8 -10
right_child=-2 4 -4 8 5 -7 9 -9 11 -11 -12 -13
leaf_value=0.0006292316941132061 1.1201435781298727e-05 0.0017268094599221955 0.0003709424995232745 0.00043064151047894807 -0.00017202110676509217 0.00042763446683338313 0.00016991877767193913 -0.0012228956440795569 -0.0044970985882840497 -0.0017582902678105455 -0.00048046936380184441 -0.0012920008335301075
leaf_weight=20 21 20 24 20 33 20 20 22 20 199 20 27
leaf_count=20 21 20 24 20 33 20 20 22 20 199 20 27
internal_value=0.000224936 0.000124495 0.000841543 0.000506834 -0.000130511 0.000399628 -0.00024308 0.000397196 6.63716e-05 -0.000364888 0.000196078 -0.000240586
internal_weight=466 445 111 87 334 53 281 42 67 239 40 47
internal_count=466 445 111 87 334 53 281 42 67 239 40 47
cat_boundaries=0 1
cat_threshold=136577282
is_linear=0
shrinkage=0.01


Tree=608
num_leaves=11
num_cat=1
split_feature=89 25 16 58 71 73 3 5 33 70
split_gain=0.903589 0.755765 0.884246 0.84893 0.781071 0.88179 0.485033 1.01919 0.190144 0.162548
threshold=0 3.9642856800000001 0.67248635700000015 1.3200001715000003 6.8785715360000008 8.7007143160000009 0.31490748550000008 0.37527847650000007 4.1142857075000014 7.6328571860000016
decision_type=1 2 2 2 2 2 2 2 2 2
left_child=8 2 3 -2 5 6 7 -3 -1 -8
right_child=1 4 -4 -5 -6 -7 9 -9 -10 -11
leaf_value=-0.0025204407301665501 -0.0004918801008384978 -0.00062122268749081357 0.00035273513478718116 0.00041070228606630724 -0.0044067848251725609 0.0015789913198556921 1.1516713981427116e-05 0.0018315776237824107 0.00025293206575979766 -0.00064437648959577863
leaf_weight=123 37 37 28 20 76 21 28 24 33 48
leaf_count=123 37 37 28 20 76 21 28 24 33 48
internal_value=0.000337326 0.000632201 0.0014627 0.000683391 0.000344974 0.00074937 0.000431785 0.00109223 -0.000275779 -7.81251e-05
internal_weight=475 319 85 57 234 158 137 61 156 76
internal_count=475 319 85 57 234 158 137 61 156 76
cat_boundaries=0 1
cat_threshold=33623171
is_linear=0
shrinkage=0.01


Tree=609
num_leaves=13
num_cat=0
split_feature=25 53 7 0 80 8 9 31 23 48 8 20
split_gain=0.656552 0.510205 0.494356 1.15638 0.274773 0.387628 0.672797 0.225749 0.144474 0.207756 0.115758 0.0415276
threshold=3.7785714355000004 0.47499990450000007 0.55530592850000005 0.31065555400000006 8.939285755000002 0.58737814300000013 0.58228697500000004 4.4857142140000006 1.8714285620000004 7.949999988500001 0.50637541450000012 1.7142857015000004
decision_type=2 2 2 2 2 2 2 2 2 2 2 2
left_child=-1 7 4 -4 -3 6 -6 8 9 -2 -10 -12
right_child=1 2 3 -5 5 -7 -8 -9 10 -11 11 -13
leaf_value=0.00012727715108676218 0.00016919972695193333 -1.4503439246171695e-05 0.0008621952504523023 -0.0029229329657824727 3.3012003799356678e-06 -0.0014069349688481025 0.00037205751039278849 0.00085669320232056975 -0.00039981838056024025 -0.0002026275285661976 -8.7105534393412822e-05 -0.001206480965188687
leaf_weight=31 28 40 31 20 34 26 24 20 23 23 20 153
leaf_count=31 28 40 31 20 34 26 24 20 23 23 20 153
internal_value=0.000256437 0.00015131 0.000571672 0.00139961 0.000208333 0.000542453 0.0010034 -0.000117625 -0.000207829 0.000241313 -0.000335366 -0.000428654
internal_weight=473 442 175 51 124 84 58 267 247 51 196 173
internal_count=473 442 175 51 124 84 58 267 247 51 196 173
is_linear=0
shrinkage=0.01


Tree=610
num_leaves=12
num_cat=0
split_feature=7 23 64 0 0 4 29 20 51 1 24
split_gain=0.538177 0.486982 0.46158 0.69964 0.842745 1.69335 0.253198 0.246911 0.65381 0.216592 0.134304
threshold=0.40947400000000006 1.8857142885000002 21.590001580000003 0.13297466700000002 0.31065555400000006 0.38257392850000005 3.0142857180000004 1.7142857100000002 2.6000000125000002 0.20456692850000002 2.4857142565000001
decision_type=2 2 2 2 2 2 2 2 2 2 2
left_child=-1 2 -2 6 5 -5 -4 8 -3 -8 -9
right_child=1 7 3 4 -6 -7 9 10 -10 -11 -12
leaf_value=0.0025500969865290251 -1.3614423558803852e-05 -0.0014522139103992184 -0.00064425054990755143 0.0001367915087661585 -0.0017992847510470253 0.00018002736111475835 0.001869207189840994 -0.001839081203501452 0.00032705821459717821 -2.1259222881021511e-05 0.00020538704931579455
leaf_weight=26 39 31 46 64 22 20 20 131 20 23 22
leaf_count=26 39 31 46 64 22 20 20 131 20 23 22
internal_value=0.000292599 0.000202826 0.000515332 0.000717569 0.00126404 0.0017217 3.89754e-05 -0.000146484 0.000434363 0.000605023 -0.000354356
internal_weight=464 438 234 195 106 84 89 204 51 43 153
internal_count=464 438 234 195 106 84 89 204 51 43 153
is_linear=0
shrinkage=0.01


Tree=611
num_leaves=11
num_cat=0
split_feature=20 3 3 58 25 5 46 29 5 0
split_gain=0.990918 0.492384 1.10663 0.205034 0.28865 0.194544 0.175617 0.259453 0.0431691 0.0231242
threshold=1.9571428385000003 0.35729614250000002 0.36728693450000005 2.3849997520000001 4.1857143300000006 0.48095428550000008 10.999999955000002 2.9499999880000005 0.30801238100000006 0.16604052100000002
decision_type=2 2 2 2 2 2 2 2 2 2
left_child=1 3 -3 4 6 -4 7 -1 -8 -7
right_child=-2 2 5 -5 -6 9 8 -9 -10 -11
leaf_value=5.6486046603766586e-06 0.00027062647060739013 0.00033859992710418327 4.9973644768612698e-05 0.0003491644227903031 0.00082579558166695868 -0.00080707121696384481 0.00016555909485696575 -0.0025018399754126843 -0.0011624949373167928 -0.002518870027836676
leaf_weight=27 39 26 20 34 32 20 20 31 195 33
leaf_count=27 39 26 20 34 32 20 20 31 195 33
internal_value=0.000208246 6.60892e-05 0.000686373 -0.000110359 -0.000197842 2.03251e-05 -0.00030862 0.000153061 -0.00044254 -0.000269517
internal_weight=477 438 99 339 305 73 273 58 215 53
internal_count=477 438 99 339 305 73 273 58 215 53
is_linear=0
shrinkage=0.01


Tree=612
num_leaves=10
num_cat=0
split_feature=40 28 17 18 43 50 16 25 0
split_gain=1.22841 0.812733 0.722318 0.717812 0.538285 0.422436 0.283405 0.0807267 0.0615385
threshold=15.949999745000001 2.0571428540000003 5.0250000000000012 1.0142857135000003 0.75000001850000009 7.6500001545000016 0.71375450000000018 4.1499999930000007 0.11869404200000001
decision_type=2 2 2 2 2 2 2 2 2
left_child=1 3 -3 -1 7 -6 -7 -4 -9
right_child=-2 2 4 -5 5 6 -8 8 -10
leaf_value=0.0002067499530704648 0.00038533521409806637 0.0016703980408765539 -0.00090886608115361034 -0.0042333615574656029 0.00013426178426818649 -0.00038368994433028611 0.00077125181169654822 -0.011901170555553592 7.4359763355895744e-05
leaf_weight=32 22 21 216 24 22 47 52 20 20
leaf_count=32 22 21 216 24 22 47 52 20 20
internal_value=0.000230705 0.000112137 -4.2628e-05 0.00123239 -0.00014955 0.000389983 8.51702e-05 -0.000412773 0
internal_weight=476 454 398 56 377 121 99 256 40
internal_count=476 454 398 56 377 121 99 256 40
is_linear=0
shrinkage=0.01


Tree=613
num_leaves=12
num_cat=1
split_feature=89 5 83 83 9 3 3 79 8 29 0
split_gain=0.954045 1.77644 0.399718 0.359686 0.452523 1.00029 0.416822 0.824484 0.180261 0.137158 0.0166011
threshold=0 0.49411128550000005 21.962856975000005 21.784285545000003 0.59532512500000012 0.31532478600000008 0.35252696400000011 8.5164285050000021 0.56373071400000019 3.1642857450000004 0.11869404200000001
decision_type=1 2 2 2 2 2 2 2 2 2 2
left_child=1 2 8 4 -2 -6 -7 -8 -1 -5 -4
right_child=3 -3 10 9 5 6 7 -9 -10 -11 -12
leaf_value=0.00062664368467906884 -0.00036170518670948845 0.00022787000754182163 -0.0020836806816154486 -0.0024454994887555264 0.00079848939826830125 -2.5107340365438086e-05 -0.0032000564284956575 0.00015753275249228454 2.697018256652342e-05 -1.186558961026746e-06 -0.0022492807883825018
leaf_weight=20 60 20 20 146 34 61 28 27 21 22 22
leaf_count=20 60 20 20 146 34 61 28 27 21 22 22
internal_value=0.000223122 0.00102373 0.000435561 -1.80042e-05 0.000251423 0.000550398 8.56163e-05 0.000725806 0.00113636 -0.000367299 -0.00021028
internal_weight=481 103 83 378 210 150 116 55 41 168 42
internal_count=481 103 83 378 210 150 116 55 41 168 42
cat_boundaries=0 1
cat_threshold=673480961
is_linear=0
shrinkage=0.01


Tree=614
num_leaves=14
num_cat=1
split_feature=89 10 17 23 26 1 7 11 3 86 25 0 0
split_gain=0.66247 0.690202 0.765685 0.305292 0.372474 0.912129 0.614349 0.143506 0.359738 0.127055 0.0397015 0.0221279 0.0180012
threshold=0 0.66070692900000016 19.550000000000001 1.8857142885000002 3.8999999930000002 0.2961697855 0.49787907150000005 0.66708671450000012 0.30644400000000005 70.137508020000013 3.8714285750000004 0.21668177050000001 0.13297466700000002
decision_type=1 2 2 2 2 2 2 2 2 2 2 2 2
left_child=1 2 -1 4 7 6 -6 -2 -9 -5 -11 -4 -10
right_child=3 -3 11 9 5 -7 -8 8 12 10 -12 -13 -14
leaf_value=0.0014852618263034084 -1.8508956820238898e-05 0.00094038022043166879 -0.0011366140833075843 2.4748361749180806e-05 3.4324799360273759e-05 -0.001755919221332653 0.00015883693700843317 0.001827953726949676 -5.6587013592556733e-05 -0.00097896508483312386 -0.0047127771714739501 1.1276521439544038e-05 -0.0035756193388360447
leaf_weight=24 51 32 31 20 20 30 22 20 24 20 122 20 20
leaf_count=24 51 32 31 20 20 30 22 20 24 20 122 20 20
internal_value=0.000240805 0.000887097 0.000402375 9.72751e-06 0.000290202 0.000851648 0.00179907 -4.74958e-05 0.000246913 -0.000300983 -0.000413165 -0.000260618 -0.000223214
internal_weight=456 107 75 349 187 72 42 115 64 162 142 51 44
internal_count=456 107 75 349 187 72 42 115 64 162 142 51 44
cat_boundaries=0 1
cat_threshold=673481088
is_linear=0
shrinkage=0.01


Tree=615
num_leaves=10
num_cat=1
split_feature=89 7 80 10 79 16 9 13 10
split_gain=1.0257 0.824934 0.609027 0.646923 0.680734 0.758987 0.222522 0.122228 0.0717689
threshold=0 0.62304800000000016 12.627142905000001 0.69101535700000005 7.559285709000001 0.65392926200000012 0.53547499150000011 0.72567693350000007 0.59368217850000005
decision_type=1 2 2 2 2 2 2 2 2
left_child=8 2 3 4 -2 -6 -4 -8 -1
right_child=1 -3 6 -5 5 -7 7 -9 -10
leaf_value=3.2780527297526228e-05 -0.00080666476796551259 0.00040854750798476253 8.0046034842077979e-05 -0.0015852304553197005 -0.00052989880674788226 0.00044247845210496474 -0.0022751125701627635 1.1293005143440482e-06 -0.0017042949260385649
leaf_weight=39 30 22 20 29 23 83 75 21 121
leaf_count=39 30 22 20 29 23 83 75 21 121
internal_value=0.000294308 0.000626195 0.000487935 0.000877563 0.00116959 0.00154494 -5.137e-05 -0.000268595 -0.000339579
internal_weight=463 303 281 165 136 106 116 96 160
internal_count=463 303 281 165 136 106 116 96 160
cat_boundaries=0 1
cat_threshold=42013286
is_linear=0
shrinkage=0.01


Tree=616
num_leaves=13
num_cat=1
split_feature=89 21 4 86 86 45 45 58 86 11 12 0
split_gain=0.987417 0.846309 0.807545 0.538148 0.459752 0.512322 0.483715 0.223535 0.225835 0.170819 0.463596 0.0413292
threshold=0 1.9214285615000002 0.38621613100000002 100.44990815000001 119.07247730000002 7.0000000670000011 9.0999999120000012 0.3850002285000001 60.892142180000008 0.64806171400000012 0.71531635700000018 0.073444458000000004
decision_type=1 2 2 2 2 2 2 2 2 2 2 2
left_child=1 2 3 -1 7 9 -7 -2 -9 -6 -11 -10
right_child=4 -3 -4 -5 5 6 -8 8 11 10 -12 -13
leaf_value=-0.00018601239309588483 0.00032727442356178939 -0.0010762130334340781 0.00034004481915654241 0.0010355353850402176 -0.00065986699203704068 0.00012975512760446745 -0.00028937386416212434 0.00011230551485353776 -0.0026051587857999674 0.00012493369040335743 -0.00061848747446632477 -0.0016919984903445446
leaf_weight=24 22 30 25 32 36 28 25 27 20 24 26 149
leaf_count=24 22 30 25 32 36 28 25 27 20 24 26 149
internal_value=0.000392491 0.00116995 0.00180318 0.00105634 0.000107395 0.000561516 0.001329 -0.000169104 -0.000284553 5.76036e-05 0.000452756 -0.000426973
internal_weight=468 111 81 56 357 139 53 218 196 86 50 169
internal_count=468 111 81 56 357 139 53 218 196 86 50 169
cat_boundaries=0 1
cat_threshold=673448324
is_linear=0
shrinkage=0.01


Tree=617
num_leaves=11
num_cat=0
split_feature=16 63 40 40 41 40 79 40 51 2
split_gain=0.86608 1.29183 0.429306 0.729035 0.593269 0.26832 0.184759 0.440232 0.0769496 0.0356
threshold=0.58913064300000018 21.215000155000002 8.3999999465000013 7.5000000595000005 2.9499999880000005 7.9999998955000011 8.5507142545000026 12.050000020000001 5.9499999060000013 0.30964271400000004
decision_type=2 2 2 2 2 2 2 2 2 2
left_child=9 2 3 -2 -4 -5 7 -6 -8 -1
right_child=1 -3 4 5 6 -7 8 -9 -10 -11
leaf_value=-0.0047790334647707586 -0.001160754920364746 0.0007002461651395989 0.00018620253185022044 0.0019120586340873875 -2.9617687106228546e-06 0.00025672990479376175 -0.00056550845169424087 0.00030579598746705684 1.4201479068999242e-05 -0.0012169602884958598
leaf_weight=81 39 36 20 20 97 30 66 23 30 20
leaf_count=81 39 36 20 20 97 30 66 23 30 20
internal_value=0.00042567 0.00065644 0.000446593 0.0010412 0.000211149 0.00183071 4.61253e-05 0.000314569 -0.000268595 -0.000378193
internal_weight=462 361 325 89 236 50 216 120 96 101
internal_count=462 361 325 89 236 50 216 120 96 101
is_linear=0
shrinkage=0.01


Tree=618
num_leaves=9
num_cat=0
split_feature=7 25 75 88 31 58 24 58
split_gain=1.21402 0.400158 0.675373 0.455215 0.485238 0.390064 0.215247 0.0826645
threshold=0.63897342850000005 3.8214285545000002 5.2049999830000013 27.750884020000004 4.4142857280000003 2.0050001145000005 1.8857142885000002 2.1550002095000003
decision_type=2 2 2 10 2 2 2 2
left_child=1 2 -1 4 6 -6 -3 -8
right_child=-2 3 -4 -5 5 -7 7 -9
leaf_value=0.00016334717363190415 0.0001521299570982465 3.8929570404415385e-05 -0.0013061634395352382 0.00039624568510238453 0.0020946784721134937 -0.0023530182212741909 -0.00057275396577652446 2.1325330850810324e-05
leaf_weight=20 34 27 26 38 20 23 233 34
leaf_count=20 34 27 26 38 20 23 233 34
internal_value=0.000242431 8.89046e-05 0.000961538 -1.46356e-05 -0.000137656 0.000833333 -0.000288331 -0.000379014
internal_weight=455 421 46 375 337 43 294 267
internal_count=455 421 46 375 337 43 294 267
is_linear=0
shrinkage=0.01


Tree=619
num_leaves=11
num_cat=0
split_feature=16 80 33 46 17 73 5 26 10 0
split_gain=1.02491 1.33218 0.636707 0.537946 0.779394 0.330166 0.29315 0.236179 0.285106 0.0662955
threshold=0.58913064300000018 13.022857190000002 3.7999999520000007 10.999999905000001 93.810000000000016 8.1642856935000019 0.42432602400000002 4.1785714285000006 0.6531102860000001 0.16271763550000004
decision_type=2 2 2 2 2 2 2 2 2 2
left_child=-1 3 -3 4 6 -5 9 8 -7 -2
right_child=1 2 -4 5 -6 7 -8 -9 -10 -11
leaf_value=-0.0063618461412441362 2.82947114412635e-05 0.00040694969247130185 0.00067208872564876953 8.2162938025753823e-05 0.00053310784417058955 -0.0011318731767898126 3.3962192304990106e-05 0.00047722212607074842 2.9937922452782323e-05 -0.0016562105609548095
leaf_weight=103 20 21 20 20 20 99 33 27 84 22
leaf_count=103 20 21 20 20 20 99 33 27 84 22
internal_value=0.000390592 0.000640676 0.00233254 0.000415899 0.00104906 0.000142981 0.000534301 1.42314e-05 -0.000106094 0
internal_weight=469 366 41 325 95 230 75 210 183 42
internal_count=469 366 41 325 95 230 75 210 183 42
is_linear=0
shrinkage=0.01


Tree=620
num_leaves=14
num_cat=0
split_feature=16 5 2 13 73 87 44 48 10 44 7 0 2
split_gain=0.791436 0.828897 2.15916 0.680462 0.614927 1.02207 0.297322 0.62844 0.274777 0.190404 0.240264 0.170852 0.0376402
threshold=0.58913064300000018 0.47994752350000008 0.32034507150000008 0.65033731650000004 8.6528572015000016 23.730479810000002 3.4000000730000006 7.2000000065000007 0.67755535700000002 6.1999999655000009 0.56025021450000012 0.30782925000000005 0.33770228550000009
decision_type=2 2 2 2 2 10 2 2 2 2 2 2 2
left_child=12 3 -3 4 -2 -6 7 -5 -9 -8 -11 -4 -1
right_child=1 2 11 6 5 -7 9 8 -10 10 -12 -13 -14
leaf_value=-0.0060528952485580613 -0.0002072641517789152 0.00022552934628414372 1.5105028794490393e-05 -0.00064605317366195076 1.9079261916627963e-06 0.00050460748264222633 -0.00097350666295883145 8.1049829980602302e-05 0.00027754906703872709 0.00037533851560314055 -0.00029366869755497984 -0.0015984520245465254 -0.0011414508795238158
leaf_weight=98 34 20 20 33 23 22 101 21 20 26 24 20 20
leaf_count=98 34 20 20 33 23 22 101 21 20 26 24 20 20
internal_value=0.000304474 0.000537281 0.00161184 0.000314961 0.00110902 0.00186681 2.43577e-05 0.000548128 0.0013756 -0.000220685 0.000255905 0.000196078 -0.000395623
internal_weight=482 364 60 304 79 45 225 74 41 151 50 40 118
internal_count=482 364 60 304 79 45 225 74 41 151 50 40 118
is_linear=0
shrinkage=0.01


Tree=621
num_leaves=12
num_cat=0
split_feature=16 5 1 12 77 16 38 21 51 5 14
split_gain=1.00995 0.908437 1.79766 0.782505 0.899306 0.363002 0.419527 0.426578 0.172494 0.143497 0.0907869
threshold=0.60464378550000009 0.46976100000000004 0.29363107150000006 0.62224621450000006 13.719285620000003 0.69752910700000015 7.2999998705000015 1.7571428415000001 4.9999999145000009 0.50441778600000009 0.70419535700000013
decision_type=2 2 2 2 2 2 2 2 2 2 2
left_child=9 3 -3 4 -2 10 7 -7 -8 -1 -5
right_child=1 2 -4 5 -6 6 8 -9 -10 -11 -12
leaf_value=-0.003687797171029831 9.7115104706172966e-06 0.00014329673796447033 1.0330906206627069e-06 -0.0017401625909819235 0.003346330736460036 0.00021803135807586417 -0.00060765811273250721 0.00019090511627347317 6.7157110978127832e-05 7.8850187003370463e-05 -8.2677154675731622e-05
leaf_weight=112 32 32 33 73 21 20 40 40 25 20 27
leaf_count=112 32 32 33 73 21 20 40 40 25 20 27
internal_value=0.000400378 0.0006879 0.00175532 0.000426829 0.00151487 0.000157219 0.000520668 0.00111842 -7.5989e-06 -0.000331325 -0.000277778
internal_weight=475 343 65 278 53 225 125 60 65 132 100
internal_count=475 343 65 278 53 225 125 60 65 132 100
is_linear=0
shrinkage=0.01


Tree=622
num_leaves=12
num_cat=1
split_feature=89 5 86 51 54 58 86 16 62 5 6
split_gain=1.29495 1.09496 0.680357 0.424755 0.646403 0.353156 0.29886 0.191323 0.370124 0.0940309 0.0314669
threshold=0 0.46976100000000004 131.19284590000004 3.8000000270000007 3.5950002670000005 0.3850002285000001 96.478193015000016 0.65392926200000012 1.9750003810000003 0.47714655350000007 0.41782388100000006
decision_type=1 2 2 2 2 2 2 2 2 2 2
left_child=5 2 3 4 -2 -1 -6 -7 9 10 -9
right_child=1 -3 -4 -5 6 7 -8 8 -10 -11 -12
leaf_value=0.00031175975179750836 0.00013580889140772483 0.00024471661091982018 0.00030024155909524496 -0.0013197944197290681 -0.0047529736972886536 -0.0047548621963646974 0.00019329886653700652 -0.001717733916997948 0.00027499135118029376 5.6362009542293286e-05 -0.0010408098417214102
leaf_weight=24 26 38 25 43 47 121 23 20 21 20 58
leaf_count=24 26 38 25 43 47 121 23 20 21 20 58
internal_value=0.000396315 0.000972744 0.000643204 0.000346924 0.00072314 -7.27803e-05 0.000183616 -0.000199336 7.09515e-05 -0.000172065 -0.00034264
internal_weight=466 202 164 139 96 264 70 240 119 98 78
internal_count=466 202 164 139 96 264 70 240 119 98 78
cat_boundaries=0 1
cat_threshold=5314203
is_linear=0
shrinkage=0.01


Tree=623
num_leaves=11
num_cat=0
split_feature=5 4 41 16 5 61 16 11 86 0
split_gain=0.864345 1.57507 1.16855 0.526743 0.656845 0.312044 0.377148 0.508238 0.231802 0.0686894
threshold=0.47714655350000007 0.43778730950000005 4.3500000725000012 0.58913064300000018 0.33078978600000003 33.844999315000003 0.72323602400000009 0.70874671450000004 132.01285560000002 0.23704348600000003
decision_type=2 2 2 2 2 2 2 2 2 2
left_child=3 2 -2 -1 -5 6 8 -8 -6 -3
right_child=1 9 -4 4 5 -7 7 -9 -10 -11
leaf_value=-0.0085684548435059921 0.0001959136039258518 7.7563389975566287e-05 5.2366505106442817e-05 0.00045557014365487904 -0.00038944833633454054 0.00046735698253147745 0.0012613778665948267 -0.0016449978851935641 2.8342385664973804e-05 -0.0037299561022052677
leaf_weight=85 22 20 21 35 151 27 48 24 21 23
leaf_count=85 22 20 21 35 151 27 48 24 21 23
internal_value=0.000417539 0.00132488 0.00265982 0.000210566 0.000407431 0.000229948 0.000106209 0.000714286 -0.000138889 0
internal_weight=477 86 43 391 306 271 244 72 172 43
internal_count=477 86 43 391 306 271 244 72 172 43
is_linear=0
shrinkage=0.01


Tree=624
num_leaves=12
num_cat=0
split_feature=29 5 28 28 48 50 86 11 88 64 2
split_gain=0.693441 0.587825 0.509382 0.823639 0.759844 1.12124 0.375978 0.265458 0.208868 0.0905529 0.0367571
threshold=2.9857142905000003 0.3255427345000001 2.0142857265000003 2.2428571415000005 8.8999997155000035 8.7499999515000013 66.85331105500002 0.58886554750000009 22.781460930000005 64.310001375000027 0.35947602350000007
decision_type=2 2 2 2 2 2 2 2 8 2 2
left_child=1 -1 -3 7 5 -5 -2 -4 -6 -8 -9
right_child=6 2 3 4 8 -7 9 10 -10 -11 -12
leaf_value=0.00071289881965108941 0.0003902021124394889 0.0001909645167386171 0.00019931920043621314 0.00044611922599249645 7.2973923101140591e-05 -0.00089279751899148431 -0.000635634107828884 -0.0003825032191901211 -0.0011627282634254596 -0.0017931756910536758 -0.00011051957065953851
leaf_weight=20 26 36 21 34 20 21 31 90 30 114 20
leaf_count=20 26 36 21 34 20 21 31 90 30 114 20
internal_value=0.000358991 0.000655738 0.000520528 0.000337838 0.000997164 0.00180108 -0.000136787 -0.000178301 5.9055e-05 -0.000346365 -0.000388087
internal_weight=463 292 272 236 105 55 171 131 50 145 110
internal_count=463 292 272 236 105 55 171 131 50 145 110
is_linear=0
shrinkage=0.01


Tree=625
num_leaves=10
num_cat=0
split_feature=88 51 28 6 42 17 20 4 20
split_gain=0.878749 0.887423 0.726116 0.293313 0.266367 0.196351 0.542312 0.199601 0.143214
threshold=22.896985000000004 3.7000000070000003 2.0142857265000003 0.54869635750000012 0.35000000900000006 53.315000000000005 1.8142857125000003 0.33253569050000004 1.5642857125000003
decision_type=10 2 2 2 2 2 2 2 2
left_child=2 -2 -1 4 8 7 -7 -3 -4
right_child=1 5 3 -5 -6 6 -8 -9 -10
leaf_value=0.0001890548715712332 0.00037756558570743021 6.9979775667037926e-05 6.5390774251824474e-05 3.6765523194161617e-05 0.00015888229151239577 -0.00034841779525337363 4.3854659933950874e-05 0.0018426563598874473 -0.0022377030508535355
leaf_weight=36 33 22 22 29 38 47 34 20 190
leaf_count=36 33 22 22 29 38 47 34 20 190
internal_value=0.000344425 0.000956633 3.32488e-05 -0.000134024 -0.000251196 0.000537157 0.000213936 0.00109813 -0.000394737
internal_weight=471 156 315 279 250 123 81 42 212
internal_count=471 156 315 279 250 123 81 42 212
is_linear=0
shrinkage=0.01


Tree=626
num_leaves=11
num_cat=0
split_feature=16 6 19 12 62 15 17 88 9 27
split_gain=1.06319 1.25475 0.525555 0.488972 0.58574 0.589967 0.36156 0.269675 0.142655 0.0360075
threshold=0.58913064300000018 0.56165328550000015 2.3214285460000004 0.62654670400000012 1.6050000190000002 0.73183711900000004 140.19000000000003 22.070482480000006 0.66806697500000012 3.5214285595000003
decision_type=2 2 2 2 2 2 2 8 2 2
left_child=-1 2 3 -2 5 -5 7 -4 -6 -9
right_child=1 -3 6 4 8 -7 -8 9 -10 -11
leaf_value=-0.0057501637242015494 0.0010891243779897854 0.00015702913834590474 0.00022024717815555549 0.00014067607867889077 0.00025821719488522621 1.6217779023504183e-05 0.00033416742052004366 -0.00056825988806439242 -0.0011809605044194947 -0.00028195879371108889
leaf_weight=107 30 22 33 20 64 22 21 20 29 84
leaf_count=107 30 22 33 20 64 22 21 20 29 84
internal_value=0.000379859 0.000652111 0.000483323 0.000877563 0.000592783 0.00156542 5.66749e-05 -0.000119739 0.000122601 -0.00038168
internal_weight=452 345 323 165 135 42 158 137 93 104
internal_count=452 345 323 165 135 42 158 137 93 104
is_linear=0
shrinkage=0.01


Tree=627
num_leaves=13
num_cat=0
split_feature=16 80 19 13 9 65 39 4 1 18 9 5
split_gain=0.85681 0.908908 0.421378 0.470687 0.725562 0.530373 0.400328 0.276122 0.427068 0.217555 0.184043 0.0357385
threshold=0.58913064300000018 13.104285650000003 2.3285714135000002 0.73215505850000018 0.59532512500000012 56.714998725000008 0.70000002150000007 0.34065642850000005 0.22698078550000003 0.71428571000000007 0.54934752500000006 0.47233514250000003
decision_type=2 2 2 2 2 2 2 2 2 2 2 2
left_child=11 2 3 4 10 -6 -4 8 -8 -5 -2 -1
right_child=1 -3 6 9 5 -7 7 -9 -10 -11 -12 -13
leaf_value=-0.0050207845018323191 0.00061073602082303 0.00097491294401558487 0.00024650461956120218 0.00024810758649427861 0.00028046697163622682 8.7595295805052833e-05 -0.0021707221127223392 -0.00064845964230356536 0.00014220303321448927 -6.2934002332128459e-05 -0.0012374986027506741 -0.0010486809176234069
leaf_weight=82 20 31 28 20 20 46 25 84 25 33 23 20
leaf_count=82 20 31 28 20 20 46 25 84 25 33 23 20
internal_value=0.000413936 0.000647836 0.000480295 0.000841523 0.00121585 0.00187126 0.000104422 -0.000111276 0.000452756 2.78809e-05 0.000148402 -0.000379378
internal_weight=457 355 324 162 109 66 162 134 50 53 43 102
internal_count=457 355 324 162 109 66 162 134 50 53 43 102
is_linear=0
shrinkage=0.01


Tree=628
num_leaves=10
num_cat=0
split_feature=86 4 4 3 48 88 6 88 7
split_gain=0.857027 0.596965 0.972371 1.42684 0.466074 0.532523 0.449717 0.323677 0.0399119
threshold=95.692065825000014 0.28724257150000004 0.33042542850000006 0.31532478600000008 6.7000001370000009 21.632270795000004 0.55327271450000015 23.120483925000006 0.43138833350000011
decision_type=2 2 2 2 2 8 2 10 2
left_child=6 -2 -3 -4 -5 -6 7 8 -1
right_child=1 2 3 4 5 -7 -8 -9 -10
leaf_value=-0.0035548931018727537 0.00050169612504705392 -0.00085442413719242268 0.001552444150695938 0.00013286197854423131 0.00058303262746582988 -1.1131285811636388e-07 0.00060673695808835428 6.4113795512644827e-05 -0.0036797862609896205
leaf_weight=20 28 57 22 29 20 105 20 32 125
leaf_count=20 28 57 22 29 20 105 20 32 125
internal_value=0.000455536 0.000830787 0.00064799 0.0010181 0.000652455 0.000361685 -3.28616e-05 -0.000205287 -0.000414952
internal_weight=458 261 233 176 154 125 197 177 145
internal_count=458 261 233 176 154 125 197 177 145
is_linear=0
shrinkage=0.01


Tree=629
num_leaves=10
num_cat=0
split_feature=44 9 9 7 53 67 10 3 3
split_gain=0.913753 0.566934 1.05435 0.54748 0.461613 0.41326 0.246683 0.201126 0.126692
threshold=8.3000000715000031 0.65869526000000012 0.66839395850000016 0.65559592850000004 2.0650000575000003 45.739999295000004 0.48367490500000004 0.24092107150000003 0.35252696400000011
decision_type=2 2 2 2 2 2 2 2 2
left_child=1 4 -3 5 6 -4 -1 -8 -9
right_child=-2 2 3 -5 -6 -7 7 8 -10
leaf_value=0.0015971643927366475 7.0011860252332643e-05 0.0017157187314970519 2.7797707811984197e-05 0.00010649191278845824 9.4077245654901112e-05 -0.00055878940031363041 0.00010424544745322169 -0.00071707672526333927 -0.00027030225371672996
leaf_weight=21 38 20 24 21 20 65 29 194 25
leaf_count=21 38 20 24 21 20 65 29 194 25
internal_value=0.000304718 0.000163173 0.000711009 0.000297834 -7.76399e-05 -2.78398e-05 -0.000194589 -0.000289389 -0.000398089
internal_weight=457 419 130 110 289 89 269 248 219
internal_count=457 419 130 110 289 89 269 248 219
is_linear=0
shrinkage=0.01


Tree=630
num_leaves=12
num_cat=0
split_feature=4 87 0 16 3 25 50 8 46 50 4
split_gain=0.617175 1.61013 0.822111 1.35337 0.518856 0.421528 0.391549 0.190362 0.0597392 0.0778705 0.0294163
threshold=0.38097314300000001 22.200154955000006 0.29496735400000001 0.68083361900000006 0.35729614250000002 4.1857143300000006 0.8500000015000001 0.48546688100000007 10.499999900000002 4.749999948000001 0.39827175000000004
decision_type=2 8 2 2 2 2 2 2 2 2 2
left_child=5 10 3 -3 -5 6 -1 -8 9 -9 -2
right_child=1 2 -4 4 -6 -7 7 8 -10 -11 -12
leaf_value=0.0010678158377134309 4.4540097865348147e-06 0.00033175734221283052 -0.00012125965901722467 -2.0578613302725688e-05 0.00010542700092848795 0.0003054335987402493 0.00034237243517661547 -0.0018172740291727677 -0.0011147134606303477 2.6346524545132964e-05 -0.0014529068491848727
leaf_weight=36 20 22 21 21 21 39 30 27 165 20 50
leaf_count=36 20 22 21 21 21 39 30 27 165 20 50
internal_value=0.000258037 0.000773427 0.0016958 0.00225309 0.00109813 0 -0.000132712 -0.000284185 -0.000394737 -3.13809e-05 -0.000324859
internal_weight=472 155 85 64 42 317 278 242 212 47 70
internal_count=472 155 85 64 42 317 278 242 212 47 70
is_linear=0
shrinkage=0.01


Tree=631
num_leaves=13
num_cat=0
split_feature=54 3 67 67 14 20 88 88 37 3 29 0
split_gain=0.922953 0.825978 0.41369 0.531504 0.400495 0.370071 0.315907 0.804762 0.100956 0.0757048 0.038118 0.0268617
threshold=3.7500004770000008 0.35320377100000006 52.375000000000007 52.885001660000007 0.67592514300000006 1.7999999605000003 26.397590145000006 25.786507530000005 7.450000096000001 0.31802852850000002 1.9857142735000002 0.100386875
decision_type=2 2 2 2 2 2 8 10 2 2 2 2
left_child=1 4 10 -4 5 -1 7 9 -5 -6 -2 -8
right_child=2 -3 3 8 6 -7 11 -9 -10 -11 -12 -13
leaf_value=0.0001244537545235122 -0.00028273292458952425 0.0001148117450172525 0.00027781665686119837 -0.00401470987244273 0.00015787010786489725 0.00041598516867798809 0.00026958779688292077 2.1292653478918932e-05 0.00099569528844749115 -0.00092913768513516867 -0.0021675664272984923 -0.0010342509432157889
leaf_weight=20 21 36 36 41 20 22 20 20 20 26 135 42
leaf_count=20 21 36 36 41 20 22 20 20 20 26 135 42
internal_value=0.000301218 0.000797872 -9.65328e-05 0.000403885 0.000485948 0.00133178 0.000186335 0.000673653 -0.000137541 -2.13676e-05 -0.000420918 -0.000302548
internal_weight=459 206 253 97 170 42 128 66 61 46 156 62
internal_count=459 206 253 97 170 42 128 66 61 46 156 62
is_linear=0
shrinkage=0.01


Tree=632
num_leaves=13
num_cat=0
split_feature=41 87 87 74 65 88 4 11 15 66 41 1
split_gain=1.06192 0.667919 0.61868 1.21809 0.713875 0.991355 0.632737 0.690281 0.341559 0.234945 0.168714 0.0302359
threshold=1.8500000240000001 27.837170525000001 22.836835770000004 6.5800000770000011 46.989999770000004 21.597050835000005 0.33170807150000003 0.71231575000000014 0.71156628550000012 84.095000265000024 4.3500000725000012 0.23523003550000002
decision_type=2 10 10 2 2 10 2 2 2 2 2 2
left_child=-1 2 4 6 5 -2 -4 -8 -7 11 -6 -3
right_child=1 9 3 -5 10 8 7 -9 -10 -11 -12 -13
leaf_value=-0.003974563064355582 0.0001266284329895355 -1.1797589265998463e-05 -0.0019598611322415717 0.00043337808054650848 0.000900794289016826 4.628685168797348e-05 0.0015765240112542811 -4.1640009204394911e-05 -0.0024550851161530855 0.00030449795186805571 -0.0022756487757482906 -0.0013459204898142569
leaf_weight=101 22 20 28 36 29 21 41 23 25 20 57 53
leaf_count=101 22 20 28 36 29 21 41 23 25 20 57 53
internal_value=0.000419463 0.000666578 0.000908769 0.00142857 0.000458656 0.00122093 0.000775862 0.00132716 0.000320513 -4.79745e-05 -0.000126728 -0.000331978
internal_weight=476 375 282 128 154 68 92 64 46 93 86 73
internal_count=476 375 282 128 154 68 92 64 46 93 86 73
is_linear=0
shrinkage=0.01


Tree=633
num_leaves=13
num_cat=0
split_feature=15 19 48 0 87 4 48 45 37 8 32 62
split_gain=0.785707 0.581586 0.737863 0.950169 0.509517 0.519098 0.485948 0.271453 0.170852 0.146548 0.145857 0.133117
threshold=0.64586614300000011 2.3071428450000004 14.449999720000003 0.31065555400000006 21.979449495000004 0.37817383350000006 7.2000000065000007 23.400000405000004 6.5499999520000012 0.5672492145000001 5.4571428640000006 1.2449998855000002
decision_type=2 2 2 2 10 2 2 2 2 2 2 2
left_child=7 4 9 -4 8 6 -6 10 -2 -3 -1 -11
right_child=1 2 3 -5 5 -7 -8 -9 -10 11 -12 -13
leaf_value=0.00048923912221680919 -0.0023414983111819136 0.0011004536897822653 0.00021963070866060688 -0.0041659606900252928 -0.000200057882896826 0.0001595305405625004 6.609585261425468e-05 0.00029030320443848383 5.7170601154293638e-05 -9.6780546618548661e-05 -0.0050388757506257247 0.001490518339021652
leaf_weight=20 20 27 35 20 25 34 29 20 20 83 121 20
leaf_count=20 20 27 35 20 25 34 29 20 20 83 121 20
internal_value=0.000381213 0.000673996 0.000298708 0.00126344 0.00119565 0.00162162 0.000930657 -0.000176144 0.000196078 -9.93885e-05 -0.000342031 -0.000284201
internal_weight=474 313 185 55 128 88 54 161 40 130 141 103
internal_count=474 313 185 55 128 88 54 161 40 130 141 103
is_linear=0
shrinkage=0.01


Tree=634
num_leaves=10
num_cat=0
split_feature=16 9 75 7 76 86 86 3 88
split_gain=0.722776 0.891299 0.724726 0.718903 0.315935 0.30723 0.278198 0.26007 0.126031
threshold=0.67720392850000011 0.7073699750000001 6.6842856920000004 0.47013692900000009 15.010714125000002 77.303394425000008 131.19284590000004 0.31532478600000008 23.993880675000003
decision_type=2 2 2 2 2 2 2 2 10
left_child=2 3 5 -2 -5 -1 7 -6 -7
right_child=1 -3 -4 4 6 8 -8 -9 -10
leaf_value=0.00017537829474177692 0.0010001937623728046 5.5202077477169162e-05 0.00027094766766287817 0.00044512772671976289 0.00040888987265421978 -0.0022998194565298485 7.0670137250198646e-05 -0.00025816106845211634 2.8263933772105025e-05
leaf_weight=32 31 20 21 26 36 149 34 76 24
leaf_count=32 31 20 21 26 36 149 34 76 24
internal_value=0.000385727 0.00078865 -4.40929e-06 0.000571639 0.000300926 -0.000196793 0.00010218 -0.000124114 -0.000371116
internal_weight=449 223 226 203 172 205 146 112 173
internal_count=449 223 226 203 172 205 146 112 173
is_linear=0
shrinkage=0.01


Tree=635
num_leaves=14
num_cat=0
split_feature=25 88 49 6 29 29 7 43 12 37 7 1 1
split_gain=0.654028 0.661149 0.580824 0.940579 0.524871 0.460787 0.47965 0.886106 0.401685 0.232716 0.124111 0.191897 0.0307473
threshold=3.9642856800000001 23.642177115000006 0.40000000950000009 0.51979032150000004 2.7928571360000007 2.9285714205000004 0.54676664300000011 0.65000000600000007 0.67064585700000012 3.6000000570000004 0.49186835700000003 0.21004142850000004 0.18086821400000003
decision_type=2 10 2 2 2 2 2 2 2 2 2 2 2
left_child=1 4 10 5 8 6 7 -4 -1 -6 11 -2 -7
right_child=2 -3 3 -5 9 12 -8 -9 -10 -11 -12 -13 -14
leaf_value=0.00031016416250305949 -0.0082645974966353754 0.0004666272515645422 -5.5318703306342541e-05 0.00055585812481566508 0.00023788429427254467 0.00053655263075587107 -0.00041007486125612622 0.0013748844799229712 -0.00034189333290052807 -0.0015406994409974575 -0.002536382849109513 0.00026073641391856649 -9.4395096892643153e-05
leaf_weight=34 25 21 23 34 20 20 21 24 24 39 103 20 55
leaf_count=34 25 21 23 34 20 20 21 24 24 39 103 20 55
internal_value=0.000423674 0.00100144 0.00017035 0.000559617 0.000674873 0.000184284 0.000784884 0.00134937 0.00134354 0 -0.000282258 0.000120087 -0.000336412
internal_weight=463 138 325 177 117 143 68 47 58 59 148 45 75
internal_count=463 138 325 177 117 143 68 47 58 59 148 45 75
is_linear=0
shrinkage=0.01


Tree=636
num_leaves=13
num_cat=1
split_feature=25 6 75 89 85 87 30 22 0 16 13 0
split_gain=0.807959 0.540126 0.536067 0.390425 0.742094 0.495504 0.602382 0.251278 0.216592 0.133067 0.148338 0.039407
threshold=3.8285714390000005 0.57262616650000009 5.1864285210000007 0 17.764285840000003 23.925738300000003 4.9928571495000007 1.885714297 0.23516897900000003 0.69752910700000015 0.70318465000000008 0.070212250000000018
decision_type=2 2 2 1 2 10 2 2 2 2 2 2
left_child=2 3 -1 4 5 -2 -7 9 -9 11 -11 -5
right_child=1 -3 -4 7 -6 6 -8 8 -10 10 -12 -13
leaf_value=0.00012833045720358333 -0.0017763365412659709 0.00044417920287209283 0.00014789098502725675 -0.0020993215708216962 0.0027647229449606083 0.00050882582553829123 -6.4483949061118625e-06 7.1120151340038873e-05 -0.00066124062524201572 6.5874333092507854e-05 -1.3824933601091441e-05 -0.0014548708789805704
leaf_weight=24 50 27 34 20 25 21 25 20 23 21 62 118
leaf_count=24 50 27 34 20 25 21 25 20 23 21 62 118
internal_value=0.00040994 0.000247093 0.00151361 0.000143857 0.000588012 0.000206611 0.000961538 -7.27803e-05 0.000605023 -0.000218666 7.75655e-05 -0.000410663
internal_weight=470 412 58 385 121 96 46 264 43 221 83 138
internal_count=470 412 58 385 121 96 46 264 43 221 83 138
cat_boundaries=0 1
cat_threshold=673972290
is_linear=0
shrinkage=0.01


Tree=637
num_leaves=13
num_cat=0
split_feature=2 2 48 48 77 76 22 46 0 41 48 0
split_gain=0.602539 0.699116 0.762828 1.0996 0.470221 0.449239 0.781453 0.403768 0.207706 0.203711 0.194704 0.0402441
threshold=0.27814885700000008 0.31771297600000009 7.4000000730000011 8.200000085000001 13.919999940000002 15.109999860000002 1.7142857100000002 22.049999865000004 0.065224698000000011 3.5000000300000003 6.7999999075000011 0.18588866150000002
decision_type=2 2 2 2 2 2 2 2 2 2 2 2
left_child=4 2 9 -4 8 -5 -7 10 -1 -2 -3 -10
right_child=1 7 3 5 -6 6 -8 -9 11 -11 -12 -13
leaf_value=0.00017725416754445087 0.00015642476613763779 2.9970805743637382e-05 0.00054208190546306968 -0.00049003497959336137 0.0019584974576496651 -0.00015684049541701253 0.00019048946066355183 0.00044727654696277041 -0.0023452633153106016 -0.0011397059858567525 -0.0001637310373306743 -1.0572006132486015e-05
leaf_weight=28 30 28 20 24 30 24 22 20 130 27 72 20
leaf_count=28 30 28 20 24 30 24 22 20 130 27 72 20
internal_value=0.000337326 0.000651606 0.00111299 0.00168502 -5.74714e-05 0.00103107 0.00160256 6.6225e-05 -0.000262864 0.00016436 -0.000178572 -0.000417772
internal_weight=475 267 147 90 208 70 46 120 178 57 100 150
internal_count=475 267 147 90 208 70 46 120 178 57 100 150
is_linear=0
shrinkage=0.01


Tree=638
num_leaves=14
num_cat=0
split_feature=16 17 8 12 53 68 86 72 17 45 28 76 45
split_gain=0.921979 1.03765 1.29025 0.620755 0.492704 0.337008 0.288233 0.342993 0.217555 0.180261 0.137051 0.287338 0.0372139
threshold=0.58913064300000018 36.855000000000011 0.62052864250000017 0.6172096425000001 0.085000038500000014 56.13500023000001 130.04039775000004 5.3592858485000008 28.005000000000006 8.7500001635000029 2.2571428755000005 15.734285830000003 24.049999790000005
decision_type=2 2 2 2 2 2 2 2 2 2 2 2 2
left_child=12 2 3 -2 5 -3 10 -8 -5 -9 -6 -12 -1
right_child=1 4 -4 8 6 -7 7 9 -10 -11 11 -13 -14
leaf_value=-0.005079558625520438 0.0017221656642592981 -0.00017426599957089887 0.001948045470343638 -0.0017047411056507296 -0.00026162429652899793 0.00024554701530709699 -0.00037497625101608526 5.5662119255873131e-05 0.00015031725976145911 3.6945588896739837e-05 0.0011581080092935637 -5.7233730245930566e-06 -0.0010509544531024787
leaf_weight=94 39 24 28 33 84 22 20 20 20 21 26 34 20
leaf_count=94 39 24 28 33 84 22 20 20 20 21 26 34 20
internal_value=0.000381844 0.000625336 0.00139073 0.000775862 0.000248213 0.00117521 2.67249e-05 0.000606796 2.78809e-05 0.00113636 -0.000207182 0.000131579 -0.000391986
internal_weight=485 371 120 92 251 46 205 61 53 41 144 60 114
internal_count=485 371 120 92 251 46 205 61 53 41 144 60 114
is_linear=0
shrinkage=0.01


Tree=639
num_leaves=13
num_cat=1
split_feature=89 6 43 14 9 78 86 40 26 17 17 18
split_gain=0.600873 0.550595 0.384962 0.673757 0.552727 0.314442 0.389748 0.24996 0.183073 0.0857157 0.0329563 0.03903
threshold=0 0.54994721450000006 0.60000001650000001 0.7359785000000002 0.60086657500000007 14.377857070000003 95.700869215000012 12.250000030000001 3.5928571735000001 52.57500000000001 6.6450000000000005 1.0357142855000003
decision_type=1 2 2 2 2 2 2 2 2 2 2 2
left_child=7 2 5 4 -4 -2 9 8 -1 -7 -10 -12
right_child=1 -3 3 -5 -6 6 -8 -9 10 -11 11 -13
leaf_value=6.3801673610142649e-05 -0.0024194260895473098 0.00061826145709204276 0.00056082724164095211 -0.00010346929163175262 0.00043913236958403082 -0.0053429131310976331 0.00070125753282210908 0.00025595928379013304 -1.2355044736523979e-05 0.00013147969088599581 -0.00096788899155294573 -0.0023718684698349206
leaf_weight=30 58 22 20 20 23 31 39 20 20 20 152 21
leaf_count=30 58 22 20 20 23 31 39 20 20 20 152 21
internal_value=0.000188758 0.000539376 0.000389518 0.00104232 0.00174658 9.40859e-05 0.000473568 -0.000155634 -0.000265862 -6.75677e-05 -0.000384417 -0.000428654
internal_weight=476 233 211 63 43 148 90 243 223 51 193 173
internal_count=476 233 211 63 43 148 90 243 223 51 193 173
cat_boundaries=0 1
cat_threshold=71123
is_linear=0
shrinkage=0.01


Tree=640
num_leaves=11
num_cat=0
split_feature=6 3 25 17 88 3 32 11 5 60
split_gain=0.877378 1.24434 0.422171 0.701882 0.491702 0.778479 0.293734 0.387377 0.24923 0.0972591
threshold=0.54869635750000012 0.39587557150000002 3.9214285440000003 94.845000000000013 26.403695545000005 0.30306235700000006 5.1000000070000011 0.62927028550000008 0.42707578600000007 31.815000055000002
decision_type=2 2 2 2 10 2 2 2 2 2
left_child=2 -2 3 8 6 -6 7 -4 -1 -8
right_child=1 -3 4 -5 5 -7 9 -9 -10 -11
leaf_value=-0.00085436416070074528 0.00013807019998082526 -0.00042967457534538636 -0.00018089367957455812 0.00039944976757626038 0.0017198146514163864 -1.8656164676324476e-05 -0.0010928655057827236 0.00014784032596583746 4.2127084907574493e-05 5.1633283815520577e-05
leaf_weight=32 24 25 26 20 20 32 203 27 28 33
leaf_count=32 24 25 26 20 20 32 203 27 28 33
internal_value=0.000218776 0.0014759 6.51967e-05 0.000717822 -8.33822e-05 0.000795454 -0.000250173 0.000399628 0.000131579 -0.000405406
internal_weight=470 49 421 80 341 52 289 53 60 236
internal_count=470 49 421 80 341 52 289 53 60 236
is_linear=0
shrinkage=0.01


Tree=641
num_leaves=12
num_cat=1
split_feature=5 21 15 16 12 89 44 17 43 2 44
split_gain=0.816572 0.596466 0.915968 1.13556 0.424445 0.404788 0.631458 0.170067 0.0969459 0.0838677 0.0800645
threshold=0.42560378550000005 1.9142857025000002 0.69390057150000006 0.60464378550000009 0.73773671450000011 0 4.3499999945000001 74.520000000000024 0.70000002150000007 0.30655885700000007 2.7999999410000003
decision_type=2 2 2 2 2 1 2 2 2 2 2
left_child=5 2 3 -2 9 6 10 -3 -7 -4 -1
right_child=1 7 4 -5 -6 8 -8 -9 -10 -11 -12
leaf_value=0.00033265053040406115 2.5911036028775334e-05 -0.00034980686455604327 8.6624038608576313e-06 0.00043017376603074893 0.00034721151153624592 -0.0015729310178314796 0.00044777329506894454 0.00010824588952317943 2.9838417046758228e-06 -4.233319549495346e-05 -0.0023984070569335199
leaf_weight=39 20 39 20 25 37 148 32 25 31 30 34
leaf_count=39 20 39 20 25 37 148 32 25 31 30 34
internal_value=0.000266223 0.000762195 0.00114458 0.00230349 0.000506834 -7.02248e-05 0.000392919 -1.17738e-10 -0.000355638 -5.90552e-05 -6.09757e-05
internal_weight=480 196 132 45 87 284 105 64 179 50 73
internal_count=480 196 132 45 87 284 105 64 179 50 73
cat_boundaries=0 1
cat_threshold=673187856
is_linear=0
shrinkage=0.01


Tree=642
num_leaves=10
num_cat=0
split_feature=47 46 86 40 6 31 51 5 6
split_gain=0.644145 0.635218 0.49934 0.460192 0.347772 0.126557 0.108112 0.130925 0.0405551
threshold=1.1500000060000002 10.799999915000003 102.04611525000001 8.3999999465000013 0.42636364300000007 4.064285721000001 6.249999959000001 0.50441778600000009 0.33223948950000004
decision_type=2 2 2 2 2 2 2 2 2
left_child=6 2 -2 -3 -5 -6 7 8 -1
right_child=1 3 -4 4 5 -7 -8 -9 -10
leaf_value=-0.0021184116978721092 9.5030703942699748e-05 0.00045186926608847654 0.00012583700968684015 0.00025100968032077645 -0.0015701507770037079 1.657155597775978e-05 0.00010147321921221059 8.0759158308971526e-05 -0.0018556108997684715
leaf_weight=20 26 39 20 35 84 21 37 20 135
leaf_count=20 26 39 20 35 84 21 37 20 135
internal_value=0.00018159 0.000555801 0.00160256 0.000269744 0 -0.00028828 -0.000206767 -0.0003157 -0.000420411
internal_weight=437 225 46 179 140 105 212 175 155
internal_count=437 225 46 179 140 105 212 175 155
is_linear=0
shrinkage=0.01


Tree=643
num_leaves=10
num_cat=1
split_feature=89 6 41 69 46 7 54 4 16
split_gain=0.769454 0.82351 1.77474 0.700573 0.314624 0.21805 0.475695 0.249818 0.0354589
threshold=0 0.5215316430000001 3.8499999945000005 1.5021428430000003 10.499999840000003 0.46037507150000007 3.2300004960000002 0.38470978600000005 0.69885521400000006
decision_type=1 2 2 2 2 2 2 2 2
left_child=8 3 -3 4 -2 6 -6 -7 -1
right_child=1 2 -4 -5 5 7 -8 -9 -10
leaf_value=-0.0036546502353748595 0.00027721757924302698 0.00076156603157743975 -6.0709655778167193e-06 6.1399191769428339e-05 8.7460125842425205e-05 -0.00081219207466313808 -0.0007465800194511005 0.00029544673367579605 1.5526963081412339e-05
leaf_weight=80 38 38 38 35 21 135 33 21 20
leaf_count=80 38 38 38 35 21 135 33 21 20
internal_value=0.000409961 0.000617901 0.0015625 0.000375264 0.000176849 1.42314e-05 0.000565693 -0.000165816 -0.00034296
internal_weight=459 359 76 283 248 210 54 156 100
internal_count=459 359 76 283 248 210 54 156 100
cat_boundaries=0 1
cat_threshold=1118214
is_linear=0
shrinkage=0.01


Tree=644
num_leaves=10
num_cat=1
split_feature=16 63 89 48 17 1 80 45 1
split_gain=0.747357 0.719397 0.534113 0.515742 0.425287 0.664145 0.378619 0.256471 0.0361382
threshold=0.58913064300000018 21.215000155000002 0 15.649999815000003 62.545000000000009 0.24769064300000002 12.625714235000002 16.450000075000002 0.27345942900000003
decision_type=2 2 1 2 2 2 2 2 2
left_child=8 2 7 4 5 -4 -6 -2 -1
right_child=1 -3 3 -5 6 -7 -8 -9 -10
leaf_value=-0.0055951036936929578 -0.002009870755159556 0.00097944692794827847 -0.00021629383063216434 6.8085621069875808e-05 -8.0289148251168113e-05 0.00018954704142712847 1.8337630986687827e-05 0.00023968940047418367 -0.00099901863581606382
leaf_weight=85 80 30 46 38 74 40 23 23 20
leaf_count=85 80 30 46 38 74 40 23 23 20
internal_value=0.000344715 0.000566516 0.000418719 0.000679465 0.00047062 0.000979263 0 -0.000171353 -0.000382798
internal_weight=459 354 324 221 183 86 97 103 105
internal_count=459 354 324 221 183 86 97 103 105
cat_boundaries=0 1
cat_threshold=1117194
is_linear=0
shrinkage=0.01


Tree=645
num_leaves=8
num_cat=0
split_feature=16 83 83 21 87 0 13
split_gain=0.834346 0.742456 0.408859 0.421832 0.593402 0.915642 0.478336
threshold=0.58913064300000018 22.407857080000003 21.973571230000005 1.6571428865000002 28.519533350000007 0.26586679200000002 0.65255918350000008
decision_type=2 2 2 2 8 2 2
left_child=-1 2 3 -2 5 -5 -6
right_child=1 -3 -4 4 6 -7 -8
leaf_value=-0.0049276553447604211 -0.001346498505444703 0.00037414494518177722 -0.0012117261075308705 0.00016755218902756268 0.00029334092504174568 -8.0507571015899285e-05 -0.0015501789899198728
leaf_weight=113 37 25 49 105 21 49 61
leaf_count=113 37 25 49 105 21 49 61
internal_value=0.000256076 0.000501725 0.000362453 0.0005168 0.000675676 0.00104005 0
internal_weight=460 347 322 273 236 154 82
internal_count=460 347 322 273 236 154 82
is_linear=0
shrinkage=0.01


Tree=646
num_leaves=11
num_cat=0
split_feature=16 3 1 73 23 3 6 37 21 26
split_gain=0.968746 0.529776 0.787562 0.656059 0.838396 0.381963 0.33257 0.420759 0.245822 0.0825603
threshold=0.60949717850000018 0.29333092850000003 0.26014710700000004 8.8857142585000002 1.871428579 0.33004750000000005 0.55223403550000005 4.4999999925000003 1.8285714390000003 3.9071428435000004
decision_type=2 2 2 2 2 2 2 2 2 2
left_child=9 8 3 4 -3 -4 7 -7 -2 -1
right_child=1 2 5 -5 -6 6 -8 -9 -10 -11
leaf_value=-0.00049390314182179613 -0.0010432032519947921 0.001546992748177597 3.3893288661503475e-05 0.00025236560008755154 -0.0019059705865106232 0.00023074835040709542 0.00020159199957443545 -0.00022300100075625675 0.0013682641664069929 -0.0030804913477294788
leaf_weight=33 52 38 22 24 31 35 20 73 33 105
leaf_count=33 52 38 22 24 31 35 20 73 33 105
internal_value=0.00035347 0.000650851 0.000888023 0.00161514 0.00105301 0.000417772 0.000186335 -1.83825e-05 -5.82762e-06 -0.000338617
internal_weight=466 328 243 93 69 150 128 108 85 138
internal_count=466 328 243 93 69 150 128 108 85 138
is_linear=0
shrinkage=0.01


Tree=647
num_leaves=12
num_cat=0
split_feature=16 27 16 12 12 79 59 77 75 4 4
split_gain=0.635471 0.869312 0.501288 1.23283 0.519443 0.904796 0.287241 0.58366 0.131656 0.121087 0.0354589
threshold=0.59067933300000008 4.1928571805000008 0.69752910700000015 0.68455571450000019 0.73773671450000011 8.5914286205000021 35.210000515000011 13.868571620000003 6.6842856920000004 0.30863892900000006 0.4038965235000001
decision_type=2 2 2 2 2 2 2 2 2 2 2
left_child=8 2 6 -4 9 -6 7 -2 -1 -5 -8
right_child=1 -3 3 4 5 -7 10 -9 -10 -11 -12
leaf_value=-0.0038293641941339997 -0.0021743533289497268 0.00021149970292007 0.00057031521187677118 1.1537149647211352e-05 0.0010653660335871399 -0.00040739802321083983 -0.0010039683291499797 0.00064206054873189701 0.00042852448608454447 -0.00010384678049656947 -1.9365602828146164e-05
leaf_weight=97 24 34 38 20 28 22 80 20 21 62 20
leaf_count=97 24 34 38 20 28 22 80 20 21 62 20
internal_value=0.000310625 0.000527523 0.000352605 0.00072014 0.000240964 0.00104331 -6.90609e-05 0.000580357 -0.000311448 -0.000229469 -0.000376984
internal_weight=466 348 314 170 132 50 144 44 118 82 100
internal_count=466 348 314 170 132 50 144 44 118 82 100
is_linear=0
shrinkage=0.01


Tree=648
num_leaves=11
num_cat=0
split_feature=44 5 51 50 75 3 73 9 79 3
split_gain=0.914134 0.502027 1.35486 0.576561 0.498089 0.632414 0.341319 0.300063 0.147043 0.195577
threshold=6.1999998575000008 0.47714655350000007 2.6000000125000002 0.99999999650000004 4.7471428950000005 0.36331021450000006 8.6528572015000016 0.48907200000000006 8.350000041000003 0.32129647600000005
decision_type=2 2 2 2 2 2 2 2 2 2
left_child=1 3 -3 6 -2 -6 -1 -5 9 -9
right_child=4 2 -4 7 5 -7 -8 8 -10 -11
leaf_value=-0.0040973673730641666 -7.9854160835903106e-05 -0.00089941721086525192 0.00062892993729452365 0.00057049850261477793 0.00025188360375395861 -0.00010437943401853046 0.00043516876457622687 1.3476096420597853e-05 -0.0014578307923128566 -0.0016608284554742257
leaf_weight=21 22 39 23 20 39 23 26 20 194 26
leaf_count=21 22 39 23 20 39 23 26 20 194 26
internal_value=0.000311811 9.05894e-05 0.000907643 -6.98507e-05 0.00125 0.00170382 0.000930962 -0.000260736 -0.000365449 0.000106837
internal_weight=453 369 62 307 84 62 47 260 240 46
internal_count=453 369 62 307 84 62 47 260 240 46
is_linear=0
shrinkage=0.01


Tree=649
num_leaves=12
num_cat=0
split_feature=88 29 3 1 25 44 22 15 47 87 11
split_gain=0.906195 0.657031 0.827137 0.992448 0.338336 0.24184 0.231682 0.360807 0.208121 0.240264 0.0390952
threshold=27.750884020000004 2.9499999880000005 0.32319575700000008 0.25235721450000009 3.8714285750000004 3.6000000125000002 1.8142857170000004 0.60295828550000008 25.450000005000003 26.639255725000002 0.72879371400000015
decision_type=10 2 2 2 2 2 2 2 2 10 2
left_child=1 2 3 8 -4 -6 10 -8 9 -1 -3
right_child=-2 6 4 -5 5 -7 7 -9 -10 -11 -12
leaf_value=0.00053290446908799615 0.00046592173418851006 -0.0022846685567920648 0.00011398021131802383 0.00021168265679605836 0.0004207538035776873 -0.00075516463247876371 -0.010359352093029763 0.00103848928019632 0.00041503242808197663 -0.0018436681603381973 7.7805688887967739e-05
leaf_weight=26 36 114 32 24 24 78 28 29 24 24 20
leaf_count=26 36 114 32 24 24 78 28 29 24 24 20
internal_value=0.000388212 0.000251298 0.000609966 0.00130567 8.16023e-05 -0.000184825 -0.000174661 0.00033737 0.000681818 0.000255905 -0.000408012
internal_weight=459 423 232 98 134 102 191 57 74 50 134
internal_count=459 423 232 98 134 102 191 57 74 50 134
is_linear=0
shrinkage=0.01


Tree=650
num_leaves=12
num_cat=0
split_feature=16 41 6 18 26 3 9 10 26 1 0
split_gain=0.799812 1.37937 1.23427 0.66862 0.982897 0.333328 0.5879 0.304996 0.0866817 0.0358742 0.015083
threshold=0.60949717850000018 3.8499999945000005 0.51911278550000006 1.014285705 3.8714286770000004 0.33004750000000005 0.60086657500000007 0.63010502400000012 3.9071428435000004 0.33021657150000006 0.21269302050000002
decision_type=2 2 2 2 2 2 2 2 2 2 2
left_child=8 2 3 4 7 6 10 -2 -1 -7 -3
right_child=1 5 -4 -5 -6 9 -8 -9 -10 -11 -12
leaf_value=-0.00031562277431403205 -0.0013587184869410405 0.0001379478120684735 0.0011707562466002363 -0.00083993171868587853 0.00024769045519238298 -3.1003180065998991e-05 3.6247490120868973e-05 0.00026203440670666511 -0.0031703175676341994 -0.00019241303842807699 -0.0019557144683425699
leaf_weight=31 27 20 25 39 20 83 26 38 99 20 20
leaf_count=31 27 20 25 39 20 83 26 38 99 20 20
internal_value=0.000320855 0.000592848 0.00129172 0.000849359 0.00134615 -1.47233e-05 0.000523952 0.000691489 -0.000328746 -0.00038054 -0.000196079
internal_weight=448 318 149 124 85 169 66 65 130 103 40
internal_count=448 318 149 124 85 169 66 65 130 103 40
is_linear=0
shrinkage=0.01


Tree=651
num_leaves=13
num_cat=1
split_feature=89 0 81 83 21 23 44 54 12 47 22 6
split_gain=0.606111 0.677946 0.446234 0.502334 0.506619 0.517509 0.434862 0.756529 0.224945 0.35278 0.160921 0.148988
threshold=0 0.10975664550000001 19.713571205000004 21.695000105000002 1.8142857125000003 1.8857142795000004 4.449999988000001 2.8850002285000005 0.68633703600000018 54.349999965000002 1.7142857100000002 0.37806078550000005
decision_type=1 2 2 2 2 2 2 2 2 2 2 2
left_child=1 -1 3 4 8 10 7 -3 9 -2 -6 -5
right_child=2 6 -4 11 5 -7 -8 -9 -10 -11 -12 -13
leaf_value=-0.0012084626700529049 0.00015958277757999843 0.00051540950815447562 0.0025379328802081834 7.5805517195692181e-05 3.3567676957234253e-05 -0.0034825847510356689 7.3853337302645978e-05 0.0004551986709194163 -0.00077350672288163701 -0.00028219875389986229 0.0004278512520018013 -0.0013987331937053891
leaf_weight=22 27 21 32 20 20 24 36 32 54 22 23 135
leaf_count=22 27 21 32 20 20 24 36 32 54 22 23 135
internal_value=0.000392491 0.00100575 0.000161773 4.75751e-05 0.0004274 0.00109882 0.00148664 0.00207249 0 0.000471887 0.00174658 -0.000356226
internal_weight=468 111 357 325 170 67 89 53 103 49 43 155
internal_count=468 111 357 325 170 67 89 53 103 49 43 155
cat_boundaries=0 1
cat_threshold=707002752
is_linear=0
shrinkage=0.01


Tree=652
num_leaves=13
num_cat=0
split_feature=88 8 25 19 23 25 48 88 49 37 48 16
split_gain=0.89869 0.823656 0.792493 0.708959 0.508213 0.46553 0.322905 0.310436 0.386669 0.0841087 0.0617356 0.0710918
threshold=22.896985000000004 0.65998814300000008 4.0142857010000013 2.3285714390000005 1.8571428315000003 3.8214285545000002 0.90000000950000014 22.070482480000006 0.35000000900000006 3.5500000640000002 2.6499999535000005 0.64883750000000007
decision_type=10 2 2 2 2 2 2 8 2 2 2 2
left_child=5 2 -2 4 -4 6 -1 8 9 -7 11 -9
right_child=1 -3 3 -5 -6 7 -8 10 -10 -11 -12 -13
leaf_value=-0.0003108574697636145 0.00049624539411180697 -9.4147711505942442e-06 2.1425445563244705e-05 -0.00039416745098297959 0.0006082380995113591 0.00044808556823414109 9.1190510869228756e-05 -0.0054822476875539348 0.0010134890778892888 -0.0047828317276010736 -0.00098569949042587399 0.00044992045316529118
leaf_weight=20 29 31 31 28 35 22 26 24 34 37 130 20
leaf_count=20 29 31 31 28 35 22 26 24 34 37 130 20
internal_value=0.000351646 0.000975452 0.00134491 0.00085443 0.00142216 3.66474e-05 0.000961538 -0.000117625 0.000335821 -0.000125418 -0.000371854 -1.17081e-10
internal_weight=467 154 123 94 66 313 46 267 93 59 174 44
internal_count=467 154 123 94 66 313 46 267 93 59 174 44
is_linear=0
shrinkage=0.01


Tree=653
num_leaves=10
num_cat=1
split_feature=89 69 4 3 29 58 86 78 10
split_gain=0.912086 1.09297 1.08241 1.01251 0.666761 0.990308 0.511522 0.203786 0.140794
threshold=0 1.5021428430000003 0.41752242900000008 0.39831439500000004 2.9857142905000003 2.3849997520000001 95.700869215000012 12.772142890000003 0.55151285750000012
decision_type=1 2 2 2 2 2 2 2 2
left_child=8 2 4 -4 5 6 -2 -6 -1
right_child=1 -3 3 -5 7 -7 -8 -9 -10
leaf_value=0.00099148887503413673 -0.0024036911308704949 5.8935780185035937e-05 0.0004450375204366023 8.4290036018033802e-06 5.4660514151793245e-05 0.00061908739681115061 0.00018543406226802326 -0.0023271320513657831 -0.0015826747476077642
leaf_weight=20 44 23 21 21 29 20 96 93 103
leaf_count=20 44 23 21 21 29 20 96 93 103
internal_value=0.000431181 0.000683343 0.000541872 0.00203271 0.000307638 0.000733831 0.000411932 -0.000236156 -0.000295217
internal_weight=470 347 324 42 282 160 140 122 123
internal_count=470 347 324 42 282 160 140 122 123
cat_boundaries=0 1
cat_threshold=4267010
is_linear=0
shrinkage=0.01


Tree=654
num_leaves=11
num_cat=0
split_feature=44 88 64 87 0 8 0 35 1 1
split_gain=0.775275 0.670772 0.773008 0.645421 1.28376 0.370071 0.200858 0.219758 0.380771 0.0340411
threshold=6.1999998575000008 26.403695545000005 68.664999005000013 26.304769825000005 0.26150170150000007 0.60264192850000009 0.065224698000000011 1.4000000210000001 0.25639421450000005 0.30166985700000004
decision_type=2 10 2 10 2 2 2 2 2 2
left_child=1 2 6 4 -2 -3 -1 9 -9 -8
right_child=3 5 -4 -5 -6 -7 7 8 -10 -11
leaf_value=0.00028552482078710544 0.00054263262881052386 0.0005510033667638993 7.8407495732522804e-05 1.218514995987516e-05 7.2127403836201942e-05 5.3152553142876109e-06 -0.0005267555194245154 0.00018861551613374509 -0.00067953323973884234 -0.0029490617639677257
leaf_weight=22 23 20 27 33 30 22 187 29 53 20
leaf_count=22 23 20 27 33 30 22 187 29 53 20
internal_value=0.00035347 0.000152311 0 0.00120968 0.00188662 0.00133178 -0.000139513 -0.000215666 0.000205314 -0.000392204
internal_weight=466 380 338 86 53 42 311 289 82 207
internal_count=466 380 338 86 53 42 311 289 82 207
is_linear=0
shrinkage=0.01


Tree=655
num_leaves=10
num_cat=0
split_feature=15 64 15 86 12 0 86 9 0
split_gain=0.857125 0.649994 0.75697 1.75483 0.408404 0.387895 0.461593 0.0337027 0.0296969
threshold=0.59966028550000006 67.479998590000022 0.73386642850000017 128.28370370000002 0.68583709550000005 0.28062749300000006 89.867262285000024 0.48907200000000006 0.27487510400000004
decision_type=2 2 2 2 2 2 2 2 2
left_child=7 2 3 5 -5 6 -2 -1 -4
right_child=1 -3 8 4 -6 -7 -8 -9 -10
leaf_value=-0.0037124379843385485 -2.4426071088964013e-05 0.0023781848617898476 -0.00056063060208580418 0.00022313107636018573 2.0894565251059342e-05 -0.0013567640969672523 0.0003858849770225524 -0.0062287628644604309 -0.0001734695712394124
leaf_weight=20 67 34 51 27 21 39 127 69 20
leaf_count=20 67 34 51 27 21 39 127 69 20
internal_value=0.000505464 0.000710962 0.000572562 0.00080731 0.00254098 0.000434132 0.00062115 -0.000361915 -0.000327298
internal_weight=475 386 352 281 48 233 194 89 71
internal_count=475 386 352 281 48 233 194 89 71
is_linear=0
shrinkage=0.01


Tree=656
num_leaves=10
num_cat=0
split_feature=20 15 13 5 9 20 3 54 8
split_gain=0.514863 0.418433 0.37665 0.443356 0.704043 0.465766 0.248278 0.123281 0.0249217
threshold=1.585714268 0.59966028550000006 0.61001651650000011 0.42809138050000006 0.7007009500000001 1.7571428630000001 0.25443667850000001 1.7899999620000002 0.70328735700000011
decision_type=2 2 2 2 2 2 2 2 2
left_child=-1 -2 -3 6 5 -5 -4 -8 -6
right_child=1 2 3 4 8 -7 7 -9 -10
leaf_value=3.8942505642902292e-05 -0.0037412501537549304 0.0013511544450007804 0.00030614883750512272 0.00030665876852461652 -1.2631801356209021e-05 3.8164452399847994e-05 9.8325381583473089e-05 -0.00072301542714073687 -2.874786039991282e-05
leaf_weight=35 84 23 20 34 37 73 20 131 20
leaf_count=35 84 23 20 34 37 73 20 131 20
internal_value=0.000250105 0.00015131 0.00030379 0.000209946 0.000582524 0.00106215 -0.000136787 -0.000286561 -0.000285467
internal_weight=477 442 358 335 164 107 171 151 57
internal_count=477 442 358 335 164 107 171 151 57
is_linear=0
shrinkage=0.01


Tree=657
num_leaves=12
num_cat=0
split_feature=86 78 0 74 48 48 48 11 15 7 0
split_gain=0.714866 0.632786 1.06936 0.365848 0.787804 0.347624 0.328476 0.300593 0.259002 0.037843 0.0173151
threshold=89.867262285000024 14.725714480000002 0.29256897300000007 5.1371428050000008 14.449999720000003 9.8499999050000024 2.0000000410000003 0.70457192850000017 0.65988000000000013 0.42753969050000007 0.25436704900000001
decision_type=2 2 2 2 2 2 2 2 2 2 2
left_child=7 3 -3 4 -2 6 10 9 -8 -1 -5
right_child=1 2 -4 5 -6 -7 8 -9 -10 -11 -12
leaf_value=-0.0029577012224900169 -0.00059013122855113009 0.0003421263196749832 -0.00025824794663154357 -0.0056033226919208513 0.00024932770892345139 -0.00017959402904080358 0.0015205402915398774 0.00031852033509880882 1.1774155183211483e-05 -0.0034692752128702865 -0.00031322863501298857
leaf_weight=20 22 32 22 23 21 49 20 32 96 100 20
leaf_count=20 22 32 22 23 21 49 20 32 96 100 20
internal_value=0.000392092 0.000672008 0.00166058 0.000446783 0.00128995 0.000258621 0.000491239 -0.000157068 0.000770548 -0.000397351 -0.000216895
internal_weight=457 305 54 251 43 208 159 152 116 120 43
internal_count=457 305 54 251 43 208 159 152 116 120 43
is_linear=0
shrinkage=0.01


Tree=658
num_leaves=11
num_cat=0
split_feature=57 48 87 87 10 14 78 25 59 1
split_gain=0.545437 1.02442 0.552524 1.05611 0.758013 0.681227 0.612204 0.270012 0.166605 0.0379418
threshold=0.81500005750000015 15.649999815000003 23.530456615000002 26.397590145000006 0.63010502400000012 0.73363311900000017 14.725714480000002 4.0857142890000011 40.980000495000006 0.15722564250000001
decision_type=2 2 8 10 2 2 2 2 2 2
left_child=1 -1 8 4 -4 -6 7 -5 9 -2
right_child=2 -3 3 6 5 -7 -8 -9 -10 -11
leaf_value=-0.0003866121123601895 -0.0034484420723378297 0.00015019912705896473 -0.00022577426969753775 -0.00084758676440401231 0.0015620057891244227 3.0294986335049032e-06 0.00016631117193328121 5.312249300338006e-05 0.00033664563462437389 -0.001508012818344619
leaf_weight=36 20 32 29 101 28 22 31 38 31 101
leaf_count=36 20 32 29 101 28 22 31 38 31 101
internal_value=0.000390592 0.00122093 0.000242658 0.000534427 0.00148496 0.00222441 7.61123e-05 -0.00019671 -0.000222513 -0.000398194
internal_weight=469 68 401 249 79 50 170 139 152 121
internal_count=469 68 401 249 79 50 170 139 152 121
is_linear=0
shrinkage=0.01


Tree=659
num_leaves=13
num_cat=0
split_feature=86 21 48 46 48 58 13 25 11 72 8 2
split_gain=0.56532 0.468846 0.405585 0.77608 0.699971 0.831845 0.263861 0.188056 0.16202 0.119325 0.205742 0.0361382
threshold=131.19284590000004 1.7428571245000002 9.8499999050000024 10.399999930000002 7.5000001080000009 2.1550002095000003 0.75096107500000009 4.0714286570000011 0.60431939300000004 5.4328571555000007 0.56097426150000007 0.23481514300000003
decision_type=2 2 2 2 2 2 2 2 2 2 2 2
left_child=2 -2 3 -1 8 7 9 -6 -5 10 -4 -10
right_child=1 -3 6 4 5 -7 -8 -9 11 -11 -12 -13
leaf_value=0.00024160473954392176 6.5846552455008098e-05 7.6562321147619677e-05 7.2484095439309158e-05 0.0003333469705272941 -1.3322805748262103e-05 0.0011531399865495945 0.00016376665605414176 0.0020827834642166356 -0.00093142426005979957 -0.0012320427431257951 -0.0021442424398002207 -0.002070388919644642
leaf_weight=26 20 36 20 30 24 26 20 20 20 122 29 85
leaf_count=26 20 36 20 30 24 26 20 20 20 122 29 85
internal_value=0.000290309 0.00123239 0.000158467 0.000442191 0.000221088 0.00103107 -0.000174661 0.000133928 -0.000187776 -0.000311409 7.0281e-05 -0.000382798
internal_weight=478 56 422 231 205 70 191 44 135 171 49 105
internal_count=478 56 422 231 205 70 191 44 135 171 49 105
is_linear=0
shrinkage=0.01


Tree=660
num_leaves=12
num_cat=0
split_feature=4 0 33 41 54 6 44 74 17 41 0
split_gain=0.780576 0.653504 0.938727 0.712365 0.749016 0.629992 0.544338 0.277766 0.579672 0.229722 0.0210574
threshold=0.37030628550000005 0.31582587500000009 3.9357142960000004 3.8499999945000005 3.8150005340000006 0.47784657150000004 6.1999998575000008 6.6714284930000005 16.420000000000005 3.5999999345000004 0.14764960450000003
decision_type=2 2 2 2 2 2 2 2 2 2 2
left_child=6 2 3 4 -2 -4 7 8 -1 -10 -5
right_child=1 -3 5 10 -6 -7 -8 -9 9 -11 -12
leaf_value=0.0032203104254126163 0.00020091791174116464 -0.0034701830086023735 0.00026873116345509763 -2.9258680328356301e-06 -0.00091947067622778246 0.00040188670355488168 0.00029081479888236502 -0.0045331774234414167 0.00040855768392693997 -0.00051358258988709821 -0.0003078333451130437
leaf_weight=22 24 30 20 20 27 24 34 128 24 67 29
leaf_count=22 24 30 20 20 27 24 34 128 24 67 29
internal_value=0.000341263 0.000863844 0.00114641 0.000575397 0.00139961 0.00236607 1.81279e-06 -0.000159223 0.000188928 -0.000147059 -0.000251004
internal_weight=449 174 144 100 51 44 275 241 113 91 49
internal_count=449 174 144 100 51 44 275 241 113 91 49
is_linear=0
shrinkage=0.01


Tree=661
num_leaves=11
num_cat=0
split_feature=16 46 10 61 88 72 17 10 17 39
split_gain=0.813402 0.65816 0.673856 0.602688 0.436286 0.359799 0.526972 1.47699 0.323322 0.0362666
threshold=0.58913064300000018 10.799999915000003 0.55024128550000018 33.095000745000007 25.572599765000003 5.8450000205000006 47.985000000000007 0.61801215300000012 101.16000000000001 17.150000155000004
decision_type=2 2 2 2 10 2 2 2 2 2
left_child=9 3 -3 4 -2 6 7 -4 -8 -1
right_child=1 2 5 -5 -6 -7 8 -9 -10 -11
leaf_value=-0.007414467687355257 -0.00046986290029999122 0.00068485604912794744 -0.0012474459312968055 0.00028538192582272341 0.00050918634863441465 -0.0002409885347642374 -0.00029493400984884381 0.0023607414201862287 2.9532336868444626e-05 -0.00089556205580101661
leaf_weight=86 27 36 28 23 26 64 64 30 53 20
leaf_count=86 27 36 28 23 26 64 64 30 53 20
internal_value=0.000370249 0.000604036 0.000364394 0.00143229 0.000771375 0.00016055 0.000401024 0.00117347 0 -0.000383895
internal_weight=457 351 275 76 53 239 175 58 117 106
internal_count=457 351 275 76 53 239 175 58 117 106
is_linear=0
shrinkage=0.01


Tree=662
num_leaves=13
num_cat=0
split_feature=16 26 0 3 3 45 87 88 20 59 16 1
split_gain=0.708509 0.717168 0.763275 1.17932 1.12777 0.417232 0.362574 0.721179 0.262549 0.0966373 0.0778705 0.0285266
threshold=0.65667821400000015 3.8714286770000004 0.31582587500000009 0.35890758550000007 0.32319575700000008 23.999999830000004 25.793231570000003 24.358773140000004 1.9571428385000003 41.575001240000013 0.69833414300000007 0.26443214300000006
decision_type=2 2 2 2 2 2 10 10 2 2 2 2
left_child=5 6 3 4 -3 8 7 10 9 -1 -2 -8
right_child=1 2 -4 -5 -6 -7 11 -9 -10 -11 -12 -13
leaf_value=-0.0022781225730662104 6.6213525762236696e-05 0.00097649867261131713 -0.0041896264454294851 0.00024364193280884008 -5.1146379539915841e-05 0.00040102720737233299 -0.00096364257354204709 0.0011238855197684169 0.00019660373433875975 -0.00029961647052712773 -0.0012037617849598981 2.3146765088762763e-06
leaf_weight=146 20 30 20 23 37 22 47 27 22 31 27 20
leaf_count=146 20 30 20 23 37 22 47 27 22 31 27 20
internal_value=0.000321489 0.000685067 0.00129061 0.00168502 0.000951327 -8.34086e-05 0.000193935 0.000681818 -0.000237738 -0.000374016 -3.13809e-05 -0.000317109
internal_weight=472 251 110 90 67 221 141 74 199 177 47 67
internal_count=472 251 110 90 67 221 141 74 199 177 47 67
is_linear=0
shrinkage=0.01


Tree=663
num_leaves=10
num_cat=1
split_feature=44 4 16 89 40 59 86 57 86
split_gain=0.686368 0.652036 0.537291 0.342358 0.479275 0.89561 0.302273 0.238414 0.173985
threshold=6.1999998575000008 0.36250778550000007 0.75160978600000006 0 12.250000030000001 40.339999675000008 73.069060915000009 0.92500019050000015 90.379090275000024
decision_type=2 2 2 1 2 2 2 2 2
left_child=2 -2 3 -1 6 -6 -5 -3 -8
right_child=1 7 -4 4 5 -7 8 -9 -10
leaf_value=-0.0010145112584248642 0.00032345047855968589 -0.0026052115230683261 0.0026822309413625169 0.0010069280794173427 0.00046241704207718474 -6.1156744690974285e-06 -0.0027944854268701137 0.00012584641356669618 2.7223273249935869e-05
leaf_weight=100 31 20 22 34 21 26 82 33 108
leaf_count=100 31 20 22 34 21 26 82 33 108
internal_value=0.000312892 0.00113208 0.000130777 3.36201e-05 0.000221788 0.00114017 2.66903e-05 0.000399628 -0.000120545
internal_weight=477 84 393 371 271 47 224 53 190
internal_count=477 84 393 371 271 47 224 53 190
cat_boundaries=0 1
cat_threshold=1052824
is_linear=0
shrinkage=0.01


Tree=664
num_leaves=12
num_cat=0
split_feature=46 88 24 23 54 6 88 26 5 9 2
split_gain=0.564299 0.498423 0.498418 0.623016 0.285848 0.322981 0.167034 0.410673 0.0991496 0.0410135 0.0275573
threshold=9.2999997325000017 27.435329450000001 2.2714285810000008 1.871428579 4.4650001525000009 0.49283511900000004 22.030933040000004 3.9357143130000005 0.37910417850000006 0.52290374150000007 0.26850164300000007
decision_type=2 10 2 2 2 2 10 2 2 2 2
left_child=-1 2 6 -4 5 -5 9 8 -8 -2 -6
right_child=1 -3 3 4 10 -7 7 -9 -10 -11 -12
leaf_value=0.00014726885628240733 0.00053019081079358043 0.00024125272288891492 0.00045738833150509945 -0.00096820121807852195 -0.0035902760219959952 0.0012803886469580741 -5.1022364709443012e-05 6.0836104023740405e-05 -0.00060072687234778981 -0.0016498485218148667 -0.0024360283294842613
leaf_weight=20 20 31 36 25 20 23 23 20 57 143 44
leaf_count=20 20 31 36 25 20 23 23 20 57 143 44
internal_value=0.000209594 0.000128726 3.03544e-05 0.000497312 0.000106383 0.000696721 -0.00022555 7.9365e-05 -0.000222772 -0.000424298 -0.000308642
internal_weight=462 442 411 148 112 48 263 100 80 163 64
internal_count=462 442 411 148 112 48 263 100 80 163 64
is_linear=0
shrinkage=0.01


Tree=665
num_leaves=9
num_cat=0
split_feature=46 87 82 30 40 40 49 13
split_gain=0.999406 0.378206 0.329645 0.278494 0.475594 0.581701 0.269689 0.215302
threshold=9.2999997325000017 21.593363450000002 19.425000055000002 4.5214286190000008 8.2000000180000026 11.999999855000002 2.5999999830000005 0.74519110000000011
decision_type=2 8 2 2 2 2 2 2
left_child=-1 -2 3 4 -3 -6 -5 -8
right_child=1 2 -4 6 5 -7 7 -9
leaf_value=0.00014579616771958487 -0.0022898084914845657 0.0012844163317355202 7.5759583648223194e-05 -0.0009289200101188326 -0.00055099885130728912 0.00045541057958254792 0.00083282490958404168 -0.00080189703161165154
leaf_weight=20 100 27 35 107 106 31 35 20
leaf_count=20 100 27 35 107 106 31 35 20
internal_value=0.000160855 5.95495e-05 0.000214207 0.000107099 0.000400485 0.000141509 -0.000178133 0.000367383
internal_weight=481 461 361 326 164 137 162 55
internal_count=481 461 361 326 164 137 162 55
is_linear=0
shrinkage=0.01


Tree=666
num_leaves=10
num_cat=0
split_feature=86 40 46 87 87 46 86 24 22
split_gain=0.853293 0.941093 0.703762 0.548179 0.630717 0.743879 0.170233 0.236485 0.126727
threshold=89.867262285000024 4.0500000195000014 9.8500000200000013 28.519533350000007 22.196465360000001 11.200000170000001 73.069060915000009 2.2285714405000001 1.8214285670000001
decision_type=2 2 2 10 10 2 2 2 2
left_child=6 -2 -3 4 8 -6 7 -1 -4
right_child=1 2 3 -5 5 -7 -8 -9 -10
leaf_value=-0.0028568221469992949 0.00041213811894078516 0.00019566955529459884 -0.0050878825099360597 -0.00094291988434401161 0.00045757973621361346 1.6905660876281537e-05 -0.0047608616840011308 0.0016667604086268296 0.00063459152962760544
leaf_weight=26 20 31 43 59 29 90 93 27 32
leaf_count=26 20 31 43 59 29 90 93 27 32
internal_value=0.000405945 0.000708661 0.000547753 0.00036052 0.00062115 0.00107262 -0.000211172 0.000213755 -7.25595e-05
internal_weight=450 304 284 253 194 119 146 53 75
internal_count=450 304 284 253 194 119 146 53 75
is_linear=0
shrinkage=0.01


Tree=667
num_leaves=12
num_cat=2
split_feature=89 25 29 13 3 78 7 89 47 78 0
split_gain=1.24804 1.10756 0.759546 0.991908 0.599975 0.468658 0.369803 0.17281 0.318201 0.161304 0.122488
threshold=0 3.9214285440000003 2.9571428555000003 0.63226336650000015 0.35469935700000005 13.629285810000001 0.55277371450000012 1 26.250000360000005 14.725714480000002 0.065224698000000011
decision_type=1 2 2 2 2 2 2 1 2 2 2
left_child=7 -2 3 -3 5 -5 10 8 9 -1 -4
right_child=1 2 6 4 -6 -7 -8 -9 -10 -11 -12
leaf_value=-0.0034842780400437122 0.00013104239625778987 0.0014827487066075215 6.8131003035854515e-05 3.4222215696990581e-05 0.00019289283190747477 -0.0014983601238524082 0.0014461286719842802 -0.00055252586875261986 0.00042453075217392661 0.00027110731812752918 -0.00097091394314079182
leaf_weight=57 21 20 20 43 25 37 31 100 22 30 64
leaf_count=57 21 20 20 43 25 37 31 100 22 30 64
internal_value=0.000431181 0.000873804 0.000697674 0.00123609 0.000808128 0.000346535 9.06735e-05 -0.000147862 0.000112688 -0.00013098 -0.000235849
internal_weight=470 261 240 125 105 80 115 209 109 87 84
internal_count=470 261 240 125 105 80 115 209 109 87 84
cat_boundaries=0 1 2
cat_threshold=42016271 526
is_linear=0
shrinkage=0.01


Tree=668
num_leaves=13
num_cat=0
split_feature=16 32 10 16 16 0 4 3 13 10 61 39
split_gain=0.678416 0.946497 0.645605 0.388432 0.427518 0.357807 0.355135 0.749588 0.220305 0.344926 0.168587 0.0356
threshold=0.58913064300000018 5.2999999520000012 0.56296978600000014 0.67248635700000015 0.63356514300000011 0.16844663200000001 0.32941557150000006 0.33285257100000004 0.68425894150000011 0.57563116700000017 33.025001050000007 17.150000155000004
decision_type=2 2 2 2 2 2 2 2 2 2 2 2
left_child=11 8 10 4 5 -4 -5 -8 9 -2 -3 -1
right_child=1 2 3 6 -6 -7 7 -9 -10 -11 -12 -13
leaf_value=-0.0049077427406755796 -4.4727723981131604e-05 0.00051705797428468789 -0.00073895617955585535 2.2128408512235177e-05 -0.0011307948423770124 0.00047890653164354773 0.00045331400397145236 4.9979401358131013e-05 -4.6640396915421971e-05 0.00032606710364536636 0.0036479720804903984 -0.00085323546421183394
leaf_weight=81 22 22 21 32 51 20 41 43 83 20 20 20
leaf_count=81 22 22 21 32 51 20 41 43 83 20 20 20
internal_value=0.00033557 0.000533528 0.000889155 0.000641762 0.00012931 0.000897129 0.0010274 0.00136792 -0.000162957 0.000397196 0.00203271 -0.000378193
internal_weight=476 375 250 208 92 41 116 84 125 42 42 101
internal_count=476 375 250 208 92 41 116 84 125 42 42 101
is_linear=0
shrinkage=0.01


Tree=669
num_leaves=12
num_cat=0
split_feature=40 5 30 5 40 20 5 18 40 5 0
split_gain=0.612685 0.394072 0.757373 0.331059 0.390056 0.169104 0.360103 0.086626 0.0668224 0.103659 0.0403079
threshold=15.949999745000001 0.42560378550000005 2.3357142805000004 0.43889654750000001 3.6000000910000005 1.6571428735000002 0.38077164300000005 0.99999999550000018 11.499999845000001 0.38502264300000005 0.065224698000000011
decision_type=2 2 2 2 2 2 2 2 2 2 2
left_child=1 5 -3 -4 -5 6 -1 -6 10 -10 -7
right_child=-2 2 3 4 7 8 -8 -9 9 -11 -12
leaf_value=0.00011391411338714935 0.00055858026462727477 0.00022962736509110764 0.00043621615035498748 0.00037432893738063806 -1.3010987844433627e-05 1.7006106185672305e-05 -0.0025276742551406635 6.9901264315917059e-06 -0.0042173658113322764 0.00026016118523672252 -0.00097611600705057938
leaf_weight=20 20 21 29 23 80 20 24 29 32 32 131
leaf_count=20 20 21 29 23 80 20 24 29 32 32 131
internal_value=0.000146167 6.22452e-05 0.000421225 0.000169963 -3.01206e-05 -0.000182833 0.000357143 -0.000295993 -0.000303522 -1.17738e-10 -0.000418314
internal_weight=461 441 182 161 132 259 44 109 215 64 151
internal_count=461 441 182 161 132 259 44 109 215 64 151
is_linear=0
shrinkage=0.01


Tree=670
num_leaves=12
num_cat=1
split_feature=46 77 38 89 39 46 32 46 2 39 0
split_gain=0.952689 1.0414 0.782627 0.391512 0.40449 0.227347 0.213454 0.12886 0.172535 0.121166 0.0180012
threshold=9.2499998435000013 14.005000220000001 0.45000000650000005 0 10.549999805000001 11.600000005000002 5.571428537000001 22.350000105000003 0.30753778550000005 17.150000155000004 0.13454388900000003
decision_type=2 2 2 1 2 2 2 2 2 2 2
left_child=-1 3 -3 4 -2 6 -6 9 10 -5 -9
right_child=1 2 -4 7 5 -7 -8 8 -10 -11 -12
leaf_value=0.00010302021623441675 0.0015475817972167788 0.00011243862093846617 8.8885168373355281e-06 -0.00016913228203267947 4.9271269898217866e-05 -0.0012958742043278843 -1.3327200961712326e-06 0.00052019870508681839 6.064133560061434e-05 -0.00022412687591362221 -0.00061362405331623067
leaf_weight=20 38 23 26 187 21 46 25 20 20 26 24
leaf_count=20 38 23 26 187 21 46 25 20 20 26 24
internal_value=0.000209731 0.000109457 0.0014759 -5.2722e-05 0.00037642 2.15516e-05 0.000534188 -0.00026581 9.25925e-05 -0.000395229 -0.000223214
internal_weight=476 456 49 407 130 92 46 277 64 213 44
internal_count=476 456 49 407 130 92 46 277 64 213 44
cat_boundaries=0 1
cat_threshold=540311568
is_linear=0
shrinkage=0.01


Tree=671
num_leaves=9
num_cat=0
split_feature=77 61 42 54 3 17 3 56
split_gain=0.749155 0.816357 0.410133 0.266213 0.341726 0.229655 0.200986 0.0716642
threshold=14.003571650000003 33.480000495000006 0.25000000750000007 4.5349993705000005 0.36641414250000004 16.420000000000005 0.26482835750000006 1.4749999045000004
decision_type=2 2 2 2 2 2 2 2
left_child=2 -2 3 4 5 -1 -7 -5
right_child=1 -3 -4 7 -6 6 -8 -9
leaf_value=0.0023756341630173086 0.00022885677757837367 3.8752394976220903e-05 0.00020414726335468635 -0.0008424082895644564 2.5760969396295509e-05 7.0833353433764342e-05 -1.2881272367151664e-05 -0.0013117042488236994
leaf_weight=36 23 27 34 92 26 20 160 36
leaf_count=36 23 27 34 92 26 20 160 36
internal_value=0.000288039 0.00143701 0.00013834 3.50592e-05 0.000234761 9.22508e-05 -4.42479e-05 -0.000326087
internal_weight=454 50 404 370 242 216 180 128
internal_count=454 50 404 370 242 216 180 128
is_linear=0
shrinkage=0.01


Tree=672
num_leaves=14
num_cat=1
split_feature=38 61 89 49 40 58 5 24 88 1 5 1 1
split_gain=0.766405 0.585386 0.393113 0.468112 0.30984 0.604003 0.31347 0.170634 0.128308 0.087495 0.0825037 0.0399801 0.0327568
threshold=0.35000000900000006 33.080001355000007 0 0.30000000800000004 9.8000001200000018 1.4549999235000002 0.43517100000000003 2.2714285810000008 27.785577100000001 0.20316528550000004 0.41603066650000003 0.17404957150000003 0.15073769050000005
decision_type=2 2 1 2 2 2 2 2 10 2 2 2 2
left_child=1 -1 8 7 6 -6 9 12 11 -5 -9 -2 -4
right_child=2 -3 3 4 5 -7 -8 10 -10 -11 -12 -13 -14
leaf_value=-0.00013655571448585493 -0.0087326216856929879 0.00025041187041985877 -0.0021201360311995394 0.00099852554030788296 0.00038514702060461428 8.2111451875236707e-07 0.00029925981931268347 -0.0040185302977530932 0.00046650350219127056 -0.00073857524055227807 0.00042653190083029633 -0.00019698593817647783 -0.00087433386134106502
leaf_weight=28 20 32 20 20 26 26 20 21 20 32 20 126 64
leaf_count=28 20 32 20 20 26 26 20 21 20 32 20 126 64
internal_value=0.00023224 0.00128289 7.33525e-05 0.000321401 0.000769231 0.00136364 0.000302198 -8.34659e-05 -0.000288462 -7.57577e-05 0.00041866 -0.000415531 -0.000353774
internal_weight=475 60 415 249 124 52 72 125 166 52 41 146 84
internal_count=475 60 415 249 124 52 72 125 166 52 41 146 84
cat_boundaries=0 1
cat_threshold=532176
is_linear=0
shrinkage=0.01


Tree=673
num_leaves=11
num_cat=0
split_feature=25 19 83 15 9 19 47 4 87 38
split_gain=0.555855 0.540587 0.307543 0.429399 1.27318 0.218966 0.463226 0.241056 0.216158 0.0799496
threshold=3.8714285750000004 2.2571428245000003 21.206428530000004 0.72018407150000008 0.57114820000000011 2.3142857125000007 0.60000001250000012 0.42619964300000007 18.426978845000004 7.5499998630000009
decision_type=2 2 2 2 2 2 2 2 10 2
left_child=1 -1 3 4 -2 6 7 8 -4 -5
right_child=2 -3 5 9 -6 -7 -8 -9 -10 -11
leaf_value=-0.00075358974870073968 -1.8217006561733347e-05 0.00024317166690492086 0.0004619395478331402 0.00016723389549767488 0.00027513815434010365 -0.0014900047559759007 0.00048226486297405543 0.00041858288843885235 -0.00097508917080870166 -0.0010358156514248618
leaf_weight=24 21 37 29 20 22 98 35 20 114 28
leaf_count=24 21 37 29 20 22 98 35 20 114 28
internal_value=0.000209447 0.00109223 6.31768e-05 0.000571895 0.00128995 -8.76012e-05 9.55733e-05 -0.000119048 -0.000274687 -4.09837e-05
internal_weight=448 61 387 91 43 296 198 163 143 48
internal_count=448 61 387 91 43 296 198 163 143 48
is_linear=0
shrinkage=0.01


Tree=674
num_leaves=12
num_cat=0
split_feature=20 48 54 73 1 16 19 13 35 75 1
split_gain=0.679226 0.76011 0.477255 0.584221 0.277358 0.180096 0.304349 0.220006 0.294208 0.194122 0.0173151
threshold=1.9428571545000002 0.90000000950000014 2.2999997140000006 8.5257143295000013 0.25447076200000007 0.65392926200000012 2.2499999745000001 0.71023635000000007 2.3999999575000004 6.4249999350000007 0.21803804750000003
decision_type=2 2 2 2 2 2 2 2 2 2 2
left_child=2 -2 3 4 10 9 -7 8 -8 -4 -1
right_child=1 -3 5 -5 -6 6 7 -9 -10 -11 -12
leaf_value=-0.0008502024901310604 -0.00074969638813324223 0.00041461201970294454 -0.0047148473263891938 0.00013264505605173828 9.2707190295485152e-06 4.1269106879370487e-05 0.00035002204967548987 -0.00018063263313618705 -1.4058321955164536e-05 0.00041270321381155158 -4.254837685663749e-05
leaf_weight=20 21 25 133 21 32 21 29 59 37 33 23
leaf_count=20 21 25 133 21 32 21 29 59 37 33 23
internal_value=0.000244063 0.00138889 0.000107632 0.00072314 0.000270448 -7.67265e-05 0.0001703 -3.97468e-06 0.000374251 -0.000305756 -0.000216895
internal_weight=454 46 408 96 75 312 146 125 66 166 43
internal_count=454 46 408 96 75 312 146 125 66 166 43
is_linear=0
shrinkage=0.01


Tree=675
num_leaves=12
num_cat=0
split_feature=15 57 49 9 11 3 70 24 47 15 23
split_gain=0.691442 0.440563 0.556263 0.546741 1.17265 1.4977 0.315065 0.237216 0.237399 0.230254 0.0348657
threshold=0.60295828550000008 7.4350004195000006 0.35000000900000006 0.607449075 0.7018970000000001 0.32250342850000008 7.8714285575000007 2.4571428215000002 24.900000150000004 0.73340741050000002 1.6428571215000003
decision_type=2 2 2 2 2 2 2 2 2 2 2
left_child=-1 2 7 6 5 -5 -4 10 -9 -6 -2
right_child=1 -3 3 4 9 -7 -8 8 -10 -11 -12
leaf_value=-0.0074787997931635578 -0.00041866919996318808 0.00055365463051430797 -0.0019594767474702545 0.0019144305032239152 0.0002796803823435967 4.1385611685956787e-05 1.7634683586986046e-05 -0.0012831640978078472 0.00042693338835255704 -0.0003432857839627146 -0.0012618107494144712
leaf_weight=87 20 31 48 20 20 58 27 28 21 38 76
leaf_count=87 20 31 48 20 20 58 27 28 21 38 76
internal_value=0.000318029 0.000501547 0.000392377 0.000720019 0.00109649 0.00189086 6.59619e-06 -7.20166e-05 0.000471887 0 -0.000371901
internal_weight=474 387 356 211 136 78 75 145 49 58 96
internal_count=474 387 356 211 136 78 75 145 49 58 96
is_linear=0
shrinkage=0.01


Tree=676
num_leaves=8
num_cat=1
split_feature=6 7 60 9 89 72 88
split_gain=0.932706 0.682865 0.516748 0.727055 0.226306 0.348037 0.367222
threshold=0.56165328550000015 0.40669402350000006 25.105000970000003 0.60086657500000007 0 6.5607142105000014 18.199877625000003
decision_type=2 2 2 2 1 2 10
left_child=1 -1 3 -3 -4 6 -6
right_child=-2 2 4 -5 5 -7 -8
leaf_value=0.00056488139903048936 0.00058201266399268985 -0.00078691060159550642 -0.00021592727983763541 0.00024526371359270881 -0.0028793899244909833 0.00025630071349772173 5.7231303826189489e-05
leaf_weight=25 25 20 100 31 97 20 144
leaf_count=25 25 20 100 31 97 20 144
internal_value=0.000296024 0.00018159 7.75193e-05 0.00101351 -5.11333e-05 0.000101177 0
internal_weight=462 437 412 51 361 261 241
internal_count=462 437 412 51 361 261 241
cat_boundaries=0 1
cat_threshold=2167845
is_linear=0
shrinkage=0.01


Tree=677
num_leaves=13
num_cat=0
split_feature=16 12 77 77 14 9 23 6 16 16 6 59
split_gain=0.435163 1.1969 1.23448 0.46277 0.56253 1.17078 0.791259 0.4506 0.174549 0.373995 0.114806 0.0614004
threshold=0.58913064300000018 0.59872507150000021 13.719285620000003 12.829999820000003 0.73712557100000009 0.59532512500000012 1.8214285545000002 0.55803078550000007 0.71983528600000013 0.73759514250000013 0.51452969050000008 35.159999845000009
decision_type=2 2 2 2 2 2 2 2 2 2 2 2
left_child=10 2 -2 4 5 -3 -7 8 11 -10 -1 -5
right_child=1 3 -4 7 -6 6 -8 -9 9 -11 -12 -13
leaf_value=-0.0075166549145354892 0.00053327601613029074 -0.00080638001208418672 0.0036440695644982192 -5.7336016439953519e-05 -2.7085521394707393e-05 1.0541573154824108e-05 0.0015290742713826206 0.00026202575816575385 0.00010953904471545703 -0.00038513703017107687 0.0002557666371028499 -1.6676916693692123e-05
leaf_weight=85 23 23 20 43 37 21 20 20 20 26 23 115
leaf_count=85 23 23 20 43 37 21 20 20 20 26 23 115
internal_value=0.000251678 0.00041757 0.00197489 0.000201043 0.000761297 0.00132716 0.00233254 -4.44841e-05 -0.000195313 0.000320513 -0.000294118 -0.000358942
internal_weight=476 368 43 325 101 64 41 224 204 46 108 158
internal_count=476 368 43 325 101 64 41 224 204 46 108 158
is_linear=0
shrinkage=0.01


Tree=678
num_leaves=11
num_cat=0
split_feature=44 60 86 57 0 25 26 54 6 23
split_gain=1.33638 1.03788 0.342993 0.495204 0.208344 0.238521 0.105434 0.201105 0.12205 0.0553622
threshold=6.1999998575000008 25.105000970000003 94.801848145000022 0.9849996565000001 0.066068660000000015 3.8214285545000002 4.1142856560000007 4.9800000190000011 0.57262616650000009 1.8357142805000002
decision_type=2 2 2 2 2 2 2 2 2 2
left_child=4 -2 -3 -4 -1 -6 8 -8 9 -7
right_child=1 2 3 -5 5 6 7 -9 -10 -11
leaf_value=0.00047070135114212375 0.00050024343025069102 -0.0025988324820504015 -3.2402502535177488e-07 0.00021115471851569688 3.4967467870322677e-05 -1.6283460297226231e-05 0.0018117623768001323 -3.8012434954469626e-05 9.128793445732781e-05 -0.00012266029848443443
leaf_weight=20 20 20 20 21 20 88 31 29 20 166
leaf_count=20 20 20 20 21 20 88 31 29 20 166
internal_value=0.000154673 0.00131418 0.000606796 0.00113636 -9.33833e-05 -0.000155017 -0.000224014 0.000131579 -0.000309316 -0.000372842
internal_weight=455 81 61 41 374 354 334 60 274 254
internal_count=455 81 61 41 374 354 334 60 274 254
is_linear=0
shrinkage=0.01


Tree=679
num_leaves=12
num_cat=0
split_feature=44 15 9 10 16 4 87 1 0 59 13
split_gain=0.77839 0.92247 0.763687 0.339791 0.645584 0.236821 0.532465 0.542986 0.297251 0.143061 0.0431054
threshold=6.1999998575000008 0.7266769525000002 0.60290660000000018 0.54578737500000007 0.58913064300000018 0.39039204750000006 23.193183440000002 0.28545300000000007 0.066451479500000007 34.71999979000001 0.61554221250000019
decision_type=2 2 2 2 2 2 8 2 2 2 2
left_child=3 2 -2 4 -1 8 -7 -8 -5 -10 -11
right_child=1 -3 -4 5 -6 6 7 -9 9 10 -12
leaf_value=-0.014708077481581148 -0.00028858372105715016 -0.00045705068281970548 0.00043758355347647013 0.00019879783949663748 0.0023818164820441378 -3.9664109515066264e-05 0.00041653294899236804 -1.8100049428195176e-05 0.0005687861044601822 1.4039176441030601e-05 -0.00012727784802980059
leaf_weight=24 24 27 37 20 30 38 20 20 20 20 193
leaf_count=24 24 27 37 20 30 38 20 20 20 20 193
internal_value=0.000214225 0.00105856 0.00173948 1.4256e-05 0.000748175 -0.000100965 0.00036802 0.00117647 -0.000254137 -0.00036142 -0.000442002
internal_weight=473 88 61 385 54 331 78 40 253 233 213
internal_count=473 88 61 385 54 331 78 40 253 233 213
is_linear=0
shrinkage=0.01


Tree=680
num_leaves=14
num_cat=1
split_feature=25 89 40 68 8 67 25 88 15 23 50 27 1
split_gain=0.796897 0.633597 0.613419 0.468361 0.468195 0.568204 0.227823 0.224326 0.934774 0.103439 0.05633 0.0799496 0.0216024
threshold=3.8714285750000004 0 11.999999855000002 55.169998645000007 0.5788952140000001 53.184999945000008 4.0857142890000011 22.484581360000004 0.72790397600000012 1.885714297 1.8999999835000001 3.7499999320000001 0.24613357150000001
decision_type=2 1 2 2 2 2 2 10 2 2 2 2 2
left_child=4 2 3 9 -1 -6 10 12 -9 -2 11 -3 -8
right_child=1 6 -4 -5 5 -7 7 8 -10 -11 -12 -13 -14
leaf_value=-1.2730212530676604e-05 3.6293110590784061e-06 -5.1874970270128407e-05 0.00055527334389405582 0.0028148872287197071 0.00024323231817191738 0.0001626240642039312 -0.00041021058612689099 0.0013440692840281751 -1.9601017992260965e-05 -0.0050795632845317892 -2.3837070861695884e-05 0.00050630196234892843 -0.0012304718421032282
leaf_weight=21 20 28 26 24 22 25 30 20 29 43 153 20 20
leaf_count=21 20 28 26 24 22 25 30 20 29 43 153 20 20
internal_value=0.000223122 5.19573e-05 0.00065832 0.000279043 0.00122093 0.00176778 -0.000186615 0.000185371 0.000672691 -0.000148903 -0.000388999 -4.09837e-05 -0.000255906
internal_weight=481 413 113 87 68 47 300 99 49 63 201 48 50
internal_count=481 413 113 87 68 47 300 99 49 63 201 48 50
cat_boundaries=0 1
cat_threshold=706740226
is_linear=0
shrinkage=0.01


Tree=681
num_leaves=9
num_cat=0
split_feature=36 28 3 87 9 9 26 26
split_gain=0.859797 0.339009 0.430019 0.337849 0.48533 0.834705 0.186293 0.0374307
threshold=2.3500000235000003 2.4000000015000005 0.24092107150000003 21.169942195000004 0.65777140000000012 0.67010210000000014 4.1071428060000015 3.7285714320000003
decision_type=2 2 2 8 2 2 2 2
left_child=1 2 -1 -4 6 -6 -5 -3
right_child=-2 7 3 4 5 -7 -8 -9
leaf_value=0.00042706029192851418 3.3430774771280101e-05 -0.0018614869329884477 -0.0012865547424464083 -0.00037559472478678651 0.0013044231192369546 0.00011491874258778585 0.00033619853348637141 -9.0489577665296349e-06
leaf_weight=23 22 20 71 113 21 51 46 96
leaf_count=23 22 20 71 113 21 51 46 96
internal_value=0.000164942 6.22452e-05 0.000231737 0.000122193 0.00031277 0.000989011 0 -0.000393836
internal_weight=463 441 325 302 231 72 159 116
internal_count=463 441 325 302 231 72 159 116
is_linear=0
shrinkage=0.01


Tree=682
num_leaves=11
num_cat=0
split_feature=16 63 12 44 53 69 32 11 6 16
split_gain=0.551329 0.747216 0.488468 0.381757 0.3351 0.234202 0.107001 0.162175 0.0954834 0.0375363
threshold=0.58913064300000018 21.794999595000004 0.69308978550000011 3.3999999685000004 0.095000267000000013 1.5907142620000003 5.6000000750000014 0.70115721450000013 0.39489892850000002 0.74932200000000015
decision_type=2 2 2 2 2 2 2 2 2 2
left_child=-1 2 3 8 -5 -6 9 -8 -2 -4
right_child=1 -3 6 4 5 -7 7 -9 -10 -11
leaf_value=-0.0046682553701954555 0.00026324474041655667 0.00075005152704201382 -7.7810688508689696e-06 0.00041158152109668609 1.7914515082499058e-05 7.8374614267271616e-05 -5.0632989397873877e-05 0.00019458248955842546 -2.7077429078350628e-05 0.00013429951622222769
leaf_weight=114 20 35 97 23 68 25 21 21 37 20
leaf_count=114 20 35 97 23 68 25 21 21 37 20
internal_value=0.000119344 0.00031131 0.00015625 0.000526467 0.000856164 0.00054904 -0.000234668 0.000163551 -0.000112457 -0.000394737
internal_weight=481 367 332 173 116 93 159 42 57 117
internal_count=481 367 332 173 116 93 159 42 57 117
is_linear=0
shrinkage=0.01


Tree=683
num_leaves=11
num_cat=1
split_feature=36 89 50 37 87 48 48 0 0 4
split_gain=0.918041 0.529231 0.790831 0.440061 0.200358 0.151408 0.204928 0.149058 0.0442999 0.0282128
threshold=2.2500000000000004 0 4.9999999775000008 7.5999999900000006 28.518319975000004 2.0000000410000003 9.8999997155000035 0.065224698000000011 0.30782925000000005 0.4038965235000001
decision_type=2 1 2 2 10 2 2 2 2 2
left_child=1 2 3 9 7 -6 -7 -3 -9 -1
right_child=-2 4 -4 -5 5 6 -8 8 -10 -11
leaf_value=-0.0015860249889012171 3.118434378543189e-05 9.2555479369576813e-05 0.0010905471844056065 0.00020500013258753787 -0.00084875058448677474 0.00044165748944345704 -2.3766052111780314e-05 -5.3826653140412939e-05 -0.0079892141216712093 1.4220465851752726e-05
leaf_weight=46 23 20 26 20 23 21 24 238 20 20
leaf_count=46 23 20 26 20 23 21 24 238 20 20
internal_value=3.6322e-05 -5.88493e-05 0.000504886 5.76036e-05 -0.000255045 0.000203488 0.000556768 -0.000383788 -0.000452087 -0.000314371
internal_weight=481 458 112 86 346 68 45 278 258 66
internal_count=481 458 112 86 346 68 45 278 258 66
cat_boundaries=0 1
cat_threshold=36438284
is_linear=0
shrinkage=0.01


Tree=684
num_leaves=10
num_cat=1
split_feature=89 46 71 14 0 28 8 0 26
split_gain=0.433715 0.733282 0.245844 0.234361 0.254541 0.305177 0.198745 0.0892094 0.0772859
threshold=0 10.650000100000002 5.5200000365000008 0.75020021450000007 0.065224698000000011 2.0142857095000006 0.55086585700000013 0.17002076400000002 4.1142856560000007
decision_type=1 2 2 2 2 2 2 2 2
left_child=1 -1 -2 4 -4 -6 -3 -8 -7
right_child=2 6 3 -5 5 8 7 -9 -10
leaf_value=0.00049037973442390579 0.00037313324912840426 0.00022476988172420845 0.00037002477639382184 0.001362863448729398 0.00024971303526866298 -0.00024844133821627114 4.3574826539322099e-05 -6.1125716718912933e-05 -3.9103264318367554e-06
leaf_weight=24 39 35 21 32 21 203 20 33 41
leaf_count=24 39 35 21 32 21 203 20 33 41
internal_value=0.000156449 0.000667752 -1.76728e-05 -0.00011606 -0.000212692 -0.000302859 0.00027027 -8.36432e-05 -0.000408497
internal_weight=469 112 357 318 286 265 88 53 244
internal_count=469 112 357 318 286 265 88 53 244
cat_boundaries=0 1
cat_threshold=716177416
is_linear=0
shrinkage=0.01


Tree=685
num_leaves=11
num_cat=1
split_feature=46 89 15 6 40 59 17 71 59 0
split_gain=0.598068 0.344904 0.45303 0.54599 0.387028 0.271169 0.260279 0.121438 0.089739 0.0433231
threshold=9.8500000200000013 0 0.7266769525000002 0.46165240500000004 7.9999998955000011 34.979999545000005 44.765000000000008 5.2878571485000014 41.575001240000013 0.066068660000000015
decision_type=2 1 2 2 2 2 2 2 2 2
left_child=-1 2 3 4 -2 6 -3 -7 9 -9
right_child=1 5 -4 -5 -6 7 -8 8 -10 -11
leaf_value=4.0068458042018238e-05 0.00010338578540949605 0.0028223775844746276 -2.2079439746536195e-05 0.0004195485858857407 -0.0021653131009140621 6.1195906242882738e-06 -1.8207163306181275e-05 -0.0027604497468455571 5.8255230289151459e-06 -4.2497858171792366e-05
leaf_weight=37 21 20 36 32 33 20 28 20 31 200
leaf_count=37 21 20 36 32 33 20 28 20 31 200
internal_value=0.000102339 0 0.000429217 0.000864055 0.00020073 -0.000174348 0.000491803 -0.000307211 -0.000371327 -0.000443841
internal_weight=478 441 122 86 54 319 48 271 251 220
internal_count=478 441 122 86 54 319 48 271 251 220
cat_boundaries=0 1
cat_threshold=134218008
is_linear=0
shrinkage=0.01


Tree=686
num_leaves=12
num_cat=0
split_feature=46 12 59 4 19 64 9 43 21 4 37
split_gain=0.670409 0.327644 0.316255 0.645753 0.198374 0.150354 0.113097 0.111108 0.118409 0.0686894 0.0367582
threshold=9.8500000200000013 0.67125150950000012 35.074998855000011 0.37315550000000003 2.6214285750000004 67.479998590000022 0.66603772500000014 0.94999998800000018 1.8285714390000003 0.30799419050000004 5.5999999160000007
decision_type=2 2 2 2 2 2 2 2 2 2 2
left_child=1 -1 3 -2 5 7 9 10 -9 -7 -4
right_child=2 -3 4 -5 -6 6 -8 8 -10 -11 -12
leaf_value=0.00024681523893487352 -0.00048152735577365222 5.4773154303236194e-06 -5.0103180147324817e-05 0.00042396056086392006 2.5522285592197657e-05 0.00061293753509931721 0.00091062863812638064 -9.0918398944345914e-05 0.00014624928485583484 -8.6503691196038307e-05 -3.4630758990514649e-05
leaf_weight=21 34 22 102 23 21 20 20 42 24 23 137
leaf_count=21 34 22 102 23 21 20 20 42 24 23 137
internal_value=0.000109228 0.00128995 -2.23826e-06 0.000683391 -0.00010903 -0.000168113 0.000258621 -0.000263244 7.48502e-05 0 -0.000364888
internal_weight=489 43 446 57 389 368 63 305 66 43 239
internal_count=489 43 446 57 389 368 63 305 66 43 239
is_linear=0
shrinkage=0.01


Tree=687
num_leaves=10
num_cat=0
split_feature=44 88 38 9 25 16 21 16 86
split_gain=0.718994 0.412972 0.269738 0.196002 0.178508 0.20384 0.505169 0.0962997 0.136139
threshold=8.499999821500003 29.196898225000002 0.35000000900000006 0.63290000000000013 4.1499999930000007 0.61853421400000008 1.8142857125000003 0.75160978600000006 132.10458540000002
decision_type=2 10 2 2 2 2 2 2 2
left_child=1 2 3 -1 7 -6 -7 8 -4
right_child=-2 -3 4 -5 5 6 -8 -9 -10
leaf_value=0.00025436585605283338 7.9396492373415026e-05 0.00049868634499961614 -5.1149165161118839e-05 -4.3266627437888736e-06 -0.0029488184634452108 -5.6954674492430933e-05 0.0019583940221897158 2.1089754969835801e-05 2.6380067876426944e-05
leaf_weight=20 34 20 261 21 28 32 20 23 20
leaf_count=20 34 20 261 21 28 32 20 23 20
internal_value=8.02416e-05 -2.35533e-05 -9.51152e-05 0.000657895 -0.000181913 0.000222772 0.00060606 -0.000295276 -0.000349539
internal_weight=479 445 425 41 384 80 52 304 281
internal_count=479 445 425 41 384 80 52 304 281
is_linear=0
shrinkage=0.01


Tree=688
num_leaves=10
num_cat=1
split_feature=89 88 67 36 46 83 2 46 14
split_gain=0.528113 0.644972 0.298508 0.241369 0.115736 0.287033 0.196002 0.099198 0.0327568
threshold=0 22.302357010000005 52.240001200000009 2.3500000235000003 11.600000005000002 21.627143040000004 0.28819364300000005 23.399999820000001 0.73856535750000007
decision_type=1 10 2 2 2 2 2 2 2
left_child=1 2 -1 4 5 6 -2 -6 -7
right_child=3 -3 -4 -5 7 8 -8 -9 -10
leaf_value=-0.00073635857129232844 0.0013175919799042757 0.00043507897925407825 0.00059654144898539185 2.5913459852199821e-05 -0.0008307245896259116 -7.3821692987894216e-06 -1.2268532835392558e-05 0.00011044402190617916 0.00026119343887935463
leaf_weight=42 20 34 27 21 192 64 21 32 20
leaf_count=42 20 34 27 21 192 64 21 32 20
internal_value=-9.4978e-06 0.000584358 5.01431e-05 -0.000191702 -0.000264437 -3.97468e-06 0.000657895 -0.000400356 -0.000353774
internal_weight=473 103 69 370 349 125 41 224 84
internal_count=473 103 69 370 349 125 41 224 84
cat_boundaries=0 1
cat_threshold=706740488
is_linear=0
shrinkage=0.01


Tree=689
num_leaves=11
num_cat=0
split_feature=30 40 19 87 8 28 50 3 3 5
split_gain=0.74418 0.583483 0.385215 0.409916 0.37449 0.304686 0.130442 0.0432149 0.0954834 0.0309933
threshold=4.5214286190000008 8.2000000180000026 2.3285714135000002 29.895495065000002 0.48546688100000007 2.2285714235000005 12.800000070000001 0.34914285700000008 0.3618960475000001 0.38842178600000005
decision_type=2 2 2 10 2 2 2 2 2 2
left_child=1 -1 3 -3 -2 9 7 -6 -9 -4
right_child=4 2 5 -5 6 -7 -8 8 -10 -11
leaf_value=0.00123447153607078 0.0010279027010035267 0.00028561801398631912 -0.00020346738204171603 -8.0024947596113208e-06 -0.00063822190885074045 0.0005028363810382514 7.6391329579719724e-05 0.00017260031803474851 -1.4066076669603358e-05 -0.0010771813500377444
leaf_weight=27 27 35 20 22 171 38 20 20 37 56
leaf_count=27 27 35 20 22 171 38 20 20 37 56
internal_value=0.000129801 0.000598591 0.000363795 0.00102941 -0.000201233 8.71068e-06 -0.000329582 -0.000402098 -0.000112457 -0.000338542
internal_weight=473 198 171 57 275 114 248 228 57 76
internal_count=473 198 171 57 275 114 248 228 57 76
is_linear=0
shrinkage=0.01


Tree=690
num_leaves=10
num_cat=1
split_feature=88 44 89 34 34 23 27 0 4
split_gain=0.4011 0.25011 0.167774 0.208187 0.387457 0.121365 0.184043 0.151068 0.11004
threshold=27.435329450000001 8.499999821500003 0 4.4000000100000003 4.5571428030000005 1.6428571215000003 3.5500000290000004 0.066068660000000015 0.39827175000000004
decision_type=10 2 1 2 2 2 2 2 2
left_child=1 2 3 8 -5 6 -4 -7 -1
right_child=-2 -3 5 4 -6 7 -8 -9 -10
leaf_value=-0.0039582419088057749 0.00019752050178848714 0.00014387423742339938 -0.00082187262554761693 0.0006527532241840929 -2.4399892351533375e-06 7.4511775342853037e-05 0.00038511634408828181 -2.8958619378219472e-05 0.00044322296429154376
leaf_weight=49 39 29 23 22 28 21 20 201 20
leaf_count=49 39 29 23 22 28 21 20 201 20
internal_value=4.41684e-06 -8.33737e-05 -0.000155925 0.000142527 0.000649606 -0.000291878 0.000148402 -0.000399462 -0.000179083
internal_weight=452 413 384 119 50 265 43 222 69
internal_count=452 413 384 119 50 265 43 222 69
cat_boundaries=0 1
cat_threshold=169869574
is_linear=0
shrinkage=0.01


Tree=691
num_leaves=10
num_cat=0
split_feature=58 17 58 39 8 81 54 23 2
split_gain=0.305172 0.483556 0.411642 0.300601 0.276476 0.338935 0.145436 0.0435835 0.0210574
threshold=0.52500009550000015 39.945000000000007 0.36999988550000001 17.150000155000004 0.55086585700000013 19.187143055000003 1.7350001335000003 1.6285714125000001 0.22902871400000005
decision_type=2 2 2 2 2 2 2 2 2
left_child=1 -1 -3 4 5 -2 -6 -8 -7
right_child=3 2 -4 -5 6 8 7 -9 -10
leaf_value=0.0021633610084907024 0.00044299819157119413 -7.8208668802254023e-05 0.0004065309651996195 0.00042118961296178564 0.00026919064681100172 -0.0027416828534802583 -0.0001590230749391726 -1.9622221832956179e-05 -0.0028606886577694744
leaf_weight=26 39 46 22 39 20 29 20 209 20
leaf_count=26 39 46 22 39 20 29 20 209 20
internal_value=2.76125e-05 0.000537975 5.81394e-05 -9.55415e-05 -0.000196862 0.00027027 -0.000370296 -0.00044604 -0.000251004
internal_weight=470 94 68 376 337 88 249 229 49
internal_count=470 94 68 376 337 88 249 229 49
is_linear=0
shrinkage=0.01


Tree=692
num_leaves=10
num_cat=1
split_feature=89 31 8 25 61 5 7 87 2
split_gain=0.382231 0.333353 0.263971 0.360656 0.416691 0.221034 0.17229 0.0427332 0.0240534
threshold=0 4.4714285475000013 0.65382257150000012 3.8285714390000005 22.189998625000005 0.44119611900000005 0.44568550000000007 32.20331757000001 0.34313876200000004
decision_type=1 2 2 2 2 2 2 10 2
left_child=1 7 3 -2 -5 6 -6 -1 -4
right_child=2 -3 8 4 5 -7 -8 -9 -10
leaf_value=-0.00054621223521648824 0.00022199563931271421 0.00010004396981500939 -1.6926259258558331e-05 0.0011965073629442832 0.0002949544230837732 0.0010083876564451889 -0.0013841658616261983 6.2843347959223865e-07 -1.7940722264785382e-05
leaf_weight=182 21 34 35 23 26 27 82 20 20
leaf_count=182 21 34 35 23 26 27 82 20 20
internal_value=6.37201e-06 -0.000267423 0.000290033 0.000492213 0.000308564 7.73195e-05 -0.000110294 -0.000438856 -0.000277778
internal_weight=470 236 234 179 158 135 108 202 55
internal_count=470 236 234 179 158 135 108 202 55
cat_boundaries=0 1
cat_threshold=536941207
is_linear=0
shrinkage=0.01


Tree=693
num_leaves=7
num_cat=0
split_feature=9 88 15 6 6 9
split_gain=0.456182 0.60933 0.347396 0.531065 0.474996 0.196288
threshold=0.66806697500000012 27.750884020000004 0.60295828550000008 0.36636028550000005 0.48931390450000006 0.60927655000000014
decision_type=2 10 2 2 2 2
left_child=1 2 -1 -4 5 -5
right_child=-2 -3 3 4 -6 -7
leaf_value=-0.0057570561985267653 -1.7441246748100516e-05 0.00014094788745728547 0.0034770889329822328 4.0172830388174761e-05 0.00039225368255754728 -0.00068660121370469143
leaf_weight=78 123 26 20 112 33 72
leaf_count=78 123 26 20 112 33 72
internal_value=3.44233e-05 0.000226741 9.658e-05 0.000292262 0.000135445 -5.41127e-05
internal_weight=464 341 315 237 217 184
internal_count=464 341 315 237 217 184
is_linear=0
shrinkage=0.01


Tree=694
num_leaves=9
num_cat=0
split_feature=88 25 50 86 16 0 0 10
split_gain=0.490936 0.482929 0.456731 0.103753 0.160191 0.0703797 0.281402 0.0615385
threshold=27.750884020000004 3.8714285750000004 1.0000000075000002 73.069060915000009 0.6125375715000001 0.24605875000000002 0.27330042700000007 0.63950042850000011
decision_type=10 2 2 2 2 2 2 2
left_child=1 2 -1 4 -3 -5 -7 -4
right_child=-2 3 7 5 -6 6 -8 -9
leaf_value=7.7421994111666239e-05 0.00019267407252812098 -0.0055683925341449229 0.0001889946904119597 -6.7396851130642653e-05 0.0013477407235811295 0.00030512192073638101 -0.00043264245479932392 -2.7122718867431469e-05
leaf_weight=20 39 27 20 233 23 20 63 20
leaf_count=20 39 27 20 233 23 20 63 20
internal_value=-8.69473e-05 -0.000189785 0.000625 -0.00032988 5.9055e-05 -0.000397727 -0.000113365 0
internal_weight=465 426 60 366 50 316 83 40
internal_count=465 426 60 366 50 316 83 40
is_linear=0
shrinkage=0.01


Tree=695
num_leaves=7
num_cat=1
split_feature=89 25 4 64 4 3
split_gain=0.36189 0.318423 0.222827 0.181601 0.190062 0.360075
threshold=0 3.8285714390000005 0.26502028550000006 67.479998590000022 0.32941557150000006 0.3135258575
decision_type=1 2 2 2 2 2
left_child=-1 -2 -3 4 -4 -6
right_child=1 2 3 -5 5 -7
leaf_value=-1.8171614852427469e-05 0.00019067946202312806 0.00040544010155687231 -0.00056736389242519958 0.0032379512835401161 0.0012782803730036468 -6.0496517778661257e-06
leaf_weight=108 36 25 81 30 20 177
leaf_count=108 36 25 81 30 20 177
internal_value=4.08119e-05 0.000193523 9.43678e-05 1.29532e-05 -6.09757e-05 9.85843e-05
internal_weight=477 369 333 308 278 197
internal_count=477 369 333 308 278 197
cat_boundaries=0 1
cat_threshold=570426021
is_linear=0
shrinkage=0.01


Tree=696
num_leaves=10
num_cat=1
split_feature=89 77 15 34 86 51 16 46 4
split_gain=0.264559 0.407569 0.456489 0.306665 0.261627 0.22603 0.118225 0.289772 0.0402441
threshold=0 13.954285755000003 0.66843533350000006 4.7571428675000007 73.069060915000009 3.7000000070000003 0.69752910700000015 11.600000005000002 0.42261600000000005
decision_type=1 2 2 2 2 2 2 2 2
left_child=-1 3 -3 4 5 -2 8 -8 -6
right_child=1 2 -4 -5 6 -7 7 -9 -10
leaf_value=-8.7458824937612959e-05 0.0021244508631121663 0.00020039051642714369 -1.0625775754949262e-05 0.00021546210605554665 -0.0018613157451321703 -0.00021620121005749368 6.4554073409951287e-05 -0.0011163060670019754 -5.4256303993839362e-05
leaf_weight=106 20 23 22 24 130 24 41 52 20
leaf_count=106 20 23 22 24 130 24 41 52 20
internal_value=-1.9447e-05 0.000109051 0.00099345 -1.12253e-05 -0.000109451 0.000580357 -0.000244053 1.59914e-05 -0.000417772
internal_weight=462 356 45 311 287 44 243 93 150
internal_count=462 356 45 311 287 44 243 93 150
cat_boundaries=0 1
cat_threshold=33625729
is_linear=0
shrinkage=0.01


Tree=697
num_leaves=10
num_cat=1
split_feature=89 19 47 6 43 58 80 0 29
split_gain=0.525097 0.564167 1.05845 0.393121 0.351977 0.244944 0.298589 0.170075 0.119305
threshold=0 2.3000000115000003 0.60000001250000012 0.39186509500000005 0.60000001650000001 0.55500030550000012 8.9371428150000014 0.12095741650000001 3.0285714180000007
decision_type=1 2 2 2 2 2 2 2 2
left_child=-1 2 3 -2 -4 6 -3 -5 -7
right_child=1 5 4 7 -6 8 -8 -9 -10
leaf_value=-0.00024634821999535626 0.00034277587062786225 -6.3242648252714585e-05 0.00013715979602188792 -0.0016160688215289582 0.00052076226525964891 -2.5642863499190157e-05 0.00076210347981946116 0.00029235215165768864 0.0011469052131675547
leaf_weight=107 36 22 30 58 22 97 38 29 23
leaf_count=107 36 22 30 58 22 97 38 29 23
internal_value=0.000144771 0.000329415 0.000742321 0.000214055 0.00193182 -4.42479e-05 0.000460526 -0.00013098 -0.00031457
internal_weight=462 355 175 123 52 180 60 87 120
internal_count=462 355 175 123 52 180 60 87 120
cat_boundaries=0 1
cat_threshold=33621665
is_linear=0
shrinkage=0.01


Tree=698
num_leaves=10
num_cat=0
split_feature=17 58 88 25 17 77 1 49 8
split_gain=0.464247 0.709945 0.507019 0.250384 0.36316 0.231171 0.180261 0.15744 0.0431374
threshold=39.240000000000002 0.36999988550000001 23.773911500000001 3.9428571970000008 65.865000000000009 12.243571620000003 0.23494250000000003 0.35000000900000006 0.53382007100000017
decision_type=2 2 10 2 2 2 2 2 2
left_child=1 -1 7 4 -2 -5 -4 -3 -7
right_child=3 2 6 5 -6 8 -8 -9 -10
leaf_value=0.0027341530480263399 -0.00010442648202352719 -0.0058453196539472729 0.0014569240949719104 0.00010813635173315022 0.00032212777398074079 1.3273449181330776e-06 9.1174955811337418e-06 1.4742005440549206e-05 -1.9579113702874715e-05
leaf_weight=21 30 65 20 28 38 20 21 32 194
leaf_count=21 30 65 20 28 38 20 21 32 194
internal_value=5.00212e-05 0.000491239 0.000208934 -0.000170528 0.000348837 -0.000325371 0.00113636 -0.000168712 -0.000442272
internal_weight=469 159 138 310 68 242 41 97 214
internal_count=469 159 138 310 68 242 41 97 214
is_linear=0
shrinkage=0.01


Tree=699
num_leaves=7
num_cat=0
split_feature=40 20 11 4 57 39
split_gain=0.828813 0.355376 0.304373 0.310311 0.259925 0.0889046
threshold=15.949999745000001 1.9571428385000003 0.5549890715000001 0.27036992850000002 0.64499998050000007 17.150000155000004
decision_type=2 2 2 2 2 2
left_child=1 2 -1 -4 -5 -6
right_child=-2 -3 3 4 5 -7
leaf_value=0.0014229155841121125 0.0005224575197211184 0.00013702932272122311 0.00018821704218646812 8.221173442546443e-05 -2.4534498983336105e-05 0.00020261451683004157
leaf_weight=39 24 32 30 23 288 30
leaf_count=39 24 32 30 23 288 30
internal_value=7.49785e-05 -2.03253e-05 -0.000104674 -0.000197687 -0.00028818 -0.000367001
internal_weight=466 442 410 371 341 318
internal_count=466 442 410 371 341 318
is_linear=0
shrinkage=0.01


Tree=700
num_leaves=11
num_cat=1
split_feature=26 13 86 89 25 84 46 15 88 1
split_gain=0.470721 0.338221 0.342526 0.232047 0.219779 0.327775 0.176934 0.165723 0.119439 0.0421141
threshold=4.1071428060000015 0.68250516250000015 95.953702695000018 0 4.1571429120000003 17.004285610000004 10.899999900000003 0.69350721400000015 26.403695545000005 0.14795371450000003
decision_type=2 2 2 1 2 2 2 2 10 2
left_child=3 2 -2 4 5 8 7 -5 -1 -8
right_child=1 -3 -4 6 -6 -7 9 -9 -10 -11
leaf_value=-7.8401351928250915e-05 0.00036977672191434215 -0.00060414020222523913 0.00042879914186241212 -0.00083274012630654291 0.00019794740032300491 0.00063191973060450169 -0.0068868765727897498 5.6418752994665455e-05 0.00026693174315754661 -2.885121940525848e-05
leaf_weight=63 21 25 20 23 23 23 20 32 39 166
leaf_count=63 21 25 20 23 23 23 20 32 39 166
internal_value=4.49757e-05 0.000823353 0.0013756 -8.33762e-05 0.000214106 4.37201e-05 -0.000272041 0.000188172 -0.000184825 -0.000433619
internal_weight=455 66 41 389 148 125 241 55 102 186
internal_count=455 66 41 389 148 125 241 55 102 186
cat_boundaries=0 1
cat_threshold=146016272
is_linear=0
shrinkage=0.01


Tree=701
num_leaves=9
num_cat=0
split_feature=68 11 40 24 0 17 88 44
split_gain=0.438223 0.581783 0.545223 0.451973 0.25949 0.120361 0.106762 0.0446885
threshold=56.13500023000001 0.58886554750000009 16.000000250000003 2.4428571715000005 0.065224698000000011 32.400000000000006 27.836040485000002 8.0999998525000017
decision_type=2 2 2 2 2 2 10 2
left_child=2 -2 4 5 -1 -3 7 -6
right_child=1 3 -4 -5 6 -7 -8 -9
leaf_value=0.0003166330309384762 0.00026661239853741667 0.00014896825862426244 0.00055635476166485413 0.0002013313921381257 -2.9880888360168568e-05 -2.0395957762989574e-05 9.1034199093451492e-05 8.2584858130268227e-05
leaf_weight=24 24 20 20 27 257 61 28 20
leaf_count=24 24 20 20 27 257 61 28 20
internal_value=-1.76423e-05 0.000466867 -0.000207261 0.000128676 -0.000310795 -0.000226161 -0.000394049 -0.000455364
internal_weight=481 132 349 108 329 81 305 277
internal_count=481 132 349 108 329 81 305 277
is_linear=0
shrinkage=0.01


Tree=702
num_leaves=10
num_cat=0
split_feature=7 46 79 39 74 53 28 39 72
split_gain=0.394809 0.343319 0.578788 0.288029 0.221626 0.226397 0.116372 0.101571 0.128219
threshold=0.40947400000000006 11.500000015000003 8.4707142625000014 0.55000000800000015 6.8728571280000006 0.059999943000000007 2.5785714130000006 17.500000240000002 5.2350000550000013
decision_type=2 2 2 2 2 2 2 2 2
left_child=-1 2 -2 -3 6 -6 -4 8 -5
right_child=1 3 4 7 5 -7 -8 -9 -10
leaf_value=0.0021527908264636002 0.00031177676583473281 0.00021470872202088238 -2.2466034085474343e-05 7.591435907489439e-05 -1.4898426000166026e-05 0.00031898012948256775 0.0012251584962938145 0.00050611665404138228 -4.1090898962734034e-05
leaf_weight=28 26 20 65 25 26 28 21 25 210
leaf_count=28 26 20 65 25 26 28 21 25 210
internal_value=4.4229e-05 -2.46196e-05 0.000329736 -0.000242165 5.68181e-05 0.000565693 -0.000241936 -0.000337423 -0.000405004
internal_weight=474 446 166 280 140 54 86 260 235
internal_count=474 446 166 280 140 54 86 260 235
is_linear=0
shrinkage=0.01


Tree=703
num_leaves=11
num_cat=1
split_feature=28 89 11 0 5 22 5 5 58 70
split_gain=0.430696 0.350751 0.404139 0.331092 0.303065 0.125432 0.107269 0.344926 0.0935582 0.0934312
threshold=2.0428571615000002 0 0.5549890715000001 0.21980954200000002 0.42347158550000003 1.6357142880000002 0.38760992900000008 0.43889654750000001 1.9850001335 7.1528571670000014
decision_type=2 1 2 2 2 2 2 2 2 2
left_child=4 2 -2 9 -1 6 -3 -8 -7 -4
right_child=1 5 3 -5 -6 8 7 -9 -10 -11
leaf_value=0.00013321167184928974 0.0027614972797875121 -0.00036990763265924752 0.00031138980483757779 0.0011433513772765151 0.000184182142186825 -2.3308753694479529e-05 0.001606479309757543 -0.0012812743153924884 0.00022274452057846234 -0.0038888089214202831
leaf_weight=28 23 25 24 23 20 193 20 22 34 56
leaf_count=28 23 25 24 23 20 193 20 22 34 56
internal_value=8.5323e-06 -9.03043e-05 0.000328947 6.26203e-05 0.000901639 -0.000278872 6.63716e-05 0.000397196 -0.000401668 -0.000222772
internal_weight=468 420 126 103 48 294 67 42 227 80
internal_count=468 420 126 103 48 294 67 42 227 80
cat_boundaries=0 1
cat_threshold=540051714
is_linear=0
shrinkage=0.01


Tree=704
num_leaves=11
num_cat=1
split_feature=89 76 40 0 58 13 39 53 22 7
split_gain=0.479462 0.382625 0.31264 0.240269 0.178681 0.39276 0.124316 0.0988439 0.0588338 0.0838677
threshold=0 15.022857120000003 15.949999745000001 0.065224698000000011 0.3850002285000001 0.68568892500000012 17.449999975000004 0.095000267000000013 1.6142857205000001 0.55477014300000016
decision_type=1 2 2 2 2 2 2 2 2 2
left_child=1 -1 7 -2 5 -5 8 -3 9 -6
right_child=3 2 -4 4 6 -7 -8 -9 -10 -11
leaf_value=0.0027114118037433015 3.9464881752168988e-05 0.00015290305992288739 0.00050355433816550875 0.00026430859723377133 -0.00089722063554150506 -0.00055416596963886987 0.00060242734023653317 -0.00011847860417072587 -2.2163355950474764e-05 0.00031781235362563886
leaf_weight=20 21 34 20 20 30 29 22 34 225 20
leaf_count=20 21 34 20 20 30 29 22 34 225 20
internal_value=-1.15596e-05 0.00053872 0.00027027 -0.000189254 -0.000262399 0.000271084 -0.000357623 -2.90699e-05 -0.000418782 -5.90552e-05
internal_weight=475 108 88 367 346 49 297 68 275 50
internal_count=475 108 88 367 346 49 297 68 275 50
cat_boundaries=0 1
cat_threshold=540050696
is_linear=0
shrinkage=0.01


Tree=705
num_leaves=11
num_cat=1
split_feature=89 14 11 11 12 33 86 29 49 59
split_gain=0.453748 0.364855 0.401385 0.418741 0.171038 0.17712 0.0862838 0.177981 0.109175 0.038415
threshold=0 0.72145840500000014 0.64616885700000004 0.58886554750000009 0.74559385700000014 4.2714286360000004 77.303394425000008 3.0285714180000007 2.8000000010000003 34.71999979000001
decision_type=1 2 2 2 2 2 2 2 2 2
left_child=1 2 3 -1 5 6 7 -2 9 -8
right_child=4 -3 -4 -5 -6 -7 8 -9 -10 -11
leaf_value=0.00036925926188291285 0.00033787722521653817 -1.8381671575843529e-05 0.00054909650980151828 -0.00037104688774757536 0.00027483171386013443 0.0001951848585802131 -0.0014822134301864431 -5.3844499659583539e-05 -0.00053466393778848261 -3.2502359539350869e-05
leaf_weight=26 22 23 27 27 39 27 22 29 26 201
leaf_count=26 22 23 27 27 39 27 22 29 26 201
internal_value=2.87355e-05 0.000584358 0.000965346 0.000399628 -0.00013535 -0.000218121 -0.000292553 4.82624e-05 -0.000370296 -0.000444594
internal_weight=469 103 80 53 366 327 300 51 249 223
internal_count=469 103 80 53 366 327 300 51 249 223
cat_boundaries=0 1
cat_threshold=673188104
is_linear=0
shrinkage=0.01


Tree=706
num_leaves=10
num_cat=1
split_feature=89 15 9 68 31 59 78 80 16
split_gain=0.453177 0.405362 0.530057 0.316283 0.229498 0.289745 0.296994 0.0698832 0.278369
threshold=0 0.70211948550000014 0.607449075 52.655000210000004 4.4142857280000003 35.159999845000009 14.737142970000003 12.941428525000001 0.61121650000000016
decision_type=1 2 2 2 2 2 2 2 2
left_child=1 2 3 -1 5 6 -2 -7 -9
right_child=4 -3 -4 -5 -6 7 -8 8 -10
leaf_value=-0.00048305213833654023 -0.0013777207169782572 -0.0001995265786834669 0.00058429770915526295 0.00023642333983627529 0.00052187225466890027 -1.6383150199725662e-05 0.00025793459384215137 -0.004378117472738109 0.00058744094711091655
leaf_weight=36 33 27 25 20 35 204 20 61 20
leaf_count=36 33 27 25 20 35 204 20 61 20
internal_value=0 0.00053872 0.000947433 0.000352113 -0.000168056 -0.000256789 0.000399628 -0.000386634 -0.000103912
internal_weight=481 108 81 56 373 338 53 285 81
internal_count=481 108 81 56 373 338 53 285 81
cat_boundaries=0 1
cat_threshold=674236800
is_linear=0
shrinkage=0.01


Tree=707
num_leaves=7
num_cat=0
split_feature=7 88 85 60 60 33
split_gain=0.452962 0.221433 0.125159 0.112826 0.438881 0.13808
threshold=0.40947400000000006 27.836040485000002 15.520714215000002 28.640000345000004 29.169999600000004 3.8857142755000003
decision_type=2 10 2 2 2 2
left_child=-1 2 -2 -4 -5 -6
right_child=1 -3 3 4 5 -7
leaf_value=0.0019561394705747822 0.00017055613304996285 0.00025498341650638306 -1.8799035386873452e-05 0.0011558944348477047 1.4206044048421073e-05 -0.00022342527958804564
leaf_weight=29 33 34 153 22 68 121
leaf_count=29 33 34 153 22 68 121
internal_value=-6.0764e-05 -0.000147059 -0.000217446 -0.000274123 -0.000110954 -0.000276607
internal_weight=460 431 397 364 211 189
internal_count=460 431 397 364 211 189
is_linear=0
shrinkage=0.01


Tree=708
num_leaves=9
num_cat=1
split_feature=55 89 47 45 22 88 11 11
split_gain=0.493582 0.44262 0.743424 0.344157 0.278205 0.142637 0.122168 0.0429073
threshold=0.30499982850000001 0 26.250000360000005 5.1999999955000016 1.8142857170000004 27.039807480000004 0.57076278550000015 0.72879371400000015
decision_type=2 1 2 2 2 10 2 2
left_child=1 2 3 -1 5 -5 -3 -8
right_child=-2 6 -4 4 -6 -7 7 -9
leaf_value=0.0014234106424503763 0.0001486618465972815 -0.0001169544073274936 0.00040692669667000852 -0.00038007723505334228 0.00084056813455513134 1.8888960896576157e-05 -1.1683076822688276e-05 5.2409871731422256e-05
leaf_weight=31 25 23 23 109 31 20 187 20
leaf_count=31 25 23 23 109 31 20 187 20
internal_value=2.87355e-05 -4.49641e-05 0.000271352 6.51719e-05 -0.00011194 -0.000327427 -0.000344684 -0.000440327
internal_weight=469 444 214 191 160 129 230 207
internal_count=469 444 214 191 160 129 230 207
cat_boundaries=0 1
cat_threshold=2394514
is_linear=0
shrinkage=0.01


Tree=709
num_leaves=10
num_cat=1
split_feature=40 28 47 17 89 17 10 0 7
split_gain=0.581736 0.239208 0.223353 0.218472 0.186388 0.2981 0.57942 0.14703 0.0439007
threshold=15.949999745000001 2.0571428540000003 60.650000690000006 64.640000000000015 0 74.90000000000002 0.62325485700000016 0.065224698000000011 0.41948735750000005
decision_type=2 2 2 2 1 2 2 2 2
left_child=1 3 4 -1 5 6 -3 -6 -9
right_child=-2 2 -4 -5 7 -7 -8 8 -10
leaf_value=1.6444880359713183e-05 0.00045265707314616683 -0.0010319467250585906 0.00024824756689962631 0.00035947087782403842 0.00037261200873902294 -1.271019370810748e-05 0.00097180480475945053 0.00049836946992948825 -2.8752049832999816e-05
leaf_weight=36 23 28 21 20 20 47 34 20 221
leaf_count=36 23 28 21 20 20 47 34 20 221
internal_value=6.37201e-06 -7.0344e-05 -0.000162073 0.000528169 -0.00022384 0.000112688 0.000589172 -0.000362399 -0.000448718
internal_weight=470 447 391 56 370 109 62 261 241
internal_count=470 447 391 56 370 109 62 261 241
cat_boundaries=0 1
cat_threshold=135268368
is_linear=0
shrinkage=0.01


Tree=710
num_leaves=9
num_cat=1
split_feature=89 25 86 38 55 4 14 0
split_gain=0.527365 0.674773 0.332597 0.233805 0.16523 0.0983655 0.0437196 0.033337
threshold=0 3.9571428810000007 132.04113905000003 8.0500001680000022 0.074999809500000014 0.25649454750000006 0.76021457150000005 0.22999441650000002
decision_type=1 2 2 2 2 2 2 2
left_child=1 -1 3 7 5 -2 -7 -3
right_child=4 2 -4 -5 -6 6 -8 -9
leaf_value=0.00044437544551493771 -0.00093779148536662666 -0.00099541262318554569 0.00012951405489650434 0.00068004144555456421 8.9789173725294218e-05 -4.3559616972332714e-05 0.00011586262915030455 4.6404947655687285e-05
leaf_weight=29 29 67 21 34 33 214 20 20
leaf_count=29 29 67 21 34 33 214 20 20
internal_value=-2.45833e-05 0.00039879 0.000119048 -6.97867e-05 -0.000280313 -0.00037718 -0.000447189 -0.00035877
internal_weight=467 171 142 121 296 263 234 87
internal_count=467 171 142 121 296 263 234 87
cat_boundaries=0 1
cat_threshold=136579352
is_linear=0
shrinkage=0.01


Tree=711
num_leaves=10
num_cat=1
split_feature=88 89 10 16 6 15 4 30 3
split_gain=0.468192 0.532034 0.43327 0.666975 0.39034 0.135781 0.369115 0.0429073 0.0343882
threshold=27.836040485000002 0 0.5587817140000001 0.6125375715000001 0.55327271450000015 0.69558964300000015 0.33673492850000003 2.2928571445000006 0.34914285700000008
decision_type=10 1 2 2 2 2 2 2 2
left_child=1 7 3 -3 5 8 -7 -1 -4
right_child=-2 2 4 -5 -6 6 -8 -9 -10
leaf_value=-2.871652229535809e-05 0.00043617663416002525 -0.00099388602096155045 -0.001807440444097708 0.0026684429356745708 0.00018448773535651385 0.0004695144460730834 -7.4820142044562576e-06 -6.4330433349407847e-05 8.3829698078560787e-06
leaf_weight=20 35 24 73 24 20 20 66 187 20
leaf_count=20 35 24 73 24 20 20 66 187 20
internal_value=2.75622e-05 -5.49693e-05 0.000250194 0.00110656 4.25424e-05 -9.73305e-05 0.000172811 -0.00042011 -0.000367804
internal_weight=489 454 247 48 199 179 86 207 93
internal_count=489 454 247 48 199 179 86 207 93
cat_boundaries=0 1
cat_threshold=35718837
is_linear=0
shrinkage=0.01


Tree=712
num_leaves=9
num_cat=1
split_feature=89 0 13 80 40 9 16 0
split_gain=0.322306 0.613393 0.39662 0.240853 0.200393 0.381686 0.432852 0.0338796
threshold=0 0.14764960450000003 0.68914996500000014 12.550000055000002 10.299999930000002 0.61539137500000007 0.64883750000000007 0.30146440250000006
decision_type=1 2 2 2 2 2 2 2
left_child=1 3 -3 -1 -2 6 -6 -7
right_child=4 2 -4 -5 5 7 -8 -9
leaf_value=0.00011220974855078843 -0.00016886371165644083 0.0012264868334028486 1.1085157937211674e-05 -0.00029145477632271999 -0.00033103832039767977 -1.348352880741805e-05 0.00044959110218306523 -0.00017301629210414755
leaf_weight=23 191 20 23 66 26 70 20 20
leaf_count=23 191 20 23 66 26 70 20 20
internal_value=-0.000103306 0.000294118 0.00128995 -0.000139198 -0.00027087 0 0.000747863 -0.000363436
internal_weight=459 132 43 89 327 136 46 90
internal_count=459 132 43 89 327 136 46 90
cat_boundaries=0 1
cat_threshold=137363728
is_linear=0
shrinkage=0.01


Tree=713
num_leaves=11
num_cat=0
split_feature=40 58 17 17 50 17 48 4 0 1
split_gain=0.558467 0.230325 0.389448 0.270096 0.184296 0.195233 0.358268 0.0421141 0.02997 0.0158575
threshold=15.949999745000001 0.52500009550000015 39.240000000000002 104.84500000000001 5.0500000455000009 62.545000000000009 7.7500000040000012 0.45933814300000003 0.12807888550000004 0.21354107150000004
decision_type=2 2 2 2 2 2 2 2 2 2
left_child=1 2 -1 -4 7 6 -6 -3 -7 -8
right_child=-2 4 3 -5 5 8 9 -9 -10 -11
leaf_value=0.0010770158863431221 0.00043057497950801894 -0.00018713837610565123 -0.00019904317038405673 0.00018434707385528199 0.00063760588274078321 -1.0945032182775788e-05 -0.00058225479836654826 -1.9909888322429333e-05 -2.6525776510657831e-05 -0.0010729935165667336
leaf_weight=34 24 166 56 20 35 52 20 20 20 21
leaf_count=34 24 166 56 20 35 52 20 20 20 21
internal_value=-4.26633e-06 -8.99282e-05 0.000297834 -7.81251e-05 -0.000224014 2.68816e-05 0.000390625 -0.000433619 -0.00032967 -0.000203349
internal_weight=468 444 110 76 334 148 76 186 72 41
internal_count=468 444 110 76 334 148 76 186 72 41
is_linear=0
shrinkage=0.01


Tree=714
num_leaves=11
num_cat=0
split_feature=40 26 10 25 9 79 6 44 70 0
split_gain=0.598411 0.332984 0.18131 0.145154 0.132283 0.157259 0.1095 0.0827981 0.0615385 0.0210574
threshold=15.949999745000001 4.0785714385000009 0.66516960500000011 4.0642856870000008 0.68670845000000014 8.5507142545000026 0.44236657150000008 6.6000000495000011 7.771428449000001 0.14764960450000003
decision_type=2 2 2 2 2 2 2 2 2 2
left_child=1 4 3 6 7 -6 -3 -1 -9 -7
right_child=-2 2 -4 -5 5 9 -8 8 -10 -11
leaf_value=-0.00014082545389778385 0.00042613610154374946 -7.6323974017794501e-06 -7.5596233288487472e-05 -2.7149734984070828e-05 1.6743947482588124e-06 -3.1001597950292135e-05 0.00029625431865185222 -1.5231609684107879e-05 8.9800211500647156e-05 -0.00074965966744762772
leaf_weight=247 25 23 22 23 22 29 25 20 20 20
leaf_count=247 25 23 22 23 22 29 25 20 20 20
internal_value=-9.64766e-05 -0.000184816 0.000335821 0.000591922 -0.000326087 3.48188e-05 0.000901639 -0.000422168 0 -0.000251004
internal_weight=476 451 93 71 358 71 48 287 40 49
internal_count=476 451 93 71 358 71 48 287 40 49
is_linear=0
shrinkage=0.01


Tree=715
num_leaves=9
num_cat=0
split_feature=7 66 61 64 5 48 22 3
split_gain=0.489925 0.304019 0.255566 0.285801 0.253307 0.187685 0.144645 0.118443
threshold=0.40947400000000006 83.454999925000024 33.844999315000003 64.025000570000017 0.43466569050000009 20.800000160000003 1.8642857030000002 0.32407892850000003
decision_type=2 2 2 2 2 2 2 2
left_child=-1 2 3 5 -5 7 -3 -2
right_child=1 6 -4 4 -6 -7 -8 -9
leaf_value=0.0023998216494428284 7.7743476147473803e-05 -0.00037243550234774528 0.0002021935954719884 -1.1137795872120818e-06 0.00010067803954339268 4.3320812566742393e-05 0.00032466805805113081 -1.8380292482314908e-05
leaf_weight=25 70 151 22 33 24 23 21 95
leaf_count=25 70 151 22 33 24 23 21 95
internal_value=3.44233e-05 -3.97909e-05 0.000166169 6.30593e-05 0.000683391 -0.000116526 -0.00037037 -0.00024427
internal_weight=464 439 267 245 57 188 172 165
internal_count=464 439 267 245 57 188 172 165
is_linear=0
shrinkage=0.01


Tree=716
num_leaves=10
num_cat=1
split_feature=89 25 45 4 76 68 76 3 4
split_gain=0.546845 0.569683 0.351063 0.363079 0.195055 0.123043 0.0476729 0.0799496 0.0430406
threshold=0 3.9428571460000006 5.1499999055000005 0.36822471450000005 14.887857095000003 39.210000035000007 15.025714330000001 0.34565277100000008 0.25293230950000006
decision_type=1 2 2 2 2 2 2 2 2
left_child=1 -1 -3 -4 -2 -6 7 -7 -8
right_child=4 2 3 -5 5 6 8 -9 -10
leaf_value=0.00034491457222637759 0.002088520786740264 0.0014609101128571608 -0.00090261571784204281 2.4712241948343477e-05 0.00045908320243570264 -0.00010353965170514707 -0.00074166125438292988 5.2507733248963131e-05 -0.00020327525113774094
leaf_weight=23 26 27 67 38 20 28 20 20 191
leaf_count=23 26 27 67 38 20 28 20 20 191
internal_value=1.7361e-05 0.000485525 0.000240964 -4.72602e-06 -0.000223243 -0.000312723 -0.000375289 -4.09837e-05 -0.000441454
internal_weight=460 155 132 105 305 279 259 48 211
internal_count=460 155 132 105 305 279 259 48 211
cat_boundaries=0 1
cat_threshold=6555928
is_linear=0
shrinkage=0.01


Tree=717
num_leaves=10
num_cat=1
split_feature=11 15 12 28 3 89 1 2 40
split_gain=0.269429 0.484547 0.294136 0.209931 0.196002 0.165408 0.222225 0.118855 0.0436928
threshold=0.57076278550000015 0.60295828550000008 0.74631739300000011 2.0142857265000003 0.35469935700000005 0 0.25923407100000007 0.22946864250000001 12.349999840000002
decision_type=2 2 2 2 2 1 2 2 2
left_child=1 -1 3 -2 -4 6 7 -5 -7
right_child=2 -3 4 5 -6 8 -8 -9 -10
leaf_value=-0.0041202194593298325 0.00016483868750447926 0.0014782701576322342 -0.00041183899430362255 2.6299970590535349e-05 0.00024210306510589002 -4.6522644164133153e-05 0.00095487344205599399 -0.0016929157866179094 -5.3075467557991238e-06
leaf_weight=26 24 37 21 20 20 213 29 59 20
leaf_count=26 24 37 21 20 20 213 29 59 20
internal_value=-2.66072e-05 0.0005721 -0.000125369 -0.000220066 0.000657895 -0.00028818 3.36699e-05 -0.000219298 -0.00042863
internal_weight=469 63 406 365 41 341 108 79 233
internal_count=469 63 406 365 41 341 108 79 233
cat_boundaries=0 1
cat_threshold=674234384
is_linear=0
shrinkage=0.01


Tree=718
num_leaves=10
num_cat=0
split_feature=75 34 50 3 3 7 73 61 4
split_gain=0.379751 0.274829 0.509394 0.136859 0.39276 0.0778529 0.0395643 0.0908624 0.0436659
threshold=6.6842856920000004 3.5714285710000007 7.6000000535000014 0.31532478600000008 0.28826950000000001 0.62304800000000016 8.4992856980000013 26.674999715000002 0.24938614300000003
decision_type=2 2 2 2 2 2 2 2 2
left_child=1 2 -1 4 -4 6 7 -3 -8
right_child=-2 5 3 -5 -6 -7 8 -9 -10
leaf_value=0.00037652359931633888 0.00029533577423564671 -2.5853885635275312e-05 -0.00039806836609631885 -3.6869533941537633e-05 0.0017512918268939592 3.6982267599638309e-05 -0.0067913659135976287 0.00014585577805629457 -2.4593615012534894e-05
leaf_weight=23 23 34 29 51 20 30 20 20 212
leaf_count=23 23 34 29 51 20 30 20 20 212
internal_value=-0.000105877 -0.000176217 0.000214055 -7.93652e-05 0.000271084 -0.000334596 -0.000387029 -9.1241e-05 -0.000446736
internal_weight=462 439 123 100 49 316 286 54 232
internal_count=462 439 123 100 49 316 286 54 232
is_linear=0
shrinkage=0.01


Tree=719
num_leaves=8
num_cat=0
split_feature=59 39 58 40 86 18 38
split_gain=0.276554 0.554846 0.233484 0.208829 0.113533 0.102217 0.0849317
threshold=35.074998855000011 2.7000000105000006 1.9850001335 4.0500000195000014 132.11383705000003 0.94999999650000011 8.2500001195000028
decision_type=2 2 2 2 2 2 2
left_child=1 -1 4 -4 6 -5 -2
right_child=2 -3 3 5 -6 -7 -8
leaf_value=-2.6174705227787291e-05 -3.6485530481386385e-05 0.00050500932571615311 0.0004419472178969373 -0.0037481404658908936 -5.4877332912169532e-08 0.0004739263298278701 1.2354669130449427e-05
leaf_weight=37 242 20 37 42 24 20 39
leaf_count=37 242 20 37 42 24 20 39
internal_value=-0.000126678 0.000510381 -0.000222332 0.000185371 -0.000361347 -0.000143312 -0.000420511
internal_weight=461 57 404 99 305 62 281
internal_count=461 57 404 99 305 62 281
is_linear=0
shrinkage=0.01


Tree=720
num_leaves=11
num_cat=0
split_feature=28 88 13 8 13 44 7 5 0 75
split_gain=0.350648 0.382011 0.340902 0.186086 0.3368 0.152336 0.326731 0.125102 0.0365531 0.0410569
threshold=2.0428571615000002 27.836040485000002 0.67967900000000014 0.48546688100000007 0.53447029150000003 4.5000000785000003 0.51009121400000013 0.49613442850000006 0.066068660000000015 6.6842856920000004
decision_type=2 10 2 2 2 2 2 2 2 2
left_child=2 3 -1 4 -2 8 -7 -8 -5 -10
right_child=1 -3 -4 5 -6 6 7 -9 9 -11
leaf_value=-8.1709901929952825e-06 -0.0038819934315527326 0.00043692917314366067 0.00033973680491955645 -0.0067395664909238942 0.003201346753337594 0.00035763468080526021 -2.8310604483566035e-05 6.2610506794872072e-05 -3.7790170607182437e-05 -2.628142779355815e-06
leaf_weight=22 21 34 21 20 20 24 68 20 207 21
leaf_count=22 21 34 21 20 20 24 68 20 207 21
internal_value=-1.462e-05 -0.000104406 0.000833333 -0.000195371 0.00041866 -0.000271619 1.77304e-05 -0.000247748 -0.000409968 -0.000445804
internal_weight=478 435 43 401 41 360 112 88 248 228
internal_count=478 435 43 401 41 360 112 88 248 228
is_linear=0
shrinkage=0.01


Tree=721
num_leaves=8
num_cat=0
split_feature=7 40 47 26 10 72 75
split_gain=0.433137 0.230524 0.258723 0.190934 0.185193 0.100144 0.0371438
threshold=0.40947400000000006 15.949999745000001 60.299998505000012 3.5928571735000001 0.64347714300000014 6.7521428210000005 6.567857129000001
decision_type=2 2 2 2 2 2 2
left_child=-1 2 3 4 -2 6 -5
right_child=1 -3 -4 5 -6 -7 -8
leaf_value=0.0016184269599959617 -5.3205737551779446e-05 1.7380851253472838e-05 0.00019744432624229621 -3.1700029889681616e-05 0.00027696822891362189 2.8995030347463335e-05 -2.6018613515662167e-06
leaf_weight=31 21 21 21 304 29 28 21
leaf_count=31 21 21 21 304 29 28 21
internal_value=-9.64766e-05 -0.000180574 -0.000235405 -0.000295939 0.000255905 -0.000380158 -0.000431246
internal_weight=476 445 424 403 50 353 325
internal_count=476 445 424 403 50 353 325
is_linear=0
shrinkage=0.01


Tree=722
num_leaves=11
num_cat=0
split_feature=34 77 50 0 29 17 10 76 61 6
split_gain=0.249847 0.283001 0.342599 0.196863 0.157794 0.156412 0.352466 0.13672 0.201762 0.0412781
threshold=4.1499999935000007 13.037142750000003 4.799999982000001 0.070212250000000018 3.0571428455000005 47.985000000000007 0.64347714300000014 15.022857120000003 32.250000000000007 0.38589721450000009
decision_type=2 2 2 2 2 2 2 2 2 2
left_child=1 3 4 -1 -3 6 -5 8 -2 -9
right_child=7 2 -4 5 -6 -7 -8 9 -10 -11
leaf_value=0.00014285387530164952 -0.0015599585540449783 0.00031111703455007208 0.00046483112477097894 -0.0026572775138078144 -0.00015026961917798627 -3.8001662110345511e-05 0.0014838379868710419 0.00050721669005396319 0.00025873069269561781 -0.00010165401263459297
leaf_weight=20 32 21 20 31 20 78 22 20 32 148
leaf_count=20 32 21 20 31 20 78 22 20 32 148
internal_value=-4.49641e-05 0.000197368 0.000768608 -2.30568e-05 0.000179426 -0.000178301 0.000213755 -0.000274914 9.25925e-05 -0.00042654
internal_weight=444 212 61 151 41 131 53 232 64 168
internal_count=444 212 61 151 41 131 53 232 64 168
is_linear=0
shrinkage=0.01


Tree=723
num_leaves=10
num_cat=0
split_feature=24 5 8 77 14 5 45 15 40
split_gain=0.532756 0.376453 0.231987 0.262614 0.124747 0.175454 0.0845974 0.177134 0.0444495
threshold=2.4428571715000005 0.38502264300000005 0.45275542900000004 12.127857075000001 0.75020021450000007 0.46032367850000006 18.650000305000002 0.61188938100000012 14.799999800000002
decision_type=2 2 2 2 2 2 2 2 2
left_child=2 -2 -1 -4 6 -6 8 -8 -5
right_child=1 -3 3 4 5 -7 7 -9 -10
leaf_value=0.00042157219961456299 -0.0038821486533431575 0.00035605751163554985 7.3598690174030173e-05 -4.730719638057198e-05 0.0027491273490883174 -4.5851637876264586e-06 -0.0086926690883516421 0.00026951703247574598 -8.0089928228590546e-07
leaf_weight=21 25 33 21 245 20 21 42 25 20
leaf_count=21 25 33 21 245 20 21 42 25 20
internal_value=-5.17097e-05 0.000833333 -0.000181578 -0.000240628 -0.000306314 0.000179426 -0.000372596 -2.2124e-05 -0.000453349
internal_weight=473 58 415 394 373 41 332 67 265
internal_count=473 58 415 394 373 41 332 67 265
is_linear=0
shrinkage=0.01


Tree=724
num_leaves=10
num_cat=0
split_feature=88 17 86 24 54 72 17 16 29
split_gain=0.352058 0.311153 0.24317 0.408247 0.168808 0.176902 0.0444873 0.0778705 0.0644262
threshold=27.435329450000001 63.145000000000003 77.303394425000008 2.2285714405000001 8.074999809000003 5.2371428715000006 19.550000000000001 0.63356514300000011 3.0285714520000004
decision_type=10 2 2 2 2 2 2 2 2
left_child=2 -2 3 -1 5 -4 7 -7 -8
right_child=1 -3 4 -5 -6 6 8 -9 -10
leaf_value=-0.0026105812699010627 0.00040007150986230423 -9.4522792314232859e-05 9.3257202381043949e-05 0.0014643409267903538 0.00012093309756702133 -0.00060138479016886128 -1.7279065768495723e-05 0.0011689230875604126 -0.0001251047275946768
leaf_weight=27 22 22 31 34 28 27 219 20 47
leaf_count=27 22 22 31 34 28 27 219 20 47
internal_value=-3.45334e-05 0.000803571 -0.000125634 0.000444984 -0.000225322 -0.000290023 -0.000364882 -3.13809e-05 -0.000416042
internal_weight=477 44 433 61 372 344 313 47 266
internal_count=477 44 433 61 372 344 313 47 266
is_linear=0
shrinkage=0.01


Tree=725
num_leaves=9
num_cat=0
split_feature=12 16 28 26 7 50 9 19
split_gain=0.349386 0.617394 0.285367 0.170402 0.157861 0.162175 0.156121 0.0424433
threshold=0.57757257100000003 0.58913064300000018 2.0142857265000003 3.5928571735000001 0.62304800000000016 4.1499999725000007 0.607449075 2.6214285750000004
decision_type=2 2 2 2 2 2 2 2
left_child=1 -1 -2 6 7 -6 -4 -5
right_child=2 -3 3 4 5 -7 -8 -9
leaf_value=-0.0034683557328055391 0.0001357545623256555 0.0024599167055085391 -6.6463960694434219e-05 -4.3441697793597677e-05 -0.0034684954114949573 0.00058137725713826392 0.00020815172978524748 -5.6536986859058771e-06
leaf_weight=24 32 25 21 270 21 21 32 21
leaf_count=24 32 25 21 270 21 21 32 21
internal_value=-0.00011009 0.000672691 -0.000207737 -0.00028697 -0.000372978 0.000163551 0.000213755 -0.000457505
internal_weight=467 49 418 386 333 42 53 291
internal_count=467 49 418 386 333 42 53 291
is_linear=0
shrinkage=0.01


Tree=726
num_leaves=9
num_cat=0
split_feature=7 76 60 87 31 1 76 7
split_gain=0.389252 0.350445 0.462592 0.437751 0.338271 0.260279 0.102369 0.0445717
threshold=0.40947400000000006 15.025714330000001 28.800001145000007 31.142163675000003 4.4142857280000003 0.18739064300000005 15.939285890000003 0.43975507150000004
decision_type=2 2 2 8 2 2 2 2
left_child=-1 2 -2 -4 6 -6 7 -3
right_child=1 4 3 -5 5 -7 -8 -9
leaf_value=0.0015842521811571914 -0.0015451598282265205 -0.00069814655999696164 0.00036557769961757531 -1.6898132906511263e-05 0.00042475519714092513 -0.00042050481103275477 1.670528567301985e-07 -4.1552448731587463e-05
leaf_weight=31 32 20 28 21 20 28 29 251
leaf_count=31 32 20 28 21 20 28 29 251
internal_value=-3.90626e-05 -0.00012215 0.000458435 0.0010743 -0.000263762 0.000491803 -0.000392287 -0.000454378
internal_weight=460 429 81 49 348 48 300 271
internal_count=460 429 81 49 348 48 300 271
is_linear=0
shrinkage=0.01


Tree=727
num_leaves=10
num_cat=1
split_feature=59 77 8 89 53 5 29 87 2
split_gain=0.38159 0.500928 0.328962 0.320131 0.418869 0.314836 0.0826868 0.0641708 0.0240534
threshold=35.180000305000007 13.530714275000003 0.48546688100000007 0 0.51000022900000019 0.42809138050000006 3.0714285880000003 27.748442220000005 0.28305796400000005
decision_type=2 2 2 1 2 2 2 8 2
left_child=1 -1 -2 4 7 -3 -5 8 -4
right_child=2 5 3 6 -6 -7 -8 -9 -10
leaf_value=-0.003548731403206364 0.00089165884799048982 0.00028930913521532805 -0.0046340701613096025 -2.4083961968603448e-05 0.0010092256236208152 0.0003254709043426373 -2.7307329152826632e-05 0.00036831587097926557 -2.9200617226109587e-05
leaf_weight=26 26 29 35 210 25 21 39 21 20
leaf_count=26 26 29 35 210 25 21 39 21 20
internal_value=4.41684e-06 0.000651042 -0.000122081 -0.000208096 0.000245975 0.00124016 -0.000394534 -7.81251e-05 -0.000277778
internal_weight=452 76 376 350 101 50 249 76 55
internal_count=452 76 376 350 101 50 249 76 55
cat_boundaries=0 1
cat_threshold=3146000
is_linear=0
shrinkage=0.01


Tree=728
num_leaves=7
num_cat=0
split_feature=88 47 33 31 15 5
split_gain=0.559951 0.352767 0.340309 0.262483 0.202701 0.0458383
threshold=27.836040485000002 57.350000305000009 3.5214285510000005 4.4142857280000003 0.71941769050000015 0.30031292850000008
decision_type=10 2 2 2 2 2
left_child=1 3 -2 5 -5 -1
right_child=2 -3 -4 4 -6 -7
leaf_value=-0.000606114692702272 -0.0008528000026855881 0.00010502184284937002 0.00064204132977477291 0.0010980886212469873 -0.0037615545450131183 -4.2834411189456301e-05
leaf_weight=20 20 31 20 27 20 334
leaf_count=20 20 31 20 27 20 334
internal_value=-0.000177665 -0.000286507 0.000931372 -0.000369587 0.000303347 -0.000465051
internal_weight=472 432 40 401 47 354
internal_count=472 432 40 401 47 354
is_linear=0
shrinkage=0.01


Tree=729
num_leaves=9
num_cat=0
split_feature=59 4 5 4 7 0 1 1
split_gain=0.681443 0.961419 0.453075 0.475531 0.32384 0.130205 0.0379567 0.0996547
threshold=35.074998855000011 0.37264461900000007 0.40594542850000009 0.33042542850000006 0.40947400000000006 0.069209541500000013 0.24792775000000003 0.23832592850000003
decision_type=2 2 2 2 2 2 2 2
left_child=1 -1 3 4 -2 -6 7 -4
right_child=2 -3 6 -5 5 -7 -8 -9
leaf_value=0.00011074003808555899 0.00033667639832723399 0.00043528759508500159 -2.9010190300934477e-05 0.0011228241333314164 3.1631340896846995e-05 -0.0008695619219784655 -4.0524006972546062e-05 6.6796417278571494e-05
leaf_weight=35 25 20 40 38 20 77 158 20
leaf_count=35 25 20 40 38 20 77 158 20
internal_value=4.95619e-05 0.00108423 -9.7677e-05 0.000298507 0 -0.000270961 -0.000397624 -0.000131579
internal_weight=433 55 378 160 122 97 218 60
internal_count=433 55 378 160 122 97 218 60
is_linear=0
shrinkage=0.01


Tree=730
num_leaves=11
num_cat=1
split_feature=76 5 89 35 11 0 1 86 26 0
split_gain=0.439922 0.631608 0.298394 0.518947 0.322692 0.313109 0.205092 0.122898 0.0442108 0.0244948
threshold=15.025714330000001 0.42560378550000005 0 1.0000000180025095e-35 0.67424450000000002 0.068555750000000013 0.23494250000000003 72.840353275000027 3.5357142515000004 0.16844663200000001
decision_type=2 2 1 2 2 2 2 2 2 2
left_child=1 6 3 4 -2 -4 -1 -7 -9 -5
right_child=2 -3 5 9 -6 7 -8 8 -10 -11
leaf_value=0.00037797718963566214 3.7623190277909635e-05 0.0002620614146988174 0.00030730800638199346 -0.0027555576723759874 0.00055558290994476092 0.0010038385692339685 -0.0013441413019268506 -0.00085495395966575115 -2.2329908231824525e-05 -0.00020193772611773328
leaf_weight=21 25 28 20 36 23 24 34 20 234 20
leaf_count=21 25 28 20 36 23 24 34 20 234 20
internal_value=1.13214e-05 0.000674224 -0.000121649 0.000313589 0.00110656 -0.000281736 8.96046e-06 -0.000383788 -0.000451334 -0.00028169
internal_weight=485 83 402 104 48 298 55 278 254 56
internal_count=485 83 402 104 48 298 55 278 254 56
cat_boundaries=0 1
cat_threshold=171180289
is_linear=0
shrinkage=0.01


Tree=731
num_leaves=7
num_cat=0
split_feature=9 72 48 24 30 11
split_gain=0.202986 0.134226 0.143911 0.159307 1.16259 0.160237
threshold=0.47670617500000007 6.7521428210000005 7.5999999645000011 1.9357142960000002 4.2928571190000007 0.69873592900000003
decision_type=2 2 2 2 2 2
left_child=-1 2 -2 -4 -5 -6
right_child=1 -3 3 4 5 -7
leaf_value=0.00035383408000996017 -2.3566190998493227e-05 9.5129923977168923e-05 -9.3830406496611661e-06 0.0015341825132174963 -0.00057125797921762954 2.6783821905729932e-05
leaf_weight=21 142 29 75 20 120 50
leaf_count=21 142 29 75 20 120 50
internal_value=-0.000123416 -0.000173993 -0.000224375 -7.71258e-05 6.81341e-05 -0.000193209
internal_weight=457 436 407 265 190 170
internal_count=457 436 407 265 190 170
is_linear=0
shrinkage=0.01


Tree=732
num_leaves=9
num_cat=0
split_feature=88 59 5 86 16 72 24 1
split_gain=0.282071 0.31201 0.535969 0.207064 0.352686 0.110498 0.0644237 0.136758
threshold=27.435329450000001 35.074998855000011 0.42560378550000005 70.137508020000013 0.58447057150000015 5.2342857505000007 2.2999999945000007 0.24476021450000005
decision_type=10 2 2 2 2 2 2 2
left_child=1 2 -1 4 -3 -5 -7 -8
right_child=-2 3 -4 5 -6 6 7 -9
leaf_value=-0.0016341360288368439 0.00012378741769760907 -0.0078692422707336146 0.00042664328271219354 9.0478594434833981e-05 0.0018991525442497903 -2.4504890478586594e-05 0.00020463502699222155 -2.388176239485388e-05
leaf_weight=35 38 23 20 23 20 215 33 53
leaf_count=35 38 23 20 23 20 215 33 53
internal_value=-6.0764e-05 -0.000139546 0.000546595 -0.000248777 0.000376712 -0.00033867 -0.000392644 -0.000126728
internal_weight=460 422 55 367 43 324 301 86
internal_count=460 422 55 367 43 324 301 86
is_linear=0
shrinkage=0.01


Tree=733
num_leaves=11
num_cat=0
split_feature=10 0 59 5 58 40 72 17 86 1
split_gain=0.308858 0.349676 0.31694 0.705322 0.135917 0.398752 0.034578 0.02997 0.0234072 0.0210574
threshold=0.48367490500000004 0.065224698000000011 35.180000305000007 0.42809138050000006 1.9499998090000001 7.9499999730000015 5.2371428715000006 104.13500000000001 132.04113905000003 0.24976161950000003
decision_type=2 2 2 2 2 2 2 2 2 2
left_child=-1 -2 3 9 6 7 -4 -6 -8 -3
right_child=1 2 4 -5 5 -7 8 -9 -10 -11
leaf_value=0.00093542062282191715 0.00020459437561811783 0.00012915660832717057 -0.0020443957304139187 0.0002682006547619497 -0.0008437698690997947 0.0011097752367347055 -0.00011200922266637208 1.5042412066033455e-05 -1.1071106136892403e-05 -0.0010778201880551673
leaf_weight=24 24 20 21 25 52 22 208 20 29 29
leaf_count=24 24 20 21 25 52 22 208 20 29 29
internal_value=-3.15924e-05 -9.53861e-05 -0.000166354 0.000414438 -0.000294785 1.05484e-05 -0.000413447 -0.00032967 -0.000447855 -0.000251004
internal_weight=474 450 426 74 352 94 258 72 237 49
internal_count=474 450 426 74 352 94 258 72 237 49
is_linear=0
shrinkage=0.01


Tree=734
num_leaves=12
num_cat=1
split_feature=89 87 87 26 0 0 87 87 15 18 9
split_gain=0.606281 0.582789 1.4225 0.263294 0.219118 0.218472 0.127525 0.270742 0.0734472 0.0705937 0.0686894
threshold=0 22.873081490000004 26.465459855000002 4.0785714385000009 0.065224698000000011 0.27190482600000004 27.820630600000005 28.599134260000003 0.69030239300000018 0.99285714100000011 0.63630623750000004
decision_type=1 8 10 2 2 2 8 10 2 2 2
left_child=1 8 -3 4 -2 -5 9 -8 -1 -6 -11
right_child=3 2 -4 5 6 -7 7 -9 -10 10 -12
leaf_value=-0.00081260889085199009 0.0002121352098784574 0.00086224190116088715 1.136654851935585e-06 -6.368321015075874e-06 -0.00012851287804404655 0.00026618604786320831 0.00038075999846959747 -5.5831916885416537e-05 5.1279629532243353e-05 7.2996401066693925e-05 -0.00024509650004373899
leaf_weight=25 23 26 34 36 182 20 28 38 20 20 23
leaf_count=25 23 26 34 36 182 20 28 38 20 20 23
internal_value=0.000106137 0.000738342 0.00144737 -8.66598e-05 -0.00020648 0.000528169 -0.000286155 7.48502e-05 -1.09171e-05 -0.000400797 0
internal_weight=475 105 60 370 314 56 291 66 45 225 43
internal_count=475 105 60 370 314 56 291 66 45 225 43
cat_boundaries=0 1
cat_threshold=673450248
is_linear=0
shrinkage=0.01


Tree=735
num_leaves=10
num_cat=1
split_feature=89 5 58 7 11 38 24 13 5
split_gain=0.433189 0.391905 0.258288 0.260828 0.141335 0.112937 0.0999979 0.0573606 0.0838677
threshold=0 0.46976100000000004 1.8900003430000003 0.52919640000000012 0.55803550000000013 8.1999999880000018 2.4785714150000007 0.73934505000000017 0.44977717850000004
decision_type=1 2 2 2 2 2 2 2 2
left_child=1 2 5 -4 -2 -1 7 -6 -9
right_child=4 -3 3 -5 6 -7 -8 8 -10
leaf_value=-0.00036201409458755721 4.3489364610010718e-05 0.00064826077631983882 0.00030457865360575254 -0.00075332998876924601 -0.00010179152625774183 0.00037193745605528352 -0.00077615317312634835 0.0014519288772652647 -2.317853430931065e-05
leaf_weight=52 35 22 24 22 204 20 26 20 30
leaf_count=52 35 22 24 22 204 20 26 20 30
internal_value=-5.59457e-05 0.000384615 0.000159933 0.000747863 -0.000262431 -0.000192308 -0.000349003 -0.000412088 -5.90552e-05
internal_weight=455 140 118 46 315 72 280 254 50
internal_count=455 140 118 46 315 72 280 254 50
cat_boundaries=0 1
cat_threshold=136317200
is_linear=0
shrinkage=0.01


Tree=736
num_leaves=9
num_cat=0
split_feature=60 0 11 58 82 59 17 6
split_gain=0.394342 0.375321 0.176725 0.154583 0.255059 0.160229 0.419082 0.0788964
threshold=33.000000475000007 0.065224698000000011 0.5534977860000001 2.1949996945000003 19.402857235000003 35.180000305000007 92.25500000000001 0.54994721450000006
decision_type=2 2 2 2 2 2 2 2
left_child=1 -1 -3 5 -5 6 -4 -7
right_child=-2 2 3 4 -6 7 -8 -9
leaf_value=0.00022041536495153656 0.00052823745310406011 0.00047185788764580425 -4.1089289154448743e-05 0.00035194737752078815 -0.0012006669513003215 -2.34384020671136e-05 0.00014550705371031575 8.3311552104236663e-06
leaf_weight=22 20 37 59 36 28 244 20 36
leaf_count=22 20 37 59 36 28 244 20 36
internal_value=0 -6.00664e-05 -0.000125868 -0.000187589 0.000246913 -0.000270984 0.000106516 -0.000384616
internal_weight=502 482 460 423 64 359 79 280
internal_count=502 482 460 423 64 359 79 280
is_linear=0
shrinkage=0.01


Tree=737
num_leaves=9
num_cat=0
split_feature=88 25 24 17 21 21 37 7
split_gain=0.367532 0.324578 0.217751 0.295798 0.652365 0.149016 0.37916 0.11645
threshold=27.836040485000002 4.1928571635000011 2.2999999945000007 74.520000000000024 1.8857142410000003 1.7357142825000003 9.2000001220000023 0.47571644250000006
decision_type=10 2 2 2 2 2 2 2
left_child=1 2 5 7 -5 6 -1 -4
right_child=-2 -3 3 4 -6 -7 -8 -9
leaf_value=0.0012667014045668549 0.0003368096515698902 9.7582883305090423e-05 0.0011035932107565714 -1.0419920111829562e-05 0.00062447362056924308 -4.0087346192778943e-05 -3.4363745291330952e-05 -0.0001771619584812761
leaf_weight=24 32 26 20 21 23 206 51 56
leaf_count=24 32 26 20 21 23 206 51 56
internal_value=-3.80601e-05 -0.000120383 -0.000195371 0.000149007 0.000803571 -0.000349539 6.59619e-06 -0.000208333
internal_weight=459 427 401 120 44 281 75 76
internal_count=459 427 401 120 44 281 75 76
is_linear=0
shrinkage=0.01


Tree=738
num_leaves=10
num_cat=0
split_feature=0 12 87 84 39 49 0 43 5
split_gain=0.24728 0.225094 0.123218 0.381811 0.374371 0.194463 0.306968 0.0427332 0.0294163
threshold=0.065224698000000011 0.57757257100000003 27.772760855000005 17.057857240000004 10.600000080000003 0.15000000200000005 0.14764960450000003 1.2500000000000002 0.47082464250000006
decision_type=2 2 8 2 2 2 2 2 2
left_child=-1 -2 5 4 -4 6 -3 -7 -5
right_child=1 2 3 8 -6 7 -8 -9 -10
leaf_value=0.0001692492578742702 0.0015439427416834202 -0.0048324471913826165 0.00042828674908889616 -0.0010706077061053291 -0.00089012811767237305 -1.8012510406944621e-05 0.00028910346870157118 6.1038154010875363e-05 1.0741832328501483e-06
leaf_weight=27 31 39 20 50 22 182 36 20 20
leaf_count=27 31 39 20 50 22 182 36 20 20
internal_value=-2.56812e-05 -9.03043e-05 -0.000160339 0.000106383 0.000864486 -0.000275378 0.000138522 -0.000438856 -0.000324859
internal_weight=447 420 389 112 42 277 75 202 70
internal_count=447 420 389 112 42 277 75 202 70
is_linear=0
shrinkage=0.01


Tree=739
num_leaves=10
num_cat=1
split_feature=89 77 86 38 5 86 30 4 28
split_gain=0.441033 0.44964 0.400334 0.286155 0.777124 0.27809 0.304407 0.158246 0.0437461
threshold=0 13.742856980000001 94.801848145000022 8.0000001565000023 0.40449144400000003 77.303394425000008 5.7071428300000013 0.36822471450000005 2.0142857265000003
decision_type=1 2 2 2 2 2 2 2 2
left_child=1 3 -3 7 -5 6 -2 -1 -7
right_child=5 2 -4 4 -6 8 -8 -9 -10
leaf_value=-0.00088259849250324387 0.0013750813026126576 -3.6269507089878315e-06 0.00034196548252390062 0.0013925166041025999 -0.00032304689708239243 1.5838081515810523e-05 -0.00056545896406799277 1.3954537002286919e-05 -4.1995849564356642e-05
leaf_weight=79 21 25 21 22 26 20 20 34 215
leaf_count=79 21 25 21 22 26 20 20 34 215
internal_value=-4.0306e-05 0.000296143 0.00117521 4.63534e-05 0.000696721 -0.000299861 0.00041866 -0.00021529 -0.000447413
internal_weight=483 207 46 161 48 276 41 113 235
internal_count=483 207 46 161 48 276 41 113 235
cat_boundaries=0 1
cat_threshold=136613144
is_linear=0
shrinkage=0.01


Tree=740
num_leaves=8
num_cat=1
split_feature=0 89 20 17 1 24 29
split_gain=0.418076 0.497163 0.248706 0.313874 0.242118 0.199027 0.144048
threshold=0.065224698000000011 0 1.9214285700000002 29.315000000000001 0.27193592850000003 2.4714285735000003 3.1642857450000004
decision_type=2 1 2 2 2 2 2
left_child=-1 2 3 -2 -5 6 -3
right_child=1 5 -4 4 -6 -7 -8
leaf_value=0.00021295874194416679 0.0010522760593278443 -3.8059084829820281e-05 -0.0015846361287146335 -1.0936741322564041e-05 9.1720233363696215e-05 0.00024956937780961399 0.0045783733342185783
leaf_weight=21 20 282 22 35 23 32 23
leaf_count=21 20 282 22 35 23 32 23
internal_value=-8.06453e-05 -0.000151896 0.000433213 0.000748731 0.000323129 -0.000334963 -0.00042675
internal_weight=458 437 100 78 58 337 305
internal_count=458 437 100 78 58 337 305
cat_boundaries=0 1
cat_threshold=137660424
is_linear=0
shrinkage=0.01


Tree=741
num_leaves=10
num_cat=0
split_feature=9 53 76 33 84 15 53 0 0
split_gain=0.254082 0.377262 0.220144 0.443398 0.215492 0.2615 0.0444051 0.0996547 0.0221279
threshold=0.51577205850000007 0.41499996150000001 15.025714330000001 3.9999999830000004 16.114285810000002 0.72790397600000012 0.63999986650000007 0.26084197900000006 0.24826577100000005
decision_type=2 2 2 2 2 2 2 2 2
left_child=1 -1 3 8 5 -4 -6 -8 -2
right_child=2 -3 4 -5 6 -7 7 -9 -10
leaf_value=0.0023879739637946303 -2.4728725161824104e-05 -0.00032888530747285941 9.7296168663057775e-05 0.00026387453262013239 -6.3452623442639366e-05 -0.00079948250981316706 0.00038163144328470181 -3.4219324033460639e-05 -0.0017080000528935429
leaf_weight=25 20 20 25 26 246 25 20 40 31
leaf_count=25 20 20 25 26 246 25 20 40 31
internal_value=-0.000139933 0.000556768 -0.000217842 0.000250643 -0.000325112 0.000255905 -0.000426988 -0.000131579 -0.000260618
internal_weight=478 45 433 77 356 50 306 60 51
internal_count=478 45 433 77 356 50 306 60 51
is_linear=0
shrinkage=0.01


Tree=742
num_leaves=8
num_cat=0
split_feature=40 39 41 6 63 39 1
split_gain=0.4563 0.31691 0.215415 0.243178 0.243204 0.0409717 0.0365163
threshold=15.949999745000001 0.65000000600000007 3.1499999055000001 0.51452969050000008 18.694999695000003 16.950000295000006 0.13603396450000002
decision_type=2 2 2 2 2 2 2
left_child=1 -1 3 4 -3 -4 -6
right_child=-2 2 5 -5 6 -7 -8
leaf_value=1.5385119500118577e-05 0.00036440442342116242 0.00017728961646385388 -2.425087145721661e-05 0.00054042185507429167 -0.0024870386286612468 -7.8510096025108165e-06 -0.0019330636784479602
leaf_weight=28 20 36 204 27 20 21 88
leaf_count=28 20 36 204 27 20 21 88
internal_value=-8.99282e-05 -0.000164784 -0.000241936 1.45517e-05 -0.000138122 -0.000445084 -0.00038603
internal_weight=444 424 396 171 144 225 108
internal_count=444 424 396 171 144 225 108
is_linear=0
shrinkage=0.01


Tree=743
num_leaves=10
num_cat=0
split_feature=22 4 9 3 1 0 5 88 1
split_gain=0.690906 0.418069 0.757516 0.245298 0.234768 0.51313 0.226423 0.0436387 0.0253349
threshold=1.7857142900000003 0.39586273800000005 0.68757800000000013 0.24092107150000003 0.25639421450000005 0.22560706600000005 0.34692250000000008 28.599134260000003 0.28396417850000005
decision_type=2 2 2 2 2 2 2 10 2
left_child=3 4 -3 -1 5 6 -2 -5 -6
right_child=1 2 -4 7 8 -7 -8 -9 -10
leaf_value=2.7763996704393246e-05 0.0013405540132921763 0.00027849049506876457 -1.2703829114613056e-05 -2.2591768745934779e-05 -0.00058852901652036512 0.00031650573693554787 -0.00060499510489886432 -3.8544983353493789e-05 -0.0022272890006271558
leaf_weight=27 32 21 21 211 38 26 40 20 20
leaf_count=27 32 21 21 211 38 26 40 20 20
internal_value=0 0.000447686 0.00133178 -0.000336167 0.000191326 0.000495951 2.74724e-05 -0.000446506 -0.000289116
internal_weight=456 198 42 258 156 98 72 231 58
internal_count=456 198 42 258 156 98 72 231 58
is_linear=0
shrinkage=0.01


Tree=744
num_leaves=9
num_cat=0
split_feature=24 10 10 77 15 39 59 87
split_gain=0.328324 0.267962 0.220535 0.17804 0.3368 0.146897 0.0925315 0.0567909
threshold=2.4428571715000005 0.63571135700000014 0.48367490500000004 12.243571620000003 0.73023128550000005 17.150000155000004 35.01000023000001 22.020477250000003
decision_type=2 2 2 2 2 2 2 8
left_child=2 -2 -1 4 -4 6 -5 -8
right_child=1 -3 3 5 -6 -7 7 -9
leaf_value=0.0013950510642492776 0.00034668191519704559 -2.334103916907774e-05 0.00038959936326656247 0.0001113918967417216 -0.00085599700704718288 0.00042345725011622707 -1.0248041446817016e-05 -3.913728006653721e-05
leaf_weight=20 32 25 20 26 21 33 90 192
leaf_count=20 32 25 20 26 21 33 90 192
internal_value=-1.63116e-05 0.000683391 -0.000121649 -0.000180251 0.00041866 -0.000258923 -0.000330311 -0.000385432
internal_weight=459 57 402 382 41 341 308 282
internal_count=459 57 402 382 41 341 308 282
is_linear=0
shrinkage=0.01


Tree=745
num_leaves=9
num_cat=1
split_feature=89 72 80 37 78 37 3 9
split_gain=0.47735 0.552997 0.378968 0.396436 0.200587 0.354528 0.0439506 0.0244948
threshold=0 5.7085714425000011 12.550000055000002 9.0000000745000026 14.749999930000001 7.5499999410000003 0.22321200000000002 0.6023158500000001
decision_type=1 2 2 2 2 2 2 2
left_child=1 2 3 -1 6 7 -2 -6
right_child=4 -3 -4 -5 5 -7 -8 -9
leaf_value=7.7395672796575383e-05 -0.0066564040249004145 0.0012302543173266459 -0.0017911036295978225 -0.00071312596499011917 7.3581266897668889e-06 0.00029263013459218456 -2.313719180592523e-05 -0.0017482351495550189
leaf_weight=21 20 33 61 26 20 22 223 36
leaf_count=21 20 33 61 26 20 22 223 36
internal_value=-8.42698e-05 0.000378788 3.67646e-05 0.000721757 -0.000296866 0.000114213 -0.000449139 -0.00028169
internal_weight=462 141 108 47 321 78 243 56
internal_count=462 141 108 47 321 78 243 56
cat_boundaries=0 1
cat_threshold=674234384
is_linear=0
shrinkage=0.01


Tree=746
num_leaves=10
num_cat=1
split_feature=89 79 9 78 24 57 69 8 2
split_gain=0.285956 0.372288 0.354624 0.248741 0.135938 0.198355 0.0787256 0.0750578 0.0302359
threshold=0 8.5792857920000021 0.59532512500000012 14.962142875000003 2.2714285810000008 3.7200002670000001 -1.2885714164999997 0.61714950000000013 0.30904095200000009
decision_type=1 2 2 2 2 2 2 2 2
left_child=1 2 -1 4 -2 -6 7 -3 -7
right_child=3 6 -4 -5 5 8 -8 -9 -10
leaf_value=-0.00017737598631272546 -1.5393828924329781e-05 -2.5565653385309812e-05 0.00022029092904116485 1.4736971283978628e-05 0.00021733534533947973 -0.0011846607847370739 -0.00010762877878533469 0.00022293220226969298 -3.1209371014056661e-05
leaf_weight=21 181 32 31 22 35 53 35 26 20
leaf_count=21 181 32 31 22 35 53 35 26 20
internal_value=-5.69178e-05 0.000292041 0.000984848 -0.000228403 -0.000319186 -1.83825e-05 -4.79745e-05 0.000153061 -0.000331978
internal_weight=456 145 52 311 289 108 93 58 73
internal_count=456 145 52 311 289 108 93 58 73
cat_boundaries=0 1
cat_threshold=540051728
is_linear=0
shrinkage=0.01


Tree=747
num_leaves=9
num_cat=0
split_feature=24 44 0 11 19 88 34 58
split_gain=0.388231 0.656396 0.307076 0.392115 0.137351 0.2156 0.147822 0.0529996
threshold=2.4428571715000005 3.9999999290000003 0.065224698000000011 0.5549890715000001 2.5428571190000002 27.836040485000002 4.7571428675000007 2.1550002095000003
decision_type=2 2 2 2 2 10 2 2
left_child=2 -2 -1 -4 5 7 -6 -5
right_child=1 -3 3 4 6 -7 -8 -9
leaf_value=0.0002171249658807678 -0.003136590458190671 0.00031032335503608814 0.00045663738364504436 -2.4182695505071155e-05 -0.0054947135102384635 4.7218619531467205e-05 1.1886314057066277e-05 -1.1642973896147405e-05
leaf_weight=25 28 21 35 217 21 29 33 53
leaf_count=25 28 21 35 217 21 29 33 53
internal_value=3.67328e-05 0.000873494 -5.92075e-05 -0.000133745 -0.000238836 -0.000325217 0.00020073 -0.000417282
internal_weight=462 49 413 388 353 299 54 270
internal_count=462 49 413 388 353 299 54 270
is_linear=0
shrinkage=0.01


Tree=748
num_leaves=10
num_cat=0
split_feature=16 15 49 17 51 40 14 64 15
split_gain=0.276293 0.468254 0.575729 0.254863 0.543415 0.167103 0.0803317 0.0738126 0.0639114
threshold=0.67248635700000015 0.70211948550000014 0.25000000350000007 106.49000000000002 4.3000000195000014 12.250000030000001 0.75020021450000007 67.479998590000022 0.5913322860000001
decision_type=2 2 2 2 2 2 2 2 2
left_child=5 2 -2 6 -5 7 -3 -1 -9
right_child=1 3 -4 4 -6 -7 -8 8 -10
leaf_value=-0.00035910247950242136 0.00035727632638429254 -6.0545219851213261e-05 9.6283630778360607e-07 4.219406611385061e-05 -2.6075233840753412e-05 6.0915654522676782e-05 2.5827223116502916e-05 -0.0072684236563106833 0.0010972578839365766
leaf_weight=167 26 88 34 21 24 33 32 21 20
leaf_count=167 26 88 34 21 24 33 32 21 20
internal_value=-4.49873e-05 0.000201506 0.000953947 -6.33294e-05 0.000556768 -0.000283292 -0.00031457 -0.00039272 0
internal_weight=466 225 60 165 45 241 120 208 41
internal_count=466 225 60 165 45 241 120 208 41
is_linear=0
shrinkage=0.01


Tree=749
num_leaves=11
num_cat=1
split_feature=89 24 53 70 88 4 25 71 19 5
split_gain=0.482455 0.350258 0.743252 0.321498 0.264186 0.223691 0.0537618 0.0838677 0.0343882 0.0285266
threshold=0 2.2428571415000005 0.51000022900000019 7.8842856880000012 26.641877765000004 0.42229839050000006 3.9428571120000004 8.0314286570000011 2.5499999865000005 0.38124067850000004
decision_type=1 2 2 2 10 2 2 2 2 2
left_child=1 4 3 5 8 9 7 -2 -1 -3
right_child=6 2 -4 -5 -6 -7 -8 -9 -10 -11
leaf_value=-0.00036743919291117451 -9.3752947701355898e-06 -0.00074396804267987343 0.00094812328368263439 0.00048789461140810036 0.00049113729283923376 0.00029042792606203148 -0.00012724142295984084 9.1172631301590784e-05 -1.3690754321655351e-05 -9.8957300512254466e-05
leaf_weight=73 30 20 25 20 20 20 164 20 20 47
leaf_count=73 30 20 25 20 20 20 164 20 20 47
internal_value=-3.80601e-05 0.000256059 0.00061747 0.000227273 -0.000127417 -1.70844e-05 -0.000378114 -5.90552e-05 -0.000367804 -0.000317109
internal_weight=459 245 132 107 113 87 214 50 93 67
internal_count=459 245 132 107 113 87 214 50 93 67
cat_boundaries=0 1
cat_threshold=673449242
is_linear=0
shrinkage=0.01


Tree=750
num_leaves=11
num_cat=0
split_feature=59 5 16 12 12 0 7 87 3 4
split_gain=0.473818 0.628191 0.28346 0.555623 0.23135 0.168625 0.121438 0.145712 0.0436387 0.0296969
threshold=35.159999845000009 0.42809138050000006 0.70409078600000008 0.67817089300000022 0.74559385700000014 0.23388037500000003 0.40450564300000008 14.161605905000002 0.40103692850000006 0.31774021450000006
decision_type=2 2 2 2 2 2 2 10 2 2
left_child=1 5 6 -4 9 -1 -2 -8 -9 -5
right_child=2 -3 3 4 -6 -7 7 8 -10 -11
leaf_value=0.00035340003055599043 4.8244348397586613e-05 0.00030463686872107636 0.00092840290504429422 -0.00078079608951078198 7.3418302860406846e-05 -0.0018216234623424541 0.00037169384274741258 -5.7862394318544352e-05 -0.00072446190551011397 -1.7468186940676825e-05
leaf_weight=22 20 21 21 20 20 26 20 211 20 51
leaf_count=22 20 21 21 20 20 26 20 211 20 51
internal_value=4.41684e-06 0.000766476 -0.000128974 0.000283688 -3.81265e-05 8.19671e-05 -0.000307211 -0.000371327 -0.000446506 -0.000327298
internal_weight=452 69 383 112 91 48 271 251 231 71
internal_count=452 69 383 112 91 48 271 251 231 71
is_linear=0
shrinkage=0.01


Tree=751
num_leaves=9
num_cat=0
split_feature=38 7 14 86 7 3 1 45
split_gain=0.564272 0.288985 0.249368 0.125642 0.199368 0.121087 0.0442344 0.0983101
threshold=1.0000000180025095e-35 0.40669402350000006 0.76272235750000006 126.53429990000002 0.47751995200000003 0.35000838100000004 0.28960922650000004 17.400000345000002
decision_type=2 2 2 2 2 2 2 2
left_child=-1 -2 3 6 -5 -6 -3 -8
right_child=1 2 -4 4 5 -7 7 -9
leaf_value=9.0518159341086769e-05 0.00025677646792206672 -5.9834394444149113e-05 1.0714088411639835e-05 9.4265638856456675e-05 -1.1438307730297888e-05 4.2711660991567179e-06 -0.0021602085691224755 0.0001729912412686855
leaf_weight=35 30 220 22 20 62 20 39 20
leaf_count=35 30 220 22 20 62 20 39 20
internal_value=-6.82595e-05 -0.000171738 -0.000246409 -0.000310372 0 -0.000229469 -0.000419943 -0.000125418
internal_weight=468 433 403 381 102 82 279 59
internal_count=468 433 403 381 102 82 279 59
is_linear=0
shrinkage=0.01


Tree=752
num_leaves=11
num_cat=0
split_feature=22 22 6 24 58 29 85 24 46 2
split_gain=0.385219 0.451659 0.542634 0.207952 0.154463 0.255761 0.127841 0.0705924 0.0382602 0.0983101
threshold=1.8142857170000004 1.8428571180000002 0.51452969050000008 2.4785714150000007 2.3349995615000005 2.9857142905000003 17.177142960000001 2.3214285800000005 10.799999915000003 0.26850164300000007
decision_type=2 2 2 2 2 2 2 2 2 2
left_child=4 -2 3 6 7 -6 -3 8 9 -1
right_child=1 2 -4 -5 5 -7 -8 -9 -10 -11
leaf_value=0.00029778340095520955 0.0018536650487696723 4.9909709343678216e-05 0.00025201523302871413 0.00011307417917405189 0.00027775053184273663 -0.0044447720016812329 -4.3577944198183696e-05 -2.9188623333169036e-06 -5.4317715567155438e-05 -0.00015253682549937658
leaf_weight=20 28 21 23 22 25 24 87 32 149 39
leaf_count=20 28 21 23 22 25 24 87 32 149 39
internal_value=6.37201e-06 0.000371287 0.000139792 -9.93885e-05 -0.000215666 0.000271084 -0.000294118 -0.00032392 -0.00039272 -0.000125418
internal_weight=470 181 153 130 289 49 108 240 208 59
internal_count=470 181 153 130 289 49 108 240 208 59
is_linear=0
shrinkage=0.01


Tree=753
num_leaves=10
num_cat=1
split_feature=89 1 40 4 55 16 15 7 0
split_gain=0.479014 0.507179 0.456256 0.235181 0.15955 0.147694 0.666719 0.137819 0.0329546
threshold=0 0.25697083300000007 10.000000035000001 0.41889300000000002 0.074999809500000014 0.70921132850000013 0.7266769525000002 0.40947400000000006 0.27915595800000004
decision_type=1 2 2 2 2 2 2 2 2
left_child=1 2 -1 -3 5 7 -7 -2 -8
right_child=4 3 -4 -5 -6 6 8 -9 -10
leaf_value=-3.953867508371829e-05 0.00020290325602958709 -0.00010312004118704186 0.00029681430160188204 0.00062685707787396171 5.2906975144237255e-05 8.9893801699486339e-05 -4.1760898556762681e-05 -0.001545495745904924 6.2969644610459953e-05
leaf_weight=23 23 40 23 20 27 23 65 197 20
leaf_count=23 23 40 23 20 27 23 65 197 20
internal_value=0 0.000556507 0.00138889 0 -0.00017906 -0.000249392 3.67646e-05 -0.000398551 -0.000355478
internal_weight=461 106 46 60 355 328 108 220 85
internal_count=461 106 46 60 355 328 108 220 85
cat_boundaries=0 1
cat_threshold=170131724
is_linear=0
shrinkage=0.01


Tree=754
num_leaves=10
num_cat=0
split_feature=44 6 69 70 43 20 17 69 0
split_gain=0.376594 0.287959 0.233272 0.295026 0.190499 0.126323 0.118398 0.174983 0.0434703
threshold=4.0999999530000011 0.53979250000000012 0.022142852500000001 8.1550000735000001 1.0000000180025095e-35 1.6999999925000002 16.420000000000005 -1.7185714244999997 0.06773047900000001
decision_type=2 2 2 2 2 2 2 2 2
left_child=6 2 5 4 -4 -2 7 -1 -8
right_child=1 -3 3 -5 -6 -7 8 -9 -10
leaf_value=-0.0035801909399706911 1.8160417149385573e-05 7.5454240159546072e-05 0.00010537287115801342 -1.1492962825399407e-06 1.2106422735152531e-05 -0.00049520287306301081 -0.0023574715216459576 0.0049419255744285158 -5.0633350161798443e-05
leaf_weight=28 20 20 23 35 21 70 20 22 205
leaf_count=28 20 20 23 35 21 70 20 22 205
internal_value=-0.000107573 0.000229189 7.95052e-05 0.000482456 0.00102679 -0.000253304 -0.000346266 5.9055e-05 -0.000445084
internal_weight=464 189 169 79 44 90 275 50 225
internal_count=464 189 169 79 44 90 275 50 225
is_linear=0
shrinkage=0.01


Tree=755
num_leaves=12
num_cat=1
split_feature=6 46 89 7 30 29 61 16 13 1 16
split_gain=0.504524 0.391453 0.306114 0.368189 0.456489 0.16435 0.135015 0.170366 0.0763575 0.0430406 0.0309933
threshold=0.55327271450000015 9.2999998630000018 0 0.48500150000000003 5.5357142515000008 2.8357142635000003 33.844999315000003 0.61853421400000008 0.71531968750000008 0.31582357150000001 0.71832178550000003
decision_type=2 2 1 2 2 2 2 2 2 2 2
left_child=1 -1 3 4 -3 8 9 -8 -5 -4 -7
right_child=-2 2 6 5 -6 10 7 -9 -10 -11 -12
leaf_value=1.1985358456257118e-05 0.0002825379611964631 0.0013151802195715992 -6.3438662839953523e-05 9.2970925390745206e-05 -0.00011075979173047341 -2.496802077215558e-05 -0.0028068261364170627 0.00029553273336067491 -0.0010688774359114829 -4.7960556857020173e-06 0.00019672372241336778
leaf_weight=21 33 23 191 20 22 56 23 21 20 20 20
leaf_count=21 33 23 191 20 22 56 23 21 20 20 20
internal_value=4.88529e-05 -3.76886e-05 -0.000110365 0.000218277 0.00099345 -5.137e-05 -0.000321671 0.000133928 0.000441176 -0.000441454 -0.000338542
internal_weight=470 437 416 161 45 116 255 44 40 211 76
internal_count=470 437 416 161 45 116 255 44 40 211 76
cat_boundaries=0 1
cat_threshold=540806416
is_linear=0
shrinkage=0.01


Tree=756
num_leaves=9
num_cat=1
split_feature=89 48 1 87 23 87 78 6
split_gain=0.449987 0.645143 0.342526 0.267531 0.450942 0.596791 0.238603 0.0244948
threshold=0 14.449999720000003 0.26716800950000003 23.530456615000002 1.9142857065000001 27.033499140000004 12.582857265000001 0.48602971400000006
decision_type=1 2 2 8 2 10 2 2
left_child=6 3 -3 -2 7 -6 -1 -5
right_child=1 2 -4 4 5 -7 -8 -9
leaf_value=3.6054486201920417e-05 -0.0004889957815817417 4.7583319340788461e-05 0.00068888104561616375 -0.00010315199243549773 0.00038088009548298165 -1.6629181251383354e-05 -0.00073717213614892668 -7.0565889849680902e-06
leaf_weight=30 73 21 20 36 20 32 222 20
leaf_count=30 73 21 20 36 20 32 222 20
internal_value=-7.37154e-05 0.000244845 0.0013756 0 0.0003125 0.000984848 -0.000357687 -0.00028169
internal_weight=474 222 41 181 108 52 252 56
internal_count=474 222 41 181 108 52 252 56
cat_boundaries=0 1
cat_threshold=9246294
is_linear=0
shrinkage=0.01


Tree=757
num_leaves=9
num_cat=0
split_feature=24 24 51 88 40 44 80 19
split_gain=0.420094 0.354158 0.288714 0.219336 0.373875 0.244021 0.655069 0.0383218
threshold=2.4428571715000005 2.4857142820000004 6.6999999545000009 18.199877625000003 3.7000000555000008 3.4999999890000004 12.550000055000002 2.6142856900000004
decision_type=2 2 2 10 2 2 2 2
left_child=2 -2 3 -1 -5 6 -6 -7
right_child=1 -3 -4 4 5 7 -8 -9
leaf_value=-0.0005655831436026939 0.0003229994196647973 -0.0009086185198907171 3.5510413649782854e-05 0.00026627566232301962 0.00061166464779017333 -1.3244571077764968e-05 -6.5192700118185887e-05 3.0624274616021867e-06
leaf_weight=142 34 25 39 21 28 105 59 20
leaf_count=142 34 25 39 21 28 105 59 20
internal_value=2.42717e-05 0.000811037 -8.43781e-05 -0.000174295 6.41562e-06 -0.000112782 0.000279043 -0.000401431
internal_weight=473 59 414 375 233 212 87 125
internal_count=473 59 414 375 233 212 87 125
is_linear=0
shrinkage=0.01


Tree=758
num_leaves=11
num_cat=1
split_feature=89 38 17 86 9 88 54 26 18 1
split_gain=0.476379 0.528934 0.341658 0.787633 0.158395 0.231001 0.416724 0.115476 0.0426612 0.0235968
threshold=0 0.60000001250000012 29.315000000000001 96.752676805000007 0.60086657500000007 21.597050835000005 6.1799998285000006 3.5928571735000001 1.0285714310000003 0.26247885750000005
decision_type=1 2 2 2 2 10 2 2 2 2
left_child=7 -2 3 -3 -4 6 -6 -1 -9 -7
right_child=1 2 4 -5 5 9 -8 8 -10 -11
leaf_value=-9.8546838900683012e-05 0.00024549602478890823 -0.0037285332226119172 -0.00017667876764171066 0.00049848657716941363 0.00047407049763298662 6.7890817033537115e-05 -0.0044458344543963618 -0.00019572749401864143 -0.0037762489885324302 -4.1742647706075448e-05
leaf_weight=24 20 27 66 33 30 20 20 180 20 34
leaf_count=24 20 27 66 33 30 20 20 180 20 34
internal_value=-1.05309e-05 0.000279908 0.000142981 0.000789474 -7.61125e-05 0.000152672 0.000649606 -0.000340716 -0.000438247 -0.000273723
internal_weight=474 250 230 60 170 104 50 224 200 54
internal_count=474 250 230 60 170 104 50 224 200 54
cat_boundaries=0 1
cat_threshold=8460638
is_linear=0
shrinkage=0.01


Tree=759
num_leaves=9
num_cat=1
split_feature=76 77 31 89 25 40 50 6
split_gain=0.349855 0.449178 0.392304 0.322264 0.443721 0.155715 0.0689381 0.0734472
threshold=15.010714125000002 13.565000025000002 4.4857142140000006 0 4.0000000170000005 11.400000185000001 4.9999999775000008 0.50787407150000008
decision_type=2 2 2 1 2 2 2 2
left_child=1 -1 3 4 -2 -6 -5 -8
right_child=2 -3 -4 6 5 -7 7 -9
leaf_value=-0.0024540920304741824 0.00023562762497035566 0.0010390555472093142 0.00016953693187051296 -0.00016490020051265549 -0.0010908681937529558 0.00043178413306405565 -9.6739470821929631e-05 0.0010968038514243229
leaf_weight=20 34 35 34 220 58 31 25 20
leaf_count=20 34 35 34 220 58 31 25 20
internal_value=-1.36041e-05 0.000725806 -0.000115894 -0.000210905 0.000198057 -0.000139198 -0.000400653 -1.09171e-05
internal_weight=477 55 422 388 123 89 265 45
internal_count=477 55 422 388 123 89 265 45
cat_boundaries=0 1
cat_threshold=168034704
is_linear=0
shrinkage=0.01


Tree=760
num_leaves=11
num_cat=0
split_feature=7 6 3 53 2 20 39 53 72 29
split_gain=0.466608 0.313957 0.357807 0.297821 0.52408 0.261539 0.245401 0.15823 0.0882635 0.0422381
threshold=0.40947400000000006 0.55327271450000015 0.39587557150000002 0.58999967600000014 0.26398846450000008 1.700000001 0.65000000600000007 1.2750000955 6.7521428210000005 3.1928571295000006
decision_type=2 2 2 2 2 2 2 2 2 2
left_child=-1 3 -3 5 -5 -2 -6 -8 9 -7
right_child=1 2 -4 4 6 8 7 -9 -10 -11
leaf_value=0.0014525212095707143 0.00012490601301826112 0.00010529602670614104 -0.00016481079719866224 0.0003121499970378974 1.6281446427411831e-05 -9.1949070139360543e-05 4.4190636748503414e-06 -0.00016188532313445158 2.8996060240382532e-05 -0.0031344521533117598
leaf_weight=31 36 20 21 20 26 169 31 60 30 20
leaf_count=31 36 20 21 20 26 169 31 60 30 20
internal_value=0.000163511 7.2614e-05 0.000897129 -1.01834e-05 0.000359216 -0.000216966 8.0645e-05 -0.000147059 -0.000352593 -0.000434668
internal_weight=464 433 41 392 137 255 117 91 219 189
internal_count=464 433 41 392 137 255 117 91 219 189
is_linear=0
shrinkage=0.01


Tree=761
num_leaves=10
num_cat=0
split_feature=76 4 5 45 3 39 7 40 60
split_gain=0.31927 0.780229 0.292551 0.30168 0.339015 0.217429 0.208382 0.120107 0.124339
threshold=15.025714330000001 0.37534757150000003 0.52691861950000007 5.1499999055000005 0.32407892850000003 2.7000000105000006 0.40947400000000006 15.499999790000002 25.695001125000005
decision_type=2 2 2 2 2 2 2 2 2
left_child=1 5 3 4 -2 -1 -5 8 -8
right_child=2 -3 -4 6 -6 -7 7 -9 -10
leaf_value=-0.00018048631923677367 0.0010225238787559918 0.00022095810270922689 0.00046464130148541428 0.00020452059546295306 -3.334788756901643e-05 0.00041163233674321501 -1.2988235621432363e-07 -2.4480429843647622e-06 -4.2039571756579522e-05
leaf_weight=39 34 26 25 26 36 21 26 22 221
leaf_count=39 34 26 25 26 36 21 26 22 221
internal_value=8.38925e-05 0.00063364 -3.32652e-05 -0.000110716 0.000466102 0 -0.00025524 -0.000342847 -0.000409605
internal_weight=476 86 390 365 70 60 295 269 247
internal_count=476 86 390 365 70 60 295 269 247
is_linear=0
shrinkage=0.01


Tree=762
num_leaves=8
num_cat=0
split_feature=16 31 75 59 40 40 34
split_gain=0.729106 0.374592 0.353688 0.194809 0.178946 0.124452 0.0821161
threshold=0.75045346700000015 4.4857142140000006 6.6842856920000004 35.159999845000009 11.599999970000001 15.949999745000001 3.3714285750000004
decision_type=2 2 2 2 2 2 2
left_child=1 2 3 4 -1 6 -5
right_child=-2 -3 -4 5 -6 -7 -8
leaf_value=-7.0060893588887013e-06 0.0017338918698816886 0.00017931354600767024 0.00020469750367587414 3.7949435053840215e-05 0.00012878200690413238 -2.4235625545214969e-06 -0.0001459668566225928
leaf_weight=38 27 33 26 40 28 22 236
leaf_count=38 27 33 26 40 28 22 236
internal_value=2.88375e-05 -6.96084e-05 -0.000161208 -0.000246711 0.000224551 -0.000358099 -0.000419075
internal_weight=450 423 390 364 66 298 276
internal_count=450 423 390 364 66 298 276
is_linear=0
shrinkage=0.01


Tree=763
num_leaves=11
num_cat=0
split_feature=40 80 40 10 67 6 5 29 6 5
split_gain=0.496338 0.375716 0.477067 0.46305 0.260497 0.454982 0.171089 0.0828074 0.0524522 0.0819471
threshold=15.949999745000001 12.550000055000002 8.3999999465000013 0.62570685700000006 52.240001200000009 0.4833077380000001 0.38842178600000005 3.2214285985000006 0.51452969050000008 0.4845589285000001
decision_type=2 2 2 2 2 2 2 2 2 2
left_child=1 2 3 -1 6 -6 -4 8 -3 -10
right_child=-2 7 4 -5 5 -7 -8 -9 9 -11
leaf_value=-5.045297501240736e-06 0.00024931629596338566 -0.0008024779822909464 1.4179821364201946e-06 0.00017752041054759049 -0.00034106062641014019 4.9889047885310154e-05 -0.00063295340056516395 0.0034978313306111009 0.00031500565017087215 -6.3116419656241535e-06
leaf_weight=22 24 138 33 33 31 21 88 27 20 29
leaf_count=22 24 138 33 33 31 21 88 27 20 29
internal_value=7.49785e-05 0 0.00027972 0.00108423 8.63049e-06 0.00060606 -0.00023399 -0.000302607 -0.000380724 -5.02009e-05
internal_weight=466 442 228 55 173 52 121 214 187 49
internal_count=466 442 228 55 173 52 121 214 187 49
is_linear=0
shrinkage=0.01


Tree=764
num_leaves=13
num_cat=0
split_feature=88 14 64 50 69 75 5 22 31 0 5 1
split_gain=0.364677 0.643525 0.671091 0.267803 0.362814 0.302734 0.253936 0.138941 0.0482649 0.0778705 0.0426612 0.0192946
threshold=25.572599765000003 0.72007978600000011 64.434999940000026 0.99999999650000004 1.4035714330000002 6.6842856920000004 0.41482600000000008 1.6428571470000002 3.8714285410000007 0.24605875000000002 0.49613442850000006 0.33021657150000006
decision_type=10 2 2 2 2 2 2 2 2 2 2 2
left_child=3 2 -2 4 6 8 -1 -3 9 -5 -10 -6
right_child=1 7 -4 5 11 -7 -8 -9 10 -11 -12 -13
leaf_value=1.6985241510407075e-05 0.00023566715037860714 0.00077609089257787674 -0.0017662383851581476 1.6479616473459685e-05 -0.00025085337538051762 0.00027292800311573366 0.00025706622067809604 -1.9720776084914803e-05 -0.00053021519142120214 -0.00054191108241798331 5.2960111781400062e-05 -0.00015523776951034872
leaf_weight=25 31 30 21 20 26 20 20 43 180 27 20 20
leaf_count=25 31 30 21 20 26 20 20 43 180 27 20 20
internal_value=5.47746e-05 0.000520668 0.00136364 -0.000103122 0.00035403 -0.00026699 0.00099345 -6.09757e-05 -0.00036925 -3.13809e-05 -0.000438247 -0.000235043
internal_weight=483 125 52 358 91 267 45 73 247 47 200 46
internal_count=483 125 52 358 91 267 45 73 247 47 200 46
is_linear=0
shrinkage=0.01


Tree=765
num_leaves=11
num_cat=0
split_feature=12 18 5 17 12 11 56 26 48 56
split_gain=0.352803 0.466684 0.58571 0.505775 0.22603 0.224939 0.121855 0.11136 0.162175 0.108331
threshold=0.67817089300000022 0.92857142450000019 0.37873342850000008 41.130000000000003 0.65175100000000008 0.5019708570000001 1.2950000765000003 3.6928571125000005 6.5000000970000009 1.3450002670000003
decision_type=2 2 2 2 2 2 2 2 2 2
left_child=1 5 -3 -4 -5 -1 -7 8 -2 -9
right_child=7 2 3 4 -6 6 -8 9 -10 -11
leaf_value=0.00021737333252861888 -0.0025452923158834524 -4.3564584649493801e-05 0.00022171755017991678 -7.1615738205847251e-06 0.00043888578313810978 -0.0018867667263042362 2.3838889136512491e-05 -3.3865752489481366e-05 2.84530431615757e-05 3.4858343692544248e-06
leaf_weight=21 21 38 26 24 20 88 22 153 21 28
leaf_count=21 21 38 26 24 20 88 22 153 21 28
internal_value=1.51252e-05 0.000285655 0.000772059 0.00131356 0.000580357 -0.000102428 -0.000297834 -0.000265862 0.000163551 -0.000376788
internal_weight=462 239 108 70 44 131 110 223 42 181
internal_count=462 239 108 70 44 131 110 223 42 181
is_linear=0
shrinkage=0.01


Tree=766
num_leaves=12
num_cat=0
split_feature=86 23 17 87 60 27 62 75 11 17 11
split_gain=0.357522 0.517982 0.665888 0.427758 0.274162 0.125035 0.207998 0.119102 0.093743 0.0550848 0.0819471
threshold=100.58776225000001 1.8857142885000002 73.230000000000004 21.597050835000005 32.710000995000009 3.5857142975000005 0.84999990500000011 6.5435714890000005 0.6967543570000001 99.285000000000011 0.68731814250000012
decision_type=2 2 2 8 2 2 2 2 2 2 2
left_child=4 3 -3 -2 7 -5 -7 9 -8 -1 -11
right_child=1 2 -4 5 -6 6 8 -9 -10 10 -12
leaf_value=-0.00047890945854087331 2.844131051721407e-06 0.00035353190873708572 -0.0013535343956791357 -7.8930398505014986e-06 0.000524635341828148 6.9548903342227117e-05 -0.00012855372455126016 0.00025422033381175476 2.6128138136662344e-05 -0.0009857076258952479 0.0003313377350369397
leaf_weight=159 27 22 20 60 20 28 45 21 22 29 20
leaf_count=159 27 22 20 60 20 28 45 21 22 29 20
internal_value=4.53777e-05 0.000338078 0.00133178 9.29977e-05 -0.000210168 -9.94866e-05 0.000109603 -0.000315492 -0.000169617 -0.00039272 -5.02009e-05
internal_weight=473 224 42 182 249 155 95 229 67 208 49
internal_count=473 224 42 182 249 155 95 229 67 208 49
is_linear=0
shrinkage=0.01


Tree=767
num_leaves=12
num_cat=1
split_feature=89 25 60 16 2 8 24 66 88 40 2
split_gain=0.908191 0.907642 0.629191 0.578654 1.06619 0.264573 0.257528 0.458734 0.205742 0.0767119 0.0244948
threshold=0 3.9428571970000008 30.504999635000001 0.67720392850000011 0.28605188100000006 0.58532521450000019 2.2428571245000004 80.009998320000008 22.556260485000003 11.700000035 0.24242164250000001
decision_type=1 2 2 2 2 2 2 2 8 2 2
left_child=5 2 -2 9 -5 6 10 -8 -6 -3 -1
right_child=1 3 -4 4 8 -7 7 -9 -10 -11 -12
leaf_value=-0.00072220076397288353 2.6197932525082875e-06 -0.00016872938232417403 0.0002893682302553266 0.001263364719642433 0.00020707700998058855 -6.3466142349682042e-05 0.00045822419544143845 -0.0018245836037503803 -2.7738507723085638e-05 -6.5947043467013335e-08 -0.0013732130698064036
leaf_weight=20 23 55 20 24 20 157 20 28 29 28 36
leaf_count=20 23 55 20 24 20 157 20 28 29 28 36
internal_value=0.000169271 0.000660152 0.00197489 0.000318877 0.000968835 -0.000215232 0.000152672 0.000696721 7.0281e-05 -0.000232697 -0.00028169
internal_weight=460 199 43 156 73 261 104 48 49 83 56
internal_count=460 199 43 156 73 261 104 48 49 83 56
cat_boundaries=0 1
cat_threshold=13702771
is_linear=0
shrinkage=0.01


Tree=768
num_leaves=11
num_cat=1
split_feature=89 2 28 50 37 48 26 62 0 5
split_gain=0.56435 0.818406 0.309849 0.240299 0.322581 0.222868 0.185315 0.144056 0.0615385 0.0366378
threshold=0 0.34313876200000004 2.0428571615000002 4.9999999775000008 8.8500000425000014 14.449999720000003 3.5857143230000004 0.43499994250000001 0.099405520500000025 0.35079978550000007
decision_type=1 2 2 2 2 2 2 2 2 2
left_child=6 2 -2 5 -5 9 -1 -8 -6 -4
right_child=1 -3 3 4 8 -7 7 -9 -10 -11
leaf_value=5.3193148998732735e-05 5.409013641359192e-06 0.00043008880839444521 -0.0022223490719851546 0.00095821067653204255 -0.0010524217667428324 7.7525283262605308e-05 1.1097388563271881e-05 -0.00029830459029926639 4.1144460391814994e-05 -5.727937678321636e-05
leaf_weight=31 20 26 20 24 20 24 22 198 20 89
leaf_count=31 20 26 20 24 20 24 22 198 20 89
internal_value=4.24413e-05 0.000380221 0.000181359 4.80282e-05 0.000555555 -0.000183109 -0.000280749 -0.000398551 0 -0.000387068
internal_weight=494 243 217 197 64 133 251 220 40 109
internal_count=494 243 217 197 64 133 251 220 40 109
cat_boundaries=0 1
cat_threshold=37819955
is_linear=0
shrinkage=0.01


Tree=769
num_leaves=10
num_cat=1
split_feature=89 1 10 15 28 1 18 1 7
split_gain=0.377806 0.838998 0.195911 0.352686 0.214882 0.129764 0.0623454 0.0799496 0.0278899
threshold=0 0.25515121400000002 0.54578737500000007 0.60295828550000008 2.0142857265000003 0.18086821400000003 0.72142858150000011 0.18654085750000002 0.55696314300000005
decision_type=1 2 2 2 2 2 2 2 2
left_child=1 5 3 -2 -4 -1 7 -6 -7
right_child=2 -3 4 -5 6 8 -8 -9 -10
leaf_value=3.7036329343220002e-05 -0.0086889122222588398 0.00023645019990577596 9.3714557156357282e-05 0.0012706651092930631 -0.0069346783034416439 -0.0007219187397259902 -2.0268168171089613e-05 0.00030276880746767971 -0.0028370252041756451
leaf_weight=28 23 34 29 20 28 45 219 20 20
leaf_count=28 23 34 29 20 28 45 219 20 20
internal_value=-4.49873e-05 0.000395501 -0.000221555 0.000376712 -0.00032345 -4.79745e-05 -0.000416356 -4.09837e-05 -0.00031155
internal_weight=466 127 339 43 296 93 267 48 65
internal_count=466 127 339 43 296 93 267 48 65
cat_boundaries=0 1
cat_threshold=135266448
is_linear=0
shrinkage=0.01


Tree=770
num_leaves=10
num_cat=0
split_feature=7 59 73 61 59 15 45 17 53
split_gain=0.238652 0.166458 0.310059 0.192229 0.22144 0.296138 0.135675 0.0428067 0.0983101
threshold=0.40947400000000006 35.074998855000011 8.7007143160000009 24.105000020000002 40.954999925000003 0.72553692850000007 23.999999830000004 29.740000000000006 0.39499998100000006
decision_type=2 2 2 2 2 2 2 2 2
left_child=-1 2 -2 4 5 -3 7 8 -5
right_child=1 3 -4 6 -6 -7 -8 -9 -10
leaf_value=0.0016684155155868609 -0.002688464055637595 0.00095748707273582455 0.00038045805188249404 -0.0020818990222518665 -3.1188057877307568e-05 -3.5301486119742801e-05 0.00026186920689183192 -4.622172284870486e-05 1.1953882763510657e-05
leaf_weight=29 35 35 20 39 38 33 20 199 20
leaf_count=29 35 35 20 39 38 33 20 199 20
internal_value=-6.82595e-05 -0.000130741 0.000367383 -0.0002079 0.000140449 0.000494186 -0.00034792 -0.000413447 -0.000125418
internal_weight=468 439 55 384 106 68 278 258 59
internal_count=468 439 55 384 106 68 278 258 59
is_linear=0
shrinkage=0.01


Tree=771
num_leaves=8
num_cat=0
split_feature=7 27 27 5 4 44 13
split_gain=0.654978 0.25157 0.289678 0.449946 0.459133 0.361684 0.140794
threshold=0.40669402350000006 4.1642857280000012 3.6571428865000004 0.37716700000000009 0.33806902850000004 3.3999999685000004 0.65255918350000008
decision_type=2 2 2 2 2 2 2
left_child=-1 2 6 -4 -5 -6 -2
right_child=1 -3 3 4 5 -7 -8
leaf_value=0.00030104378180441978 3.9889295482535978e-05 -0.00081090701468956871 -0.0018742991241721444 0.00091248707604726931 -1.8650523920774538e-05 0.00010563620999905322 -2.1587700757111916e-05
leaf_weight=22 20 130 50 30 38 51 103
leaf_count=22 20 130 50 30 38 51 103
internal_value=-2.24821e-05 -0.000115894 4.09835e-05 0.000315076 0.000655259 0.000261693 -0.000319063
internal_weight=444 422 292 169 119 89 123
internal_count=444 422 292 169 119 89 123
is_linear=0
shrinkage=0.01


Tree=772
num_leaves=8
num_cat=0
split_feature=59 4 0 75 88 87 58
split_gain=0.394107 0.361359 0.347876 0.244225 0.182402 0.131256 0.0742042
threshold=35.074998855000011 0.37087578550000005 0.065224698000000011 6.6842856920000004 27.836040485000002 32.200086965000004 2.3849997520000001
decision_type=2 2 2 2 10 10 2
left_child=1 -1 -2 4 5 6 -4
right_child=2 -3 3 -5 -6 -7 -8
leaf_value=0.00017517713349528107 0.00019352131264625071 0.00015604898872164033 -5.3487194804676518e-05 0.00025182014109489118 3.9001458803733878e-05 7.1877533537364432e-06 -0.00011777074391055899
leaf_weight=32 25 20 269 21 29 20 39
leaf_count=32 25 20 269 21 29 20 39
internal_value=-1.20668e-05 0.000795454 -0.000122586 -0.000203274 -0.000269704 -0.000340633 -0.000395078
internal_weight=455 52 403 378 357 328 308
internal_count=455 52 403 378 357 328 308
is_linear=0
shrinkage=0.01


Tree=773
num_leaves=11
num_cat=1
split_feature=89 68 2 40 23 11 72 7 23 33
split_gain=0.541943 1.05584 0.302962 0.246524 0.373596 0.348344 0.216931 0.139603 0.107547 0.0423975
threshold=0 51.014999865000007 0.21461542900000002 11.400000185000001 1.8857142885000002 0.65767021400000003 5.7235714285000006 0.4140623570000001 1.7928571485000002 4.2357143330000016
decision_type=1 2 2 2 2 2 2 2 2 2
left_child=1 2 -1 7 5 -5 8 -2 -4 -9
right_child=3 -3 6 4 -6 -7 -8 9 -10 -11
leaf_value=0.00030381919117879701 0.00056900361284467854 0.00056009137588376408 4.7206457288480799e-05 0.00033977032219006725 -0.00051500599988925204 -1.3663113927472719e-05 0.00058537925920545866 -0.00010686729092743489 -0.0016996298906318034 -2.2713313488957315e-05
leaf_weight=20 20 21 22 27 38 23 30 173 61 20
leaf_count=20 20 21 22 27 38 23 30 173 61 20
internal_value=8.88546e-05 0.000552184 0.000235426 -0.000155549 0.00027027 0.000846457 1.31809e-05 -0.000348457 -0.000232697 -0.000436017
internal_weight=455 154 133 301 88 50 113 213 83 193
internal_count=455 154 133 301 88 50 113 213 83 193
cat_boundaries=0 1
cat_threshold=137398288
is_linear=0
shrinkage=0.01


Tree=774
num_leaves=11
num_cat=0
split_feature=6 60 34 37 64 9 16 24 6 7
split_gain=0.309257 0.396436 0.282795 0.536693 0.943268 0.240333 0.328281 0.107784 0.0650942 0.0778705
threshold=0.54994721450000006 30.684999945000005 4.7142857310000013 4.0500000380000012 21.150000100000003 0.51895184300000008 0.57035564300000019 2.4857142565000001 0.51452969050000008 0.59336904800000012
decision_type=2 2 2 2 2 2 2 2 2 2
left_child=2 -2 5 -4 -5 6 -1 8 -7 -10
right_child=1 -3 3 4 -6 7 -8 -9 9 -11
leaf_value=-0.013800758802458998 9.1218290698751773e-06 -8.3189948873379235e-05 -0.00012426598920309273 -5.7347902145039922e-06 0.00027992195109877122 -0.00062810969450718219 0.0012450771807348327 -0.00032914562646618506 0.00030260161775220285 -0.0030480865374527661
leaf_weight=20 21 26 41 28 21 229 20 25 20 27
leaf_count=20 21 26 41 28 21 229 20 25 20 27
internal_value=-3.55055e-05 0.000721757 -0.0001239 0.000363436 0.0010743 -0.000258923 0.000441176 -0.00035951 -0.000419075 -3.13809e-05
internal_weight=478 47 431 90 49 341 40 301 276 47
internal_count=478 47 431 90 49 341 40 301 276 47
is_linear=0
shrinkage=0.01


Tree=775
num_leaves=12
num_cat=1
split_feature=7 89 4 43 77 15 38 3 10 88 4
split_gain=0.515844 0.526427 1.65224 0.428489 0.420887 0.611204 0.189291 0.266515 0.10833 0.0432315 0.0268617
threshold=0.63897342850000005 0 0.38540292850000007 0.60000001650000001 12.279285940000003 0.72790397600000012 0.35000000900000006 0.32843285750000006 0.54578737500000007 27.750884020000004 0.29505957150000006
decision_type=2 1 2 2 2 2 2 2 2 10 2
left_child=1 2 3 10 5 -3 7 -6 -8 -10 -1
right_child=-2 4 -4 -5 6 -7 8 -9 9 -11 -12
leaf_value=-0.0036574898923082333 1.7571968725792259e-05 0.00032384044924873071 8.0014931681313543e-05 0.00011035506533143503 0.0002526240860231437 -0.0038362735752266899 7.8746206133994552e-05 -0.00089176754808540845 -4.6475304056922067e-05 0.00021946219451735195 -0.003330526871907808
leaf_weight=20 29 24 20 20 24 21 26 23 197 20 42
leaf_count=20 29 24 20 20 24 21 26 23 197 20 42
internal_value=0.000182091 9.02237e-05 0.000682624 8.45409e-05 -0.000102661 0.000775109 -0.000251032 0.000303347 -0.000367104 -0.000443067 -0.000302548
internal_weight=466 437 102 82 335 45 290 47 243 217 62
internal_count=466 437 102 82 335 45 290 47 243 217 62
cat_boundaries=0 1
cat_threshold=673974912
is_linear=0
shrinkage=0.01


Tree=776
num_leaves=11
num_cat=0
split_feature=13 27 48 73 88 10 46 2 73 0
split_gain=0.71795 0.85699 0.342421 0.443776 1.30277 0.365952 0.252359 0.0995483 0.0387807 0.0319177
threshold=0.74664312500000019 3.6500000190000006 9.8499999050000024 8.5257143295000013 25.572599765000003 0.5538635715000001 10.750000135000002 0.34313876200000004 8.1878571510000011 0.10300379150000001
decision_type=2 2 2 2 10 2 2 2 2 2
left_child=2 -2 3 9 5 -5 -7 8 -4 -1
right_child=1 -3 7 4 -6 6 -8 -9 -10 -11
leaf_value=0.00021726757257218342 -3.450733232846918e-05 3.1490466501095706e-05 -9.0745042580891027e-07 0.00063033152470482465 0.00027937290278415327 0.0001194383919527522 -0.00035005480996575937 5.2104841797159874e-06 -0.00065800410139012818 -0.00011579656515107381
leaf_weight=20 21 38 21 20 24 20 84 26 147 60
leaf_count=20 21 38 21 20 24 20 84 26 147 60
internal_value=0.000119344 0.00114548 -2.12868e-05 0.000236014 0.000564516 0.000128205 -9.542e-05 -0.000333676 -0.00042654 -0.000346535
internal_weight=481 59 422 228 148 124 104 194 168 80
internal_count=481 59 422 228 148 124 104 194 168 80
is_linear=0
shrinkage=0.01


Tree=777
num_leaves=9
num_cat=0
split_feature=16 27 15 44 16 15 9 6
split_gain=0.482947 0.493817 0.635854 0.543415 0.461924 0.502628 0.303749 0.0367571
threshold=0.58913064300000018 4.2285714235000009 0.65142042900000019 3.3999999685000004 0.69752910700000015 0.71008671400000012 0.65777140000000012 0.51259321400000013
decision_type=2 2 2 2 2 2 2 2
left_child=7 2 3 -2 -4 -6 -7 -1
right_child=1 -3 4 -5 5 6 -8 -9
leaf_value=-0.0043956352806886045 0.000129188126372361 0.00010938729640258833 -0.00019744051127755478 0.00026869990074775162 0.00031650880526590215 -1.505750402207128e-05 1.0144246433425886e-05 -0.00076360803786995059
leaf_weight=90 20 33 104 29 27 72 72 20
leaf_count=90 20 33 104 29 27 72 72 20
internal_value=0.000180633 0.000361934 0.00023399 0.0012751 3.80709e-05 0.000363795 0.000110497 -0.000388087
internal_weight=467 357 324 49 275 171 144 110
internal_count=467 357 324 49 275 171 144 110
is_linear=0
shrinkage=0.01


Tree=778
num_leaves=11
num_cat=0
split_feature=40 87 75 25 86 31 88 0 8 25
split_gain=0.607732 0.838114 1.02207 0.389984 0.194822 0.48412 0.225741 0.175473 0.333224 0.0684729
threshold=12.250000030000001 22.010740550000005 4.9392856585000011 3.7928571530000004 73.069060915000009 4.2571428160000009 27.750884020000004 0.25836732650000005 0.57947857150000015 3.9642856800000001
decision_type=2 8 2 2 2 2 10 2 2 2
left_child=3 -2 -3 -1 5 -5 7 9 -9 -6
right_child=1 2 -4 4 6 -7 -8 8 -10 -11
leaf_value=5.2648369709273404e-05 -0.0011998988164055914 3.8626365030268874e-06 0.00027704388395225437 -0.0016044106647196549 -0.00010553777552756265 0.0012496796867778992 7.8674108121067044e-05 8.1665302880338426e-06 -8.9339978772880974e-05 -0.00027081627388096609
leaf_weight=38 23 23 22 38 43 22 21 22 50 162
leaf_count=38 23 23 22 38 43 22 21 22 50 162
internal_value=0.00020654 0.00107558 0.00186681 5.04031e-05 -4.73803e-05 0.000460526 -0.000157296 -0.000239381 0.000164835 -0.000391157
internal_weight=464 68 45 396 358 60 298 277 72 205
internal_count=464 68 45 396 358 60 298 277 72 205
is_linear=0
shrinkage=0.01


Tree=779
num_leaves=12
num_cat=1
split_feature=89 85 87 6 46 85 16 16 16 0 46
split_gain=0.626173 0.504185 1.21433 0.449779 0.359611 0.284374 0.196002 0.170797 0.711256 0.0983959 0.12154
threshold=0 17.290000030000005 26.304769825000005 0.51656864300000016 9.8500000200000013 15.930714400000001 0.71469892850000016 0.6125375715000001 0.63790400000000014 0.100386875 22.499999915000004
decision_type=1 2 8 2 2 2 2 2 2 2 2
left_child=1 3 -3 5 -2 6 -1 -6 -9 -10 -11
right_child=4 2 -4 -5 7 -7 -8 8 9 10 -12
leaf_value=0.00011293114391647263 7.3501516181000244e-06 0.00025843447468285697 -1.1042055338946941e-05 1.238161719577464e-05 -0.0021991799320713354 -0.00032641584228870806 -3.7334638533457478e-05 0.00024075689353140518 2.387564427926106e-05 -3.398016601502027e-05 6.3226886576625097e-05
leaf_weight=20 23 23 22 22 106 50 21 21 20 104 23
leaf_count=20 23 23 22 22 106 50 21 21 20 104 23
internal_value=0.000220491 0.000704976 0.00164847 0.000364675 -5.36064e-05 2.7233e-05 0.000657895 -0.000163756 2.36966e-05 -0.000213126 -0.000324726
internal_weight=455 158 45 113 297 91 41 274 168 147 127
internal_count=455 158 45 113 297 91 41 274 168 147 127
cat_boundaries=0 1
cat_threshold=673448216
is_linear=0
shrinkage=0.01


Tree=780
num_leaves=11
num_cat=0
split_feature=76 77 7 75 7 51 88 22 22 0
split_gain=0.480007 0.842084 0.658532 0.409694 0.253575 0.369807 0.342068 0.198699 0.146252 0.0437461
threshold=15.022857120000003 13.530714275000003 0.48994885700000007 6.6842856920000004 0.48500150000000003 6.8999999535000009 24.358773140000004 1.8285714515000002 1.5999999815000001 0.073444458000000004
decision_type=2 2 2 2 2 2 10 2 2 2
left_child=1 -1 -3 4 6 8 7 -2 -6 -10
right_child=3 2 -4 -5 5 -7 -8 -9 9 -11
leaf_value=-0.0035033594131392981 -0.0020206459489352504 2.1037850054469854e-06 0.00041117320816654994 0.00027192861090938428 1.1024962582891814e-05 4.487954338659135e-06 0.00064366419462788419 5.3413884297381838e-06 -0.0015544228216623436 -9.4440167826438209e-05
leaf_weight=28 42 21 22 20 20 29 26 23 20 215
leaf_count=28 42 21 22 20 20 29 26 23 20 215
internal_value=0.000117823 0.000870473 0.00174658 -1.3896e-05 -9.44653e-05 -0.000245787 0.00035403 -7.5989e-06 -0.000373339 -0.000447413
internal_weight=466 71 43 395 375 284 91 65 255 235
internal_count=466 71 43 395 375 284 91 65 255 235
is_linear=0
shrinkage=0.01


Tree=781
num_leaves=12
num_cat=0
split_feature=71 5 37 16 67 7 76 16 26 4 37
split_gain=0.695492 1.03284 1.9264 0.338667 0.351332 0.3368 0.246927 0.285009 0.273073 0.130983 0.119547
threshold=6.4428571460000006 0.43466569050000009 8.3500001095000016 0.70409078600000008 45.739999295000004 0.58904342850000013 15.854285785000002 0.59343418550000016 4.2071428640000006 0.33499321400000009 7.7000001225000005
decision_type=2 2 2 2 2 2 2 2 2 2 2
left_child=1 3 -3 -1 9 -4 8 -8 10 -5 -2
right_child=6 2 5 4 -6 -7 7 -9 -10 -11 -12
leaf_value=-0.00044833771715252767 -0.00072320745731732075 0.00019411780273842773 6.8100756897287727e-05 1.6279077026989914e-05 0.0013164655178381835 -0.0010257775070899335 -0.00048298872678831243 0.0001617117845932027 0.00012346498394397396 -0.0007740568884836074 -6.9054853224012159e-06
leaf_weight=52 173 20 20 25 22 21 33 28 22 24 26
leaf_count=52 173 20 20 25 22 21 33 28 22 24 26
internal_value=0.000203513 0.000681818 0.00173948 0.000133279 0.000591922 0.00041866 -0.000102546 0.000444984 -0.000263751 7.0281e-05 -0.000387888
internal_weight=466 184 61 123 71 41 282 61 221 49 199
internal_count=466 184 61 123 71 41 282 61 221 49 199
is_linear=0
shrinkage=0.01


Tree=782
num_leaves=11
num_cat=0
split_feature=47 9 9 2 4 37 50 60 87 0
split_gain=0.470654 0.32811 0.557795 0.281965 1.49169 0.263245 0.194682 0.122286 0.168625 0.0375363
threshold=58.250000580000005 0.60086657500000007 0.6103700700000001 0.29467918700000001 0.36822471450000005 4.4999999925000003 11.000000150000002 30.669999600000001 23.730479810000002 0.12285293750000002
decision_type=2 2 2 2 2 2 2 2 10 2
left_child=1 7 -3 4 6 -5 -4 -1 -9 -7
right_child=-2 2 3 5 -6 9 -8 8 -10 -11
leaf_value=-0.00060668864367865289 0.00011448734978767809 0.00039715151539111753 -0.0016503364281446693 1.2528907391473423e-05 0.0002351172351245271 3.4336507580057934e-06 0.00097087777763635904 -0.0050379338235617853 4.8288553188451951e-05 -4.4161907843742638e-05
leaf_weight=122 24 20 57 35 24 20 26 26 22 97
leaf_count=122 24 20 57 35 24 20 26 26 22 97
internal_value=0.000108696 3.00132e-05 0.000244818 0.0001097 0.000505566 -0.000157068 -0.000113365 -0.000310305 8.19671e-05 -0.000394737
internal_weight=473 449 279 259 107 152 83 170 48 117
internal_count=473 449 279 259 107 152 83 170 48 117
is_linear=0
shrinkage=0.01


Tree=783
num_leaves=11
num_cat=0
split_feature=88 6 49 88 6 8 50 16 12 75
split_gain=0.349808 0.340309 0.267581 0.528029 0.595423 0.553098 0.266367 0.233297 0.206596 0.125953
threshold=27.836040485000002 0.49004089300000003 0.40000000950000009 25.921937140000004 0.47562464300000001 0.65587590500000015 0.99999999650000004 0.70409078600000008 0.64120902400000013 6.6842856920000004
decision_type=10 2 2 10 2 2 2 2 2 2
left_child=2 -2 6 4 7 -6 -1 8 -4 -8
right_child=1 -3 3 -5 5 -7 9 -9 -10 -11
leaf_value=0.0001708634628945249 0.00052051318026339385 -6.2034756386839917e-05 -4.1631816768839006e-05 -1.2416462891500693e-05 0.0010648636905296555 5.5287573115609638e-06 -0.00079219297987989732 -0.0012284712478009766 3.1355223506013624e-05 3.3037907474805847e-05
leaf_weight=38 20 20 22 64 20 21 187 37 20 25
leaf_count=38 20 20 22 64 20 21 187 37 20 25
internal_value=4.4229e-05 0.000931372 -3.44987e-05 0.000248918 0.000645695 0.00161483 -0.000251196 0.000106516 0.000630841 -0.000394737
internal_weight=474 40 434 184 120 41 250 79 42 212
internal_count=474 40 434 184 120 41 250 79 42 212
is_linear=0
shrinkage=0.01


Tree=784
num_leaves=10
num_cat=0
split_feature=47 6 1 8 28 17 58 82 71
split_gain=0.39056 0.411906 0.694223 0.295317 0.317832 0.196002 0.157359 0.161007 0.145712
threshold=58.250000580000005 0.54869635750000012 0.29022164300000003 0.48546688100000007 2.0428571615000002 52.57500000000001 2.1949996945000003 19.425000055000002 5.2557142590000003
decision_type=2 2 2 2 2 2 2 2 2
left_child=1 3 -3 -1 5 -5 8 -8 -6
right_child=-2 2 -4 4 6 -7 7 -9 -10
leaf_value=0.001135035766898258 0.00010275047704341272 0.00013646170039894573 -0.00032693859790829653 -2.1814779914376325e-05 2.5305319744853748e-06 0.00027799351657952734 0.0002420650737055904 -0.0017741570107285541 -5.484376189233611e-05
leaf_weight=37 26 20 27 21 20 20 32 22 231
leaf_count=37 26 20 27 21 20 20 32 22 231
internal_value=0.000131348 5.33889e-05 0.000930962 -5.08078e-05 -0.000147059 0.000657895 -0.000263244 0.00020073 -0.000371327
internal_weight=456 430 47 383 346 41 305 54 251
internal_count=456 430 47 383 346 41 305 54 251
is_linear=0
shrinkage=0.01


Tree=785
num_leaves=10
num_cat=0
split_feature=16 27 28 48 6 15 45 87 0
split_gain=0.404686 0.661929 0.361366 0.560952 0.34899 0.380904 0.331689 0.207609 0.0319177
threshold=0.60949717850000018 4.2285714235000009 2.1142856985000003 15.649999815000003 0.51911278550000006 0.73386642850000017 23.999999830000004 27.820630600000005 0.24174418750000001
decision_type=2 2 2 2 2 2 2 10 2
left_child=6 2 8 4 7 -6 -1 -4 -2
right_child=1 -3 3 -5 5 -7 -8 -9 -10
leaf_value=-0.004270513057649015 -0.0014321233960438689 0.00026003394007507763 -5.7786521511840213e-06 3.0253375744259962e-05 0.00088655974103839068 -1.9797139841597822e-05 0.00027161488259596885 0.0016139761683140095 -1.5877615361660334e-05
leaf_weight=120 20 29 140 24 24 20 20 29 60
leaf_count=120 20 29 140 24 24 20 20 29 60
internal_value=0.00017461 0.000360438 0.000218691 0.000418419 0.000240879 0.00102679 -0.000269886 2.06124e-05 -0.000346535
internal_weight=486 346 317 237 213 44 140 169 80
internal_count=486 346 317 237 213 44 140 169 80
is_linear=0
shrinkage=0.01


Tree=786
num_leaves=12
num_cat=1
split_feature=89 67 43 87 86 16 16 62 67 87 73
split_gain=0.79802 0.505587 0.461444 0.964478 0.330119 0.817383 0.262359 0.229352 0.124003 0.108139 0.112181
threshold=0 51.775000095000003 0.30000000800000004 22.200154955000006 73.069060915000009 0.6125375715000001 0.75045346700000015 3.0650000570000002 41.875000000000007 28.518319975000004 8.7007143160000009
decision_type=1 2 2 8 2 2 2 2 2 10 2
left_child=1 2 -1 -4 5 -2 8 -3 -6 -10 -11
right_child=4 7 3 -5 6 -7 -8 -9 9 10 -12
leaf_value=-0.00014120618053630748 -0.0029556090239118427 0.00026814331386382483 -0.00090192126782655312 0.00073089317206306164 2.2052999380595686e-05 0.0013340164513125452 1.0069377960017264e-05 0.00025411143679432945 -4.3061227262236204e-05 8.2534430007149496e-05 -0.00077603300542670507
leaf_weight=36 29 22 21 22 20 22 21 21 203 30 31
leaf_count=36 29 22 21 22 20 22 21 21 203 30 31
internal_value=0.00014411 0.000805723 0.000357143 0.00106164 -9.81462e-05 0.000627413 -0.000230543 0.00174658 -0.000316011 -0.000377644 0
internal_weight=478 122 79 43 356 51 305 43 284 264 61
internal_count=478 122 79 43 356 51 305 43 284 264 61
cat_boundaries=0 1
cat_threshold=673448328
is_linear=0
shrinkage=0.01


Tree=787
num_leaves=12
num_cat=0
split_feature=7 16 24 51 13 5 76 35 9 2 7
split_gain=0.298005 0.462054 0.388616 0.441157 0.215395 0.208929 0.322991 0.357878 0.44493 0.0838677 0.0386787
threshold=0.49858007150000005 0.58913064300000018 2.2285714405000001 1.7000000105000002 0.64432570000000011 0.43466569050000009 15.025714330000001 1.0000000180025095e-35 0.66919365000000008 0.27183042850000005 0.55696314300000005
decision_type=2 2 2 2 2 2 2 2 2 2 2
left_child=1 -1 4 -4 -3 10 -7 8 -8 -6 -2
right_child=5 2 3 -5 9 6 7 -9 -10 -11 -12
leaf_value=-0.0065421310877114896 -0.00056139726196138893 9.1572853146862299e-06 0.00010758592477865802 0.0012956599989784651 2.8919543746807886e-05 2.5626293854363919e-05 0.00016090027366722691 -1.3073843601688698e-05 -3.312206713287009e-05 -1.7414764803994417e-05 -0.0002906951312494932
leaf_weight=41 109 24 21 22 20 21 30 85 38 30 20
leaf_count=41 109 24 21 22 20 21 30 85 38 30 20
internal_value=8.12039e-05 0.000434509 0.000759762 0.00151826 0.000280749 -9.71035e-05 0.000120137 -2.92589e-05 0.000494186 -5.90552e-05 -0.000404469
internal_weight=461 158 117 43 74 303 174 153 68 50 129
internal_count=461 158 117 43 74 303 174 153 68 50 129
is_linear=0
shrinkage=0.01


Tree=788
num_leaves=11
num_cat=0
split_feature=22 9 4 33 17 10 18 4 6 1
split_gain=0.530348 0.377003 0.410395 0.257067 0.175454 0.117248 0.112491 0.170852 0.106671 0.0428731
threshold=1.7857142900000003 0.53159475000000012 0.37534757150000003 3.9500000135000009 74.520000000000024 0.51740052350000021 0.97857142800000008 0.34317428550000006 0.54994721450000006 0.16604307150000003
decision_type=2 2 2 2 2 2 2 2 2 2
left_child=5 -2 6 4 -4 -1 -3 -8 9 -7
right_child=1 2 3 -5 -6 8 7 -9 -10 -11
leaf_value=5.5843638781494788e-05 0.0024686416917041533 -0.001498476053891576 -0.0024546240281464338 0.00017598754591987585 0.00057145712804479269 -0.0017865383840773605 0.0002607121438040794 -0.0020727227671054329 2.4446887256033519e-06 -6.9953799456013907e-05
leaf_weight=20 22 60 21 35 20 20 20 20 26 186
leaf_count=20 22 60 21 35 20 20 20 20 26 186
internal_value=6.65472e-06 0.000397384 0.000226244 0.00078125 0.000179426 -0.000292722 -0.000178572 0.000196078 -0.000360825 -0.000440039
internal_weight=450 198 176 76 41 252 100 40 232 206
internal_count=450 198 176 76 41 252 100 40 232 206
is_linear=0
shrinkage=0.01


Tree=789
num_leaves=11
num_cat=0
split_feature=22 4 4 40 39 85 15 75 4 4
split_gain=0.390692 0.50542 0.418047 0.320325 0.398627 0.200275 0.239546 0.115956 0.0253349 0.0216024
threshold=1.8500000070000002 0.39586273800000005 0.33170807150000003 12.050000020000001 12.299999980000001 15.911428585000001 0.7266769525000002 6.441428644000001 0.37534757150000003 0.34757885750000006
decision_type=2 2 2 2 2 2 2 2 2 2
left_child=3 2 -2 5 -5 6 -1 -7 -4 -8
right_child=1 -3 8 4 -6 7 9 -9 -10 -11
leaf_value=0.00045794012123499014 4.9685896489241237e-05 0.00022798499034356023 -0.003166251095207572 0.00030146041837238158 -4.4553344815203886e-06 -0.00032576266182092857 0.00019912670376180054 1.0090328242112886e-05 -0.00011503190789508247 -1.5710793675312511e-05
leaf_weight=37 37 24 38 22 29 180 20 27 20 30
leaf_count=37 37 24 38 22 29 180 20 27 20 30
internal_value=7.74525e-05 0.000571786 0.000213987 -8.82014e-05 0.000627413 -0.000220489 0.000165148 -0.000392204 -0.000289116 -0.000255906
internal_weight=464 119 95 345 51 294 87 207 58 50
internal_count=464 119 95 345 51 294 87 207 58 50
is_linear=0
shrinkage=0.01


Tree=790
num_leaves=11
num_cat=0
split_feature=77 87 46 21 21 9 18 26 77 5
split_gain=0.439985 0.501406 0.443114 0.239928 0.417338 0.322905 0.096058 0.100326 0.0433231 0.0253349
threshold=13.954285755000003 23.730479810000002 9.2499998435000013 1.7571428290000004 1.6857143045000003 0.60086657500000007 1.0642857125000003 4.1142856560000007 12.184285775000001 0.38124067850000004
decision_type=2 10 2 2 2 2 2 2 2 2
left_child=2 -2 -1 4 9 -6 7 8 -5 -4
right_child=1 -3 3 6 5 -7 -8 -9 -10 -11
leaf_value=2.8003766828765369e-05 -9.0022644111469741e-05 0.00012149549215838466 -0.00057837243164452564 -1.0282200417769905e-05 -5.8458508802102238e-05 0.0019120096677812354 -0.00036518270684802925 0.00014940003882701289 -0.00011996531827776626 -0.00042676561308945769
leaf_weight=20 30 37 20 20 20 26 24 28 200 38
leaf_count=20 30 37 20 20 20 26 24 28 200 38
internal_value=5.71366e-05 0.000803835 -6.55243e-05 -0.00014862 0.000248091 0.000961538 -0.000307918 -0.000369775 -0.000443841 -0.000289116
internal_weight=463 67 396 376 104 46 272 248 220 58
internal_count=463 67 396 376 104 46 272 248 220 58
is_linear=0
shrinkage=0.01


Tree=791
num_leaves=10
num_cat=0
split_feature=57 44 15 87 45 0 75 8 28
split_gain=0.540127 0.307672 0.459281 0.548238 0.383196 0.378 0.263541 0.507214 0.127485
threshold=0.55999994300000011 6.1999998575000008 0.7266769525000002 26.304769825000005 23.900000205000001 0.065224698000000011 4.2892856700000008 0.57947857150000015 2.3571428655000006
decision_type=2 2 2 10 2 2 2 2 2
left_child=-1 4 3 -3 5 -2 7 -7 -8
right_child=1 2 -4 -5 -6 6 8 -9 -10
leaf_value=0.00015454267803130444 0.00019005349926748259 0.00029433186659491074 -0.0012476052674727444 2.0032194624116073e-05 0.00025560083473015672 0.00011641833285872189 -0.00093247635194571412 -0.0007248659188547566 -5.0777826580290603e-06
leaf_weight=20 22 35 25 31 20 22 175 24 95
leaf_count=20 22 35 25 31 20 22 175 24 95
internal_value=0.000241592 0.000163406 0.000680828 0.00112275 2.50835e-05 -5.01772e-05 -0.000145202 0.000534188 -0.000269572
internal_weight=469 449 91 66 358 338 316 46 270
internal_count=469 449 91 66 358 338 316 46 270
is_linear=0
shrinkage=0.01


Tree=792
num_leaves=10
num_cat=0
split_feature=58 58 40 59 87 16 67 70 0
split_gain=0.900686 0.784833 0.456104 0.323131 0.274079 0.291683 0.430671 0.227793 0.0442108
threshold=0.52500009550000015 0.4650001525000001 15.949999745000001 34.864999770000004 31.599505230000002 0.72323602400000009 46.390000820000004 8.2221429005000015 0.062701937500000013
decision_type=2 2 2 2 10 2 2 2 2
left_child=1 3 4 -1 5 8 -7 -5 -2
right_child=2 -3 -4 7 -6 6 -8 -9 -10
leaf_value=0.0020045663875664717 -0.0018889149166541515 0.00013656989155802116 0.00031019659455995346 -0.0010194814116839287 4.8858266210866089e-06 -9.7085302849620161e-05 0.00090686257045432313 0.00010080446585121163 -5.6744414075277692e-05
leaf_weight=25 20 21 21 37 20 32 27 20 234
leaf_count=25 20 21 21 37 20 32 27 20 234
internal_value=0.000108126 0.000929672 -0.000126832 0.00044686 -0.000223188 -0.000301147 0.000309364 0 -0.000451334
internal_weight=457 103 354 82 333 313 59 57 254
internal_count=457 103 354 82 333 313 59 57 254
is_linear=0
shrinkage=0.01


Tree=793
num_leaves=12
num_cat=0
split_feature=20 48 79 70 7 47 4 62 4 0 29
split_gain=0.42268 0.845639 0.460286 0.351126 0.243025 0.22148 0.178153 0.304407 0.133433 0.191897 0.0433231
threshold=1.9428571545000002 0.90000000950000014 8.507857050500002 7.5292857035000003 0.40947400000000006 58.250000580000005 0.33777235700000008 0.43499994250000001 0.41752242900000008 0.15448225000000002 2.4999999745000001
decision_type=2 2 2 2 2 2 2 2 2 2 2
left_child=2 -2 3 -1 -4 6 7 -5 10 -10 -6
right_child=1 -3 4 5 8 -7 -8 -9 9 -11 -12
leaf_value=0.0002102643202470107 -0.00053057752381134463 0.00024080225969836628 0.00019606176601795353 9.8147182351371478e-05 6.210671902276615e-05 0.00010212170611431844 -2.9609174699817879e-05 -0.0037714149041647477 1.5885416990264016e-05 -0.0054755916711960277 -0.00063744383188352736
leaf_weight=30 21 24 23 21 20 25 51 20 20 25 200
leaf_count=30 21 24 23 21 20 25 51 20 20 25 200
internal_value=7.90348e-05 0.00099345 -1.26206e-05 0.0004364 -0.000249308 0.000165535 -4.31036e-05 0.00041866 -0.000340482 0.000120087 -0.000443841
internal_weight=480 45 435 147 288 117 92 41 265 45 220
internal_count=480 45 435 147 288 117 92 41 265 45 220
is_linear=0
shrinkage=0.01


Tree=794
num_leaves=10
num_cat=0
split_feature=46 15 16 66 40 88 37 16 0
split_gain=0.594851 0.545297 0.743354 1.15534 0.21604 0.442018 0.0858348 0.095646 0.0288315
threshold=13.400000165000003 0.7266769525000002 0.67720392850000011 82.66000080500001 11.999999855000002 30.949619655000003 2.3499999790000001 0.72501332150000009 0.099150083000000014
decision_type=2 2 2 2 2 8 2 2 2
left_child=1 2 4 -4 -1 -6 -2 -8 -3
right_child=6 8 3 -5 5 -7 7 -9 -10
leaf_value=-0.0016235036848593412 5.4040347088529092e-06 0.00019467569745718559 0.00056764013229293551 7.8812626650373728e-07 -0.004648919792252201 0.00030094859814006362 -0.00011664017018034792 3.3767269669166233e-05 -4.1722435199982017e-06
leaf_weight=37 28 20 31 30 21 23 186 33 48
leaf_count=37 28 20 31 30 21 23 186 33 48
internal_value=0 0.000393738 0.0007493 0.00157767 9.16869e-05 0.000580357 -0.000328894 -0.000398089 -0.000319768
internal_weight=457 210 142 61 81 44 247 219 68
internal_count=457 210 142 61 81 44 247 219 68
is_linear=0
shrinkage=0.01


Tree=795
num_leaves=11
num_cat=0
split_feature=28 5 17 87 14 1 62 3 85 51
split_gain=0.543651 0.517955 0.419283 0.689864 0.371099 0.696467 0.289201 0.152114 0.371232 0.0415758
threshold=2.2714285765000004 0.32167057150000006 106.49000000000002 23.193183440000002 0.66238002350000003 0.24242300000000003 0.84999990500000011 0.35729614250000002 18.039285730000003 7.0000000780000011
decision_type=2 2 2 10 2 2 2 2 2 2
left_child=1 -1 4 -4 5 -3 -2 -6 -9 -8
right_child=6 2 3 -5 7 -7 9 8 -10 -11
leaf_value=0.00035033392176056104 0.00069298064252510446 -7.2824517004853025e-05 -2.0644339793097695e-06 0.00035438994685830979 -0.0017391561019448904 0.00013755184355848218 -0.00014729939901060148 0.00051729118938907844 -0.0001344962124858684 -1.8632090663681166e-06
leaf_weight=25 22 25 25 24 90 29 154 22 35 20
leaf_count=25 22 25 25 24 90 29 154 22 35 20
internal_value=0.000111276 0.000400653 0.000251196 0.0010743 3.71654e-05 0.000748175 -0.000284553 -0.000213126 0.00016436 -0.000429062
internal_weight=471 275 250 49 201 54 196 147 57 174
internal_count=471 275 250 49 201 54 196 147 57 174
is_linear=0
shrinkage=0.01


Tree=796
num_leaves=12
num_cat=1
split_feature=89 16 73 6 4 8 16 51 6 31 0
split_gain=0.40326 0.399502 0.521319 0.616622 0.401533 0.375781 0.364656 0.272202 0.179847 0.147044 0.0354589
threshold=0 0.54120626150000006 9.074285779500002 0.51452969050000008 0.33777235700000008 0.53855678550000008 0.6125375715000001 1.0999999900000001 0.36947878550000007 4.4857142140000006 0.13929100000000003
decision_type=1 2 2 2 2 2 2 2 2 2 2
left_child=9 -2 4 6 5 8 -4 -6 -3 -1 -9
right_child=1 2 3 -5 7 -7 -8 10 -10 -11 -12
leaf_value=-6.644022975353962e-05 -0.0073990011083613898 0.00041280194314806287 -0.0041856583114636718 0.00053687801252111551 0.00014050334504822292 0.00038453868598464661 0.00025543006780488173 5.8725312367633418e-07 -0.0015850143036014116 8.4022113513886272e-06 -4.1935179477354424e-05
leaf_weight=126 54 20 21 21 20 25 26 20 22 20 80
leaf_count=126 54 20 21 21 20 25 26 20 22 20 80
internal_value=8.88546e-05 0.00029237 0.000471071 0.00122093 0.000183706 0.000803835 0.000512552 -0.000149007 0.000163551 -0.000325255 -0.000376984
internal_weight=455 309 255 68 187 67 47 120 42 146 100
internal_count=455 309 255 68 187 67 47 120 42 146 100
cat_boundaries=0 1
cat_threshold=42468944
is_linear=0
shrinkage=0.01


Tree=797
num_leaves=9
num_cat=0
split_feature=86 7 68 25 17 17 58 50
split_gain=0.469306 0.332336 0.413624 0.352533 0.924252 0.175833 0.347308 0.116855
threshold=132.01285560000002 0.40669402350000006 38.644999500000004 3.9428571970000008 99.285000000000011 55.565000000000005 1.2000002860000001 1.0999999900000001
decision_type=2 2 2 2 2 2 2 2
left_child=1 -1 -3 4 7 6 -5 -4
right_child=-2 2 3 5 -6 -7 -8 -9
leaf_value=0.00026186903064697619 3.5112549066079948e-05 0.00024222698779414461 -3.7539578696794329e-05 3.7071797284510328e-05 0.00027223591551002338 -0.00011665299354326045 -8.5665472534564768e-05 9.0496452037904574e-06
leaf_weight=29 38 28 39 35 20 152 76 48
leaf_count=29 38 28 39 35 20 152 76 48
internal_value=0.000205023 0.00010402 2.25676e-05 -6.20282e-05 0.000412801 -0.000263457 2.23612e-05 -1.70844e-05
internal_weight=465 427 398 370 107 263 111 87
internal_count=465 427 398 370 107 263 111 87
is_linear=0
shrinkage=0.01


Tree=798
num_leaves=13
num_cat=1
split_feature=89 77 2 44 66 2 27 9 78 5 0 1
split_gain=0.473921 0.539112 0.538088 0.68389 0.166638 0.322114 0.177543 0.167716 0.290722 0.111033 0.0379418 0.0340528
threshold=0 13.742856980000001 0.31354950000000009 3.2000000810000002 82.275000575000021 0.25561311900000006 3.6571428865000004 0.6642059250000002 14.346428735000002 0.39632185700000006 0.29256897300000007 0.14587171450000005
decision_type=1 2 2 2 2 2 2 2 2 2 2 2
left_child=10 4 3 -3 5 -2 9 11 -9 -7 -1 -6
right_child=1 2 -4 -5 7 6 -8 8 -10 -11 -12 -13
leaf_value=-1.1747322711088391e-05 0.0005004267816583086 0.00035000455527291918 3.4121171394353583e-06 0.00025495896576443105 -0.0018335500728272683 7.8829007335415587e-05 6.3465708207153095e-05 0.00098212183278132488 -0.00015561988100402721 -1.2154968519348325e-05 -6.0403114903731235e-06 -0.00042474963838559513
leaf_weight=101 33 20 32 21 20 20 31 22 21 50 20 71
leaf_count=101 33 20 32 21 20 20 31 22 21 50 20 71
internal_value=0.000144771 0.000333996 0.00110434 0.00185407 0.000126488 0.000378338 7.36738e-05 -0.000111276 0.000376712 -0.000183616 -0.000367982 -0.000364924
internal_weight=462 341 73 41 268 134 101 134 43 70 121 91
internal_count=462 341 73 41 268 134 101 134 43 70 121 91
cat_boundaries=0 1
cat_threshold=8983117
is_linear=0
shrinkage=0.01


Tree=799
num_leaves=11
num_cat=0
split_feature=34 3 60 7 71 4 31 8 44 0
split_gain=0.522123 1.12549 0.252818 0.926587 0.294378 0.24904 0.131232 0.087495 0.0401794 0.015083
threshold=4.7142857310000013 0.34143319050000004 28.764999390000003 0.46124314250000004 7.2635714525000008 0.4244507145000001 4.4142857280000003 0.64031130950000004 6.6499999610000007 0.089654667000000007
decision_type=2 2 2 2 2 2 2 2 2 2
left_child=2 -2 6 -4 -5 -6 8 -3 -1 -8
right_child=1 7 3 4 5 -7 9 -9 -10 -11
leaf_value=-0.00017424867548644619 0.00015645169313422349 -6.3446277547134664e-05 0.00071713999581240724 0.00027211047268482536 -0.00054794634610053896 0.0001843763524292362 8.5003880900823557e-05 0.00011865307360521438 5.9242148193972142e-05 -7.232223403812188e-06
leaf_weight=129 36 32 21 38 102 25 20 20 20 20
leaf_count=129 36 32 21 38 102 25 20 20 20 20
internal_value=0.000143381 0.000833333 -1.46356e-05 0.000240899 -3.0158e-06 -0.000246479 -0.000276607 -7.57577e-05 -0.000417223 0.000196078
internal_weight=463 88 375 186 165 127 189 52 149 40
internal_count=463 88 375 186 165 127 189 52 149 40
is_linear=0
shrinkage=0.01


Tree=800
num_leaves=10
num_cat=1
split_feature=89 25 43 15 20 39 69 1 26
split_gain=0.530402 0.601968 0.361904 0.881108 0.196434 0.143988 0.142029 0.0778705 0.0432928
threshold=0 3.8285714390000005 0.50000000350000018 0.7010374760000001 1.8571428655000002 17.449999975000004 0.022142852500000001 0.26094537500000009 3.5857143230000004
decision_type=1 2 2 2 2 2 2 2 2
left_child=4 -2 6 -4 5 8 -3 -5 -1
right_child=1 2 3 7 -6 -7 -8 -9 -10
leaf_value=-0.00059549199760560486 9.5449174340304888e-05 -0.0035436670922317798 0.00033748565017363818 6.2316048957627439e-05 0.00012260270558562061 0.00055760244681569797 0.00088603139415141887 -0.00034941872177805914 -1.4415243654853538e-05
leaf_weight=20 30 67 24 20 28 20 35 27 199
leaf_count=20 30 67 24 20 28 20 35 27 199
internal_value=2.76125e-05 0.000404584 0.000181243 0.000731198 -0.00025738 -0.000364888 -0.000184825 -3.13809e-05 -0.000443585
internal_weight=470 203 173 71 267 239 102 47 219
internal_count=470 203 173 71 267 239 102 47 219
cat_boundaries=0 1
cat_threshold=176690483
is_linear=0
shrinkage=0.01


Tree=801
num_leaves=12
num_cat=0
split_feature=40 58 58 17 86 86 21 76 22 0 0
split_gain=0.469201 0.424063 0.705923 0.467257 0.206211 0.280709 0.491699 0.156596 0.14158 0.0428039 0.0244948
threshold=15.949999745000001 0.52500009550000015 0.4650001525000001 39.240000000000002 68.852810230000017 126.53429990000002 1.8285714390000003 15.734285830000003 1.8785714250000003 0.070212250000000018 0.24506320850000005
decision_type=2 2 2 2 2 2 2 2 2 2 2
left_child=1 2 3 -1 -3 8 7 -7 9 -6 -5
right_child=-2 4 -4 10 5 6 -8 -9 -10 -11 -12
leaf_value=0.0018009677156113639 0.00027277435691001629 0.00037268314225292825 0.00013011397255133347 -5.9187495949463783e-05 -0.0080363708676225616 1.9968323173419465e-05 2.2822249537568356e-05 -9.4599235209220593e-06 3.834241509306755e-05 -0.00010968592763701968 -0.00035616459237220767
leaf_weight=26 23 32 20 20 20 29 23 49 20 184 36
leaf_count=26 23 32 20 20 20 29 23 49 20 184 36
internal_value=0.000159486 8.37319e-05 0.000651751 0.000205314 -7.40638e-05 -0.000155003 0.000270137 -8.88326e-05 -0.000355872 -0.000439453 -0.00028169
internal_weight=482 459 102 82 357 325 101 78 224 204 56
internal_count=482 459 102 82 357 325 101 78 224 204 56
is_linear=0
shrinkage=0.01


Tree=802
num_leaves=8
num_cat=1
split_feature=89 44 50 88 44 2 48
split_gain=0.374312 0.301601 0.628132 0.589701 0.35198 0.287929 0.266195
threshold=0 6.3999999800000014 0.99999999650000004 27.435329450000001 5.8999999465000004 0.31722652400000001 14.449999720000003
decision_type=1 2 2 10 2 2 2
left_child=-1 2 5 4 6 -2 -4
right_child=1 -3 3 -5 -6 -7 -8
leaf_value=-1.1538845684977654e-05 0.00032979617515614332 -0.00015412919324672396 -4.9241493744282423e-05 0.00027359621167481746 2.7586872511947024e-05 0.00011964355868188337 0.00015764321389760729
leaf_weight=105 25 53 186 21 22 20 31
leaf_count=105 25 53 186 21 22 20 31
internal_value=5.71366e-05 0.000214208 0.000344997 0.000145705 0 0.00143013 -0.000121671
internal_weight=463 358 305 260 239 45 217
internal_count=463 358 305 260 239 45 217
cat_boundaries=0 1
cat_threshold=9179816
is_linear=0
shrinkage=0.01


Tree=803
num_leaves=8
num_cat=1
split_feature=7 89 86 33 6 77 54
split_gain=0.696193 0.418915 0.39855 0.206002 0.165742 0.113933 0.0444076
threshold=0.40947400000000006 0 121.30908400000001 3.8857142755000003 0.54869635750000012 12.243571620000003 8.4600000380000022
decision_type=2 1 2 2 2 2 2
left_child=-1 2 3 -2 5 -3 -7
right_child=1 4 -4 -5 -6 6 -8
leaf_value=0.0016325036812534003 0.00010533306570084882 3.0580254282967467e-05 0.00020407879334330891 -0.00011970289026999622 8.2670654711875659e-06 -0.00012967459680709133 -2.3839153499184697e-05
leaf_weight=29 34 26 30 40 34 243 20
leaf_count=29 34 26 30 40 34 243 20
internal_value=-1.3135e-05 -0.000120383 0.000400697 1.33689e-05 -0.000298083 -0.000388199 -0.000452995
internal_weight=456 427 104 74 323 289 263
internal_count=456 427 104 74 323 289 263
cat_boundaries=0 1
cat_threshold=706020096
is_linear=0
shrinkage=0.01


Tree=804
num_leaves=10
num_cat=0
split_feature=25 18 26 46 70 14 22 56 47
split_gain=0.509736 0.589699 0.221026 0.121913 0.277197 0.184766 0.116477 0.0953601 0.0445517
threshold=3.8285714390000005 1.014285705 4.2142856970000002 11.199999935000003 7.7557143140000013 0.69283921450000008 1.5642856955000002 1.3450002670000003 60.299998505000012
decision_type=2 2 2 2 2 2 2 2 2
left_child=1 -1 3 4 5 -2 -5 8 -8
right_child=2 -3 -4 6 -6 -7 7 -9 -10
leaf_value=3.67673891693467e-05 -0.0014811385004393496 -6.2688737770191002e-05 9.4375441453983588e-05 -6.4821257549318157e-05 -1.683627323597111e-05 0.0014799781655110017 -7.1129258394827483e-05 -0.0032005432505142479 -8.9559050708096306e-06
leaf_weight=22 20 27 22 22 44 20 250 31 20
leaf_count=22 20 27 22 22 44 20 250 31 20
internal_value=-7.72766e-05 0.000873494 -0.00019195 -0.000248897 7.07546e-05 0.000686274 -0.000338172 -0.000392644 -0.00045421
internal_weight=478 49 429 407 84 40 323 301 270
internal_count=478 49 429 407 84 40 323 301 270
is_linear=0
shrinkage=0.01


Tree=805
num_leaves=11
num_cat=0
split_feature=87 60 40 24 16 7 10 26 5 5
split_gain=0.502387 0.495507 0.823645 0.322699 0.207305 0.274242 0.406997 0.15192 0.0416234 0.031233
threshold=23.193183440000002 29.420000075000004 11.700000035 1.8857142585000002 0.70409078600000008 0.57765003600000009 0.6531102860000001 4.0785714385000009 0.51361392850000009 0.33505322600000004
decision_type=8 2 2 2 2 2 2 2 2 2
left_child=3 4 7 -1 9 6 -6 -3 -5 -2
right_child=1 2 -4 8 5 -7 -8 -9 -10 -11
leaf_value=2.8288172158929042e-06 5.9944537739140687e-06 -0.00021727261857178897 0.00029146369709122675 -0.00010076279990368369 -0.00023374290966699077 -1.4326225644938411e-05 0.0012817609067870641 0.0001811810489317703 -5.8929769141328404e-05 -0.00099106043470379096
leaf_weight=20 20 37 37 155 25 25 26 30 20 57
leaf_count=20 20 37 37 155 25 25 26 30 20 57
internal_value=9.27561e-05 0.000385958 0.00091603 -0.000283453 9.75281e-06 0.000390625 0.000820463 0.000213864 -0.000429465 -0.000340617
internal_weight=452 257 104 195 153 76 51 67 175 77
internal_count=452 257 104 195 153 76 51 67 175 77
is_linear=0
shrinkage=0.01


Tree=806
num_leaves=10
num_cat=1
split_feature=89 19 14 33 16 44 0 6 4
split_gain=0.405561 0.748949 1.00207 0.338073 0.201643 0.126438 0.131019 0.0939964 0.0356134
threshold=0 2.2999999775000002 0.6953796430000001 4.2714286360000004 0.75160978600000006 6.3000001610000007 0.068555750000000013 0.51452969050000008 0.41752242900000008
decision_type=1 2 2 2 2 2 2 2 2
left_child=1 7 -3 4 5 6 -2 -1 -8
right_child=3 2 -4 -5 -6 -7 8 -9 -10
leaf_value=-9.6674600432243452e-05 3.7354212019000584e-05 0.0008817016525711277 -3.8263656254410436e-05 3.269938065676193e-05 0.0021106625450805342 8.7859554242895841e-05 -7.4235423760792457e-05 4.9424164360856068e-05 -1.2525936474762938e-05
leaf_weight=36 20 30 23 35 23 36 211 20 20
leaf_count=36 20 30 23 35 23 36 211 20 20
internal_value=0.000112137 0.000613522 0.00151487 -5.76168e-05 -0.000170528 -0.000248437 -0.000331613 -0.000105634 -0.000403365
internal_weight=454 109 53 345 310 287 251 56 231
internal_count=454 109 53 345 310 287 251 56 231
cat_boundaries=0 1
cat_threshold=539822848
is_linear=0
shrinkage=0.01


Tree=807
num_leaves=8
num_cat=0
split_feature=40 16 19 12 2 17 2
split_gain=0.276119 0.220828 0.687854 0.442981 0.173551 0.297817 0.0393308
threshold=16.000000250000003 0.6125375715000001 2.2071428555000003 0.58117628600000015 0.30964271400000004 130.56500000000003 0.34856400000000004
decision_type=2 2 2 2 2 2 2
left_child=1 6 -3 -4 5 -5 -1
right_child=-2 2 3 4 -6 -7 -8
leaf_value=-0.0040580555159484191 0.00025404010918326288 0.00027175081629916126 0.0028768485481689178 -1.2784859457154605e-05 -2.6041145575889932e-05 0.00033870286219090003 1.4743737429436104e-05
leaf_weight=117 25 20 20 143 107 24 20
leaf_count=117 25 20 20 143 107 24 20
internal_value=-1.2584e-05 -7.4148e-05 6.67089e-05 -5.08821e-05 -0.000163756 2.68175e-05 -0.000410015
internal_weight=476 451 314 294 274 167 137
internal_count=476 451 314 294 274 167 137
is_linear=0
shrinkage=0.01


Tree=808
num_leaves=10
num_cat=1
split_feature=89 10 44 87 16 86 79 88 17
split_gain=0.507179 0.563873 0.475864 0.54252 0.625597 0.232322 0.185499 0.155599 0.0358742
threshold=0 0.55024128550000018 4.449999988000001 22.020477250000003 0.68154645200000008 72.840353275000027 8.4378571510000011 27.435329450000001 110.26000000000002
decision_type=1 2 2 8 2 2 2 10 2
left_child=5 -2 6 -4 -5 -1 -3 -7 -8
right_child=1 2 3 4 -6 7 8 -9 -10
leaf_value=0.00043336174753693085 0.00032591698652597743 0.00099933044068384325 -0.00010504077768895018 0.00032477748916386523 -1.4522603034764345e-05 -1.8146810444536556e-05 -0.00073621413060917127 0.00027015384019496772 -1.8240868329867057e-05
leaf_weight=25 38 27 34 25 25 176 83 20 20
leaf_count=25 38 27 34 25 25 176 83 20 20
internal_value=8.75896e-05 0.000388128 0.000190875 0.000778302 0.00143701 -0.000252373 -0.000175841 -0.000386179 -0.00038054
internal_weight=473 252 214 84 50 221 130 196 103
internal_count=473 252 214 84 50 221 130 196 103
cat_boundaries=0 1
cat_threshold=176754901
is_linear=0
shrinkage=0.01


Tree=809
num_leaves=11
num_cat=0
split_feature=10 20 87 87 59 9 9 26 39 61
split_gain=0.614617 0.252276 0.294727 0.730188 0.365677 0.14429 0.503077 0.22142 0.0804305 0.0796388
threshold=0.48367490500000004 1.8285714135000002 22.196465360000001 26.220461355000005 34.979999545000005 0.59532512500000012 0.6103700700000001 4.0714285200000004 15.500000195000002 33.249999050000007
decision_type=2 2 8 10 2 2 2 2 2 2
left_child=-1 5 -3 -4 -5 -2 -7 8 -8 -6
right_child=1 2 3 4 9 6 7 -9 -10 -11
leaf_value=0.00066667271012681205 -0.0005720440356689827 -0.00031977019204631807 0.001021989198276898 0.00047017731638235999 -0.00011827234907792146 0.0002534158543981308 -3.5880542930186922e-05 0.000232217413602052 0.0001590907729785869 5.9775368492402849e-07
leaf_weight=21 98 33 20 20 41 27 118 24 35 24
leaf_count=21 98 33 20 20 41 27 118 24 35 24
internal_value=8.12039e-05 0 0.000353026 0.000619093 0.000180653 -0.000161823 -1.18744e-10 -0.000205287 -0.000354356 -0.000159575
internal_weight=461 440 138 105 85 302 204 177 153 65
internal_count=461 440 138 105 85 302 204 177 153 65
is_linear=0
shrinkage=0.01


Tree=810
num_leaves=12
num_cat=0
split_feature=37 21 14 13 14 61 67 17 10 32 6
split_gain=0.243454 0.532635 0.314838 0.690734 0.65381 0.131072 0.119658 0.185744 0.11474 0.038118 0.0307473
threshold=6.0500000190000014 1.8857142840000003 0.69793405400000019 0.66939020000000016 0.6168547860000001 33.480000495000006 44.259999755000003 39.240000000000002 0.6887879640000002 5.192857129000001 0.39943900000000004
decision_type=2 2 2 2 2 2 2 2 2 2 2
left_child=1 2 3 4 -1 6 7 -2 -9 -8 -3
right_child=5 10 -4 -5 -6 -7 9 8 -10 -11 -12
leaf_value=0.0003566727256813357 2.4093788174706891e-05 -0.0017661248031495325 -8.7852772644103732e-06 0.00035967788776931832 -1.5214154700347945e-05 7.7945734676544332e-07 -4.0581245211609943e-06 -0.00048834049410488676 8.6348035371510565e-05 -2.0847539094921382e-05 -0.00094019752849194198
leaf_weight=20 20 20 39 21 31 30 21 54 20 135 55
leaf_count=20 20 20 39 21 31 30 21 54 20 135 55
internal_value=1.07111e-05 0.000294432 0.000737925 0.00112637 0.000434363 -0.00017094 -0.000251196 1.05484e-05 -0.000200535 -0.000420918 -0.000336412
internal_weight=466 186 111 72 51 280 250 94 74 156 75
internal_count=466 186 111 72 51 280 250 94 74 156 75
is_linear=0
shrinkage=0.01


Tree=811
num_leaves=9
num_cat=0
split_feature=9 4 4 46 88 1 4 27
split_gain=0.385492 0.232744 0.639641 0.542986 0.160623 0.119989 0.214801 0.0406149
threshold=0.49806395000000009 0.32941557150000006 0.34339566650000003 12.000000065000002 20.201986145000003 0.25697083300000007 0.36822471450000005 3.5214285595000003
decision_type=2 2 2 2 8 2 2 2
left_child=-1 -2 3 -3 -4 6 -6 -7
right_child=1 2 4 -5 5 7 -8 -9
leaf_value=0.00042996645616217861 -0.00077995294035084677 0.0014275122523481154 3.8593133014119042e-05 -0.00010212795850218267 -0.00080464684426071733 -3.4288713120308316e-06 6.9129611687609205e-06 -2.4776233557742704e-05
leaf_weight=32 138 20 27 20 36 20 32 136
leaf_count=32 138 20 27 20 36 20 32 136
internal_value=-6.17151e-05 -0.000145417 8.56739e-06 0.00117647 -0.000172756 -0.000266904 5.81394e-05 -0.000420918
internal_weight=461 429 291 40 251 224 68 156
internal_count=461 429 291 40 251 224 68 156
is_linear=0
shrinkage=0.01


Tree=812
num_leaves=11
num_cat=0
split_feature=8 87 24 43 27 59 8 6 24 3
split_gain=0.302364 0.338686 0.32697 0.210504 0.237702 0.434107 0.440876 0.119362 0.0379418 0.0221279
threshold=0.48546688100000007 23.730479810000002 2.4785714150000007 1.0000000180025095e-35 3.7214285730000003 40.140000820000004 0.61714950000000013 0.40115678550000006 1.8785714210000002 0.33529569050000002
decision_type=2 10 2 2 2 2 2 2 2 2
left_child=1 -1 3 -2 7 6 -6 -5 -9 -7
right_child=2 -3 -4 4 5 9 -8 8 -10 -11
leaf_value=-0.00032043205950181206 -0.00062695986743349045 0.00062367659924714982 0.00021546258524586396 6.5343627391824258e-05 -2.6128698503040714e-06 -5.1883503573363392e-05 0.0022583100503753822 -9.0741363185100467e-07 -2.8770570647603353e-05 -7.2240954701397103e-06
leaf_weight=24 148 22 37 20 29 31 22 20 101 20
leaf_count=24 148 22 37 20 29 31 22 20 101 20
internal_value=-1.05309e-05 0.000747863 -9.79479e-05 -0.000187596 0 0.000359922 0.00101351 -0.000271509 -0.000398194 -0.000260618
internal_weight=474 46 428 391 243 102 51 141 121 51
internal_count=474 46 428 391 243 102 51 141 121 51
is_linear=0
shrinkage=0.01


Tree=813
num_leaves=10
num_cat=0
split_feature=77 59 17 21 54 24 26 4 58
split_gain=0.453711 0.644598 0.242646 1.02346 0.138954 0.134577 0.179847 0.0639114 0.0418983
threshold=13.954285755000003 35.210000515000011 47.985000000000007 1.7499999790000003 4.1549997330000012 2.3142857210000005 4.0142856840000016 0.38540292850000007 2.3349995615000005
decision_type=2 2 2 2 2 2 2 2 2
left_child=2 -2 3 -1 -5 8 -7 -3 -4
right_child=1 7 5 4 -6 6 -8 -9 -10
leaf_value=0.0015659660298554146 0.00014127046998758269 -7.3757665777207979e-06 -0.00010693742179661525 3.5413386568700669e-05 -0.0018566004080730937 0.00057093998443919392 -0.00073189096286312161 9.5648638650373467e-06 -1.285530204219178e-07
leaf_weight=35 27 21 161 38 81 20 22 20 20
leaf_count=35 27 21 161 38 81 20 22 20 20
internal_value=3.47688e-05 0.000784884 -9.66121e-05 0.000200258 -0.000229549 -0.000310545 0.000163551 0 -0.000431793
internal_weight=445 68 377 154 119 223 42 41 181
internal_count=445 68 377 154 119 223 42 41 181
is_linear=0
shrinkage=0.01


Tree=814
num_leaves=9
num_cat=0
split_feature=17 27 38 25 1 44 17 1
split_gain=0.40328 0.26724 0.416532 0.316797 0.505253 0.125885 0.145199 0.0166011
threshold=5.5500000000000007 3.6642857450000004 7.8499999640000011 3.9428571120000004 0.24735390500000001 3.3999999685000004 84.260000000000019 0.27193592850000003
decision_type=2 2 2 2 2 2 2 2
left_child=-1 -2 3 4 -3 -5 -7 -6
right_child=1 2 -4 5 7 6 -8 -9
leaf_value=0.0010910119219089943 -2.3918405544908419e-05 0.0002801725573878875 0.00024443879030060304 -0.001486824547040363 -2.3484740357559846e-05 2.3534630776360987e-06 -1.5909067656772349e-05 -4.0922571684796648e-05
leaf_weight=20 120 36 27 110 22 57 40 20
leaf_count=20 120 36 27 110 22 57 40 20
internal_value=-8.83404e-06 -7.85583e-05 7.03324e-05 -3.67391e-05 0.000494924 -0.000247835 0 -0.00021028
internal_weight=452 432 312 285 78 207 97 42
internal_count=452 432 312 285 78 207 97 42
is_linear=0
shrinkage=0.01


Tree=815
num_leaves=7
num_cat=1
split_feature=89 25 12 11 16 46
split_gain=0.182271 0.416997 0.170114 0.147156 0.118074 0.0453552
threshold=0 3.9428571460000006 0.57757257100000003 0.74269890500000013 0.67892635700000004 9.6000000425000014
decision_type=1 2 2 2 2 2
left_child=1 -1 -2 5 -3 -4
right_child=2 4 3 -5 -6 -7
leaf_value=0.00023762255530655405 0.000227465812969046 -0.0013714996115208051 -8.9354699338959291e-07 8.362378232766378e-06 2.2580683425398909e-06 -7.4311313182790439e-05
leaf_weight=28 35 58 20 21 20 297
leaf_count=28 35 58 20 21 20 297
internal_value=-0.000224052 0.000128425 -0.000324388 -0.000404368 -0.000215736 -0.000460982
internal_weight=479 106 373 338 78 317
internal_count=479 106 373 338 78 317
cat_boundaries=0 1
cat_threshold=2099977
is_linear=0
shrinkage=0.01


Tree=816
num_leaves=11
num_cat=0
split_feature=86 21 59 78 58 7 1 67 1 1
split_gain=0.314246 0.652365 0.411109 0.708521 0.187819 0.22706 0.103439 0.0803885 0.0799496 0.0431691
threshold=131.86344500000004 1.7714285380000001 35.244999410000013 14.737142970000003 1.9850001335 0.59196917850000019 0.19162064300000003 44.259999755000003 0.28202542850000006 0.13603396450000002
decision_type=2 2 2 2 2 2 2 2 2 2
left_child=2 -2 3 8 7 6 -6 -4 -1 -9
right_child=1 -3 4 -5 5 -7 -8 9 -10 -11
leaf_value=-0.0010259209287530346 -6.6889668486323015e-06 8.0303976013845821e-06 1.1687987323045091e-05 0.00015738142661995941 1.7016351069232896e-05 0.0004870552061378078 -0.00015586340204797939 -0.0059033401580630583 0.0001140680554217513 -3.3663059692375615e-05
leaf_weight=28 21 23 34 22 20 26 43 20 20 195
leaf_count=28 21 23 34 22 20 26 43 20 20 195
internal_value=4.41684e-06 0.000803571 -7.8278e-05 0.000607345 -0.000227273 0.000150334 -0.000148903 -0.000370296 -4.09837e-05 -0.00044254
internal_weight=452 44 408 70 338 89 63 249 48 215
internal_count=452 44 408 70 338 89 63 249 48 215
is_linear=0
shrinkage=0.01


Tree=817
num_leaves=9
num_cat=0
split_feature=51 86 51 70 15 16 41 16
split_gain=0.336052 0.275563 0.363926 0.223433 0.247438 0.456552 0.286156 0.129448
threshold=7.0000000780000011 77.303394425000008 3.0500000085000005 7.4457142350000014 0.70602071400000022 0.69752910700000015 3.1499999055000001 0.75301769650000006
decision_type=2 2 2 2 2 2 2 2
left_child=1 2 -1 -3 5 6 -5 -6
right_child=-2 3 -4 4 7 -7 -8 -9
leaf_value=0.0012082598965046183 0.00014503292072397752 -8.9609304097224455e-05 -0.00063665511396464563 0.00012823541892389829 -9.311975718992301e-06 0.00032679957845717925 -2.1123065238482227e-05 0.0022736718228298721
leaf_weight=22 30 111 26 35 91 22 101 21
leaf_count=22 30 111 26 35 91 22 101 21
internal_value=6.19834e-05 -5.81678e-06 0.000696721 -0.000100838 4.80058e-05 0.000308564 7.30993e-05 -0.000301419
internal_weight=459 429 48 381 270 158 136 112
internal_count=459 429 48 381 270 158 136 112
is_linear=0
shrinkage=0.01


Tree=818
num_leaves=11
num_cat=0
split_feature=47 24 16 12 12 9 10 46 60 23
split_gain=0.524525 0.280432 0.200497 0.292865 0.662677 0.304366 0.175306 0.156323 0.175454 0.0294163
threshold=58.250000580000005 2.2285714405000001 0.54120626150000006 0.68301473200000007 0.66143542900000007 0.51665650000000019 0.7122327140000001 11.199999935000003 28.640000345000004 1.9214285780000002
decision_type=2 2 2 2 2 2 2 2 2 2
left_child=1 7 -3 4 5 -4 9 8 -1 -5
right_child=-2 2 3 6 -6 -7 -8 -9 -10 -11
leaf_value=0.00024451228989812781 4.7878882896455108e-05 -0.0038320197683520719 0.0025031666031533062 -3.3849392481202934e-05 0.0009894711108303087 -5.386276555231313e-06 0.00046231022054448622 -8.0630343049884932e-05 -9.6167030703619974e-06 2.3965292601201005e-06
leaf_weight=20 24 39 21 50 20 56 24 149 21 20
leaf_count=20 24 39 21 50 20 56 24 149 21 20
internal_value=3.59711e-05 -4.27758e-05 0.000186308 0.00032586 0.000710634 0.000250643 -5.27427e-05 -0.000330189 0.000179426 -0.000324859
internal_weight=444 420 230 191 97 77 94 190 41 70
internal_count=444 420 230 191 97 77 94 190 41 70
is_linear=0
shrinkage=0.01


Tree=819
num_leaves=10
num_cat=0
split_feature=9 41 45 14 6 24 53 17 25
split_gain=0.367502 0.404945 0.230971 0.268088 0.268127 0.143971 0.468792 0.13488 0.0411941
threshold=0.51577205850000007 3.8499999945000005 22.900000075000005 0.75020021450000007 0.50988871400000013 2.2642857260000002 0.48499965650000004 108.93000000000002 4.1928571635000011
decision_type=2 2 2 2 2 2 2 2 2
left_child=1 -1 3 5 -5 8 7 -7 -2
right_child=2 -3 -4 4 -6 6 -8 -9 -10
leaf_value=-0.00029760570572906042 -2.2671374071572746e-05 0.0028403999649204113 0.00027896753521392491 0.0023777048867223496 -3.3919701867809875e-05 -5.8349900366199694e-05 0.0012209780791596317 9.0829396337489541e-05 -7.6579930606002188e-07
leaf_weight=24 212 20 20 20 29 87 20 20 21
leaf_count=24 212 20 20 20 29 87 20 20 21
internal_value=-5.17097e-05 0.000803571 -0.000145417 -0.000201318 0.000471887 -0.000299335 -1.17372e-05 -0.000292208 -0.000446963
internal_weight=473 44 429 409 49 360 127 107 233
internal_count=473 44 429 409 49 360 127 107 233
is_linear=0
shrinkage=0.01


Tree=820
num_leaves=9
num_cat=1
split_feature=89 86 16 25 18 51 16 18
split_gain=0.270402 0.264047 0.402834 0.257478 0.158016 0.100111 0.0383073 0.0444908
threshold=0 77.303394425000008 0.60464378550000009 3.9571428810000007 0.92857142450000019 0.70000001050000005 0.74932200000000015 1.0571428580000004
decision_type=1 2 2 2 2 2 2 2
left_child=3 2 -2 -1 -5 -3 7 -7
right_child=1 5 -4 4 -6 6 -8 -9
leaf_value=0.00023160915263508876 -0.0025544162105297363 -5.7428361096848446e-08 0.0012126938391566562 -1.9986219584698624e-05 0.0001250143724502116 -3.6747670411978819e-05 0.00023647079196489451 -0.0022402157004101811
leaf_weight=29 28 27 27 37 39 247 20 20
leaf_count=29 28 27 27 37 39 247 20 20
internal_value=-0.000115838 -0.000243549 0.000367383 0.000306563 0 -0.000365311 -0.000422168 -0.000453697
internal_weight=474 369 55 105 76 314 287 267
internal_count=474 369 55 105 76 314 287 267
cat_boundaries=0 1
cat_threshold=673188360
is_linear=0
shrinkage=0.01


Tree=821
num_leaves=9
num_cat=0
split_feature=24 15 15 8 17 45 86 17
split_gain=0.287529 0.244672 0.867859 0.200988 0.550289 0.279904 0.0824698 0.258632
threshold=2.2285714535000003 0.59966028550000006 0.62904761900000017 0.65382257150000012 83.490000000000023 5.850000091000001 126.3016338 53.315000000000005
decision_type=2 2 2 2 2 2 2 2
left_child=6 -2 -3 4 5 -4 -1 -8
right_child=1 2 3 -5 -6 -7 7 -9
leaf_value=-0.00012207358261966765 -0.003154011717891445 0.0024484807866021882 0.00059615300106639836 -2.9933612953307918e-05 0.0006682126679727477 -1.7269314993481406e-05 0.00026846421527216782 -1.024318429741682e-05
leaf_weight=167 53 21 20 52 29 62 20 50
leaf_count=167 53 21 20 52 29 62 20 50
internal_value=-0.000115838 0.000124054 0.00030303 3.96824e-05 0.000290698 -0.000108696 -0.000363751 -4.2373e-05
internal_weight=474 237 184 163 111 82 237 70
internal_count=474 237 184 163 111 82 237 70
is_linear=0
shrinkage=0.01


Tree=822
num_leaves=9
num_cat=1
split_feature=89 86 31 15 11 59 11 16
split_gain=0.286945 0.553246 0.227553 0.344926 0.153175 0.14988 0.184043 0.0444703
threshold=0 101.22713215000002 4.4142857280000003 0.72279642850000003 0.67424450000000002 35.074998855000011 0.62959114300000019 0.75160978600000006
decision_type=1 2 2 2 2 2 2 2
left_child=1 4 5 -4 -1 6 -2 -7
right_child=2 -3 3 -5 -6 7 -8 -9
leaf_value=-0.0015542074404377533 0.00014629404054820896 0.0016421087647945677 0.0016188320205805652 -0.0032044439823822098 0.00014821281382257186 -2.4832977135049281e-05 -4.4748621165407602e-05 0.00022517400033902346
leaf_weight=47 20 28 20 22 29 246 23 20
leaf_count=47 20 28 20 22 29 246 23 20
internal_value=-0.000121764 0.000313589 -0.00025843 0.000397196 -7.81251e-05 -0.000363138 0.000148402 -0.000453523
internal_weight=455 104 351 42 76 309 43 266
internal_count=455 104 351 42 76 309 43 266
cat_boundaries=0 1
cat_threshold=539329032
is_linear=0
shrinkage=0.01


Tree=823
num_leaves=10
num_cat=1
split_feature=89 38 9 9 86 8 25 7 7
split_gain=0.201987 0.385382 0.223279 0.539075 0.223691 0.182522 0.0856596 0.0416234 0.0285266
threshold=0 0.35000000900000006 0.65777140000000012 0.66806697500000012 87.467783905000019 0.48546688100000007 4.1571429120000003 0.55995945250000012 0.62929778600000008
decision_type=1 2 2 2 2 2 2 2 2
left_child=-1 -2 5 -4 -5 -3 7 -7 -6
right_child=1 2 3 4 8 6 -8 -9 -10
leaf_value=-1.2645080418405737e-05 0.00014483110014272606 0.0002703346891205099 0.0022091144555102548 0.0005422766795882732 -0.00010760722978710825 -0.00013809076331434115 1.2607314627873508e-05 2.8912759211435767e-06 -8.6959545199602941e-06
leaf_weight=115 20 28 21 20 47 155 30 20 20
leaf_count=115 20 28 21 20 47 155 30 20 20
internal_value=-9.64766e-05 2.0172e-05 -5.41253e-05 0.0003125 -1.70844e-05 -0.000233105 -0.000342566 -0.000429465 -0.000317109
internal_weight=476 361 341 108 87 233 205 175 67
internal_count=476 361 341 108 87 233 205 175 67
cat_boundaries=0 1
cat_threshold=66701
is_linear=0
shrinkage=0.01


Tree=824
num_leaves=9
num_cat=0
split_feature=66 27 3 33 13 16 16 39
split_gain=0.22563 0.345399 0.290235 0.433333 0.226875 0.360103 0.145014 0.0410003
threshold=82.110000610000014 3.7357142655000004 0.30887164300000008 3.9642857485000005 0.68425894150000011 0.69284235700000008 0.72594564300000008 17.150000155000004
decision_type=2 2 2 2 2 2 2 2
left_child=1 4 -3 -4 5 -1 7 -2
right_child=6 2 3 -5 -6 -7 -8 -9
leaf_value=-7.9448416285170576e-05 -7.0071815957537255e-05 0.00033838774920147467 -0.0019332421847285564 0.00033008689107552836 -1.9323683236760443e-05 0.00057210471541310271 0.00023780944695108496 -3.4338362797027753e-05
leaf_weight=24 205 23 37 20 104 20 20 21
leaf_count=24 205 23 37 20 104 20 20 21
internal_value=-0.000157961 6.11887e-05 0.000594059 0.00016436 -0.000215054 0.000357143 -0.00036872 -0.000445326
internal_weight=474 228 80 57 148 44 246 226
internal_count=474 228 80 57 148 44 246 226
is_linear=0
shrinkage=0.01


Tree=825
num_leaves=10
num_cat=0
split_feature=38 53 1 2 40 80 9 17 32
split_gain=0.270955 0.258141 0.323525 0.168641 0.192021 0.385507 0.0892094 0.0774447 0.268311
threshold=0.55000000800000015 0.085000038500000014 0.23458046400000002 0.2567187855000001 3.0999999795000006 12.936428480000002 0.60323425000000019 39.240000000000002 5.2428571500000007
decision_type=2 2 2 2 2 2 2 2 2
left_child=1 2 -1 4 -2 6 -6 8 -5
right_child=3 -3 -4 7 5 -7 -8 -9 -10
leaf_value=-0.0001532200633280005 -0.0085261606258788709 -0.00012958559713082727 0.00019427497911696061 0.0012361576652772201 -0.00053713803808574153 0.0038534199833935891 0.00035547683106368632 -1.9380907914981831e-05 -5.9267135837662177e-05
leaf_weight=23 44 23 28 20 33 25 20 191 55
leaf_count=23 44 23 28 20 33 25 20 191 55
internal_value=-0.000127485 0.000414438 0.000820463 -0.000236626 5.70031e-05 0.00036802 -8.36432e-05 -0.000378561 -7.25595e-05
internal_weight=462 74 51 388 122 78 53 266 75
internal_count=462 74 51 388 122 78 53 266 75
is_linear=0
shrinkage=0.01


Tree=826
num_leaves=8
num_cat=0
split_feature=7 45 44 7 28 12 31
split_gain=0.264005 0.257892 0.239528 0.319991 0.103126 0.115873 0.0996547
threshold=0.40947400000000006 23.999999830000004 6.1999998575000008 0.50156432150000019 2.0285714435000002 0.74631739300000011 3.9785714150000007
decision_type=2 2 2 2 2 2 2
left_child=-1 2 4 -4 -2 -6 -5
right_child=1 -3 3 6 5 -7 -8
leaf_value=0.0014449777976578725 4.7479755898261442e-05 0.00025241326913531397 0.00030901562841989744 -6.5441031368180018e-06 -5.4644733654615128e-05 0.00069970769742244048 2.1406644636295104e-05
leaf_weight=30 27 20 21 40 285 29 20
leaf_count=30 27 20 21 40 285 29 20
internal_value=-0.000135364 -0.000200994 -0.000257805 0.000213936 -0.000375951 -0.000428844 -0.000131579
internal_weight=472 442 422 81 341 314 60
internal_count=472 442 422 81 341 314 60
is_linear=0
shrinkage=0.01


Tree=827
num_leaves=8
num_cat=1
split_feature=89 10 58 16 24 12 3
split_gain=0.331817 0.604728 0.306994 0.130715 0.11006 0.0985098 0.0445113
threshold=0 0.54578737500000007 2.1550002095000003 0.69664094250000008 2.4642856890000004 0.74631739300000011 0.22035900000000003
decision_type=1 2 2 2 2 2 2
left_child=1 -1 3 -3 5 6 -2
right_child=4 2 -4 -5 -6 -7 -8
leaf_value=0.0027523842100589759 -0.001658107128606672 -0.0022518123614930917 0.00028860802308008286 2.7661174615581097e-05 6.058390411021327e-05 1.9001650745696533e-06 -1.850396114975507e-05
leaf_weight=20 20 78 26 20 23 30 248
leaf_count=20 20 78 26 20 23 30 248
internal_value=-0.000151353 0.000232558 -1.18445e-10 -0.000273279 -0.000327004 -0.000391566 -0.000453869
internal_weight=465 144 124 98 321 298 268
internal_count=465 144 124 98 321 298 268
cat_boundaries=0 1
cat_threshold=540281090
is_linear=0
shrinkage=0.01


Tree=828
num_leaves=8
num_cat=1
split_feature=89 48 27 12 44 10 59
split_gain=0.428236 0.613294 0.553344 0.153194 0.141997 0.0389719 0.0423375
threshold=0 9.8499999050000024 4.1642857280000012 0.74631739300000011 8.499999821500003 0.48367490500000004 34.825000765000006
decision_type=1 2 2 2 2 2 2
left_child=1 2 -1 4 5 -2 -7
right_child=3 -3 -4 -5 -6 6 -8
leaf_value=0.0007374175885512896 -0.0011770997774807612 -0.0020542686368455053 -1.0977951815444475e-05 0.00035528174651354617 0.00018014606916796962 -5.0633199481194659e-05 -2.9504801358310917e-05
leaf_weight=30 20 42 31 35 20 21 264
leaf_count=30 20 42 31 35 20 21 264
internal_value=-0.000128288 0.000408611 0.00109223 -0.000291262 -0.000369859 -0.00042675 -0.000456613
internal_weight=463 103 61 360 325 305 285
internal_count=463 103 61 360 325 305 285
cat_boundaries=0 1
cat_threshold=539232004
is_linear=0
shrinkage=0.01


Tree=829
num_leaves=11
num_cat=0
split_feature=38 77 58 44 57 17 71 2 67 30
split_gain=0.299459 0.252594 0.239709 0.150758 0.198699 0.0810293 0.188875 0.0615385 0.0488158 0.0782742
threshold=0.55000000800000015 13.954285755000003 1.9850001335 4.449999988000001 8.0050001145000014 20.865000000000006 6.4800000360000007 0.29011351200000007 44.259999755000003 2.1571428175000005
decision_type=2 2 2 2 2 2 2 2 2 2
left_child=1 7 5 4 -4 6 -2 -1 9 -7
right_child=2 -3 3 -5 -6 8 -8 -9 -10 -11
leaf_value=0.0004364306176821542 0.0019550600669827178 0.00010667769198388448 -0.0045642932445167251 0.00023771706417650461 0.00047501569913258371 -0.00021233465262306524 -0.0056076208292722123 -0.00044335741340524484 -1.6534495801729389e-05 1.0867881737858919e-05
leaf_weight=20 23 27 42 28 23 33 38 20 203 22
leaf_count=20 23 27 42 28 23 33 38 20 203 22
internal_value=-9.89997e-05 0.000508849 -0.000203488 0.000229211 -7.5989e-06 -0.000336148 0 0 -0.000413447 -9.85664e-05
internal_weight=479 67 412 93 65 319 61 40 258 55
internal_count=479 67 412 93 65 319 61 40 258 55
is_linear=0
shrinkage=0.01


Tree=830
num_leaves=9
num_cat=0
split_feature=17 86 41 25 17 86 25 3
split_gain=0.316553 0.579112 0.155223 0.132477 0.402834 0.167438 0.0429073 0.0173151
threshold=18.110000000000003 101.22713215000002 3.5999999345000004 3.9428571970000008 65.865000000000009 121.30908400000001 4.1642857450000008 0.28150662250000008
decision_type=2 2 2 2 2 2 2 2
left_child=1 7 3 4 -2 -5 -4 -1
right_child=2 -3 6 5 -6 -7 -8 -9
leaf_value=-0.0053978414844093004 -0.00025120225406668535 0.001792942370669557 -3.0054147480053042e-05 -0.0018861613639749092 0.00031315241702482968 8.5233611941289151e-06 -1.4722470428244905e-06 -0.001568423835729382
leaf_weight=20 28 27 187 83 27 33 20 23
leaf_count=20 28 27 187 83 27 33 20 23
internal_value=-0.000138146 0.000466102 -0.000256072 -2.03726e-05 0.000367383 -0.000222603 -0.000440327 -0.000216895
internal_weight=448 70 378 171 55 116 207 43
internal_count=448 70 378 171 55 116 207 43
is_linear=0
shrinkage=0.01


Tree=831
num_leaves=12
num_cat=0
split_feature=48 23 87 87 77 16 45 87 18 6 2
split_gain=0.415848 0.455222 0.516795 0.988023 0.426216 0.119155 0.131265 0.0940309 0.092457 0.0314669 0.0173151
threshold=9.8499999050000024 1.8642857075000003 23.530456615000002 26.304769825000005 13.925000125000002 0.72840828600000018 19.250000125000003 27.693216545000002 0.90000000600000007 0.41782388100000006 0.29115764300000008
decision_type=2 2 8 10 2 2 2 10 2 2 2
left_child=1 7 10 -4 8 6 -2 9 -5 -1 -3
right_child=5 2 3 4 -6 -7 -8 -9 -10 -11 -12
leaf_value=-0.0017949663363020603 -1.8984837391530425e-05 0.0004787990961447042 0.00042315257724766828 2.7480060540258714e-05 0.00011703436587028304 5.3875488642998013e-06 7.0515665234072917e-05 0.00054466588602691769 -0.00012083611593217032 -1.7485749992253272e-05 -0.0050395829863813133
leaf_weight=20 147 20 37 20 24 39 23 20 35 58 23
leaf_count=20 147 20 37 20 24 39 23 20 35 58 23
internal_value=7.49785e-05 0.000347168 0.000678974 0.0010274 0.000357143 -0.000250238 -0.000368853 -0.000172065 -9.85664e-05 -0.00034264 -0.000216895
internal_weight=466 257 159 116 79 209 170 98 55 78 43
internal_count=466 257 159 116 79 209 170 98 55 78 43
is_linear=0
shrinkage=0.01


Tree=832
num_leaves=9
num_cat=1
split_feature=89 17 86 22 40 31 16 59
split_gain=0.558975 0.572286 0.568732 0.537178 0.50125 0.111176 0.0389369 0.0448186
threshold=0 19.550000000000001 73.069060915000009 1.8642857030000002 3.0999999795000006 4.4857142140000006 0.75706978600000008 34.299999235000008
decision_type=1 2 2 2 2 2 2 2
left_child=1 -1 4 -3 -2 6 7 -4
right_child=2 3 5 -5 -6 -7 -8 -9
leaf_value=0.0020577646183153543 -0.0040518077514956063 -3.2066690520652377e-05 -0.0014478381235746443 0.00021941921318828668 0.0011759963963236817 -1.9025739801015434e-06 0.00022794259798030735 -2.1638895504301259e-05
leaf_weight=22 22 46 20 34 34 25 20 264
leaf_count=22 22 46 20 34 34 25 20 264
internal_value=-2.35754e-05 0.000593972 -0.000203386 0.000222772 0.000704225 -0.000371437 -0.000426509 -0.000456461
internal_weight=487 102 385 80 56 329 304 284
internal_count=487 102 385 80 56 329 304 284
cat_boundaries=0 1
cat_threshold=539265288
is_linear=0
shrinkage=0.01


Tree=833
num_leaves=10
num_cat=0
split_feature=60 41 4 54 41 51 17 19 4
split_gain=0.312042 0.399336 0.422663 0.215037 0.205742 0.178682 0.235044 0.0417344 0.0240534
threshold=30.695000650000004 4.3500000725000012 0.37817383350000006 2.2999997140000006 2.9000000020000005 5.0000000820000006 51.440000000000005 2.6071428400000003 0.38369392850000006
decision_type=2 2 2 2 2 2 2 2 2
left_child=3 2 4 5 -2 6 -1 -5 -7
right_child=1 -3 -4 7 -6 8 -8 -9 -10
leaf_value=0.0013475220187271037 -0.0024833544803102964 -0.00032724877343025954 0.00021758607033799148 -1.9105178430679246e-05 0.00053339656173446721 -0.00097557643784212608 -5.5722110454851524e-06 -5.5406897988313635e-06 3.8935502250716636e-07
leaf_weight=20 29 45 32 234 20 35 25 21 20
leaf_count=20 29 45 32 234 20 35 25 21 20
internal_value=-0.000142175 0.000276025 0.000702934 -0.000296515 7.0281e-05 7.9365e-05 0.000556768 -0.000451525 -0.000277778
internal_weight=481 126 81 355 49 100 45 255 55
internal_count=481 126 81 355 49 100 45 255 55
is_linear=0
shrinkage=0.01


Tree=834
num_leaves=9
num_cat=1
split_feature=38 77 89 44 12 75 5 12
split_gain=0.410108 0.524585 0.15676 0.635238 0.591571 0.144581 0.14014 0.0434122
threshold=0.35000000900000006 13.954285755000003 0 4.3499999945000001 0.68301473200000007 6.4249999350000007 0.34845830950000006 0.7487689285000001
decision_type=2 2 1 2 2 2 2 2
left_child=1 -1 3 6 -5 7 -2 -4
right_child=2 -3 5 4 -6 -7 -8 -9
leaf_value=-0.0011181348200394116 0.00048294384847145103 0.00010973809723422355 -3.0677417685112142e-05 0.00091873177588910535 -0.00023349412106338479 0.00021933779288726808 -8.8926897331113584e-05 -0.00043084987961368839
leaf_weight=31 20 25 203 20 22 20 101 20
leaf_count=31 20 25 203 20 22 20 101 20
internal_value=-8.42698e-05 0.000704225 -0.000199115 3.73992e-05 0.00109813 -0.00035264 -0.000316092 -0.000444594
internal_weight=462 56 406 163 42 243 121 223
internal_count=462 56 406 163 42 243 121 223
cat_boundaries=0 1
cat_threshold=2099218
is_linear=0
shrinkage=0.01


Tree=835
num_leaves=7
num_cat=1
split_feature=89 24 43 19 10 75
split_gain=0.244561 0.439733 0.282478 0.12921 0.0439007 0.0401794
threshold=0 2.4428571460000006 0.84999999400000015 2.1714285525000006 0.48367490500000004 3.7957142740000003
decision_type=1 2 2 2 2 2
left_child=4 2 3 -2 -1 -5
right_child=1 -3 -4 5 -6 -7
leaf_value=0.00042366348313145451 0.00026519163939127968 3.8973518908487713e-05 0.00015407336319256103 -0.00066140966723001577 -2.7139394095596786e-05 -6.8240750593774699e-06
leaf_weight=20 20 28 31 20 221 129
leaf_count=20 20 28 31 20 221 129
internal_value=-0.000218178 1.67503e-05 -0.000139442 -0.000309187 -0.000430898 -0.000417223
internal_weight=469 228 200 169 241 149
internal_count=469 228 200 169 241 149
cat_boundaries=0 1
cat_threshold=33624475
is_linear=0
shrinkage=0.01


Tree=836
num_leaves=8
num_cat=1
split_feature=20 58 11 1 89 28 18
split_gain=0.337918 0.229445 0.344926 0.196002 0.133102 0.209906 0.110849
threshold=1.9571428385000003 2.3849997520000001 0.67798164300000019 0.25769163100000009 0 2.3714285920000004 1.0571428580000004
decision_type=2 2 2 2 1 2 2
left_child=1 4 -3 -2 5 6 -1
right_child=3 2 -4 -5 -6 -7 -8
leaf_value=-0.00032991555935118892 4.002352278379504e-05 0.00033838266283533038 -0.00059742570734477884 -1.2684339375428653e-06 -4.2924075608351446e-05 0.0004884639815632807 0.00021647778881986768
leaf_weight=66 20 20 22 21 261 20 22
leaf_count=66 20 20 22 21 261 20 22
internal_value=-0.000185512 -0.000275619 0.000397196 0.000657895 -0.000358302 -1.68351e-05 -0.000247748
internal_weight=452 411 42 41 369 108 88
internal_count=452 411 42 41 369 108 88
cat_boundaries=0 1
cat_threshold=537200650
is_linear=0
shrinkage=0.01


Tree=837
num_leaves=10
num_cat=0
split_feature=24 0 16 16 16 15 45 19 0
split_gain=0.593158 0.337451 0.543928 1.17442 0.113719 0.458018 0.0838987 0.0433531 0.0302359
threshold=2.3142857000000006 0.26084197900000006 0.71026214300000012 0.65667821400000015 0.7145063570000002 0.72981245250000015 19.250000125000003 2.1285714165000003 0.10776786850000002
decision_type=2 2 2 2 2 2 2 2 2
left_child=4 2 3 -2 6 -6 7 -1 -7
right_child=1 -3 -4 -5 5 8 -8 -9 -10
leaf_value=-0.0020169587460767743 9.9660412279305996e-05 -0.00031043145327369018 -8.4994271061596464e-06 0.00041613940596347182 0.0011481077190220012 0.0001492929072041671 8.5824154960798882e-05 -4.3678577650997339e-05 -6.0233107182246422e-06
leaf_weight=20 39 24 22 24 20 20 33 201 53
leaf_count=20 39 24 22 24 20 20 33 201 53
internal_value=-5.69178e-05 0.000578324 0.000879953 0.0013558 -0.000263082 1.59914e-05 -0.000372842 -0.000444094 -0.000331978
internal_weight=456 109 85 63 347 93 254 221 73
internal_count=456 109 85 63 347 93 254 221 73
is_linear=0
shrinkage=0.01


Tree=838
num_leaves=10
num_cat=0
split_feature=60 40 87 87 86 87 12 26 3
split_gain=0.405395 0.50779 0.576679 0.876869 0.253329 0.164365 0.179847 0.0570175 0.0639114
threshold=28.800001145000007 11.54999993 23.530456615000002 28.519533350000007 77.303394425000008 27.820630600000005 0.6912360715000001 4.1142856560000007 0.3286711905000001
decision_type=2 2 8 10 2 8 2 2 2
left_child=5 4 -3 -4 -2 -1 -7 -6 -9
right_child=1 2 3 -5 7 6 -8 8 -10
leaf_value=-7.8280121948418299e-06 0.00092944509651083252 -0.001474830974490686 0.00033547391805894883 5.240459745356772e-06 -0.003170676651995333 -0.00010057307767745549 0.00052897082794967076 -0.0015254726020876338 0.00031059071185274788
leaf_weight=205 20 23 22 34 80 22 20 21 20
leaf_count=205 20 23 22 34 80 22 20 21 20
internal_value=-8.87132e-05 0.000217391 0.000858396 0.00140845 -0.000130466 -0.00036925 0.000163551 -0.000316092 0
internal_weight=467 220 79 56 141 247 42 121 41
internal_count=467 220 79 56 141 247 42 121 41
is_linear=0
shrinkage=0.01


Tree=839
num_leaves=10
num_cat=0
split_feature=26 59 40 88 87 21 4 86 8
split_gain=0.457245 0.411148 0.246678 0.202491 0.132706 0.249947 0.196002 0.190735 0.0438755
threshold=4.0785714385000009 35.159999845000009 16.000000250000003 17.285832155000005 27.820630600000005 1.8428571305000003 0.32784340000000006 73.069060915000009 0.48546688100000007
decision_type=2 2 2 10 8 2 2 2 2
left_child=2 -2 4 -3 7 6 -6 -1 -9
right_child=1 3 -4 -5 5 -7 -8 8 -10
leaf_value=0.00055473463486425078 0.0016236675756566888 -0.0039701221394733543 3.0962171553655666e-05 0.00068014272494694385 -6.739847528206519e-05 -4.9351831058134597e-05 0.00055379106747401648 -1.2750593999427129e-05 -2.2355620226563022e-05
leaf_weight=34 26 28 20 20 21 39 20 20 220
leaf_count=34 26 28 20 20 21 39 20 20 220
internal_value=-2.67381e-05 0.000681818 -0.000173426 8.19671e-05 -0.000239572 9.90098e-05 0.000657895 -0.000345706 -0.000448505
internal_weight=448 74 374 48 354 80 41 274 240
internal_count=448 74 374 48 354 80 41 274 240
is_linear=0
shrinkage=0.01


Tree=840
num_leaves=9
num_cat=0
split_feature=77 8 5 24 12 12 58 70
split_gain=0.47226 0.415289 0.361359 0.111514 0.116171 0.208868 0.0626238 0.0678082
threshold=14.003571650000003 0.48546688100000007 0.44577735700000004 2.4857142565000001 0.74559385700000014 0.75384892850000018 2.1949996945000003 7.4121429580000013
decision_type=2 2 2 2 2 2 2 2
left_child=1 -1 -2 4 6 -6 -3 -8
right_child=2 3 -4 -5 5 -7 7 -9
leaf_value=0.00080090568120193186 5.7565985659319792e-06 -3.2849111494298803e-05 4.0278407999306611e-05 5.3309142788744384e-05 0.0011898892784483128 -0.00032971489320417116 0.00019150229502770579 -0.00086075763210126746
leaf_weight=37 32 257 20 21 20 30 22 27
leaf_count=37 32 257 20 21 20 30 22 27
internal_value=-8.78322e-05 -0.000204918 0.000795454 -0.000308364 -0.000353139 5.9055e-05 -0.000426988 -5.02009e-05
internal_weight=466 414 52 377 356 50 306 49
internal_count=466 414 52 377 356 50 306 49
is_linear=0
shrinkage=0.01


Tree=841
num_leaves=9
num_cat=0
split_feature=6 8 48 22 8 9 9 46
split_gain=0.320973 0.677176 0.250429 0.224664 0.207721 0.558999 0.177134 0.0943341
threshold=0.51452969050000008 0.65382257150000012 8.200000085000001 1.8285714260000001 0.57797350000000003 0.59131493750000008 0.53159475000000012 11.149999985000003
decision_type=2 2 2 2 2 2 2 2
left_child=2 -2 4 -3 5 6 -1 -6
right_child=1 3 -4 -5 7 -7 -8 -9
leaf_value=0.00034572585946184746 0.00078919510597018556 -0.0011675978389809982 -7.7584913551644646e-05 3.4995835458105427e-05 0.00015295014690491117 0.00037306009276548939 -0.0015320551880657171 -0.00099352532070251585
leaf_weight=25 24 48 177 22 26 20 42 72
leaf_count=25 24 48 177 22 26 20 42 72
internal_value=-7.88092e-05 0.000432489 -0.000217751 -4.2373e-05 2.96016e-05 0.000392938 -2.2124e-05 -0.000273279
internal_weight=456 94 362 70 185 87 67 98
internal_count=456 94 362 70 185 87 67 98
is_linear=0
shrinkage=0.01


Tree=842
num_leaves=10
num_cat=0
split_feature=40 77 5 16 24 23 87 1 1
split_gain=0.360596 0.258391 0.235044 0.230208 0.30544 0.239463 0.137252 0.0433828 0.0363926
threshold=16.000000250000003 14.003571650000003 0.43800200000000006 0.6776522140000002 2.2571428545000005 1.8857142795000004 21.597050835000005 0.30166985700000004 0.21038070750000001
decision_type=2 2 2 2 2 2 10 2 2
left_child=1 3 -3 7 6 -6 -5 -1 -8
right_child=-2 2 -4 4 5 -7 8 -9 -10
leaf_value=-0.0014990079818281031 5.0419892856606872e-05 -0.00069929380161422533 2.0392480977268756e-05 0.00010590534324920599 0.00026456315077407513 -6.8142829236741623e-05 0.00022813720502656064 2.1711533271391027e-05 -1.5514935310153255e-05
leaf_weight=202 23 25 20 34 25 22 20 20 87
leaf_count=202 23 25 20 34 25 22 20 20 87
internal_value=-7.72766e-05 -0.000143703 0.000556768 -0.000226388 2.11863e-05 0.000721757 -0.000200987 -0.000444345 -0.000384972
internal_weight=478 455 45 410 188 47 141 222 107
internal_count=478 455 45 410 188 47 141 222 107
is_linear=0
shrinkage=0.01


Tree=843
num_leaves=11
num_cat=0
split_feature=77 1 48 4 4 4 17 37 15 1
split_gain=0.409618 0.600684 0.167501 0.252191 0.166015 0.604086 0.0892094 0.0690894 0.0662955 0.0307473
threshold=13.919999940000002 0.26061695250000005 9.8499999050000024 0.41375235700000007 0.35558128600000005 0.32941557150000006 60.680000000000007 3.5500000640000002 0.57686957150000018 0.17084278600000002
decision_type=2 2 2 2 2 2 2 2 2 2
left_child=2 -2 3 4 5 9 -3 8 -4 -1
right_child=1 6 7 -5 -6 -7 -8 -9 -10 -11
leaf_value=-4.5309610483101763e-06 0.00052982370717849362 -0.00063777103244745507 -0.011926327179248247 9.2845273160307687e-06 -1.1991613227204409e-05 0.0011271686911898675 5.5718148505851973e-06 -6.3894065191153184e-05 0.00033640125044332559 -0.0017048588999716919
leaf_weight=20 38 33 22 26 75 32 20 148 20 55
leaf_count=20 38 33 22 26 75 32 20 148 20 55
internal_value=-2.55207e-05 0.000571895 -0.000168004 1.9157e-05 -0.000103939 0.000134508 -8.36432e-05 -0.0003826 0 -0.000336412
internal_weight=489 91 398 208 182 107 53 190 42 75
internal_count=489 91 398 208 182 107 53 190 42 75
is_linear=0
shrinkage=0.01


Tree=844
num_leaves=11
num_cat=0
split_feature=40 87 16 10 16 39 5 59 4 1
split_gain=0.482753 0.605051 0.38323 0.26143 0.478183 0.239378 0.337293 0.0730371 0.0710918 0.0186605
threshold=12.250000030000001 22.010740550000005 0.68154645200000008 0.55742978550000011 0.6125375715000001 15.500000195000002 0.47714655350000007 35.074998855000011 0.37534757150000003 0.22607490000000002
decision_type=2 8 2 2 2 2 2 2 2 2
left_child=3 -2 -3 4 -1 7 9 8 -5 -7
right_child=1 2 -4 5 -6 6 -8 -9 -10 -11
leaf_value=-0.0046608159128968298 -0.0012599096171362412 3.9773707928003999e-05 3.2869098095986225e-06 -0.0019716673627089725 0.0011556445584774682 -0.0016126149819377645 0.00021022787658920986 -2.2552069252055025e-05 1.0855924280692847e-05 -0.00034328222913943067
leaf_weight=33 28 24 22 24 33 20 21 247 20 25
leaf_count=33 28 24 22 24 33 20 21 247 20 25
internal_value=-5.32343e-05 0.000681818 0.00138889 -0.000187589 0.000374251 -0.000297652 0.000224551 -0.000423235 -1.17081e-10 -0.000229258
internal_weight=497 74 46 423 66 357 66 291 44 45
internal_count=497 74 46 423 66 357 66 291 44 45
is_linear=0
shrinkage=0.01


Tree=845
num_leaves=9
num_cat=1
split_feature=89 85 85 28 48 51 15 86
split_gain=0.376147 0.633325 0.819716 0.266059 0.259102 0.249717 0.0919709 0.0857243
threshold=0 17.881428380000006 18.111428670000006 2.0428571615000002 9.7500000000000018 6.8999999535000009 0.75473470250000008 72.840353275000027
decision_type=1 2 2 2 2 2 2 2
left_child=1 4 -3 -2 -1 6 7 -5
right_child=3 2 -4 5 -6 -7 -8 -9
leaf_value=0.00016241584664858664 6.3843659635232333e-05 0.0020050429411293184 -3.6285530622281027e-05 2.9991424445834082e-05 -0.00055269720396447302 1.0662561000155734e-05 0.0013564700401744105 -3.1301305376869019e-05
leaf_weight=32 32 24 21 38 53 23 28 218
leaf_count=32 32 24 21 38 53 23 28 218
internal_value=7.44986e-06 0.000447443 0.00143013 -0.00016438 -5.82762e-06 -0.000264782 -0.000351124 -0.000412773
internal_weight=469 130 45 339 85 307 284 256
internal_count=469 130 45 339 85 307 284 256
cat_boundaries=0 1
cat_threshold=673186562
is_linear=0
shrinkage=0.01


Tree=846
num_leaves=10
num_cat=0
split_feature=5 77 44 17 3 43 83 6 59
split_gain=0.42627 0.349481 0.494231 0.172226 0.293562 0.13991 0.213158 0.0710918 0.0389529
threshold=0.52691861950000007 13.954285755000003 5.0500000085000005 19.550000000000001 0.27244857150000007 0.84999999400000015 21.412857260000006 0.46512330950000008 34.299999235000008
decision_type=2 2 2 2 2 2 2 2 2
left_child=1 3 7 4 -1 8 -7 -3 -5
right_child=-2 2 -4 5 -6 6 -8 -9 -10
leaf_value=-0.0031153748355427758 0.00045571694692992564 8.8072850151202023e-06 0.00011224024572225341 -0.00011006514280773668 0.002840413926070959 -0.00014540673068808051 0.00063566849248760217 -7.5758280263504948e-06 -0.00010310787848287416
leaf_weight=33 20 20 20 22 35 39 33 24 221
leaf_count=33 20 20 20 22 35 39 33 24 221
internal_value=-4.59599e-05 -0.000115007 0.000555555 -0.000233194 0.000203488 -0.000334072 2.74724e-05 -1.17081e-10 -0.000449139
internal_weight=467 447 64 383 68 315 72 44 243
internal_count=467 447 64 383 68 315 72 44 243
is_linear=0
shrinkage=0.01


Tree=847
num_leaves=9
num_cat=1
split_feature=89 56 16 16 50 0 44 45
split_gain=0.823686 1.03364 0.571613 0.56792 0.328502 0.140558 0.0464993 0.0969204
threshold=0 0.40499973300000003 0.69593464300000007 0.66049697150000009 0.50000000750000007 0.066451479500000007 5.9499999580000011 15.949999870000001
decision_type=1 2 2 2 2 2 2 2
left_child=1 2 3 -1 -2 -6 -7 -8
right_child=4 -3 -4 -5 5 6 7 -9
leaf_value=-0.0037234100188819597 1.3943212456229327e-05 0.00045115977746062644 -4.7040974298518895e-05 0.00041079672438597281 0.00027347152795439798 -9.7691050045918009e-05 -6.6970880235403654e-05 2.0530944425558688e-05
leaf_weight=21 32 20 47 20 20 235 38 20
leaf_count=21 32 20 47 20 20 235 38 20
internal_value=-9.91638e-06 0.000707071 0.00027027 0.00113636 -0.000254356 -0.000364882 -0.000423758 -0.000119048
internal_weight=453 108 88 41 345 313 293 58
internal_count=453 108 88 41 345 313 293 58
cat_boundaries=0 1
cat_threshold=674497664
is_linear=0
shrinkage=0.01


Tree=848
num_leaves=8
num_cat=0
split_feature=40 47 48 59 50 50 86
split_gain=0.709655 0.518762 0.307827 0.221007 0.156926 0.0784192 0.158243
threshold=16.000000250000003 60.650000690000006 5.9499999655000009 37.264999390000007 1.0000000225000003 8.6499999685000031 128.03490560000003
decision_type=2 2 2 2 2 2 2
left_child=1 2 3 4 -1 -4 -7
right_child=-2 -3 5 -5 -6 6 -8
leaf_value=8.0484112496143203e-05 8.436772787405385e-05 0.00011309147560558675 -6.0322501368396048e-05 0.00026601194365185709 -0.00042078252873733877 0.001112489371921489 -1.7259302847179031e-05
leaf_weight=27 22 20 255 24 41 29 50
leaf_count=27 22 20 255 24 41 29 50
internal_value=-8.95906e-05 -0.000181289 -0.000260075 0.000237069 -2.90699e-05 -0.000403226 -9.39851e-05
internal_weight=468 446 426 92 68 334 79
internal_count=468 446 426 92 68 334 79
is_linear=0
shrinkage=0.01


Tree=849
num_leaves=8
num_cat=0
split_feature=40 26 47 87 56 54 40
split_gain=0.800215 0.436065 0.718469 0.304888 0.107347 0.107915 0.0399268
threshold=15.999999800000003 4.0714285200000004 13.150000200000003 31.142163675000003 1.4749999045000004 1.5850005150000002 13.950000010000002
decision_type=2 2 2 8 2 2 2
left_child=1 4 -3 -4 5 -1 -7
right_child=-2 2 3 -5 -6 6 -8
leaf_value=0.0002071471953601524 0.00012653450705666801 -0.0010009622616216412 0.001464866269074383 -8.6398321354346353e-07 0.00017749532751755546 -1.6173407124172461e-05 -5.4367826833883775e-06
leaf_weight=28 20 47 27 23 24 268 22
leaf_count=28 20 47 27 23 24 268 22
internal_value=-8.15573e-05 -0.000176217 0.000403885 0.00124016 -0.000347141 -0.000398369 -0.000457359
internal_weight=459 439 97 50 342 318 290
internal_count=459 439 97 50 342 318 290
is_linear=0
shrinkage=0.01


Tree=850
num_leaves=8
num_cat=0
split_feature=20 48 48 25 8 8 48
split_gain=0.708993 0.454587 0.546576 0.493479 0.124056 0.304794 0.413747
threshold=1.8357142720000004 9.7500000000000018 0.90000000950000014 3.9714285135000007 0.62638573800000008 0.65382257150000012 8.0499999075000019
decision_type=2 2 2 2 2 2 2
left_child=4 2 -2 -4 -1 6 -6
right_child=1 -3 3 -5 5 -7 -8
leaf_value=-4.2528662988178446e-05 -0.0015272285115627427 -0.00095985605979140298 0.00027393474660249552 6.4840990076733215e-06 -4.4739584753820992e-06 -3.118702906152637e-05 0.0018918816345962115
leaf_weight=223 22 33 31 38 21 76 24
leaf_count=223 22 33 31 38 21 76 24
internal_value=-0.000110922 0.000528846 0.000898693 0.00133954 -0.000348028 -6.97867e-05 0.000556768
internal_weight=468 124 91 69 344 121 45
internal_count=468 124 91 69 344 121 45
is_linear=0
shrinkage=0.01


Tree=851
num_leaves=8
num_cat=0
split_feature=6 88 55 7 73 60 6
split_gain=0.37634 0.588943 0.215485 0.179612 0.099357 0.215187 0.0966613
threshold=0.54869635750000012 20.753460205000003 0.30499982850000001 0.40947400000000006 8.6421427725000015 28.845001695000004 0.40316790500000005
decision_type=2 10 2 2 2 2 2
left_child=2 -2 3 -1 5 6 -5
right_child=1 -3 -4 4 -6 -7 -8
leaf_value=0.00016903580443866436 0.00035771966104639015 -0.00017458511017602759 2.2144612076377751e-05 -6.1807378603226756e-07 -6.7065444276877842e-05 6.9562749326010511e-06 -3.1643711139309835e-05
leaf_weight=29 25 22 23 24 197 22 125
leaf_count=29 25 22 23 24 197 22 125
internal_value=-0.00011009 0.000721757 -0.000209126 -0.000267723 -0.000330803 -0.000136787 -0.000283712
internal_weight=467 47 420 397 368 171 149
internal_count=467 47 420 397 368 171 149
is_linear=0
shrinkage=0.01


Tree=852
num_leaves=9
num_cat=0
split_feature=40 4 2 15 4 28 87 37
split_gain=0.510282 0.714339 0.112448 0.2359 0.264903 0.26927 0.242813 0.220709
threshold=12.800000015000002 0.36167550000000009 0.28819364300000005 0.61188938100000012 0.32941557150000006 2.2714285595000008 22.800257140000003 3.5500000640000002
decision_type=2 2 2 2 2 2 10 2
left_child=2 -2 3 -1 6 -6 -5 -4
right_child=1 -3 7 4 5 -7 -8 -9
leaf_value=-0.0038352595196136825 -8.4273024256092954e-05 6.5865849856388693e-05 0.00021444578629288184 0.00021330225039159376 -0.00088822972313869555 0.0010372811966716244 -3.6522546579094472e-05 -2.0584975042889393e-05
leaf_weight=72 39 20 31 22 30 22 58 173
leaf_count=72 39 20 31 22 30 22 58 173
internal_value=-4.59599e-05 0.000811037 -0.000176125 -1.18744e-10 0.000240964 0.000795454 -9.901e-05 -0.000341797
internal_weight=467 59 408 204 132 52 80 204
internal_count=467 59 408 204 132 52 80 204
is_linear=0
shrinkage=0.01


Tree=853
num_leaves=9
num_cat=0
split_feature=10 60 40 48 70 86 10 46
split_gain=0.518593 0.701723 0.275809 0.119071 0.162405 0.104554 0.0825037 0.0637002
threshold=0.54578737500000007 28.764999390000003 15.749999955000002 9.8499999050000024 7.4121429580000013 83.137014475000015 0.65615602350000002 11.149999985000003
decision_type=2 2 2 2 2 2 2 2
left_child=1 -1 3 4 6 -6 -2 -7
right_child=2 -3 -4 -5 5 7 -8 -9
leaf_value=-0.0008140169348796317 0.00020294907886915777 0.001594082220334846 4.9410970637021465e-05 -3.1018297079288375e-05 8.4089946917753953e-05 -1.3361689808559392e-05 -5.9030064040978162e-06 -0.00037420746090162523
leaf_weight=23 20 28 20 184 21 42 21 115
leaf_count=23 20 28 20 184 21 42 21 115
internal_value=-0.000115838 0.000820463 -0.000234781 -0.000295939 -0.000125114 -0.000262864 0.00041866 -0.000358048
internal_weight=474 51 423 403 219 178 41 157
internal_count=474 51 423 403 219 178 41 157
is_linear=0
shrinkage=0.01


Tree=854
num_leaves=10
num_cat=0
split_feature=7 4 3 16 48 16 43 88 1
split_gain=0.614657 0.249386 1.23126 0.119056 0.256999 0.100898 0.0678245 0.0414788 0.029128
threshold=0.40947400000000006 0.4038965235000001 0.37686164300000008 0.67720392850000011 5.9499999655000009 0.75045346700000015 0.94999998800000018 26.398989690000004 0.3071138570000001
decision_type=2 2 2 2 2 2 2 10 2
left_child=-1 3 -3 7 -5 6 -6 -2 -4
right_child=1 2 8 4 5 -7 -8 -9 -10
leaf_value=0.0020460144290835396 -0.0010761406721443432 7.7110847964307683e-05 3.5547672180284011e-06 0.00031840615699595061 -1.0348642457050645e-05 0.0021400266819547081 0.00015794760378313788 -3.1249958910176454e-05 -0.00010426835609934685
leaf_weight=23 152 24 20 29 94 20 38 20 49
leaf_count=23 152 24 20 29 94 20 38 20 49
internal_value=-2.66072e-05 -0.000114145 0.000335821 -0.000238836 -4.67548e-05 -0.000222513 -0.000331325 -0.000428241 -0.00032235
internal_weight=469 446 93 353 181 152 132 172 69
internal_count=469 446 93 353 181 152 132 172 69
is_linear=0
shrinkage=0.01


Tree=855
num_leaves=10
num_cat=1
split_feature=89 51 60 49 59 9 31 30 8
split_gain=0.650513 0.593997 0.362405 0.188875 0.12482 0.170852 0.150453 0.185552 0.0244948
threshold=0 2.5999999715000004 28.845001695000004 1.0000000180025095e-35 34.979999545000005 0.60290660000000018 4.3499999895000014 5.6785713945000014 0.61944667850000013
decision_type=1 2 2 2 2 2 2 2 2
left_child=1 3 -3 -1 5 -2 -6 8 -8
right_child=4 2 -4 -5 6 -7 7 -9 -10
leaf_value=0.0001953137140264414 -0.0015751695641348425 1.6474190606164328e-05 0.00039645138058806234 -3.2542301198379695e-05 -2.1781850105153728e-05 0.000420336129945193 -4.2321806409403341e-05 0.0010612472928041086 0.00021018476473014304
leaf_weight=23 20 20 23 38 236 20 36 21 20
leaf_count=23 20 20 23 38 236 20 36 21 20
internal_value=-7.97293e-05 0.000574913 0.00151826 0 -0.000287246 0.000196078 -0.000364882 0 -0.00028169
internal_weight=457 104 43 61 353 40 313 77 56
internal_count=457 104 43 61 353 40 313 77 56
cat_boundaries=0 1
cat_threshold=673579528
is_linear=0
shrinkage=0.01


Tree=856
num_leaves=9
num_cat=1
split_feature=7 60 89 87 40 7 0 39
split_gain=0.47404 0.523914 0.200189 0.368131 0.428859 0.220242 0.0385375 0.0446112
threshold=0.6521389285000001 32.829999925000003 0 25.921062845000005 11.699999725000001 0.48228364300000004 0.30146440250000006 17.349999965000006
decision_type=2 2 1 8 2 2 2 2
left_child=1 2 3 -1 5 -5 7 -4
right_child=-2 -3 6 4 -6 -7 -8 -9
leaf_value=-8.9224067281489731e-05 2.3851780072730521e-05 0.0005158101762405043 -4.8071000751007012e-05 0.00042137613096220744 0.00021417197781042023 -0.00083795450325273638 9.3448403559946993e-05 -1.0749146564844742e-05
leaf_weight=70 20 20 253 20 21 34 20 20
leaf_count=70 20 20 253 20 21 34 20 20
internal_value=-0.000119048 -0.000189625 -0.000266636 3.53016e-05 0.000534301 1.82481e-05 -0.000409809 -0.000454712
internal_weight=478 458 438 145 75 54 293 273
internal_count=478 458 438 145 75 54 293 273
cat_boundaries=0 1
cat_threshold=540279818
is_linear=0
shrinkage=0.01


Tree=857
num_leaves=11
num_cat=0
split_feature=20 87 87 47 2 28 49 87 0 3
split_gain=0.400928 0.318604 0.776136 0.440421 0.112821 0.170852 0.0929479 0.170335 0.0686894 0.0429746
threshold=1.8285714135000002 26.397590145000006 23.530456615000002 25.450000005000003 0.34738335700000006 2.2357142910000003 2.2000000365000005 26.403695545000005 0.15174629200000003 0.21360950000000004
decision_type=2 10 8 2 2 2 2 8 2 2
left_child=4 2 8 -3 6 -6 9 -8 -2 -1
right_child=1 3 -4 -5 5 -7 7 -9 -10 -11
leaf_value=-0.0014485939299379595 0.00047869845651724919 -0.00012871463524199148 0.00056799618742579437 0.00029990895807252441 -0.00017357646138162718 0.00049417535166315586 -1.4478145476581864e-05 0.00031629755871461114 -0.0014888403727316602 -3.1520737014585425e-05
leaf_weight=20 20 67 30 23 20 20 35 24 23 189
leaf_count=20 20 67 30 23 20 20 35 24 23 189
internal_value=-4.98094e-05 0.000344933 0.000833333 -3.30398e-05 -0.000265544 0.000196078 -0.000342262 0 0 -0.000440896
internal_weight=471 163 73 90 308 40 268 59 43 209
internal_count=471 163 73 90 308 40 268 59 43 209
is_linear=0
shrinkage=0.01


Tree=858
num_leaves=9
num_cat=0
split_feature=26 37 48 3 0 45 16 88
split_gain=0.47978 0.225409 0.190564 0.188056 0.14268 0.139625 0.221701 0.10228
threshold=4.1142856560000007 4.0500000380000012 5.9499999655000009 0.33044228550000004 0.066068660000000015 17.149999835000006 0.67720392850000011 27.836040485000002
decision_type=2 2 2 2 2 2 2 10
left_child=2 3 5 -2 -4 6 -1 -6
right_child=1 -3 4 -5 7 -7 -8 -9
leaf_value=-0.00050318839044268893 -0.00011661852522549795 0.0017869292440844209 0.00023940307226333489 0.00028514795819717555 -6.5844641985698409e-05 -2.1071549438235637e-05 0.00031891442056769791 1.1014326850537619e-05
leaf_weight=26 24 25 20 20 278 23 21 33
leaf_count=26 24 25 20 20 278 23 21 33
internal_value=-0.000133815 0.000623209 -0.000270035 0.000133928 -0.000372212 0.000183616 0.000512552 -0.000428159
internal_weight=470 69 401 44 331 70 47 311
internal_count=470 69 401 44 331 70 47 311
is_linear=0
shrinkage=0.01


Tree=859
num_leaves=8
num_cat=0
split_feature=66 47 13 3 62 13 11
split_gain=0.267985 0.439614 0.542517 0.71664 0.138254 0.0615958 0.0662955
threshold=79.78500080500001 0.60000001250000012 0.68884875000000012 0.3135258575 1.7350001335000003 0.70884390000000008 0.71231575000000014
decision_type=2 2 2 2 2 2 2
left_child=-1 5 3 -3 -4 -2 -7
right_child=1 2 4 -5 -6 6 -8
leaf_value=-1.1824255493321873e-05 -0.0037969736474974141 6.3641500006243402e-06 -1.1233790136784086e-05 0.0003927322903112372 0.00010048600393225339 0.00028390091251491494 -0.0035114968184917438
leaf_weight=147 105 35 50 33 32 20 22
leaf_count=147 105 35 50 33 32 20 22
internal_value=-0.000134892 3.19005e-05 0.000417772 0.00107558 -0.000108696 -0.000348444 0
internal_weight=444 297 150 68 82 147 42
internal_count=444 297 150 68 82 147 42
is_linear=0
shrinkage=0.01


Tree=860
num_leaves=7
num_cat=0
split_feature=7 58 76 24 58 0
split_gain=0.215933 0.21285 0.376153 0.0465833 0.0908624 0.045455
threshold=0.408022143 2.1100001335000003 15.829999855000002 2.4428571715000005 0.3850002285000001 0.066451479500000007
decision_type=2 2 2 2 2 2
left_child=-1 3 -3 5 -5 -2
right_child=1 2 -4 4 -6 -7
leaf_value=0.00019286030654271552 4.9591749475517699e-05 0.00025050043019034902 -0.00049970072235111919 9.3350815492312803e-05 -1.0429520918058165e-05 -2.8752935075299494e-05
leaf_weight=25 20 32 41 20 34 304
leaf_count=25 20 32 41 20 34 304
internal_value=-0.000264262 -0.000317619 0.000155826 -0.000414467 -9.1241e-05 -0.000461823
internal_weight=476 451 73 378 54 324
internal_count=476 451 73 378 54 324
is_linear=0
shrinkage=0.01


Tree=861
num_leaves=9
num_cat=0
split_feature=10 20 86 87 70 79 76 64
split_gain=0.36598 0.302859 0.226032 0.344926 0.11963 0.15708 0.0366278 0.0324911
threshold=0.48367490500000004 1.9571428555000001 73.069060915000009 26.000940735000004 7.1528571670000014 10.216428585000001 14.887857095000003 67.994998455000015
decision_type=2 2 2 10 2 2 2 2
left_child=-1 2 3 -2 5 -4 -6 -8
right_child=1 -3 4 -5 6 -7 7 -9
leaf_value=0.00027337897693518716 0.0010785688277657004 0.00014733940403327401 0.00020863046666127713 -0.0025172346232645278 -0.0014987301805208261 -0.0006176188528246617 -9.9627394910675582e-06 -0.003940742453056271
leaf_weight=24 20 30 23 22 21 26 263 25
leaf_count=24 20 30 23 22 21 26 263 25
internal_value=-0.000120932 -0.000192665 -0.000269461 0.000397196 -0.000353958 7.0281e-05 -0.000427695 -0.000457064
internal_weight=454 430 400 42 358 49 309 288
internal_count=454 430 400 42 358 49 309 288
is_linear=0
shrinkage=0.01


Tree=862
num_leaves=9
num_cat=0
split_feature=48 23 54 4 4 23 86 2
split_gain=0.324352 0.463196 0.543213 0.313252 0.440167 0.252142 0.136977 0.0384131
threshold=9.8499999050000024 1.9928571325000004 4.1799998285000006 0.34103814300000007 0.32005404750000005 1.8714285620000004 70.137508020000013 0.34738335700000006
decision_type=2 2 2 2 2 2 2 2
left_child=1 3 -3 4 5 -1 -2 -5
right_child=6 2 -4 7 -6 -7 -8 -9
leaf_value=-0.0016873489545733702 -3.3359758770422982e-06 0.000846313974157044 -0.0019679272853882334 -1.5039684915173963e-05 0.0010832201931531822 0.00036706974896142828 -3.0456741811646301e-05 -1.127555168925461e-06
leaf_weight=47 23 21 32 106 23 20 189 20
leaf_count=47 23 21 32 106 23 20 189 20
internal_value=-0.000100664 0.000124166 0.000957249 -7.38009e-05 0.000363436 -2.2124e-05 -0.000394737 -0.000402208
internal_weight=481 269 53 216 90 67 212 126
internal_count=481 269 53 216 90 67 212 126
is_linear=0
shrinkage=0.01


Tree=863
num_leaves=10
num_cat=1
split_feature=86 40 78 15 59 89 25 53 27
split_gain=0.332883 0.4694 0.290442 0.507297 0.203366 0.113361 0.204726 0.0868114 0.0415007
threshold=73.069060915000009 3.0999999795000006 12.918571200000002 0.72981245250000015 34.214999675000008 0 3.9428571460000006 0.41499996150000001 4.4857142565000006
decision_type=2 2 2 2 2 1 2 2 2
left_child=1 -1 3 -2 -4 6 -6 -8 -7
right_child=2 -3 4 -5 5 8 7 -9 -10
leaf_value=-0.0040710121962876135 0.00015519739493092299 0.00106058318216656 0.0015778857726773861 -0.00017613789022110892 0.00020319433805690443 -1.6865149108870083e-05 -0.00012543830889747261 0.00062803363808522806 -0.0093469866160143071
leaf_weight=23 30 36 26 28 20 224 59 26 21
leaf_count=23 30 36 26 28 20 224 59 26 21
internal_value=-4.96153e-05 0.000643813 -0.000149494 0.000493197 -0.000254777 -0.000322121 -4.3179e-06 -0.000238928 -0.000431978
internal_weight=493 59 434 58 376 350 105 85 245
internal_count=493 59 434 58 376 350 105 85 245
cat_boundaries=0 1
cat_threshold=2097433
is_linear=0
shrinkage=0.01


Tree=864
num_leaves=9
num_cat=1
split_feature=89 4 5 25 16 28 80 5
split_gain=0.436047 0.379335 0.382181 0.145072 0.130673 0.115402 0.111033 0.0447075
threshold=0 0.40527171450000005 0.34123250000000005 4.1857143300000006 0.75413885700000016 2.0142857265000003 12.461428505000002 0.50441778600000009
decision_type=1 2 2 2 2 2 2 2
left_child=1 2 -1 4 5 -2 -4 -7
right_child=3 -3 6 -5 -6 7 -8 -9
leaf_value=0.00036113573655599057 5.5187010532735286e-05 0.00023270854102651711 0.00020455107498935519 0.00037265101320478475 0.0021070988930810201 -7.991290490524201e-05 -5.6147737533777211e-05 1.8159094689736978e-05
leaf_weight=20 26 22 20 34 20 258 50 20
leaf_count=20 26 22 20 34 20 258 50 20
internal_value=-9.1334e-05 0.000423453 0.000143172 -0.000263015 -0.00033867 -0.000393701 -0.000183616 -0.000455524
internal_weight=470 112 90 358 324 304 70 278
internal_count=470 112 90 358 324 304 70 278
cat_boundaries=0 1
cat_threshold=540279049
is_linear=0
shrinkage=0.01


Tree=865
num_leaves=8
num_cat=0
split_feature=86 23 48 44 8 28 14
split_gain=0.268526 0.353063 0.326447 0.38933 0.268318 0.244867 0.0440717
threshold=77.303394425000008 2.2785714435000002 7.4000001325000015 6.1999998575000008 0.57947857150000015 2.2142857055000005 0.7533740000000001
decision_type=2 2 2 2 2 2 2
left_child=1 -1 3 4 5 -2 -4
right_child=2 -3 6 -5 -6 -7 -8
leaf_value=0.0010485165923678902 -0.0013036742065114001 -0.0058644258194735441 -1.6101447951559801e-05 0.00016845481955419278 -0.00044352645546758267 1.5086895900525215e-05 9.6490002934348503e-05
leaf_weight=35 29 23 228 28 79 21 20
leaf_count=35 29 23 228 28 79 21 20
internal_value=-0.000128288 0.000493197 -0.000223016 0.000123574 -9.63021e-05 0.000452756 -0.000450161
internal_weight=463 58 405 157 129 50 248
internal_count=463 58 405 157 129 50 248
is_linear=0
shrinkage=0.01


Tree=866
num_leaves=10
num_cat=0
split_feature=60 3 16 24 46 14 66 86 15
split_gain=0.42656 0.203235 0.670515 0.273983 0.195192 0.226397 0.105702 0.157794 0.0415728
threshold=33.000000475000007 0.24092107150000003 0.56325750000000008 2.2714285810000008 11.499999985000002 0.66696292900000009 81.390001300000009 96.478193015000016 0.75344214250000008
decision_type=2 2 2 2 2 2 2 2 2
left_child=1 2 -1 8 6 -6 7 -5 -3
right_child=-2 3 -4 4 5 -7 -8 -9 -10
leaf_value=-0.010592187667279184 1.4936026941519481e-05 -1.3471784431740035e-05 0.00025971758197541796 0.00032515089027897778 0.00064747893650038944 -5.5441392562818884e-06 -2.1475027105899827e-05 -9.0886845835374852e-06 -1.6671897477028062e-05
leaf_weight=33 21 227 20 21 28 26 57 20 21
leaf_count=33 21 227 20 21 28 26 57 20 21
internal_value=-9.47769e-05 -0.000164169 0.000399628 -0.000244511 7.85339e-05 0.000565693 -0.000172065 0.000179426 -0.000450161
internal_weight=474 453 53 400 152 54 98 41 248
internal_count=474 453 53 400 152 54 98 41 248
is_linear=0
shrinkage=0.01


Tree=867
num_leaves=9
num_cat=0
split_feature=77 24 19 88 22 10 14 31
split_gain=0.513871 0.147051 0.181013 0.121528 0.108784 0.175454 0.0363502 0.0422459
threshold=14.073571445000001 2.2999999945000007 2.2857142605000003 28.279382665000004 1.7857143115000003 0.65712585700000015 0.7564218570000002 4.4857142650000013
decision_type=2 2 2 10 2 2 2 2
left_child=1 3 -3 6 5 -4 7 -1
right_child=-2 2 4 -5 -6 -7 -8 -9
leaf_value=-1.6561920614493698e-05 2.7789226735632085e-05 0.00021339426251859323 0.00030408047346900524 1.3999315094211141e-05 -1.2454108688926807e-05 -2.8515490758154906e-05 -9.6746170645396266e-06 -6.3930089900908342e-07
leaf_weight=259 30 32 20 23 60 21 21 21
leaf_count=259 30 32 20 23 60 21 21 21
internal_value=-0.000167077 -0.000254478 1.12106e-05 -0.000369458 -0.000181729 0.000179426 -0.000425779 -0.000455841
internal_weight=487 457 133 324 101 41 301 280
internal_count=487 457 133 324 101 41 301 280
is_linear=0
shrinkage=0.01


Tree=868
num_leaves=10
num_cat=0
split_feature=38 22 44 50 4 24 46 12 14
split_gain=0.473444 0.324385 0.195577 0.125606 0.209815 0.145844 0.426681 0.0425128 0.0380391
threshold=0.55000000800000015 1.8428571435000001 6.299999799500001 4.1499999725000007 0.27036992850000002 2.2642857260000002 11.499999985000002 0.72410804750000013 0.75020021450000007
decision_type=2 2 2 2 2 2 2 2 2
left_child=1 -1 -3 7 -5 8 -7 -2 -6
right_child=3 2 -4 4 5 6 -8 -9 -10
leaf_value=0.00030482312607210015 -6.5819113614344794e-05 -0.00037735405796039369 0.000111564404733266 3.2602842988420819e-05 -2.0047079448415921e-05 -4.0974745765975637e-05 0.00062129299666138739 5.1278846363581602e-05 0.0002103638115150891
leaf_weight=22 176 26 20 20 102 44 30 20 20
leaf_count=22 176 26 20 20 102 44 30 20 20
internal_value=-0.000120632 0.000639535 0.000106837 -0.000251938 -7.38009e-05 -0.000182927 0.000147059 -0.000436992 -0.000399023
internal_weight=480 68 46 412 216 196 74 196 122
internal_count=480 68 46 412 216 196 74 196 122
is_linear=0
shrinkage=0.01


Tree=869
num_leaves=9
num_cat=0
split_feature=57 88 80 6 40 57 8 8
split_gain=0.295171 0.279947 0.252731 0.660941 0.101364 0.100528 0.0817903 0.182638
threshold=1.9549999235000002 19.605197285000003 12.550000055000002 0.42636364300000007 15.749999955000002 4.7849998475000008 0.62638573800000008 0.65482157150000009
decision_type=2 8 2 2 2 2 2 2
left_child=-1 -2 3 -3 6 -5 -4 -8
right_child=1 2 4 5 -6 -7 7 -9
leaf_value=-9.9789317893438271e-06 0.0001684540865404146 0.00060868582806666805 -0.00014500372094523016 -2.8440719671440712e-05 6.0302392859985787e-05 1.5113381938211045e-05 0.00090935511945404771 -3.4927059627611428e-05
leaf_weight=135 33 33 114 46 20 21 24 40
leaf_count=135 33 33 114 46 20 21 24 40
internal_value=-8.78322e-05 6.78118e-05 -2.34272e-05 0.000376984 -0.000236419 -0.000169617 -0.000318792 -1.17738e-10
internal_weight=466 331 298 100 198 67 178 64
internal_count=466 331 298 100 198 67 178 64
is_linear=0
shrinkage=0.01


Tree=870
num_leaves=8
num_cat=0
split_feature=8 58 29 86 5 29 21
split_gain=0.688972 0.196473 0.2914 0.143556 0.184043 0.0724972 0.0734472
threshold=0.48546688100000007 2.3349995615000005 2.9857142905000003 77.303394425000008 0.41778442900000007 3.0785714300000007 1.8785714080000002
decision_type=2 2 2 2 2 2 2
left_child=-1 3 -3 4 -2 -5 -7
right_child=1 2 -4 5 -6 6 -8
leaf_value=0.00094909578735379659 -0.0060016653049803446 0.00022855807898255885 -0.0033220552070851342 -1.8424788087583401e-05 0.00039943133595079827 0.00023213199004625874 -0.00081290492614768039
leaf_weight=34 23 23 24 283 20 20 25
leaf_count=34 23 23 24 283 20 20 25
internal_value=-0.000163428 -0.00027937 0.000303347 -0.000359064 0.000148402 -0.000431874 -1.09171e-05
internal_weight=452 418 47 371 43 328 45
internal_count=452 418 47 371 43 328 45
is_linear=0
shrinkage=0.01


Tree=871
num_leaves=9
num_cat=1
split_feature=89 24 18 26 0 10 26 16
split_gain=0.312054 0.296339 0.590679 0.172477 0.110207 0.0983101 0.0951703 0.0420122
threshold=0 2.3142857000000006 1.0142857135000003 4.1142856560000007 0.065224698000000011 0.64347714300000014 3.5857143230000004 0.75160978600000006
decision_type=1 2 2 2 2 2 2 2
left_child=1 5 -3 4 -2 -1 -6 -8
right_child=3 2 -4 -5 6 -7 7 -9
leaf_value=-1.278769365189719e-05 0.00023277716600204787 0.00033323165986100787 -0.00071129519741036239 0.00012568810523563105 -6.919616452950015e-06 0.00033338610175623589 -1.8549389751016717e-05 -0.0011799593368330579
leaf_weight=39 23 28 29 30 31 20 247 21
leaf_count=39 23 28 29 30 31 20 247 21
internal_value=-0.000110922 0.000315457 0.000856401 -0.000259096 -0.000337671 -0.000125418 -0.000391928 -0.000453869
internal_weight=468 116 57 352 322 59 299 268
internal_count=468 116 57 352 322 59 299 268
cat_boundaries=0 1
cat_threshold=674529292
is_linear=0
shrinkage=0.01


Tree=872
num_leaves=8
num_cat=0
split_feature=7 27 38 18 51 7 1
split_gain=0.208596 0.11829 0.334477 0.156889 0.177703 0.0417171 0.0221279
threshold=0.40669402350000006 3.7357142655000004 5.7000001370000009 0.96428571450000011 1.6500000210000001 0.62680169050000012 0.26272345250000007
decision_type=2 2 2 2 2 2 2
left_child=-1 -2 3 5 6 -3 -5
right_child=1 2 -4 4 -6 -7 -8
leaf_value=0.00023196549522630909 -9.3976742206569248e-06 -0.00010875376258115588 0.0011071450900467009 -0.0007459416902843559 0.00019284475205780691 1.7218698522248195e-05 1.1706465088635355e-07
leaf_weight=23 149 157 39 31 32 20 20
leaf_count=23 149 157 39 31 32 20 20
internal_value=-0.000198177 -0.000249554 -0.000125084 -0.000260736 7.75655e-05 -0.000430259 -0.000260618
internal_weight=471 448 299 260 83 177 51
internal_count=471 448 299 260 83 177 51
is_linear=0
shrinkage=0.01


Tree=873
num_leaves=8
num_cat=0
split_feature=43 10 38 13 10 39 11
split_gain=0.184849 0.237743 0.146414 0.169828 0.14323 0.0592432 0.0857157
threshold=0.94999998800000018 0.63950042850000011 0.35000000900000006 0.69540750000000007 0.48809821400000003 15.500000195000002 0.70115721450000013
decision_type=2 2 2 2 2 2 2
left_child=2 -2 3 -1 -4 -6 -7
right_child=1 -3 4 -5 5 6 -8
leaf_value=7.2791608920545512e-05 -6.5073219252129668e-05 0.0004256774058151089 0.00048209370028390433 -5.5816033003133784e-05 -1.2382400550947717e-05 -0.0031988838135923558 0.00056710649488382169
leaf_weight=33 25 36 20 26 265 31 20
leaf_count=33 25 36 20 26 265 31 20
internal_value=-0.000210158 0.000283171 -0.000291814 0.00014214 -0.000374109 -0.000429293 -6.75677e-05
internal_weight=456 61 395 59 336 316 51
internal_count=456 61 395 59 336 316 51
is_linear=0
shrinkage=0.01


Tree=874
num_leaves=6
num_cat=0
split_feature=20 45 9 16 0
split_gain=0.20868 0.253267 0.172659 0.150541 0.0409969
threshold=1.9571428385000003 17.149999835000006 0.49806395000000009 0.75160978600000006 0.066451479500000007
decision_type=2 2 2 2 2
left_child=2 -2 -1 4 -4
right_child=1 -3 3 -5 -6
leaf_value=7.0096371921150589e-05 8.8709348780109903e-05 -0.00010964674769879809 -9.8423017845284267e-05 0.0019423047179535813 -2.8899055052679828e-05
leaf_weight=36 24 21 22 21 346
leaf_count=36 24 21 22 21 346
internal_value=-0.000282498 0.000338428 -0.000353452 -0.000416881 -0.000466378
internal_weight=470 45 425 389 368
internal_count=470 45 425 389 368
is_linear=0
shrinkage=0.01


Tree=875
num_leaves=8
num_cat=0
split_feature=9 60 25 14 43 66 14
split_gain=0.346215 0.573036 0.316826 0.386355 0.0997062 0.17771 0.0449769
threshold=0.53159475000000012 28.764999390000003 3.8999999420000004 0.70117720250000015 0.94999998800000018 79.890000820000012 0.75742207150000007
decision_type=2 2 2 2 2 2 2
left_child=1 -1 3 -2 6 -6 -4
right_child=2 -3 4 -5 5 -7 -8
leaf_value=-0.00015473357916651371 3.6848532387278235e-05 0.0016012227072223113 -8.0145078253009635e-05 -1.6773513153496519e-05 -5.6842572048545064e-06 0.00088340821850284063 9.5617447846631229e-05
leaf_weight=26 37 27 273 31 38 24 20
leaf_count=26 37 27 273 31 38 24 20
internal_value=-0.000159396 0.000585502 -0.000258377 0.000348837 -0.000380832 0 -0.000457795
internal_weight=476 53 423 68 355 62 293
internal_count=476 53 423 68 355 62 293
is_linear=0
shrinkage=0.01


Tree=876
num_leaves=6
num_cat=0
split_feature=75 20 51 39 13
split_gain=0.354851 0.158444 0.0949319 0.040318 0.0455237
threshold=6.4249999350000007 1.9571428555000001 7.249999948000001 17.349999965000006 0.76167340000000017
decision_type=2 2 2 2 2
left_child=1 2 3 4 -1
right_child=-2 -3 -4 -5 -6
leaf_value=-2.0816985149457439e-05 0.0002504931207167174 9.1043890306325464e-05 -5.1644660895655687e-07 4.7681966984548105e-05 7.5716561919217935e-05
leaf_weight=309 29 36 30 20 20
leaf_count=309 29 36 30 20 20
internal_value=-0.000247302 -0.000325878 -0.000388362 -0.000435964 -0.000462402
internal_weight=444 415 379 349 329
internal_count=444 415 379 349 329
is_linear=0
shrinkage=0.01


Tree=877
num_leaves=7
num_cat=0
split_feature=45 60 44 44 59 0
split_gain=0.231872 0.104891 0.188022 0.1024 0.121431 0.0763575
threshold=19.250000125000003 31.599999905000004 4.5500000010000008 1.7000000065 34.214999675000008 0.13177510400000003
decision_type=2 2 2 2 2 2
left_child=1 3 -3 -1 -5 -2
right_child=5 2 -4 4 -6 -7
leaf_value=-0.00075416372504067645 -1.3869633104985867e-05 -0.0044751658259163992 2.5270822418835081e-06 -0.00032823786650070479 -1.7434300345141081e-05 0.00026025872490350021
leaf_weight=28 20 28 21 28 322 20
leaf_count=28 20 28 21 28 322 20
internal_value=-0.000259726 -0.000330762 7.0281e-05 -0.000388068 -0.000436146 0.000441176
internal_weight=467 427 49 378 350 40
internal_count=467 427 49 378 350 40
is_linear=0
shrinkage=0.01


Tree=878
num_leaves=10
num_cat=1
split_feature=89 24 18 86 30 62 5 15 5
split_gain=0.264284 0.491389 0.354624 0.184203 0.272334 0.0501449 0.0819471 0.0441881 0.0272148
threshold=0 2.2999999945000007 1.0142857135000003 73.069060915000009 5.7071428300000013 0.53500032450000012 0.39916678550000007 0.75344214250000008 0.44119611900000005
decision_type=1 2 2 2 2 2 2 2 2
left_child=1 8 -3 4 -2 6 -5 -7 -1
right_child=3 2 -4 5 -6 7 -8 -9 -10
leaf_value=-9.3394980246994165e-05 0.0010194164353520127 0.00030176636788847779 -8.0069769231038047e-06 1.5684102717114895e-05 -0.0011923857540776725 -9.4607893048715298e-05 -5.3528734301222696e-06 0.0002236803930556447 -2.0019761748788465e-06
leaf_weight=43 25 31 21 20 27 233 29 20 20
leaf_count=43 25 31 21 20 27 233 29 20 20
internal_value=-0.000154321 0.000242448 0.000984848 -0.000287829 0.000227273 -0.000392999 -5.02009e-05 -0.000451143 -0.000305643
internal_weight=469 115 52 354 52 302 49 253 63
internal_count=469 115 52 354 52 302 49 253 63
cat_boundaries=0 1
cat_threshold=673448264
is_linear=0
shrinkage=0.01


Tree=879
num_leaves=8
num_cat=1
split_feature=89 75 17 8 17 28 5
split_gain=0.187857 0.198284 0.567689 0.687921 0.13488 0.0750313 0.0662955
threshold=0 5.0464286200000013 47.650000000000006 0.65587590500000015 23.080000000000002 2.4285714375 0.40775269050000007
decision_type=1 2 2 2 2 2 2
left_child=5 4 -3 -4 -2 -1 -7
right_child=1 2 3 -5 -6 6 -8
leaf_value=-8.3933546639985404e-05 0.00033446863516352424 -4.6392769046345797e-05 0.00033344562511490345 -3.6083688067456954e-05 -3.7069860689076888e-05 0.0014406832619972343 -0.0014920057651369549
leaf_weight=205 20 49 38 21 87 20 22
leaf_count=205 20 49 38 21 87 20 22
internal_value=-0.000213915 2.21424e-06 0.0003125 0.000978261 -0.000292208 -0.000393716 0
internal_weight=462 215 108 59 107 247 42
internal_count=462 215 108 59 107 247 42
cat_boundaries=0 1
cat_threshold=167775415
is_linear=0
shrinkage=0.01


Tree=880
num_leaves=6
num_cat=1
split_feature=89 86 58 76 31
split_gain=0.293627 0.287115 0.170333 0.199035 0.0390952
threshold=0 77.303394425000008 2.1550002095000003 15.017857145000002 4.2928571615000015
decision_type=1 2 2 2 2
left_child=-1 -2 3 -3 -5
right_child=1 2 -4 4 -6
leaf_value=-7.7650895980813296e-05 0.000198437116774119 0.0013134328040487365 0.00022272765348233835 -1.4505779205659651e-05 -1.4046890341823062e-05
leaf_weight=236 24 28 38 114 20
leaf_count=236 24 28 38 114 20
internal_value=-0.000234375 2.55535e-05 -8.96416e-05 -0.000239558 -0.000408012
internal_weight=460 224 200 162 134
internal_count=460 224 200 162 134
cat_boundaries=0 1
cat_threshold=46668946
is_linear=0
shrinkage=0.01


Tree=881
num_leaves=9
num_cat=0
split_feature=6 41 7 49 68 2 56 14
split_gain=0.300855 0.733763 0.185702 0.267087 0.12418 0.113851 0.111998 0.0444703
threshold=0.51452969050000008 3.1999999320000003 0.46789785700000003 1.1000000085000001 59.430000785000011 0.30880726750000004 0.68000030500000019 0.74731664300000011
decision_type=2 2 2 2 2 2 2 2
left_child=2 -2 3 6 7 -3 -1 -4
right_child=1 5 4 -5 -6 -7 -8 -9
leaf_value=-8.0738760051193029e-05 0.00028978235006699328 7.7698318670570835e-05 -0.00013221194703770257 0.0002414253778182758 2.7976948426151105e-07 -8.7006604762185846e-05 7.7778378009766351e-05 0.00021637723867678872
leaf_weight=51 32 20 246 25 24 53 20 20
leaf_count=51 32 20 246 25 24 53 20 20
internal_value=-0.000129118 0.000335539 -0.000261117 0.000103306 -0.000388583 -0.000196477 -0.000188022 -0.000453523
internal_weight=491 105 386 96 290 73 71 266
internal_count=491 105 386 96 290 73 71 266
is_linear=0
shrinkage=0.01


Tree=882
num_leaves=12
num_cat=0
split_feature=78 59 16 0 16 13 87 17 0 0 0
split_gain=0.296631 0.408255 0.189753 0.453319 0.110158 0.436537 0.140344 0.107377 0.0425505 0.0350185 0.0257349
threshold=14.717857290000003 35.210000515000011 0.61853421400000008 0.28062749300000006 0.69948014300000005 0.68425894150000011 14.833820210000001 36.855000000000011 0.066451479500000007 0.085686541500000019 0.14860166650000003
decision_type=2 2 2 2 2 2 10 2 2 2 2
left_child=4 -2 10 -4 6 -6 -1 -7 -8 -9 -3
right_child=1 2 3 -5 5 7 8 9 -10 -11 -12
leaf_value=0.00024325770333060757 0.00016350336533149358 -0.003511329431390492 6.4391824592074405e-05 -0.0049193267899823555 0.00034815667568448337 0.00203243635441887 8.8243929647378174e-06 4.7007063192855001e-05 -4.1733845637123424e-05 -2.7789056472337712e-05 -3.553296144281087e-06
leaf_weight=20 23 39 23 22 20 20 20 20 177 77 20
leaf_count=20 23 39 23 22 20 20 20 20 177 77 20
internal_value=-5.91533e-05 0.0003482 5.72518e-05 0.000556768 -0.000211387 0 -0.00035124 -0.000224958 -0.000437311 -0.000373211 -0.000292642
internal_weight=481 127 104 45 354 137 217 117 197 97 59
internal_count=481 127 104 45 354 137 217 117 197 97 59
is_linear=0
shrinkage=0.01


Tree=883
num_leaves=7
num_cat=0
split_feature=24 24 81 12 50 24
split_gain=0.360989 0.532843 0.260885 0.333824 0.139519 0.0959992
threshold=2.4714285735000003 2.4857142820000004 19.639999795000005 0.68930471400000004 12.800000070000001 2.4214285785
decision_type=2 2 2 2 2 2
left_child=2 -2 4 -4 5 -1
right_child=1 -3 3 -5 -6 -7
leaf_value=-2.6845494198485765e-05 0.00040174933426702836 -0.0032541258691930713 -5.7973295129264623e-05 0.00054884683755914039 3.908432180798657e-05 7.6354925625054389e-06
leaf_weight=317 20 20 39 20 21 36
leaf_count=317 20 20 39 20 21 36
internal_value=-0.000199451 0.000686274 -0.000286999 0.000309364 -0.000386873 -0.000436688
internal_weight=473 40 433 59 374 353
internal_count=473 40 433 59 374 353
is_linear=0
shrinkage=0.01


Tree=884
num_leaves=8
num_cat=1
split_feature=55 89 12 24 12 28 15
split_gain=0.526803 0.165168 0.323077 0.695067 0.0382285 0.0444495 0.0347098
threshold=0.30499982850000001 0 0.67256914300000015 2.2428571540000006 0.74475050000000009 2.0142857095000006 0.74486197650000008
decision_type=2 1 2 2 2 2 2
left_child=1 2 3 -1 5 -3 -4
right_child=-2 4 6 -5 -6 -7 -8
leaf_value=-4.854927162224073e-05 7.379494656806146e-05 -8.1161409432277109e-07 -1.4688389454370433e-05 0.00058357853652467903 9.2398558556939245e-05 -8.3166302193453322e-05 0.00022224389601894102
leaf_weight=33 20 20 75 32 20 245 20
leaf_count=33 20 20 75 32 20 245 20
internal_value=-0.00019429 -0.000270301 0 0.000539514 -0.00040737 -0.000453349 -0.000370564
internal_weight=465 445 160 65 285 265 95
internal_count=465 445 160 65 285 265 95
cat_boundaries=0 1
cat_threshold=539230545
is_linear=0
shrinkage=0.01


Tree=885
num_leaves=8
num_cat=0
split_feature=67 32 87 15 54 37 7
split_gain=0.489731 0.451831 0.315154 0.714854 0.131972 0.196767 0.0438755
threshold=51.354999545000005 6.1357142925000003 21.841133310000004 0.67110507150000009 2.1700005530000004 9.3000001830000016 0.61227264300000017
decision_type=2 2 10 2 2 2 2
left_child=4 2 -2 -4 5 -1 -6
right_child=1 -3 3 -5 6 -7 -8
leaf_value=0.00031404271296882477 -6.1223550529347602e-06 -0.00043464226957442539 0.00028214427054427179 1.8388192763894299e-06 -7.9847344026730209e-05 -6.8317712036701224e-05 2.7890960690022392e-05
leaf_weight=35 39 45 32 33 220 40 20
leaf_count=35 39 45 32 33 220 40 20
internal_value=-0.000107573 0.000357143 0.000725191 0.00114742 -0.000334072 6.59619e-06 -0.000448505
internal_weight=464 149 104 65 315 75 240
internal_count=464 149 104 65 315 75 240
is_linear=0
shrinkage=0.01


Tree=886
num_leaves=11
num_cat=0
split_feature=60 25 88 48 87 48 28 20 6 1
split_gain=0.72573 0.257833 0.25796 0.38015 0.200642 0.170407 0.500042 0.0445927 0.0969204 0.015083
threshold=32.829999925000003 3.9428571120000004 23.642177115000006 2.0000000410000003 27.462787930000001 8.6000002620000018 2.2285714235000005 1.8285714135000002 0.51911278550000006 0.26458471450000004
decision_type=2 2 8 2 8 2 2 2 2 2
left_child=1 2 -1 -4 7 6 9 -3 -9 -6
right_child=-2 4 3 -5 5 -7 -8 8 -10 -11
leaf_value=-3.2527195080933092e-05 2.9706212953713047e-05 -7.3058127601852103e-05 1.0326827453761064e-06 0.00022956412728496696 -0.0020514367456605336 -9.021044206393604e-05 0.0020629642166901459 -0.00051014071817176356 4.8729076258355046e-05 -0.0010994445964364625
leaf_weight=30 21 205 39 28 20 34 22 38 20 20
leaf_count=30 21 205 39 28 20 34 22 38 20 20
internal_value=-5.54627e-05 -0.000144483 0.000301636 0.000656342 -0.000270984 0.000103306 0.000429936 -0.000415087 -0.000119048 -0.000196079
internal_weight=477 456 97 67 359 96 62 263 58 40
internal_count=477 456 97 67 359 96 62 263 58 40
is_linear=0
shrinkage=0.01


Tree=887
num_leaves=8
num_cat=0
split_feature=77 18 5 41 8 48 48
split_gain=0.599778 0.216701 0.137551 0.36681 0.54307 0.0438576 0.0969204
threshold=14.068571360000002 1.0642857125000003 0.43466569050000009 3.8499999945000005 0.65276344050000012 14.449999720000003 16.499999755000001
decision_type=2 2 2 2 2 2 2
left_child=1 2 5 4 -4 -1 -7
right_child=-2 -3 3 -5 -6 6 -8
leaf_value=-0.00022137512134660223 1.6212533548822829e-05 0.00027628176723050761 0.00017570719313754661 -7.0742909222606284e-05 -1.9175687048294466e-05 1.2426119664402415e-05 -5.8729679169636993e-05
leaf_weight=195 35 23 27 82 39 20 38
leaf_count=195 35 23 27 82 39 20 38
internal_value=-0.000103306 -0.000211865 -0.000270035 -1.3441e-05 0.000523952 -0.000411742 -0.000119048
internal_weight=459 424 401 148 66 253 58
internal_count=459 424 401 148 66 253 58
is_linear=0
shrinkage=0.01


Tree=888
num_leaves=9
num_cat=0
split_feature=77 0 28 2 10 28 88 8
split_gain=0.363329 0.341832 0.22523 0.5157 0.924547 0.125552 0.0436112 0.033148
threshold=14.068571360000002 0.065224698000000011 2.2857142775000003 0.28707471450000005 0.66843757100000012 1.9999999915000002 28.600154440000004 0.52065254750000012
decision_type=2 2 2 2 2 2 10 2
left_child=1 -1 5 7 -5 -3 -7 -4
right_child=-2 2 3 4 -6 6 -8 -9
leaf_value=0.00017646731436936545 1.8878254772341964e-05 -7.1951024383232739e-08 -0.0038272382638879199 0.00072140330336484064 -1.0448032453925715e-05 -5.8518689879355144e-05 -4.5188295404771343e-06 -0.00018840609037473429
leaf_weight=25 32 23 20 23 34 210 20 66
leaf_count=25 32 23 20 23 34 210 20 66
internal_value=-3.19525e-05 -0.000114984 -0.000191532 0.000114743 0.000856401 -0.000372341 -0.000446274 -0.000357143
internal_weight=453 421 396 143 57 253 230 86
internal_count=453 421 396 143 57 253 230 86
is_linear=0
shrinkage=0.01


Tree=889
num_leaves=9
num_cat=0
split_feature=7 16 15 21 87 17 57 5
split_gain=0.25289 0.209096 0.40455 0.615749 0.317686 0.163462 0.0966237 0.0662955
threshold=0.40947400000000006 0.69464373800000012 0.72790397600000012 1.8142857125000003 35.550813265000009 57.185000000000009 8.2350001335000016 0.38910500000000009
decision_type=2 2 2 2 8 2 2 2
left_child=-1 4 3 7 6 -4 -2 -3
right_child=1 2 5 -5 -6 -7 -8 -9
leaf_value=0.0015401909854711436 -2.622141795597826e-05 0.00031361962391939028 0.00075423455138470927 0.00021349909436777664 0.00026328598449533122 -0.00011095834905112118 3.9681647393997597e-05 -4.3464888395169769e-05
leaf_weight=27 196 20 33 28 20 78 33 22
leaf_count=27 196 20 33 28 20 78 33 22
internal_value=-3.60421e-05 -9.98144e-05 0.000151265 0.000748587 -0.000290232 -0.000210197 -0.000402524 0
internal_weight=457 430 181 70 249 111 229 42
internal_count=457 430 181 70 249 111 229 42
is_linear=0
shrinkage=0.01


Tree=890
num_leaves=9
num_cat=0
split_feature=77 16 60 2 32 8 58 73
split_gain=0.455002 0.167599 0.46585 0.529561 0.180815 0.300432 0.111491 0.0918678
threshold=14.068571360000002 0.67720392850000011 28.640000345000004 0.29233628600000006 5.5071428505000011 0.61714950000000013 1.9850001335 8.9807142870000032
decision_type=2 2 2 2 2 2 2 2
left_child=1 6 4 -4 -3 -6 -1 -8
right_child=-2 2 3 -5 5 -7 7 -9
leaf_value=-7.9115618975085655e-05 2.0341210689388347e-05 -1.7776893777321495e-05 0.00029853715650672444 -1.8648123888737132e-06 -9.350322581130664e-05 0.00081963828640294132 -0.0039247996053967411 0.00017389144686038441
leaf_weight=158 29 107 23 37 29 24 25 31
leaf_count=158 29 107 23 37 29 24 25 31
internal_value=-6.36051e-05 -0.000149494 3.62318e-05 0.000789474 -0.000236319 0.000213755 -0.000349162 0
internal_weight=463 434 220 60 160 53 214 56
internal_count=463 434 220 60 160 53 214 56
is_linear=0
shrinkage=0.01


Tree=891
num_leaves=10
num_cat=0
split_feature=77 41 22 87 22 5 0 28 0
split_gain=0.346293 0.331967 0.408788 0.342526 0.222565 0.117875 0.106702 0.102796 0.0268617
threshold=13.565000025000002 5.5000000150000004 1.8428571435000001 23.730479810000002 1.8857142885000002 0.50691700000000017 0.065224698000000011 2.5999999810000003 0.30868768750000003
decision_type=2 2 2 10 2 2 2 2 2
left_child=5 2 3 -2 -4 6 -1 -8 -3
right_child=1 8 4 -5 -6 -7 7 -9 -10
leaf_value=-0.001031142573842823 0.001877889220324086 -4.6417230946201941e-05 -7.6101921958156404e-06 0.00038767393810214853 0.00011976933091163759 0.00035634354154182783 -7.4128462363492686e-05 0.00043986441846390306 -7.6241488818799366e-05
leaf_weight=25 21 42 35 20 31 20 236 32 20
leaf_count=25 21 42 35 20 31 20 236 32 20
internal_value=-0.000101491 0.000256184 0.00059833 0.0013756 7.48502e-05 -0.000301147 -0.000355684 -0.000416667 -0.000302548
internal_weight=482 169 107 41 66 313 293 268 62
internal_count=482 169 107 41 66 313 293 268 62
is_linear=0
shrinkage=0.01


Tree=892
num_leaves=7
num_cat=0
split_feature=24 61 0 62 58 26
split_gain=0.436881 0.88017 0.357587 0.281537 0.202134 0.133945
threshold=2.2285714405000001 33.784999850000013 0.065224698000000011 0.84999990500000011 2.1949996945000003 3.5357142515000004
decision_type=2 2 2 2 2 2
left_child=5 2 -2 -4 -5 -1
right_child=1 -3 3 4 -6 -7
leaf_value=-0.00023381900682776488 0.0002037457537060167 0.00016339317570172025 0.00063732844994710339 -1.4766748359039895e-05 5.9361898685359035e-06 -2.5749777144804164e-05
leaf_weight=24 22 22 31 136 32 216
leaf_count=24 22 22 31 136 32 216
internal_value=-0.000102315 0.00019073 0 -0.000137638 -0.000308057 -0.000406977
internal_weight=483 243 221 199 168 240
internal_count=483 243 221 199 168 240
is_linear=0
shrinkage=0.01


Tree=893
num_leaves=9
num_cat=0
split_feature=8 12 88 68 76 60 39 41
split_gain=0.255575 0.543415 0.216186 0.192426 0.13515 0.143312 0.0395652 0.0426425
threshold=0.48546688100000007 0.5286553570000001 19.605197285000003 38.644999500000004 14.997142795000002 28.800001145000007 17.499999630000001 7.6000000495000011
decision_type=2 2 8 2 2 2 2 2
left_child=1 -1 -2 -4 5 -5 7 -6
right_child=2 -3 3 4 6 -7 -8 -9
leaf_value=-0.002073807522131385 2.1090194921032157e-06 0.0020780720606751422 0.0001448987790980898 -0.0022946873807414866 -2.6322841490168792e-05 0.00026360176459709004 -0.00055378100091646812 -1.2427329174010706e-06
leaf_weight=24 39 21 29 22 282 23 20 21
leaf_count=24 39 21 29 22 282 23 20 21
internal_value=-0.000142175 0.000556768 -0.00021978 -0.000292861 -0.000357918 0.000120087 -0.000430822 -0.000459184
internal_weight=481 45 436 397 368 45 323 303
internal_count=481 45 436 397 368 45 323 303
is_linear=0
shrinkage=0.01


Tree=894
num_leaves=11
num_cat=1
split_feature=7 89 22 33 87 22 22 12 63 24
split_gain=0.499554 0.248694 0.295407 0.388435 0.585616 0.119287 0.112606 0.126503 0.0364489 0.0360031
threshold=0.40947400000000006 0 1.7071428595000002 3.9500000135000009 22.201159045000001 1.6214285625000002 1.6071428610000003 0.74631739300000011 23.095000265000003 2.4857142565000001
decision_type=2 1 2 2 8 2 2 2 2 2
left_child=-1 2 5 4 -4 -2 -3 8 9 -8
right_child=1 6 3 -5 -6 -7 7 -9 -10 -11
leaf_value=0.0015907678232052853 3.7683097227836375e-06 5.5175763867107154e-05 -1.8504047416480021e-05 -5.4325829995915454e-05 0.00052926052834704953 -3.9037855606774313e-05 -1.71887574371889e-05 0.00096143491463794389 -0.0018335247598220514 -0.0023581720639230231
leaf_weight=26 37 20 23 21 30 55 203 21 20 23
leaf_count=26 37 20 23 21 30 55 203 21 20 23
internal_value=-1.56316e-05 -9.80609e-05 0.000197964 0.000681818 0.00114312 -0.000150862 -0.000273674 -0.000341673 -0.000409238 -0.000445326
internal_weight=479 453 166 74 53 92 287 267 246 226
internal_count=479 453 166 74 53 92 287 267 246 226
cat_boundaries=0 1
cat_threshold=673448720
is_linear=0
shrinkage=0.01


Tree=895
num_leaves=8
num_cat=1
split_feature=61 89 7 19 68 59 5
split_gain=0.388537 0.403478 0.41162 0.211619 0.130377 0.144091 0.0447637
threshold=34.70500040000001 0 0.49109864250000007 2.2999999775000002 38.644999500000004 34.214999675000008 0.52202473800000015
decision_type=2 1 2 2 2 2 2
left_child=1 2 -1 -4 -3 -6 -7
right_child=-2 4 3 -5 5 6 -8
leaf_value=0.0006072763337856402 4.385674560755393e-05 0.00027112615083616952 0.00010303946714515595 -2.7264890529602156e-05 0.00030886178753164603 -7.788795056136662e-05 2.1577574801515816e-05
leaf_weight=31 22 20 35 46 21 261 20
leaf_count=31 22 20 35 46 21 261 20
internal_value=-7.88092e-05 -0.000149494 0.000342019 0 -0.000327524 -0.000392999 -0.000455997
internal_weight=456 434 112 81 322 302 281
internal_count=456 434 112 81 322 302 281
cat_boundaries=0 1
cat_threshold=671350800
is_linear=0
shrinkage=0.01


Tree=896
num_leaves=10
num_cat=0
split_feature=25 59 78 59 11 18 31 10 0
split_gain=0.279031 0.170806 0.184304 0.414412 0.152457 0.402259 0.0384166 0.0867475 0.0272148
threshold=3.7928571530000004 34.214999675000008 12.918571200000002 40.954999925000003 0.59528388100000018 0.94285714200000015 4.2571428160000009 0.68637821450000014 0.076376229500000017
decision_type=2 2 2 2 2 2 2 2 2
left_child=-1 -2 3 -3 5 8 -6 -8 -4
right_child=1 2 4 -5 6 -7 7 -9 -10
leaf_value=2.4229470352992443e-05 0.0016902033209778942 0.00034147092148883285 -0.0012809885200106585 -6.8354714130666985e-05 -1.6887149841791403e-05 4.4676196184050746e-05 -0.00015876472296664866 0.0003138263800982831 -3.3415627781806761e-05
leaf_weight=37 23 38 20 38 176 21 39 22 43
leaf_count=37 23 38 20 38 176 21 39 22 43
internal_value=-3.60421e-05 -0.000114069 -0.00016717 0.000260417 -0.000275016 7.07546e-05 -0.000405803 -0.000137541 -0.000305643
internal_weight=457 420 397 76 321 84 237 61 63
internal_count=457 420 397 76 321 84 237 61 63
is_linear=0
shrinkage=0.01


Tree=897
num_leaves=7
num_cat=0
split_feature=72 87 58 11 2 11
split_gain=0.309454 0.281147 0.308504 0.223638 0.107795 0.0440717
threshold=5.6935714270000011 23.530456615000002 0.64499998100000011 0.62959114300000019 0.36531876200000007 0.5347853855000001
decision_type=2 8 2 2 2 2
left_child=5 4 3 -3 -2 -1
right_child=1 2 -4 -5 -6 -7
leaf_value=-2.460442019314179e-05 -2.2803059310219725e-05 0.00015355524354045938 0.00043117657573280428 -4.3010960755010986e-05 -6.118073543923743e-05 -2.978856374596065e-05
leaf_weight=20 81 32 33 39 24 228
leaf_count=20 81 32 33 39 24 228
internal_value=-0.000210791 6.43469e-05 0.000438931 3.48188e-05 -0.00028828 -0.000450161
internal_weight=457 209 104 71 105 248
internal_count=457 209 104 71 105 248
is_linear=0
shrinkage=0.01


Tree=898
num_leaves=8
num_cat=0
split_feature=86 24 26 11 9 26 2
split_gain=0.220184 0.314389 0.235426 0.107575 0.338724 0.386737 0.0436928
threshold=73.069060915000009 2.2285714405000001 4.2142856970000002 0.67424450000000002 0.66839395850000016 3.8714285920000004 0.34578178550000011
decision_type=2 2 2 2 2 2 2
left_child=1 -1 3 6 5 -5 -2
right_child=2 -3 -4 4 -6 -7 -8
leaf_value=-0.0026783272628842954 -3.0678458245964144e-05 0.000954661296412079 4.6875486314791559e-05 -1.2889594917875217e-05 -4.9335113965496878e-05 0.0016660646260795488 1.4787119551994047e-06
leaf_weight=22 213 29 23 34 91 24 20
leaf_count=22 213 29 23 34 91 24 20
internal_value=-0.000166375 0.000434363 -0.000247659 -0.000310867 -8.34447e-05 0.000493197 -0.000446963
internal_weight=456 51 405 382 149 58 233
internal_count=456 51 405 382 149 58 233
is_linear=0
shrinkage=0.01


Tree=899
num_leaves=7
num_cat=0
split_feature=5 85 7 78 87 45
split_gain=0.259065 0.159838 0.132434 0.114029 0.230254 0.0456165
threshold=0.52691861950000007 18.490000110000004 0.40669402350000006 12.887857095000003 25.694522490000004 19.800000340000004
decision_type=2 2 2 2 10 2
left_child=1 2 -1 4 -4 -5
right_child=-2 -3 3 5 -6 -7
leaf_value=0.00027146886594773184 0.00031850667812363377 2.9776384230611501e-06 0.0009371686071813287 -6.971689435799464e-05 -8.9321339142632642e-06 -7.9188083662848e-06
leaf_weight=20 21 33 20 316 38 20
leaf_count=20 21 33 20 316 38 20
internal_value=-0.000238908 -0.000293658 -0.000349566 -0.000392604 0 -0.000463183
internal_weight=468 447 414 394 58 336
internal_count=468 447 414 394 58 336
is_linear=0
shrinkage=0.01


Tree=900
num_leaves=8
num_cat=0
split_feature=67 86 68 58 76 33 8
split_gain=0.412489 0.472836 0.512596 0.31718 0.150553 0.137843 0.0445915
threshold=51.354999545000005 77.303394425000008 59.430000785000011 2.1550002095000003 14.887857095000003 3.8857142755000003 0.47526735700000006
decision_type=2 2 2 2 2 2 2
left_child=3 -2 5 4 -1 -3 -6
right_child=1 2 -4 -5 6 -7 -8
leaf_value=0.00036449571383230322 0.00031532162042744393 2.8255025365029836e-05 3.7192951773310439e-05 0.00039929452290340608 -7.0846800769883149e-06 -0.00076547120244661285 -2.5834180387767559e-05
leaf_weight=20 21 36 25 34 20 68 252
leaf_count=20 21 36 25 34 20 68 252
internal_value=-7.55035e-05 0.000351459 0.000104006 -0.000278458 -0.000389344 -0.00019084 -0.000454546
internal_weight=476 150 129 326 292 104 272
internal_count=476 150 129 326 292 104 272
is_linear=0
shrinkage=0.01


Tree=901
num_leaves=8
num_cat=0
split_feature=28 86 11 87 26 3 11
split_gain=0.537177 0.507433 0.358876 0.178006 0.164542 0.175454 0.0452202
threshold=2.0571428540000003 66.85331105500002 0.66329671450000005 38.335444120000012 4.1285714250000014 0.31040042850000005 0.73854542850000005
decision_type=2 2 2 8 2 2 2
left_child=2 -2 -1 4 6 -6 -3
right_child=1 3 -4 -5 5 -7 -8
leaf_value=4.3107875923439737e-05 0.00023792157880958735 -5.6160899045219623e-05 -3.7043461177810178e-05 9.738179119190833e-05 -0.00062716658014911773 0.0001390506159183036 -0.0010275250518661178
leaf_weight=26 32 288 22 32 21 20 20
leaf_count=26 32 288 22 32 21 20 20
internal_value=-8.33695e-05 -0.000204205 0.000901639 -0.000310372 -0.000378788 0.000179426 -0.000459845
internal_weight=461 413 48 381 349 41 308
internal_count=461 413 48 381 349 41 308
is_linear=0
shrinkage=0.01


Tree=902
num_leaves=8
num_cat=0
split_feature=20 86 3 58 53 20 18
split_gain=0.358023 0.276781 0.303633 0.0985798 0.167881 0.0634686 0.0819471
threshold=1.9571428385000003 73.069060915000009 0.30164670000000005 0.3850002285000001 1.3350000380000002 1.6785714160000003 0.77142858100000011
decision_type=2 2 2 2 2 2 2
left_child=1 2 -1 4 -3 6 -5
right_child=-2 3 -4 5 -6 -7 -8
leaf_value=-0.0018723425185583926 3.9836607421301472e-05 0.0015781014475486771 0.00093763227016701179 0.00021119398719979726 -6.7446623232031905e-05 -2.3494583912601416e-05 -2.5373032386738662e-05
leaf_weight=34 39 24 20 20 34 274 29
leaf_count=34 39 24 20 20 34 274 29
internal_value=-0.000179023 -0.00026503 0.000383212 -0.000362755 0 -0.000430822 -5.02009e-05
internal_weight=474 435 54 381 58 323 49
internal_count=474 435 54 381 58 323 49
is_linear=0
shrinkage=0.01


Tree=903
num_leaves=9
num_cat=0
split_feature=67 15 10 17 78 66 9 28
split_gain=0.239192 0.216529 0.514533 0.470653 0.149391 0.283075 0.107968 0.044365
threshold=51.354999545000005 0.58143500000000004 0.64288961900000008 50.02000000000001 12.894999845000003 79.890000820000012 0.7073699750000001 2.5642857210000005
decision_type=2 2 2 2 2 2 2 2
left_child=4 -2 3 -3 5 -1 -4 -6
right_child=1 2 6 -5 7 -7 -8 -9
leaf_value=-6.5528587706916133e-05 -0.0037919103798491434 2.0414259440918292e-07 -2.6335260569034317e-05 5.7404108927969822e-05 -3.7836048448900851e-05 0.00068488072628311494 2.0002356691430115e-05 0.00020580652613121585
leaf_weight=42 44 26 47 20 241 28 20 20
leaf_count=42 44 26 47 20 241 28 20 20
internal_value=-0.000188216 0.000123574 0.000364675 0.00117521 -0.000342074 4.23728e-05 -0.000169617 -0.000452636
internal_weight=488 157 113 46 331 70 67 261
internal_count=488 157 113 46 331 70 67 261
is_linear=0
shrinkage=0.01


Tree=904
num_leaves=11
num_cat=0
split_feature=26 24 86 72 26 11 49 27 24 17
split_gain=0.323485 0.382307 0.218958 0.205494 0.167881 0.142332 0.133384 0.135514 0.0670081 0.0757048
threshold=4.0785714385000009 2.4357142790000004 73.069060915000009 5.4149999535000006 4.1642857620000013 0.5534977860000001 2.8000000010000003 3.6999999630000002 2.4214285785 70.385000000000005
decision_type=2 2 2 2 2 2 2 2 2 2
left_child=2 4 3 -1 -2 -4 8 -8 -7 -10
right_child=1 -3 5 -5 -6 6 7 -9 9 -11
leaf_value=-0.0004928289352254257 0.0015536136644485625 4.4118662311137188e-05 3.0436221589430969e-05 0.00028958126700194965 -3.692636538867377e-05 -3.4706580556001523e-05 -2.7247396977392312e-05 0.00018595784645738329 -0.0011137771248769695 0.00029176100796746282
leaf_weight=29 24 30 34 23 34 225 20 23 26 20
leaf_count=29 24 30 34 23 34 225 20 23 26 20
internal_value=-4.50083e-05 0.000495495 -0.000169661 0.000416667 0 -0.000263762 -0.000333545 0.000148402 -0.000417587 -2.13676e-05
internal_weight=488 88 400 52 58 348 314 43 271 46
internal_count=488 88 400 52 58 348 314 43 271 46
is_linear=0
shrinkage=0.01


Tree=905
num_leaves=10
num_cat=0
split_feature=20 16 58 38 5 5 45 25 0
split_gain=0.273576 0.323416 0.204234 0.17181 0.325735 0.458734 0.132805 0.04385 0.0278899
threshold=1.8357142720000004 0.67720392850000011 1.8199996950000001 7.8499999640000011 0.40449144400000003 0.37450614250000008 23.999999830000004 3.8714285750000004 0.26304451400000006
decision_type=2 2 2 2 2 2 2 2 2
left_child=3 2 8 6 5 -5 7 -1 -2
right_child=1 -3 -4 4 -6 -7 -8 -9 -10
leaf_value=-2.9611148997442096e-07 -0.00042828269001594449 0.00019534078497611241 0.00072394005331800882 -0.00023545669695602863 -0.0002270695926169719 0.0010927525795701111 0.00018220986729826027 -5.7953687398128624e-05 -1.5120614528030177e-05
leaf_weight=20 45 36 21 28 48 20 22 219 20
leaf_count=20 45 36 21 28 48 20 22 219 20
internal_value=-9.89997e-05 0.000301303 -1.15209e-05 -0.000241755 0.000103306 0.000696721 -0.000376242 -0.00044829 -0.00031155
internal_weight=479 122 86 357 96 48 261 239 65
internal_count=479 122 86 357 96 48 261 239 65
is_linear=0
shrinkage=0.01


Tree=906
num_leaves=9
num_cat=0
split_feature=28 39 45 16 87 28 1 11
split_gain=0.630936 0.322905 0.232801 0.328281 0.114472 0.0681754 0.0394708 0.0450934
threshold=2.0428571615000002 2.7000000105000006 19.250000125000003 0.54120626150000006 14.156054705000001 2.0714285965000001 0.31582357150000001 0.73638028550000012
decision_type=2 2 2 2 10 2 2 2
left_child=1 -1 4 -4 -2 -6 7 -7
right_child=2 -3 3 -5 5 6 -8 -9
leaf_value=-0.0018651214919658749 8.7605205041386565e-05 0.00013689875217406288 -0.0035882350076401393 0.00019677620860449629 -2.1630009578507119e-07 -2.2864297676046827e-05 7.3870086866822948e-05 4.0818349032886728e-05
leaf_weight=20 22 26 20 20 39 280 20 20
leaf_count=20 22 26 20 20 39 280 20 20
internal_value=-0.000131467 0.000961538 -0.000257231 0.000441176 -0.000336564 -0.000382157 -0.000430175 -0.000458777
internal_weight=467 46 421 40 381 359 320 300
internal_count=467 46 421 40 381 359 320 300
is_linear=0
shrinkage=0.01


Tree=907
num_leaves=10
num_cat=0
split_feature=25 77 59 10 86 6 3 3 13
split_gain=0.330053 0.27435 0.232742 0.235044 0.190789 0.140927 0.116994 0.0386493 0.0446694
threshold=3.9428571970000008 13.954285755000003 36.165000435000003 0.64414567850000004 73.069060915000009 0.56165328550000015 0.29700407100000009 0.23558300000000001 0.75991703350000017
decision_type=2 2 2 2 2 2 2 2 2
left_child=1 2 -1 -4 6 7 -2 -6 -9
right_child=4 -3 3 -5 5 -7 -8 8 -10
leaf_value=-0.00037445262577793625 -0.0013345234481335724 3.0561951468995322e-05 0.00018900011376451822 -2.5625190884879778e-05 1.0843024743564105e-06 3.6243766794551437e-05 0.00090918139469506754 -2.9305282730749099e-05 -0.00075776372183411435
leaf_weight=45 28 28 20 25 20 20 20 256 20
leaf_count=45 28 28 20 25 20 20 20 256 20
internal_value=-0.000122204 0.000328283 3.30395e-05 0.000556768 -0.000274123 -0.000366162 0.000286885 -0.000424528 -0.000455202
internal_weight=482 118 90 45 364 316 48 296 276
internal_count=482 118 90 45 364 316 48 296 276
is_linear=0
shrinkage=0.01


Tree=908
num_leaves=8
num_cat=0
split_feature=38 77 78 39 16 9 10
split_gain=0.466048 0.373409 0.221294 0.108286 0.12141 0.133149 0.0384998
threshold=0.55000000800000015 13.954285755000003 14.962142875000003 17.150000155000004 0.75706978600000008 0.51577205850000007 0.71787907150000019
decision_type=2 2 2 2 2 2 2
left_child=1 -1 3 4 5 -2 -7
right_child=2 -3 -4 -5 -6 6 -8
leaf_value=4.9755358197929448e-05 0.00018772254930624063 4.8004970805214419e-05 3.9750220604198195e-05 0.00019774838233423993 0.0019129718746610856 -3.9196230938096421e-05 -6.2523695221949385e-06
leaf_weight=36 21 27 22 39 20 272 20
leaf_count=36 21 27 22 39 20 272 20
internal_value=-5.78857e-05 0.00072884 -0.00018997 -0.000252146 -0.000313062 -0.000364882 -0.000423497
internal_weight=457 63 394 372 333 313 292
internal_count=457 63 394 372 333 313 292
is_linear=0
shrinkage=0.01


Tree=909
num_leaves=9
num_cat=0
split_feature=60 2 2 58 12 10 17 7
split_gain=0.407904 0.509896 0.961419 0.220746 0.282983 0.215813 0.0537437 0.0908624
threshold=30.975000380000001 0.29735225000000004 0.26509064250000008 2.1550002095000003 0.69539414250000009 0.53582621450000012 26.965000000000003 0.53665292850000013
decision_type=2 2 2 2 2 2 2 2
left_child=3 2 -2 5 -5 -1 7 -7
right_child=1 -3 -4 4 -6 6 -8 -9
leaf_value=0.00020105953801467292 -0.0010247117103939331 -0.00042287829852166828 0.00016856856786134301 0.00069037655096908072 -0.0019919286876923358 -0.00080174461276042786 -2.1435771041424644e-05 0.00021842216814621507
leaf_weight=30 35 34 20 22 20 34 258 20
leaf_count=30 35 34 20 22 20 34 258 20
internal_value=-0.000115028 0.00048441 0.00108423 -0.000259875 0.000397196 -0.000347141 -0.000428389 -9.1241e-05
internal_weight=473 89 55 384 42 342 312 54
internal_count=473 89 55 384 42 342 312 54
is_linear=0
shrinkage=0.01


Tree=910
num_leaves=10
num_cat=0
split_feature=25 12 20 86 15 48 48 15 45
split_gain=0.530943 0.829253 0.217357 0.148257 0.190605 0.174097 0.20106 0.142379 0.0444286
threshold=3.8285714390000005 0.65123371400000007 1.9428571375000001 73.069060915000009 0.61236271450000013 6.5999998450000001 2.0500000155000007 0.75473470250000008 22.900000075000005
decision_type=2 2 2 2 2 2 2 2 2
left_child=1 -1 3 4 -2 6 -5 8 -7
right_child=2 -3 -4 5 -6 7 -8 -9 -10
leaf_value=2.790150002365965e-05 -0.0053680533279351298 -4.9461488749893157e-05 5.0829437320270089e-05 -0.0044600328284393831 0.00068090046619627973 -8.8949862575111291e-05 0.00020665734620865293 0.0017615915255594172 -0.00011438760973875584
leaf_weight=24 20 32 21 24 28 244 29 21 20
leaf_count=24 20 32 21 24 28 244 29 21 20
internal_value=-2.04831e-05 0.000880282 -0.000150809 -0.000209411 0.000286885 -0.000286305 0.000213755 -0.000386634 -0.000453172
internal_weight=463 56 407 386 48 338 53 285 264
internal_count=463 56 407 386 48 338 53 285 264
is_linear=0
shrinkage=0.01


Tree=911
num_leaves=10
num_cat=0
split_feature=46 7 20 6 58 58 67 5 1
split_gain=0.481657 0.2988 0.640792 0.17809 0.111408 0.143499 0.0418589 0.0996547 0.0192946
threshold=9.8000003285000012 0.46124314250000004 1.7857142985000001 0.55327271450000015 2.1949996945000003 2.4100003240000003 45.139999865000007 0.43546857150000007 0.18546707100000004
decision_type=2 2 2 2 2 2 2 2 2
left_child=-1 2 8 4 6 -6 7 -3 -2
right_child=1 3 -4 -5 5 -7 -8 -9 -10
leaf_value=1.0563183563149553e-05 -3.0987548984836194e-05 -0.00050031508966737724 0.0015563965214113371 0.00018469329273516986 0.00015942696964137704 -0.00010727391570967432 -8.9287695295648694e-05 4.581426675193359e-05 -8.2954625169436759e-05
leaf_weight=37 20 40 26 29 24 25 204 20 26
leaf_count=37 20 40 26 29 24 25 204 20 26
internal_value=-2.98806e-05 -0.000132594 0.00043956 -0.000259627 -0.000333015 7.0281e-05 -0.000415408 -0.000131579 -0.000235043
internal_weight=451 414 72 342 313 49 264 60 46
internal_count=451 414 72 342 313 49 264 60 46
is_linear=0
shrinkage=0.01


Tree=912
num_leaves=10
num_cat=0
split_feature=25 58 58 40 31 18 49 2 54
split_gain=0.482264 0.782171 0.210714 0.312349 0.138825 0.0969204 0.0942279 0.222833 0.0882977
threshold=3.9214285440000003 0.7149996755000001 1.9850001335 4.0500000195000014 3.9142856600000004 0.99285714100000011 2.2000000365000005 0.26014235750000009 6.9099998470000008
decision_type=2 2 2 2 2 2 2 2 2
left_child=1 4 6 -4 -1 -5 8 -8 -2
right_child=2 -3 3 5 -6 -7 7 -9 -10
leaf_value=2.9820117200949438e-05 -2.5718998290319594e-05 4.9110947938521125e-05 0.00028336440177893118 -0.0013773821567110882 -1.9441912128938659e-05 0.00071536022155801961 0.0010821897935551679 -4.221826961287709e-05 -0.00080437428128274759
leaf_weight=26 220 20 21 38 30 20 20 35 37
leaf_count=26 220 20 21 38 30 20 20 35 37
internal_value=-6.73366e-05 0.000651042 -0.000213119 0.000231829 0 -0.000119048 -0.000332481 8.96046e-06 -0.000413111
internal_weight=467 76 391 79 56 58 312 55 257
internal_count=467 76 391 79 56 58 312 55 257
is_linear=0
shrinkage=0.01


Tree=913
num_leaves=9
num_cat=0
split_feature=60 76 34 75 88 24 1 0
split_gain=0.459062 0.229592 0.211397 0.15247 0.100271 0.0989835 0.0734472 0.0421121
threshold=33.000000475000007 15.022857120000003 4.7142857310000013 6.4249999350000007 27.836040485000002 2.4214285785 0.25807064250000006 0.066068660000000015
decision_type=2 2 2 2 10 2 2 2
left_child=1 2 6 4 5 7 -1 -3
right_child=-2 3 -4 -5 -6 -7 -8 -9
leaf_value=1.7033095647617513e-05 0.00050209430107275074 -2.6148016146998124e-05 0.0015873725453069139 0.00018363573165176573 7.7791156320228417e-06 1.7471177515959295e-05 -0.00051657599664556547 -6.4733066184997172e-05
leaf_weight=20 20 21 23 33 25 30 25 252
leaf_count=20 20 21 23 33 25 30 25 252
internal_value=-9.44866e-05 -0.000168683 0.000348837 -0.00027225 -0.000340633 -0.000393351 -1.09171e-05 -0.000454712
internal_weight=449 429 68 361 328 303 45 273
internal_count=449 429 68 361 328 303 45 273
is_linear=0
shrinkage=0.01


Tree=914
num_leaves=8
num_cat=0
split_feature=25 45 9 15 44 41 45
split_gain=0.630806 0.400568 0.285356 0.322847 0.142571 0.279517 0.0449078
threshold=3.8714285750000004 17.149999835000006 0.53159475000000012 0.60295828550000008 5.4000001440000007 5.3500001430000008 19.650000220000006
decision_type=2 2 2 2 2 2 2
left_child=1 -1 3 -2 6 -6 -4
right_child=2 -3 4 -5 5 -7 -8
leaf_value=3.9315397385582515e-05 -0.00023052270488412206 -1.5427651328966716e-05 -4.0559661812544074e-05 0.0012579993783214461 0.00049804724041896387 -0.00028579290102536211 -0.00011716547013368272
leaf_weight=32 23 25 269 29 29 46 20
leaf_count=32 23 25 269 29 29 46 20
internal_value=-0.000115028 0.000856401 -0.000254319 0.000416667 -0.00035636 6.59619e-06 -0.000457212
internal_weight=473 57 416 52 364 75 289
internal_count=473 57 416 52 364 75 289
is_linear=0
shrinkage=0.01


Tree=915
num_leaves=9
num_cat=0
split_feature=28 33 10 8 53 8 41 4
split_gain=0.319678 0.432796 0.284146 0.18025 0.195872 0.363849 0.117924 0.043499
threshold=2.0571428540000003 3.9999999830000004 0.51216585700000017 0.61714950000000013 0.41499996150000001 0.66417533350000013 1.6500000285000003 0.25709385750000008
decision_type=2 2 2 2 2 2 2 2
left_child=1 -1 -2 7 6 -6 -5 -4
right_child=2 -3 3 4 5 -7 -8 -9
leaf_value=-5.5227114683458454e-06 0.0010663679604871951 4.1829133903048882e-05 -2.8233487179895637e-05 -2.6318978032785186e-05 0.0011075984647224242 -8.2276245559617938e-05 -2.1452876765072003e-05 -6.1451749561966849e-05
leaf_weight=29 31 21 20 22 36 26 79 206
leaf_count=29 31 21 20 22 36 26 79 206
internal_value=-9.1334e-05 0.000649606 -0.000185361 -0.000262955 0 0.000429936 -0.000279961 -0.000445326
internal_weight=470 50 420 389 163 62 101 226
internal_count=470 50 420 389 163 62 101 226
is_linear=0
shrinkage=0.01


Tree=916
num_leaves=9
num_cat=0
split_feature=72 38 2 3 24 16 0 0
split_gain=0.216486 0.290074 0.261113 0.593456 0.189356 0.134553 0.124657 0.0231242
threshold=5.8214285630000004 5.8499999045000015 0.30255309500000011 0.30731476200000007 2.3142857000000006 0.74932200000000015 0.065224698000000011 0.16271763550000004
decision_type=2 2 2 2 2 2 2 2
left_child=4 2 3 7 5 6 -1 -2
right_child=1 -3 -4 -5 -6 -7 -8 -9
leaf_value=0.00012524691265234942 -0.0032875434682539486 4.1410839341585375e-05 -0.0019103974280653682 0.00021440923937661734 0.00010433061457717485 0.0018488838136816728 -5.2092018879805585e-05 -1.1136353628522327e-05
leaf_weight=26 20 21 63 36 28 20 225 33
leaf_count=26 20 21 63 36 28 20 225 33
internal_value=-9.30627e-05 0.000181243 1.30889e-05 0.000373051 -0.000258506 -0.000344003 -0.000411041 -0.000269517
internal_weight=472 173 152 89 299 271 251 53
internal_count=472 173 152 89 299 271 251 53
is_linear=0
shrinkage=0.01


Tree=917
num_leaves=8
num_cat=1
split_feature=55 89 56 87 22 8 24
split_gain=0.413257 0.233062 0.412727 0.164742 0.0787088 0.0340528 0.032072
threshold=0.30499982850000001 0 0.17500019050000001 27.820630600000005 1.6357142880000002 0.55644964250000017 2.4857142565000001
decision_type=2 1 2 8 2 2 2
left_child=1 2 3 5 -3 -1 -6
right_child=-2 4 -4 -5 6 -7 -8
leaf_value=-2.906203031355078e-05 3.3435011134022904e-05 -7.221172242327409e-06 0.00054037314198586298 0.00012773594505887452 -4.7947888969184073e-05 -4.4755783619250178e-05 -0.0023443723722267672
leaf_weight=20 23 37 28 28 241 71 25
leaf_count=20 23 37 28 28 241 71 25
internal_value=-0.000157239 -0.000228483 9.18884e-05 -0.000146077 -0.000380816 -0.000364924 -0.000453523
internal_weight=473 450 147 119 303 91 266
internal_count=473 450 147 119 303 91 266
cat_boundaries=0 1
cat_threshold=137625872
is_linear=0
shrinkage=0.01


Tree=918
num_leaves=9
num_cat=0
split_feature=55 8 12 43 66 5 42 5
split_gain=0.227732 0.181385 0.360103 0.145197 0.356561 0.112877 0.0524969 0.092457
threshold=0.30499982850000001 0.48546688100000007 0.5286553570000001 0.94999998800000018 79.890000820000012 0.5311997140000001 0.25000000750000007 0.42050785700000004
decision_type=2 2 2 2 2 2 2 2
left_child=1 2 -1 5 -5 6 -3 -8
right_child=-2 3 -4 4 -6 -7 7 -9
leaf_value=-0.0016474012918383351 3.3647140423908699e-05 -1.797045415415192e-05 0.0023290162519064663 -7.5267104546037757e-05 0.00079776013122443345 0.00021318542850687038 2.3615955357324907e-05 -4.6370056503167215e-05
leaf_weight=24 21 265 20 37 23 25 20 35
leaf_count=24 21 265 20 37 23 25 20 35
internal_value=-0.000176296 -0.000227879 0.000357143 -0.000296944 0.000131579 -0.000377386 -0.000430175 -9.85664e-05
internal_weight=470 449 44 405 60 345 320 55
internal_count=470 449 44 405 60 345 320 55
is_linear=0
shrinkage=0.01


Tree=919
num_leaves=8
num_cat=1
split_feature=89 68 32 68 25 15 7
split_gain=0.437403 0.468143 0.419314 0.223943 0.16157 0.0439752 0.0382291
threshold=0 55.959999560000007 5.5285714350000008 38.644999500000004 3.9428571120000004 0.74513178550000014 0.43853207150000006
decision_type=1 2 2 2 2 2 2
left_child=5 3 -3 -2 -5 -1 -6
right_child=1 2 -4 4 6 -7 -8
leaf_value=-5.6879470123553173e-05 0.00021764700406451371 -1.0323319521731592e-05 0.00050412743119811838 0.00015954499889185331 -0.00064872575669690496 0.00017305040366402959 -4.3157722088626598e-05
leaf_weight=224 20 25 37 32 20 20 104
leaf_count=224 20 25 37 32 20 20 104
internal_value=-0.000142916 0.000156752 0.000907643 -9.04979e-05 -0.000229592 -0.000431711 -0.000400641
internal_weight=482 238 62 176 156 244 124
internal_count=482 238 62 176 156 244 124
cat_boundaries=0 1
cat_threshold=169942549
is_linear=0
shrinkage=0.01


Tree=920
num_leaves=9
num_cat=0
split_feature=24 73 73 6 16 33 16 15
split_gain=0.281056 0.291851 0.383304 0.340309 0.12141 0.084918 0.0391652 0.103439
threshold=2.2999999945000007 9.074285779500002 8.4992856980000013 0.50498900000000013 0.75253400000000015 4.2714286360000004 0.7145063570000002 0.73050889250000017
decision_type=2 2 2 2 2 2 2 2
left_child=4 2 -2 -3 5 6 -1 -8
right_child=1 3 -4 -5 -6 -7 7 -9
leaf_value=-2.4438734603928654e-05 0.00028400014567201977 -0.00034522397138731946 -6.7780712813761106e-05 0.00029221810101085009 0.0018309778642059515 3.7430409114767667e-06 4.4304432287723265e-05 -7.5981481007495448e-05
leaf_weight=219 26 20 70 20 20 31 20 43
leaf_count=219 26 20 70 20 20 31 20 43
internal_value=-0.000154321 0.000219298 -6.19836e-05 0.000931372 -0.000313062 -0.000364882 -0.000420792 -0.000148903
internal_weight=469 136 96 40 333 313 282 63
internal_count=469 136 96 40 333 313 282 63
is_linear=0
shrinkage=0.01


Tree=921
num_leaves=9
num_cat=1
split_feature=46 89 41 41 13 12 9 14
split_gain=0.26097 0.179351 0.183775 0.283948 0.132179 0.124485 0.0882459 0.0445315
threshold=9.8000003285000012 0 4.299999982000001 3.8000000305000001 0.66939020000000016 0.74631739300000011 0.65608265850000014 0.74731664300000011
decision_type=2 1 2 2 2 2 2 2
left_child=-1 2 3 4 -2 7 -6 -3
right_child=1 5 -4 -5 6 -7 -8 -9
leaf_value=1.2327880592020422e-05 -0.0003952055143049634 -0.00013301782182888793 -0.00011856104372247084 0.0022979849415363106 0.00018822086064971061 0.00057174025472137284 -4.0298826480784817e-05 0.00018655874697399432
leaf_weight=32 34 249 46 20 20 24 22 20
leaf_count=32 34 249 46 20 20 24 22 20
internal_value=-0.00017422 -0.000242084 4.58114e-05 0.000309917 0 -0.000376893 0.000397196 -0.00045404
internal_weight=467 435 142 96 76 293 42 269
internal_count=467 435 142 96 76 293 42 269
cat_boundaries=0 1
cat_threshold=674496770
is_linear=0
shrinkage=0.01


Tree=922
num_leaves=9
num_cat=0
split_feature=55 45 25 8 39 88 11 59
split_gain=0.605016 0.789684 0.22532 0.199846 0.109946 0.195222 0.137332 0.136153
threshold=0.074999809500000014 17.349999955000005 3.8285714390000005 0.48546688100000007 15.500000195000002 23.642177115000006 0.73601085700000013 34.214999675000008
decision_type=2 2 2 2 2 10 2 2
left_child=2 -2 -1 -4 6 -6 7 -5
right_child=1 -3 3 4 5 -7 -8 -9
leaf_value=7.5701638321426141e-06 3.5156827162952255e-05 -9.1125189929972871e-06 0.00032218468090519344 3.7561556190091015e-05 -0.0023247705815807544 0.00044442586666261394 4.5040053224789792e-05 -2.3764565126776506e-05
leaf_weight=20 30 21 39 24 33 33 20 245
leaf_count=20 30 21 39 24 33 33 20 245
internal_value=-1.07354e-06 0.00101351 -0.000132594 -0.00018997 -0.000268409 7.48502e-05 -0.000353692 -0.000416976
internal_weight=465 51 414 394 355 66 289 269
internal_count=465 51 414 394 355 66 289 269
is_linear=0
shrinkage=0.01


Tree=923
num_leaves=8
num_cat=0
split_feature=78 24 24 6 48 4 24
split_gain=0.412242 0.227672 0.574608 0.166152 0.19658 0.0936855 0.0625257
threshold=14.962142875000003 2.4714285735000003 2.4857142820000004 0.57262616650000009 20.850000380000001 0.25462892850000007 2.2714285810000008
decision_type=2 2 2 2 2 2 2
left_child=1 3 -3 4 5 -1 -7
right_child=-2 2 -4 -5 -6 6 -8
leaf_value=-0.00050887350523951436 4.1123597951282014e-05 0.00032593825961373362 -0.0026220711649919191 0.00019072986404601415 1.3784601852033121e-05 -7.1689212398294357e-05 -7.259123092607492e-06
leaf_weight=27 21 21 27 28 28 232 89
leaf_count=27 21 21 27 28 28 232 89
internal_value=-7.28157e-05 -0.000141343 0.000491803 -0.000222332 -0.000281316 -0.000349771 -0.000399316
internal_weight=473 452 48 404 376 348 321
internal_count=473 452 48 404 376 348 321
is_linear=0
shrinkage=0.01


Tree=924
num_leaves=8
num_cat=0
split_feature=67 28 10 17 17 3 75
split_gain=0.517795 0.39952 0.337008 0.20926 0.426681 0.0389369 0.0448186
threshold=52.779999730000007 2.2714285765000004 0.67603052350000004 25.200000000000003 15.685 0.24092107150000003 3.7049999420000006
decision_type=2 2 2 2 2 2 2
left_child=3 2 -2 4 -1 -5 -7
right_child=1 -3 -4 5 -6 6 -8
leaf_value=-0.00093208430132696296 3.9996666571069718e-05 -0.003797314748599432 1.3742438033121024e-05 -1.7665009761412727e-06 0.0017943477245905045 -4.9328219322880433e-05 -3.4409279063904887e-05
leaf_weight=44 22 37 24 20 30 20 264
leaf_count=44 22 37 24 20 30 20 264
internal_value=-0.000148333 0.000554892 0.00117521 -0.00030887 0.000147059 -0.000426509 -0.000456461
internal_weight=461 83 46 378 74 304 284
internal_count=461 83 46 378 74 304 284
is_linear=0
shrinkage=0.01


Tree=925
num_leaves=8
num_cat=0
split_feature=55 70 61 72 46 73 0
split_gain=0.21429 0.178778 0.249791 0.0978768 0.0733543 0.168891 0.0347098
threshold=0.30499982850000001 6.9507142135000004 31.109999655000003 5.2342857505000007 11.500000015000003 8.4992856980000013 0.27190482600000004
decision_type=2 2 2 2 2 2 2
left_child=1 2 -1 -3 5 -5 -7
right_child=-2 3 -4 4 -6 6 -8
leaf_value=-0.0036920575910214391 2.3443556304752497e-05 -1.2216908466454141e-05 0.00012407730356110247 0.00025310034979155398 -7.8314255046979422e-05 -2.7249461309105195e-06 -8.5398768382829838e-06
leaf_weight=23 23 25 25 28 235 75 20
leaf_count=23 23 25 25 28 235 75 20
internal_value=-0.000208883 -0.000262853 0.000286885 -0.000337415 -0.000381828 -0.000157512 -0.000370564
internal_weight=454 431 48 383 358 123 95
internal_count=454 431 48 383 358 123 95
is_linear=0
shrinkage=0.01


Tree=926
num_leaves=9
num_cat=0
split_feature=45 55 73 70 4 4 6 0
split_gain=0.240313 0.220228 0.112126 0.1756 0.0940895 0.473778 0.0430078 0.0369895
threshold=23.900000205000001 0.30499982850000001 8.7050000260000022 7.4121429580000013 0.33926019050000006 0.32693214300000006 0.55145610700000003 0.28882258350000006
decision_type=2 2 2 2 2 2 2 2
left_child=1 2 3 -1 5 -5 -4 -6
right_child=-2 -3 6 4 7 -7 -8 -9
leaf_value=0.0001660897254279125 0.00016941665611486446 1.5658933184790626e-05 -4.9411383116858271e-05 -3.0240278078982413e-05 -1.1999959458576782e-05 0.0010262245051299824 4.791381604675182e-06 7.6535286341917759e-05
leaf_weight=23 20 23 190 48 92 20 20 20
leaf_count=23 20 23 190 48 92 20 20 20
internal_value=-0.000166375 -0.00021978 -0.000276704 -9.56822e-05 -0.000210177 5.81394e-05 -0.000441177 -0.000390071
internal_weight=456 436 413 203 180 68 210 112
internal_count=456 436 413 203 180 68 210 112
is_linear=0
shrinkage=0.01


Tree=927
num_leaves=7
num_cat=0
split_feature=55 7 39 11 15 5
split_gain=0.548975 0.547662 0.134858 0.111291 0.0961878 0.0453841
threshold=0.30499982850000001 0.40947400000000006 17.150000155000004 0.5534977860000001 0.75473470250000008 0.32404742850000007
decision_type=2 2 2 2 2 2
left_child=1 -1 3 -3 5 -5
right_child=-2 2 -4 4 -6 -7
leaf_value=0.0010974683452416711 2.6658183938126169e-05 -6.7610793758305732e-05 0.00018058240042146846 -0.0027676083749525711 0.00071806901394824664 -2.1273351089332653e-05
leaf_weight=30 27 24 38 20 32 299
leaf_count=30 27 24 38 20 32 299
internal_value=-0.000112574 -0.000201668 -0.00030087 -0.000360564 -0.000407902 -0.000461226
internal_weight=470 443 413 375 351 319
internal_count=470 443 413 375 351 319
is_linear=0
shrinkage=0.01


Tree=928
num_leaves=7
num_cat=1
split_feature=89 67 0 59 44 2
split_gain=0.275131 0.662222 0.127731 0.147003 0.0453258 0.029128
threshold=0 51.775000095000003 0.065224698000000011 34.810000895000009 1.7000000065 0.26114570450000008
decision_type=1 2 2 2 2 2
left_child=1 5 -2 -4 -5 -1
right_child=2 -3 3 4 -6 -7
leaf_value=-0.0020627034706591977 0.00013732465954277177 0.00018520654718136951 0.00031044238709087755 -0.0010615315814115479 -1.8224124728973945e-05 -6.2443384639876226e-06
leaf_weight=20 21 37 21 20 295 49
leaf_count=20 21 37 21 20 295 49
internal_value=-0.000214532 0.000214041 -0.000343937 -0.000403801 -0.000460735 -0.00032235
internal_weight=463 106 357 336 315 69
internal_count=463 106 357 336 315 69
cat_boundaries=0 1
cat_threshold=672399840
is_linear=0
shrinkage=0.01


Tree=929
num_leaves=8
num_cat=0
split_feature=55 17 22 44 48 18 78
split_gain=0.362316 0.268206 0.140886 0.0881696 0.086635 0.0513168 0.10675
threshold=0.30499982850000001 4.2950000000000008 1.5999999940000003 1.8000000195000003 8.1999999285000005 0.99285714100000011 14.354285715000001
decision_type=2 2 2 2 2 2 2
left_child=1 -1 -3 4 -4 -5 -7
right_child=-2 2 3 5 -6 6 -8
leaf_value=0.00060874410323775833 2.541644347749186e-05 2.2696102802843174e-05 -2.6732809759104169e-05 -1.803866259179842e-05 0.00014570888530270084 0.00030733788053485724 -1.0013766181712141e-05
leaf_weight=20 25 35 25 227 32 41 58
leaf_count=20 25 35 25 227 32 41 58
internal_value=-0.000149849 -0.000221058 -0.00027937 -0.000337415 0 -0.000400857 -0.000175351
internal_weight=463 438 418 383 57 326 99
internal_count=463 438 418 383 57 326 99
is_linear=0
shrinkage=0.01


Tree=930
num_leaves=8
num_cat=0
split_feature=55 9 46 46 39 3 2
split_gain=0.393932 0.377403 0.110727 0.301702 0.0918501 0.0444703 0.0307473
threshold=0.30499982850000001 0.51577205850000007 11.149999985000003 10.750000135000002 17.150000155000004 0.24092107150000003 0.30990615700000007
decision_type=2 2 2 2 2 2 2
left_child=1 -1 3 6 5 -4 -3
right_child=-2 2 4 -5 -6 -7 -8
leaf_value=0.0003085767515688978 2.5215601959854313e-05 -8.1312240147429811e-06 -9.9371163940465208e-06 0.00069959848803845595 6.2425070677253939e-05 -2.9204255561585949e-05 -8.8194425210444576e-06
leaf_weight=39 23 55 20 27 32 246 20
leaf_count=39 23 55 20 27 32 246 20
internal_value=-0.000127485 -0.000198954 -0.000294411 0 -0.000391566 -0.000453523 -0.000336412
internal_weight=462 439 400 102 298 266 75
internal_count=462 439 400 102 298 266 75
is_linear=0
shrinkage=0.01


Tree=931
num_leaves=8
num_cat=0
split_feature=78 20 70 15 28 5 0
split_gain=0.439831 0.225222 0.136365 0.413765 0.153318 0.179847 0.0418874
threshold=14.962142875000003 1.9571428555000001 7.1528571670000014 0.61188938100000012 2.5785714130000006 0.40548353550000005 0.076376229500000017
decision_type=2 2 2 2 2 2 2
left_child=1 2 3 -1 6 -6 -4
right_child=-2 -3 4 -5 5 -7 -8
leaf_value=-0.0069547565490637141 4.1611489521478114e-05 5.4473316856244671e-05 -1.0236476368595288e-05 0.00018948288469206653 0.0010106561859515605 -0.00021825961385131445 -1.2271270836168218e-05
leaf_weight=51 21 36 21 32 20 22 241
leaf_count=51 21 36 21 32 20 22 241
internal_value=-0.00011241 -0.000187589 -0.000261733 7.75655e-05 -0.000360893 0.000163551 -0.000452816
internal_weight=444 423 387 83 304 42 262
internal_count=444 423 387 83 304 42 262
is_linear=0
shrinkage=0.01


Tree=932
num_leaves=8
num_cat=0
split_feature=11 67 58 11 59 54 0
split_gain=0.312516 0.553923 0.149331 0.164266 0.148111 0.0405384 0.0166011
threshold=0.57076278550000015 51.775000095000003 2.1550002095000003 0.67831683900000017 34.299999235000008 8.4600000380000022 0.11824513000000002
decision_type=2 2 2 2 2 2 2
left_child=1 6 4 -4 -2 -6 -1
right_child=2 -3 3 -5 5 -7 -8
leaf_value=-6.3222908902738417e-06 0.00029739131468183499 0.0018583721286988283 0.00035374299879400496 -0.00025239874931253902 -4.7615579876861735e-05 -7.8184604157741998e-06 -0.00068455667863472514
leaf_weight=20 21 21 35 29 308 22 22
leaf_count=20 21 21 35 29 308 22 22
internal_value=-0.000223475 0.00041536 -0.000325878 9.25925e-05 -0.000407902 -0.000462515 -0.00021028
internal_weight=478 63 415 64 351 330 42
internal_count=478 63 415 64 351 330 42
is_linear=0
shrinkage=0.01


Tree=933
num_leaves=9
num_cat=0
split_feature=67 28 61 54 2 63 59 0
split_gain=0.318664 0.400158 0.51684 0.133552 0.179847 0.113032 0.0426265 0.0226349
threshold=52.495001315000003 2.2571428755000005 33.080001355000007 1.6650004385000001 0.29115764300000008 21.845000270000003 34.299999235000008 0.14764960450000003
decision_type=2 2 2 2 2 2 2 2
left_child=3 2 -2 4 -1 6 -5 -3
right_child=1 7 -4 5 -6 -7 -8 -9
leaf_value=0.00099721287248438328 -3.783151002565721e-06 -0.0052180425667315887 4.8947424888674629e-05 -0.000157672434397663 -0.00064485049402415804 8.9436098239109246e-05 -1.167238706447351e-05 -0.0001093155104735261
leaf_weight=20 23 32 22 21 22 27 281 20
leaf_count=20 23 32 22 21 22 27 281 20
internal_value=-0.000196246 0.000301636 0.00099345 -0.000332168 0.000163551 -0.000401759 -0.000459049 -0.000265152
internal_weight=468 97 45 371 42 329 302 52
internal_count=468 97 45 371 42 329 302 52
is_linear=0
shrinkage=0.01


Tree=934
num_leaves=8
num_cat=0
split_feature=72 72 61 6 49 17 16
split_gain=0.335894 0.273755 0.188534 0.10855 0.0763637 0.0686894 0.035315
threshold=5.8214285630000004 5.9278571860000016 34.410000800000006 0.52814857150000016 2.8000000010000003 62.545000000000009 0.69250814300000008
decision_type=2 2 2 2 2 2 2
left_child=4 -2 3 6 -1 -6 -3
right_child=1 2 -4 -5 5 -7 -8
leaf_value=-1.8601144555248079e-05 0.0007503159655106855 -6.934643514151578e-05 1.6949315779032154e-05 5.4869789349765306e-05 0.00042555677554226903 -6.5205558416638298e-05 6.7997432994927266e-06
leaf_weight=263 23 79 34 20 20 23 20
leaf_count=263 23 79 34 20 20 23 20
internal_value=-0.000225766 0.000113122 -2.92589e-05 -0.000229549 -0.000426988 0 -0.000375752
internal_weight=482 176 153 119 306 43 99
internal_count=482 176 153 119 306 43 99
is_linear=0
shrinkage=0.01


Tree=935
num_leaves=8
num_cat=1
split_feature=89 70 10 20 61 4 8
split_gain=0.350372 0.490055 0.219608 0.0927987 0.0747282 0.0446501 0.0278899
threshold=0 7.1849999770000013 0.55024128550000018 1.9571428385000003 21.455000400000003 0.25811200000000006 0.62638573800000008
decision_type=1 2 2 2 2 2 2
left_child=1 -1 -3 4 -2 -6 -4
right_child=3 2 6 -5 5 -7 -8
leaf_value=0.00021749777918270074 7.6294075410195949e-05 0.00020561291085172627 -0.00020484673721727985 1.6433454117178686e-05 -0.0010827182677056891 -3.0243916542122469e-05 -3.3640466883136553e-06
leaf_weight=22 39 20 45 27 20 255 20
leaf_count=22 39 20 45 27 20 255 20
internal_value=-0.00018271 0.000292869 -5.82762e-06 -0.000336839 -0.000397078 -0.00045504 -0.00031155
internal_weight=448 107 85 341 314 275 65
internal_count=448 107 85 341 314 275 65
cat_boundaries=0 1
cat_threshold=672399752
is_linear=0
shrinkage=0.01


Tree=936
num_leaves=8
num_cat=0
split_feature=28 5 75 15 40 20 2
split_gain=0.346859 0.409421 0.283523 0.102089 0.273822 0.117464 0.0325544
threshold=2.0571428540000003 0.42707578600000007 6.6842856920000004 0.71916755950000011 8.0999999490000025 1.9428571375000001 0.27814885700000008
decision_type=2 2 2 2 2 2 2
left_child=1 -1 3 5 -5 -2 -6
right_child=2 -3 -4 4 6 -7 -8
leaf_value=-0.00017071802910332811 -3.2711960707606118e-05 2.3293084353204928e-05 0.00014858026199692493 0.00083806000583987422 0.00020970691252177376 1.316195620930608e-06 -3.6513234748196116e-05
leaf_weight=30 245 22 20 30 20 28 63
leaf_count=30 245 22 20 30 20 28 63
internal_value=-0.000146033 0.00060606 -0.000248279 -0.000312823 -3.95432e-05 -0.000418189 -0.000352029
internal_weight=458 52 406 386 113 273 83
internal_count=458 52 406 386 113 273 83
is_linear=0
shrinkage=0.01


Tree=937
num_leaves=9
num_cat=0
split_feature=24 61 62 8 86 61 15 4
split_gain=0.388599 0.467116 0.181234 0.174688 0.348068 0.124378 0.127213 0.0439506
threshold=2.2642857260000002 33.134999755000003 0.84999990500000011 0.6347434285000001 91.966554430000016 34.620000360000006 0.75473470250000008 0.25462892850000007
decision_type=2 2 2 2 2 2 2 2
left_child=5 2 -2 -4 -5 6 7 -1
right_child=1 -3 3 4 -6 -7 -8 -9
leaf_value=-4.1791489777282635e-05 0.00054908590820787028 1.892094291433195e-05 -6.6170106563565574e-05 0.00063951812114091669 -7.8439163744358539e-05 0.00049585904950544268 0.0014690525031514834 -1.2532579861907832e-05
leaf_weight=20 31 30 70 21 26 20 23 223
leaf_count=20 31 30 70 21 26 20 23 223
internal_value=-8.60586e-05 0.000274049 2.68816e-05 -0.000140068 0.000303347 -0.000317294 -0.000378561 -0.000449139
internal_weight=464 178 148 117 47 286 266 243
internal_count=464 178 148 117 47 286 266 243
is_linear=0
shrinkage=0.01


Tree=938
num_leaves=9
num_cat=0
split_feature=61 28 7 63 66 15 87 4
split_gain=0.443974 0.239084 0.161169 0.192406 0.594987 0.101486 0.0443864 0.0261223
threshold=34.70500040000001 2.0142857265000003 0.48343885700000006 18.694999695000003 79.890000820000012 0.75473470250000008 17.997489060000003 0.25378630950000008
decision_type=2 2 2 2 2 2 10 2
left_child=1 -1 3 4 -3 6 -4 -5
right_child=-2 2 5 7 -6 -7 -8 -9
leaf_value=9.1349536769651397e-06 1.7063609376684241e-05 -0.00010446624924078534 -0.00059859824095078243 -4.5349082613016514e-05 0.00084634008065882121 0.00095185721448581341 -1.1622643561092756e-05 -0.0033383092312305801
leaf_weight=35 21 25 20 20 20 29 242 40
leaf_count=35 21 25 20 20 20 29 242 40
internal_value=-0.000119258 -0.000193377 -0.000267137 5.19848e-05 0.000556768 -0.000388965 -0.000452816 -0.000296053
internal_weight=452 431 396 105 45 291 262 60
internal_count=452 431 396 105 45 291 262 60
is_linear=0
shrinkage=0.01


Tree=939
num_leaves=9
num_cat=0
split_feature=75 28 58 50 2 26 48 5
split_gain=0.260573 0.159399 0.360307 0.126524 0.169145 0.0534035 0.0799496 0.0445113
threshold=6.4249999350000007 2.0428571615000002 0.50000000000000011 9.3999998940000022 0.2567187855000001 4.1285714930000008 9.2000002265000003 0.51256828600000015
decision_type=2 2 2 2 2 2 2 2
left_child=1 2 -1 5 -5 7 -7 -3
right_child=-2 3 -4 4 -6 6 -8 -9
leaf_value=0.0001423082967985102 0.00013697667919508293 -3.5292122171249673e-05 -0.0017377875234440027 0.00029004679188862522 -0.00011421428876704307 -0.0017301271472425176 0.0020091226441063272 -2.5033317702337354e-06
leaf_weight=21 32 248 28 36 33 28 20 20
leaf_count=21 32 248 28 36 33 28 20 20
internal_value=-0.000173522 -0.00024149 0.000271084 -0.000312338 5.01431e-05 -0.000397727 -4.09837e-05 -0.000453869
internal_weight=466 434 49 385 69 316 48 268
internal_count=466 434 49 385 69 316 48 268
is_linear=0
shrinkage=0.01


Tree=940
num_leaves=9
num_cat=0
split_feature=77 19 7 28 39 49 3 0
split_gain=0.63216 0.470894 0.272113 0.22409 0.126464 0.135652 0.185942 0.0370987
threshold=14.003571650000003 2.3285714135000002 0.40947400000000006 2.0571428540000003 17.150000155000004 2.2000000365000005 0.30258425000000005 0.30782925000000005
decision_type=2 2 2 2 2 2 2 2
left_child=2 -2 -1 -4 5 7 -7 -5
right_child=1 -3 3 4 -6 6 -8 -9
leaf_value=0.001241895316715596 2.7992562130629207e-05 -0.00097124751903613239 5.4337649312453331e-05 -3.2164134798322351e-05 0.00017466678596549448 0.00036147209903863211 -5.6466767312912893e-05 -0.0029313675692109447
leaf_weight=28 27 21 35 239 35 34 33 20
leaf_count=28 27 21 35 239 35 34 33 20
internal_value=2.53806e-05 0.00110656 -9.41621e-05 -0.000166331 -0.00024461 -0.000309058 6.63716e-05 -0.00041378
internal_weight=472 48 424 396 361 326 67 259
internal_count=472 48 424 396 361 326 67 259
is_linear=0
shrinkage=0.01


Tree=941
num_leaves=9
num_cat=0
split_feature=55 16 8 4 87 0 16 39
split_gain=0.391129 0.374776 0.287265 0.206596 0.178758 0.113642 0.130966 0.144466
threshold=0.074999809500000014 0.67248635700000015 0.48546688100000007 0.2633856905000001 38.335444120000012 0.066451479500000007 0.75413885700000016 17.449999975000004
decision_type=2 2 2 2 8 2 2 2
left_child=2 -2 3 -1 5 -4 7 -7
right_child=1 -3 4 -5 -6 6 -8 -9
leaf_value=-0.00016575506661510315 -0.00021608376722388536 3.6023655678255258e-05 4.2510486262696549e-05 0.0022049647802863006 0.00015292060159961362 -6.8009279258446668e-05 0.0017525654527277171 0.00027153911431650641
leaf_weight=22 33 20 20 20 27 285 20 21
leaf_count=22 33 20 20 20 27 285 20 21
internal_value=-2.55974e-05 0.000771375 -0.000133478 0.000630841 -0.000226057 -0.000291234 -0.000339657 -0.000394394
internal_weight=468 53 415 42 373 346 326 306
internal_count=468 53 415 42 373 346 326 306
is_linear=0
shrinkage=0.01


Tree=942
num_leaves=8
num_cat=0
split_feature=38 12 8 39 16 78 77
split_gain=0.76936 0.971313 0.22992 0.113692 0.121906 0.120583 0.137651
threshold=0.35000000900000006 0.6690862620000001 0.48546688100000007 17.150000155000004 0.75301769650000006 14.934999875000003 12.127857075000001
decision_type=2 2 2 2 2 2 2
left_child=1 -1 -2 4 5 6 -4
right_child=2 -3 3 -5 -6 -7 -8
leaf_value=6.7825824037584976e-05 0.00063043708449891532 -1.6704734152365827e-05 -2.3516053539183187e-06 0.00015195824075829616 0.0017350397982004377 -1.2748076286159412e-05 -2.0521954800799279e-05
leaf_weight=20 35 26 24 38 20 23 269
leaf_count=20 35 26 24 38 20 23 269
internal_value=-3.40063e-05 0.00117521 -0.000176916 -0.000253469 -0.000314727 -0.000366162 -0.000423758
internal_weight=455 46 409 374 336 316 293
internal_count=455 46 409 374 336 316 293
is_linear=0
shrinkage=0.01


Tree=943
num_leaves=8
num_cat=0
split_feature=77 68 9 12 25 86 1
split_gain=0.497545 0.404945 0.253554 0.3368 0.105628 0.0854685 0.0615385
threshold=14.02571423 57.275001050000007 0.51577205850000007 0.5286553570000001 3.7785714355000004 72.840353275000027 0.19162064300000003
decision_type=2 2 2 2 2 2 2
left_child=2 -2 3 -1 -4 6 -6
right_child=1 -3 4 -5 5 -7 -8
leaf_value=-0.0039673036533601196 1.976648637427612e-05 -0.00029765921638486313 -3.3556785249612485e-06 0.0021766107616384401 -0.0033362472401862919 -6.9237779755552283e-05 0.00029297154740466554
leaf_weight=21 20 24 27 20 20 300 20
leaf_count=21 20 24 27 20 20 300 20
internal_value=-0.000185512 0.000803571 -0.000298435 0.00041866 -0.00038472 -0.000434272 0
internal_weight=452 44 408 41 367 340 40
internal_count=452 44 408 41 367 340 40
is_linear=0
shrinkage=0.01


Tree=944
num_leaves=10
num_cat=1
split_feature=20 4 25 89 17 80 76 18 0
split_gain=0.459487 0.340309 0.230355 0.150217 0.233644 0.342785 0.0390076 0.100956 0.0304949
threshold=1.9428571545000002 0.37817383350000006 3.8999999420000004 0 47.985000000000007 12.553571565000002 15.179285730000002 0.89999999750000004 0.13929100000000003
decision_type=2 2 2 1 2 2 2 2 2
left_child=2 -2 -1 4 5 -4 7 -5 -6
right_child=1 -3 3 6 8 -7 -8 -9 -10
leaf_value=7.7331387884959871e-06 -0.00034763321683637494 0.00016511421247279148 0.00066366130745468721 0.00017516970410591331 -2.521062908675582e-05 -0.00068195165656723654 -0.00010327012751295348 -0.00017879595432152337 1.0817755848286717e-05
leaf_weight=35 20 20 25 20 54 32 183 41 20
leaf_count=35 20 20 25 20 54 32 183 41 20
internal_value=-7.32033e-05 0.000931372 -0.000177702 -0.000254125 1.76304e-05 0.000510381 -0.000392465 -0.000137541 -0.000334225
internal_weight=450 40 410 375 131 57 244 61 74
internal_count=450 40 410 375 131 57 244 61 74
cat_boundaries=0 1
cat_threshold=672399376
is_linear=0
shrinkage=0.01


Tree=945
num_leaves=8
num_cat=0
split_feature=77 38 46 10 75 12 49
split_gain=0.611087 0.401206 0.252481 0.103554 0.118432 0.081716 0.0393669
threshold=14.003571650000003 0.45000000650000005 9.3499999415000019 0.48809821400000003 6.5435714890000005 0.74631739300000011 1.9000000135000001
decision_type=2 2 2 2 2 2 2
left_child=2 -2 -1 -4 5 6 -5
right_child=1 -3 3 4 -6 -7 -8
leaf_value=1.7084805857136874e-05 3.0163935805930494e-05 -1.3351677361047805e-06 4.0960505859334456e-05 -3.6232762902549288e-05 0.00013154041322003998 0.0002176603859756035 -6.0533991712933614e-06
leaf_weight=21 24 21 21 243 21 33 64
leaf_count=21 24 21 21 243 21 33 64
internal_value=-9.3583e-05 0.00099345 -0.000221644 -0.000284744 -0.000327529 -0.000375587 -0.000427226
internal_weight=448 45 403 382 361 340 307
internal_count=448 45 403 382 361 340 307
is_linear=0
shrinkage=0.01


Tree=946
num_leaves=11
num_cat=0
split_feature=60 25 9 9 7 16 20 66 39 0
split_gain=0.463548 0.269001 0.227385 0.311481 0.202491 0.123033 0.112744 0.147945 0.0445113 0.0221279
threshold=32.829999925000003 3.9571428810000007 0.6484497250000002 0.60356548950000011 0.45824207100000008 0.75301769650000006 1.8499999895000003 83.029999735000018 17.349999965000006 0.20999178100000002
decision_type=2 2 2 2 2 2 2 2 2 2
left_child=1 2 3 4 -1 6 8 -8 -3 -4
right_child=-2 5 9 -5 -6 -7 7 -9 -10 -11
leaf_value=2.5055037556190969e-05 0.00052266152828189143 -4.288909578434318e-05 -0.0001158711979704994 0.00011933787581951413 -0.0016301158715639578 0.0017149938922400099 1.2981281275237664e-05 -0.0007993430052518545 2.9364634987881221e-05 -5.8008531546031092e-05
leaf_weight=20 20 248 20 23 28 20 25 30 20 31
leaf_count=20 20 248 20 23 28 20 25 30 20 31
internal_value=-0.000103952 -0.000172821 0.00021987 0.000591922 8.19671e-05 -0.000318499 -0.000369055 8.96046e-06 -0.000453869 -0.000260618
internal_weight=485 465 122 71 48 343 323 55 268 51
internal_count=485 465 122 71 48 343 323 55 268 51
is_linear=0
shrinkage=0.01


Tree=947
num_leaves=8
num_cat=0
split_feature=46 2 16 66 11 86 51
split_gain=0.745367 0.274862 0.448213 0.605051 0.28887 0.14993 0.0444703
threshold=9.8000003285000012 0.2567187855000001 0.59067933300000008 79.730000500000003 0.5817602380000001 77.303394425000008 6.7999998220000011
decision_type=2 2 2 2 2 2 2
left_child=-1 2 -2 -4 -5 -3 -7
right_child=1 5 3 4 -6 6 -8
leaf_value=2.1420754221509803e-05 -0.0062736337261099073 5.7709626243864362e-05 -0.00046269602069750688 0.0021490613530241553 0.00068086565676551828 -8.5179970523418472e-05 -5.5010512342893429e-07
leaf_weight=39 61 20 28 20 26 246 20
leaf_count=39 61 20 28 20 26 246 20
internal_value=-8.24654e-05 -0.000209815 0.000150957 0.000681818 0.00138889 -0.000387029 -0.000453523
internal_weight=460 421 135 74 46 286 266
internal_count=460 421 135 74 46 286 266
is_linear=0
shrinkage=0.01


Tree=948
num_leaves=10
num_cat=0
split_feature=38 48 40 67 10 71 88 49 38
split_gain=0.442193 0.627555 0.190084 0.322392 0.162213 0.120036 0.0822298 0.092353 0.084225
threshold=0.35000000900000006 0.90000000950000014 10.299999930000002 45.875000475000007 0.5781122860000002 5.9828571720000001 21.597050835000005 2.5999999830000005 1.5000000035000001
decision_type=2 2 2 2 2 2 8 2 2
left_child=1 -1 6 -4 -5 -6 8 -8 -2
right_child=2 -3 3 4 5 -7 7 -9 -10
leaf_value=-8.2245200564004704e-05 -0.0026643241884818222 5.7629118703107599e-05 5.3664409237536258e-07 1.9906074380699773e-05 4.2999235440028105e-07 -4.8006544992504292e-05 -8.0918205958759406e-05 6.7576793498851564e-05 0.00085144832839557374
leaf_weight=25 24 37 21 24 21 71 181 34 32
leaf_count=25 24 37 21 24 21 71 181 34 32
internal_value=-2.76127e-05 0.000748408 -0.000151664 0.000141509 -5.137e-05 -0.000258621 -0.000307211 -0.0003962 0
internal_weight=470 62 408 137 116 92 271 215 56
internal_count=470 62 408 137 116 92 271 215 56
is_linear=0
shrinkage=0.01


Tree=949
num_leaves=9
num_cat=0
split_feature=60 10 42 14 51 87 7 8
split_gain=0.412906 0.362764 0.294595 0.217176 0.153131 0.333668 0.132656 0.0892094
threshold=30.640000345000001 0.64414567850000004 0.25000000750000007 0.60192561900000008 4.5000000485000013 27.462787930000001 0.47861012200000003 0.68242871450000009
decision_type=2 2 2 2 2 8 2 2
left_child=2 3 4 -2 -1 6 -6 -3
right_child=1 7 -4 -5 5 -7 -8 -9
leaf_value=-0.00016126826629187668 1.7684031310361038e-05 -0.0015087552432821664 5.6193735823243781e-06 4.5810177826637459e-05 1.9534053408803289e-05 0.00055624456254186683 -1.1535080211118947e-05 3.6830269434642435e-05
leaf_weight=172 26 33 31 39 20 25 82 20
leaf_count=172 26 33 31 39 20 25 82 20
internal_value=-4.45645e-06 0.000496633 -0.000190448 0.000995441 -0.000291861 -1.17372e-05 -0.000282101 -8.36432e-05
internal_weight=448 118 330 65 299 127 102 53
internal_count=448 118 330 65 299 127 102 53
is_linear=0
shrinkage=0.01


Tree=950
num_leaves=10
num_cat=0
split_feature=24 88 63 46 11 39 0 39 49
split_gain=0.574743 0.303849 0.428023 0.239373 0.215901 0.153289 0.0911709 0.0808223 0.0853425
threshold=2.3142857000000006 26.400175465 16.424999715000002 9.2999997325000017 0.64698435750000016 0.70000002150000007 0.065224698000000011 17.150000155000004 2.8000000010000003
decision_type=2 8 2 2 2 2 2 2 2
left_child=3 -2 4 -1 -3 -5 -7 8 -8
right_child=1 2 -4 5 -6 6 7 -9 -10
leaf_value=1.5502968056196045e-05 -1.7299012606184087e-05 0.00022677435705125673 8.3414556312331838e-05 1.1065277270483215e-06 -8.2307011700570183e-05 6.7744254095944813e-05 -0.00044655948166056394 6.1012446239660876e-05 -2.8588538600085519e-05
leaf_weight=20 31 26 32 30 20 24 213 31 38
leaf_count=20 31 26 32 30 20 24 213 31 38
internal_value=3.3276e-05 0.000669399 0.00100254 -0.000156951 0.000320513 -0.000225653 -0.00029661 -0.000350071 -0.000411041
internal_weight=465 109 78 356 46 336 306 282 251
internal_count=465 109 78 356 46 336 306 282 251
is_linear=0
shrinkage=0.01


Tree=951
num_leaves=10
num_cat=0
split_feature=46 20 21 21 4 53 50 25 6
split_gain=0.550829 0.231055 0.240186 0.282101 0.266441 0.2214 0.266125 0.206571 0.0423582
threshold=9.8500000200000013 1.8285714135000002 1.7428571245000002 1.6571428865000002 0.33042542850000006 0.085000038500000014 4.9999999775000008 3.9714285135000007 0.34209185700000005
decision_type=2 2 2 2 2 2 2 2 2
left_child=-1 2 3 -2 -5 7 -7 -3 -4
right_child=1 5 8 4 -6 6 -8 -9 -10
leaf_value=1.9167785693041746e-05 -0.00011273935906269405 0.00026800622652177936 -7.6076260749904939e-05 -0.00025686741116115951 0.0010491385108034946 -2.2954487962999503e-05 0.00029332814692858744 -1.0783749652420182e-05 -7.5901541801900291e-05
leaf_weight=32 43 24 20 28 34 56 32 29 172
leaf_count=32 43 24 20 28 34 56 32 29 172
internal_value=2.76125e-05 -6.15316e-05 -0.000223304 0.000146503 0.000589172 0.000264457 -2.25226e-05 0.000771375 -0.000435685
internal_weight=470 438 297 105 62 141 88 53 192
internal_count=470 438 297 105 62 141 88 53 192
is_linear=0
shrinkage=0.01


Tree=952
num_leaves=11
num_cat=0
split_feature=46 17 11 25 11 13 44 2 9 29
split_gain=0.824776 0.438486 0.313952 0.286568 0.447402 0.518856 0.196693 0.311982 0.107952 0.175306
threshold=9.8500000200000013 4.7000000000000011 0.66989300000000018 3.9428571120000004 0.64698435750000016 0.6387029500000001 6.1999998575000008 0.30964271400000004 0.65777140000000012 3.0642857040000004
decision_type=2 2 2 2 2 2 2 2 2 2
left_child=2 -2 -1 4 5 -3 8 -8 -5 -10
right_child=1 3 -4 6 -6 -7 7 -9 9 -11
leaf_value=2.0617378129274385e-05 0.00049998797147827068 -0.0006116532534000455 5.2396194560459084e-06 -0.00017781811124436417 -0.0011575922641067942 0.00013038345270302915 0.00018227077735864393 -0.00022678337737853439 -9.5767088479717767e-05 0.00054234462792431177
leaf_weight=20 20 21 20 205 32 21 22 24 70 24
leaf_count=20 20 21 20 205 32 21 22 24 70 24
internal_value=5.93996e-05 -6.25285e-05 0.00142157 -0.00013697 0.000414438 0.00109813 -0.000261712 0.000320513 -0.000358573 -5.27427e-05
internal_weight=479 439 40 419 74 42 345 46 299 94
internal_count=479 439 40 419 74 42 345 46 299 94
is_linear=0
shrinkage=0.01


Tree=953
num_leaves=8
num_cat=0
split_feature=46 56 5 8 47 38 17
split_gain=0.609201 0.281154 0.255022 0.24985 0.113879 0.103248 0.174848
threshold=9.8500000200000013 1.0999999050000002 0.47714655350000007 0.54874764300000012 60.299998505000012 8.0500001680000022 37.955000000000005
decision_type=2 2 2 2 2 2 2
left_child=-1 4 3 -3 5 -2 -7
right_child=1 2 -4 -5 -6 6 -8
leaf_value=2.0984716461615565e-05 -5.4505947184868062e-05 1.647810971408363e-05 0.00012324046356513646 -0.0013970885915340092 2.9924760559225608e-05 0.00060810986567502408 -5.4245018036589732e-06
leaf_weight=35 260 20 22 46 23 25 41
leaf_count=35 260 20 22 46 23 25 41
internal_value=-0.000114213 -0.00022042 0.00027027 -1.49702e-05 -0.0003502 -0.000400857 -1.49702e-05
internal_weight=472 437 88 66 349 326 66
internal_count=472 437 88 66 349 326 66
is_linear=0
shrinkage=0.01


Tree=954
num_leaves=8
num_cat=0
split_feature=55 77 54 87 86 4 1
split_gain=0.640016 0.206193 0.475287 0.14141 0.0710989 0.0734472 0.02997
threshold=0.30499982850000001 13.742856980000001 5.2750005725000007 34.041976770000005 73.069060915000009 0.31302300000000005 0.33021657150000006
decision_type=2 2 2 8 2 2 2
left_child=1 3 -3 4 5 -1 -4
right_child=-2 2 6 -5 -6 -7 -8
leaf_value=-0.0028063656329777617 1.3450702458030602e-05 0.0004129306352186703 -0.0012983748496952247 0.00021193843729280605 -3.0453069208634146e-05 0.00075761395753378368 -0.00012484126324010627
leaf_weight=25 25 37 52 20 255 20 20
leaf_count=25 25 37 52 20 255 20 20
internal_value=-0.00014292 -0.000238483 0.000122951 -0.000367831 -0.000425532 -1.09171e-05 -0.00032967
internal_weight=454 429 109 320 300 45 72
internal_count=454 429 109 320 300 45 72
is_linear=0
shrinkage=0.01


Tree=955
num_leaves=8
num_cat=1
split_feature=55 89 86 48 56 45 16
split_gain=0.763613 0.586071 0.672297 0.482364 0.238417 0.145451 0.0450275
threshold=0.074999809500000014 0 98.471114805000013 0.90000000950000014 0.40499973300000003 19.250000125000003 0.75301769650000006
decision_type=2 1 2 2 2 2 2
left_child=1 2 4 -2 -1 6 -3
right_child=3 5 -4 -5 -6 -7 -8
leaf_value=-0.0040296784735989371 -0.0015844306489678093 -5.0027933707979837e-05 0.00011214537263725649 4.0410744235318509e-05 0.00032644372245653897 0.00010666236177508937 6.376413492316324e-05
leaf_weight=49 20 276 30 26 33 21 20
leaf_count=49 20 276 30 26 33 21 20
internal_value=-3.25768e-05 -0.000168683 0.000423453 0.00117521 0 -0.000385906 -0.000458221
internal_weight=475 429 112 46 82 317 296
internal_count=475 429 112 46 82 317 296
cat_boundaries=0 1
cat_threshold=540016898
is_linear=0
shrinkage=0.01


Tree=956
num_leaves=10
num_cat=0
split_feature=77 18 25 17 34 71 26 19 1
split_gain=0.893849 0.439688 0.36288 0.461859 0.112119 0.360601 0.0908423 0.0894932 0.0309933
threshold=14.005000220000001 0.96428571450000011 3.9428571970000008 65.865000000000009 3.4785713980000001 5.9385714960000007 4.1285714930000008 2.3142857125000007 0.25923407100000007
decision_type=2 2 2 2 2 2 2 2 2
left_child=2 -2 3 7 5 8 -6 -1 -4
right_child=1 -3 4 -5 6 -7 -8 -9 -10
leaf_value=-0.0041248837729011625 8.2329614343182856e-06 2.3118692692253659e-05 -6.7253219170619617e-06 0.00018688057491919819 -0.00018595404325262737 0.00015862583817230475 0.00044927391973971427 6.0227250778020904e-06 -4.0755653560161365e-05
leaf_weight=37 24 24 56 38 192 24 35 21 20
leaf_count=37 24 24 56 38 192 24 35 21 20
internal_value=2.64942e-05 0.00131148 -0.0001168 0.000413223 -0.000279134 0 -0.000401668 -0.000119048 -0.000338542
internal_weight=471 48 423 96 327 100 227 58 76
internal_count=471 48 423 96 327 100 227 58 76
is_linear=0
shrinkage=0.01


Tree=957
num_leaves=10
num_cat=1
split_feature=89 0 77 4 46 16 7 12 3
split_gain=0.476902 0.581081 0.253451 0.155449 0.114877 0.139105 0.352686 0.0412209 0.0235968
threshold=0 0.23388037500000003 14.005000220000001 0.28195100000000006 11.149999985000003 0.69948014300000005 0.57972878600000011 0.74631739300000011 0.32203678600000002
decision_type=1 2 2 2 2 2 2 2 2
left_child=1 3 4 -1 5 -2 -7 -6 -5
right_child=2 -3 -4 8 7 6 -8 -9 -10
leaf_value=0.00016852850560435502 -0.0017704028482708146 4.8661930954012264e-05 6.4709175719282436e-06 -0.0014533307205180912 -0.00013554711217397461 0.00098224705576865586 -8.040630527384608e-05 -0.00069777055110630123 -5.3597198996416278e-05
leaf_weight=23 39 38 37 34 213 20 23 21 20
leaf_count=23 39 38 37 34 213 20 23 21 20
internal_value=-4.69284e-05 0.000480922 -0.000232271 0 -0.000334596 0 0.000376712 -0.000447189 -0.000273723
internal_weight=468 115 353 77 316 82 43 234 54
internal_count=468 115 353 77 316 82 43 234 54
cat_boundaries=0 1
cat_threshold=540019080
is_linear=0
shrinkage=0.01


Tree=958
num_leaves=12
num_cat=0
split_feature=46 48 5 18 18 1 13 4 12 45 1
split_gain=0.651885 0.52482 0.559753 0.110971 0.337336 0.10341 0.0970384 0.109716 0.0939964 0.0385301 0.0253349
threshold=11.149999985000003 9.8499999050000024 0.42809138050000006 0.96428571450000011 0.99999999550000018 0.21511478550000004 0.75877877500000013 0.25462892850000007 0.66346457150000016 24.399999685000004 0.25391185700000007
decision_type=2 2 2 2 2 2 2 2 2 2 2
left_child=1 2 5 6 -5 -1 7 -2 -3 -9 -6
right_child=3 8 -4 4 10 -7 -8 9 -10 -11 -12
leaf_value=0.00022287019223596105 5.7762483947688855e-05 5.518031468563895e-06 0.00011127724859092452 0.00056803112867380467 -0.0021011670235414098 -0.00013354609430658065 2.1354960669228611e-06 -3.1209651437079734e-05 -0.0010756966631575054 -1.0611679089854911e-05 -7.344412463768915e-05
leaf_weight=20 26 20 33 23 20 25 24 205 36 22 38
leaf_count=20 26 20 33 23 20 25 24 205 36 22 38
internal_value=4.05832e-06 0.00060089 0.00112944 -0.000214604 9.16869e-05 0.000338428 -0.000311375 -0.000372341 -0.000105634 -0.000445566 -0.000289116
internal_weight=492 134 78 358 81 45 277 253 56 227 58
internal_count=492 134 78 358 81 45 277 253 56 227 58
is_linear=0
shrinkage=0.01


Tree=959
num_leaves=11
num_cat=0
split_feature=72 87 87 17 88 2 25 14 14 0
split_gain=0.547874 0.606504 0.604537 0.312961 0.273531 0.229136 0.153319 0.185092 0.106512 0.0428387
threshold=5.814285678500001 21.979449495000004 26.304769825000005 59.560000000000009 20.758760545000005 0.35634092850000004 4.1571429120000003 0.73474053600000011 0.75020021450000007 0.06773047900000001
decision_type=2 8 8 2 8 2 2 2 2 2
left_child=5 4 -3 -4 -2 6 8 -8 9 -1
right_child=1 2 3 -5 -6 -7 7 -9 -10 -11
leaf_value=-0.0011896057709573004 0.00050736841746888976 0.00014336276017019072 -0.0026561215209214653 0.00022819064303241981 -0.0017390131653841768 0.00024646296248915091 0.00010057439438829869 -0.00011652071499191224 -2.8272389170745214e-06 -2.494521643823854e-05
leaf_weight=20 20 32 34 27 58 21 30 23 26 185
leaf_count=20 20 32 34 27 58 21 30 23 26 185
internal_value=8.38925e-05 0.000538417 0.00108209 0.000444984 -8.88326e-05 -0.000165141 -0.000245787 0.000213755 -0.000360224 -0.000439747
internal_weight=476 171 93 61 78 305 284 53 231 205
internal_count=476 171 93 61 78 305 284 53 231 205
is_linear=0
shrinkage=0.01


Tree=960
num_leaves=9
num_cat=0
split_feature=25 77 44 17 12 12 31 51
split_gain=0.717031 0.780805 0.449019 0.711616 0.374825 0.306774 0.109823 0.0418445
threshold=3.9714285135000007 13.954285755000003 5.9499999580000011 63.145000000000003 0.65725478550000005 0.61446950000000011 4.1714285610000017 6.3499999120000004
decision_type=2 2 2 2 2 2 2 2
left_child=1 4 7 -4 5 -1 -6 -2
right_child=2 -3 3 -5 6 -7 -8 -9
leaf_value=7.7494472217137158e-06 -0.00019541768798782624 8.4818241989212021e-05 0.00015091322200760254 -0.0020466402335331691 -0.0018921668117954165 0.00011647047647998398 1.8705063589152879e-05 -1.6382683962671844e-06
leaf_weight=38 239 25 25 32 56 20 21 21
leaf_count=38 239 25 25 32 56 20 21 21
internal_value=0 0.000547264 -0.000272184 0.000510381 0.000224595 0.000833333 -0.000212082 -0.000452454
internal_weight=477 160 317 57 135 58 77 260
internal_count=477 160 317 57 135 58 77 260
is_linear=0
shrinkage=0.01


Tree=961
num_leaves=10
num_cat=1
split_feature=20 4 89 8 4 7 29 7 42
split_gain=0.611659 0.337008 0.326007 0.308023 0.401955 0.325299 0.441058 0.125719 0.0401139
threshold=1.9428571545000002 0.37817383350000006 0 0.65382257150000012 0.37534757150000003 0.4939917285 3.0142857180000004 0.55277371450000012 0.35000000900000006
decision_type=2 2 1 2 2 2 2 2 2
left_child=2 -2 8 4 5 6 -4 -7 -1
right_child=1 -3 3 -5 -6 7 -8 -9 -10
leaf_value=-0.00071730261771967788 -3.4342589382235857e-05 0.0001667554470211084 0.00014121798501136686 -5.3713299184543173e-05 6.0352863411497417e-05 -0.00039012988095899376 -0.0025709916921379571 0.00097225615002444091 3.6993690735580635e-07
leaf_weight=128 24 22 53 55 37 69 25 20 20
leaf_count=128 24 22 53 55 37 69 25 20 20
internal_value=9.14499e-05 0.00117521 -2.82002e-05 0.000179763 0.000371094 0.000146007 0.000621827 -0.000250557 -0.000390428
internal_weight=453 46 407 259 204 167 78 89 148
internal_count=453 46 407 259 204 167 78 89 148
cat_boundaries=0 1
cat_threshold=143134338
is_linear=0
shrinkage=0.01


Tree=962
num_leaves=10
num_cat=0
split_feature=38 14 51 14 33 86 30 54 20
split_gain=0.504167 0.536562 0.221376 0.394863 0.259582 0.233713 0.384116 0.171661 0.126837
threshold=0.35000000900000006 0.66514396450000013 6.249999959000001 0.73786978600000019 4.3071428705000008 73.069060915000009 5.7071428300000013 1.6650004385000001 1.9142857025000002
decision_type=2 2 2 2 2 2 2 2 2
left_child=1 -1 4 -4 5 6 -2 -7 -9
right_child=2 -3 3 -5 -6 7 -8 8 -10
leaf_value=3.6231859163469033e-05 0.00078316192108467066 2.6703957994580098e-06 2.0911729298976912e-05 -5.8532969068639598e-05 2.9392589081604168e-05 1.0020390163069164e-05 -0.0016772761914101402 -0.00020781496397043162 4.9413750827632646e-06
leaf_weight=20 26 38 31 20 28 30 23 248 21
leaf_count=20 26 38 31 20 28 30 23 248 21
internal_value=0.000134829 0.0010034 1.05188e-05 0.000627413 -6.90022e-05 -0.000149083 0.000471887 -0.000258506 -0.000342847
internal_weight=485 58 427 51 376 348 49 299 269
internal_count=485 58 427 51 376 348 49 299 269
is_linear=0
shrinkage=0.01


Tree=963
num_leaves=10
num_cat=1
split_feature=77 5 89 24 10 15 12 57 7
split_gain=0.825478 0.723858 0.275743 0.600514 0.289453 0.241268 0.454003 0.246959 0.0413292
threshold=14.003571650000003 0.43800200000000006 0 2.3142857000000006 0.63950042850000011 0.69558964300000015 0.67064585700000012 3.0900001525000005 0.41203264750000007
decision_type=2 2 1 2 2 2 2 2 2
left_child=2 -2 3 4 -1 8 -7 -8 -4
right_child=1 -3 5 -5 -6 6 7 -9 -10
leaf_value=-0.0020184505002760309 -0.00013272404546842064 4.7719671888279085e-05 0.00042433350082267895 0.00019858606661501285 2.7927224456938613e-05 0.00025876645943505257 -0.00035776554169941966 2.4878837707266715e-05 -0.00093084761855240423
leaf_weight=50 26 20 20 25 29 26 71 23 149
leaf_count=50 26 20 20 25 29 26 71 23 149
internal_value=0.000133015 0.00138889 -1.14272e-05 0.000400697 0 -0.000175117 0.000149007 -0.000158228 -0.000426973
internal_weight=439 46 393 104 79 289 120 94 169
internal_count=439 46 393 104 79 289 120 94 169
cat_boundaries=0 1
cat_threshold=674496641
is_linear=0
shrinkage=0.01


Tree=964
num_leaves=11
num_cat=1
split_feature=25 9 89 5 87 79 21 37 5 15
split_gain=0.852743 1.08021 0.507015 0.849617 0.634983 0.316939 0.360694 0.152112 0.0996547 0.0969204
threshold=3.8714285750000004 0.64800032500000004 0 0.40333207150000006 22.226472410000003 8.4378571510000011 1.8285714390000003 9.8000001160000014 0.33769742900000005 0.73930421400000013
decision_type=2 2 1 2 10 2 2 2 2 2
left_child=1 -1 3 8 -5 6 9 -7 -2 -4
right_child=2 -3 5 4 -6 7 -8 -9 -10 -11
leaf_value=3.9197096722102296e-05 0.00012092430812853911 -6.8049790706367911e-07 -4.4875145050537919e-05 7.0230396990514077e-06 2.7901268163294477e-05 -0.0013670699160786813 0.00024399611252556735 6.0584211510533847e-07 -0.00064317307216717515 8.2075206558426819e-05
leaf_weight=32 20 29 38 22 23 212 27 21 40 20
leaf_count=32 20 29 38 22 23 212 27 21 40 20
internal_value=0.000156766 0.00125405 0 0.00056563 0.00164847 -0.000203771 0.000297203 -0.000404192 -0.000131579 -0.000119048
internal_weight=484 61 423 105 45 318 85 233 60 58
internal_count=484 61 423 105 45 318 85 233 60 58
cat_boundaries=0 1
cat_threshold=673188225
is_linear=0
shrinkage=0.01


Tree=965
num_leaves=13
num_cat=1
split_feature=89 25 6 10 21 41 48 83 6 9 14 20
split_gain=1.12339 1.45742 0.677071 0.708008 1.5116 0.391801 0.247969 0.182016 0.343163 0.404945 0.152274 0.032135
threshold=0 3.8714285750000004 0.44516278600000003 0.66843757100000012 1.7928571275000003 3.2500000000000004 3.2499999705000007 21.420000010000006 0.44363492850000003 0.5934074250000001 0.75020021450000007 1.7999999605000003
decision_type=1 2 2 2 2 2 2 2 2 2 2 2
left_child=7 -2 6 4 -4 -5 -3 8 9 -1 -9 -8
right_child=1 2 3 5 -6 -7 11 10 -10 -11 -12 -13
leaf_value=-8.208704250416905e-05 8.7884713903341527e-05 0.00027120601379353182 4.1254186661772317e-05 0.00024109659200720592 -0.00045181896581485186 -4.3588555434689646e-05 -0.00015458227963448926 -0.0015078118289231315 -0.0011075802127657667 0.00035410005549360135 0.00022708539714710375 -0.00071019566981617307
leaf_weight=24 28 20 26 21 28 34 61 153 41 20 20 20
leaf_count=24 28 20 26 21 28 34 61 153 41 20 20 20
internal_value=0.000281803 0.000759646 0.000488615 0.0010337 0.00184307 0.000188172 -8.34972e-05 -0.000174851 0.000180653 0.000803571 -0.000371116 -0.000348411
internal_weight=496 238 210 109 54 55 101 258 85 44 173 81
internal_count=496 238 210 109 54 55 101 258 85 44 173 81
cat_boundaries=0 1
cat_threshold=306779670
is_linear=0
shrinkage=0.01


Tree=966
num_leaves=12
num_cat=1
split_feature=89 14 48 87 87 25 3 48 10 51 28
split_gain=0.476003 0.659255 0.724616 1.00837 0.374531 0.515007 0.340309 0.221534 0.281482 0.0868355 0.0426612
threshold=0 0.72468964300000016 8.8999997155000035 27.593137105000004 29.631868905000001 4.1857143300000006 0.32702285700000006 16.399999620000003 0.64288961900000008 5.7000000775000013 2.0428571615000002
decision_type=1 2 2 8 10 2 2 2 2 2 2
left_child=1 2 3 -1 5 7 -6 9 -9 10 -2
right_child=4 -3 -4 -5 6 -7 -8 8 -10 -11 -12
leaf_value=8.5230097805342244e-05 7.3040161572007078e-06 -3.0084208268212015e-05 -0.0001436719971883531 0.00012431234779003468 -0.00014332218191419506 0.00051835754547698714 2.403519398703201e-05 1.7520802424041199e-05 -9.0382362207951203e-05 -2.2100520065690272e-05 -0.00098267994344848489
leaf_weight=20 20 27 24 30 20 28 20 33 26 31 180
leaf_count=20 20 27 24 30 20 28 20 33 26 31 180
internal_value=0.000214223 0.000782647 0.00135027 0.00202756 2.44034e-05 -8.46927e-05 0.000931372 -0.000216644 0.000309364 -0.000360224 -0.000438247
internal_weight=459 101 74 50 358 318 40 290 59 231 200
internal_count=459 101 74 50 358 318 40 290 59 231 200
cat_boundaries=0 1
cat_threshold=540279112
is_linear=0
shrinkage=0.01


Tree=967
num_leaves=12
num_cat=0
split_feature=5 9 25 25 20 25 17 5 49 46 2
split_gain=0.539856 0.728434 0.57318 0.696889 0.282072 0.280782 0.350138 0.200537 0.129997 0.0418983 0.0285266
threshold=0.43466569050000009 0.66839395850000016 4.0499999865000005 3.9714285135000007 1.8285714135000002 4.1499999930000007 49.355000000000011 0.3071638570000001 2.3500000130000003 9.899999719000002 0.35815552400000006
decision_type=2 2 2 2 2 2 2 2 2 2 2
left_child=5 2 3 -2 10 7 -7 -1 9 -9 -3
right_child=1 4 -4 -5 -6 6 -8 8 -10 -11 -12
leaf_value=9.7851609458551452e-05 7.9625351594581328e-05 -5.8436328334958953e-05 3.8420597953591685e-05 -0.0015430766274200903 4.656961632434761e-05 0.00016335408180556969 -0.0011308550586620781 -9.1911600995955159e-05 4.0752184789199845e-07 -0.00033819206822262131 -6.0306690148968222e-05
leaf_weight=26 24 47 29 27 38 24 30 20 21 161 20
leaf_count=26 24 47 29 27 38 24 30 20 21 161 20
internal_value=0.000202009 0.000621636 0.00133663 0.000627413 5.19848e-05 -6.71854e-05 0.000565693 -0.000227273 -0.000340237 -0.000431793 -0.000317109
internal_weight=467 185 80 51 105 282 54 228 202 181 67
internal_count=467 185 80 51 105 282 54 228 202 181 67
is_linear=0
shrinkage=0.01


Tree=968
num_leaves=13
num_cat=0
split_feature=48 15 3 5 12 17 31 79 3 27 82 1
split_gain=0.62244 0.832757 0.615614 0.758433 0.768822 0.686691 0.715864 0.412425 0.302617 0.137093 0.0381349 0.0261223
threshold=9.8499999050000024 0.72790397600000012 0.3874656425000001 0.42315952350000002 0.5947392855000001 59.560000000000009 4.0214285850000007 8.4707142625000014 0.35973842850000004 3.5500000290000004 19.457142560000005 0.22289542850000002
decision_type=2 2 2 2 2 2 2 2 2 2 2 2
left_child=1 2 3 4 -1 -5 -7 -6 9 -2 -11 -3
right_child=8 11 -4 5 7 6 -8 -9 -10 10 -12 -13
leaf_value=0.0014255593851271395 2.7070427095397208e-06 -0.003273187330896469 -0.002666516710854972 6.806009390905601e-05 0.00019372646566689911 4.3318233486008171e-05 0.000572805028169847 -0.00025840195771822331 7.1535954018643976e-05 -0.00051805705570486015 -0.0042975400231035172 -9.7174677518282242e-05
leaf_weight=25 36 20 24 25 20 21 23 57 38 103 20 40
leaf_count=25 36 20 24 25 20 21 23 57 38 103 20 40
internal_value=0.000379859 0.000705629 0.001024 0.0012369 0.000651751 0.00205587 0.0028125 0.000122108 -3.28616e-05 -0.000234668 -0.000399839 -0.000296053
internal_weight=452 255 195 171 102 69 44 77 197 159 123 60
internal_count=452 255 195 171 102 69 44 77 197 159 123 60
is_linear=0
shrinkage=0.01


Tree=969
num_leaves=10
num_cat=1
split_feature=89 5 12 25 50 9 47 80 33
split_gain=0.816158 1.3396 0.326849 0.278225 0.255781 0.196002 0.0919107 0.0893678 0.179354
threshold=0 0.42809138050000006 0.59872507150000021 3.8285714390000005 11.000000150000002 0.65180617500000004 53.700000285000009 13.022857190000002 3.8142856700000007
decision_type=1 2 2 2 2 2 2 2 2
left_child=1 2 -1 5 6 -2 7 -5 -9
right_child=3 -3 -4 4 -6 -7 -8 8 -10
leaf_value=2.3609657551600145e-05 4.8301855130186683e-05 0.0001934233487345304 -0.0018349674037349115 -0.00019489596371312362 0.00024210511393885423 -1.0907072258815008e-05 3.4478439474173464e-06 0.0001046905163540508 -0.0062087333852927284
leaf_weight=25 20 35 40 184 35 21 25 25 43
leaf_count=25 20 35 40 184 35 21 25 25 43
internal_value=0.000135522 0.000884476 8.35865e-05 -9.48324e-05 -0.000204604 0.000657895 -0.000311375 -0.000371836 -2.90699e-05
internal_weight=453 100 65 353 312 41 277 252 68
internal_count=453 100 65 353 312 41 277 252 68
cat_boundaries=0 1
cat_threshold=673185801
is_linear=0
shrinkage=0.01


Tree=970
num_leaves=10
num_cat=0
split_feature=25 48 16 15 16 15 41 16 75
split_gain=0.882753 0.478201 0.349481 0.734183 0.333832 0.434018 1.39961 0.20128 0.129057
threshold=3.8285714390000005 0.90000000950000014 0.58913064300000018 0.62904761900000017 0.65667821400000015 0.72790397600000012 3.5000000300000003 0.75160978600000006 6.567857129000001
decision_type=2 2 2 2 2 2 2 2 2
left_child=1 -1 8 -4 -5 6 -6 -7 -2
right_child=2 -3 3 4 5 7 -8 -9 -10
leaf_value=-6.0016405197362618e-07 -0.0053023458474756929 6.9019900541142468e-05 0.0011843189356958229 -0.0018795745278442793 0.00025668550779482028 -7.2929765475986206e-05 9.0461226143689224e-06 0.0013991670134819989 0.00012551608678909934
leaf_weight=22 90 30 28 60 26 79 88 23 21
leaf_count=22 90 30 28 60 26 79 88 23 21
internal_value=0.000330269 0.00155303 0.000169553 0.000347769 0.000180636 0.000369004 0.000792683 -8.75488e-05 -0.000299642
internal_weight=467 52 415 304 276 216 114 102 111
internal_count=467 52 415 304 276 216 114 102 111
is_linear=0
shrinkage=0.01


Tree=971
num_leaves=10
num_cat=0
split_feature=44 40 12 82 48 12 12 61 1
split_gain=0.564339 0.634965 0.623389 0.468591 0.324922 0.176971 0.377231 0.194418 0.0411741
threshold=6.149999976000001 15.949999745000001 0.65123371400000007 19.571428300000004 6.8000000080000005 0.68095057100000012 0.66957464300000014 31.109999655000003 0.19162064300000003
decision_type=2 2 2 2 2 2 2 2 2
left_child=1 3 -2 5 -4 6 7 -1 -7
right_child=2 -3 4 -5 -6 8 -8 -9 -10
leaf_value=-0.00060195829807973915 3.0922783567307562e-05 3.7114573067021731e-05 0.00012209835881329449 0.0004898671206061189 -0.00084497342115297442 -0.0011169207501593597 4.1045396411822202e-05 2.6697447725225959e-05 -0.00010919946958470585
leaf_weight=83 24 22 31 20 28 20 21 64 146
leaf_count=83 24 22 31 20 28 20 21 64 146
internal_value=0.000170726 0 0.000912888 -9.86472e-05 0.000309364 -0.000194146 2.36966e-05 -0.000145467 -0.00042566
internal_weight=459 376 83 354 59 334 168 147 166
internal_count=459 376 83 354 59 334 168 147 166
is_linear=0
shrinkage=0.01


Tree=972
num_leaves=11
num_cat=1
split_feature=89 46 75 4 8 42 1 48 39 1
split_gain=0.727669 0.739104 0.514901 0.383557 0.973637 0.240929 0.360103 0.132992 0.0425128 0.0158575
threshold=0 10.999999955000002 5.0207142455000007 0.37534757150000003 0.64519450000000012 0.25000000750000007 0.3195544285000001 13.800000050000003 17.150000155000004 0.28351002850000001
decision_type=1 2 2 2 2 2 2 2 2 2
left_child=5 2 -2 7 -5 8 -7 -3 -1 -6
right_child=1 3 -4 4 9 6 -8 -9 -10 -11
leaf_value=-0.0013894600545538984 2.6141862221444323e-06 -0.00023189920043509282 7.6387121937046803e-05 9.0650400542930076e-05 -2.3531647962804474e-05 3.5754036294729094e-05 -0.00090923025423884517 3.0262201017518229e-05 2.927135840173345e-05 -0.00020416902846974401
leaf_weight=176 24 68 35 29 20 20 24 37 20 21
leaf_count=176 24 68 35 29 20 20 24 37 20 21
internal_value=0.000107414 0.000494281 0.00147993 0.000173492 0.000748587 -0.000271132 0.000357143 -0.000193762 -0.000436992 -0.000203349
internal_weight=474 234 59 175 70 240 44 105 196 41
internal_count=474 234 59 175 70 240 44 105 196 41
cat_boundaries=0 1
cat_threshold=43586582
is_linear=0
shrinkage=0.01


Tree=973
num_leaves=11
num_cat=1
split_feature=40 40 89 4 29 17 86 87 86 1
split_gain=1.06353 1.24724 0.775344 0.819787 0.89868 0.658471 1.13657 0.142348 0.111298 0.111033
threshold=7.5000000595000005 7.9999998955000011 0 0.38621613100000002 2.7214285730000003 55.565000000000005 98.471114805000013 27.772760855000005 60.892142180000008 0.23754759500000003
decision_type=2 2 1 2 2 2 2 10 2 2
left_child=8 -2 7 5 -5 6 -4 -3 -1 -7
right_child=1 2 3 4 -6 9 -8 -9 -10 -11
leaf_value=-0.000226055358535801 0.00072784974985060839 -0.0011211499796463847 -0.0011884745633596091 3.972844270632611e-05 2.9381196824227393e-05 4.4929227686384825e-05 2.256334045590654e-05 9.9517129170460067e-06 -0.0019334606770854176 -4.6850447023582037e-05
leaf_weight=26 22 73 31 21 30 20 32 36 123 50
leaf_count=26 22 73 31 21 30 20 32 36 123 50
internal_value=0.000335628 0.000666561 0.00048162 0.000852156 0.00197876 0.000459641 0.00119906 -0.000187813 -0.000350467 -0.000183616
internal_weight=464 315 293 184 51 133 63 109 149 70
internal_count=464 315 293 184 51 133 63 109 149 70
cat_boundaries=0 1
cat_threshold=70674
is_linear=0
shrinkage=0.01


Tree=974
num_leaves=10
num_cat=0
split_feature=77 87 88 86 40 24 48 51 58
split_gain=1.02522 0.577615 0.343236 0.378996 0.664316 0.33908 0.222592 0.13212 0.132629
threshold=14.003571650000003 26.168896200000002 26.579158200000006 73.069060915000009 3.0999999795000006 2.2571428715000006 21.649999845000004 6.7999998220000011 0.42999982800000008
decision_type=2 10 10 2 2 2 2 2 2
left_child=2 -2 3 4 -1 -4 7 8 -5
right_child=1 -3 5 6 -6 -7 -8 -9 -10
leaf_value=-0.0067648491926596476 1.0160136106644909e-05 5.6269504864175733e-05 3.6051340433062956e-05 -1.0457189201103523e-05 0.00076995071523272985 -0.00019382679494032263 5.6199834566006638e-06 1.8612185073508484e-05 -0.00048846647643597282
leaf_weight=23 27 23 34 62 29 24 20 31 207
leaf_count=23 27 23 34 62 29 24 20 31 207
internal_value=0.000287022 0.00163386 0.000123027 5.36469e-06 0.000795454 0.000833333 -0.000118454 -0.000192819 -0.000268718
internal_weight=480 50 430 372 52 58 320 300 269
internal_count=480 50 430 372 52 58 320 300 269
is_linear=0
shrinkage=0.01


Tree=975
num_leaves=14
num_cat=0
split_feature=16 12 16 61 15 61 3 16 12 11 32 5 0
split_gain=0.683112 0.650095 0.653428 0.592577 0.598194 0.445848 0.352701 0.276796 0.233652 0.465088 0.502198 0.179847 0.0249217
threshold=0.5446488570000001 0.69231314250000009 0.7158905000000001 30.875000000000004 0.62680950000000013 33.480000495000006 0.24506250000000004 0.69885521400000006 0.71027235700000013 0.71501664300000012 5.5571428370000007 0.44883900000000004 0.11349313200000001
decision_type=2 2 2 2 2 2 2 2 2 2 2 2 2
left_child=-1 2 3 6 -5 -6 -2 -8 -3 10 11 -10 -11
right_child=1 8 -4 4 5 -7 7 -9 9 12 -12 -13 -14
leaf_value=-0.0073659014924161792 3.0147847203860144e-05 -0.00050666010118065384 1.370082434400803e-05 0.00038733986831620382 5.4000925586257688e-05 -0.0037674510183271681 -0.00061292939583398507 2.0990331833338067e-05 0.00011032777436302738 -0.0011080995369883635 6.8974272968021932e-05 -0.0010531578533710527 -8.0062972863912903e-05
leaf_weight=69 20 48 21 38 44 23 60 20 20 20 27 22 37
leaf_count=69 20 48 21 38 44 23 60 20 20 20 27 22 37
internal_value=0.000433163 0.000593812 0.000947972 0.000755588 0.00128072 0.000656342 0.000178571 -9.901e-05 0.000120137 0.000354889 0.000909742 0.000163551 -0.000285467
internal_weight=469 400 226 205 105 67 100 80 174 126 69 42 57
internal_count=469 400 226 205 105 67 100 80 174 126 69 42 57
is_linear=0
shrinkage=0.01


Tree=976
num_leaves=12
num_cat=0
split_feature=15 29 40 40 4 9 64 40 88 2 0
split_gain=1.00392 1.18365 0.416552 0.558204 0.516353 0.997799 0.410462 0.388144 0.220433 0.0367571 0.0360075
threshold=0.72790397600000012 2.9071428520000002 8.349999964500002 9.8000000005000008 0.33042542850000006 0.64800032500000004 67.479998590000022 3.5000000075000006 23.642177115000006 0.26343092900000004 0.070212250000000018
decision_type=2 2 2 2 2 2 2 2 10 2 2
left_child=1 2 -1 -4 -5 -6 8 -8 10 -2 -3
right_child=9 6 3 4 5 -7 7 -9 -10 -11 -12
leaf_value=4.5077888986984757e-05 -8.3455942232772972e-05 -0.00087802021365006517 -0.00048711480353833784 -0.00065435039057720106 5.4413697783506305e-05 2.5770303753081294e-05 -0.00074176139116125949 8.3831510873071756e-05 1.572449786351983e-05 -0.00011187064961040987 -0.0017216251991015031
leaf_weight=39 20 20 32 22 51 35 22 25 38 90 84
leaf_count=39 20 20 32 22 51 35 22 25 38 90 84
internal_value=0.000436508 0.00068872 0.00127086 0.000980114 0.00132353 0.00167051 0.000123814 0.000930962 -0.000133053 -0.000388087 -0.00038168
internal_weight=478 368 179 140 108 86 189 47 142 110 104
internal_count=478 368 179 140 108 86 189 47 142 110 104
is_linear=0
shrinkage=0.01


Tree=977
num_leaves=10
num_cat=0
split_feature=20 71 15 59 10 37 86 88 39
split_gain=0.731521 0.548473 0.587447 0.454037 0.579703 0.923152 0.343917 0.213217 0.126323
threshold=1.9428571545000002 7.1900000105000013 0.7266769525000002 34.825000765000006 0.65712585700000015 4.6500000470000007 66.85331105500002 21.841133310000004 15.400000125000002
decision_type=2 2 2 2 2 2 2 10 2
left_child=1 2 3 -1 5 -5 -3 -4 -9
right_child=-2 6 7 4 -6 -7 -8 8 -10
leaf_value=-0.0010964979901265928 9.3405534130327117e-05 0.00021232550940203496 8.7495728241123453e-05 2.9647840350645206e-05 6.0189122992518943e-05 2.2048248473246115e-06 -0.0033364541189809947 -0.00011494925198345229 0.00022104041737349645
leaf_weight=33 39 32 20 26 30 98 112 70 20
leaf_count=33 39 32 20 26 30 98 112 70 20
internal_value=0.000411814 0.000288592 0.000535594 0.000875932 0.00110465 0.000769231 -0.000207182 -2.70759e-05 -0.000253304
internal_weight=480 441 297 187 154 124 144 110 90
internal_count=480 441 297 187 154 124 144 110 90
is_linear=0
shrinkage=0.01


Tree=978
num_leaves=12
num_cat=0
split_feature=10 6 2 32 21 87 36 9 10 10 3
split_gain=0.722678 1.33387 1.53916 0.478196 0.692328 0.403467 0.446244 0.336485 0.129761 0.179847 0.0358742
threshold=0.67694209550000006 0.48931390450000006 0.31579850000000004 5.535714285500001 1.6571428865000002 32.20331757000001 1.3499999640000002 0.51895184300000008 0.7122327140000001 0.72417050000000016 0.32203678600000002
decision_type=2 2 2 2 2 8 2 2 2 2 2
left_child=1 3 -3 4 -1 6 -6 -5 -2 -10 -9
right_child=8 2 -4 7 5 -7 -8 10 9 -11 -12
leaf_value=-0.0012470547071113409 -6.0840054689158198e-05 0.00017588470108041531 -7.0107128889250399e-05 0.0011803778856599024 0.00022189837328268958 -0.0017949164509970872 2.0660385903283045e-05 -0.0019641976019324119 0.00036105030609854058 -0.0010687263795828039 -0.0002247609096249964
leaf_weight=35 93 28 20 28 49 22 30 83 20 22 20
leaf_count=35 93 28 20 28 49 22 30 83 20 22 20
internal_value=0.000339397 0.00060323 0.00213115 0.000315534 0.000730994 0.00115422 0.00148496 -0.000102428 -0.000261414 0.000163551 -0.00038054
internal_weight=450 315 48 267 136 101 79 131 135 42 103
internal_count=450 315 48 267 136 101 79 131 135 42 103
is_linear=0
shrinkage=0.01


Tree=979
num_leaves=11
num_cat=0
split_feature=35 44 45 45 88 44 59 67 64 51
split_gain=0.909074 0.831308 0.832635 0.297684 0.236742 0.201228 0.115981 0.111321 0.0768263 0.0391729
threshold=0.45000000650000005 8.499999821500003 16.199999765000005 23.999999830000004 18.470270075000006 3.9000000060000004 37.034999370000001 42.354998590000008 67.994998455000015 7.4000000545000004
decision_type=2 2 2 2 8 2 2 2 2 2
left_child=3 2 5 4 -1 -2 -7 -6 9 -9
right_child=1 -3 -4 -5 7 6 -8 8 -10 -11
leaf_value=7.5113424607684215e-05 0.00099901688855406163 7.9139082108591752e-05 9.0304886313809503e-05 0.00013613920935789251 2.9325165529412064e-05 -0.00025994526068721322 8.2639887177541757e-06 -0.00010297098025341666 3.7144092612400945e-05 -0.00010510423685504414
leaf_weight=21 28 25 37 26 20 49 36 155 33 21
leaf_count=21 28 25 37 26 20 49 36 155 33 21
internal_value=0.000293271 0.000856086 0.000550398 -5.78036e-05 -0.000171451 0.000101054 -0.000122378 -0.000271976 -0.000345567 -0.000429864
internal_weight=451 175 150 276 250 113 85 229 209 176
internal_count=451 175 150 276 250 113 85 229 209 176
is_linear=0
shrinkage=0.01


Tree=980
num_leaves=12
num_cat=1
split_feature=20 33 48 89 0 87 24 48 28 43 11
split_gain=0.749745 0.558913 0.528474 0.440761 0.615556 0.369796 0.210621 0.324922 0.178095 0.108454 0.0422381
threshold=1.9571428385000003 4.3071428705000008 0.90000000950000014 0 0.14764960450000003 27.748442220000005 2.3142857210000005 2.0000000410000003 2.2714285595000008 1.1500000245000004 0.49903595750000007
decision_type=2 2 2 1 2 8 2 2 2 2 2
left_child=1 3 -2 4 5 8 9 -8 -1 10 -5
right_child=2 -3 -4 6 -6 -7 7 -9 -10 -11 -12
leaf_value=2.6290030339952546e-05 -5.513241340011294e-06 2.5975733188373181e-05 0.00017181869925700886 -0.00041683346860458604 0.00051674852473501361 0.00029783601240485123 -0.0033376747504372528 0.00033880974117483893 -0.0012261863522802455 -0.00017774788505155639 -0.00025734594048017141
leaf_weight=28 22 29 21 20 29 20 28 31 58 25 169
leaf_count=28 22 29 21 20 29 20 28 31 58 25 169
internal_value=0.000266223 0.000135907 0.00151826 3.42465e-05 0.000483539 0.000140449 -0.000192037 0.000309364 -0.000126728 -0.000349162 -0.000434668
internal_weight=480 437 43 408 135 106 273 59 86 214 189
internal_count=480 437 43 408 135 106 273 59 86 214 189
cat_boundaries=0 1
cat_threshold=2130193
is_linear=0
shrinkage=0.01


Tree=981
num_leaves=9
num_cat=0
split_feature=77 10 29 39 2 40 11 5
split_gain=0.645452 0.352171 0.301488 0.32264 0.325498 0.222053 0.268219 0.0348657
threshold=14.003571650000003 0.63230978550000005 3.0357142855000006 17.150000155000004 0.22236121450000004 7.8000000715000004 0.57733583300000013 0.42347158550000003
decision_type=2 2 2 2 2 2 2 2
left_child=2 -2 3 4 -1 -6 -7 -4
right_child=1 -3 7 -5 5 6 -8 -9
leaf_value=0.00010444108175565415 5.5625812131850719e-05 1.4665263224749847e-05 -0.0052377374010639435 0.00022512993655193672 -0.00027983813288800754 1.3081873088983485e-05 3.3010097044083951e-06 3.4353179591384842e-05
leaf_weight=20 31 24 76 34 64 21 173 20
leaf_count=20 31 24 76 34 64 21 173 20
internal_value=0.000251186 0.00126344 0.000107632 0.000262148 0.000139885 3.47758e-05 0.000210472 -0.000371901
internal_weight=463 55 408 312 278 258 194 96
internal_count=463 55 408 312 278 258 194 96
is_linear=0
shrinkage=0.01


Tree=982
num_leaves=11
num_cat=1
split_feature=25 61 89 17 53 51 31 27 47 0
split_gain=0.942588 0.767342 0.384134 0.447239 0.367757 0.243718 0.344653 0.0360713 0.0407943 0.0158575
threshold=3.8714285750000004 33.080001355000007 0 84.260000000000019 0.2950000765000001 4.9999999145000009 4.157142963000001 4.5571428280000008 57.150000100000007 0.12219471650000001
decision_type=2 2 1 2 2 2 2 2 2 2
left_child=1 -1 3 4 -2 7 9 8 -4 -7
right_child=2 -3 5 -5 -6 6 -8 -9 -10 -11
leaf_value=-0.00042427962721954497 5.6599340535235384e-05 4.5315869271685851e-05 -0.00065636080748296833 -0.00036545878190711965 0.00041980094471336842 -0.00090054827475715251 0.00028604837467939017 -0.0036104229236239307 -4.0556030320597723e-06 -3.1449372556502811e-06
leaf_weight=25 38 36 198 33 29 21 20 20 21 20
leaf_count=25 38 36 198 33 29 21 20 20 21 20
internal_value=0.000102858 0.00125405 -6.98604e-05 0.000433213 0.000951327 -0.000250965 0.000283171 -0.000406589 -0.000443585 -0.000203349
internal_weight=461 61 400 100 67 300 61 239 219 41
internal_count=461 61 400 100 67 300 61 239 219 41
cat_boundaries=0 1
cat_threshold=540051528
is_linear=0
shrinkage=0.01


Tree=983
num_leaves=12
num_cat=0
split_feature=16 12 5 37 11 13 7 5 12 67 1
split_gain=0.569708 0.738104 0.59462 0.474245 1.25115 0.652016 0.599633 0.523284 0.461737 0.166318 0.0356
threshold=0.54120626150000006 0.69231314250000009 0.46218607150000007 7.7000001225000005 0.63953471400000006 0.65935020000000011 0.49858007150000005 0.38502264300000005 0.74559385700000014 51.354999545000005 0.20697730950000001
decision_type=2 2 2 2 2 2 2 2 2 2 2
left_child=-1 2 3 6 5 -5 7 -2 9 10 -3
right_child=1 8 -4 4 -6 -7 -8 -9 -10 -11 -12
leaf_value=-0.0073379600466052875 2.0625472637335949e-05 -3.4515741589105693e-05 0.00014901935985842568 9.9404792275422784e-05 0.00023927338801552918 -0.00093389915993694257 -0.00039899746459721525 7.999935476405707e-05 0.00024927468465852997 4.7030229598203062e-05 -0.00011455945107663346
leaf_weight=55 46 20 26 26 22 30 50 20 36 29 81
leaf_count=55 46 20 26 26 22 30 50 20 36 29 81
internal_value=0.000469669 0.000607549 0.000987319 0.000775154 0.00138325 0.000528169 0.000342466 0.000973054 8.99279e-05 -0.000175841 -0.000378193
internal_weight=441 386 220 194 78 56 116 66 166 130 101
internal_count=441 386 220 194 78 56 116 66 166 130 101
is_linear=0
shrinkage=0.01


Tree=984
num_leaves=12
num_cat=0
split_feature=16 12 9 78 25 13 27 3 40 1 13
split_gain=0.502113 0.720365 1.34658 0.962563 0.85028 0.510251 0.421426 0.354158 0.310059 0.250657 0.144584
threshold=0.54120626150000006 0.69231314250000009 0.59253911050000008 13.629285810000001 3.8714285750000004 0.62081227500000014 4.2785714185000012 0.27177692900000006 8.1999998540000014 0.20456692850000002 0.76909365000000018
decision_type=2 2 2 2 2 2 2 2 2 2 2
left_child=-1 2 5 -4 -5 7 9 -2 -6 -3 -11
right_child=1 6 3 4 8 -7 -8 -9 -10 10 -12
leaf_value=-0.0060973943489865045 -0.0023503479009732669 0.00078500188160290473 0.00022205233349490233 5.2110598086991039e-05 0.00012947458118403219 -0.0014244107915193016 5.5551077920814424e-05 0.00064904480278082368 -0.00086776689203841239 -9.6568797231032168e-05 8.4500009651816151e-05
leaf_weight=62 25 21 24 24 20 64 20 34 35 116 20
leaf_count=62 25 21 24 24 20 64 20 34 35 116 20
internal_value=0.000355303 0.000486627 0.000859788 0.00170039 0.00110902 0.000133279 0 0.000811037 0.000367383 -0.000167934 -0.000336257
internal_weight=465 403 226 103 79 123 177 59 55 157 136
internal_count=465 403 226 103 79 123 177 59 55 157 136
is_linear=0
shrinkage=0.01


Tree=985
num_leaves=14
num_cat=1
split_feature=89 5 7 79 87 86 66 40 75 7 8 17 1
split_gain=0.540328 0.697975 1.62282 0.637212 1.19029 0.318774 0.980298 0.246491 0.437439 0.146579 0.123164 0.0954834 0.0166011
threshold=0 0.43517100000000003 0.55995945250000012 8.8185714310000023 21.841133310000004 101.22713215000002 79.730000500000003 9.8000000005000008 4.6692857605000002 0.43758454750000003 0.51703335700000019 69.715000000000018 0.25849907150000001
decision_type=1 2 2 2 10 2 2 2 2 2 2 2 2
left_child=7 5 -3 -4 -5 10 12 9 -9 -1 -2 -10 -7
right_child=1 2 3 4 -6 6 -8 8 11 -11 -12 -13 -14
leaf_value=0.00049335356762227891 6.1545125979722132e-05 0.0001950403376710161 -4.175470533870779e-05 -0.0016209415804233562 0.00014089488582392281 -0.00047212167429799823 0.00021563612716592469 6.3925703044791121e-05 -0.0012117968007166681 -0.0014514193927958547 -0.0011712203264653367 1.0972089277047737e-05 -0.00012485387192942172
leaf_weight=20 20 20 34 21 27 22 24 24 37 124 65 20 20
leaf_count=20 20 20 34 21 27 22 24 24 37 124 65 20 20
internal_value=0.000269423 0.000574299 0.00123541 0.000567633 0.00131148 0.000148221 0.000673653 -8.69382e-05 0.000336186 -0.000345304 -0.000238928 -0.000112457 -0.00021028
internal_weight=478 253 102 82 48 151 66 225 81 144 85 57 42
internal_count=478 253 102 82 48 151 66 225 81 144 85 57 42
cat_boundaries=0 1
cat_threshold=42013842
is_linear=0
shrinkage=0.01


Tree=986
num_leaves=14
num_cat=1
split_feature=89 34 6 49 15 6 7 68 8 13 56 5 0
split_gain=0.811597 0.868099 0.831999 0.588315 1.24509 1.62871 0.573036 0.342238 0.321478 0.541313 0.201056 0.0368743 0.0226349
threshold=0 4.7499999830000013 0.43842175000000005 0.40000000950000009 0.7266769525000002 0.46165240500000004 0.48500150000000003 50.63500023000001 0.57797350000000003 0.60916317500000006 1.3450002670000003 0.39996085750000004 0.11679660400000001
decision_type=1 2 2 2 2 2 2 2 2 2 2 2 2
left_child=11 3 -3 7 5 6 -5 -2 9 -9 -10 -1 -6
right_child=1 2 -4 4 12 -7 -8 8 10 -11 -12 -13 -14
leaf_value=-0.00040025312351529141 -0.0037522392829040718 9.8124879312474573e-06 4.5626103046311027e-05 0.00054109376366095043 -0.0010297377256850873 0.00047858036546748634 -0.0016509028589880238 -0.0074195818176976524 -0.0019606084732879509 0.00011561826774335651 6.5485079662769248e-05 -0.00013612542929432501 -6.7626794250466726e-05
leaf_weight=20 77 27 23 27 32 28 26 22 43 21 23 91 20
leaf_count=20 77 27 23 27 32 28 26 22 43 21 23 91 20
internal_value=0.000370216 0.000588467 0.00183071 0.000401814 0.000908072 0.00168093 0.000585502 2.67665e-05 0.000396175 0.00106164 -1.49702e-05 -0.000357143 -0.000265152
internal_weight=480 369 50 319 133 81 53 186 109 43 66 111 52
internal_count=480 369 50 319 133 81 53 186 109 43 66 111 52
cat_boundaries=0 1
cat_threshold=42014308
is_linear=0
shrinkage=0.01


Tree=987
num_leaves=11
num_cat=0
split_feature=16 80 87 14 14 77 87 71 62 2
split_gain=0.749686 1.35724 0.2725 0.569229 0.824493 0.727572 0.210965 0.418741 0.181621 0.0366378
threshold=0.5855260000000001 13.034999985000001 23.925738300000003 0.7224771860000001 0.70487507150000017 13.954285755000003 22.010740550000005 6.4428571460000006 1.2449998855000002 0.32669814300000005
decision_type=2 2 10 2 2 2 8 2 2 2
left_child=9 2 6 4 5 -4 7 -2 -5 -1
right_child=1 -3 3 8 -6 -7 -8 -9 -10 -11
leaf_value=-0.0049230747453883859 4.1578563490678923e-05 0.00036470350050126041 -1.6113053348009861e-05 -5.9637722003268951e-05 0.00016467175824315627 5.631688208327864e-05 -0.00044261561472289535 -0.0035327448531800453 0.00059706164325835237 -0.00048650422273575011
leaf_weight=89 26 32 63 49 24 22 59 27 26 20
leaf_count=89 26 32 63 49 24 22 59 27 26 20
internal_value=0.000318639 0.000559611 0.000336927 0.000573593 0.0010337 0.000530303 -3.54611e-05 0.000399628 -7.25595e-05 -0.000387068
internal_weight=437 328 296 184 109 85 112 53 75 109
internal_count=437 328 296 184 109 85 112 53 75 109
is_linear=0
shrinkage=0.01


Tree=988
num_leaves=11
num_cat=1
split_feature=89 7 0 1 79 48 6 7 0 0
split_gain=0.586057 0.649183 0.566074 0.551068 0.666051 0.957116 0.368047 0.596597 0.0939964 0.0360075
threshold=0 0.41203264750000007 0.14860166650000003 0.31582357150000001 9.1728571820000013 14.449999720000003 0.45832935750000003 0.55995945250000012 0.10776786850000002 0.27560828300000006
decision_type=1 2 2 2 2 2 2 2 2 2
left_child=9 -2 6 4 5 -4 -3 -8 -9 -1
right_child=1 2 3 -5 -6 -7 7 8 -10 -11
leaf_value=-0.0018581861131562081 0.00011081506105591421 -0.0029654654015052245 -1.7691705429451471e-06 -0.0011042389612889974 0.00014090308330492299 2.2561089982021379e-05 6.5434892885134275e-05 0.00014177738122567494 -8.6832475113524408e-05 -0.001708074363971688
leaf_weight=84 21 90 83 29 30 28 26 20 36 20
leaf_count=84 21 90 83 29 30 28 26 20 36 20
internal_value=0.000287516 0.000472178 0.000370478 0.000778688 0.0010402 0.000648479 -2.31483e-05 0.00044686 -0.000105634 -0.000348432
internal_weight=467 363 342 170 141 111 172 82 56 104
internal_count=467 363 342 170 141 111 172 82 56 104
cat_boundaries=0 1
cat_threshold=8389762
is_linear=0
shrinkage=0.01


Tree=989
num_leaves=10
num_cat=1
split_feature=77 3 6 89 15 37 4 3 6
split_gain=1.10093 0.98888 0.72483 0.552724 0.550667 0.818616 0.474846 0.0584842 0.0382291
threshold=13.954285755000003 0.36282485750000004 0.54869635750000012 0 0.61188938100000012 4.900000039500001 0.33777235700000008 0.32250342850000008 0.37806078550000005
decision_type=2 2 2 1 2 2 2 2 2
left_child=2 7 3 8 -5 -6 -7 -2 -1
right_child=1 -3 -4 4 5 6 -8 -9 -10
leaf_value=-0.0021773027912793032 5.7502495934727576e-05 -6.8767628313549927e-06 0.00016441017924397904 -0.0065135138443002775 0.0014514591240684263 0.00018164183052862709 -4.1099531076785326e-05 9.6585981854390405e-05 -0.00022365143769748855
leaf_weight=20 20 21 36 50 22 69 89 20 104
leaf_count=20 20 21 36 50 22 69 89 20 104
internal_value=0.000492474 0.00173948 0.00028915 0.000143743 0.000427741 0.000707964 0.000434509 0.00264706 -0.00037092
internal_weight=451 61 390 354 230 180 158 40 124
internal_count=451 61 390 354 230 180 158 40 124
cat_boundaries=0 1
cat_threshold=145228810
is_linear=0
shrinkage=0.01


Tree=990
num_leaves=13
num_cat=0
split_feature=26 6 4 15 15 5 6 9 9 9 4 0
split_gain=0.766639 0.551515 0.985447 0.708909 0.488038 0.553019 0.173036 0.186202 0.460336 0.528134 0.137843 0.015083
threshold=4.1071428060000015 0.51979032150000004 0.43778730950000005 0.72018407150000008 0.61188938100000012 0.39293064300000008 0.3393112860000001 0.58228697500000004 0.61630790850000017 0.60086657500000007 0.37817383350000006 0.30547593750000007
decision_type=2 2 2 2 2 2 2 2 2 2 2 2
left_child=1 6 3 -3 -2 -6 -1 -8 9 -9 -10 -4
right_child=4 2 11 -5 5 -7 7 8 10 -11 -12 -13
leaf_value=7.9649124396284664e-05 -0.001569150183567322 9.9920948063705482e-05 -0.00050091639076728757 1.0774439381952614e-06 8.7997476417821243e-07 0.00011943613058464484 -0.0018656647913279092 -0.00062387002651065912 -0.00027101558462687208 0.00032732186070467609 5.4469124349829524e-06 -0.0028761199654888194
leaf_weight=20 21 24 20 20 21 35 85 41 93 30 40 20
leaf_count=20 21 24 20 20 21 35 85 41 93 30 40 20
internal_value=0.00036746 0.000181564 0.000896226 0.00191964 0.00127892 0.00176056 -8.06984e-06 -7.76399e-05 7.81249e-05 0.000731198 -0.000257848 -0.000196079
internal_weight=470 393 84 44 77 56 309 289 204 71 133 40
internal_count=470 393 84 44 77 56 309 289 204 71 133 40
is_linear=0
shrinkage=0.01


Tree=991
num_leaves=14
num_cat=0
split_feature=26 15 15 9 3 86 19 7 17 29 61 17 8
split_gain=0.702176 0.530735 1.51132 1.25963 1.40836 0.424292 0.527501 0.357807 0.219083 0.55943 0.161084 0.339385 0.0351682
threshold=4.1071428060000015 0.7266769525000002 0.69030239300000018 0.59532512500000012 0.32319575700000008 88.241246780000012 2.3285714135000002 0.49478784300000006 16.245000000000001 2.9928571325000006 30.875000000000004 65.865000000000009 0.59803300000000015
decision_type=2 2 2 2 2 2 2 2 2 2 2 2 2
left_child=1 2 8 -4 -5 -2 -7 -8 9 -1 -10 -12 -3
right_child=5 12 3 4 -6 6 7 -9 10 -11 11 -13 -14
leaf_value=5.8527551990182631e-05 -0.0038875303151020037 -0.0004900409813728535 -0.0019124188472289248 0.00061232058260265749 4.8587767648787128e-05 9.9241275716239344e-05 0.00012621817823887466 -0.00012604690371258311 -0.00052700831085437298 -0.0061106446341217405 -0.001538196071148516 0.00010058712880608006 -0.00010370567211899651
leaf_weight=20 20 20 22 28 35 22 20 21 86 22 40 34 78
leaf_count=20 20 20 22 28 35 22 20 21 86 22 40 34 78
internal_value=0.000435153 0.000247537 0.000467338 0.00157925 0.00229624 0.00127088 0.00166928 0.000897129 0 0.000630841 -0.000174129 0.000147059 -0.000374494
internal_weight=468 385 287 85 63 83 63 41 202 42 160 74 98
internal_count=468 385 287 85 63 83 63 41 202 42 160 74 98
is_linear=0
shrinkage=0.01


Tree=992
num_leaves=9
num_cat=0
split_feature=16 57 44 11 86 0 40 0
split_gain=0.516323 0.594365 0.358231 0.415001 0.720845 0.267498 0.247101 0.0710918
threshold=0.5446488570000001 7.4350004195000006 8.499999821500003 0.60369364300000006 102.38995235 0.26586679200000002 7.5000000595000005 0.20080979150000003
decision_type=2 2 2 2 2 2 2 2
left_child=-1 2 3 4 7 6 -5 -2
right_child=1 -3 -4 5 -6 -7 -8 -9
leaf_value=-0.0060497372058512383 -0.0033777998852915891 0.00017731686194505234 8.3089620610550082e-05 -0.0031043142394242451 4.4896753429095898e-05 -0.00074744145464904362 4.3289019563545565e-05 7.1369850218284543e-05
leaf_weight=75 24 29 39 60 37 80 133 20
leaf_count=75 24 29 39 60 37 80 133 20
internal_value=0.000280233 0.000418638 0.000308532 0.000200113 0.000825183 5.47833e-06 0.000214138 -1.17081e-10
internal_weight=497 422 393 354 81 273 193 44
internal_count=497 422 393 354 81 273 193 44
is_linear=0
shrinkage=0.01


Tree=993
num_leaves=13
num_cat=1
split_feature=89 87 1 87 1 9 9 26 2 43 86 25
split_gain=0.999027 0.858338 0.775807 0.825211 1.31826 0.312115 1.40458 0.336944 0.138041 0.119935 0.179847 0.0397015
threshold=0 20.812305095000003 0.28295230950000005 26.465459855000002 0.24881958950000002 0.61630790850000017 0.60086657500000007 4.1285714250000014 0.20428928600000004 0.84999999400000015 128.40702310000003 3.8071428365000002
decision_type=1 8 2 8 2 2 2 2 2 2 2 2
left_child=1 -1 3 4 -3 6 7 8 -2 11 -11 -7
right_child=5 2 -4 -5 -6 9 -8 -9 -10 10 -12 -13
leaf_value=-0.003580784044921737 1.5038001660329327e-05 0.00017053491405062007 0.00063173172180797359 -0.0040497096606258616 1.9594060245424569e-06 -7.9658586352816997e-06 9.5389143175624247e-05 8.7593713774886133e-05 -0.0010657621672692263 -0.0024118946293586354 3.3776935740460333e-05 -0.00065991115254588825
leaf_weight=25 20 21 23 24 20 20 26 26 95 22 20 122
leaf_count=25 20 21 23 24 20 20 26 26 95 22 20 122
internal_value=0.000292599 0.0010622 0.00162162 0.000995441 0.00185407 6.90978e-06 0.000324791 -5.99437e-05 -0.000306563 -0.000270563 0.000163551 -0.000413165
internal_weight=464 113 88 65 41 351 167 141 115 184 42 142
internal_count=464 113 88 65 41 351 167 141 115 184 42 142
cat_boundaries=0 1
cat_threshold=136610184
is_linear=0
shrinkage=0.01


Tree=994
num_leaves=11
num_cat=0
split_feature=16 41 80 35 11 51 14 19 18 17
split_gain=0.525757 0.393293 0.801893 0.682513 0.531797 0.518879 0.657756 0.393522 0.130715 0.0979016
threshold=0.54120626150000006 5.5499999675000007 13.034999985000001 2.2000000330000007 0.63377871450000012 4.8499999605000008 0.7271730715000001 2.6142856900000004 0.99999999550000018 48.375000000000007
decision_type=2 2 2 2 2 2 2 2 2 2
left_child=-1 2 3 5 -5 9 -7 8 -3 -2
right_child=1 7 -4 4 -6 6 -8 -9 -10 -11
leaf_value=-0.0036525793987420008 -0.0018185200776057631 -0.00048717802323632319 0.00043595802161159729 5.171517223472836e-05 0.00013554022807775809 4.293651903435467e-05 -2.5187981753356265e-05 4.8269945728876718e-06 6.6088666755821995e-06 -5.7127781834935711e-06
leaf_weight=65 62 78 38 20 27 45 45 22 20 67
leaf_count=65 62 78 38 20 27 45 45 22 20 67
internal_value=0.000354226 0.000484934 0.000675853 0.000468516 0.00155858 0.000220655 0.000803965 0 -0.000273279 -0.000173344
internal_weight=489 424 304 266 47 219 90 120 98 129
internal_count=489 424 304 266 47 219 90 120 98 129
is_linear=0
shrinkage=0.01


Tree=995
num_leaves=11
num_cat=0
split_feature=87 5 86 15 7 5 2 44 19 7
split_gain=0.711183 0.937064 0.414728 0.448365 0.364263 0.28007 0.527027 0.21725 0.127563 0.0799496
threshold=29.631868905000001 0.42560378550000005 131.19284590000004 0.73555945700000014 0.40947400000000006 0.46976100000000004 0.31682800000000005 7.0999999795000006 2.5928571225000003 0.62826050000000011
decision_type=10 2 2 2 2 2 2 2 2 2
left_child=2 -2 4 -4 -1 7 -7 8 -6 -8
right_child=1 -3 3 -5 5 6 9 -9 -10 -11
leaf_value=8.7905459559751073e-05 -0.0006716128558142073 4.981649948371519e-05 4.0375347170293109e-05 -0.0001113157516410157 -0.001233930599523748 0.00023527096918243951 -0.00018065037944446427 0.00015967606974370805 3.9704859246849546e-06 7.336958277840581e-05
leaf_weight=30 31 27 29 23 214 20 28 24 20 20
leaf_count=30 31 27 29 23 214 20 28 24 20 20
internal_value=0.000310625 0.00134354 0.000156556 0.000984848 2.80268e-05 -6.42596e-05 0.000494186 -0.000220247 -0.000319421 -4.09837e-05
internal_weight=466 58 408 52 356 326 68 258 234 48
internal_count=466 58 408 52 356 326 68 258 234 48
is_linear=0
shrinkage=0.01


Tree=996
num_leaves=11
num_cat=0
split_feature=86 11 79 11 72 11 6 46 5 5
split_gain=1.00412 0.589539 0.530952 0.589967 0.362428 0.555845 1.27309 0.308872 0.227421 0.147044
threshold=89.867262285000024 0.56023864300000015 9.1028570790000014 0.6775899285000001 5.5071428335000006 0.7018970000000001 0.45832935750000003 10.999999905000001 0.42707578600000007 0.50949892850000011
decision_type=2 2 2 2 2 2 2 2 2 2
left_child=9 -2 4 -4 5 6 -3 8 -6 -1
right_child=1 2 3 -5 7 -7 -8 -9 -10 -11
leaf_value=-0.003372831853801799 0.00016949111450233035 4.514508529526622e-06 8.4633490707374583e-05 4.7027016444308801e-05 -3.9658884192716892e-05 -0.0010182003926294352 0.0012957463147691862 -0.00121343986969066 7.1032372978128682e-05 3.6035012499822246e-05
leaf_weight=126 20 67 20 22 28 29 24 72 29 20
leaf_count=126 20 67 20 22 28 29 24 72 29 20
internal_value=0.000326562 0.000649455 0.000522618 0.00156542 0.000334267 0.000728477 0.00111656 -1.92605e-05 0.000510381 -0.000347412
internal_weight=457 311 291 42 249 120 91 129 57 146
internal_count=457 311 291 42 249 120 91 129 57 146
is_linear=0
shrinkage=0.01


Tree=997
num_leaves=11
num_cat=1
split_feature=89 77 10 8 62 8 5 50 17 0
split_gain=0.572594 1.1672 0.47002 0.917375 0.600629 0.432654 0.429211 0.1353 0.0356 0.0294163
threshold=0 14.003571650000003 0.61610042900000017 0.5934100000000001 1.2449998855000002 0.47800664250000008 0.42809138050000006 0.8500000015000001 19.550000000000001 0.25436704900000001
decision_type=1 2 2 2 2 2 2 2 2 2
left_child=7 2 5 -4 9 -2 -6 -1 -7 -5
right_child=1 -3 3 4 6 8 -8 -9 -10 -11
leaf_value=3.7920983578611654e-05 3.8201483976738347e-05 0.00012859095721525846 0.00015114302509346437 -7.0906443405100643e-05 -1.6315423310692985e-05 -0.00049861860472291198 0.00025598175987983442 -0.00148570951560221 -0.00050100425680211428 -2.4959171694695001e-05
leaf_weight=20 23 24 37 50 27 20 56 88 81 20
leaf_count=20 23 24 37 50 27 20 56 88 81 20
internal_value=0.000346911 0.000541858 0.000384371 0.000697065 0.00033485 -8.01283e-05 0.000912888 -0.00026936 -0.000378193 -0.000324859
internal_weight=446 338 314 190 153 124 83 108 101 70
internal_count=446 338 314 190 153 124 83 108 101 70
cat_boundaries=0 1
cat_threshold=593958
is_linear=0
shrinkage=0.01


Tree=998
num_leaves=11
num_cat=1
split_feature=20 4 89 41 69 20 17 44 16 17
split_gain=1.18655 0.971037 0.624093 0.562679 0.856324 0.507428 0.706203 0.354299 0.0676942 0.0383218
threshold=1.9428571545000002 0.37817383350000006 0 1.8500000240000001 -2.3042857139999993 1.7285714065000002 40.900000000000013 2.5000000075000002 0.6125375715000001 112.09000000000002
decision_type=2 2 1 2 2 2 2 2 2 2
left_child=2 -2 9 8 -5 6 -6 -7 -4 -1
right_child=1 -3 3 4 5 7 -8 -9 -10 -11
leaf_value=-0.0017361606927014642 -6.4608166375545057e-05 0.00016152435389121315 -0.0042469686539161281 0.00013466307052113465 0.0001016326469476185 0.0010531511394332174 1.8085195762654944e-06 -1.4760478699370849e-05 -5.9817352925141504e-05 1.8348262761678573e-05
leaf_weight=105 22 22 51 21 20 29 33 105 30 20
leaf_count=105 22 22 51 21 20 29 33 105 30 20
internal_value=0.000368352 0.00191964 0.000195275 0.000445297 0.000737548 0.000503195 0.001329 0.000155786 -0.000226161 -0.000371871
internal_weight=458 44 414 289 208 187 53 134 81 125
internal_count=458 44 414 289 208 187 53 134 81 125
cat_boundaries=0 1
cat_threshold=142607938
is_linear=0
shrinkage=0.01


Tree=999
num_leaves=11
num_cat=0
split_feature=77 3 17 71 3 28 33 8 4 50
split_gain=0.701099 0.865743 0.466301 0.442337 0.385108 1.11068 0.295158 0.412541 0.24384 0.121386
threshold=13.954285755000003 0.37423795250000008 53.785000000000004 7.3785713530000008 0.36432047600000006 2.1785714285000002 3.8142857040000004 0.57686250000000017 0.27980992850000003 12.350000070000002
decision_type=2 2 2 2 2 2 2 2 2 2
left_child=3 2 -2 4 6 -6 8 -8 -1 -10
right_child=1 -3 -4 -5 5 -7 7 -9 9 -11
leaf_value=9.656708484364479e-05 5.5073703290396338e-05 -0.001475854267345296 0.00014451152640553304 -0.0027091152529320891 -0.0036973962782742465 0.00017153475462704487 8.1409588784064299e-06 0.00014540203099024551 -0.00023562450259270991 1.8523720807721561e-06
leaf_weight=20 28 24 22 119 21 20 36 20 126 20
leaf_count=20 28 24 22 119 21 20 36 20 126 20
internal_value=0.000197023 0.00108289 0.00183071 1.82862e-05 0.000252085 0.00113636 7.63015e-05 0.000704225 -0.000125899 -0.000279292
internal_weight=456 74 50 382 263 41 222 56 166 146
internal_count=456 74 50 382 263 41 222 56 166 146
is_linear=0
shrinkage=0.01


end of trees

feature_importances:
ndvi_mean_25=430
ndvi_mean_9=292
Area=289
N=284
PrecipitationCumulative_sum_14=244
ndvi_mean_14=232
K=218
ndvi_mean_13=205
ndvi_mean_24=203
ndvi_mean_10=195
ndvi_mean_15=194
P=190
EvapoTranspiration_avg_16=187
ndvi_mean_16=184
HDBSCAN_operation_cluster=183
ndvi_mean_12=180
PrecipitationCumulative_sum_20=166
ndvi_mean_19=161
ndvi_mean_21=145
ndvi_mean_18=141
EvapoTranspiration_avg_15=134
ndvi_mean_20=131
TempEffective_16=131
ndvi_mean_11=128
EvapoTranspiration_avg_19=127
ndvi_mean_22=125
ndvi_mean_17=120
PrecipitationCumulative_sum_18=119
PrecipitationCumulative_sum_22=118
ndvi_mean_23=109
EvapoTranspiration_avg_17=107
EvapoTranspiration_avg_11=104
PrecipitationCumulative_sum_23=86
Temp_avg_17=84
TempEffective_11=78
TempEffective_15=78
PrecipitationCumulative_sum_13=77
PrecipitationCumulative_sum_24=74
EvapoTranspiration_avg_12=72
PrecipitationCumulative_sum_19=72
Temp_avg_15=71
EvapoTranspiration_avg_24=69
PrecipitationCumulative_sum_12=68
PrecipitationCumulative_sum_11=67
PrecipitationCumulative_sum_15=67
EvapoTranspiration_avg_10=66
EvapoTranspiration_avg_13=64
PrecipitationCumulative_sum_25=62
TempEffective_17=60
Temp_avg_16=59
EvapoTranspiration_avg_20=57
EvapoTranspiration_avg_18=56
TempEffective_19=54
EvapoTranspiration_avg_14=50
EvapoTranspiration_avg_23=50
EvapoTranspiration_avg_9=47
EvapoTranspiration_avg_25=47
TempEffective_18=47
PrecipitationCumulative_sum_17=46
TempEffective_10=46
PrecipitationCumulative_sum_21=44
Temp_avg_10=44
Temp_avg_19=44
EvapoTranspiration_avg_22=43
TempEffective_14=43
TempEffective_24=41
Temp_avg_13=41
Temp_avg_18=40
Temp_avg_12=39
Temp_avg_20=35
TempEffective_23=33
Temp_avg_14=31
EvapoTranspiration_avg_21=29
TempEffective_21=29
Temp_avg_11=29
TempEffective_25=27
PrecipitationCumulative_sum_16=26
Temp_avg_23=21
TempEffective_20=19
TempEffective_12=18
TempEffective_13=17
Temp_avg_9=16
PrecipitationCumulative_sum_9=13
Temp_avg_24=12
Temp_avg_25=12
PrecipitationCumulative_sum_10=11
TempEffective_22=9
Temp_avg_21=7
Temp_avg_22=7

parameters:
[boosting: gbdt]
[objective: quantile]
[metric: quantile]
[tree_learner: serial]
[device_type: cpu]
[data_sample_strategy: bagging]
[data: ]
[valid: ]
[num_iterations: 1000]
[learning_rate: 0.01]
[num_leaves: 31]
[num_threads: 12]
[seed: 42]
[deterministic: 0]
[force_col_wise: 0]
[force_row_wise: 0]
[histogram_pool_size: -1]
[max_depth: 6]
[min_data_in_leaf: 20]
[min_sum_hessian_in_leaf: 0.01]
[bagging_fraction: 0.7]
[pos_bagging_fraction: 1]
[neg_bagging_fraction: 1]
[bagging_freq: 1]
[bagging_seed: 400]
[bagging_by_query: 0]
[feature_fraction: 0.6]
[feature_fraction_bynode: 1]
[feature_fraction_seed: 30056]
[extra_trees: 0]
[extra_seed: 12879]
[early_stopping_round: 0]
[early_stopping_min_delta: 0]
[first_metric_only: 0]
[max_delta_step: 0]
[lambda_l1: 0.2]
[lambda_l2: 0.8]
[linear_lambda: 0]
[min_gain_to_split: 0]
[drop_rate: 0.1]
[max_drop: 50]
[skip_drop: 0.5]
[xgboost_dart_mode: 0]
[uniform_drop: 0]
[drop_seed: 17869]
[top_rate: 0.2]
[other_rate: 0.1]
[min_data_per_group: 100]
[max_cat_threshold: 32]
[cat_l2: 10]
[cat_smooth: 10]
[max_cat_to_onehot: 4]
[top_k: 20]
[monotone_constraints: ]
[monotone_constraints_method: basic]
[monotone_penalty: 0]
[feature_contri: ]
[forcedsplits_filename: ]
[refit_decay_rate: 0.9]
[cegb_tradeoff: 1]
[cegb_penalty_split: 0]
[cegb_penalty_feature_lazy: ]
[cegb_penalty_feature_coupled: ]
[path_smooth: 0]
[interaction_constraints: ]
[verbosity: 1]
[saved_feature_importance_type: 0]
[use_quantized_grad: 0]
[num_grad_quant_bins: 4]
[quant_train_renew_leaf: 0]
[stochastic_rounding: 1]
[linear_tree: 0]
[max_bin: 255]
[max_bin_by_feature: ]
[min_data_in_bin: 3]
[bin_construct_sample_cnt: 200000]
[data_random_seed: 175]
[is_enable_sparse: 1]
[enable_bundle: 1]
[use_missing: 1]
[zero_as_missing: 0]
[feature_pre_filter: 1]
[pre_partition: 0]
[two_round: 0]
[header: 0]
[label_column: ]
[weight_column: ]
[group_column: ]
[ignore_column: ]
[categorical_feature: 89]
[forcedbins_filename: ]
[precise_float_parser: 0]
[parser_config_file: ]
[objective_seed: 16083]
[num_class: 1]
[is_unbalance: 0]
[scale_pos_weight: 1]
[sigmoid: 1]
[boost_from_average: 1]
[reg_sqrt: 0]
[alpha: 0.95]
[fair_c: 1]
[poisson_max_delta_step: 0.7]
[tweedie_variance_power: 1.5]
[lambdarank_truncation_level: 30]
[lambdarank_norm: 1]
[label_gain: ]
[lambdarank_position_bias_regularization: 0]
[eval_at: ]
[multi_error_top_k: 1]
[auc_mu_weights: ]
[num_machines: 1]
[local_listen_port: 12400]
[time_out: 120]
[machine_list_filename: ]
[machines: ]
[gpu_platform_id: -1]
[gpu_device_id: -1]
[gpu_use_dp: 0]
[num_gpu: 1]

end of parameters

pandas_categorical:[[-1, 0, 1, 2, 3, 4, 5, 6, 7, 8, 9, 10, 11, 12, 13, 14, 15, 16, 17, 18, 19, 20, 21, 22, 23, 24, 25, 26, 27, 28]]
