tree
version=v4
num_class=1
num_tree_per_iteration=1
label_index=0
max_feature_idx=104
objective=quantile
feature_names=ndvi_mean_9 ndvi_mean_10 ndvi_mean_11 ndvi_mean_12 ndvi_mean_13 ndvi_mean_14 ndvi_mean_15 ndvi_mean_16 ndvi_mean_17 ndvi_mean_18 ndvi_mean_19 ndvi_mean_20 ndvi_mean_21 ndvi_mean_22 ndvi_mean_23 ndvi_mean_24 ndvi_mean_25 ndvi_mean_26 ndvi_mean_27 ndvi_mean_28 Area EvapoTranspiration_avg_9 EvapoTranspiration_avg_10 EvapoTranspiration_avg_11 EvapoTranspiration_avg_12 EvapoTranspiration_avg_13 EvapoTranspiration_avg_14 EvapoTranspiration_avg_15 EvapoTranspiration_avg_16 EvapoTranspiration_avg_17 EvapoTranspiration_avg_18 EvapoTranspiration_avg_19 EvapoTranspiration_avg_20 EvapoTranspiration_avg_21 EvapoTranspiration_avg_22 EvapoTranspiration_avg_23 EvapoTranspiration_avg_24 EvapoTranspiration_avg_25 EvapoTranspiration_avg_26 EvapoTranspiration_avg_27 EvapoTranspiration_avg_28 PrecipitationCumulative_sum_9 PrecipitationCumulative_sum_10 PrecipitationCumulative_sum_11 PrecipitationCumulative_sum_12 PrecipitationCumulative_sum_13 PrecipitationCumulative_sum_14 PrecipitationCumulative_sum_15 PrecipitationCumulative_sum_16 PrecipitationCumulative_sum_17 PrecipitationCumulative_sum_18 PrecipitationCumulative_sum_19 PrecipitationCumulative_sum_20 PrecipitationCumulative_sum_21 PrecipitationCumulative_sum_22 PrecipitationCumulative_sum_23 PrecipitationCumulative_sum_24 PrecipitationCumulative_sum_25 PrecipitationCumulative_sum_26 PrecipitationCumulative_sum_27 PrecipitationCumulative_sum_28 TempEffective_9 TempEffective_10 TempEffective_11 TempEffective_12 TempEffective_13 TempEffective_14 TempEffective_15 TempEffective_16 TempEffective_17 TempEffective_18 TempEffective_19 TempEffective_20 TempEffective_21 TempEffective_22 TempEffective_23 TempEffective_24 TempEffective_25 TempEffective_26 TempEffective_27 TempEffective_28 Temp_avg_9 Temp_avg_10 Temp_avg_11 Temp_avg_12 Temp_avg_13 Temp_avg_14 Temp_avg_15 Temp_avg_16 Temp_avg_17 Temp_avg_18 Temp_avg_19 Temp_avg_20 Temp_avg_21 Temp_avg_22 Temp_avg_23 Temp_avg_24 Temp_avg_25 Temp_avg_26 Temp_avg_27 Temp_avg_28 N P K HDBSCAN_operation_cluster
feature_infos=[0.034192:0.38707049999999998] [0.064615143:0.43245485700000003] [0.11805057100000001:0.51213785700000003] [0.15023400000000001:0.55371342899999998] [0.16448942899999999:0.57072628599999997] [0.212652429:0.62079357099999999] [0.23796457100000001:0.65154400000000001] [0.296326429:0.72853999999999997] [0.315534857:0.75981142899999998] [0.31859935:0.76898834999999999] [0.32624571400000002:0.77468171399999997] [0.34380428600000001:0.796689286] [0.37324214300000003:0.82559157100000002] [0.39111889999999999:0.82606575000000004] [0.39856914300000001:0.81389314300000004] [0.40239585700000002:0.80057742899999995] [0.38102457099999998:0.80489085699999996] [0.356655571:0.80588199999999999] [0.31351595199999999:0.78636442900000003] [0.27161857099999998:0.727380429] [0.76000000000000001:590.01999999999998] [0.55714285799999996:1.128571451] [1.7714285679999999:2.7285713810000001] [1.5142856920000001:2.0285714179999998] [1.571428571:2.1285714250000001] [1.5142857089999999:2.0714285710000002] [1.5857142470000001:2.4285714459999999] [1.8142857299999999:2.5714285710000002] [3.3571428910000001:4.3571427890000001] [3.3571428569999999:4.4428571630000002] [3.1857142789999999:4.8857142580000001] [1.8999999759999999:2.828571422] [1.942857112:3.2999999689999999] [2.0285714349999999:6.5142857689999998] [2.8142857380000001:4.6714286119999997] [4.8428570879999997:6.9571427620000001] [2.9285713769999999:4.6428571429999996] [3.1000000409999999:5.9428570609999998] [3.4428571630000002:5.7857142860000002] [4.9571428299999996:6.7714285170000004] [3.8285713879999999:7.3857143269999996] [0:5.8000000719999996] [0:3.4000000950000002] [1.600000031:12.70000044] [0:13.59999962] [0.30000000399999999:19.399999139999998] [1.900000028:17.999999720000002] [0.30000001199999998:11.69999988] [0:4.1000000239999999] [0:2.6000000010000002] [0.5:11.400000390000001] [1.0999999789999999:26.699999529999999] [8.800000206:37.30000055] [0:64.999998489999996] [0.40000000600000002:27.100000380000001] [0:13.00000021] [0.20000000300000001:18.50000004] [0.30000001199999998:8.5999999200000001] [0.20000000300000001:18.499999630000001] [0.10000000100000001:7.1000000239999999] [0:28.299999239999998] none [0:3.079999924] [0:9.1299991610000006] [0:0.64999961900000003] [0:4.0399999619999996] [0.44999980899999997:9.3900003430000005] [0:3.130000114] [32.989999769999997:44.840001110000003] [22.870000839999999:36.900001529999997] [17.809999470000001:37.630000109999997] [0:12.60999966] [0.40999984699999997:26.060000420000001] [18.10999966:71.719999310000006] [41.72000027:71.86000061] [69.75:99.310003280000004] [39.190000529999999:57.899998660000001] [37.029997829999999:70.269998549999997] [46.839998250000001:78.559999469999994] [75.949999809999994:101.8900032] [61.340002060000003:122.26999859999999] [-4.9600000380000004:2.5185714190000001] [4.6299999100000004:9.7342856270000002] [4.9671428540000004:9.0457143270000007] [4.9985714210000003:7.0771428179999996] [7.907142844:10.07142857] [4.5685714229999999:9.4571426600000006] [3.5228572740000001:7.4257142539999998] [14.71285711:16.405714440000001] [11.76714284:14.88857147] [12.21999999:15.3757143] [7.1971427370000001:11.51714284] [8.7071425569999992:13.7228572] [12.465714180000001:20.245714190000001] [15.960000040000001:20.265714370000001] [19.964285709999999:24.187143330000001] [15.5985715:18.27142838] [15.28999969:20.038571220000001] [16.69142832:21.22285707] [20.849999969999999:24.555714739999999] [18.762857440000001:27.46714265] [53.432282000000001:165.72075469999999] [13.84205856:39.862529700000003] [11.614401859999999:47.61115538] -1:4:1:21:0:3:10:7:27:2:25:8:9:16:29:11:6:12:20:23:18:5:19:22:15:28:17:13:24:26:14
tree_sizes=707 586 765 589 676 744 587 673 675 673 682 680 676 673 843 845 769 933 840 761 760 844 848 766 762 667 677 764 762 765 590 676 756 852 765 761 676 767 676 672 589 687 676 584 684 764 594 758 767 761 763 766 837 752 753 682 763 766 852 765 685 841 764 762 752 766 826 755 758 767 851 681 757 755 675 793 675 841 853 760 680 764 853 766 852 762 759 768 765 850 765 854 932 765 763 854 761 839 844 854 765 768 850 673 595 765 844 760 682 934 856 872 943 942 836 859 838 756 769 760 750 766 853 764 685 863 773 766 766 943 850 774 853 856 852 767 767 679 762 853 849 674 852 851 854 770 843 680 768 675 758 680 673 759 845 762 764 597 859 771 686 681 763 759 837 852 685 840 673 684 846 845 858 851 861 762 771 684 674 682 860 855 765 855 845 844 594 767 753 838 933 771 936 854 754 858 860 851 595 857 945 773 855 934 855 677 940 863 778 858 857 940 940 757 845 1032 943 1030 855 852 1029 857 766 795 940 941 859 779 767 1009 939 850 857 677 1198 685 943 769 773 678 849 846 869 776 941 1106 767 853 856 853 942 767 1035 1031 945 854 855 937 856 854 946 855 941 769 847 854 1021 764 947 851 1029 853 936 943 929 944 857 884 939 855 768 1025 946 972 1017 860 856 846 934 947 858 854 937 944 942 1025 1030 850 940 854 1023 941 1107 940 935 1018 924 942 930 945 855 776 1032 944 941 1026 1012 938 1195 1024 944 1023 845 1031 1026 943 1029 1030 1032 1026 941 1056 1038 940 852 941 944 1027 938 857 859 934 948 947 762 1025 860 944 1107 1025 942 844 769 772 772 1026 769 931 1026 1033 930 915 853 947 1022 941 1115 1030 1027 1029 1209 852 1110 1036 1031 944 948 1024 939 1108 1030 848 858 1105 1204 944 1028 938 941 949 937 930 1198 1027 1027 1010 1107 934 1199 857 1117 1021 1006 1031 1027 1205 941 1032 1192 1105 848 1292 1110 1016 1036 1113 855 1021 1123 860 1028 1189 845 1213 953 1192 1030 1051 1033 857 1024 952 1032 1203 846 946 1019 1147 1114 1034 1030 1099 1013 1130 1028 1018 1136 972 1102 964 942 1139 1202 1119 1190 1026 938 1292 1202 1028 865 1205 1032 1027 862 1036 1024 1011 774 1141 1200 863 935 934 884 1026 854 1016 1113 941 1113 1024 1114 1200 1031 1035 938 1025 940 883 1111 854 1209 1198 1117 1036 1199 1118 930 916 855 1292 973 1032 935 1028 1037 1119 1118 1025 1040 1207 937 945 1108 1046 1045 1080 1031 1027 1103 1031 1022 845 936 1224 1028 1031 1182 1123 1202 1116 929 955 853 1195 1198 1133 1145 1033 1192 944 1114 1101 1021 1115 1140 1201 1116 1122 1112 860 1098 1028 1204 1268 1035 1381 1204 1191 946 1025 1028 1100 1202 1026 1033 1286 1282 1231 1190 1227 1018 1057 1103 1111 948 1028 1039 1188 1195 1290 1029 1119 1105 1030 1030 1193 1205 1116 1288 1034 1314 1030 961 1032 1204 860 1103 1022 1027 1122 1058 1028 1098 1228 1198 1113 1035 1118 1209 1207 1114 1119 1287 1114 1029 1202 1110 1030 1290 1117 1303 1377 941 1195 1280 1203 1136 1197 1206 1109 1206 1265 1288 1317 1308 1293 1465 1278 1279 1026 1289 1031 1225 1034 1184 1139 1025 1477 1117 1374 1314 1213 1061 1384 1144 1378 1118 1136 1115 1202 1104 942 1146 1025 1111 1145 1224 1040 1120 1367 1289 1089 1205 1027 1030 1388 1294 1030 1114 1207 1293 1207 1211 1117 1364 1232 1120 1097 1207 1031 1317 1293 1022 1203 1018 1095 1031 1282 946 947 1053 1194 1291 1115 1318 1287 1134 1206 930 1230 1029 1467 1045 1373 1121 1186 1284 853 1202 1298 1112 1128 1147 1029 1188 884 860 1030 1116 1116 1199 1025 940 943 1180 1236 1029 1145 1112 1023 974 966 1203 1115 1114 1112 1117 953 1122 1200 1234 972 1124 1212 974 1058 1018 1207 1232 1117 1027 1121 1114 932 948 1040 1122 1128 962 936 1209 1231 941 1018 1106 1277 1140 1178 1199 1150 1031 1112 1029 1108 1020 846 933 1033 970 1297 942 1058 1204 1112 1296 1117 1416 1121 1194 1117 1202 1057 1208 1002 1130 1117 1294 1203 1205 1198 1194 1031 1197 1116 1113 1233 1106 1200 856 1054 1029 1125 1296 1027 859 1022 1221 970 1207 1032 1146 1115 1116 1036 857 1110 1140 1154 1326 975 1031 931 1140 1237 1142 944 1060 1203 1121 952 1204 933 1199 1202 856 1213 1114 942 1025 1110 1228 1144 1118 772 1095 861 847 1065 882 1144 1021 772 769 863 853 854 857 939 678 863 933 945 793 772 941 855 942 956 942 948 1031 852 931 933 777 974 860 947 1053 873 1122 852 1027 862 967 1128 857 860 865 886 1063 885 862 1033 1020 804 1049 886 1035 891 1022 1037 859 846 948 888 971 946 855 882 775 866 860 861 886 1141 934 969 944 973 965 800 969 860 852 850 969 1022 1120 1034 1047 948 1038 928 864 862 944 1036 966 973 965 942 957 1152 949 1112 942 1056 934 1037 857 945 922 1106 974 1196 945 955 800 865 777 1061 862 1042 954 861 887 858 943 973 881 789 884 862 698 863 869 799

Tree=0
num_leaves=7
num_cat=0
split_feature=15 17 27 7 16 3
split_gain=3.84462 1.15036 2.43199 0.0891967 0.0451257 0.0244948
threshold=0.75473470250000008 0.69393428550000003 2.2428571540000006 0.41948735750000005 0.71210614250000004 0.33904378550000008
decision_type=2 2 2 2 2 2
left_child=1 3 5 -1 -5 -3
right_child=-2 2 -4 4 -6 -7
leaf_value=8.1860664657458244 8.1946399576110327 8.1836276547553339 8.1960161985310709 8.1808195358124998 8.1827008891205146 8.1832237213410615
leaf_weight=34 32 36 28 282 20 20
leaf_count=34 32 36 28 282 20 20
internal_value=8.18712 8.18686 8.1879 8.1866 8.18654 8.18672
internal_weight=452 420 84 336 302 56
internal_count=452 420 84 336 302 56
is_linear=0
shrinkage=1


Tree=1
num_leaves=5
num_cat=0
split_feature=18 31 8 58
split_gain=1.97335 2.02832 1.05244 0.279173
threshold=0.63711014300000013 2.4285714205000004 0.64031130950000004 0.60000001250000012
decision_type=2 2 2 2
left_child=-1 2 3 -2
right_child=1 -3 -4 -5
leaf_value=-0.0074788601465624188 0.0013237009921486769 0.0088706167679440517 0.0053492974500804107 -0.003449938804426793
leaf_weight=311 21 32 20 74
leaf_count=311 21 32 20 74
internal_value=-3.70533e-05 0.000910013 0.000263385 -0.000161796
internal_weight=458 147 115 95
internal_count=458 147 115 95
is_linear=0
shrinkage=0.01


Tree=2
num_leaves=7
num_cat=0
split_feature=15 19 84 91 103 19
split_gain=2.19665 0.528866 0.821943 0.152546 0.307125 0.0451417
threshold=0.75978676750000018 0.62069628600000015 5.4071428950000007 8.4378571510000011 25.437675475000002 0.58792440450000016
decision_type=2 2 2 2 8 2
left_child=1 3 -3 4 -1 -5
right_child=-2 2 -4 5 -6 -7
leaf_value=-0.0015575623461258443 0.0050614898041168943 -0.0045309675461654647 0.0086820688556673471 -0.0063849545149832565 0.005279141696165255 0.00010012713965286579
leaf_weight=45 27 31 28 283 27 20
leaf_count=45 27 31 28 283 27 20
internal_value=-4.00608e-05 -0.000218491 0.000643813 -0.000360564 2.74724e-05 -0.000459184
internal_weight=461 434 59 375 72 303
internal_count=461 434 59 375 72 303
is_linear=0
shrinkage=0.01


Tree=3
num_leaves=5
num_cat=0
split_feature=15 18 27 13
split_gain=2.45047 0.685614 1.11652 0.29097
threshold=0.75473470250000008 0.63328252850000011 2.2571428545000005 0.64052145000000016
decision_type=2 2 2 2
left_child=1 -1 3 -3
right_child=-2 2 -4 -5
leaf_value=-0.0073956225901129179 0.0079099271089446005 0.0082652925759416195 0.0087518779410215054 -0.0014133157833334691
leaf_weight=293 30 20 30 70
leaf_count=293 30 20 30 70
internal_value=-2.14062e-05 -0.000228371 0.000397351 -0.000143172
internal_weight=443 413 120 90
internal_count=443 413 120 90
is_linear=0
shrinkage=0.01


Tree=4
num_leaves=6
num_cat=0
split_feature=15 17 27 10 0
split_gain=2.93655 0.75067 1.69304 0.0456165 0.0282128
threshold=0.75978676750000018 0.68984860000000003 2.2571428545000005 0.49315400000000004 0.11098786800000002
decision_type=2 2 2 2 2
left_child=1 3 4 -1 -3
right_child=-2 2 -4 -5 -6
leaf_value=-0.0080615577958356981 0.0051625181378944411 -0.0065645639085348192 0.007598801031888828 -0.0060027170895928308 -0.0016798728608857514
leaf_weight=20 26 20 28 316 46
leaf_count=20 26 20 28 316 46
internal_value=-3.50264e-05 -0.00023909 0.000537975 -0.000463183 -0.000314371
internal_weight=456 430 94 336 66
internal_count=456 430 94 336 66
is_linear=0
shrinkage=0.01


Tree=5
num_leaves=7
num_cat=0
split_feature=101 28 17 20 84 20
split_gain=1.84167 1.46573 0.979358 1.77551 0.419043 0.0453258
threshold=131.48502525000004 4.0571428200000001 0.68984860000000003 118.70500000000001 5.5071428335000006 7.1050000000000013
decision_type=2 2 2 2 2 2
left_child=2 -2 5 4 -4 -1
right_child=1 -3 3 -5 -6 -7
leaf_value=-0.0079809422178773407 0.00247339868836547 0.0051971882512028425 -0.0034134313602791765 0.0034722358028055544 0.007913457673308498 -0.007130631034053184
leaf_weight=20 34 23 58 20 23 295
leaf_count=20 34 23 58 20 23 295
internal_value=4.53777e-05 0.00172145 -0.000182342 0.000663065 0 -0.000460735
internal_weight=473 57 416 101 81 315
internal_count=473 57 416 101 81 315
is_linear=0
shrinkage=0.01


Tree=6
num_leaves=5
num_cat=0
split_feature=14 18 84 51
split_gain=2.32254 0.364502 0.497964 0.36291
threshold=0.7533740000000001 0.63328252850000011 5.3307142770000011 8.3500000985000025
decision_type=2 2 2 2
left_child=1 -1 -3 -4
right_child=-2 2 3 -5
leaf_value=-0.0071024499511954534 0.0051419967634310209 -0.0033914045753279916 0.0085161793547986284 0.0027245929321734088
leaf_weight=297 39 61 26 33
leaf_count=297 39 61 26 33
internal_value=-7.88092e-05 -0.000302777 0.000149007 0.000811037
internal_weight=456 417 120 59
internal_count=456 417 120 59
is_linear=0
shrinkage=0.01


Tree=7
num_leaves=6
num_cat=0
split_feature=15 17 68 66 29
split_gain=2.73051 0.550632 0.607075 0.752456 0.118855
threshold=0.75473470250000008 0.67901128600000005 39.664999005000006 2.8150000575000003 3.9928571325000006
decision_type=2 2 2 2 2
left_child=1 -1 4 -4 -3
right_child=-2 2 3 -5 -6
leaf_value=-0.0080049025588462275 0.0047366718872995832 -0.0022209803151402702 0.008327093928163349 -0.0018170450880037325 0.0011146802313623449
leaf_weight=306 28 59 22 23 20
leaf_count=306 28 59 22 23 20
internal_value=-5.88493e-05 -0.000262303 0.000288461 0.00121179 -0.000219298
internal_weight=458 430 124 45 79
internal_count=458 430 124 45 79
is_linear=0
shrinkage=0.01


Tree=8
num_leaves=6
num_cat=0
split_feature=15 18 20 18 17
split_gain=3.27598 1.02002 0.296998 1.07259 0.0454689
threshold=0.74893435700000011 0.68323078550000005 102.74500000000002 0.62823992900000014 0.72621092850000013
decision_type=2 2 2 2 2
left_child=2 -2 4 -4 -1
right_child=1 -3 3 -5 -6
leaf_value=-0.0049142029360657513 0.0028578044356170262 0.0099454917198549264 -0.0065867003647139197 0.0042321625458784243 -0.00038004830282875325
leaf_weight=305 20 20 62 22 20
leaf_count=305 20 20 62 22 20
internal_value=-5.00224e-05 0.00264706 -0.000323329 0.000188679 -0.00046194
internal_weight=449 40 409 84 325
internal_count=449 40 409 84 325
is_linear=0
shrinkage=0.01


Tree=9
num_leaves=6
num_cat=0
split_feature=18 12 102 53 12
split_gain=1.94755 2.3076 0.745709 0.858196 0.0929239
threshold=0.65407409500000013 0.7361902855000001 23.911657220000006 2.1499999760000006 0.73773671450000011
decision_type=2 2 10 2 2
left_child=4 2 -2 -4 -1
right_child=1 -3 3 -5 -6
leaf_value=-0.007007728760351827 -0.0021568293363781279 0.0057720110566895121 -0.00014616323192622317 0.0087086682463906381 -0.0003898043087145575
leaf_weight=302 49 21 22 20 37
leaf_count=302 49 21 22 20 37
internal_value=-5.20143e-05 0.00108156 0.00035403 0.00133178 -0.000434079
internal_weight=451 112 91 42 339
internal_count=451 112 91 42 339
is_linear=0
shrinkage=0.01


Tree=10
num_leaves=6
num_cat=0
split_feature=15 101 20 20 18
split_gain=2.77874 0.925175 0.56792 0.117597 0.0460282
threshold=0.75473470250000008 131.61942115000002 73.230000000000004 162.23500000000004 0.70722607100000012
decision_type=2 2 2 2 2
left_child=1 3 -3 4 -1
right_child=-2 2 -4 -5 -6
leaf_value=-0.0056976281376192976 0.004685939726573345 -4.3887151290638913e-05 0.0026295877392389488 -0.00066919371391323636 -0.00058648519044047999
leaf_weight=351 33 21 20 27 20
leaf_count=351 33 21 20 27 20
internal_value=-5.07615e-05 -0.000267167 0.00113636 -0.000418756 -0.000466649
internal_weight=472 439 41 398 371
internal_count=472 439 41 398 371
is_linear=0
shrinkage=0.01


Tree=11
num_leaves=6
num_cat=0
split_feature=15 18 69 13 6
split_gain=3.5677 0.461622 1.33229 0.0451257 0.0347098
threshold=0.76214888550000015 0.63328252850000011 28.580000400000003 0.75315920000000014 0.47474085750000006
decision_type=2 2 2 2 2
left_child=1 3 4 -1 -3
right_child=-2 2 -4 -5 -6
leaf_value=-0.0080759312840726488 0.0048259553369223293 -0.0042824934721071121 0.0084148420540909145 -0.0010730842197102686 7.2423159287989816e-05
leaf_weight=282 22 75 37 20 20
leaf_count=282 22 75 37 20 20
internal_value=-3.50264e-05 -0.00024149 0.000240964 -0.000459049 -0.000370564
internal_weight=456 434 132 302 95
internal_count=456 434 132 302 95
is_linear=0
shrinkage=0.01


Tree=12
num_leaves=6
num_cat=0
split_feature=14 87 68 101 10
split_gain=1.91287 1.702 0.309513 0.108233 0.0457669
threshold=0.75020021450000007 5.0385714040000016 34.810000895000009 132.01285560000002 0.51216585700000017
decision_type=2 2 2 2 2
left_child=2 -2 -1 4 -4
right_child=1 -3 3 -5 -6
leaf_value=0.002340572187299641 0.0080417521342208802 -0.0011380781007894474 -0.0067882387455176054 -8.0966380806399025e-05 -0.0056848933062707942
leaf_weight=37 27 27 20 29 328
leaf_count=37 27 27 20 29 328
internal_value=-8.95906e-05 0.00166058 -0.000325458 -0.00041424 -0.00046445
internal_weight=468 54 414 377 348
internal_count=468 54 414 377 348
is_linear=0
shrinkage=0.01


Tree=13
num_leaves=6
num_cat=0
split_feature=17 69 24 31 13
split_gain=1.53576 1.47283 1.83465 0.280806 0.0449598
threshold=0.67547628550000016 27.155000210000004 1.7785714185000001 2.2714285595000008 0.75505309150000011
decision_type=2 2 2 2 2
left_child=4 3 -3 -2 -1
right_child=1 2 -4 -5 -6
leaf_value=-0.0076316319792459541 -0.0041130089478325403 0.0085813822343748045 0.0027224681586035292 0.0070390113684744354 -0.0024801666524934605
leaf_weight=272 63 34 38 32 20
leaf_count=272 63 34 38 32 20
internal_value=-1.63116e-05 0.000741955 0.00181319 -5.74114e-05 -0.00045765
internal_weight=459 167 72 95 292
internal_count=459 167 72 95 292
is_linear=0
shrinkage=0.01


Tree=14
num_leaves=8
num_cat=0
split_feature=17 69 20 31 24 28 5
split_gain=1.89908 2.32866 1.37859 0.256514 0.140473 0.194145 0.033337
threshold=0.67547628550000016 28.695000175000004 124.40500000000002 2.4285714205000004 1.7714285465000004 4.0499999865000005 0.36656221450000009
decision_type=2 2 2 2 2 2 2
left_child=4 2 3 6 5 -1 -2
right_child=1 -3 -4 -5 -6 -7 -8
leaf_value=-0.0057636240106321629 -0.0034571167579003628 0.0089140199666239515 0.004350050179337134 0.0086212960110890035 -0.0081834007093881667 0.0002146732366495134 -0.0018572866382719256
leaf_weight=30 20 29 21 20 262 21 67
leaf_count=30 20 29 21 20 262 21 67
internal_value=4.88529e-05 0.000947402 0.000341615 -0.000106679 -0.00039675 4.82624e-05 -0.00035877
internal_weight=470 157 128 107 313 51 87
internal_count=470 157 128 107 313 51 87
is_linear=0
shrinkage=0.01


Tree=15
num_leaves=8
num_cat=0
split_feature=15 28 101 18 20 15 11
split_gain=2.77276 1.48252 0.916605 0.27185 0.158119 0.184043 0.0454689
threshold=0.74893435700000011 4.0214285510000005 131.61942115000002 0.70722607100000012 140.19000000000003 0.68529714300000011 0.48925350000000006
decision_type=2 2 2 2 2 2 2
left_child=2 -2 3 4 6 -6 -1
right_child=1 -3 -4 -5 5 -7 -8
leaf_value=-0.0066419877526848929 0.00096473813632814932 0.0045275357082250264 0.002712563639734713 0.0073144844437000025 -0.012434744002809913 0.00087918991552527696 -0.0067707083964692197
leaf_weight=20 20 22 37 23 23 20 305
leaf_count=20 20 22 37 23 23 20 305
internal_value=7.00933e-05 0.0025 -0.000167911 -0.000315212 -0.000385033 0.000148402 -0.00046194
internal_weight=470 42 428 391 368 43 325
internal_count=470 42 428 391 368 43 325
is_linear=0
shrinkage=0.01


Tree=16
num_leaves=7
num_cat=0
split_feature=15 17 8 69 11 8
split_gain=2.62404 0.501161 0.682451 0.463993 0.0586299 0.0857157
threshold=0.75978676750000018 0.67622035700000016 0.63965471450000011 27.315001010000007 0.56806121450000002 0.47972328600000008
decision_type=2 2 2 2 2 2
left_child=1 4 3 -3 5 -1
right_child=-2 2 -4 -5 -6 -7
leaf_value=-0.0097670433685590891 0.0044924826767049628 -0.0029135452948160115 0.0030982969253812043 0.008007183620231742 -0.0080874194102628638 0.00062975325769623169
leaf_weight=31 28 77 25 33 253 20
leaf_count=31 28 77 25 33 253 20
internal_value=-3.20662e-06 -0.000198954 0.000298233 -2.70759e-05 -0.000426509 -6.75677e-05
internal_weight=467 439 135 110 304 51
internal_count=467 439 135 110 304 51
is_linear=0
shrinkage=0.01


Tree=17
num_leaves=9
num_cat=0
split_feature=101 59 17 6 63 1 10 68
split_gain=2.2621 3.59046 0.670173 0.376942 0.156495 0.170852 0.0397189 0.035223
threshold=130.16331580000002 1.0000000035000001 0.73096514250000011 0.49283511900000004 2.1300001145000005 0.23832592850000003 0.48809821400000003 34.810000895000009
decision_type=2 2 2 2 2 2 2 2
left_child=2 -2 4 -3 5 -1 -6 -8
right_child=1 3 -4 -5 6 -7 7 -9
leaf_value=-0.0063788362977110881 0.0046230034598354428 -0.001262417041737289 0.0072943579341691383 0.0022588977145948795 -0.0064407942546951926 0.0033998781832293989 -0.0051148570278192005 -0.0048533669631417378
leaf_weight=20 20 31 27 21 20 20 24 284
leaf_count=20 20 31 27 21 20 20 24 284
internal_value=5.23727e-05 0.00167582 -0.000241284 0.000227273 -0.000357918 0.000196078 -0.000431874 -0.000459845
internal_weight=467 72 395 52 368 40 328 308
internal_count=467 72 395 52 368 40 328 308
is_linear=0
shrinkage=0.01


Tree=18
num_leaves=8
num_cat=0
split_feature=15 63 71 40 30 20 1
split_gain=2.5788 1.2405 0.613998 1.21382 0.294047 0.589145 0.0158575
threshold=0.74893435700000011 2.1300001145000005 1.1900000570000002 5.6071428915000014 3.6500000190000006 76.155000000000015 0.25639421450000005
decision_type=2 2 2 2 2 2 2
left_child=2 -2 3 4 -1 6 -6
right_child=1 -3 -4 -5 5 -7 -8
leaf_value=-0.0019660771725200205 0.004398711692783751 0.0016712595087356157 -0.007209580276094577 0.0078648926719586051 -0.0032874581795214763 0.0031667324886682181 -0.0074878128948768956
leaf_weight=79 21 30 263 23 20 20 21
leaf_count=79 21 30 263 23 20 20 21
internal_value=6.17412e-05 0.00217181 -0.000189785 0.000283883 -5.68183e-05 0.000444984 -0.000203349
internal_weight=477 51 426 163 140 61 41
internal_count=477 51 426 163 140 61 41
is_linear=0
shrinkage=0.01


Tree=19
num_leaves=7
num_cat=0
split_feature=101 29 17 43 4 10
split_gain=1.85276 1.69989 0.395478 0.355911 0.170852 0.0456035
threshold=130.75529735000001 3.8714286770000004 0.69850821450000011 9.0000001375000007 0.35923118600000009 0.48367490500000004
decision_type=2 2 2 2 2 2
left_child=2 4 5 -4 -2 -1
right_child=1 -3 3 -5 -6 -7
leaf_value=-0.0063042905093872873 -0.0013697904981939705 0.0075483097556460115 0.0031612258901899787 -0.0033208121766756093 0.0029009143591958546 -0.0074587193104286324
leaf_weight=20 20 23 38 29 20 315
leaf_count=20 20 23 38 29 20 315
internal_value=-6.54789e-05 0.00151254 -0.000320258 0.000361357 0.000196078 -0.000463073
internal_weight=465 63 402 67 40 335
internal_count=465 63 402 67 40 335
is_linear=0
shrinkage=0.01


Tree=20
num_leaves=7
num_cat=0
split_feature=15 25 17 31 88 27
split_gain=2.38422 1.28409 0.334656 0.599708 0.299172 0.0451576
threshold=0.74893435700000011 1.6785714075000002 0.67622035700000016 2.4285714205000004 15.001428600000002 1.9428571505000003
decision_type=2 2 2 2 2 2
left_child=2 -2 5 4 -4 -1
right_child=1 -3 3 -5 -6 -7
leaf_value=-0.0056153218023751554 5.8023590654374474e-06 0.004283064952827687 0.001015590402586083 0.003881589123803634 -0.0019855203301060646 -0.0077147733501958362
leaf_weight=20 22 22 20 22 77 284
leaf_count=20 22 22 20 22 77 284
internal_value=-4.59599e-05 0.00214286 -0.000281973 0.000154424 -0.000168712 -0.000459318
internal_weight=467 44 423 119 97 304
internal_count=467 44 423 119 97 304
is_linear=0
shrinkage=0.01


Tree=21
num_leaves=8
num_cat=0
split_feature=101 69 17 46 6 19 10
split_gain=2.46056 4.51074 0.509958 0.68264 0.445809 0.0450771 0.0231242
threshold=129.80610175000001 28.580000400000003 0.68984860000000003 8.9500000555000003 0.5010275715000001 0.61687655100000016 0.61173359500000013
decision_type=2 2 2 2 2 2 2
left_child=2 4 5 -4 -2 -1 -5
right_child=1 -3 3 6 -6 -7 -8
leaf_value=-0.0071140445670458807 -0.003291456582942547 0.0042502284157726524 0.0080609808878351202 -0.0028234334142359018 0.0039400365654796389 -0.0072647309357935022 -0.003497146141927642
leaf_weight=279 40 23 33 20 20 20 33
leaf_count=279 40 23 33 20 20 20 33
internal_value=7.25255e-05 0.00162888 -0.000260498 0.000403226 0.000131579 -0.000458639 -0.000269517
internal_weight=468 83 385 86 60 299 53
internal_count=468 83 385 86 60 299 53
is_linear=0
shrinkage=0.01


Tree=22
num_leaves=8
num_cat=0
split_feature=63 20 66 0 32 68 0
split_gain=1.64689 1.56225 0.919472 0.612231 0.0403715 0.0455506 0.0180012
threshold=2.1700005530000004 113.62500000000001 0.64499998050000007 0.12681091700000002 3.1214285575000003 34.299999235000008 0.090650389000000012
decision_type=2 2 2 2 2 2 2
left_child=1 3 -2 6 5 -4 -1
right_child=2 -3 4 -5 -6 -7 -8
leaf_value=-0.00077536673766341884 0.0025232394832647824 0.003467523746580845 -0.0044904621996794784 0.0083100029822555151 -0.01928520161073544 -0.0047932340922287094 -0.0037060699520082745
leaf_weight=20 22 21 20 20 20 311 24
leaf_count=20 22 21 20 20 20 311 24
internal_value=-1.52573e-05 0.0012296 -0.000306314 0.000401234 -0.000436328 -0.000462628 -0.000223214
internal_weight=458 85 373 64 351 331 44
internal_count=458 85 373 64 351 331 44
is_linear=0
shrinkage=0.01


Tree=23
num_leaves=7
num_cat=0
split_feature=15 101 25 17 101 10
split_gain=1.45853 0.601293 0.78454 0.176732 0.668249 0.0449426
threshold=0.75473470250000008 131.61942115000002 1.6999999840000004 0.67622035700000016 104.80206725000001 0.48293992850000006
decision_type=2 2 2 2 2 2
left_child=1 3 -3 5 -5 -1
right_child=-2 2 -4 4 -6 -7
leaf_value=-0.0060362742695759392 0.0040578667044840469 -0.0032422006236764844 0.0043693199786529781 0.0072002997262953792 -0.0032097159552648752 -0.0089511791396780331
leaf_weight=20 37 20 20 24 67 271
leaf_count=20 37 20 20 24 67 271
internal_value=-3.80601e-05 -0.000210502 0.000931372 -0.000336991 2.7233e-05 -0.000457505
internal_weight=459 422 40 382 91 291
internal_count=459 422 40 382 91 291
is_linear=0
shrinkage=0.01


Tree=24
num_leaves=7
num_cat=0
split_feature=15 28 103 71 79 7
split_gain=1.85195 0.917965 0.590828 0.739463 0.994215 0.156828
threshold=0.74893435700000011 4.0214285510000005 23.911657220000006 1.2449998855000002 83.615000725000016 0.41203264750000007
decision_type=2 2 10 2 2 2
left_child=2 -2 5 4 -4 -1
right_child=1 -3 3 -5 -6 -7
leaf_value=0.0078599153305738273 2.9403052316519873e-05 0.0039725074691773265 -0.00040603060589158786 -0.0022243555373947063 0.0079210475636291803 -0.0055395083190439114
leaf_weight=21 21 22 38 53 29 279
leaf_count=21 21 22 38 53 29 279
internal_value=1.40145e-05 0.00197489 -0.000185361 0.000397351 0.00109882 -0.000425532
internal_weight=463 43 420 120 67 300
internal_count=463 43 420 120 67 300
is_linear=0
shrinkage=0.01


Tree=25
num_leaves=6
num_cat=0
split_feature=101 28 31 18 12
split_gain=2.04412 1.18892 0.504911 0.985463 0.153088
threshold=131.48502525000004 4.0571428200000001 2.4285714375 0.62823992900000014 0.74475050000000009
decision_type=2 2 2 2 2
left_child=2 -2 4 -4 -1
right_child=1 -3 3 -5 -6
leaf_value=-0.0054675236713397782 0.0034746998985918029 0.004150665676143475 -0.0056380440174879955 0.0096974878781135483 0.0053050753371170559
leaf_weight=347 37 21 33 20 22
leaf_count=347 37 21 33 20 22
internal_value=-5.82364e-05 0.00168367 -0.000305109 0.000585502 -0.000439427
internal_weight=480 58 422 53 369
internal_count=480 58 422 53 369
is_linear=0
shrinkage=0.01


Tree=26
num_leaves=6
num_cat=0
split_feature=15 68 63 17 29
split_gain=1.86158 0.377875 0.2225 0.398525 0.0927943
threshold=0.74893435700000011 34.810000895000009 2.0700001720000007 0.67547628550000016 4.1428571940000003
decision_type=2 2 2 2 2
left_child=1 -1 3 -3 -4
right_child=-2 2 4 -5 -6
leaf_value=0.0005066670180246751 0.0048171199765461468 -0.005513977008296026 -0.0040755246489585914 0.0034723715470112658 0.00067940308834035183
leaf_weight=28 38 30 299 20 37
leaf_count=28 38 30 299 20 37
internal_value=-5.30037e-05 -0.000253134 -0.000338676 0.000255905 -0.000433492
internal_weight=452 414 386 50 336
internal_count=452 414 386 50 336
is_linear=0
shrinkage=0.01


Tree=27
num_leaves=7
num_cat=0
split_feature=16 101 25 101 55 7
split_gain=1.45796 0.754073 1.35673 0.332137 0.511914 0.0429134
threshold=0.75045346700000015 130.16331580000002 1.6999999840000004 73.069060915000009 1.1000000085000001 0.40669402350000006
decision_type=2 2 2 2 2 2
left_child=1 3 -3 4 -1 -5
right_child=-2 2 -4 5 -6 -7
leaf_value=-0.011961619869234073 0.0052409242342894907 -0.00083006135445245154 0.0071771531078120765 -0.0028809877891560133 0.0074434958771155682 -0.0039714302962415545
leaf_weight=32 36 31 24 21 24 300
leaf_count=32 36 31 24 21 24 300
internal_value=-4.26633e-06 -0.00017098 0.000905018 -0.000334833 0.000352113 -0.000461467
internal_weight=468 432 55 377 56 321
internal_count=468 432 55 377 56 321
is_linear=0
shrinkage=0.01


Tree=28
num_leaves=7
num_cat=0
split_feature=18 27 37 43 57 7
split_gain=0.965302 1.5011 0.480807 0.477201 0.0451096 0.0348657
threshold=0.63328252850000011 2.2642857260000002 3.4285714120000006 4.950000010500001 6.8999999535000009 0.54321450000000004
decision_type=2 2 2 2 2 2
left_child=4 3 -3 -2 -1 -5
right_child=1 2 -4 5 -6 -7
leaf_value=-0.0072805816524036532 0.0076638717075316609 0.0078738779792919926 0.0020016464678517345 -0.0036999785828729453 -0.00023208172137921009 0.0004528109992588303
leaf_weight=281 21 20 20 76 20 20
leaf_count=281 21 20 20 76 20 20
internal_value=-0.000124237 0.000503802 0.00215686 -5.51784e-05 -0.000458913 -0.000371901
internal_weight=458 157 40 117 301 96
internal_count=458 157 40 117 301 96
is_linear=0
shrinkage=0.01


Tree=29
num_leaves=7
num_cat=0
split_feature=38 27 27 11 17 2
split_gain=0.941727 2.11756 0.147971 0.0560668 0.0908624 0.0253349
threshold=3.7285714065000004 2.2571428545000005 1.8714285705000002 0.56806121450000002 0.62112930950000012 0.29416990500000001
decision_type=2 2 2 2 2 2
left_child=1 5 -2 4 -4 -1
right_child=2 -3 3 -5 -6 -7
leaf_value=-0.0039790804976195413 0.0028195074582644574 0.005048960624357739 -0.020294432181495042 -0.0036689140016308427 0.00047367892637117714 -2.2013947474114339e-06
leaf_weight=38 20 27 34 312 20 20
leaf_count=38 20 27 34 312 20 20
internal_value=-0.000176982 0.000763403 -0.000390383 -0.000438931 -9.1241e-05 -0.000289116
internal_weight=471 85 386 366 54 58
internal_count=471 85 386 366 54 58
is_linear=0
shrinkage=0.01


Tree=30
num_leaves=5
num_cat=0
split_feature=13 20 91 18
split_gain=1.28539 0.427813 0.73125 0.281896
threshold=0.76652608500000008 140.19000000000003 8.6114286010000018 0.70722607100000012
decision_type=2 2 2 2
left_child=1 3 -3 -1
right_child=-2 2 -4 -5
leaf_value=-0.0034053074931425032 0.0038387024970070916 0.0034705305592151597 -0.0043926066649036333 0.0052958262893780762
leaf_weight=370 28 25 34 27
leaf_count=370 28 25 34 27
internal_value=-0.000165017 -0.000297723 0.000476589 -0.000418552
internal_weight=484 456 59 397
internal_count=484 456 59 397
is_linear=0
shrinkage=0.01


Tree=31
num_leaves=6
num_cat=0
split_feature=16 63 16 29 11
split_gain=1.13343 0.318164 0.642144 0.222947 0.375527
threshold=0.75253400000000015 2.0999999050000002 0.71026214300000012 4.1285714930000008 0.58886554750000009
decision_type=2 2 2 2 2
left_child=1 2 -1 -3 -5
right_child=-2 3 -4 4 -6
leaf_value=-0.0045358572247686446 0.003570176571659148 -0.0043730002775599136 0.0027000939701384047 0.0075862209589487584 -0.0027028021164028008
leaf_weight=41 23 332 29 22 36
leaf_count=41 23 332 29 22 36
internal_value=-0.000164324 -0.000277778 0.000324859 -0.000391505 0.000153061
internal_weight=483 460 70 390 58
internal_count=483 460 70 390 58
is_linear=0
shrinkage=0.01


Tree=32
num_leaves=7
num_cat=0
split_feature=14 17 8 11 33 2
split_gain=1.77345 0.632099 0.67334 0.356137 0.0452202 0.0304949
threshold=0.76021457150000005 0.67622035700000016 0.63403985750000014 0.60744985700000009 2.3499999640000007 0.24883721400000003
decision_type=2 2 2 2 2 2
left_child=1 4 3 -3 -1 -5
right_child=-2 2 -4 5 -6 -7
leaf_value=-0.0038977616502756185 0.0037413864560371557 0.0076957622042740691 0.0035060405576612429 -0.0030543542939193914 -0.0077502911690570863 -0.0011888498891137933
leaf_weight=20 32 24 24 20 288 54
leaf_count=20 32 24 24 20 288 54
internal_value=-4.10546e-05 -0.000215878 0.000382736 0 -0.000459845 -0.000334225
internal_weight=462 430 122 98 308 74
internal_count=462 430 122 98 308 74
is_linear=0
shrinkage=0.01


Tree=33
num_leaves=8
num_cat=0
split_feature=101 59 18 19 59 19 12
split_gain=1.41425 0.994058 0.376316 0.629946 0.104623 0.0395963 0.017352
threshold=131.48502525000004 1.1500000395000003 0.65860228550000011 0.58608225000000014 0.30000000800000004 0.59937400000000018 0.73448728600000013
decision_type=2 2 2 2 2 2 2
left_child=2 -2 5 -4 -5 6 -1
right_child=1 -3 3 4 -6 -7 -8
leaf_value=-0.0064480601050548618 0.0075598633697424181 0.0019041022737418865 0.0027420100768471966 0.00040933514245714345 -0.0015585393264306374 -0.012248928482865816 -0.0075688279534041839
leaf_weight=270 21 35 20 20 44 20 34
leaf_count=270 21 35 20 20 44 20 34
internal_value=-6.4544e-05 0.00140845 -0.000273973 0.000306604 -0.000154321 -0.000431035 -0.000459318
internal_weight=464 56 408 84 64 324 304
internal_count=464 56 408 84 64 324 304
is_linear=0
shrinkage=0.01


Tree=34
num_leaves=7
num_cat=0
split_feature=63 17 66 31 63 0
split_gain=1.64795 1.94553 0.256741 0.141172 0.0454965 0.0158575
threshold=2.1300001145000005 0.67622035700000016 0.64499998050000007 2.4285714205000004 2.3900008200000005 0.12610350000000001
decision_type=2 2 2 2 2 2
left_child=1 5 -2 4 -4 -1
right_child=2 -3 3 -5 -6 -7
leaf_value=-0.0050256133856755028 0.0030093658932335418 0.0082366536103105504 -0.0027460433018264853 0.0033658301673152513 -0.0045801937429063118 -0.0017245492704357013
leaf_weight=21 25 37 20 22 307 20
leaf_count=21 25 37 20 22 307 20
internal_value=-5.30037e-05 0.00125635 -0.000333511 -0.000407376 -0.000462172 -0.000203349
internal_weight=452 78 374 349 327 41
internal_count=452 78 374 349 327 41
is_linear=0
shrinkage=0.01


Tree=35
num_leaves=7
num_cat=0
split_feature=16 19 5 31 58 21
split_gain=1.72754 0.680144 0.91992 0.360024 0.134015 0.0423195
threshold=0.75706978600000008 0.55257603600000016 0.43137941450000006 2.4285714375 0.50000001100000013 1.0571428580000004
decision_type=2 2 2 2 2 2
left_child=1 5 3 4 -3 -1
right_child=-2 2 -4 -5 -6 -7
leaf_value=-0.0054578126146788107 0.0086691478356892959 0.0075380938068967231 0.0036134549313189498 0.0092428513306988536 -0.002873076707376917 -0.0044968475781358794
leaf_weight=263 20 20 33 24 85 21
leaf_count=263 20 20 33 24 85 21
internal_value=-2.35648e-05 -0.000158908 0.000350123 -1.92605e-05 -0.00028828 -0.000456461
internal_weight=466 446 162 129 105 284
internal_count=466 446 162 129 105 284
is_linear=0
shrinkage=0.01


Tree=36
num_leaves=6
num_cat=0
split_feature=63 91 101 12 7
split_gain=1.44767 1.65102 0.320124 0.146589 0.130202
threshold=2.1300001145000005 8.7678571090000013 132.61461630000005 0.74631739300000011 0.40947400000000006
decision_type=2 2 2 2 2
left_child=1 -1 3 4 -2
right_child=2 -3 -4 -5 -6
leaf_value=0.0032470399029883978 0.0046542795896637162 -0.0027008187455483047 0.0038756111231887601 0.0056321202754281074 -0.0044932294097591065
leaf_weight=36 26 39 20 20 324
leaf_count=36 26 39 20 20 324
internal_value=-6.54789e-05 0.00119393 -0.000314739 -0.000385653 -0.000436146
internal_weight=465 75 390 370 350
internal_count=465 75 390 370 350
is_linear=0
shrinkage=0.01


Tree=37
num_leaves=7
num_cat=0
split_feature=15 18 84 59 17 5
split_gain=1.69085 0.50783 0.709186 0.890497 0.0453697 0.0302359
threshold=0.75473470250000008 0.63328252850000011 5.4328571555000007 0.89999999450000012 0.67457342850000013 0.40449144400000003
decision_type=2 2 2 2 2 2
left_child=1 4 5 -4 -1 -3
right_child=-2 2 3 -5 -6 -7
leaf_value=-0.0068208342231120414 0.0052006900911026575 -0.0038622726032675847 0.0074235674251262995 9.4482971539687765e-05 -0.0018732163611885088 -0.0044518927677260024
leaf_weight=298 34 53 20 32 20 20
leaf_count=298 34 53 20 32 20 20
internal_value=-7.63919e-05 -0.000246733 0.000282194 0.00117424 -0.000461104 -0.000331978
internal_weight=477 443 125 52 318 73
internal_count=477 443 125 52 318 73
is_linear=0
shrinkage=0.01


Tree=38
num_leaves=6
num_cat=0
split_feature=15 36 16 68 0
split_gain=1.11918 0.601097 1.07305 0.11703 0.0216024
threshold=0.74893435700000011 3.4785713980000006 0.71026214300000012 34.810000895000009 0.10975664550000001
decision_type=2 2 2 2 2
left_child=1 2 4 -3 -1
right_child=-2 3 -4 -5 -6
leaf_value=-0.0087011620408488522 0.0041475250590249039 0.0043938418660428328 0.0051841866842696925 -0.0035495239939275424 -0.0016841944775456803
leaf_weight=30 38 29 24 310 20
leaf_count=30 38 29 24 310 20
internal_value=-9.62817e-05 -0.000252538 0.000548128 -0.000434079 -0.000255906
internal_weight=451 413 74 339 50
internal_count=451 413 74 339 50
is_linear=0
shrinkage=0.01


Tree=39
num_leaves=6
num_cat=0
split_feature=16 56 31 27 68
split_gain=1.84869 0.515581 0.293705 0.520281 0.045693
threshold=0.75706978600000008 12.000000015000001 2.4285714375 2.2428571245000004 34.214999675000008
decision_type=2 2 2 2 2
left_child=1 2 4 -4 -1
right_child=-2 -3 3 -5 -6
leaf_value=-0.00025850222396803512 0.0084368194537134209 0.0026756806026498985 -0.0057117560646874153 0.0078750675888373603 -0.0037240304431963977
leaf_weight=20 20 22 38 25 322
leaf_count=20 20 22 38 25 322
internal_value=-0.000115007 -0.000260636 -0.00034623 0.000258621 -0.000463827
internal_weight=447 427 405 63 342
internal_count=447 427 405 63 342
is_linear=0
shrinkage=0.01


Tree=40
num_leaves=5
num_cat=0
split_feature=101 28 17 76
split_gain=0.743691 0.560526 0.261277 0.452175
threshold=131.48502525000004 4.0571428200000001 0.69850821450000011 45.535000800000013
decision_type=2 2 2 2
left_child=2 -2 -1 -4
right_child=1 -3 3 -5
leaf_value=-0.006444043942776363 0.00074761776626038642 0.0036302776407747201 -0.0026556027940991575 0.0051386836421035429
leaf_weight=317 36 22 45 29
leaf_count=317 36 22 45 29
internal_value=-0.000205647 0.000833333 -0.000366258 0.000147059
internal_weight=449 58 391 74
internal_count=449 58 391 74
is_linear=0
shrinkage=0.01


Tree=41
num_leaves=6
num_cat=0
split_feature=16 19 101 101 55
split_gain=1.02916 0.343917 0.375073 0.399316 0.143775
threshold=0.75253400000000015 0.52634835700000016 77.303394425000008 130.16331580000002 1.0000000180025095e-35
decision_type=2 2 2 2 2
left_child=1 -1 -3 4 -4
right_child=-2 2 3 -5 -6
leaf_value=-0.0050453630097254589 0.007416532536775813 0.0071933335079179053 0.0010187488924649402 0.0047257310841286393 -0.0018382539752680375
leaf_weight=237 24 20 20 35 113
leaf_count=237 24 20 20 35 113
internal_value=-0.000116719 -0.000236026 7.41524e-05 -7.10902e-05 -0.000332586
internal_weight=449 425 188 168 133
internal_count=449 425 188 168 133
is_linear=0
shrinkage=0.01


Tree=42
num_leaves=6
num_cat=0
split_feature=13 101 5 37 39
split_gain=1.32252 0.553983 0.891089 0.175077 0.485465
threshold=0.76909365000000018 131.61942115000002 0.42315952350000002 3.4928571325000006 5.4714285990000002
decision_type=2 2 2 2 2
left_child=1 3 -3 4 -1
right_child=-2 2 -4 -5 -6
leaf_value=-0.0029670733363391807 0.0032646132328799384 -0.0011091788208867721 0.0033453531575869289 -0.0048807928003106937 0.0072100928590123504
leaf_weight=52 20 26 20 321 20
leaf_count=52 20 26 20 321 20
internal_value=-0.000146803 -0.000267167 0.000747863 -0.000392331 2.74724e-05
internal_weight=459 439 46 393 72
internal_count=459 439 46 393 72
is_linear=0
shrinkage=0.01


Tree=43
num_leaves=5
num_cat=0
split_feature=16 101 90 7
split_gain=1.44228 0.4831 0.301094 0.045941
threshold=0.75045346700000015 131.48502525000004 12.567857300000002 0.408022143
decision_type=2 2 2 2
left_child=1 2 -1 -4
right_child=-2 -3 3 -5
leaf_value=0.0025442914384968519 0.0053613619792350223 0.0023524963043585721 -0.0021131807037953632 -0.0048873480687122673
leaf_weight=24 32 37 20 343
leaf_count=24 32 37 20 343
internal_value=-0.000122592 -0.000282486 -0.000390665 -0.000465915
internal_weight=456 424 387 363
internal_count=456 424 387 363
is_linear=0
shrinkage=0.01


Tree=44
num_leaves=6
num_cat=0
split_feature=16 18 101 101 20
split_gain=1.15972 0.406516 0.605674 0.639453 0.0450607
threshold=0.75706978600000008 0.63328252850000011 95.400250690000021 131.48502525000004 190.87000000000003
decision_type=2 2 2 2 2
left_child=1 4 -3 -4 -1
right_child=-2 2 3 -5 -6
leaf_value=-0.0048997392464012321 0.0077431498092071669 0.0069050845713333831 -0.0016358105328153039 0.0061394133185564085 -0.0070012854819866436
leaf_weight=278 22 21 96 27 20
leaf_count=278 22 21 96 27 20
internal_value=-0.000129088 -0.000246161 0.000179558 -7.67368e-05 -0.000458501
internal_weight=464 442 144 123 298
internal_count=464 442 144 123 298
is_linear=0
shrinkage=0.01


Tree=45
num_leaves=7
num_cat=0
split_feature=101 25 17 101 13 0
split_gain=1.59129 1.03286 0.568501 0.796507 0.0455237 0.0261223
threshold=131.48502525000004 1.6999999840000004 0.68984860000000003 117.36670090000001 0.75315920000000014 0.13177510400000003
decision_type=2 2 2 2 2 2
left_child=2 -2 4 -4 -1 -5
right_child=1 -3 3 5 -6 -7
leaf_value=-0.0065183829701414685 0.00063582666154655997 0.0057018805698688824 0.0056763423692233602 0.00045665242738395894 -0.0011943766265605233 -0.0023286560591352016
leaf_weight=309 30 29 38 20 20 40
leaf_count=309 30 29 38 20 20 40
internal_value=-4.3139e-05 0.00147993 -0.000260636 0.000394737 -0.000462402 -0.000296053
internal_weight=486 59 427 98 329 60
internal_count=486 59 427 98 329 60
is_linear=0
shrinkage=0.01


Tree=46
num_leaves=5
num_cat=0
split_feature=16 18 20 8
split_gain=0.955214 0.342726 0.717778 0.308141
threshold=0.75045346700000015 0.63328252850000011 113.62500000000001 0.49981650000000005
decision_type=2 2 2 2
left_child=1 -1 3 -3
right_child=-2 2 -4 -5
leaf_value=-0.0058691959748466138 0.0028631486112352905 0.0095404234199272624 0.0025841138463838075 -0.0011133450348433515
leaf_weight=297 27 20 20 86
leaf_count=297 27 20 20 86
internal_value=-0.000184117 -0.000305569 0.000118296 -0.000196629
internal_weight=450 423 126 106
internal_count=450 423 126 106
is_linear=0
shrinkage=0.01


Tree=47
num_leaves=7
num_cat=0
split_feature=63 27 20 87 7 0
split_gain=1.39163 2.11205 0.542168 0.728306 0.145581 0.0173151
threshold=2.1300001145000005 2.2571428545000005 130.56500000000003 5.1757142710000013 0.40947400000000006 0.11824513000000002
decision_type=2 2 2 2 2 2
left_child=1 5 4 -4 -2 -1
right_child=2 -3 3 -5 -6 -7
leaf_value=-0.0037969067722233851 0.0062122229563186674 0.0046794196453138056 0.0033392359198878238 -0.014875683344337689 -0.0034585903993224489 -1.7903432099938276e-05
leaf_weight=23 23 32 23 26 314 20
leaf_count=23 23 32 23 26 314 20
internal_value=-4.00608e-05 0.00119393 -0.00028697 0.000672691 -0.000433689 -0.000216895
internal_weight=461 75 386 49 337 43
internal_count=461 75 386 49 337 43
is_linear=0
shrinkage=0.01


Tree=48
num_leaves=7
num_cat=0
split_feature=17 11 88 46 0 10
split_gain=0.88251 0.298165 0.138296 0.061324 0.0757048 0.0453841
threshold=0.73096514250000011 0.72879371400000015 14.872142930000001 13.399999850000002 0.13910420850000002 0.49696047150000006
decision_type=2 2 2 2 2 2
left_child=1 2 -1 5 -5 -4
right_child=-2 -3 3 4 -6 -7
leaf_value=0.0009191637699284827 0.002815987070334286 0.002563048801153594 -0.011658148557525486 0.00024802906477563503 -0.0011768352089080304 -0.0028907540874263484
leaf_weight=20 37 35 20 20 26 299
leaf_count=20 37 35 20 20 26 299
internal_value=-0.00014526 -0.000280418 -0.000364178 -0.000411427 -2.13676e-05 -0.000461226
internal_weight=457 420 385 365 46 319
internal_count=457 420 385 365 46 319
is_linear=0
shrinkage=0.01


Tree=49
num_leaves=7
num_cat=0
split_feature=101 29 70 75 9 31
split_gain=1.06961 1.54933 0.265844 0.360103 0.220242 0.0964579
threshold=130.16331580000002 3.8999999930000002 21.455000400000003 78.35999870000002 0.65677048350000011 2.0142857265000003
decision_type=2 2 2 2 2 2
left_child=2 4 3 -1 -2 -4
right_child=1 -3 5 -5 -6 -7
leaf_value=-0.0058273491143709865 -0.00098726994805759059 0.0035456950776369062 -0.00050586993041868799 0.0052945960530006711 0.0027734903831806209 -0.0049842207043905139
leaf_weight=24 34 20 36 20 20 329
leaf_count=24 34 20 36 20 20 329
internal_value=-0.000143655 0.000949198 -0.000347731 0.000357143 1.82481e-05 -0.000438764
internal_weight=483 74 409 44 54 365
internal_count=483 74 409 44 54 365
is_linear=0
shrinkage=0.01


Tree=50
num_leaves=7
num_cat=0
split_feature=16 18 23 0 101 52
split_gain=1.51194 0.366211 0.601635 0.160294 0.129153 0.0403419
threshold=0.75253400000000015 0.63711014300000013 1.8142857125000003 0.15394539600000004 131.48502525000004 9.8500000200000013
decision_type=2 2 2 2 2 2
left_child=1 5 4 -4 -3 -1
right_child=-2 2 3 -5 -6 -7
leaf_value=-0.0011638017645229962 0.007126481389142735 -0.0020926452027590302 0.0053797098563227513 0.00091726999677699934 0.0008575360829424861 -0.0061716800621584404
leaf_weight=22 24 75 20 20 20 294
leaf_count=22 24 75 20 20 20 294
internal_value=-0.000137663 -0.000273351 0.000150957 0.00117647 -0.00026618 -0.000460859
internal_weight=475 451 135 40 95 316
internal_count=475 451 135 40 95 316
is_linear=0
shrinkage=0.01


Tree=51
num_leaves=7
num_cat=0
split_feature=17 20 16 16 46 9
split_gain=1.2793 2.44602 0.551774 0.265389 0.0864648 0.0345506
threshold=0.67547628550000016 130.56500000000003 0.75253400000000015 0.69464373800000012 12.800000015000002 0.6687478750000001
decision_type=2 2 2 2 2 2
left_child=4 2 3 -2 -1 -5
right_child=1 -3 -4 5 -6 -7
leaf_value=-0.0078551589704352713 0.0070845498638035407 0.0029812090330977822 0.0073050377282074886 -0.001633509266314191 -0.0026885585211455353 -0.00072191285910859048
leaf_weight=269 20 23 23 74 39 20
leaf_count=269 20 23 23 74 39 20
internal_value=-4.69284e-05 0.000671642 0.000141509 -0.000130662 -0.000427461 -0.000369198
internal_weight=468 160 137 114 308 94
internal_count=468 160 137 114 308 94
is_linear=0
shrinkage=0.01


Tree=52
num_leaves=8
num_cat=0
split_feature=18 8 0 29 20 46 18
split_gain=1.02704 1.26965 0.86275 0.312193 0.126914 0.0739688 0.0710918
threshold=0.63515595200000019 0.63403985750000014 0.14519931950000003 3.9785714320000003 16.945000000000004 12.800000015000002 0.58405716100000016
decision_type=2 2 2 2 2 2 2
left_child=5 3 -3 4 -2 -1 -7
right_child=1 2 -4 -5 -6 6 -8
leaf_value=-0.0059660732910001082 0.0012648985511457067 0.0029710314693848178 0.0030037751869385187 0.0057105278631249716 -0.0016152912813160512 -0.0083176676188092165 5.1296584636167452e-05
leaf_weight=264 20 22 20 25 71 24 20
leaf_count=264 20 22 20 25 71 24 20
internal_value=-8.78322e-05 0.000560453 0.00203271 0 -0.000255991 -0.000427461 -1.17081e-10
internal_weight=466 158 42 116 91 308 44
internal_count=466 158 42 116 91 308 44
is_linear=0
shrinkage=0.01


Tree=53
num_leaves=7
num_cat=0
split_feature=101 29 20 16 0 16
split_gain=1.06482 0.815276 0.395882 0.434925 0.175454 0.167365
threshold=131.48502525000004 3.8999999930000002 140.19000000000003 0.6776522140000002 0.12807888550000004 0.74049957150000012
decision_type=2 2 2 2 2 2
left_child=2 4 5 -4 -2 -1
right_child=1 -3 3 -5 -6 -7
leaf_value=-0.0044357127673987215 -0.0020960288853218 0.0069455224285661643 -0.014265436556042939 0.00158034862035505 0.0021188770302010287 0.007861403928731938
leaf_weight=349 21 21 23 24 20 20
leaf_count=349 21 21 23 24 20 20
internal_value=-0.000139933 0.00106688 -0.000326296 0.000512552 0.000179426 -0.000439427
internal_weight=478 62 416 47 41 369
internal_count=478 62 416 47 41 369
is_linear=0
shrinkage=0.01


Tree=54
num_leaves=7
num_cat=0
split_feature=20 27 31 8 19 19
split_gain=1.56531 2.37068 0.398526 0.0686894 0.0500215 0.0969204
threshold=130.56500000000003 2.2571428330000005 2.5642857210000005 0.63403985750000014 0.61599130950000014 0.63906085700000015
decision_type=2 2 2 2 2 2
left_child=2 3 4 -2 -1 -6
right_child=1 -3 -4 -5 5 -7
leaf_value=-0.0043131874727266777 -0.0099561984399784264 0.0029766764049293944 0.0016342615127280156 0.0017869429183960048 0.00051921173449033238 -0.0016097355724273969
leaf_weight=313 23 21 31 20 20 38
leaf_count=313 23 21 31 20 20 38
internal_value=-0.000109255 0.00132716 -0.000345085 0 -0.000439753 -0.000119048
internal_weight=466 64 402 43 371 58
internal_count=466 64 402 43 371 58
is_linear=0
shrinkage=0.01


Tree=55
num_leaves=6
num_cat=0
split_feature=16 68 20 28 101
split_gain=0.984505 0.494498 0.512548 0.100032 0.0331236
threshold=0.75253400000000015 34.810000895000009 162.23500000000004 4.1857143300000006 132.04113905000003
decision_type=2 2 2 2 2
left_child=1 -1 3 4 -3
right_child=-2 2 -4 -5 -6
leaf_value=0.0033553399725112245 0.0025647194026661075 -0.0047809390382315114 0.0024105029117508208 0.0025281032060895979 -0.00099614865523270108
leaf_weight=32 24 304 36 31 25
leaf_count=32 24 304 36 31 25
internal_value=-7.50885e-05 -0.000191231 -0.000292339 -0.0004102 -0.000462402
internal_weight=452 428 396 360 329
internal_count=452 428 396 360 329
is_linear=0
shrinkage=0.01


Tree=56
num_leaves=7
num_cat=0
split_feature=15 18 27 6 18 23
split_gain=1.48079 0.556144 1.41 0.127491 0.0483104 0.0954834
threshold=0.75473470250000008 0.63711014300000013 2.2571428545000005 0.38203442850000008 0.59664671450000006 1.8285714135000002
decision_type=2 2 2 2 2 2
left_child=1 4 3 -3 -1 -6
right_child=-2 2 -4 -5 5 -7
leaf_value=-0.008722440892682445 0.0025702066256256097 0.0070144792103101119 0.0044932052636691196 -0.0010059181510032387 -0.0022103274524836848 5.8505854772658819e-05
leaf_weight=242 36 20 33 72 37 20
leaf_count=242 36 20 33 72 37 20
internal_value=-1.73612e-05 -0.000188324 0.000361685 -0.000258621 -0.000425284 -0.000112457
internal_weight=460 424 125 92 299 57
internal_count=460 424 125 92 299 57
is_linear=0
shrinkage=0.01


Tree=57
num_leaves=7
num_cat=0
split_feature=101 25 16 95 20 68
split_gain=1.35469 1.57206 0.496408 0.578203 0.101379 0.0451096
threshold=131.48502525000004 1.6999999840000004 0.72238614300000015 21.211428780000002 154.51500000000001 34.105000495000006
decision_type=2 2 2 2 2 2
left_child=2 -2 4 -4 5 -1
right_child=1 -3 3 -5 -6 -7
leaf_value=-0.0040447353749565648 -0.0011209677766873393 0.0058310932665984905 -0.00051626794539257612 0.0056435729526072296 -0.00032729263481891003 -0.0045366871557068426
leaf_weight=20 30 26 39 26 30 281
leaf_count=20 30 26 39 26 30 281
internal_value=-3.09188e-05 0.00140845 -0.000241936 0.000539514 -0.000402351 -0.000458913
internal_weight=452 56 396 65 331 301
internal_count=452 56 396 65 331 301
is_linear=0
shrinkage=0.01


Tree=58
num_leaves=8
num_cat=0
split_feature=14 101 89 18 76 20 31
split_gain=1.63947 0.898911 1.30328 0.339845 0.387377 0.0405283 0.0356317
threshold=0.77332535700000016 131.61942115000002 12.947857175000001 0.68323078550000005 44.174999715000006 6.6450000000000005 1.9785714320000001
decision_type=2 2 2 2 2 2 2
left_child=1 3 -3 5 -5 -1 -7
right_child=-2 2 -4 4 -6 6 -8
leaf_value=-0.005463793827062957 0.0025258683156547772 -0.0030972530744060342 0.0064306680526200616 -0.0026199622876397224 0.0065447064939824695 -0.0010127264674543055 -0.0057001056905562099
leaf_weight=20 21 25 23 26 27 24 313
leaf_count=20 21 25 23 26 27 24 313
internal_value=-3.64736e-05 -0.000167829 0.00110656 -0.000323759 0.000399628 -0.000437395 -0.000463292
internal_weight=479 458 48 410 53 357 337
internal_count=479 458 48 410 53 357 337
is_linear=0
shrinkage=0.01


Tree=59
num_leaves=7
num_cat=0
split_feature=13 20 17 101 10 1
split_gain=1.15552 0.461001 0.834268 0.421762 0.106597 0.0158575
threshold=0.76652608500000008 126.81500000000001 0.67622035700000016 132.01285560000002 0.51216585700000017 0.26014710700000004
decision_type=2 2 2 2 2 2
left_child=1 3 5 4 -1 -3
right_child=-2 2 -4 -5 -6 -7
leaf_value=0.00036407199804980528 0.0024682144170674273 -0.0071904893017566505 0.0024633921520512236 0.00443453223579431 -0.0046514183144598202 -0.0089005623321595836
leaf_weight=32 28 20 21 29 306 21
leaf_count=32 28 20 21 29 306 21
internal_value=-5.78857e-05 -0.00019195 0.000589172 -0.000330343 -0.000433884 -0.000203349
internal_weight=457 429 62 367 338 41
internal_count=457 429 62 367 338 41
is_linear=0
shrinkage=0.01


Tree=60
num_leaves=6
num_cat=0
split_feature=103 71 6 20 11
split_gain=0.760864 1.11623 0.734875 0.0870151 0.0452202
threshold=24.358773140000004 0.90500020950000015 0.51656864300000016 140.19000000000003 0.49372802400000004
decision_type=10 2 2 2 2
left_child=3 -2 -3 4 -1
right_child=1 2 -4 -5 -6
leaf_value=-0.0048207287244509288 0.0067245106440532981 -0.0028327774836437816 0.0020817836905203829 -0.0025794376036971834 -0.0051567262498023823
leaf_weight=20 22 76 31 35 288
leaf_count=20 22 76 31 35 288
internal_value=-0.000156515 0.000489214 4.17439e-05 -0.000405759 -0.000459845
internal_weight=472 129 107 343 308
internal_count=472 129 107 343 308
is_linear=0
shrinkage=0.01


Tree=61
num_leaves=8
num_cat=0
split_feature=18 76 25 103 8 46 16
split_gain=1.06307 1.19329 1.22254 0.613011 0.419498 0.174033 0.179847
threshold=0.63328252850000011 42.80000067000001 1.6999999840000004 23.911657220000006 0.62293923800000017 12.800000015000002 0.65264650000000002
decision_type=2 2 2 10 2 2 2
left_child=5 -2 4 -4 -3 -1 -7
right_child=1 2 3 -5 -6 6 -8
leaf_value=-0.0064118849034231319 -0.0025170368835947051 -0.001033504769374965 0.007580357500786802 0.0066532670158039398 0.0021346440554004635 -0.0094859339161938207 0.00016953396090369586
leaf_weight=279 63 34 23 23 20 22 20
leaf_count=279 63 34 23 23 20 22 20
internal_value=-6.18813e-05 0.000589133 0.00126984 0.00245726 0.00020073 -0.000399316 0.000163551
internal_weight=484 163 100 46 54 321 42
internal_count=484 163 100 46 54 321 42
is_linear=0
shrinkage=0.01


Tree=62
num_leaves=7
num_cat=0
split_feature=58 52 68 31 31 5
split_gain=0.866275 1.74645 0.355429 0.137369 0.145271 0.092457
threshold=10.350000360000001 11.399999795000001 34.810000895000009 1.9785714320000001 2.4285714205000004 0.37910417850000006
decision_type=2 2 2 2 2 2
left_child=2 -2 -1 -4 -5 -3
right_child=1 5 3 4 -6 -7
leaf_value=0.0034492676894036555 0.0026928317509332649 0.0007979969815825838 0.00016135185435044253 -0.0040988102118212182 -0.00014861348367216826 -0.0013660764990099947
leaf_weight=31 24 20 21 307 23 35
leaf_count=31 24 20 21 307 23 35
internal_value=-8.33695e-05 0.000858396 -0.000284744 -0.000379477 -0.000432285 -9.85664e-05
internal_weight=461 79 382 351 330 55
internal_count=461 79 382 351 330 55
is_linear=0
shrinkage=0.01


Tree=63
num_leaves=7
num_cat=0
split_feature=15 19 20 31 31 6
split_gain=1.23497 0.337114 0.863077 0.312453 0.0439257 0.0377424
threshold=0.75473470250000008 0.52634835700000016 102.74500000000002 2.4285714205000004 2.0142857265000003 0.3481688215
decision_type=2 2 2 2 2 2
left_child=1 4 3 5 -1 -3
right_child=-2 2 -4 -5 -6 -7
leaf_value=-0.0044053003930261707 0.0041948452021321391 -0.0019210630711117894 0.0024653975330085542 0.0080245854954534134 -0.005460939181801361 -0.0015694114014003838
leaf_weight=20 34 20 24 31 222 99
leaf_count=20 34 20 24 31 222 99
internal_value=-5.10205e-05 -0.000206334 0.000120137 -0.00015252 -0.000448929 -0.000396494
internal_weight=450 416 174 150 242 119
internal_count=450 416 174 150 242 119
is_linear=0
shrinkage=0.01


Tree=64
num_leaves=7
num_cat=0
split_feature=58 63 43 55 57 38
split_gain=0.508611 0.591649 0.878089 0.118991 0.237647 0.0892094
threshold=0.25000000350000007 2.0999999050000002 9.100000105500003 1.1000000085000001 4.1000000425000005 3.7071428215000002
decision_type=2 2 2 2 2 2
left_child=-1 2 -2 -3 -5 -4
right_child=1 3 5 4 -6 -7
leaf_value=0.00068207354489039924 0.0022679306191210314 -0.0044495195348399005 -0.001164414063902253 0.0051472674827215958 -0.0043552076046416083 0.00076427973909976574
leaf_weight=20 20 304 33 20 41 20
leaf_count=20 20 304 33 20 41 20
internal_value=-0.000167829 -0.000243847 0.000562331 -0.000411427 0 -8.36432e-05
internal_weight=458 438 73 365 61 53
internal_count=458 438 73 365 61 53
is_linear=0
shrinkage=0.01


Tree=65
num_leaves=7
num_cat=0
split_feature=101 5 18 101 28 58
split_gain=1.0892 1.31082 0.265779 0.474643 0.115428 0.0431041
threshold=131.48502525000004 0.43584972850000009 0.6834761075000001 115.69645150000001 4.1857143300000006 0.25000000350000007
decision_type=2 2 2 2 2 2
left_child=2 -2 4 -4 5 -1
right_child=1 -3 3 -5 -6 -7
leaf_value=-0.0022330110929603933 -0.00040852846574017799 0.0027305195262188665 0.0069649662683958103 -0.0009091786947309509 -0.00058719866460658302 -0.0054100205434124563
leaf_weight=21 29 21 26 35 27 314
leaf_count=21 29 21 26 35 27 314
internal_value=-0.000136134 0.00124016 -0.000305569 0.000283171 -0.000410695 -0.000463073
internal_weight=473 50 423 61 362 335
internal_count=473 50 423 61 362 335
is_linear=0
shrinkage=0.01


Tree=66
num_leaves=8
num_cat=0
split_feature=101 69 20 19 43 19 19
split_gain=1.12264 1.84747 0.403878 0.464142 0.10487 0.0838111 0.056572
threshold=130.16331580000002 28.640000345000004 140.19000000000003 0.46519402400000004 9.3000000865000008 0.62516771400000015 0.65927292850000019
decision_type=2 2 2 2 2 2 2
left_child=2 4 5 -4 -2 -1 -7
right_child=1 -3 3 -5 -6 6 -8
leaf_value=-0.0047806025917305015 0.0023409891461663467 0.0033050988463096151 -0.012872089516267273 0.00096366302252868087 -0.0011723977062764667 0.0064141746878255343 -0.0050411521065263408
leaf_weight=320 30 22 23 23 28 21 20
leaf_count=320 30 22 23 23 28 21 20
internal_value=-0.000105576 0.000965346 -0.000322462 0.000534188 0 -0.000438087 0
internal_weight=487 80 407 46 58 361 41
internal_count=487 80 407 46 58 361 41
is_linear=0
shrinkage=0.01


Tree=67
num_leaves=7
num_cat=0
split_feature=18 27 101 84 57 31
split_gain=0.97221 1.38149 0.266677 0.220955 0.0394389 0.0425778
threshold=0.65407409500000013 2.2571428545000005 131.83848035000003 5.3307142770000011 6.6999999545000009 1.9999999915000002
decision_type=2 2 2 2 2 2
left_child=2 3 4 -2 5 -1
right_child=1 -3 -4 -5 -6 -7
leaf_value=-0.004066457245465678 -0.002807869891937508 0.0057072586227228583 0.0021446700611066054 0.0037135859258644799 -0.0029126314990152035 -0.0052520869527662006
leaf_weight=21 46 33 25 34 20 278
leaf_count=21 46 33 25 34 20 278
internal_value=-7.97293e-05 0.000716169 -0.000348028 0 -0.000429956 -0.000458639
internal_weight=457 113 344 80 319 299
internal_count=457 113 344 80 319 299
is_linear=0
shrinkage=0.01


Tree=68
num_leaves=7
num_cat=0
split_feature=16 20 103 31 103 93
split_gain=1.84867 0.605813 0.823359 0.203148 0.379679 0.0458846
threshold=0.75706978600000008 162.23500000000004 23.962523665000003 2.4285714375 26.397590145000006 12.914285725000001
decision_type=2 2 10 2 8 2
left_child=1 3 -3 5 -5 -1
right_child=-2 2 -4 4 -6 -7
leaf_value=-0.0013562884785375384 0.0075668989098414113 -0.010994347522661572 0.0026909699684808152 0.0059861310472933858 -0.0014129149470502545 -0.0040247381828944174
leaf_weight=20 20 22 20 22 37 338
leaf_count=20 20 22 20 22 37 338
internal_value=-0.000119842 -0.000255546 0.000864486 -0.000374581 0.00014214 -0.00046544
internal_weight=479 459 42 417 59 358
internal_count=479 459 42 417 59 358
is_linear=0
shrinkage=0.01


Tree=69
num_leaves=7
num_cat=0
split_feature=16 17 58 5 79 1
split_gain=1.24254 0.468246 0.64762 0.111033 0.0483651 0.0954834
threshold=0.75045346700000015 0.68161828600000007 10.299999860000002 0.36405807150000008 95.604997635000018 0.25584164250000002
decision_type=2 2 2 2 2 2
left_child=1 4 3 -3 -1 -6
right_child=-2 2 -4 -5 5 -7
leaf_value=-0.0055071247389417276 0.0020620977408889775 0.0065214184275304947 0.0053238389179263348 -0.00064166214461265322 0.00074489736131935552 -0.0068392377022388415
leaf_weight=243 27 20 34 50 20 37
leaf_count=243 27 20 34 50 20 37
internal_value=-7.75823e-05 -0.000222332 0.000343511 -0.000183616 -0.000425532 -0.000112457
internal_weight=431 404 104 70 300 57
internal_count=431 404 104 70 300 57
is_linear=0
shrinkage=0.01


Tree=70
num_leaves=8
num_cat=0
split_feature=18 18 20 1 29 45 16
split_gain=1.18933 0.554176 0.699773 0.792798 0.381725 0.241032 0.0441421
threshold=0.72694092850000003 0.59664671450000006 113.62500000000001 0.25447076200000007 4.0571428880000004 15.249999855 0.69752910700000015
decision_type=2 2 2 2 2 2 2
left_child=1 6 4 -4 5 -3 -1
right_child=-2 2 3 -5 -6 -7 -8
leaf_value=-0.0083706109132749267 0.0024654231063987275 -0.0014897992298725114 0.0020261742366451418 -0.00071779565984628148 0.0057934690656767564 0.0051155433965251471 -0.0034754368815620622
leaf_weight=231 20 107 20 20 23 26 20
leaf_count=231 20 107 20 20 23 26 20
internal_value=-2.45833e-05 -0.000137338 0.000254065 0.00142157 -3.82654e-05 -0.000257848 -0.000450755
internal_weight=467 447 196 40 156 133 251
internal_count=467 447 196 40 156 133 251
is_linear=0
shrinkage=0.01


Tree=71
num_leaves=6
num_cat=0
split_feature=16 18 103 100 0
split_gain=1.50608 0.244181 0.269965 0.388256 0.031695
threshold=0.75045346700000015 0.63328252850000011 24.358773140000004 23.373571670000004 0.16271763550000004
decision_type=2 2 10 2 2
left_child=1 -1 4 -4 -3
right_child=-2 2 3 -5 -6
leaf_value=-0.0050798324672643169 0.0021411978903290306 -0.0074272137933403841 0.0058504300364321249 -0.00079194692629264705 -0.0011361175139841264
leaf_weight=290 32 20 23 31 59
leaf_count=290 32 20 23 31 59
internal_value=-0.000165643 -0.000329165 1.12106e-05 0.000565693 -0.000344612
internal_weight=455 423 133 54 79
internal_count=455 423 133 54 79
is_linear=0
shrinkage=0.01


Tree=72
num_leaves=7
num_cat=0
split_feature=14 101 25 17 75 31
split_gain=1.12191 0.712821 0.878386 0.442334 0.788481 0.0877518
threshold=0.77332535700000016 131.66297095000002 1.7071428595000002 0.69850821450000011 78.399998665000012 2.4285714375
decision_type=2 2 2 2 2 2
left_child=1 3 -3 5 -5 -1
right_child=-2 2 -4 4 -6 -7
leaf_value=-0.0063320646721462936 0.002238886094071559 -0.0015643289482482371 0.0060130592891948463 -0.0018038848358883305 0.0064269352661788385 -0.000109766296073504
leaf_weight=296 21 20 23 43 32 39
leaf_count=296 21 20 23 43 32 39
internal_value=-3.15924e-05 -0.000142133 0.00106164 -0.000275073 0.000402375 -0.000433294
internal_weight=474 453 43 410 75 335
internal_count=474 453 43 410 75 335
is_linear=0
shrinkage=0.01


Tree=73
num_leaves=7
num_cat=0
split_feature=15 52 19 101 102 8
split_gain=1.37845 0.553098 0.26112 0.420035 0.426089 0.038849
threshold=0.74893435700000011 11.399999995000002 0.52634835700000016 81.500992945000021 28.518319975000004 0.61602023800000005
decision_type=2 2 2 2 10 2
left_child=2 -2 -1 -4 5 -5
right_child=1 -3 3 4 -6 -7
leaf_value=-0.0057287874976776855 0.002623605787090011 0.0019622090631698018 0.0061749873937635971 -0.001087451243499873 0.0056500818404263331 -0.0015457174121438399
leaf_weight=252 20 21 20 111 25 20
leaf_count=252 20 21 20 111 25 20
internal_value=-0.00011175 0.00161483 -0.000284515 0 -0.000165816 -0.000405918
internal_weight=469 41 428 176 156 131
internal_count=469 41 428 176 156 131
is_linear=0
shrinkage=0.01


Tree=74
num_leaves=6
num_cat=0
split_feature=101 50 20 20 47
split_gain=1.18915 0.922483 0.320458 0.163316 0.263478
threshold=131.48502525000004 3.9000000060000004 154.51500000000001 16.420000000000005 3.6000000535000001
decision_type=2 2 2 2 2
left_child=2 -2 3 4 -1
right_child=1 -3 -4 -5 -6
leaf_value=-0.0093787337959453047 0.002941271546841834 -0.00093213922806224217 0.00081174524641792925 -0.0039365563832089445 0.0081628788255445617
leaf_weight=45 29 26 34 288 30
leaf_count=45 29 26 34 288 30
internal_value=-9.71733e-05 0.00126344 -0.000292861 -0.000383453 6.59619e-06
internal_weight=452 55 397 363 75
internal_count=452 55 397 363 75
is_linear=0
shrinkage=0.01


Tree=75
num_leaves=7
num_cat=1
split_feature=15 104 27 14 21 2
split_gain=1.12935 0.325209 1.6695 0.155421 0.0430243 0.033148
threshold=0.75473470250000008 0 2.3142857000000006 0.74928500000000009 1.0571428580000004 0.32564159500000006
decision_type=2 1 2 2 2 2
left_child=1 2 5 4 -3 -1
right_child=-2 3 -4 -5 -6 -7
leaf_value=-0.002091337783741281 0.0049485560002110801 -0.0028163694229003254 0.0068231838162521831 0.00086520624601407314 -0.0077984385918068158 -0.0032710472922326595
leaf_weight=66 30 308 20 20 21 20
leaf_count=66 30 308 20 20 21 20
internal_value=-0.000124537 -0.000253401 0.000214041 -0.000396053 -0.000462402 -0.000357143
internal_weight=485 455 106 349 329 86
internal_count=485 455 106 349 329 86
cat_boundaries=0 1
cat_threshold=672959520
is_linear=0
shrinkage=0.01


Tree=76
num_leaves=6
num_cat=0
split_feature=16 18 68 4 5
split_gain=1.40269 0.252085 0.460824 0.357807 0.0342222
threshold=0.75706978600000008 0.63711014300000013 40.12000036500001 0.31774021450000006 0.34845830950000006
decision_type=2 2 2 2 2
left_child=1 -1 4 -4 -3
right_child=-2 2 3 -5 -6
leaf_value=-0.0046058526685580446 0.0021662974141412007 -0.001725735159475319 -0.0021919675584279753 0.004775243514371438 -0.0010721357272699787
leaf_weight=319 20 20 21 20 72
leaf_count=319 20 20 21 20 72
internal_value=-0.000219966 -0.000340106 1.12106e-05 0.000897129 -0.000366379
internal_weight=472 452 133 41 92
internal_count=472 452 133 41 92
is_linear=0
shrinkage=0.01


Tree=77
num_leaves=8
num_cat=0
split_feature=20 52 58 17 53 28 67
split_gain=0.866759 0.917308 0.511382 0.419164 0.314339 0.124437 0.035553
threshold=154.51500000000001 14.449999895000001 13.199999845000002 0.69393428550000003 60.299998505000012 4.1857143300000006 0.239999771
decision_type=2 2 2 2 2 2 2
left_child=2 -2 4 -4 5 6 -1
right_child=1 -3 3 -5 -6 -7 -8
leaf_value=-0.0051571982611442989 0.0020830084866244169 -0.0068832095253989504 -0.0038397650035350223 0.0098720503683019673 2.4761427235665163e-05 0.0032959197238258109 -0.0034876779497798873
leaf_weight=24 20 24 25 20 21 25 307
leaf_count=24 20 24 25 20 21 25 307
internal_value=-6.64097e-05 0.00125 -0.000210502 0.000775109 -0.000334833 -0.000409193 -0.000462628
internal_weight=466 44 422 45 377 356 331
internal_count=466 44 422 45 377 356 331
is_linear=0
shrinkage=0.01


Tree=78
num_leaves=8
num_cat=0
split_feature=16 101 102 20 23 18 11
split_gain=1.50463 0.971782 0.83828 0.310251 0.57972 0.141799 0.0456165
threshold=0.75706978600000008 131.48502525000004 26.400644640000003 130.56500000000003 1.7999999945000003 0.70722607100000012 0.48925350000000006
decision_type=2 2 10 2 2 2 2
left_child=1 3 -3 5 -5 6 -1
right_child=-2 2 -4 4 -6 -7 -8
leaf_value=-0.0041685707323846667 0.0068975921862118898 0.0020427804059283319 0.0018438537369352777 -0.0035659671628174945 0.00051227387988407765 0.0055179524514550196 -0.0039532361623590678
leaf_weight=20 22 21 33 32 22 22 316
leaf_count=20 22 21 33 32 22 22 316
internal_value=-4.09177e-06 -0.000130677 0.00111314 -0.000300388 0.000383212 -0.000409699 -0.000463183
internal_weight=488 466 54 412 54 358 336
internal_count=488 466 54 412 54 358 336
is_linear=0
shrinkage=0.01


Tree=79
num_leaves=7
num_cat=0
split_feature=103 7 4 66 7 20
split_gain=1.11349 1.3799 0.438515 0.264596 0.111176 0.11167
threshold=25.045844445000004 0.57458057150000008 0.38737950000000004 2.3549995425000003 0.40947400000000006 140.19000000000003
decision_type=10 2 2 2 2 2
left_child=4 3 -3 -2 -1 -6
right_child=1 2 -4 -5 5 -7
leaf_value=0.0048551950153896475 0.00031695644660861057 0.0025210134920855953 0.0016069289096102288 -0.0017902073314321814 -0.0038274408534150249 -0.0002677372918398491
leaf_weight=25 20 20 24 53 274 30
leaf_count=25 20 20 24 53 274 30
internal_value=-6.93824e-05 0.000759762 0.00214286 -6.09757e-05 -0.000371437 -0.000426509
internal_weight=446 117 44 73 329 304
internal_count=446 117 44 73 329 304
is_linear=0
shrinkage=0.01


Tree=80
num_leaves=6
num_cat=0
split_feature=101 69 18 101 8
split_gain=0.592898 0.704738 0.280819 0.5326 0.0325544
threshold=131.48502525000004 28.234999660000003 0.63711014300000013 102.80794240000002 0.61436555350000011
decision_type=2 2 2 2 2
left_child=2 -2 -1 -4 -5
right_child=1 -3 3 4 -6
leaf_value=-0.0055704389103293298 -0.00086913464604653141 0.0032673875621903664 0.0050886929877939618 -0.0014771217209307026 -0.00054101890055269664
leaf_weight=290 31 21 36 63 20
leaf_count=290 31 21 36 63 20
internal_value=-0.000191642 0.000795454 -0.000323329 7.09515e-05 -0.000352029
internal_weight=461 52 409 119 83
internal_count=461 52 409 119 83
is_linear=0
shrinkage=0.01


Tree=81
num_leaves=7
num_cat=0
split_feature=15 23 18 23 17 52
split_gain=1.4339 0.874362 0.289038 0.664131 0.180261 0.0425283
threshold=0.74893435700000011 1.7428571540000004 0.63711014300000013 1.7857142985000001 0.69710014300000012 9.8500000200000013
decision_type=2 2 2 2 2 2
left_child=2 -2 5 -4 -5 -1
right_child=1 -3 3 4 -6 -7
leaf_value=-0.00078681079618513712 -0.0010125239451833957 0.0055849875355227455 -0.00034222037204217036 0.0017623141901335815 0.0066663383178684164 -0.0048429552775119747
leaf_weight=21 21 27 66 21 20 275
leaf_count=21 21 27 66 21 20 275
internal_value=-9.62817e-05 0.00151639 -0.000295939 0.000134508 0.00113636 -0.000458221
internal_weight=451 48 403 107 41 296
internal_count=451 48 403 107 41 296
is_linear=0
shrinkage=0.01


Tree=82
num_leaves=8
num_cat=0
split_feature=16 101 88 31 27 11 31
split_gain=0.786328 0.478293 0.115086 0.116958 0.211874 0.0372951 0.0352383
threshold=0.75301769650000006 132.01285560000002 14.872142930000001 2.4285714375 2.2285714105000003 0.72418721450000012 1.9571428385000003
decision_type=2 2 2 2 2 2 2
left_child=1 2 -1 5 -5 6 -4
right_child=-2 -3 3 4 -6 -7 -8
leaf_value=0.00023337687306386912 0.0070768721235295422 0.00030963828729764487 -0.0029436951516142412 -0.0044826963187089017 0.0059700956257756309 -0.0052398733617973351 -0.0044097322851513092
leaf_weight=21 21 34 24 31 20 21 285
leaf_count=21 21 34 24 31 20 21 285
internal_value=-0.000123416 -0.00021978 -0.000320258 -0.000362755 4.82624e-05 -0.000432285 -0.000459974
internal_weight=457 436 402 381 51 330 309
internal_count=457 436 402 381 51 330 309
is_linear=0
shrinkage=0.01


Tree=83
num_leaves=7
num_cat=0
split_feature=10 20 82 7 63 7
split_gain=1.32744 0.429377 0.667989 0.167363 0.0752552 0.0710918
threshold=0.71924578600000011 140.19000000000003 7.6842856405000015 0.41948735750000005 2.0999999050000002 0.54156116650000008
decision_type=2 2 2 2 2 2
left_child=1 3 -3 -1 5 -5
right_child=-2 2 -4 4 -6 -7
leaf_value=0.0063004868849736518 0.0017584832532295998 -0.0013508102050883413 0.0021549947615323735 -0.0012492448866896946 -0.0031033187209591109 0.00050788242737374477
leaf_weight=38 33 28 25 24 291 20
leaf_count=38 33 28 25 24 291 20
internal_value=-8.15573e-05 -0.000236645 0.000585502 -0.000359818 -0.000433294 -1.17081e-10
internal_weight=459 426 53 373 335 44
internal_count=459 426 53 373 335 44
is_linear=0
shrinkage=0.01


Tree=84
num_leaves=8
num_cat=0
split_feature=58 18 46 91 77 13 0
split_gain=1.05639 0.667334 0.37065 0.589145 0.297839 0.0456035 0.0158575
threshold=0.25000000350000007 0.70722607100000012 12.250000030000001 8.6057143550000017 37.999999525000007 0.54564147500000015 0.17002076400000002
decision_type=2 2 2 2 2 2 2
left_child=-1 2 4 -4 -2 -6 -5
right_child=1 -3 3 6 5 -7 -8
leaf_value=0.0031181799592834699 0.0014696884788255298 0.003108188216967215 0.00084244136128033668 -0.004258119207456286 -0.0068872167342302086 -0.0043571208681244351 -0.0037001205918416116
leaf_weight=22 24 34 20 21 20 315 20
leaf_count=22 24 34 20 21 20 315 20
internal_value=-3.35572e-05 -0.00014292 -0.000256654 0.000444984 -0.000382157 -0.000463073 -0.000203349
internal_weight=476 454 420 61 359 335 41
internal_count=476 454 420 61 359 335 41
is_linear=0
shrinkage=0.01


Tree=85
num_leaves=7
num_cat=0
split_feature=101 91 36 4 70 4
split_gain=1.20054 0.831017 0.317643 0.508897 0.307242 0.0451734
threshold=131.48502525000004 8.6057143550000017 4.1071428230000011 0.37732353600000007 20.080000875000003 0.45483942850000009
decision_type=2 2 2 2 2 2
left_child=2 -2 4 -4 -1 -6
right_child=1 -3 3 -5 5 -7
leaf_value=0.0016880907108998472 0.0028313711560281297 -0.00021107156949953535 0.0066415711190459048 -0.0033822633756520151 -0.0045086508500922582 -0.013860172507310999
leaf_weight=23 29 23 32 34 285 20
leaf_count=23 29 23 32 34 285 20
internal_value=-4.7001e-05 0.00136364 -0.000240628 0.000374251 -0.000371046 -0.000459451
internal_weight=446 52 394 66 328 305
internal_count=446 52 394 66 328 305
is_linear=0
shrinkage=0.01


Tree=86
num_leaves=7
num_cat=0
split_feature=18 23 2 103 47 22
split_gain=0.975281 1.04383 0.884762 1.1873 0.352466 0.0993513
threshold=0.62823992900000014 1.6928571290000003 0.27510092900000011 26.400856380000004 3.6000000535000001 2.4214286040000004
decision_type=2 2 2 8 2 2
left_child=5 -2 4 -4 -3 -1
right_child=1 2 3 -5 -6 -7
leaf_value=-0.0062069917243016502 -0.00398672385496774 -0.0029611592556704441 0.0055308700779733815 0.00018228486631432513 0.0089257397220379713 -3.1685481201149598e-05
leaf_weight=276 63 31 22 26 22 34
leaf_count=276 63 31 22 26 22 34
internal_value=-9.47769e-05 0.000521845 0.00115422 0.00213115 0.000213755 -0.000427928
internal_weight=474 164 101 48 53 310
internal_count=474 164 101 48 53 310
is_linear=0
shrinkage=0.01


Tree=87
num_leaves=7
num_cat=0
split_feature=101 69 10 58 17 23
split_gain=0.773219 0.689864 0.431149 0.269262 0.0766213 0.278369
threshold=131.48502525000004 28.234999660000003 0.71924578600000011 0.25000000350000007 0.68524642850000006 1.7999999945000003
decision_type=2 2 2 2 2 2
left_child=2 -2 3 -1 -5 -6
right_child=1 -3 -4 4 5 -7
leaf_value=0.00048215553391732074 -0.00080236399110338702 0.0029609746054752675 0.00089992481174941451 -0.0067416882680786652 -0.00094732955842125033 0.0019469134840744439
leaf_weight=24 25 24 25 269 61 20
leaf_count=24 25 24 25 269 61 20
internal_value=-9.3583e-05 0.0010743 -0.000243872 -0.000333511 -0.00040764 -0.000103912
internal_weight=448 49 399 374 350 81
internal_count=448 49 399 374 350 81
is_linear=0
shrinkage=0.01


Tree=88
num_leaves=7
num_cat=0
split_feature=18 20 31 6 20 53
split_gain=1.14901 1.69469 1.05019 0.133571 0.0918501 0.0444703
threshold=0.63328252850000011 130.56500000000003 2.4285714205000004 0.37085234700000008 154.51500000000001 57.150000100000007
decision_type=2 2 2 2 2 2
left_child=4 2 3 -2 5 -1
right_child=1 -3 -4 -5 -6 -7
leaf_value=-0.0063246308388884053 0.0061483712842397755 0.0030167120077912407 0.0091796393178425646 -0.001285763770572363 -0.0011459053711134358 -0.0014895225869965274
leaf_weight=246 20 24 35 84 32 20
leaf_count=246 20 24 35 84 32 20
internal_value=-1.84064e-05 0.000650183 0.000203863 -0.00028626 -0.000391566 -0.000453523
internal_weight=461 163 139 104 298 266
internal_count=461 163 139 104 298 266
is_linear=0
shrinkage=0.01


Tree=89
num_leaves=8
num_cat=0
split_feature=18 96 18 52 46 100 8
split_gain=0.939641 1.11371 0.577425 0.831553 0.341155 0.594671 0.0757048
threshold=0.63328252850000011 16.257142815000005 0.70545036450000009 11.200000170000001 12.250000030000001 23.832857270000002 0.57989378550000004
decision_type=2 2 2 2 2 2 2
left_child=4 -2 3 -3 -1 -6 -5
right_child=1 2 -4 6 5 -7 -8
leaf_value=-0.0049237085202688269 -0.0022934586176680152 0.0028708283159301247 0.0062717688275054466 0.0034281060849589641 0.00052442760344241317 -0.0032252245367146845 -0.00015129650608546521
leaf_weight=250 58 35 20 20 22 34 26
leaf_count=250 58 35 20 20 22 34 26
internal_value=-1.07354e-06 0.000616395 0.00125246 0.000825183 -0.000329205 0.000352113 -2.13676e-05
internal_weight=465 159 101 81 306 56 46
internal_count=465 159 101 81 306 56 46
is_linear=0
shrinkage=0.01


Tree=90
num_leaves=7
num_cat=0
split_feature=101 50 18 10 13 7
split_gain=1.40875 1.10506 0.443335 1.1895 0.152371 0.0449426
threshold=131.48502525000004 3.9000000060000004 0.65407409500000013 0.6531102860000001 0.75557692500000007 0.40947400000000006
decision_type=2 2 2 2 2 2
left_child=2 -2 4 -4 5 -1
right_child=1 -3 3 -5 -6 -7
leaf_value=-0.0020777518527821904 0.0027030647900070383 -0.0007996177937774334 -0.0017133488382354023 0.0056441918232641979 0.00034060432104531224 -0.0049062763370063449
leaf_weight=20 29 24 64 39 20 271
leaf_count=20 29 24 64 39 20 271
internal_value=-3.20662e-06 0.00151487 -0.000204918 0.000351638 -0.000396087 -0.000457505
internal_weight=467 53 414 103 311 291
internal_count=467 53 414 103 311 291
is_linear=0
shrinkage=0.01


Tree=91
num_leaves=8
num_cat=0
split_feature=101 29 15 101 18 29 0
split_gain=0.524574 0.704738 0.284009 0.460089 0.0507935 0.092457 0.0272148
threshold=131.48502525000004 3.8714286770000004 0.71916755950000011 116.01929460000001 0.63711014300000013 3.9285713775000004 0.24670375000000003
decision_type=2 2 2 2 2 2 2
left_child=2 -2 4 -4 -1 -6 -5
right_child=1 -3 3 6 5 -7 -8
leaf_value=-0.0059288568119063205 -0.0015693310244002646 0.0060595529289226629 0.0047449801913689391 -0.0002665750591388999 -0.0022875645077948112 0.00061316031801448624 -0.0067854048992092332
leaf_weight=233 31 21 36 43 35 20 20
leaf_count=233 31 21 36 43 35 20 20
internal_value=-0.000130741 0.000795454 -0.000261733 0.000185371 -0.000422438 -9.85664e-05 -0.000305643
internal_weight=439 52 387 99 288 55 63
internal_count=439 52 387 99 288 55 63
is_linear=0
shrinkage=0.01


Tree=92
num_leaves=9
num_cat=0
split_feature=20 14 68 31 20 56 56 0
split_gain=1.19351 1.21032 0.291802 0.392969 0.379213 0.364656 0.0451891 0.015083
threshold=154.51500000000001 0.72629519050000013 34.944999695000007 2.4285714205000004 37.955000000000005 0.8500000015000001 10.050000175000003 0.11349313200000001
decision_type=2 2 2 2 2 2 2 2
left_child=2 -2 5 6 -5 -1 -4 -6
right_child=1 -3 3 4 7 -7 -8 -9
leaf_value=0.0060410621119596003 -0.003914419088183527 0.0017772511311976065 -0.0029004242484126754 0.0091746764299974574 -0.0016937893657746118 -0.012019208550508529 -0.0016359695637640404 -7.6222083227539054e-05
leaf_weight=26 31 20 286 26 20 21 20 20
leaf_count=26 31 20 286 26 20 21 20 20
internal_value=-2.76127e-05 0.00139961 -0.000208433 -0.000305794 0.000374251 0.000512552 -0.000459583 -0.000196079
internal_weight=470 51 419 372 66 47 306 40
internal_count=470 51 419 372 66 47 306 40
is_linear=0
shrinkage=0.01


Tree=93
num_leaves=7
num_cat=0
split_feature=15 20 36 13 20 46
split_gain=1.09234 0.445042 0.256296 0.367199 0.040398 0.045564
threshold=0.76214888550000015 162.23500000000004 4.1999999630000007 0.65255918350000008 136.94500000000002 15.600000030000002
decision_type=2 2 2 2 2 2
left_child=1 2 4 -4 5 -1
right_child=-2 -3 3 -5 -6 -7
leaf_value=-0.003296249944338529 0.0017116004669867305 0.0016750508268990785 0.0061369574981172039 -0.0032653431188844045 -0.0039526244489770527 -0.0015262675288095719
leaf_weight=312 23 37 20 25 20 20
leaf_count=312 23 37 20 25 20 20
internal_value=-0.000123416 -0.00024149 -0.000343137 0.000338428 -0.000436508 -0.000462741
internal_weight=457 434 397 45 352 332
internal_count=457 434 397 45 352 332
is_linear=0
shrinkage=0.01


Tree=94
num_leaves=7
num_cat=0
split_feature=103 8 52 58 12 8
split_gain=0.665896 1.30144 1.12202 0.319553 0.202607 0.11645
threshold=25.045844445000004 0.62638573800000008 11.250000010000003 0.25000000350000007 0.57757257100000003 0.52705778550000015
decision_type=10 2 2 2 2 2
left_child=3 5 -3 -1 -5 -2
right_child=1 2 -4 4 -6 -7
leaf_value=0.0010163442263730527 0.0061327754269527414 0.0020571208987243063 0.00020106787888374956 0.0014840082814753452 -0.0043705776634496768 -0.00095552009190688278
leaf_weight=20 20 21 23 36 265 56
leaf_count=20 20 21 23 36 265 56
internal_value=-6.45089e-05 0.000562914 0.00191964 -0.000306091 -0.000392644 -0.000208333
internal_weight=441 120 44 321 301 76
internal_count=441 120 44 321 301 76
is_linear=0
shrinkage=0.01


Tree=95
num_leaves=8
num_cat=0
split_feature=18 52 49 38 13 52 18
split_gain=1.06669 1.13424 1.23108 0.820925 0.15341 0.0426425 0.0343882
threshold=0.63515595200000019 11.250000010000003 0.65000000600000007 4.8499999725000009 0.75403299200000007 9.8500000200000013 0.70808342850000006
decision_type=2 2 2 2 2 2 2
left_child=4 2 -2 6 5 -1 -3
right_child=1 3 -4 -5 -6 -7 -8
leaf_value=-0.00089300691418889853 -0.00074612039261727373 -0.0018774388627243034 0.0019040275706037769 0.006805284395925381 0.00025228675524537308 -0.0045999131339694611 -0.00022124003600508259
leaf_weight=21 21 73 29 20 20 282 20
leaf_count=21 21 73 29 20 20 282 20
internal_value=-6.36813e-05 0.000589133 0.00183071 1.31809e-05 -0.000399938 -0.000459184 -0.000367804
internal_weight=486 163 50 113 323 303 93
internal_count=486 163 50 113 323 303 93
is_linear=0
shrinkage=0.01


Tree=96
num_leaves=7
num_cat=0
split_feature=101 25 20 16 39 49
split_gain=1.24062 0.839566 0.26292 0.344926 0.100425 0.0456035
threshold=131.48502525000004 1.6999999840000004 140.19000000000003 0.67656719050000003 6.3642856735000004 1.3500000015000004
decision_type=2 2 2 2 2 2
left_child=2 -2 4 -4 5 -1
right_child=1 -3 3 -5 -6 -7
leaf_value=-0.0032355873448177211 -0.0010661316344774911 0.004605219677849339 -0.015743979096257302 0.00089596512123894887 0.0016656954760259535 4.783629928107103e-05
leaf_weight=315 25 30 22 20 31 20
leaf_count=315 25 30 22 20 31 20
internal_value=-0.000128288 0.00126344 -0.000322896 0.000397196 -0.000411669 -0.000463073
internal_weight=463 55 408 42 366 335
internal_count=463 55 408 42 366 335
is_linear=0
shrinkage=0.01


Tree=97
num_leaves=8
num_cat=0
split_feature=103 82 88 27 1 103 6
split_gain=1.12336 1.47214 0.829379 0.160392 0.11004 0.0807066 0.0639114
threshold=24.358773140000004 7.6407142030000008 15.762857095000003 2.4714285735000003 0.23832592850000003 19.197317160000001 0.45154082150000002
decision_type=10 2 2 2 2 8 2
left_child=3 4 -3 5 -2 6 -1
right_child=1 2 -4 -5 -6 -7 -8
leaf_value=0.00045193361751344588 -0.0038358839051175595 0.0046966018623729507 0.0013285636459236417 0.00022183862227171273 0.0013412244427850116 -0.0033000535094032607 -0.0069479449326232002
leaf_weight=20 49 29 26 38 20 253 21
leaf_count=20 49 29 26 38 20 253 21
internal_value=-3.50264e-05 0.000769231 0.00198029 -0.000342548 -0.000179083 -0.000424016 0
internal_weight=456 124 55 332 69 294 41
internal_count=456 124 55 332 69 294 41
is_linear=0
shrinkage=0.01


Tree=98
num_leaves=8
num_cat=0
split_feature=20 13 19 63 39 88 19
split_gain=1.32138 1.03048 0.418782 0.407135 0.447689 0.0994655 0.0758519
threshold=154.51500000000001 0.71531968750000008 0.55647033350000019 1.6650004385000001 6.1357142925000012 14.992142815000003 0.58722628600000004
decision_type=2 2 2 2 2 2 2
left_child=2 -2 5 -4 6 -1 -5
right_child=1 -3 3 4 -6 -7 -8
leaf_value=-1.4179449286442413e-05 -0.00028081138844390162 0.0016956254108548936 0.0083107185960711455 0.002032543149817709 0.0062819657131929678 -0.0033299628838592168 -0.00095904094951188208
leaf_weight=33 26 20 25 32 30 231 76
leaf_count=33 26 20 25 32 30 231 76
internal_value=3.16577e-06 0.00160256 -0.000167134 0.000222833 0 -0.000415408 -0.000294118
internal_weight=473 46 427 163 138 264 108
internal_count=473 46 427 163 138 264 108
is_linear=0
shrinkage=0.01


Tree=99
num_leaves=8
num_cat=0
split_feature=101 87 17 101 46 17 5
split_gain=0.848763 0.853792 0.281596 0.496101 0.0745672 0.0710918 0.0244948
threshold=131.48502525000004 4.919285748500001 0.69850821450000011 116.36960995000003 12.250000030000001 0.62112930950000012 0.41014957150000003
decision_type=2 2 2 2 2 2 2
left_child=2 -2 4 -4 -1 -6 -5
right_child=1 -3 3 6 5 -7 -8
leaf_value=-0.0047660587640431708 0.0047748415418829458 -0.00046473509511468699 0.0055195801883698792 -0.0021324051973980089 -0.006329124039303499 3.5613059564332531e-05 -7.0216073311828999e-05
leaf_weight=276 28 31 25 36 24 20 20
leaf_count=276 28 31 25 36 24 20 20
internal_value=-0.000125868 0.000978261 -0.000294923 0.000213936 -0.000430175 -1.17081e-10 -0.00028169
internal_weight=460 59 401 81 320 44 56
internal_count=460 59 401 81 320 44 56
is_linear=0
shrinkage=0.01


Tree=100
num_leaves=7
num_cat=0
split_feature=101 4 10 88 101 53
split_gain=0.659784 0.708665 0.37909 0.131223 0.0786348 0.0405113
threshold=131.48502525000004 0.36167550000000009 0.71924578600000011 14.81857143 70.137508020000013 58.250000580000005
decision_type=2 2 2 2 2 2
left_child=2 -2 3 -1 -5 -6
right_child=1 -3 -4 4 5 -7
leaf_value=7.9061323425285042e-05 -0.00014592204561029626 0.0017075533525148573 0.00066535828542830491 0.00037419733418969371 -0.0034740633638953777 -0.0010080649271943874
leaf_weight=21 31 26 29 39 306 22
leaf_count=21 31 26 29 39 306 22
internal_value=-0.0001369 0.000856401 -0.000278842 -0.000365226 -0.000411909 -0.000462287
internal_weight=474 57 417 388 367 328
internal_count=474 57 417 388 367 328
is_linear=0
shrinkage=0.01


Tree=101
num_leaves=7
num_cat=0
split_feature=20 52 18 31 103 36
split_gain=0.710609 1.04798 0.644488 0.0887156 0.254368 0.0453405
threshold=140.19000000000003 13.500000135000002 0.70722607100000012 2.4285714205000004 25.976974940000002 4.3928571260000009
decision_type=2 2 2 2 8 2
left_child=2 -2 3 5 -5 -1
right_child=1 -3 -4 4 -6 -7
leaf_value=-0.0041107978686233358 0.001562056831803065 -0.0041544141842821862 0.0055207581425730243 0.0016073280729474483 -0.0016936046591237194 -0.00063884904963442768
leaf_weight=296 21 33 29 20 48 20
leaf_count=296 21 33 29 20 48 20
internal_value=-0.000131467 0.000930657 -0.000276704 -0.000389813 -2.90699e-05 -0.000460859
internal_weight=467 54 413 384 68 316
internal_count=467 54 413 384 68 316
is_linear=0
shrinkage=0.01


Tree=102
num_leaves=8
num_cat=0
split_feature=20 17 57 4 17 102 28
split_gain=0.926162 0.883227 0.319998 0.554254 0.235307 0.39858 0.0450275
threshold=154.51500000000001 0.62259057150000008 0.89999999100000017 0.38097314300000001 0.70588341050000014 24.482091070000006 4.1571429120000003
decision_type=2 2 2 2 2 10 2
left_child=2 -2 3 -1 6 -6 -4
right_child=1 -3 4 -5 5 -7 -8
leaf_value=0.0057236035518656338 -0.01087485197528687 0.0017234068651788192 -0.0037083937148484933 -0.0010221294334765635 -0.0017003502627078173 0.0054175545902628575 -0.0011572857059432317
leaf_weight=21 20 32 276 25 42 31 20
leaf_count=21 20 32 276 25 42 31 20
internal_value=-6.73366e-05 0.00117424 -0.000229678 0.000534188 -0.00033126 0.000155826 -0.000458221
internal_weight=467 52 415 46 369 73 296
internal_count=467 52 415 46 369 73 296
is_linear=0
shrinkage=0.01


Tree=103
num_leaves=6
num_cat=0
split_feature=103 5 91 31 6
split_gain=1.09119 1.39883 2.99584 0.224405 0.11645
threshold=24.358773140000004 0.43466569050000009 8.6478572235000026 2.0142857265000003 0.40804366650000007
decision_type=10 2 2 2 2
left_child=3 4 -3 -1 -2
right_child=1 2 -4 -5 -6
leaf_value=0.00034323355811738664 0.0051505477681898296 0.0024439303656187648 -0.0022815528277363292 -0.003117164921774618 -0.0020125901353728747
leaf_weight=33 20 30 29 290 56
leaf_count=33 20 30 29 290 56
internal_value=-8.06453e-05 0.000666421 0.00181438 -0.000399938 -0.000208333
internal_weight=458 135 59 323 76
internal_count=458 135 59 323 76
is_linear=0
shrinkage=0.01


Tree=104
num_leaves=5
num_cat=0
split_feature=13 17 95 7
split_gain=0.589389 0.349159 0.642144 0.095466
threshold=0.75677550850000019 0.70428482150000016 21.056428640000004 0.41948735750000005
decision_type=2 2 2 2
left_child=1 3 -3 -1
right_child=-2 2 -4 -5
leaf_value=-0.0018769180954817145 0.00056741161660220558 -0.0014928420107060234 0.0051501708915356196 -0.0032681085949442905
leaf_weight=36 39 41 29 304
leaf_count=36 39 41 29 304
internal_value=-0.000183415 -0.000299416 0.000324859 -0.000434272
internal_weight=449 410 70 340
internal_count=449 410 70 340
is_linear=0
shrinkage=0.01


Tree=105
num_leaves=7
num_cat=0
split_feature=101 28 46 54 9 74
split_gain=0.738366 0.752837 0.224641 0.2914 0.106464 0.0454127
threshold=131.48502525000004 4.0285713670000005 12.250000030000001 9.0500001905000023 0.50185125000000019 42.840000155000006
decision_type=2 2 2 2 2 2
left_child=2 -2 4 -4 -1 -6
right_child=1 -3 3 -5 5 -7
leaf_value=0.0023602352100146611 -0.00072988948374730193 0.0013755928337545692 0.00021295082527443798 -0.0043698036081456981 -0.0025667361297978569 -0.0032357060442965995
leaf_weight=29 23 32 23 24 20 301
leaf_count=29 23 32 23 24 20 301
internal_value=-0.000163428 0.000905018 -0.000317999 0.000303347 -0.00040764 -0.000461467
internal_weight=452 55 397 47 350 321
internal_count=452 55 397 47 350 321
is_linear=0
shrinkage=0.01


Tree=106
num_leaves=8
num_cat=0
split_feature=18 84 101 18 10 13 89
split_gain=1.33987 1.1779 0.773122 0.500976 0.692297 0.137905 0.0944853
threshold=0.62823992900000014 5.2685713770000007 131.48502525000004 0.65577471450000002 0.6531102860000001 0.75505309150000011 14.02571423
decision_type=2 2 2 2 2 2 2
left_child=5 -2 3 -3 -5 6 -1
right_child=1 2 -4 4 -6 -7 -8
leaf_value=-0.0043459133918461431 -0.0037303891922891505 -0.0020117609062427232 0.0038965079928360937 -0.00017267384832542491 0.0067374275766393108 0.00023803934602777252 -0.0041104786048884465
leaf_weight=238 51 33 34 25 20 20 35
leaf_count=238 51 33 34 25 20 20 35
internal_value=4.37827e-05 0.000772283 0.00134752 0.000748731 0.00143013 -0.000355684 -0.000418189
internal_weight=456 163 112 78 45 293 273
internal_count=456 163 112 78 45 293 273
is_linear=0
shrinkage=0.01


Tree=107
num_leaves=7
num_cat=0
split_feature=20 52 17 44 0 103
split_gain=1.14703 2.12989 0.561667 0.157342 0.0799496 0.0458846
threshold=130.56500000000003 11.899999860000003 0.7348106430000001 10.0000000905 0.14764960450000003 27.836040485000002
decision_type=2 2 2 2 2 10
left_child=2 -2 3 5 -3 -1
right_child=1 4 -4 -5 -6 -7
leaf_value=-0.0029750224186509931 0.0018139897983063269 -0.0066962429841039822 0.0086115703412453903 0.0013383894977975258 0.00026534656391879173 -0.0014311905732913965
leaf_weight=338 20 28 22 20 20 20
leaf_count=338 20 28 22 20 20 20
internal_value=-0.000110922 0.00107558 -0.000319361 -0.000414467 -4.09837e-05 -0.00046544
internal_weight=468 68 400 378 48 358
internal_count=468 68 400 378 48 358
is_linear=0
shrinkage=0.01


Tree=108
num_leaves=6
num_cat=0
split_feature=15 16 27 18 13
split_gain=0.804475 0.354245 0.654714 0.768999 0.33116
threshold=0.75473470250000008 0.66486142900000011 2.2571428545000005 0.64417014300000008 0.65935020000000011
decision_type=2 2 2 2 2
left_child=1 -1 4 -4 -3
right_child=-2 2 3 -5 -6
leaf_value=-0.0074225847490640585 0.0013848090659264384 0.0030506201218596053 -0.0019278474258851723 0.0049066891807932915 -0.0015628518610654371
leaf_weight=207 28 20 36 23 119
leaf_count=207 28 20 36 23 119
internal_value=-7.95299e-05 -0.000198374 9.55733e-05 0.000978261 -0.00026824
internal_weight=433 405 198 59 139
internal_count=433 405 198 59 139
is_linear=0
shrinkage=0.01


Tree=109
num_leaves=9
num_cat=0
split_feature=101 0 41 12 46 32 9 45
split_gain=1.0616 0.877503 1.43553 0.339802 0.218655 0.38051 0.10866 0.0450771
threshold=131.48502525000004 0.12219471650000001 2.3999999685000004 0.74631739300000011 12.250000030000001 2.9499999880000005 0.50846252500000011 17.550000160000003
decision_type=2 2 2 2 2 2 2 2
left_child=3 -2 -3 4 6 -6 -1 -8
right_child=1 2 -4 -5 5 -7 7 -9
leaf_value=0.0021211408417166899 -0.0020277050777903829 0.0053157021641417699 -1.7302374205379707e-05 0.0026778570938322229 0.00048603237832911306 -0.0037423509123592005 -0.0030104105295908311 -0.00074212023360912128
leaf_weight=28 22 23 20 29 20 27 279 20
leaf_count=28 22 23 20 29 20 27 279 20
internal_value=-2.55974e-05 0.00114742 0.00197489 -0.000221644 -0.00030683 0.000303347 -0.000401159 -0.000458639
internal_weight=468 65 43 403 374 47 327 299
internal_count=468 65 43 403 374 47 327 299
is_linear=0
shrinkage=0.01


Tree=110
num_leaves=8
num_cat=0
split_feature=103 5 43 17 30 52 0
split_gain=0.569117 0.967901 1.22984 0.143012 0.0392767 0.034997 0.0304949
threshold=24.358773140000004 0.43647588100000007 9.3000000865000008 0.74174346400000013 4.6857142790000008 9.899999719000002 0.13548095150000003
decision_type=10 2 2 2 2 2 2
left_child=3 6 -3 4 5 -1 -2
right_child=1 2 -4 -5 -6 -7 -8
leaf_value=-7.6360692820615677e-05 -0.0018187798200386617 0.0019485780472144609 -0.0011279012220022679 0.0010157890702235395 -0.018567098259960946 -0.0042186797835730974 -0.00018456562548732603
leaf_weight=24 54 35 22 20 20 270 20
leaf_count=24 54 35 22 20 20 270 20
internal_value=-0.000151353 0.000398331 0.00137543 -0.000373357 -0.000428844 -0.000457938 -0.000334225
internal_weight=465 131 57 334 314 294 74
internal_count=465 131 57 334 314 294 74
is_linear=0
shrinkage=0.01


Tree=111
num_leaves=8
num_cat=1
split_feature=101 104 27 29 18 27 53
split_gain=0.738795 0.475565 0.766951 0.214093 0.138808 0.431275 0.0445517
threshold=134.04162220000003 0 2.3285714305000007 3.7642857005000008 0.65860228550000011 2.2642857260000002 57.150000100000007
decision_type=2 1 2 2 2 2 2
left_child=1 2 3 -1 6 -6 -3
right_child=-2 4 -4 -5 5 -7 -8
leaf_value=0.00025179043005693624 0.0028124366837048061 -0.0056805062695899971 0.00075737661040323754 -0.0054794184357049346 -0.0014278819669933632 0.0040253496130305093 -0.00077873515631115761
leaf_weight=35 21 250 22 47 53 22 20
leaf_count=35 21 250 22 47 53 22 20
internal_value=-7.00936e-05 -0.000161183 0.000400697 0 -0.000338674 6.59619e-06 -0.00045421
internal_weight=470 449 104 82 345 75 270
internal_count=470 449 104 82 345 75 270
cat_boundaries=0 1
cat_threshold=581174336
is_linear=0
shrinkage=0.01


Tree=112
num_leaves=9
num_cat=0
split_feature=103 39 27 103 58 36 14 0
split_gain=0.988287 0.938628 0.524237 1.08713 0.142113 0.0606413 0.0838677 0.0282128
threshold=23.925738300000003 6.0714286055000004 2.2428571540000006 26.465459855000002 0.25000000350000007 4.1999999630000007 0.66298000000000001 0.13910420850000002
decision_type=10 2 2 8 2 2 2 2
left_child=4 2 7 -4 -1 -6 -7 -2
right_child=1 -3 3 -5 5 6 -8 -9
leaf_value=0.0010475782314541694 -0.0027355356907252854 0.0013712419652568881 0.0047148001542704097 -0.0011613498912621293 -0.0054644565497696078 0.00033002485219238989 -0.0017550693244401988 -0.0013640145693184621
leaf_weight=20 46 22 26 25 256 20 30 20
leaf_count=20 46 22 26 25 256 20 30 20
internal_value=-6.54789e-05 0.000633047 0.000250424 0.00101351 -0.000370257 -0.000426988 -5.90552e-05 -0.000314371
internal_weight=465 139 117 51 326 306 50 66
internal_count=465 139 117 51 326 306 50 66
is_linear=0
shrinkage=0.01


Tree=113
num_leaves=9
num_cat=0
split_feature=103 25 6 103 31 39 10 7
split_gain=0.922354 1.02078 0.643683 0.444721 0.311083 0.0896558 0.0446307 0.031233
threshold=23.925738300000003 1.7000000180000001 0.52418547150000017 26.641877765000004 2.0142857265000003 6.3642856735000004 0.49315400000000004 0.55824983950000007
decision_type=10 2 2 10 2 2 2 2
left_child=4 2 7 -3 -1 6 -6 -2
right_child=1 3 -4 -5 5 -7 -8 -9
leaf_value=0.00030353653266937462 -0.0020204330946366859 0.0046238010867220057 0.0013416089282555085 0.0026406908782349798 -0.011258932666633466 9.2212486413592934e-05 -0.0041714770361271809 6.3676892237306544e-05
leaf_weight=35 57 22 23 22 20 33 254 20
leaf_count=35 57 22 23 22 20 33 254 20
internal_value=-2.05435e-06 0.000662983 7.9365e-05 0.00191964 -0.000288798 -0.000394737 -0.000454876 -0.000340617
internal_weight=486 144 100 44 342 307 274 77
internal_count=486 144 100 44 342 307 274 77
is_linear=0
shrinkage=0.01


Tree=114
num_leaves=8
num_cat=0
split_feature=18 27 20 7 46 54 7
split_gain=0.898742 1.10396 0.884295 0.281335 0.246133 0.37161 0.0302359
threshold=0.64417014300000008 2.2571428545000005 28.005000000000006 0.53204535700000011 12.250000030000001 8.6000002620000018 0.44568550000000007
decision_type=2 2 2 2 2 2 2
left_child=4 3 -3 6 -1 -6 -2
right_child=1 2 -4 -5 5 -7 -8
leaf_value=-0.005756848927652566 -0.0024897908558176298 0.0052369660212002534 0.0038652172185983879 0.0044060440429135699 0.00037880359294113964 -0.0036866255445832776 -0.0015102306123304884
leaf_weight=265 20 22 23 28 21 30 53
leaf_count=265 20 22 23 28 21 30 53
internal_value=-6.26622e-05 0.000579019 0.00186681 0 -0.000366162 0.000241313 -0.000331978
internal_weight=462 146 45 101 316 51 73
internal_count=462 146 45 101 316 51 73
is_linear=0
shrinkage=0.01


Tree=115
num_leaves=8
num_cat=0
split_feature=101 24 17 27 103 54 15
split_gain=0.688331 0.789684 0.299545 0.494432 0.699359 0.304889 0.0395564
threshold=131.48502525000004 1.7928571275000003 0.62259057150000008 2.2642857260000002 27.435329450000001 21.499999825000003 0.74513178550000014
decision_type=2 2 2 2 8 2 2
left_child=2 -2 -1 5 -5 6 -4
right_child=1 -3 3 4 -6 -7 -8
leaf_value=-0.0074663527981809344 0.0022154887523820224 -0.0007269838657153945 -0.0017014916690780797 0.0041179586173567366 -0.00019912439768720688 0.00097311233921790424 -0.0037239685916186671
leaf_weight=198 30 21 120 20 38 20 20
leaf_count=198 30 21 120 20 38 20 20
internal_value=-6.73366e-05 0.00101351 -0.000206334 4.11333e-05 0.000833333 -0.000236319 -0.000411932
internal_weight=467 51 416 218 58 160 140
internal_count=467 51 416 218 58 160 140
is_linear=0
shrinkage=0.01


Tree=116
num_leaves=8
num_cat=0
split_feature=18 76 4 83 88 18 2
split_gain=0.668442 0.763446 0.597573 1.23226 0.144261 0.208868 0.0662955
threshold=0.62823992900000014 42.80000067000001 0.33419702350000008 5.9978571790000013 15.022857120000003 0.56392716650000019 0.24660942850000003
decision_type=2 2 2 2 2 2 2
left_child=4 -2 6 -4 5 -1 -3
right_child=1 2 3 -5 -6 -7 -8
leaf_value=-0.0056382383830039561 -0.0016256623607331328 0.0056883982624116166 0.0065786326616666677 -6.6924986300931052e-06 -0.0034798240911296319 0.00023453306442691697 -0.0023310426496940605
leaf_weight=30 64 20 31 32 270 20 22
leaf_count=30 64 20 31 32 270 20 22
internal_value=-0.000127603 0.000373969 0.000902646 0.00151254 -0.000399003 5.9055e-05 0
internal_weight=489 169 105 63 320 50 42
internal_count=489 169 105 63 320 50 42
is_linear=0
shrinkage=0.01


Tree=117
num_leaves=7
num_cat=0
split_feature=18 20 59 23 31 53
split_gain=1.05931 1.45715 0.63465 0.775041 0.198318 0.0441881
threshold=0.59664671450000006 130.56500000000003 0.89999999450000012 1.6928571290000003 2.4285714375 49.199999815000005
decision_type=2 2 2 2 2 2
left_child=5 2 3 -2 -4 -1
right_child=1 -3 4 -5 -6 -7
leaf_value=-0.0066759513771016922 -0.0027587643672495727 0.001987469490096296 -0.0016654104831761913 0.0057220077196928777 0.0054883406986731423 -0.0038806923603354189
leaf_weight=233 22 33 97 36 30 20
leaf_count=233 22 33 97 36 30 20
internal_value=-7.41852e-06 0.000498172 0.000137244 0.0010034 -0.000246479 -0.000451143
internal_weight=471 218 185 58 127 253
internal_count=471 218 185 58 127 253
is_linear=0
shrinkage=0.01


Tree=118
num_leaves=7
num_cat=0
split_feature=18 52 19 8 66 26
split_gain=0.461144 0.814163 1.38512 0.315718 0.0432262 0.100956
threshold=0.63711014300000013 11.200000095000002 0.57475292850000004 0.51703335700000019 2.4650001525000005 1.7571428415000001
decision_type=2 2 2 2 2 2
left_child=4 2 -2 -3 5 -1
right_child=1 3 -4 -5 -6 -7
leaf_value=-0.00031320762821161079 0.0013935348229348898 0.0083569695955877255 -0.00062629442282136679 -0.00049776829216897564 -0.0055643407571849494 0.00025339804623554887
leaf_weight=41 20 20 28 95 248 20
leaf_count=41 20 20 28 95 248 20
internal_value=-0.000198816 0.000222833 0.00131148 -0.000220207 -0.000427695 -0.000137541
internal_weight=472 163 48 115 309 61
internal_count=472 163 48 115 309 61
is_linear=0
shrinkage=0.01


Tree=119
num_leaves=7
num_cat=0
split_feature=20 52 55 57 29 87
split_gain=1.08053 1.0776 0.297359 0.310462 0.103315 0.0452202
threshold=154.51500000000001 14.449999895000001 1.0499999970000002 4.1000000425000005 3.7285714320000003 3.7049999420000006
decision_type=2 2 2 2 2 2
left_child=2 -2 5 -4 -5 -1
right_child=1 -3 3 4 -6 -7
leaf_value=-0.0010319913969788752 0.0013696009610418883 -0.0014271921384262243 0.0053399259648191132 -0.0033969412822925059 0.0020455857538787393 -0.0027810567247090845
leaf_weight=20 23 27 22 46 38 288
leaf_count=20 23 27 22 46 38 288
internal_value=-0.000129088 0.00124016 -0.00030135 0.000140449 -0.000117925 -0.000459845
internal_weight=464 50 414 106 84 308
internal_count=464 50 414 106 84 308
is_linear=0
shrinkage=0.01


Tree=120
num_leaves=7
num_cat=0
split_feature=18 76 20 57 20 10
split_gain=0.790471 0.772369 0.548343 0.681998 0.184766 0.045266
threshold=0.65407409500000013 42.80000067000001 15.685 4.3500000200000004 154.51500000000001 0.48809821400000003
decision_type=2 2 2 2 2 2
left_child=4 -2 -3 -4 5 -1
right_child=1 2 3 -5 -6 -7
leaf_value=-0.003374326206729368 -0.0016432386430062752 -0.0016838293476389651 0.0053297062540900962 0.00090620591942747327 0.00048944953214177431 -0.0036924375430683553
leaf_weight=20 45 24 25 27 37 291
leaf_count=20 45 24 25 27 37 291
internal_value=-0.000133035 0.000554187 0.00117187 0.00174242 -0.00037844 -0.000460231
internal_weight=469 121 76 52 348 311
internal_count=469 121 76 52 348 311
is_linear=0
shrinkage=0.01


Tree=121
num_leaves=7
num_cat=0
split_feature=58 18 6 31 22 9
split_gain=0.572055 0.306417 0.697093 0.455604 0.0956567 0.0375363
threshold=0.25000000350000007 0.63515595200000019 0.52688710700000019 2.4285714375 2.4214286040000004 0.53907900000000009
decision_type=2 2 2 2 2 2
left_child=-1 4 3 5 -2 -3
right_child=1 2 -4 -5 -6 -7
leaf_value=0.0021703251678111368 -0.0055320743506952919 -0.0035283411242185217 0.0014868936234143184 0.0089596241431349304 -0.0015150884945830851 -0.0012395927813663079
leaf_weight=27 257 20 20 23 35 97
leaf_count=27 257 20 20 23 35 97
internal_value=-0.000140684 -0.000229682 0.00011194 -0.000127841 -0.000423497 -0.000394737
internal_weight=479 452 160 140 292 117
internal_count=479 452 160 140 292 117
is_linear=0
shrinkage=0.01


Tree=122
num_leaves=8
num_cat=0
split_feature=20 19 86 26 46 46 6
split_gain=0.42805 0.470977 0.204118 0.372912 0.268787 0.0443736 0.0857157
threshold=154.51500000000001 0.52855232100000016 6.5800000770000011 1.8857142795000004 7.9999998955000011 11.499999845000001 0.4629158570000001
decision_type=2 2 2 2 2 2 2
left_child=2 -2 3 4 -1 -6 -7
right_child=1 -3 -4 -5 5 6 -8
leaf_value=0.0044043974886000242 -0.00307632228828631 0.0014140088274598862 -0.0069865192551473885 0.003530957079658685 -0.0019583996467228658 0.0007549359431396807 -0.00033041773545528001
leaf_weight=21 29 20 246 23 110 20 31
leaf_count=21 29 20 246 23 110 20 31
internal_value=-0.000195687 0.000672691 -0.000295485 -5.10205e-05 -0.000213348 -0.000361558 -6.75677e-05
internal_weight=500 49 451 205 182 161 51
internal_count=500 49 451 205 182 161 51
is_linear=0
shrinkage=0.01


Tree=123
num_leaves=7
num_cat=0
split_feature=20 13 13 3 16 11
split_gain=0.580821 0.78454 0.273992 0.720353 0.149388 0.045779
threshold=162.23500000000004 0.71531968750000008 0.60194375000000011 0.27177692900000006 0.75301769650000006 0.73601085700000013
decision_type=2 2 2 2 2 2
left_child=2 -2 3 -1 5 -4
right_child=1 -3 4 -5 -6 -7
leaf_value=-0.008063040263950827 -0.013523546690779065 0.0012585888710041667 -0.0016631564784116339 0.0082014822209777356 0.0061856854749002925 -0.004621216731846998
leaf_weight=40 20 20 329 20 21 20
leaf_count=40 20 20 329 20 21 20
internal_value=-0.000197536 0.000931372 -0.000308728 0.000296053 -0.000412621 -0.000464551
internal_weight=470 40 430 60 370 349
internal_count=470 40 430 60 370 349
is_linear=0
shrinkage=0.01


Tree=124
num_leaves=6
num_cat=0
split_feature=15 39 103 12 31
split_gain=0.679657 0.302539 0.390961 0.231684 0.130945
threshold=0.75473470250000008 6.0285714010000016 24.000720115000004 0.57757257100000003 2.0142857265000003
decision_type=2 2 10 2 2
left_child=1 -1 3 -3 -5
right_child=-2 2 -4 4 -6
leaf_value=-0.0031970335160733353 0.002947398480975894 0.0051954350854970096 0.0029871833983248232 1.4107306168984194e-05 -0.00094143572204577681
leaf_weight=247 34 21 20 21 95
leaf_count=247 34 21 20 21 95
internal_value=-0.000152689 -0.000271739 6.02027e-05 -0.000119739 -0.000308219
internal_weight=438 404 157 137 116
internal_count=438 404 157 137 116
is_linear=0
shrinkage=0.01


Tree=125
num_leaves=8
num_cat=0
split_feature=18 52 11 36 20 87 21
split_gain=0.595255 0.787328 0.659502 0.514879 0.0875881 0.0447821 0.0354589
threshold=0.63328252850000011 11.200000095000002 0.69515416650000017 3.9357142960000004 154.51500000000001 4.0407142845000008 0.95714285950000011
decision_type=2 2 2 2 2 2 2
left_child=4 2 -2 6 5 -1 -3
right_child=1 3 -4 -5 -6 -7 -8
leaf_value=-3.3415767683577998e-06 -9.2016956041696379e-05 -0.0012521587136061756 0.0042176070932364819 0.0051986328336309454 -0.0015587512037329627 -0.0032635556394039551 -0.00078106769272949462
leaf_weight=20 24 80 20 20 34 262 20
leaf_count=20 24 80 20 20 34 262 20
internal_value=-0.000141431 0.000339806 0.00147321 -6.62253e-05 -0.000397727 -0.000456153 -0.000376984
internal_weight=480 164 44 120 316 282 100
internal_count=480 164 44 120 316 282 100
is_linear=0
shrinkage=0.01


Tree=126
num_leaves=7
num_cat=0
split_feature=71 92 102 50 74 27
split_gain=0.550045 0.845293 0.435936 0.436669 0.0442108 0.0397015
threshold=1.2800002100000003 12.593571390000003 29.140435005000004 8.499999821500003 55.53999901000001 2.3428571180000008
decision_type=2 2 10 2 2 2
left_child=1 2 3 5 -2 -1
right_child=4 -3 -4 -5 -6 -7
leaf_value=-0.00052728317791126984 -0.0023705115202733019 0.0012312421193612785 0.0029049248476357304 0.0003631862163295324 -0.005369325243968508 -0.0019700530224022205
leaf_weight=122 20 29 20 25 234 20
leaf_count=122 20 29 20 25 234 20
internal_value=-0.000133815 0.000230627 -7.98734e-06 -0.000187724 -0.000451334 -0.000413165
internal_weight=470 216 187 167 254 142
internal_count=470 216 187 167 254 142
is_linear=0
shrinkage=0.01


Tree=127
num_leaves=7
num_cat=0
split_feature=86 59 6 15 27 12
split_gain=0.853604 0.637671 1.28644 0.291013 0.437841 0.0368743
threshold=6.6328572025000012 2.9000000210000003 0.49283511900000004 0.75473470250000008 2.2642857260000002 0.61196617850000001
decision_type=2 2 2 2 2 2
left_child=1 3 -3 4 5 -1
right_child=-2 2 -4 -5 -6 -7
leaf_value=-0.0014200156977228517 -0.0066012639129271649 -0.001616610765601873 0.0014413679676899367 0.0055320217511749085 0.0046403938955933213 -0.00055259136365992656
leaf_weight=20 235 25 20 23 34 91
leaf_count=20 235 25 20 23 34 91
internal_value=-7.13014e-05 0.000381197 0.00143013 8.29383e-05 -7.20166e-05 -0.000389088
internal_weight=448 213 45 168 145 111
internal_count=448 213 45 168 145 111
is_linear=0
shrinkage=0.01


Tree=128
num_leaves=7
num_cat=0
split_feature=15 103 5 17 7 31
split_gain=0.749191 0.32953 0.518197 0.11645 0.101689 0.0426741
threshold=0.75473470250000008 24.358773140000004 0.43647588100000007 0.70139192850000009 0.40947400000000006 1.9571428385000003
decision_type=2 10 2 2 2 2
left_child=1 4 3 -3 -1 -6
right_child=-2 2 -4 -5 5 -7
leaf_value=0.0020977748059565738 0.0035654789857316629 -0.0015055400317714501 0.0019353853193789384 0.004552378342571336 -0.0024480218922076418 -0.0035359215263173972
leaf_weight=30 31 56 32 20 21 284
leaf_count=30 31 56 32 20 21 284
internal_value=-0.0001369 -0.000246733 0.000220588 -0.000208333 -0.000403514 -0.000459451
internal_weight=474 443 108 76 335 305
internal_count=474 443 108 76 335 305
is_linear=0
shrinkage=0.01


Tree=129
num_leaves=9
num_cat=0
split_feature=20 13 101 19 10 103 44 39
split_gain=0.655109 0.591571 0.417245 0.220998 0.293747 0.482783 0.132185 0.0443218
threshold=162.23500000000004 0.71893283350000015 132.27619780000003 0.55647033350000019 0.6531102860000001 25.921937140000004 1.7500000000000002 6.4142857620000013
decision_type=2 2 2 2 2 8 2 2
left_child=2 -2 3 7 6 -6 -5 -1
right_child=1 -3 -4 4 5 -7 -8 -9
leaf_value=-0.0037230602797183217 -0.0028482280212532617 0.0012315379893531558 0.0043398727303261995 0.0051920064411837179 0.0044029801888926176 -0.00030998968622957961 -0.0025684371220773749 -0.0035501310565805811
leaf_weight=239 22 20 24 20 20 30 81 20
leaf_count=239 22 20 24 20 20 30 81 20
internal_value=-7.55035e-05 0.00109813 -0.000195492 -0.000275073 1.64689e-05 0.000649606 -0.000279961 -0.000452271
internal_weight=476 42 434 410 151 50 101 259
internal_count=476 42 434 410 151 50 101 259
is_linear=0
shrinkage=0.01


Tree=130
num_leaves=8
num_cat=0
split_feature=63 27 0 56 7 7 0
split_gain=0.424776 0.579545 0.564516 0.211548 0.274441 0.0449252 0.0231242
threshold=2.3900008200000005 2.2571428545000005 0.11745643050000001 0.95000001450000016 0.49911471400000001 0.42114135700000005 0.095361611500000013
decision_type=2 2 2 2 2 2 2
left_child=1 6 -3 4 -2 -5 -1
right_child=3 2 -4 5 -6 -7 -8
leaf_value=-0.00056999344522963623 0.00042025352362632995 5.7515345361126017e-05 0.0038254882905781281 -0.00094697328442941431 -0.0016155667087027839 -0.0041193723340517989 -0.0025966197550192178
leaf_weight=20 39 20 24 20 40 270 33
leaf_count=20 39 20 24 20 40 270 33
internal_value=-0.000173522 0.000403885 0.00125 -0.00033126 0.000106516 -0.000457359 -0.000269517
internal_weight=466 97 44 369 79 290 53
internal_count=466 97 44 369 79 290 53
is_linear=0
shrinkage=0.01


Tree=131
num_leaves=7
num_cat=0
split_feature=18 52 13 13 36 0
split_gain=0.373115 0.612833 0.270005 0.145101 0.0449598 0.0351682
threshold=0.63328252850000011 11.149999985000003 0.64801347500000006 0.75505309150000011 4.3000000200000015 0.26586679200000002
decision_type=2 2 2 2 2 2
left_child=3 -2 -3 4 -1 -4
right_child=1 2 5 -5 -6 -7
leaf_value=-0.0038972160712907734 0.00086162865218086023 0.005197127907393637 -0.00047925894499479128 0.00038793416312602868 -3.9287614183130397e-06 -0.00059103711679828305
leaf_weight=272 37 20 78 21 20 20
leaf_count=272 37 20 78 21 20 20
internal_value=-0.000196246 0.000195764 -0.000143098 -0.00039675 -0.00045765 -0.000374494
internal_weight=468 155 118 313 292 98
internal_count=468 155 118 313 292 98
is_linear=0
shrinkage=0.01


Tree=132
num_leaves=8
num_cat=0
split_feature=20 18 39 31 103 103 3
split_gain=0.452713 0.588943 0.194863 0.156055 0.172879 0.0452202 0.0216024
threshold=154.51500000000001 0.59664671450000006 6.3642856735000004 2.4285714375 26.358944635000004 27.303542775000004 0.30306235700000006
decision_type=2 2 2 2 8 10 2
left_child=2 -2 3 5 -5 -1 -6
right_child=1 -3 -4 4 6 -7 -8
leaf_value=-0.0027425192521361476 -0.0073193435135075272 0.0012092179277257589 0.00010226768953346548 0.00077379206962776919 -0.0010855121800366608 -0.0014846904157222291 -0.00042001742107343004
leaf_weight=288 22 25 29 21 20 20 30
leaf_count=288 22 25 29 21 20 20 30
internal_value=-0.000187582 0.000721757 -0.000298435 -0.000362033 3.48188e-05 -0.000459845 -0.000255906
internal_weight=455 47 408 379 71 308 50
internal_count=455 47 408 379 71 308 50
is_linear=0
shrinkage=0.01


Tree=133
num_leaves=8
num_cat=0
split_feature=58 101 50 74 32 46 7
split_gain=0.987542 0.469114 0.325272 0.319036 0.121013 0.11803 0.0452356
threshold=0.25000000350000007 131.19284590000004 8.499999821500003 59.145000455000009 3.2214285985000006 15.949999745000001 0.40669402350000006
decision_type=2 2 2 2 2 2 2
left_child=-1 2 4 -3 5 6 -2
right_child=1 3 -4 -5 -6 -7 -8
leaf_value=0.0025469039289117892 -0.0011610974182030887 0.0048221239752114318 0.00019624022639727222 0.00021895031453906784 0.0079985473309457343 -0.00038168498676029123 -0.0035803368396133697
leaf_weight=23 20 22 32 34 22 26 289
leaf_count=23 20 22 32 34 22 26 289
internal_value=-2.55974e-05 -0.000135711 -0.000262955 0.000704225 -0.00035355 -0.000403514 -0.000459974
internal_weight=468 445 389 56 357 335 309
internal_count=468 445 389 56 357 335 309
is_linear=0
shrinkage=0.01


Tree=134
num_leaves=8
num_cat=0
split_feature=20 102 87 24 76 102 36
split_gain=0.681204 0.711937 0.592793 0.675462 0.530057 0.147592 0.115358
threshold=154.51500000000001 25.916615765000007 4.8250000630000009 1.7142857015000004 46.655000210000004 27.820630600000005 4.2714286360000004
decision_type=2 10 2 2 2 10 2
left_child=2 -2 3 -1 -5 -6 -4
right_child=1 -3 6 4 5 -7 -8
leaf_value=-0.002468483766615708 -0.00024367809422986238 0.0012227831692119765 -0.0033199332134277136 0.0057199220301124903 -0.0015593563188610465 0.0034847559632179281 -8.7701029110479141e-07
leaf_weight=56 26 24 275 25 29 27 29
leaf_count=56 26 24 275 25 29 27 29
internal_value=-4.77838e-05 0.00104331 -0.000177682 0.000359216 0.000947433 0.000352113 -0.000426509
internal_weight=491 50 441 137 81 56 304
internal_count=491 50 441 137 81 56 304
is_linear=0
shrinkage=0.01


Tree=135
num_leaves=7
num_cat=0
split_feature=87 3 4 50 1 0
split_gain=0.292234 0.261558 0.814508 0.133696 0.175454 0.0253349
threshold=5.1757142710000013 0.31912835750000007 0.32941557150000006 3.4999999890000004 0.27271957150000004 0.20999178100000002
decision_type=2 2 2 2 2 2
left_child=1 2 5 4 -3 -1
right_child=-2 3 -4 -5 -6 -7
leaf_value=-0.0034736484895319165 -0.0060474943190611591 -0.00042112081727667915 0.0049026460224864407 -0.00084694264805602632 0.00096388180608217473 -0.00021277647026580749
leaf_weight=38 216 21 37 93 20 20
leaf_count=38 216 21 37 93 20 20
internal_value=-0.000225438 1.52305e-05 0.000422756 -0.000259644 0.000179426 -0.000289116
internal_weight=445 229 95 134 41 58
internal_count=445 229 95 134 41 58
is_linear=0
shrinkage=0.01


Tree=136
num_leaves=7
num_cat=0
split_feature=17 46 54 36 12 70
split_gain=0.438402 0.464747 0.878386 0.407149 0.446363 0.227957
threshold=0.62259057150000008 12.250000030000001 8.8999997155000035 4.0428571360000012 0.62224621450000006 20.080000875000003
decision_type=2 2 2 2 2 2
left_child=-1 3 -3 5 -5 -2
right_child=1 2 -4 4 -6 -7
leaf_value=-0.0086807861065471923 0.0010534149001111674 0.0010008459618536059 -0.0046928498410203174 0.0051067187646989852 9.9164592021525056e-06 -0.00091796579033906207
leaf_weight=209 29 23 20 20 39 142
leaf_count=209 29 23 20 20 39 142
internal_value=-0.000142916 0.000115047 0.00106164 -5.63259e-05 0.000643813 -0.000311409
internal_weight=482 273 43 230 59 171
internal_count=482 273 43 230 59 171
is_linear=0
shrinkage=0.01


Tree=137
num_leaves=6
num_cat=0
split_feature=20 103 36 20 46
split_gain=0.863422 1.11068 0.149093 0.368415 0.0967118
threshold=162.23500000000004 25.797875890000004 4.1071428230000011 32.400000000000006 14.049999980000001
decision_type=2 10 2 2 2
left_child=2 -2 4 -4 -1
right_child=1 -3 3 -5 -6
leaf_value=-0.001568403178668353 -0.00097723357065592517 0.0013482272645348073 0.0056920405688731099 -0.00077914803915957675 -0.0011438571922289256
leaf_weight=336 21 20 24 47 36
leaf_count=336 21 20 24 47 36
internal_value=-0.000226898 0.00113636 -0.000359396 3.48188e-05 -0.000439914
internal_weight=484 41 443 71 372
internal_count=484 41 443 71 372
is_linear=0
shrinkage=0.01


Tree=138
num_leaves=7
num_cat=0
split_feature=20 21 29 25 36 79
split_gain=0.672787 0.815143 0.205247 0.303616 0.113919 0.36726
threshold=154.51500000000001 0.90714285650000015 4.1285714930000008 1.8428571180000002 3.5071428675000003 83.615000725000016
decision_type=2 2 2 2 2 2
left_child=2 -2 4 -4 5 -1
right_child=1 -3 3 -5 -6 -7
leaf_value=-0.0022639427538507749 -0.0036869222781997792 0.0010089264415368755 0.0056848648825162515 -0.0014926464031284825 -0.0022406602474610666 0.0029063109985738018
leaf_weight=71 22 25 23 26 290 27
leaf_count=71 22 25 23 26 290 27
internal_value=-0.000185644 0.000930962 -0.000311786 0.000271084 -0.000390947 -7.08503e-05
internal_weight=484 47 437 49 388 98
internal_count=484 47 437 49 388 98
is_linear=0
shrinkage=0.01


Tree=139
num_leaves=8
num_cat=0
split_feature=20 52 17 76 46 1 10
split_gain=0.674876 1.19429 0.26239 0.387938 0.354102 0.0799496 0.0446112
threshold=130.56500000000003 12.249999960000002 0.68524642850000006 45.535000800000013 11.499999965000002 0.27603864250000004 0.48809821400000003
decision_type=2 2 2 2 2 2 2
left_child=2 -2 6 -4 -5 -3 -1
right_child=1 5 3 4 -6 -7 -8
leaf_value=-0.0034218959046104147 0.0014340279214017327 -0.0035352827852220448 -0.0013596308077006639 0.0069426507007101373 -0.00043474339699219614 0.00058254504032001552 -0.0031665156531922819
leaf_weight=20 20 28 56 29 27 20 253
leaf_count=20 20 28 56 29 27 20 253
internal_value=-0.000120097 0.000784884 -0.000286418 0.000106383 0.000704225 -4.09837e-05 -0.000454712
internal_weight=453 68 385 112 56 48 273
internal_count=453 68 385 112 56 48 273
is_linear=0
shrinkage=0.01


Tree=140
num_leaves=8
num_cat=0
split_feature=20 17 29 7 70 16 57
split_gain=0.535176 0.7151 0.127953 0.184043 0.145621 0.199105 0.0457548
threshold=154.51500000000001 0.65814673200000007 4.1428571940000003 0.49639057150000004 21.455000400000003 0.7081746430000001 0.65000000600000007
decision_type=2 2 2 2 2 2 2
left_child=2 -2 4 -4 5 -1 -6
right_child=1 -3 3 -5 6 -7 -8
leaf_value=-0.0014411022475985674 -0.01030666890533561 0.0010023962380456459 0.00054459675059896683 -0.0037652260300343747 0.00018687890625251557 0.0038999659547409742 -0.0022147387416080588
leaf_weight=27 22 22 20 23 20 20 327
leaf_count=27 22 22 20 23 20 20 327
internal_value=-0.000225197 0.000803571 -0.000334628 0.000148402 -0.000392604 9.41421e-05 -0.000464347
internal_weight=481 44 437 43 394 47 347
internal_count=481 44 437 43 394 47 347
is_linear=0
shrinkage=0.01


Tree=141
num_leaves=6
num_cat=0
split_feature=20 39 9 53 19
split_gain=1.03652 1.05849 0.208868 0.158394 0.0460808
threshold=130.56500000000003 6.0714286055000004 0.6777772915000001 58.000000675000003 0.67635264250000016
decision_type=2 2 2 2 2
left_child=3 2 -2 4 -1
right_child=1 -3 -4 -5 -6
leaf_value=-0.0020164208112651793 -0.0029749158151730405 0.0010822915737132594 0.0014082149015118464 0.00030429582858661707 1.0388139791984718e-05
leaf_weight=356 30 20 20 20 20
leaf_count=356 30 20 20 20 20
internal_value=-0.000216367 0.00088983 5.9055e-05 -0.000418347 -0.000467091
internal_weight=466 70 50 396 376
internal_count=466 70 50 396 376
is_linear=0
shrinkage=0.01


Tree=142
num_leaves=8
num_cat=0
split_feature=18 6 76 67 3 17 17
split_gain=0.635379 0.873989 0.56957 0.320763 0.330712 0.0613742 0.211975
threshold=0.62823992900000014 0.52418547150000017 45.139999865000007 0.55500030550000012 0.29868111950000004 0.62259057150000008 0.63942502400000012
decision_type=2 2 2 2 2 2 2
left_child=5 2 -2 -4 -5 -1 -7
right_child=1 -3 3 4 -6 6 -8
leaf_value=-0.0064262833603189748 -0.0014234314326308254 0.0010323949796518619 0.0047278672842828787 0.0086468079505305061 -0.00020904098970725969 0.00010234523914609099 -0.0015251308548448383
leaf_weight=200 78 20 20 22 27 25 62
leaf_count=200 78 20 20 22 27 25 62
internal_value=-9.89447e-05 0.000384386 9.81054e-05 0.000766476 0.000271084 -0.000387422 -0.00013098
internal_weight=454 167 147 69 49 287 87
internal_count=454 167 147 69 49 287 87
is_linear=0
shrinkage=0.01


Tree=143
num_leaves=8
num_cat=0
split_feature=20 14 10 4 103 102 14
split_gain=1.00002 0.725 0.149904 0.312498 0.0568392 0.223203 0.0449769
threshold=154.51500000000001 0.72629519050000013 0.54691578600000013 0.29695514300000009 25.572599765000003 25.976974940000002 0.75393692850000005
decision_type=2 2 2 2 10 10 2
left_child=2 -2 3 -1 6 -6 -4
right_child=1 -3 4 -5 5 -7 -8
leaf_value=-0.0047434916662600348 -0.015982358888464075 0.0010080924243832507 -0.0029746083104578679 0.0070876990015965478 7.5144371208165115e-05 -0.0012953684668217235 0.00011577589095834063
leaf_weight=36 22 22 273 25 24 62 20
leaf_count=36 22 22 273 25 24 62 20
internal_value=-0.000165017 0.00125 -0.000313067 0.000121359 -0.000388362 -0.000126728 -0.000457795
internal_weight=484 44 440 61 379 86 293
internal_count=484 44 440 61 379 86 293
is_linear=0
shrinkage=0.01


Tree=144
num_leaves=8
num_cat=0
split_feature=20 39 87 10 87 57 0
split_gain=0.892192 1.24964 0.283945 0.350301 0.26045 0.0448004 0.0338796
threshold=154.51500000000001 5.8428571565000009 4.8250000630000009 0.54691578600000013 4.7378572035000008 7.3000002170000009 0.28882258350000006
decision_type=2 2 2 2 2 2 2
left_child=2 -2 3 -1 6 -4 -5
right_child=1 -3 5 4 -6 -7 -8
leaf_value=0.0048920326691138929 -0.00079909927247701258 0.0010675534287899757 -0.0021494293613643686 -0.0010601442070352566 0.00089222767404872232 -0.0014124077005952284 -0.0030467765386161063
leaf_weight=21 23 23 263 70 20 20 20
leaf_count=21 23 23 263 70 20 20 20
internal_value=-0.000125868 0.00117521 -0.000277242 9.48405e-05 -0.000117329 -0.000456307 -0.000363436
internal_weight=460 46 414 131 110 283 90
internal_count=460 46 414 131 110 283 90
is_linear=0
shrinkage=0.01


Tree=145
num_leaves=7
num_cat=0
split_feature=18 76 10 52 46 3
split_gain=0.500442 0.575342 0.304053 0.351486 0.0979598 0.0173151
threshold=0.62823992900000014 43.944997790000009 0.58393000000000017 11.149999985000003 12.800000015000002 0.32750214250000004
decision_type=2 2 2 2 2 2
left_child=4 -2 -3 -4 -1 -5
right_child=1 2 3 5 -6 -7
leaf_value=-0.0044898486196433673 -0.0010292170189153684 0.0059055064059268889 0.00087162872809872925 0.00014746524681166328 -0.00082545590482604623 -0.00058517668569108233
leaf_weight=251 64 33 28 20 34 23
leaf_count=251 64 33 28 20 34 23
internal_value=-0.000164169 0.000260663 0.000725191 0.00031337 -0.000421624 -0.000216895
internal_weight=453 168 104 71 285 43
internal_count=453 168 104 71 285 43
is_linear=0
shrinkage=0.01


Tree=146
num_leaves=8
num_cat=0
split_feature=101 69 46 40 56 51 88
split_gain=0.8679 1.17298 0.323305 0.427068 0.132031 0.0401818 0.045455
threshold=131.83848035000003 27.315001010000007 12.250000030000001 5.7357142995000006 12.350000070000002 4.1000000015000007 14.97285727
decision_type=2 2 2 2 2 2 2
left_child=2 -2 4 -4 5 -1 -7
right_child=1 -3 3 -5 -6 6 -8
leaf_value=-0.0022953560139622876 -0.0028015765386740425 0.004477631550694439 0.00051737205475688001 -0.0048261076378841947 0.0011939329627907687 0.00021559402484382927 -0.0020838776689945009
leaf_weight=20 23 24 25 25 22 20 304
leaf_count=20 23 24 25 25 22 20 304
internal_value=-0.000128288 0.00114017 -0.000278311 0.000452756 -0.000384406 -0.000435035 -0.000461823
internal_weight=463 47 416 50 366 344 324
internal_count=463 47 416 50 366 344 324
is_linear=0
shrinkage=0.01


Tree=147
num_leaves=6
num_cat=0
split_feature=103 6 28 29 17
split_gain=0.425027 0.609772 0.327949 0.243763 0.324713
threshold=24.358773140000004 0.51656864300000016 4.0214285510000005 4.1071428060000015 0.62259057150000008
decision_type=10 2 2 2 2
left_child=3 2 -2 -1 -5
right_child=1 -3 -4 4 -6
leaf_value=-0.0023183688252276118 0.0044675713392604583 0.0010460859364005497 -0.00050186277394522578 -0.0046928522393099763 0.0048964227383456226
leaf_weight=253 29 34 67 40 35
leaf_count=253 29 34 67 40 35
internal_value=-0.000146033 0.000328746 -6.19836e-05 -0.000340633 0.000138522
internal_weight=458 130 96 328 75
internal_count=458 130 96 328 75
is_linear=0
shrinkage=0.01


Tree=148
num_leaves=7
num_cat=0
split_feature=20 16 71 95 28 4
split_gain=0.855528 0.56792 0.146877 0.332297 0.0454269 0.032135
threshold=162.23500000000004 0.70544171450000015 0.77500009550000015 21.412857260000006 4.2071428980000007 0.32784340000000006
decision_type=2 2 2 2 2 2
left_child=2 -2 3 5 -4 -1
right_child=1 -3 4 -5 -6 -7
leaf_value=-1.321383424601641e-05 -0.0065344874042540827 0.0009408866917189865 -0.0021202470700757326 0.0030140302538540263 -0.00051922936349030617 -0.0021997412760831922
leaf_weight=20 21 20 302 26 20 61
leaf_count=20 21 20 302 26 20 61
internal_value=-0.000218777 0.00113636 -0.000354816 -1.39148e-05 -0.000461586 -0.000348411
internal_weight=470 41 429 107 322 81
internal_count=470 41 429 107 322 81
is_linear=0
shrinkage=0.01


Tree=149
num_leaves=6
num_cat=0
split_feature=20 23 8 0 46
split_gain=0.81326 1.2386 0.333291 0.0908624 0.045896
threshold=130.56500000000003 1.8142857125000003 0.48260336750000005 0.14259300000000003 15.600000030000002
decision_type=2 2 2 2 2
left_child=2 3 -1 -2 -4
right_child=1 -3 4 -5 -6
leaf_value=0.0051037490717699974 -0.0014908721065396769 0.0011931329805974552 -0.0012396482717967534 0.00045807196897830639 -0.0013938453102567822
leaf_weight=38 34 25 339 20 20
leaf_count=38 34 25 339 20 20
internal_value=-0.000180369 0.000733083 -0.000368276 -9.1241e-05 -0.000465537
internal_weight=476 79 397 54 359
internal_count=476 79 397 54 359
is_linear=0
shrinkage=0.01


Tree=150
num_leaves=7
num_cat=0
split_feature=20 17 78 29 7 46
split_gain=0.496649 0.522495 0.120851 0.0726024 0.0662955 0.0144657
threshold=154.51500000000001 0.65092185750000009 48.505000115000009 4.1428571940000003 0.49414800000000009 14.049999980000001
decision_type=2 2 2 2 2 2
left_child=2 -2 -1 5 -5 -4
right_child=1 -3 3 4 -6 -7
leaf_value=0.00058492519270242458 -0.010058357355683065 0.001162026688916862 -0.0020554922508715569 0.00043298668421848266 -0.0041250197448882012 -0.0015191515710666059
leaf_weight=23 22 27 312 20 22 37
leaf_count=23 22 27 312 20 22 37
internal_value=-0.000257654 0.000672691 -0.000373674 -0.000417305 0 -0.000464551
internal_weight=463 49 414 391 42 349
internal_count=463 49 414 391 42 349
is_linear=0
shrinkage=0.01


Tree=151
num_leaves=6
num_cat=0
split_feature=20 102 31 46 91
split_gain=1.04833 1.13955 0.169558 0.0522301 0.0939964
threshold=130.56500000000003 25.560182840000007 2.5785714130000006 12.250000030000001 8.734285593000001
decision_type=2 10 2 2 2
left_child=2 -2 3 -1 -5
right_child=1 -3 -4 4 -6
leaf_value=-0.0024192027124728364 -0.0031675643371292016 0.0015936000560114192 0.00061372022371154798 1.0088743797900274e-05 -0.0028953859466169531
leaf_weight=294 29 36 38 20 36
leaf_count=294 29 36 38 20 36
internal_value=-0.000164169 0.000995441 -0.000365226 -0.000436146 -0.000105634
internal_weight=453 65 388 350 56
internal_count=453 65 388 350 56
is_linear=0
shrinkage=0.01


Tree=152
num_leaves=6
num_cat=0
split_feature=18 43 11 50 7
split_gain=0.291907 0.379078 0.416174 0.143497 0.0819471
threshold=0.59664671450000006 8.2999999560000024 0.64532025000000004 1.8000000195000003 0.4486157145000001
decision_type=2 2 2 2 2
left_child=-1 2 4 -3 -2
right_child=1 3 -4 -5 -6
leaf_value=-0.0045422830967134916 0.0044691884114857004 0.0011496806529664361 0.00090100955024373386 -0.00092097724811580494 -0.00033359690634841252
leaf_weight=261 20 20 37 112 29
leaf_count=261 20 20 37 112 29
internal_value=-0.000265736 0 0.000518433 -0.000331325 -5.02009e-05
internal_weight=479 218 86 132 49
internal_count=479 218 86 132 49
is_linear=0
shrinkage=0.01


Tree=153
num_leaves=7
num_cat=0
split_feature=103 25 6 36 19 6
split_gain=0.527834 1.43916 0.230414 0.154186 0.320051 0.0319177
threshold=24.358773140000004 1.7142857270000003 0.52688710700000019 4.1071428230000011 0.55647033350000019 0.41782388100000006
decision_type=10 2 2 2 2 2
left_child=3 2 5 -1 -5 -2
right_child=1 -3 -4 4 -6 -7
leaf_value=-0.0024822919491389846 -0.00029759734677073824 0.0040523421957049735 0.00072657010261878018 -0.0029760461574909148 0.0053027408645474877 -0.0011906384679518651
leaf_weight=258 20 20 21 50 27 60
leaf_count=258 20 20 21 50 27 60
internal_value=-0.000166375 0.000389983 -8.34972e-05 -0.000373734 0 -0.000346535
internal_weight=456 121 101 335 77 80
internal_count=456 121 101 335 77 80
is_linear=0
shrinkage=0.01


Tree=154
num_leaves=8
num_cat=0
split_feature=20 52 68 63 76 3 38
split_gain=0.799346 1.77534 0.109617 0.108717 0.107303 0.0954834 0.0452356
threshold=130.56500000000003 11.299999740000002 34.214999675000008 2.0999999050000002 46.390000820000004 0.35890758550000007 5.4285714285000006
decision_type=2 2 2 2 2 2 2
left_child=2 -2 -1 4 -4 -3 -5
right_child=1 5 3 6 -6 -7 -8
leaf_value=-0.00019909474276063593 0.0013238682791537086 -0.0039338327249607312 -0.00030075675384556833 -0.0021611755892013687 0.0022165369467259219 0.00077702780714850907 -2.4379752404128027e-05
leaf_weight=23 20 37 29 289 30 20 20
leaf_count=23 20 37 29 289 30 20 20
internal_value=-0.000153584 0.000764781 -0.000340735 -0.000385033 0 -0.000112457 -0.000459974
internal_weight=468 77 391 368 59 57 309
internal_count=468 77 391 368 59 57 309
is_linear=0
shrinkage=0.01


Tree=155
num_leaves=7
num_cat=0
split_feature=86 24 24 4 55 20
split_gain=0.518341 0.490814 0.587196 0.667181 0.177134 0.0445315
threshold=6.471428500500001 1.7142857015000004 1.7785714185000001 0.36822471450000005 0.50000000350000018 154.51500000000001
decision_type=2 2 2 2 2 2
left_child=1 -1 3 -3 -4 -2
right_child=5 2 4 -5 -6 -7
leaf_value=-0.0022195362769928842 -0.0049055850453433312 0.0051630630384524373 0.00024215624861892351 0.0023249431169773448 -0.0015051635226395732 -0.0001205107414757324
leaf_weight=65 249 34 25 25 42 20
leaf_count=65 249 34 25 25 42 20
internal_value=-0.000169271 0.000221585 0.000591483 0.00131271 -2.2124e-05 -0.00045404
internal_weight=460 191 126 59 67 269
internal_count=460 191 126 59 67 269
is_linear=0
shrinkage=0.01


Tree=156
num_leaves=7
num_cat=0
split_feature=18 76 1 3 20 67
split_gain=0.649973 0.697034 0.519353 0.605193 0.0387589 0.0447264
threshold=0.63711014300000013 42.80000067000001 0.26147050000000005 0.29333092850000003 177.90500000000003 0.32499980950000001
decision_type=2 2 2 2 2 2
left_child=4 -2 3 -3 5 -1
right_child=1 2 -4 -5 -6 -7
leaf_value=-0.0030512156337137901 -0.0020203702829191916 0.0039186752808697788 3.6106998570248695e-05 0.0063771047407039684 -0.0025448824863906513 -0.002631152012238389
leaf_weight=20 56 23 37 28 20 259
leaf_count=20 56 23 37 28 20 259
internal_value=-0.000156602 0.00038674 0.000945946 0.00159266 -0.000425284 -0.000455683
internal_weight=443 144 88 51 299 279
internal_count=443 144 88 51 299 279
is_linear=0
shrinkage=0.01


Tree=157
num_leaves=5
num_cat=0
split_feature=20 39 56 49
split_gain=0.440802 0.172659 0.157996 0.0460067
threshold=162.23500000000004 6.3642856735000004 12.000000015000001 1.3500000015000004
decision_type=2 2 2 2
left_child=1 2 3 -1
right_child=-2 -3 -4 -5
leaf_value=-0.0017883953297429633 0.00071467285345724961 5.1695095674945924e-05 0.0008773335387806786 0.00012376155040537518
leaf_weight=349 38 36 20 20
leaf_count=349 38 36 20 20
internal_value=-0.000257654 -0.000353452 -0.000416881 -0.000466468
internal_weight=463 425 389 369
internal_count=463 425 389 369
is_linear=0
shrinkage=0.01


Tree=158
num_leaves=8
num_cat=0
split_feature=18 102 54 27 35 6 6
split_gain=0.639244 0.69252 0.396417 0.365504 0.532843 0.0442108 0.0380391
threshold=0.59664671450000006 27.820630600000005 21.550000225000002 2.2571428545000005 5.571428537000001 0.56836071450000014 0.50988871400000013
decision_type=2 10 2 2 2 2 2
left_child=5 2 3 6 -5 -1 -2
right_child=1 -3 -4 4 -6 -7 -8
leaf_value=-0.0058869902135119537 -0.0015572360627928467 0.0044235602046123357 0.00047369266373004651 0.0040149193964641771 -0.001305429988438101 -0.00072542569704656611 -0.00085829293320877228
leaf_weight=234 102 31 20 20 20 20 20
leaf_count=234 102 31 20 20 20 20 20
internal_value=-0.00011009 0.000287652 3.82931e-05 -0.000116708 0.000686274 -0.000451334 -0.000399023
internal_weight=467 213 182 162 40 254 122
internal_count=467 213 182 162 40 254 122
is_linear=0
shrinkage=0.01


Tree=159
num_leaves=7
num_cat=0
split_feature=20 57 57 20 16 46
split_gain=1.12522 0.376866 0.496383 0.147636 0.0406552 0.045693
threshold=162.23500000000004 0.80000001550000011 0.60000001650000001 4.2950000000000008 0.75253400000000015 15.600000030000002
decision_type=2 2 2 2 2 2
left_child=1 2 -1 -3 5 -5
right_child=-2 3 -4 4 -6 -7
leaf_value=-0.0072274945331152352 0.00085677837191036057 0.0073234998693596396 0.0042684439961118278 -0.0023673183274563847 9.9287820143868495e-05 -0.0011572301056599595
leaf_weight=23 39 20 22 322 20 20
leaf_count=23 39 20 22 322 20 20
internal_value=-0.000130677 -0.000284011 0.000556768 -0.000389237 -0.000438258 -0.000463827
internal_weight=466 427 45 382 362 342
internal_count=466 427 45 382 362 342
is_linear=0
shrinkage=0.01


Tree=160
num_leaves=6
num_cat=0
split_feature=18 70 52 46 50
split_gain=0.461881 0.836761 0.240611 0.127579 0.0354589
threshold=0.62823992900000014 30.070000645000004 11.200000015000002 14.049999980000001 4.6500000355000006
decision_type=2 2 2 2 2
left_child=3 2 -2 -1 -4
right_child=1 -3 4 -5 -6
leaf_value=-0.0040607507335010517 0.0010503787913118882 0.0043204084133438474 -0.0004241548136182704 -0.00026981379960177426 -0.00066720188740693686
leaf_weight=269 22 38 80 26 20
leaf_count=269 22 38 80 26 20
internal_value=-0.000187582 0.000236318 -0.000154723 -0.000424273 -0.000376984
internal_weight=455 160 122 295 100
internal_count=455 160 122 295 100
is_linear=0
shrinkage=0.01


Tree=161
num_leaves=6
num_cat=0
split_feature=20 18 11 31 3
split_gain=0.469109 0.213313 0.366215 0.15822 0.178935
threshold=162.23500000000004 0.59719878550000016 0.57157682150000011 2.2714285765000004 0.32250342850000008
decision_type=2 2 2 2 2
left_child=1 -1 -3 -4 -5
right_child=-2 2 3 4 -6
leaf_value=-0.0059975733080663606 0.00075305104482990674 0.0043054389489877902 -0.0003498118751514383 0.001749380408179477 -0.00034693064202397534
leaf_weight=229 33 34 103 32 26
leaf_count=229 33 34 103 32 26
internal_value=-0.000188947 -0.000282486 -2.809e-05 -0.000237948 0.000153061
internal_weight=457 424 195 161 58
internal_count=457 424 195 161 58
is_linear=0
shrinkage=0.01


Tree=162
num_leaves=7
num_cat=0
split_feature=20 39 18 96 46 101
split_gain=0.644364 0.747595 0.309257 0.408863 0.596458 0.109668
threshold=154.51500000000001 5.8428571565000009 0.66790017350000008 16.277856825000004 11.499999965000002 131.48502525000004
decision_type=2 2 2 2 2 2
left_child=2 -2 5 -4 -5 -1
right_child=1 -3 3 4 -6 -7
leaf_value=-0.0028310844235364453 -0.0007183654285304481 0.0010477788738620061 -0.001139264454718055 0.0064174949115307243 -0.00041982068087869018 1.227561208872012e-06
leaf_weight=303 21 26 47 30 21 31
leaf_count=303 21 26 47 30 21 31
internal_value=-0.000161526 0.000930962 -0.000286507 0.000192308 0.000820463 -0.000433095
internal_weight=479 47 432 98 51 334
internal_count=479 47 432 98 51 334
is_linear=0
shrinkage=0.01


Tree=163
num_leaves=7
num_cat=0
split_feature=103 70 52 68 99 9
split_gain=0.710966 1.02454 0.4601 0.306554 0.129937 0.222833
threshold=25.572599765000003 26.375000955000001 11.200000015000002 34.299999235000008 23.657856805000005 0.61539137500000007
decision_type=10 2 2 2 2 2
left_child=3 2 -2 -1 -5 -6
right_child=1 -3 -4 4 5 -7
leaf_value=0.004148798105906246 0.0024906177456174923 0.0024765866335422024 -0.00055279463606785009 -0.002899743506078641 0.0014795382478927366 -0.0029044444546067029
leaf_weight=21 30 22 53 264 20 35
leaf_count=21 30 22 53 264 20 35
internal_value=-9.0848e-05 0.000619093 7.75655e-05 -0.000316902 -0.000398687 8.96046e-06
internal_weight=445 105 83 340 319 55
internal_count=445 105 83 340 319 55
is_linear=0
shrinkage=0.01


Tree=164
num_leaves=8
num_cat=0
split_feature=18 76 4 54 83 46 50
split_gain=0.649337 0.635088 0.435068 0.443253 0.53845 0.0807066 0.0639114
threshold=0.62823992900000014 42.80000067000001 0.32095100000000004 7.5000002085000004 6.1414284795000009 12.800000015000002 4.7500000300000007
decision_type=2 2 2 2 2 2 2
left_child=5 -2 -3 -4 -5 -1 -7
right_child=1 2 3 4 -6 6 -8
leaf_value=-0.0049282963797725185 -0.0010938206894982095 -0.0027079898304106847 -0.00033538198614288642 0.0039980192293397384 0.00011498572628909669 -0.0015847661022599796 0.00066913230777085136
leaf_weight=253 61 33 22 32 28 21 20
leaf_count=253 61 33 22 32 28 21 20
internal_value=-0.000133815 0.000339366 0.00078152 0.0011715 0.00161184 -0.000424016 0
internal_weight=470 176 115 82 60 294 41
internal_count=470 176 115 82 60 294 41
is_linear=0
shrinkage=0.01


Tree=165
num_leaves=8
num_cat=0
split_feature=103 25 6 36 18 18 52
split_gain=0.702181 1.58734 0.349009 0.250497 0.228027 0.117648 0.0421316
threshold=24.358773140000004 1.7142857270000003 0.52688710700000019 4.1071428230000011 0.56980719650000011 0.68323078550000005 10.199999970000002
decision_type=10 2 2 2 2 2 2
left_child=3 2 5 6 -5 -2 -1
right_child=1 -3 -4 4 -6 -7 -8
leaf_value=-0.005733455607915554 -0.0015593133353670567 0.0036797448233102915 0.00096098338130952117 -0.0034580940571204868 0.0042624486773425799 0.0070950535056575328 -0.0021995831612215966
leaf_weight=21 67 22 23 29 39 21 253
leaf_count=21 67 22 23 29 39 21 253
internal_value=-7.46113e-05 0.00053438 2.23612e-05 -0.00031797 0.000203488 -0.000247748 -0.000454876
internal_weight=475 133 111 342 68 88 274
internal_count=475 133 111 342 68 88 274
is_linear=0
shrinkage=0.01


Tree=166
num_leaves=6
num_cat=0
split_feature=17 44 23 23 1
split_gain=0.287327 0.269902 0.170638 0.398818 0.0325544
threshold=0.75127685700000013 10.300000100000002 1.8428571475000002 1.8857142840000003 0.23641135700000002
decision_type=2 2 2 2 2
left_child=1 2 -1 -4 -5
right_child=-2 -3 3 4 -6
leaf_value=-0.00094534860683653636 0.00038167778564108688 0.00064941573252999486 0.0037471058330478162 -0.0018070956517626936 -0.0043254950687734613
leaf_weight=318 20 23 23 20 63
leaf_count=318 20 23 23 20 63
internal_value=-0.000259726 -0.000315989 -0.000376648 -9.36341e-06 -0.000352029
internal_weight=467 447 424 106 83
internal_count=467 447 424 106 83
is_linear=0
shrinkage=0.01


Tree=167
num_leaves=8
num_cat=0
split_feature=20 23 10 3 18 17 20
split_gain=0.444967 0.712524 0.290427 0.61523 0.0908624 0.0800314 0.0662955
threshold=130.56500000000003 1.8142857125000003 0.54691578600000013 0.27177692900000006 0.62640854800000012 0.72302271450000011 55.565000000000005
decision_type=2 2 2 2 2 2 2
left_child=2 4 3 -1 -2 -4 -7
right_child=1 -3 5 -5 -6 6 -8
leaf_value=-0.0080470647689833402 -0.0056853948910453832 0.0011531518323515688 -0.0019456970273598385 0.0068917737146729306 0.00022488662849298735 0.003779759385175413 -0.0028565293122138347
leaf_weight=37 34 23 288 22 20 20 22
leaf_count=37 34 23 288 22 20 20 22
internal_value=-0.000173522 0.000507712 -0.000314264 0.000309364 -9.1241e-05 -0.000432285 0
internal_weight=466 77 389 59 54 330 42
internal_count=466 77 389 59 54 330 42
is_linear=0
shrinkage=0.01


Tree=168
num_leaves=6
num_cat=0
split_feature=19 29 20 63 8
split_gain=0.2964 0.750351 0.28919 0.119031 0.0376402
threshold=0.55647033350000019 4.0571428880000004 121.825 2.0999999050000002 0.49981650000000005
decision_type=2 2 2 2 2
left_child=3 2 4 -1 -2
right_child=1 -3 -4 -5 -6
leaf_value=-0.00023946932774544474 -0.00057418339293646703 0.0049702031836744119 0.00074593560903155227 -0.0025046912984986671 -0.00055209843502079022
leaf_weight=28 20 27 20 271 98
leaf_count=28 20 27 20 271 98
internal_value=-0.000236661 9.3486e-05 -0.000194525 -0.000425284 -0.000395623
internal_weight=464 165 138 299 118
internal_count=464 165 138 299 118
is_linear=0
shrinkage=0.01


Tree=169
num_leaves=6
num_cat=0
split_feature=18 102 52 7 9
split_gain=0.423116 0.740425 0.616219 1.10303 0.152914
threshold=0.56980719650000011 29.140435005000004 11.099999805000001 0.53204535700000011 0.51037214350000004
decision_type=2 10 2 2 2
left_child=-1 2 3 -2 -4
right_child=1 -3 4 -5 -6
leaf_value=-0.0059547654553611775 -0.0033571002286607232 0.0035683573379288072 0.0070302059274519055 0.00084125381922692309 -0.00067232067527671759
leaf_weight=219 32 26 20 28 157
leaf_count=219 32 26 20 28 157
internal_value=-0.000163629 0.000100455 -6.93862e-05 0.000789474 -0.000374016
internal_weight=482 263 237 60 177
internal_count=482 263 237 60 177
is_linear=0
shrinkage=0.01


Tree=170
num_leaves=8
num_cat=0
split_feature=20 21 18 84 13 2 31
split_gain=0.856097 0.641281 0.436632 0.404825 0.591387 0.839483 0.143716
threshold=154.51500000000001 0.90000000600000007 0.59719878550000016 5.5507143225000002 0.71023635000000007 0.27072407150000005 2.4928571325000006
decision_type=2 2 2 2 2 2 2
left_child=2 -2 -1 6 5 -5 -4
right_child=1 -3 3 4 -6 -7 -8
leaf_value=-0.0053185396941891503 -0.00038222298464130072 0.0011081600641788595 -0.00027617111640012892 0.0015786497264428348 -0.0014284351461420512 0.003127296323366125 0.0019650445303725241
leaf_weight=238 21 23 81 30 29 24 37
leaf_count=238 21 23 81 30 29 24 37
internal_value=-6.09757e-05 0.00125 -0.000198954 0.000136273 0.000674224 0.00129562 -0.000227273
internal_weight=483 44 439 201 83 54 118
internal_count=483 44 439 201 83 54 118
is_linear=0
shrinkage=0.01


Tree=171
num_leaves=8
num_cat=0
split_feature=20 52 88 56 18 36 0
split_gain=0.804858 0.996726 0.36017 0.219601 0.362307 0.128488 0.0221279
threshold=154.51500000000001 14.800000430000003 14.97285727 8.6499999685000031 0.68323078550000005 4.3071428705000008 0.096633000000000011
decision_type=2 2 2 2 2 2 2
left_child=2 -2 -1 5 6 -4 -5
right_child=1 -3 3 4 -6 -7 -8
leaf_value=0.0025308168756823001 0.00098093966085426162 -0.0013390542212277071 -0.0023158608603141219 -0.0036439121859833347 0.0068804290485973861 3.7870726894886478e-08 -0.00062475859236869522
leaf_weight=28 20 27 286 31 21 26 20
leaf_count=28 20 27 286 31 21 26 20
internal_value=-8.15573e-05 0.00114017 -0.000227713 -0.00031185 0.000164835 -0.000428389 -0.000260618
internal_weight=459 47 412 384 72 312 51
internal_count=459 47 412 384 72 312 51
is_linear=0
shrinkage=0.01


Tree=172
num_leaves=8
num_cat=0
split_feature=18 20 89 58 62 47 6
split_gain=0.707506 0.848811 0.470964 0.198905 0.0695632 0.111622 0.0348657
threshold=0.62823992900000014 130.56500000000003 13.785714250000002 13.199999845000002 0.47499990450000007 5.3500001430000008 0.37404064300000006
decision_type=2 2 2 2 2 2 2
left_child=4 2 3 6 -1 -6 -2
right_child=1 -3 -4 -5 5 -7 -8
leaf_value=-0.0049067407778460703 -0.00068659875882725544 0.0020654818997789203 0.0049136309502791249 0.0055928758904745628 5.1297539212028733e-05 -0.0020760763174918996 -0.00052661172734175656
leaf_weight=213 20 26 26 25 36 46 76
leaf_count=213 20 26 26 25 36 46 76
internal_value=-8.95906e-05 0.000411392 9.81054e-05 -0.000151888 -0.000390467 -0.000108696 -0.000371901
internal_weight=468 173 147 121 295 82 96
internal_count=468 173 147 121 295 82 96
is_linear=0
shrinkage=0.01


Tree=173
num_leaves=8
num_cat=0
split_feature=20 39 31 18 37 6 39
split_gain=0.847291 1.04466 0.211108 0.367381 0.0621665 0.0734472 0.0375629
threshold=154.51500000000001 5.9642857825000011 2.4285714205000004 0.63515595200000019 3.5357142855000006 0.45738614300000008 6.4357143470000011
decision_type=2 2 2 2 2 2 2
left_child=2 -2 4 -4 5 -1 -6
right_child=1 -3 3 -5 6 -7 -8
leaf_value=-0.0049615739400104613 -0.00053421027557520114 0.0012394244934190565 -0.0028004318147949042 0.0073402898281079597 -0.0023644685518089776 0.00018582492701741893 -0.002918145634987066
leaf_weight=25 29 20 39 32 275 20 23
leaf_count=25 29 20 39 32 275 20 23
internal_value=-0.000149849 0.0010743 -0.00030135 0.000174095 -0.000405759 -1.09171e-05 -0.000458501
internal_weight=463 49 414 71 343 45 298
internal_count=463 49 414 71 343 45 298
is_linear=0
shrinkage=0.01


Tree=174
num_leaves=8
num_cat=0
split_feature=66 17 13 90 92 40 16
split_gain=0.743631 0.439823 0.657885 0.354819 0.201769 0.349829 0.038849
threshold=0.64499998050000007 0.62259057150000008 0.60501115000000005 12.567857300000002 12.593571390000003 5.7285714490000013 0.67892635700000004
decision_type=2 2 2 2 2 2 2
left_child=-1 -2 -3 -4 6 -6 -5
right_child=1 2 3 4 5 -7 -8
leaf_value=0.0023999797542010549 -0.0057627240618853427 0.006747248416785351 0.00091163098345215107 -0.0026542148381315856 0.00082541996304265786 -0.0011788809491907149 -0.00044816684786385367
leaf_weight=21 220 20 23 20 20 42 111
leaf_count=21 220 20 23 20 20 42 111
internal_value=-7.63919e-05 -0.000166375 0.000126689 -2.76754e-05 -0.000178019 0.000270701 -0.000405918
internal_weight=477 456 236 216 193 62 131
internal_count=477 456 236 216 193 62 131
is_linear=0
shrinkage=0.01


Tree=175
num_leaves=7
num_cat=0
split_feature=103 17 35 28 89 46
split_gain=0.485877 0.227002 0.360103 0.1841 0.0636663 0.0838677
threshold=30.333100280000004 0.72495733350000002 5.271428568000001 4.1857143300000006 14.02571423 11.999999855000002
decision_type=10 2 2 2 2 2
left_child=1 3 -3 4 -1 -6
right_child=-2 2 -4 -5 5 -7
leaf_value=-0.0023662172988403235 0.0022582761532293394 -0.00051080787125184503 0.0067018682811898888 0.00066918145395419729 -0.0042623127109418981 0.00021693004061119556
leaf_weight=327 22 24 20 36 30 20
leaf_count=327 22 24 20 36 30 20
internal_value=-0.000224052 -0.000298165 0.000357143 -0.000373369 -0.000440709 -5.90552e-05
internal_weight=479 457 44 413 377 50
internal_count=479 457 44 413 377 50
is_linear=0
shrinkage=0.01


Tree=176
num_leaves=7
num_cat=0
split_feature=17 13 31 5 4 4
split_gain=0.399767 0.456777 0.650728 0.350157 0.27732 0.0444076
threshold=0.65026509500000007 0.68017882500000015 2.2142857055000005 0.43647588100000007 0.38895592850000005 0.46429821450000003
decision_type=2 2 2 2 2 2
left_child=5 2 -2 -3 -5 -1
right_child=1 3 -4 4 -6 -7
leaf_value=-0.0056063923030234188 0.0024321001696947699 -0.00076550488620202308 -0.00059905777290795742 0.0024573880868059713 -2.0939918118813266e-05 -0.0099516980369201997
leaf_weight=243 20 109 35 28 32 20
leaf_count=243 20 109 35 28 32 20
internal_value=-0.000187577 0.000115658 0.000905018 -0.000132509 0.000460526 -0.000452995
internal_weight=487 224 55 169 60 263
internal_count=487 224 55 169 60 263
is_linear=0
shrinkage=0.01


Tree=177
num_leaves=6
num_cat=0
split_feature=17 11 45 44 25
split_gain=0.304756 0.495031 0.226924 0.149629 0.172535
threshold=0.63485078600000011 0.57157682150000011 15.500000195000002 5.799999982000001 1.7142857270000003
decision_type=2 2 2 2 2
left_child=-1 -2 3 4 -3
right_child=1 2 -4 -5 -6
leaf_value=-0.0055434010197307074 0.0058911271955742542 -0.00057444443086723644 0.00054817226451158363 -0.0007132388185910626 0.00062903167379474163
leaf_weight=225 26 29 21 116 34
leaf_count=225 26 29 21 116 34
internal_value=-0.000229084 2.20457e-05 -0.000139442 -0.000264183 0.000101881
internal_weight=451 226 200 179 63
internal_count=451 226 200 179 63
is_linear=0
shrinkage=0.01


Tree=178
num_leaves=6
num_cat=0
split_feature=103 20 51 39 46
split_gain=0.486979 0.609815 0.490945 0.202847 0.0427818
threshold=24.358773140000004 130.56500000000003 5.1499999055000005 6.3642856735000004 12.800000015000002
decision_type=10 2 2 2 2
left_child=3 2 -2 4 -1
right_child=1 -3 -4 -5 -6
leaf_value=-0.0027668783878827376 0.0049763884385731318 0.0019660786499119459 -0.00098345644520647147 0.0014884888614587581 -0.0006323633545690931
leaf_weight=291 31 26 72 34 21
leaf_count=291 31 26 72 34 21
internal_value=-0.000179697 0.000335131 0 -0.000377739 -0.000460358
internal_weight=475 129 103 346 312
internal_count=475 129 103 346 312
is_linear=0
shrinkage=0.01


Tree=179
num_leaves=6
num_cat=0
split_feature=103 29 8 31 45
split_gain=0.635801 0.679837 0.525236 0.156162 0.115032
threshold=25.045844445000004 3.8714286770000004 0.62638573800000008 2.0142857265000003 0.65000000600000007
decision_type=10 2 2 2 2
left_child=3 2 -2 -1 -5
right_child=1 -3 -4 4 -6
leaf_value=1.6973865971837334e-05 -0.0012483059705632985 0.0037771796453915595 0.0014027122525440076 5.3173083959653448e-06 -0.0033420640437161909
leaf_weight=39 58 22 37 29 269
leaf_count=39 58 22 37 29 269
internal_value=-0.000120932 0.000505093 0.000109603 -0.000344879 -0.000425034
internal_weight=454 117 95 337 298
internal_count=454 117 95 337 298
is_linear=0
shrinkage=0.01


Tree=180
num_leaves=8
num_cat=0
split_feature=27 103 25 32 19 13 46
split_gain=0.24484 0.191834 0.388322 0.106431 0.0575021 0.0757048 0.0419918
threshold=1.8714285705000002 24.358773140000004 1.7071428595000002 3.0428571190000002 0.62267214250000014 0.65294357500000022 12.800000015000002
decision_type=2 10 2 2 2 2 2
left_child=-1 4 3 -3 6 -6 -2
right_child=1 2 -4 -5 5 -7 -8
leaf_value=4.7907348550623396e-05 -0.0038535107099611156 -0.00095246329893260194 0.0028601647622396222 0.00074870838692184109 0.00042202501900865828 -0.00097758758294350361 -0.003308792671073152
leaf_weight=21 246 68 31 23 20 26 21
leaf_count=21 246 68 31 23 20 26 21
internal_value=-0.000210158 -0.00026503 5.70031e-05 -0.000255991 -0.00039675 -2.13676e-05 -0.000453697
internal_weight=456 435 122 91 313 46 267
internal_count=456 435 122 91 313 46 267
is_linear=0
shrinkage=0.01


Tree=181
num_leaves=8
num_cat=0
split_feature=80 46 19 79 23 7 22
split_gain=0.489407 0.466341 0.305915 0.59974 0.131436 0.0435835 0.0282128
threshold=96.585000040000011 12.250000030000001 0.51964457100000006 91.210000990000012 1.7857142985000001 0.42114135700000005 2.6071428400000003
decision_type=2 2 2 2 2 2 2
left_child=1 2 -1 4 6 -2 -4
right_child=5 -3 3 -5 -6 -7 -8
leaf_value=-0.0037518534514109033 -0.008078093701901665 0.00074433973295614511 -0.00080526915096269054 0.0027773975875156737 0.00073846589705336312 -0.0035735326669573738 -6.7218546041813171e-05
leaf_weight=72 20 23 46 34 28 209 20
leaf_count=72 20 23 46 34 28 209 20
internal_value=-0.000119258 0.000207775 3.98405e-05 0.000341615 -5.27427e-05 -0.00044604 -0.000314371
internal_weight=452 223 200 128 94 229 66
internal_count=452 223 200 128 94 229 66
is_linear=0
shrinkage=0.01


Tree=182
num_leaves=7
num_cat=0
split_feature=17 101 20 101 79 52
split_gain=0.422616 0.706407 1.01617 0.296549 0.434209 0.183123
threshold=0.62259057150000008 102.80794240000002 82.945000000000007 131.19284590000004 87.505001065000002 12.849999645000002
decision_type=2 2 2 2 2 2
left_child=-1 2 5 -3 -5 -2
right_child=1 3 -4 4 -6 -7
leaf_value=-0.0089596478417580845 -0.0014861635153299508 -0.00098960704718102448 0.0013016227422014089 -0.0008088915081004215 0.00050204271549269543 0.0036210411244708336
leaf_weight=210 39 138 20 29 26 28
leaf_count=210 39 138 20 29 26 28
internal_value=-0.000148737 9.9715e-05 0.000848519 -0.000229618 0.000367383 0.000213864
internal_weight=490 280 87 193 55 67
internal_count=490 280 87 193 55 67
is_linear=0
shrinkage=0.01


Tree=183
num_leaves=8
num_cat=0
split_feature=80 75 24 5 45 9 5
split_gain=0.493769 0.583043 0.417744 0.177032 0.151886 0.0436387 0.0367571
threshold=97.379997255000021 79.78500080500001 1.8000000115000001 0.42560378550000005 0.65000000600000007 0.50185125000000019 0.45513783350000009
decision_type=2 2 2 2 2 2 2
left_child=1 4 -3 -4 -1 -2 -6
right_child=5 2 3 -5 6 -7 -8
leaf_value=0.0010140698568774544 -0.0042674931708613787 0.0022377361988139945 -0.0015849833140379641 0.00040357232400262908 -0.0011879673272970849 -0.0035045035669809465 -0.00091291993720611175
leaf_weight=32 20 29 34 36 90 211 20
leaf_count=32 20 29 34 36 90 211 20
internal_value=-0.000114213 0.000196443 0.000786573 0.000324859 -0.000203081 -0.000446506 -0.000388087
internal_weight=472 241 99 70 142 231 110
internal_count=472 241 99 70 142 231 110
is_linear=0
shrinkage=0.01


Tree=184
num_leaves=8
num_cat=0
split_feature=18 23 4 3 1 46 29
split_gain=0.682417 0.74786 0.764492 0.83438 0.432852 0.15532 0.195577
threshold=0.63328252850000011 1.6928571290000003 0.32095100000000004 0.31625114250000003 0.27713664250000009 12.250000030000001 3.9571428810000007
decision_type=2 2 2 2 2 2 2
left_child=5 -2 -3 -4 -5 -1 -7
right_child=1 2 3 4 -6 6 -8
leaf_value=-0.0030446414976022101 -0.0016932589799088695 -0.0013770679340643632 0.0064542335638311955 -0.00053685693697463682 0.0023561541607691745 -0.001135105027621166 0.00076738726587030983
leaf_weight=251 59 37 20 26 20 26 20
leaf_count=251 59 37 20 26 20 26 20
internal_value=-0.000103306 0.000411548 0.000929672 0.00157186 0.000747863 -0.000391202 0.000106837
internal_weight=459 162 103 66 46 297 46
internal_count=459 162 103 66 46 297 46
is_linear=0
shrinkage=0.01


Tree=185
num_leaves=8
num_cat=0
split_feature=66 27 103 46 52 20 73
split_gain=0.632612 0.829041 0.553098 0.327023 0.297153 0.148371 0.0441651
threshold=2.7449998855000004 2.2571428545000005 26.397590145000006 8.1999998540000014 11.099999805000001 141.97500000000002 69.445000175000018
decision_type=2 2 10 2 2 2 2
left_child=1 3 -3 -1 -5 6 -2
right_child=5 2 -4 4 -6 -7 -8
leaf_value=0.003181706683318838 -0.0028528110786068444 0.00099134685854046565 0.0004302312421289485 8.5232180501822121e-05 -0.0016024549380715778 0.00075971339321160322 -0.00052870980620315147
leaf_weight=24 232 20 21 21 93 20 20
leaf_count=24 232 20 21 21 93 20 20
internal_value=-7.4148e-05 0.000380979 0.00161483 0 -0.00021777 -0.000381232 -0.000450949
internal_weight=451 179 41 138 114 272 252
internal_count=451 179 41 138 114 272 252
is_linear=0
shrinkage=0.01


Tree=186
num_leaves=5
num_cat=0
split_feature=52 36 36 57
split_gain=0.192752 0.78224 0.249163 0.0893053
threshold=11.099999805000001 3.5214285510000005 4.1999999630000007 1.1000000350000001
decision_type=2 2 2 2
left_child=1 -1 -2 -3
right_child=2 3 -4 -5
leaf_value=0.00061780749996305788 -0.0014275738517961504 5.0011390564312987e-05 0.0021829129005442325 -0.0017329856954348339
leaf_weight=20 309 28 30 78
leaf_count=20 309 28 30 78
internal_value=-0.000280163 3.94321e-05 -0.00040465 -0.000290262
internal_weight=465 126 339 106
internal_count=465 126 339 106
is_linear=0
shrinkage=0.01


Tree=187
num_leaves=7
num_cat=0
split_feature=17 13 10 25 46 17
split_gain=0.379194 0.387306 0.576361 0.552256 0.8055 0.0402441
threshold=0.62259057150000008 0.68397857150000008 0.71861128550000009 1.7214285690000002 8.850000102000001 0.7348106430000001
decision_type=2 2 2 2 2 2
left_child=-1 3 5 -2 -5 -3
right_child=1 2 -4 4 -6 -7
leaf_value=-0.0056039219759871752 -0.0044813501931662723 -0.00064375044102085071 0.0007926461443314636 0.0039447042316113129 5.7812586162481056e-05 0.00025793245788188757
leaf_weight=213 30 130 20 20 37 20
leaf_count=213 30 130 20 20 37 20
internal_value=-0.000176296 7.56399e-05 -0.000193209 0.000620729 0.00120242 -0.000417772
internal_weight=470 257 170 87 57 150
internal_count=470 257 170 87 57 150
is_linear=0
shrinkage=0.01


Tree=188
num_leaves=7
num_cat=0
split_feature=20 52 36 75 101 36
split_gain=0.591732 0.887213 0.19802 0.296177 0.0871276 0.0615385
threshold=140.19000000000003 14.449999895000001 4.1999999630000007 82.45499992500001 131.48502525000004 3.5214285510000005
decision_type=2 2 2 2 2 2
left_child=2 -2 4 -4 -1 -6
right_child=1 -3 3 -5 5 -7
leaf_value=-0.0021433758627637904 0.00082928226345929115 -0.0013531556174823361 -0.0013685852152381958 0.0029695945554668317 0.00075411685061987704 -3.1920102678715207e-05
leaf_weight=344 26 29 32 25 20 20
leaf_count=344 26 29 32 25 20 20
internal_value=-0.000233494 0.000725806 -0.00035876 0.00016436 -0.000441788 0
internal_weight=496 55 441 57 384 40
internal_count=496 55 441 57 384 40
is_linear=0
shrinkage=0.01


Tree=189
num_leaves=8
num_cat=0
split_feature=100 24 54 19 82 15 4
split_gain=0.588109 0.554819 0.637872 0.713264 0.798246 0.184799 0.0434122
threshold=23.797857150000002 1.7142857015000004 7.4000000730000011 0.5635471070000001 8.1164285795000009 0.69655156050000011 0.44099335700000003
decision_type=2 2 2 2 2 2 2
left_child=1 -1 5 4 -4 -3 -2
right_child=6 2 3 -5 -6 -7 -8
leaf_value=-0.0017465774247731713 -0.0026421566239706925 0.0015392727929594402 0.00082098944082469212 0.0013093149012103184 0.002336823836813415 -0.00079073178775287761 -0.0042808467516846005
leaf_weight=68 203 38 26 33 20 45 20
leaf_count=68 203 38 26 33 20 45 20
internal_value=-7.60248e-05 0.000272963 0.000595823 0.00123434 0.00202991 0 -0.000444594
internal_weight=453 230 162 79 46 83 223
internal_count=453 230 162 79 46 83 223
is_linear=0
shrinkage=0.01


Tree=190
num_leaves=9
num_cat=0
split_feature=20 103 18 18 9 101 11 0
split_gain=0.454412 0.699825 0.207562 0.213128 0.206596 0.0816203 0.0639114 0.0253349
threshold=154.51500000000001 26.158520245000002 0.65577471450000002 0.68755425000000014 0.64198260000000007 70.137508020000013 0.64197630950000006 0.14519931950000003
decision_type=2 8 2 2 2 2 2 2
left_child=2 -2 5 4 -4 6 -1 -5
right_child=1 -3 3 7 -6 -7 -8 -9
leaf_value=0.0004082872112861269 -0.0010423907898597696 0.0011190958057617007 -0.00047235653269326255 -0.00042035924046750494 0.0052984943727204482 -0.002855955758074439 -0.0011232807434227842 -0.00041739538244631023
leaf_weight=20 24 23 22 20 20 270 21 38
leaf_count=20 24 23 22 20 20 270 21 38
internal_value=-0.000189625 0.000721757 -0.000299903 7.9365e-05 0.000630841 -0.000428159 0 -0.000289116
internal_weight=458 47 411 100 42 311 41 58
internal_count=458 47 411 100 42 311 41 58
is_linear=0
shrinkage=0.01


Tree=191
num_leaves=7
num_cat=0
split_feature=17 11 13 39 16 9
split_gain=0.345206 0.530326 0.339557 0.494174 0.148 0.0405551
threshold=0.62259057150000008 0.5549890715000001 0.74664312500000019 5.9857143330000007 0.67892635700000004 0.66603772500000014
decision_type=2 2 2 2 2 2
left_child=-1 -2 4 -4 -3 -6
right_child=1 2 3 -5 5 -7
leaf_value=-0.0051021956631006208 0.0059265723184418308 1.6045276001415387e-05 -0.00077121471465857959 0.00089427343586531705 -0.00062852195158323457 0.000403456366015027
leaf_weight=201 24 37 31 20 135 20
leaf_count=201 24 37 31 20 135 20
internal_value=-0.000174915 5.41448e-05 -7.99837e-05 0.000627413 -0.000280083 -0.000420411
internal_weight=468 267 243 51 192 155
internal_count=468 267 243 51 192 155
is_linear=0
shrinkage=0.01


Tree=192
num_leaves=9
num_cat=0
split_feature=55 39 17 3 4 39 5 8
split_gain=0.612543 1.22843 0.288351 0.47325 0.2819 0.187862 0.0442779 0.0347098
threshold=0.60000000500000006 6.0285714010000016 0.70428482150000016 0.31532478600000008 0.38161244300000002 6.3642856735000004 0.51361392850000009 0.65382257150000012
decision_type=2 2 2 2 2 2 2 2
left_child=5 2 7 -4 -3 6 -1 -2
right_child=1 4 3 -5 -6 -7 -8 -9
leaf_value=-0.0014795118948181128 -0.0019817425102736401 0.0038849769731169395 0.006120614849495408 -0.00081563039249323097 0.00077228799009932596 0.001230142180249178 -0.0078731667083656292 -0.00040613159060968687
leaf_weight=237 75 20 22 21 20 35 20 20
leaf_count=237 75 20 22 21 20 35 20 20
internal_value=-7.00936e-05 0.000385906 -5.04324e-05 0.000605023 0.00191176 -0.000355191 -0.000451901 -0.000370564
internal_weight=470 178 138 43 40 292 257 95
internal_count=470 178 138 43 40 292 257 95
is_linear=0
shrinkage=0.01


Tree=193
num_leaves=8
num_cat=0
split_feature=17 27 103 79 5 59 17
split_gain=0.654528 0.545558 0.885606 0.479065 0.325209 0.322087 0.104654
threshold=0.62259057150000008 2.2428571540000006 26.385584430000005 91.210000990000012 0.41864207150000005 1.5499999970000002 0.73236200000000007
decision_type=2 2 8 2 2 2 2
left_child=-1 3 -3 6 -5 -4 -2
right_child=1 2 5 4 -6 -7 -8
leaf_value=-0.0082237466542643186 -0.0013737719815845385 0.0026263812300641597 0.0021226495791306279 -2.8696088267243589e-05 0.0021456200368246826 -0.0020850632255868537 -5.1579442528161795e-05
leaf_weight=203 113 26 33 21 21 33 27
leaf_count=203 113 26 33 21 21 33 27
internal_value=-5.54627e-05 0.00025837 0.000883621 -4.92343e-05 0.000864486 0.000224551 -0.000340909
internal_weight=477 274 92 182 42 66 140
internal_count=477 274 92 182 42 66 140
is_linear=0
shrinkage=0.01


Tree=194
num_leaves=7
num_cat=0
split_feature=103 0 91 29 18 16
split_gain=0.457886 0.824221 0.637927 0.152314 0.255903 0.031233
threshold=24.358773140000004 0.12219471650000001 8.6792856970000027 4.1071428060000015 0.56980719650000011 0.73171178550000004
decision_type=10 2 2 2 2 2
left_child=3 5 -3 -1 -5 -2
right_child=1 2 -4 4 -6 -7
leaf_value=-0.0028758229207108956 -0.0013901374943058094 0.0031897722172753908 0.00040154192944963737 -0.006724360240026205 0.0030880688060692203 -0.0010684194832414229
leaf_weight=261 57 27 29 47 31 20
leaf_count=261 57 27 29 47 31 20
internal_value=-0.000177665 0.000310164 0.00123239 -0.000375221 0 -0.000340617
internal_weight=472 133 56 339 78 77
internal_count=472 133 56 339 78 77
is_linear=0
shrinkage=0.01


Tree=195
num_leaves=8
num_cat=0
split_feature=16 52 52 29 45 19 13
split_gain=0.562452 0.826781 0.560304 0.379829 0.328281 0.0437461 0.0381349
threshold=0.6776522140000002 11.099999805000001 10.650000100000002 3.9357143130000005 4.3499998600000014 0.60956314250000021 0.68585156800000002
decision_type=2 2 2 2 2 2 2
left_child=5 2 4 6 -2 -1 -3
right_child=1 3 -4 -5 -6 -7 -8
leaf_value=-0.0051788599515052982 7.5271017986842245e-05 -0.0030878086058962295 0.00082035279704899906 0.0009614278625478534 -0.0013045118693566422 -0.0041010463314418242 -0.00092623256083533166
leaf_weight=215 20 20 22 39 20 20 103
leaf_count=215 20 20 22 39 20 20 103
internal_value=-0.000103306 0.00024911 0.00122611 -0.000116708 0.000441176 -0.000447413 -0.000399839
internal_weight=459 224 62 162 40 235 123
internal_count=459 224 62 162 40 235 123
is_linear=0
shrinkage=0.01


Tree=196
num_leaves=8
num_cat=0
split_feature=20 23 18 56 93 5 11
split_gain=0.388696 0.432852 0.417285 0.272834 0.154835 0.0763575 0.0454127
threshold=154.51500000000001 1.7785714270000004 0.70545036450000009 0.50000000750000007 20.020714420000004 0.43729707150000002 0.73638028550000012
decision_type=2 2 2 2 2 2 2
left_child=2 -2 3 5 6 -1 -5
right_child=1 -3 -4 4 -6 -7 -8
leaf_value=-0.00010160838367717373 -0.0003818729817165646 0.00083763384099394588 0.0032798281968661252 -0.0017382348525243041 0.00049499015108241844 0.00026969115140907719 -0.0040802676263578851
leaf_weight=20 26 20 37 301 20 20 20
leaf_count=20 26 20 37 301 20 20 20
internal_value=-0.000107573 0.000747863 -0.000207737 -0.000310372 -0.000405208 0.000441176 -0.000461467
internal_weight=464 46 418 381 341 40 321
internal_count=464 46 418 381 341 40 321
is_linear=0
shrinkage=0.01


Tree=197
num_leaves=8
num_cat=0
split_feature=51 24 0 16 52 5 39
split_gain=0.533612 0.697284 0.819448 1.43845 0.119996 0.0757048 0.0446694
threshold=8.7000001110000014 1.7214285515000003 0.11745643050000001 0.72959375000000015 9.8500000200000013 0.39352740000000003 6.4142857620000013
decision_type=2 2 2 2 2 2 2
left_child=1 -1 5 -4 -2 -3 -6
right_child=4 2 3 -5 6 -7 -8
leaf_value=-0.0016795434515813998 -0.0001774488825060364 -0.0049913808221082245 0.0035572099835490638 -0.00079017707525347303 -0.0035058774835014508 0.0035030942598976494 -0.002129304215825118
leaf_weight=63 25 26 24 22 256 20 20
leaf_count=63 25 26 24 22 256 20 20
internal_value=-0.000144483 0.000324133 0.000883621 0.00181624 -0.000392644 -2.13676e-05 -0.000455202
internal_weight=456 155 92 46 301 46 276
internal_count=456 155 92 46 301 46 276
is_linear=0
shrinkage=0.01


Tree=198
num_leaves=5
num_cat=0
split_feature=90 13 14 16
split_gain=0.279734 0.238258 0.373995 0.25261
threshold=12.567857300000002 0.59386237500000016 0.56682954750000014 0.75045346700000015
decision_type=2 2 2 2
left_child=-1 2 -2 -3
right_child=1 3 -4 -5
leaf_value=0.00051037688012974143 -0.0091591587211617038 -0.0022016491786677086 0.0038044876335911046 0.00034807511903330854
leaf_weight=35 26 352 20 30
leaf_count=35 26 352 20 30
internal_value=-0.000257654 -0.000331157 0.000320513 -0.000415361
internal_weight=463 428 46 382
internal_count=463 428 46 382
is_linear=0
shrinkage=0.01


Tree=199
num_leaves=8
num_cat=0
split_feature=18 38 84 101 5 52 18
split_gain=0.591041 0.526527 0.531164 0.501652 0.158632 0.129988 0.0369895
threshold=0.56980719650000011 4.957142847000001 5.9892857415000007 95.400250690000021 0.52691861950000007 11.200000170000001 0.70808342850000006
decision_type=2 2 2 2 2 2 2
left_child=4 3 -3 -2 -1 -5 -7
right_child=1 2 -4 5 -6 6 -8
leaf_value=-0.0057301232948740767 0.0013679451911020719 0.0035362572839062701 0.00028212976860333722 9.7859507371474532e-05 3.5308877853395276e-05 -0.0014477821378122218 -0.00056007973869786969
leaf_weight=203 36 24 36 36 20 92 20
leaf_count=203 36 24 36 36 20 92 20
internal_value=-2.45833e-05 0.000310457 0.00111842 3.24674e-05 -0.000399911 -0.000215054 -0.000390071
internal_weight=467 244 60 184 223 148 112
internal_count=467 244 60 184 223 148 112
is_linear=0
shrinkage=0.01


Tree=200
num_leaves=9
num_cat=0
split_feature=18 19 6 44 0 32 0 21
split_gain=0.386189 0.480266 0.317397 0.311403 0.184766 0.0682527 0.0757048 0.0338796
threshold=0.62823992900000014 0.56143076800000002 0.57262616650000009 8.0500001680000022 0.12493404150000002 2.4214285870000003 0.30547593750000007 0.97142856900000008
decision_type=2 2 2 2 2 2 2 2
left_child=2 -2 5 7 -5 6 -1 -3
right_child=1 3 -4 4 -6 -7 -8 -9
leaf_value=1.5761360912570233e-05 0.0008948663934590477 -0.0007741602796188105 0.00015643641333212385 -0.00044902178439519048 0.003284392456362114 -0.0035898281147190535 -0.0035738048063410051 -1.7116217582299197e-05
leaf_weight=20 39 70 21 20 20 245 26 20
leaf_count=20 39 70 21 20 20 245 26 20
internal_value=-0.00012142 0.000256184 -0.000332481 -2.29359e-05 0.000686274 -0.000423235 -2.13676e-05 -0.000363436
internal_weight=481 169 312 130 40 291 46 90
internal_count=481 169 312 130 40 291 46 90
is_linear=0
shrinkage=0.01


Tree=201
num_leaves=7
num_cat=0
split_feature=101 91 46 100 14 49
split_gain=0.614203 0.514057 0.247803 0.367308 0.0973787 0.0449769
threshold=131.48502525000004 8.6057143550000017 12.050000020000001 23.922856875000004 0.75020021450000007 1.3999999650000003
decision_type=2 2 2 2 2 2
left_child=2 -2 4 -4 5 -1
right_child=1 -3 3 -5 -6 -7
leaf_value=-0.0024810174620000726 0.00075246652139733224 -0.0008143174056453378 0.00011128615152097742 -0.0046865365286904445 -0.00020225300563892352 -0.00088633905634047535
leaf_weight=273 39 21 30 32 31 20
leaf_count=273 39 21 30 32 31 20
internal_value=-0.000136527 0.000789474 -0.00028697 0.000270701 -0.000400246 -0.000457795
internal_weight=446 60 386 62 324 293
internal_count=446 60 386 62 324 293
is_linear=0
shrinkage=0.01


Tree=202
num_leaves=8
num_cat=0
split_feature=63 52 59 102 17 31 0
split_gain=0.465632 0.482136 0.245055 0.168476 0.449699 0.0629324 0.0819471
threshold=2.1700005530000004 11.200000015000002 0.50000001100000013 29.140435005000004 0.63706223800000006 2.3642857330000004 0.086798271000000024
decision_type=2 2 2 10 2 2 2
left_child=1 -1 -3 5 -5 -2 -7
right_child=3 2 -4 4 -6 6 -8
leaf_value=0.0023830292587352048 -0.0013133210939914126 0.0032603759116996778 -0.00082393413208275968 -0.0039755176387102015 0.0034581949337507889 -0.020158598278878684 6.4014091156958664e-05
leaf_weight=28 263 20 44 41 20 29 20
leaf_count=28 263 20 44 41 20 29 20
internal_value=-0.000172821 0.000452586 -1.17738e-10 -0.000333066 0.000121359 -0.000428389 -5.02009e-05
internal_weight=465 92 64 373 61 312 49
internal_count=465 92 64 373 61 312 49
is_linear=0
shrinkage=0.01


Tree=203
num_leaves=9
num_cat=0
split_feature=17 79 84 5 10 75 3 19
split_gain=0.767558 0.656987 0.655476 0.80672 0.199105 0.173393 0.318484 0.0445315
threshold=0.65092185750000009 86.664999960000017 5.7892856005000004 0.41864207150000005 0.6238343715000001 79.890000820000012 0.31532478600000008 0.5889308095000001
decision_type=2 2 2 2 2 2 2 2
left_child=7 5 3 -3 -4 -2 -7 -1
right_child=1 2 4 -5 -6 6 -8 -9
leaf_value=-0.0048946286867640448 -0.0020066841777624743 -1.6024589258273873e-05 0.0012284466863947574 0.0018265895177155649 -8.4306024730396932e-05 0.0059452333988843512 -0.00029942162370563983 -0.0022466817055059175
leaf_weight=249 69 22 20 24 27 22 25 20
leaf_count=249 69 22 20 24 27 22 25 20
internal_value=-9.81622e-05 0.000350334 0.00097548 0.00181624 9.41421e-05 -0.000136986 0.000303347 -0.00045404
internal_weight=478 209 93 46 47 116 47 269
internal_count=478 209 93 46 47 116 47 269
is_linear=0
shrinkage=0.01


Tree=204
num_leaves=8
num_cat=0
split_feature=16 20 43 37 9 5 13
split_gain=0.700963 0.602558 1.46525 0.297164 0.338686 0.264742 0.0842846
threshold=0.66486142900000011 130.56500000000003 8.6000002025000022 4.7499999830000013 0.61588056650000012 0.46069828550000008 0.68914996500000014
decision_type=2 2 2 2 2 2 2
left_child=-1 3 -3 5 -5 6 -2
right_child=1 2 -4 4 -6 -7 -8
leaf_value=-0.0055676912771693825 -0.00020721290552388973 0.0020869943560087277 -0.0021854877650459193 0.003240951167712224 -3.3239158518930015e-06 0.00011752177956243274 -0.00089470515101051321
leaf_weight=227 32 20 21 22 24 20 101
leaf_count=227 32 20 21 22 24 20 101
internal_value=-8.87132e-05 0.000282392 0.0013756 4.25424e-05 0.000747863 -0.000159298 -0.000332586
internal_weight=467 240 41 199 46 153 133
internal_count=467 240 41 199 46 153 133
is_linear=0
shrinkage=0.01


Tree=205
num_leaves=6
num_cat=0
split_feature=17 62 50 19 17
split_gain=0.333419 0.78408 0.524644 0.64062 0.105162
threshold=0.63485078600000011 0.3400001525000001 5.7000000475000006 0.56553409700000012 0.7348106430000001
decision_type=2 2 2 2 2
left_child=-1 2 3 -2 -3
right_child=1 4 -4 -5 -6
leaf_value=-0.004643759964615966 0.00046748401953675334 -0.00054276612454839176 -0.0052092750439327673 0.0044377737442318132 0.0031402401715809663
leaf_weight=239 25 134 22 33 28
leaf_count=239 25 134 22 33 28
internal_value=-0.000225197 2.88302e-05 0.000841584 0.00134354 -0.000362408
internal_weight=481 242 80 58 162
internal_count=481 242 80 58 162
is_linear=0
shrinkage=0.01


Tree=206
num_leaves=9
num_cat=0
split_feature=18 44 31 4 7 2 58 13
split_gain=0.528971 0.678683 0.291459 0.196002 0.159141 0.175454 0.0445717 0.033148
threshold=0.63515595200000019 5.799999982000001 2.3785714250000005 0.35642352400000005 0.62304800000000016 0.34154676800000006 0.25000000350000007 0.67246792500000019
decision_type=2 2 2 2 2 2 2 2
left_child=4 -2 7 -4 6 -6 -1 -3
right_child=1 2 3 -5 5 -7 -8 -9
leaf_value=4.54356829904122e-05 0.0034938467891156132 -0.00048660851414463125 0.0060913621021741896 -0.00072352016003798824 0.00021940303589567853 -0.010905265537799816 -0.0036941567360943006 -0.00057718916461673949
leaf_weight=20 39 20 20 21 20 21 251 66
leaf_count=20 39 20 20 21 20 21 251 66
internal_value=-0.000119048 0.000329736 -1.17372e-05 0.000657895 -0.00036445 0.000179426 -0.000454378 -0.000357143
internal_weight=478 166 127 41 312 41 271 86
internal_count=478 166 127 41 312 41 271 86
is_linear=0
shrinkage=0.01


Tree=207
num_leaves=8
num_cat=0
split_feature=13 80 62 16 9 15 10
split_gain=0.382451 0.200423 0.4441 0.357807 0.108787 0.091673 0.0439007
threshold=0.76430351650000017 96.289999960000017 0.3650002475000001 0.6776522140000002 0.67745887500000002 0.66625250000000014 0.49315400000000004
decision_type=2 2 2 2 2 2 2
left_child=1 2 3 -1 5 -4 -3
right_child=-2 6 4 -5 -6 -7 -8
leaf_value=-0.0056636018016432326 0.00071824584487081128 -0.0039722014212730831 -0.00032125597667664299 0.0034281102741326374 4.2453481620767371e-05 -0.00048799125682018953 -0.0028101509497587339
leaf_weight=21 25 20 31 20 20 119 221
leaf_count=21 25 20 31 20 20 119 221
internal_value=-0.000181038 -0.000251767 -1.65251e-05 0.000897129 -0.000251757 -0.000351459 -0.000448718
internal_weight=477 452 211 41 170 150 241
internal_count=477 452 211 41 170 150 241
is_linear=0
shrinkage=0.01


Tree=208
num_leaves=7
num_cat=0
split_feature=17 46 101 101 52 46
split_gain=0.464621 0.439996 0.419238 0.457873 0.0847269 0.0428039
threshold=0.62259057150000008 12.250000030000001 131.19284590000004 73.069060915000009 11.149999985000003 13.999999965000002
decision_type=2 2 2 2 2 2
left_child=5 2 3 -2 -5 -1
right_child=1 -3 -4 4 -6 -7
leaf_value=-0.0060317948092331588 0.0026812349896122847 0.00055426113382536118 0.00054176242269770474 -1.6091617327887111e-05 -0.00084033362917861098 -0.0022343683653473175
leaf_weight=184 23 32 39 34 127 20
leaf_count=184 23 32 39 34 127 20
internal_value=-8.15573e-05 0.00019742 2.90437e-05 -0.000162338 -0.000361558 -0.000439453
internal_weight=459 255 223 184 161 204
internal_count=459 255 223 184 161 204
is_linear=0
shrinkage=0.01


Tree=209
num_leaves=8
num_cat=0
split_feature=101 43 53 31 6 17 20
split_gain=0.457532 0.279505 0.248968 0.11498 0.125559 0.0603406 0.0857157
threshold=131.19284590000004 9.3000000865000008 58.250000580000005 1.9571428385000003 0.57262616650000009 0.70588341050000014 40.900000000000013
decision_type=2 2 2 2 2 2 2
left_child=2 -2 3 -1 5 -5 -7
right_child=1 -3 -4 4 -6 6 -8
leaf_value=-7.2215711752817124e-05 0.0011697515974703578 -0.00020944031188989707 0.00033746164016673879 -0.0026656499412684555 -8.4988539523928497e-05 0.0035102492889351206 -0.0023976094368116634
leaf_weight=22 32 26 23 289 23 20 31
leaf_count=22 32 26 23 289 23 20 31
internal_value=-0.0001521 0.000663265 -0.000273973 -0.000338258 -0.000383453 -0.000434272 -6.75677e-05
internal_weight=466 58 408 385 363 340 51
internal_count=466 58 408 385 363 340 51
is_linear=0
shrinkage=0.01


Tree=210
num_leaves=8
num_cat=0
split_feature=55 46 0 79 29 27 9
split_gain=0.565475 0.586293 0.651454 0.201497 0.141956 0.0896277 0.0351682
threshold=0.40000000950000009 11.299999990000002 0.11679660400000001 92.344998360000019 4.2142856970000002 2.2642857260000002 0.57849940000000011
decision_type=2 2 2 2 2 2 2
left_child=4 3 -3 5 -1 6 -2
right_child=1 2 -4 -5 -6 -7 -8
leaf_value=-0.0036130888606291053 1.5416014303889226e-05 -0.00041164740322944973 0.00055727595286548517 6.2857742731252408e-05 6.4509864687236636e-05 0.0025613607007070071 -0.00080131290154208739
leaf_weight=247 20 26 35 21 23 23 78
leaf_count=247 20 26 35 21 23 23 78
internal_value=-0.000115028 0.000277232 0.00109223 -6.30253e-05 -0.000417282 -0.00023399 -0.000374494
internal_weight=473 203 61 142 270 121 98
internal_count=473 203 61 142 270 121 98
is_linear=0
shrinkage=0.01


Tree=211
num_leaves=9
num_cat=0
split_feature=17 23 25 6 13 29 6 12
split_gain=0.696496 0.610045 0.476509 0.657057 0.642915 0.14927 0.0432315 0.033148
threshold=0.62259057150000008 1.6928571290000003 1.7142857270000003 0.52418547150000017 0.70085331250000016 3.8714285920000004 0.57262616650000009 0.65084814300000005
decision_type=2 2 2 2 2 2 2 2
left_child=6 7 3 5 -4 -3 -1 -2
right_child=1 2 4 -5 -6 -7 -8 -9
leaf_value=-0.0061391264274867968 -0.00044264545333926416 -0.00084139946903281958 0.0032974366636608137 0.00066283206013575079 -5.5402796648763297e-05 0.002655275785421074 -0.0021771290806532808 -0.0016014242045467692
leaf_weight=197 20 58 35 27 28 32 20 66
leaf_count=197 20 58 35 27 28 32 20 66
internal_value=-1.96363e-05 0.000318591 0.000652655 0.000250424 0.0013558 -0.000143172 -0.000443067 -0.000357143
internal_weight=483 266 180 117 63 90 217 86
internal_count=483 266 180 117 63 90 217 86
is_linear=0
shrinkage=0.01


Tree=212
num_leaves=9
num_cat=0
split_feature=14 92 102 22 34 57 17 1
split_gain=0.430066 0.597769 0.225483 0.385164 0.106334 0.10816 0.0235968 0.015083
threshold=0.7443212855000001 12.550000055000002 29.140435005000004 2.3785714080000004 4.4142857280000003 6.6999999545000009 0.64334071450000008 0.27989535750000005
decision_type=2 2 8 2 2 2 2 2
left_child=2 7 4 6 5 -1 -4 -2
right_child=1 -3 3 -5 -6 -7 -8 -9
leaf_value=-0.0014246838266197982 -0.0011408022821706553 0.0007487025594060644 -0.0075579622586561318 0.0027079355045760895 0.0023100692721559346 -7.4231658194864884e-06 -0.0015384843638070413 -0.00042045454057597077
leaf_weight=272 20 32 34 29 26 31 20 20
leaf_count=272 20 32 34 29 26 31 20 20
internal_value=-0.000123762 0.000576923 -0.000251938 0.000196897 -0.000371437 -0.000426267 -0.000273723 -0.000196079
internal_weight=484 72 412 83 329 303 54 40
internal_count=484 72 412 83 329 303 54 40
is_linear=0
shrinkage=0.01


Tree=213
num_leaves=7
num_cat=0
split_feature=18 29 3 5 27 21
split_gain=0.496554 0.732489 0.190688 0.613178 0.152423 0.356136
threshold=0.63328252850000011 3.9785714320000003 0.33156342850000003 0.37527847650000007 2.3642857245000006 1.014285705
decision_type=2 2 2 2 2 2
left_child=4 2 3 -2 -1 -6
right_child=1 -3 -4 -5 5 -7
leaf_value=-0.0023246435246455162 -0.0017586745447580009 0.0048001597682951081 -0.00072067183410447851 0.0028998360375516196 0.00022469184601204545 -0.004324282377494864
leaf_weight=222 43 23 48 38 25 50
leaf_count=222 43 23 48 38 25 50
internal_value=-0.000116719 0.000340314 2.69644e-05 0.000336186 -0.000357623 6.59619e-06
internal_weight=449 152 129 81 297 75
internal_count=449 152 129 81 297 75
is_linear=0
shrinkage=0.01


Tree=214
num_leaves=8
num_cat=0
split_feature=16 16 88 46 20 8 39
split_gain=0.441539 0.502296 0.775418 0.337539 0.121087 0.0615385 0.0451257
threshold=0.70409078600000008 0.72522173800000012 15.717142925000003 15.949999745000001 30.740000000000006 0.59074714300000009 6.4142857620000013
decision_type=2 2 2 2 2 2 2
left_child=3 2 5 6 -3 -2 -1
right_child=1 4 -4 -5 -6 -7 -8
leaf_value=-0.0038381196206242079 1.3791856494183193e-05 0.0050624264575083264 0.0029813391853774347 0.00022605214304781298 -0.00069796083905604618 -0.0010672213839272831 -0.0015833347884954736
leaf_weight=282 20 20 29 21 62 20 20
leaf_count=282 20 20 29 21 62 20 20
internal_value=-0.000157961 0.000279974 0.000909742 -0.000369055 -0.000229469 0 -0.000459049
internal_weight=474 151 69 323 82 40 302
internal_count=474 151 69 323 82 40 302
is_linear=0
shrinkage=0.01


Tree=215
num_leaves=10
num_cat=0
split_feature=17 44 5 87 14 101 5 30 1
split_gain=0.594129 0.640446 0.917963 0.354409 0.235196 0.117642 0.0424747 0.0375363 0.0210574
threshold=0.62259057150000008 5.899999857000001 0.44119611900000005 4.7885714105000003 0.66650767850000003 111.25171990000001 0.51728935750000005 3.8571428400000003 0.23230442900000001
decision_type=2 2 2 2 2 2 2 2 2
left_child=6 2 3 -2 -3 -6 -1 -7 -5
right_child=1 4 -4 8 5 7 -8 -9 -10
leaf_value=-0.0050697397295197521 0.00034951211031763443 0.0020021714819521636 0.0005342378017873942 -0.00032625816221757532 0.002816468453156723 -0.000632959613940173 -0.0070278053491892121 -0.0011343510796294487 -0.0022145911357658215
leaf_weight=175 21 20 36 20 20 97 20 20 29
leaf_count=175 21 20 36 20 20 97 20 20 29
internal_value=-1.52573e-05 0.000289992 0.000889513 0.000183616 -0.000104563 -0.000264877 -0.00043667 -0.000394737 -0.000251004
internal_weight=458 263 106 70 157 137 195 117 49
internal_count=458 263 106 70 157 137 195 117 49
is_linear=0
shrinkage=0.01


Tree=216
num_leaves=9
num_cat=0
split_feature=17 11 54 47 18 86 16 4
split_gain=0.522595 0.345125 0.259838 0.552199 0.212291 0.470499 0.0338796 0.0288315
threshold=0.62259057150000008 0.5549890715000001 7.4000000730000011 3.5999999345000004 0.65577471450000002 4.9950000175000007 0.69003928600000008 0.34146671450000005
decision_type=2 2 2 2 2 2 2 2
left_child=-1 -2 6 -4 7 -6 -3 -5
right_child=1 2 3 4 5 -7 -8 -9
leaf_value=-0.0060105570827113921 0.0049953785077456641 -0.0046120498159207867 0.00045961310494084865 -0.00071407201203795413 -2.9092290048866034e-05 0.0041784899128322608 -0.0012937871540292503 -0.00048369191849211186
leaf_weight=199 27 20 20 20 41 30 70 48
leaf_count=199 27 20 20 20 41 30 70 48
internal_value=-9.56285e-05 0.000180636 5.40431e-05 0.000303504 6.0801e-05 0.000452646 -0.000363436 -0.000319768
internal_weight=475 276 249 159 139 71 90 68
internal_count=475 276 249 159 139 71 90 68
is_linear=0
shrinkage=0.01


Tree=217
num_leaves=10
num_cat=0
split_feature=17 24 52 27 103 14 60 14 0
split_gain=0.786161 0.611802 1.5615 0.569843 1.23222 0.0914759 0.0428387 0.0307473 0.0158575
threshold=0.62259057150000008 1.7142857015000004 19.299999825000004 2.2428571540000006 27.039807480000004 0.74809521400000012 6.299999971000001 0.68403057100000009 0.20157316650000004
decision_type=2 2 2 2 8 2 2 2 2
left_child=6 -2 3 5 -5 7 -1 -3 -6
right_child=1 2 -4 4 8 -7 -8 -9 -10
leaf_value=-0.0086119468345687879 -0.0015541822813274532 -1.2913743467361248e-05 0.0049641709854363969 0.0027625156162683078 -0.00059345695388050292 0.00039695387470902843 -0.0016016712505933031 -0.0005173925784519197 -0.0016064131362120977
leaf_weight=185 61 20 20 39 20 20 20 55 21
leaf_count=185 61 20 20 39 20 20 20 55 21
internal_value=1.62407e-05 0.000389408 0.000666496 0.000344141 0.000965346 -0.000161796 -0.000439747 -0.000336412 -0.000203349
internal_weight=461 256 195 175 80 95 205 75 41
internal_count=461 256 195 175 80 95 205 75 41
is_linear=0
shrinkage=0.01


Tree=218
num_leaves=8
num_cat=0
split_feature=20 27 13 3 46 43 3
split_gain=0.414766 0.74573 0.213154 0.39276 0.0902859 0.0453552 0.0173151
threshold=130.56500000000003 2.2571428545000005 0.59386237500000016 0.24871542850000003 14.049999980000001 10.549999725000001 0.34425964300000006
decision_type=2 2 2 2 2 2 2
left_child=2 6 3 -1 5 -4 -2
right_child=1 -3 4 -5 -6 -7 -8
leaf_value=-0.0091883524407151695 -0.0019044069846472457 0.0011119579627355306 -0.0012014641553303338 0.0034891648906568286 5.9387937738085187e-05 -1.1526299854232626e-05 -0.00027887277889331876
leaf_weight=29 23 23 297 20 34 20 20
leaf_count=29 23 23 297 20 34 20 20
internal_value=-0.000194944 0.000523952 -0.000319361 0.000271084 -0.000407902 -0.000460982 -0.000216895
internal_weight=466 66 400 49 351 317 43
internal_count=466 66 400 49 351 317 43
is_linear=0
shrinkage=0.01


Tree=219
num_leaves=8
num_cat=0
split_feature=55 101 88 46 4 3 35
split_gain=0.43259 0.620048 0.349626 0.304361 0.26073 0.0710918 0.0445517
threshold=0.60000000500000006 91.966554430000016 14.899999890000002 9.8000001200000018 0.38555321400000003 0.30079107150000006 4.921428510000001
decision_type=2 2 2 2 2 2 2
left_child=2 -2 -1 -3 5 -5 -4
right_child=1 3 6 4 -6 -7 -8
leaf_value=0.0031461254424945896 0.0028094950543613574 -0.00073729446663977889 -0.0016115898286260641 0.0058336226217416453 0.00035226650622831535 -0.00034445637261399238 -0.002240044596363316
leaf_weight=20 34 74 20 20 28 24 250
leaf_count=20 34 74 20 20 28 24 250
internal_value=-0.000112574 0.000265487 -0.000354195 -6.81211e-06 0.00043956 -1.17081e-10 -0.00045421
internal_weight=470 180 290 146 72 44 270
internal_count=470 180 290 146 72 44 270
is_linear=0
shrinkage=0.01


Tree=220
num_leaves=10
num_cat=0
split_feature=16 101 103 14 6 1 67 16 31
split_gain=0.574032 0.449439 0.338486 0.385056 0.301703 0.255602 0.0472831 0.0908624 0.0391749
threshold=0.66402850000000013 89.135383085000015 21.599211740000005 0.69319047650000021 0.54348197650000019 0.25697083300000007 1.9949998855000002 0.5985840240000001 2.5785714130000006
decision_type=2 2 8 2 2 2 2 2 2
left_child=6 -2 -3 5 8 -4 -1 -8 -5
right_child=1 2 3 4 -6 -7 7 -9 -10
leaf_value=-0.0077607439346763221 0.0018590524586679629 0.00026255452308920733 0.0028427843278717542 -0.00077845826293221636 0.00039084246595741563 -5.6694417045358855e-05 -0.010230723442891738 0.00071168252493979622 -0.00039970858487621829
leaf_weight=167 29 20 23 115 20 20 34 20 20
leaf_count=167 29 20 23 115 20 20 34 20 20
internal_value=-2.55974e-05 0.000300646 0.000132541 0 -0.000227856 0.000833333 -0.000399008 -9.1241e-05 -0.000408689
internal_weight=468 247 218 198 155 43 221 54 135
internal_count=468 247 218 198 155 43 221 54 135
is_linear=0
shrinkage=0.01


Tree=221
num_leaves=8
num_cat=0
split_feature=80 92 52 28 2 19 39
split_gain=0.379165 0.695621 0.20224 0.179198 0.278204 0.128219 0.0380391
threshold=96.95499992500001 12.593571390000003 9.8999998605000012 4.0571428200000001 0.31432811900000007 0.61750485700000013 5.5500000205000015
decision_type=2 2 2 2 2 2 2
left_child=1 2 -1 6 -5 -2 -4
right_child=5 -3 3 4 -6 -7 -8
leaf_value=7.985440191982385e-05 -0.0041589197781518421 0.00046193128433381111 -5.5404245805618095e-05 0.0003960480756667363 -0.00039749702811503663 0.0059040286757537901 -0.0015126782679673915
leaf_weight=20 210 34 20 35 30 25 102
leaf_count=20 210 34 20 35 30 25 102
internal_value=-0.00011745 0.000155087 -5.53418e-05 -0.000167732 0.000235562 -0.000405004 -0.000399023
internal_weight=476 241 207 187 65 235 122
internal_count=476 241 207 187 65 235 122
is_linear=0
shrinkage=0.01


Tree=222
num_leaves=7
num_cat=0
split_feature=36 18 6 1 51 31
split_gain=0.515549 0.75852 0.75362 0.671091 0.218503 0.0454827
threshold=4.0428571360000012 0.56980719650000011 0.56427304750000007 0.29730178550000003 3.8000000380000003 2.0142857095000006
decision_type=2 2 2 2 2 2
left_child=2 -2 4 -3 -1 -6
right_child=1 3 -4 -5 5 -7
leaf_value=2.7575882425145673e-05 -0.0020202553917528241 0.0031183529350253475 0.00039564080383633398 -0.00035864468351318174 -0.00045021789238942482 -0.0019692205063920492
leaf_weight=32 39 31 25 21 20 306
leaf_count=32 39 31 25 21 20 306
internal_value=-9.47769e-05 0.000571895 -0.00025925 0.00136364 -0.000381828 -0.000462056
internal_weight=474 91 383 52 358 326
internal_count=474 91 383 52 358 326
is_linear=0
shrinkage=0.01


Tree=223
num_leaves=7
num_cat=1
split_feature=104 22 11 101 89 0
split_gain=0.70366 0.688415 0.526399 0.346349 0.0460282 0.0210574
threshold=0 2.3071428450000004 0.63482035700000006 133.44231865000003 14.080714295000002 0.13910420850000002
decision_type=1 2 2 2 2 2
left_child=1 5 -3 4 -2 -1
right_child=3 2 -4 -5 -6 -7
leaf_value=-0.0030582419368907678 -0.0020452481956611131 0.0023684982360994899 0.00058090066990030371 0.0018487002114439654 -0.0015371757014428123 -0.00036411405899174797
leaf_weight=29 351 25 27 21 20 20
leaf_count=29 351 25 27 21 20 20
internal_value=-0.000191373 0.000514311 0.00136364 -0.000382324 -0.000466649 -0.000251004
internal_weight=493 101 52 392 371 49
internal_count=493 101 52 392 371 49
cat_boundaries=0 1
cat_threshold=572819520
is_linear=0
shrinkage=0.01


Tree=224
num_leaves=9
num_cat=0
split_feature=17 10 13 5 28 17 6 23
split_gain=0.595711 0.541428 0.338916 0.275654 0.407509 0.166605 0.0430732 0.0379418
threshold=0.62259057150000008 0.71787907150000019 0.61424050850000012 0.43995019050000006 4.0499999865000005 0.72302271450000011 0.56427304750000007 1.9000000015000003
decision_type=2 2 2 2 2 2 2 2
left_child=6 2 -2 5 -5 7 -1 -4
right_child=1 -3 3 4 -6 -7 -8 -9
leaf_value=-0.0043394552964357612 0.0057324248842756257 0.00079854899179876459 -0.00073347672840905502 -0.00024516989782344878 0.0012898575682697877 0.0013491215994885176 -0.0018620167055701457 -0.0057962487296077374
leaf_weight=192 20 20 101 34 30 31 20 20
leaf_count=192 20 20 101 34 30 31 20 20
internal_value=-4.69284e-05 0.000272586 0.000126689 0 0.000555555 -0.000222513 -0.000441729 -0.000398194
internal_weight=468 256 236 216 64 152 212 121
internal_count=468 256 236 216 64 152 212 121
is_linear=0
shrinkage=0.01


Tree=225
num_leaves=9
num_cat=0
split_feature=17 23 6 16 12 6 7 1
split_gain=0.483294 0.436681 0.574175 0.30537 0.237432 0.589015 0.0369895 0.0199046
threshold=0.62259057150000008 1.8142857255000002 0.51656864300000016 0.67892635700000004 0.6690862620000001 0.44419878550000008 0.59956314300000002 0.23583459500000004
decision_type=2 2 2 2 2 2 2 2
left_child=-1 4 3 -3 5 7 -6 -2
right_child=1 2 -4 -5 6 -7 -8 -9
leaf_value=-0.0040424577653914865 -0.00019129088391701244 0.0026510737376530804 0.00067643057613204062 -0.0015353915666062785 -0.00065211316322156306 3.2790483565581203e-05 -0.0020640938538820579 -0.00010211496446785709
leaf_weight=206 20 24 21 30 92 21 20 27
leaf_count=206 20 24 21 30 92 21 20 27
internal_value=-0.000126678 0.000158327 0.000798153 0.00020073 -9.95576e-05 0.000348837 -0.000390071 -0.000240586
internal_weight=461 255 75 54 180 68 112 47
internal_count=461 255 75 54 180 68 112 47
is_linear=0
shrinkage=0.01


Tree=226
num_leaves=8
num_cat=0
split_feature=17 103 31 103 102 2 5
split_gain=0.48425 0.504507 0.398714 1.04201 0.330623 0.092457 0.0432623
threshold=0.63485078600000011 21.597050835000005 2.2714285595000008 25.921937140000004 28.987920785000004 0.26398846450000008 0.51361392850000009
decision_type=2 8 2 10 10 2 2
left_child=6 -2 4 -4 -3 -5 -1
right_child=1 2 3 5 -6 -7 -8
leaf_value=-0.0033467008187310823 0.0044993950832213445 -0.00097021162676917856 0.0024466750920469865 0.0056869901305048607 0.0028889182800731208 -0.00073204681423135463 -0.0088383553071926003
leaf_weight=198 22 118 23 20 20 35 20
leaf_count=198 22 118 23 20 20 35 20
internal_value=-0.000100701 0.000205193 4.61253e-05 0.000621827 -0.000266571 -9.85664e-05 -0.000443327
internal_weight=456 238 216 78 138 55 218
internal_count=456 238 216 78 138 55 218
is_linear=0
shrinkage=0.01


Tree=227
num_leaves=7
num_cat=0
split_feature=17 101 12 103 45 0
split_gain=0.391747 0.503719 0.514879 0.138571 0.0449939 0.0354589
threshold=0.67622035700000016 104.80206725000001 0.63916202400000011 26.996233585000002 17.499999630000001 0.092710708500000016
decision_type=2 2 2 10 2 2
left_child=3 -2 -3 4 -1 -4
right_child=1 2 5 -5 -6 -7
leaf_value=-0.0024851233826142152 0.0016540526241206875 0.0032086215457357257 0.00037781512260828712 0.00056055594043641604 -0.0041442512320850359 -0.00016983182123969331
leaf_weight=274 31 20 20 22 20 80
leaf_count=274 31 20 20 22 20 80
internal_value=-0.000195597 0.000214097 -6.62253e-05 -0.000397727 -0.000457938 -0.000376984
internal_weight=467 151 120 316 294 100
internal_count=467 151 120 316 294 100
is_linear=0
shrinkage=0.01


Tree=228
num_leaves=7
num_cat=0
split_feature=13 63 44 46 40 101
split_gain=0.367702 0.227255 0.3368 0.240382 0.355057 0.0453405
threshold=0.76430351650000017 1.6650004385000001 11.400000395000001 12.050000020000001 5.7357142995000006 130.85764370000001
decision_type=2 2 2 2 2 2
left_child=1 2 -1 5 -5 -3
right_child=-2 3 -4 4 -6 -7
leaf_value=0.0055994494105423053 0.00067005173033542643 -0.0028164825383563603 -0.00024055720906786273 0.00019441633656818943 -0.0020802801720673143 6.1303647742841087e-05
leaf_weight=20 26 296 21 33 40 20
leaf_count=20 26 296 21 33 40 20
internal_value=-0.000188266 -0.000262303 0.00041866 -0.000339918 0.000155826 -0.000460859
internal_weight=456 430 41 389 73 316
internal_count=456 430 41 389 73 316
is_linear=0
shrinkage=0.01


Tree=229
num_leaves=10
num_cat=0
split_feature=22 84 96 54 0 9 102 15 3
split_gain=0.358867 0.441119 0.516212 0.441014 0.646643 0.693901 0.130934 0.152468 0.0615385
threshold=2.3071428450000004 6.0449999530000005 16.022142820000003 7.4000000730000011 0.12219471650000001 0.6081257000000001 27.820630600000005 0.6825826785000001 0.32772061450000006
decision_type=2 2 2 2 2 2 10 2 2
left_child=6 2 -2 8 -5 -6 -1 -8 -4
right_child=1 -3 3 4 5 -7 7 -9 -10
leaf_value=-0.003137273303957337 -0.0016771434679949124 -0.0012810918540302873 0.0029882274738118825 -7.5688438490011402e-05 0.0015542427584209018 0.002378866661529816 -0.0062820213593321999 0.0010145240421096772 -0.00080741852415274623
leaf_weight=209 41 71 20 23 24 23 28 24 20
leaf_count=209 41 71 20 23 24 23 28 24 20
internal_value=-0.000122985 0.000166068 0.000477602 0.00083935 0.00131356 0.00197699 -0.000376242 3.78787e-05 0
internal_weight=483 222 151 110 70 47 261 52 40
internal_count=483 222 151 110 70 47 261 52 40
is_linear=0
shrinkage=0.01


Tree=230
num_leaves=9
num_cat=0
split_feature=40 27 20 27 13 52 29 73
split_gain=0.477701 0.393157 0.644319 0.326622 0.280579 0.228541 0.240446 0.144649
threshold=5.7357142995000006 2.2571428545000005 130.56500000000003 2.4785714150000007 0.68425894150000011 11.600000005000002 4.0571428880000004 70.145000935000013
decision_type=2 2 2 2 2 2 2 2
left_child=1 5 3 4 -3 -1 -7 -2
right_child=7 2 -4 -5 -6 6 -8 -9
leaf_value=3.6283698897203231e-05 -0.0043646559802487826 0.0028165766580589974 0.0012662419689302184 -0.0083121074225153465 -0.00012457306962852455 -0.00095305649042646558 0.0027206992808892 -1.4807640051250487e-05
leaf_weight=32 204 22 20 33 20 106 26 22
leaf_count=32 204 22 20 33 20 106 26 22
internal_value=-6.27832e-05 0.000225173 0.000735908 0.000270448 0.000864486 -6.06797e-05 -0.000256024 -0.000401235
internal_weight=485 259 95 75 42 164 132 226
internal_count=485 259 95 75 42 164 132 226
is_linear=0
shrinkage=0.01


Tree=231
num_leaves=8
num_cat=0
split_feature=55 2 39 29 1 54 48
split_gain=0.472931 0.605802 0.864288 0.343446 0.201066 0.33477 0.159395
threshold=0.35000000900000006 0.29808214250000004 6.0785714560000006 3.9071428435000004 0.20456692850000002 7.2000000065000007 0.35000000900000006
decision_type=2 2 2 2 2 2 2
left_child=6 4 3 -3 5 -2 -1
right_child=1 2 -4 -5 -6 -7 -8
leaf_value=-0.0054321982949704249 -0.0039333611523015609 0.00014597590299790061 0.001739129727958343 -0.00077567831075596406 -0.00069785630306547295 0.0076239423282211593 0.00034964886104413284
leaf_weight=211 24 31 21 31 83 21 20
leaf_count=211 24 31 21 31 83 21 20
internal_value=-8.8076e-05 0.000247875 0.000912888 0.000270701 -0.000170808 0.000338428 -0.000403365
internal_weight=442 211 83 62 128 45 231
internal_count=442 211 83 62 128 45 231
is_linear=0
shrinkage=0.01


Tree=232
num_leaves=8
num_cat=0
split_feature=18 99 63 83 16 102 57
split_gain=0.707107 0.530443 0.338298 0.234907 0.184766 0.151249 0.0447264
threshold=0.62823992900000014 22.380714280000003 2.1300001145000005 6.4107141665000009 0.72689399050000014 34.041976770000005 6.7999998220000011
decision_type=2 2 2 2 2 8 2
left_child=5 2 4 -3 -2 6 -1
right_child=1 3 -4 -5 -6 -7 -8
leaf_value=-0.0032823943488439282 0.0026854964474399899 0.0024998503128359183 -0.0018017880769986097 0.00048895846696480976 -0.00020053297984065632 0.00022729448341554182 -0.00070969630812238102
leaf_weight=259 20 29 67 38 20 20 20
leaf_count=259 20 29 67 38 20 20 20
internal_value=-9.39216e-05 0.000406178 -1.39148e-05 0.00109882 0.000686274 -0.000391928 -0.000455683
internal_weight=473 174 107 67 40 299 279
internal_count=473 174 107 67 40 299 279
is_linear=0
shrinkage=0.01


Tree=233
num_leaves=6
num_cat=0
split_feature=6 18 56 86 31
split_gain=0.329417 0.261983 0.111206 0.251695 0.0913589
threshold=0.56427304750000007 0.70545036450000009 0.99999999650000004 5.7857143210000013 2.5999999810000003
decision_type=2 2 2 2 2
left_child=1 2 3 -1 -4
right_child=-2 -3 4 -5 -6
leaf_value=-0.00012395341198173025 0.00035498519851205086 0.00052448447245352972 -0.0016709005976809233 0.00013878240276478173 -7.4015679212976944e-06
leaf_weight=50 28 37 269 32 37
leaf_count=50 28 37 269 32 37
internal_value=-0.000186205 -0.000259512 -0.000339506 0 -0.000426988
internal_weight=453 425 388 82 306
internal_count=453 425 388 82 306
is_linear=0
shrinkage=0.01


Tree=234
num_leaves=12
num_cat=0
split_feature=103 60 54 7 89 42 46 0 0 7 1
split_gain=0.572408 0.445991 0.687779 0.951748 0.22603 0.113898 0.131432 0.146969 0.0819471 0.0435274 0.0235968
threshold=22.484581360000004 2.3000000305000001 7.450000085000001 0.56980932150000008 12.986428705000002 2.2500000000000004 12.050000020000001 0.22560706600000005 0.1237999795 0.4140623570000001 0.22034000000000004
decision_type=10 2 2 2 2 2 2 2 2 2 2
left_child=5 10 8 4 -4 6 9 -8 -3 -1 -2
right_child=1 2 3 -5 -6 -7 7 -9 -10 -11 -12
leaf_value=3.008096381485026e-05 -0.00031078053977634193 -0.00075816822120079275 -0.00023057856063128917 0.00086418953586983452 0.0017628220779274748 5.9021239288817124e-06 -0.0062174221692144031 0.00038116916420223595 0.00030408286852681157 -0.0048362864097278276 -0.0028610147085051897
leaf_weight=20 20 29 24 20 20 20 23 23 20 207 34
leaf_count=20 20 29 24 20 20 20 23 23 20 207 34
internal_value=-1.73612e-05 0.000443981 0.000804042 0.00148148 0.000580357 -0.000287611 -0.000345143 0.000106837 -5.02009e-05 -0.000445566 -0.000273723
internal_weight=460 167 113 64 44 293 273 46 49 227 54
internal_count=460 167 113 64 44 293 273 46 49 227 54
is_linear=0
shrinkage=0.01


Tree=235
num_leaves=6
num_cat=0
split_feature=6 103 28 68 51
split_gain=0.259575 0.27296 0.161789 0.137513 0.0459742
threshold=0.57262616650000009 29.196898225000002 4.1857143300000006 34.214999675000008 1.7000000070000001
decision_type=2 10 2 2 2
left_child=1 2 3 -1 -5
right_child=-2 -3 -4 4 -6
leaf_value=0.0025034949377770684 0.00041135669440974638 0.0016020666004306371 0.0004346017194761648 -0.00015862703021977828 -0.0014422385476141005
leaf_weight=23 21 22 38 20 346
leaf_count=23 21 22 38 20 346
internal_value=-0.000240017 -0.000294575 -0.000354138 -0.000416881 -0.000466194
internal_weight=470 449 427 389 366
internal_count=470 449 427 389 366
is_linear=0
shrinkage=0.01


Tree=236
num_leaves=9
num_cat=0
split_feature=100 40 66 15 101 14 27 7
split_gain=0.754655 0.598872 0.378573 0.18476 0.464863 0.158828 0.107057 0.0309933
threshold=23.850714275000005 5.6071428915000014 0.64499998050000007 0.71941769050000015 128.28370370000002 0.73966564300000004 2.2714285810000008 0.59956314300000002
decision_type=2 2 2 2 2 2 2 2
left_child=1 2 -1 4 6 -2 -4 -5
right_child=5 -3 3 7 -6 -7 -8 -9
leaf_value=0.0012508660249923999 -0.0042920103199338743 0.0017258542378561133 -0.0013924902302565978 -0.00076759178994597612 3.5938391581265379e-05 0.00045585843980715414 0.00010853170136165785 -0.00052195865982552342
leaf_weight=26 205 30 38 56 23 20 34 20
leaf_count=26 205 30 38 56 23 20 34 20
internal_value=4.41684e-06 0.000414837 0.000199697 1.45517e-05 0.000318371 -0.000400797 -5.49452e-05 -0.000338542
internal_weight=452 227 197 171 95 225 72 76
internal_count=452 227 197 171 95 225 72 76
is_linear=0
shrinkage=0.01


Tree=237
num_leaves=7
num_cat=0
split_feature=103 20 51 17 63 103
split_gain=0.661344 0.713081 0.516849 0.382937 0.377049 0.10684
threshold=23.993880675000003 162.23500000000004 5.1499999055000005 0.69515511900000015 3.2450003625000003 25.976974940000002
decision_type=10 2 2 2 2 10
left_child=3 2 -2 -1 -5 -4
right_child=1 -3 5 4 -6 -7
leaf_value=-0.0030813074289721479 0.0036431105821945376 0.00072776107944508381 -6.8319279157980323e-05 -0.0012298253788718906 0.00045269717958283553 -0.00090784191370230538
leaf_weight=262 33 21 22 32 38 60
leaf_count=262 33 21 22 32 38 60
internal_value=-6.82595e-05 0.000511696 0.000177029 -0.0003125 0.000324859 -0.000229469
internal_weight=468 136 115 332 70 82
internal_count=468 136 115 332 70 82
is_linear=0
shrinkage=0.01


Tree=238
num_leaves=7
num_cat=0
split_feature=27 39 55 18 63 15
split_gain=0.525798 0.327572 0.459616 0.233634 0.0918503 0.0682231
threshold=1.8857142755000003 6.0714286055000004 0.60000001650000001 0.65860228550000011 1.6650004385000001 0.6825826785000001
decision_type=2 2 2 2 2 2
left_child=-1 4 3 5 -2 -3
right_child=1 2 -4 -5 -6 -7
leaf_value=2.5040722093324419e-05 0.0012843323628728654 -0.0022007267678625141 0.0014597320652076685 0.00017653479917939307 -0.0027960107024032027 2.0752305884921536e-05
leaf_weight=28 36 70 25 20 236 34
leaf_count=28 36 70 25 20 236 34
internal_value=-0.000116719 -0.000209815 0.000156876 -8.01283e-05 -0.000417889 -0.00028626
internal_weight=449 421 149 124 272 104
internal_count=449 421 149 124 272 104
is_linear=0
shrinkage=0.01


Tree=239
num_leaves=6
num_cat=0
split_feature=101 4 67 22 29
split_gain=0.568405 0.400349 0.150055 0.277086 0.103236
threshold=131.19284590000004 0.38369392850000006 1.9949998855000002 2.2714285595000008 4.1785714285000006
decision_type=2 2 2 2 2
left_child=2 -2 4 -4 -1
right_child=1 -3 3 -5 -6
leaf_value=-0.0013583997069315146 0.00086339334520708054 0.00022353807314506405 -0.0070961680321812029 0.0018472448172782564 -0.0008647677578205239
leaf_weight=298 35 20 40 28 33
leaf_count=298 35 20 40 28 33
internal_value=-0.000208883 0.000725806 -0.000343922 5.81394e-05 -0.00043249
internal_weight=454 55 399 68 331
internal_count=454 55 399 68 331
is_linear=0
shrinkage=0.01


Tree=240
num_leaves=8
num_cat=0
split_feature=51 79 5 52 46 0 20
split_gain=0.636941 0.694742 0.769047 0.378607 0.299676 0.61523 0.287616
threshold=11.500000190000003 86.664999960000017 0.41864207150000005 11.200000170000001 12.050000020000001 0.22560706600000005 40.900000000000013
decision_type=2 2 2 2 2 2 2
left_child=1 3 -3 -1 -2 -6 -5
right_child=4 2 -4 6 5 -7 -8
leaf_value=0.0029142269808138722 -0.0072858746686478969 0.00031444810564859485 0.00079633264801411835 0.00075714303870019566 -0.0015331809179801818 0.00067242935412684124 -0.0011035152082177293
leaf_weight=21 189 39 34 35 37 22 90
leaf_count=21 189 39 34 35 37 22 90
internal_value=5.23727e-05 0.000448135 0.00123984 3.40598e-05 -0.000289389 0.000309364 -0.000162957
internal_weight=467 219 73 146 248 59 125
internal_count=467 219 73 146 248 59 125
is_linear=0
shrinkage=0.01


Tree=241
num_leaves=8
num_cat=0
split_feature=18 28 44 95 39 102 57
split_gain=0.653808 0.463438 0.456142 0.152303 0.105877 0.227793 0.0442108
threshold=0.63515595200000019 4.1857143300000006 5.799999982000001 21.429999760000005 6.2214285645000009 26.220461355000005 7.249999948000001
decision_type=2 2 2 2 2 10 2
left_child=4 2 -2 -4 6 -6 -1
right_child=1 -3 3 -5 5 -7 -8
leaf_value=-0.0031182029515754816 0.00099630533596265468 0.0022184447473087977 -0.00095979724326860608 0.0021206168438202395 7.8980206874627867e-05 -0.0031023815491423709 -5.9506147283025503e-06
leaf_weight=234 35 27 66 33 20 37 20
leaf_count=234 35 27 66 33 20 37 20
internal_value=-9.30627e-05 0.000417182 0.000155786 -0.000175351 -0.000364016 0 -0.000451334
internal_weight=472 161 134 99 311 57 254
internal_count=472 161 134 99 311 57 254
is_linear=0
shrinkage=0.01


Tree=242
num_leaves=8
num_cat=0
split_feature=66 17 11 10 62 103 24
split_gain=0.694201 0.299055 0.698531 0.479113 0.297825 0.133164 0.0429411
threshold=0.55999994300000011 0.62259057150000008 0.55803550000000013 0.71574992850000008 0.059999943000000007 27.836040485000002 1.7928571275000003
decision_type=2 2 2 2 2 10 2
left_child=-1 6 -3 4 -4 -6 -2
right_child=1 2 3 -5 5 -7 -8
leaf_value=0.0015696565595575637 -0.0027546859697190991 0.005370234124049366 0.00019840804637851555 0.00081942243231327176 -0.00051252525128148911 0.00013185577261772642 -0.0085454531122621229
leaf_weight=22 20 20 20 20 159 23 188
leaf_count=22 20 20 20 20 159 23 188
internal_value=-7.19121e-05 -0.000161934 7.00164e-05 -8.52784e-05 -0.000241617 -0.000377462 -0.000440613
internal_weight=472 450 242 222 202 182 208
internal_count=472 450 242 222 202 182 208
is_linear=0
shrinkage=0.01


Tree=243
num_leaves=7
num_cat=0
split_feature=6 63 102 58 67 0
split_gain=0.350867 0.192563 0.280836 0.130703 0.0457548 0.0231242
threshold=0.56427304750000007 2.1700005530000004 26.168896200000002 0.25000000350000007 1.0000000180025095e-35 0.12457735400000002
decision_type=2 2 10 2 2 2
left_child=1 2 -1 -3 -5 -4
right_child=-2 3 5 4 -6 -7
leaf_value=0.0005423186359454523 0.00025555954830137922 1.8652062156264165e-05 -0.0014788518997271955 -0.0012620766135731066 -0.0029679841268189949 0.00011813476350380215
leaf_weight=25 29 24 33 20 327 20
leaf_count=25 29 24 33 20 327 20
internal_value=-0.000244361 -0.000316808 0.000114213 -0.000412856 -0.000464347 -0.000269517
internal_weight=478 449 78 371 347 53
internal_count=478 449 78 371 347 53
is_linear=0
shrinkage=0.01


Tree=244
num_leaves=9
num_cat=0
split_feature=80 50 5 5 40 79 17 7
split_gain=0.390436 0.468819 0.245999 0.73949 0.244896 0.22142 0.141112 0.0425128
threshold=98.650001525000008 8.3000000715000031 0.43647588100000007 0.44841826200000007 5.6785714285000006 94.81499958000002 0.73012214300000011 0.41948735750000005
decision_type=2 2 2 2 2 2 2 2
left_child=1 2 5 -4 -5 6 -1 -2
right_child=7 -3 3 4 -6 -7 -8 -9
leaf_value=-0.00083001798769374586 -0.006785491555073706 0.00015857768926963502 0.0025766140573731068 -0.00097922203391029132 0.00031999143470194322 0.0011682966409914033 2.9862172278861529e-05 -0.007374051308395255
leaf_weight=132 20 24 23 51 21 24 21 176
leaf_count=132 20 24 23 51 21 24 21 176
internal_value=-8.92858e-05 0.000134771 7.33126e-06 0.000422756 -5.49452e-05 -0.000205287 -0.000354356 -0.000436992
internal_weight=492 296 272 95 72 177 153 196
internal_count=492 296 272 95 72 177 153 196
is_linear=0
shrinkage=0.01


Tree=245
num_leaves=11
num_cat=0
split_feature=100 82 11 102 87 69 19 0 31 43
split_gain=0.629807 0.390706 0.336545 0.719732 0.815966 0.204571 0.120361 0.0615385 0.0520646 0.087495
threshold=23.911428180000005 8.1335714885000012 0.64058830950000012 26.358944635000004 5.2392857075000014 28.764999390000003 0.63423290850000014 0.12807888550000004 2.4214285700000002 8.0999999565000014
decision_type=2 2 2 10 2 2 2 2 2 2
left_child=1 2 5 4 -4 -1 -3 -5 -2 -10
right_child=8 6 3 7 -6 -7 -8 -9 9 -11
leaf_value=-0.00056937436862242847 -0.0073286860404129638 -0.0012896136174014338 0.0026905089171075296 -0.00069566635514831804 -0.00010688414743370311 0.0012700395325037784 3.0593946383833405e-05 0.00074114560159521572 -0.0020562901500033814 0.00068165253319691147
leaf_weight=36 183 61 28 20 23 33 20 20 32 20
leaf_count=36 183 61 28 20 23 33 20 20 32 20
internal_value=-3.35572e-05 0.000320513 0.000609453 0.00100763 0.00178571 5.01431e-05 -0.000226161 0 -0.000405004 -7.57577e-05
internal_weight=476 241 160 91 51 69 81 40 235 52
internal_count=476 241 160 91 51 69 81 40 235 52
is_linear=0
shrinkage=0.01


Tree=246
num_leaves=7
num_cat=0
split_feature=101 12 102 6 18 1
split_gain=0.537757 0.340309 0.267406 0.553792 0.281305 0.0392534
threshold=131.86344500000004 0.69539414250000009 24.482091070000006 0.52688710700000019 0.65860228550000011 0.27463209500000002
decision_type=2 2 10 2 2 2
left_child=2 -2 -1 4 5 -4
right_child=1 -3 3 -5 -6 -7
leaf_value=-0.0018599665033261778 0.0031255062518940994 -5.2201347718526524e-06 -0.0036373272302114741 0.00068036167393210271 0.00074547018045697188 -0.0015380859849815746
leaf_weight=235 20 20 116 25 35 20
leaf_count=235 20 20 116 25 35 20
internal_value=-0.000155786 0.000931372 -0.000262853 0 -0.000194994 -0.000409357
internal_weight=471 40 431 196 171 136
internal_count=471 40 431 196 171 136
is_linear=0
shrinkage=0.01


Tree=247
num_leaves=8
num_cat=0
split_feature=20 17 17 19 3 5 17
split_gain=0.659212 0.85545 0.226202 0.357331 0.19515 0.47991 0.509879
threshold=154.51500000000001 0.62259057150000008 0.56763350000000012 0.44746678600000006 0.33839942850000004 0.42560378550000005 0.72365864300000016
decision_type=2 2 2 2 2 2 2
left_child=2 -2 -1 -4 5 6 -5
right_child=1 -3 3 4 -6 -7 -8
leaf_value=-0.0084842116989196602 -0.007917488039621997 0.0011177780616100379 0.00027456624097467632 -0.0012393762783064195 -0.0012594899466609845 0.00024980010365810472 0.005276587081596419
leaf_weight=123 20 28 21 132 83 25 20
leaf_count=123 20 28 21 132 83 25 20
internal_value=4.41684e-06 0.00110656 -0.000123518 2.66145e-05 -6.90185e-05 0.000109674 -9.16232e-05
internal_weight=452 48 404 281 260 177 152
internal_count=452 48 404 281 260 177 152
is_linear=0
shrinkage=0.01


Tree=248
num_leaves=8
num_cat=0
split_feature=18 23 16 66 1 20 7
split_gain=0.344257 0.518075 0.759827 0.147209 0.212332 0.123164 0.0833001
threshold=0.63515595200000019 1.7857142775000001 0.72501332150000009 2.4650001525000005 0.29075161200000005 34.630000000000003 0.62304800000000016
decision_type=2 2 2 2 2 2 2
left_child=3 5 -3 4 -1 -2 -5
right_child=1 2 -4 6 -6 -7 -8
leaf_value=3.5216485441876397e-05 0.00023335586376239115 0.003366117629120128 -0.00084875065659802042 -0.0058789845837439389 -0.0036457745878260674 -0.00027199473592683142 -0.00075849329273446249
leaf_weight=31 20 36 33 218 32 65 39
leaf_count=31 20 36 33 218 32 65 39
internal_value=-0.000115838 0.000264858 0.000909742 -0.000305486 0.000101881 -0.000238928 -0.000413111
internal_weight=474 154 69 320 63 85 257
internal_count=474 154 69 320 63 85 257
is_linear=0
shrinkage=0.01


Tree=249
num_leaves=8
num_cat=0
split_feature=16 23 20 35 7 66 23
split_gain=0.463314 0.537212 0.487062 0.300169 0.438637 0.120036 0.0405422
threshold=0.66522328550000009 1.6928571290000003 130.56500000000003 5.2428571500000007 0.60091157150000007 2.4650001525000005 1.9571428385000003
decision_type=2 2 2 2 2 2 2
left_child=6 -2 3 -3 5 -5 -1
right_child=1 2 -4 4 -6 -7 -8
leaf_value=-0.0050072358570437984 -0.0025172078346373241 0.0030785383333298555 0.0010426154389268994 3.5820662307970944e-05 0.00028035376548120046 -0.001217465171484778 -0.003012258578466688
leaf_weight=190 78 20 31 21 20 71 21
leaf_count=190 78 20 31 21 20 71 21
internal_value=-9.71733e-05 0.000196443 0.000528083 0.000240964 1.77304e-05 -0.000258621 -0.000441454
internal_weight=452 241 163 132 112 92 211
internal_count=452 241 163 132 112 92 211
is_linear=0
shrinkage=0.01


Tree=250
num_leaves=9
num_cat=0
split_feature=38 24 23 43 57 29 4 29
split_gain=0.416633 0.377747 0.47855 0.461204 0.181395 0.0842801 0.0446307 0.0309933
threshold=5.4499999625000006 1.7785714185000001 1.6857142660000004 9.3000000865000008 5.1499999575000013 4.1428571940000003 0.45483942850000009 3.8928570915000003
decision_type=2 2 2 2 2 2 2 2
left_child=1 2 7 -4 -5 6 -3 -1
right_child=-2 5 3 4 -6 -7 -8 -9
leaf_value=-0.0021307182104306323 6.1776080653407265e-05 -0.0012728401363381484 0.0027106146833073947 0.0050685222037379508 -0.0008606137799062987 -0.00082021181754920601 -0.0079005344396466375 -0.00071202236136479484
leaf_weight=56 22 254 30 21 26 35 20 20
leaf_count=56 22 254 30 21 26 35 20 20
internal_value=-0.000123762 -0.000192308 0.000204811 0.000764781 9.41421e-05 -0.000395417 -0.000454876 -0.000338542
internal_weight=484 462 153 77 47 309 274 76
internal_count=484 462 153 77 47 309 274 76
is_linear=0
shrinkage=0.01


Tree=251
num_leaves=7
num_cat=0
split_feature=55 55 20 17 3 20
split_gain=0.32725 0.663207 0.789737 0.152221 0.248451 0.126993
threshold=0.60000000500000006 1.4000000360000002 69.90000000000002 0.65814673200000007 0.31625114250000003 18.610000000000003
decision_type=2 2 2 2 2 2
left_child=3 2 -2 -1 -5 -3
right_child=1 5 -4 4 -6 -7
leaf_value=-0.0042641823745678238 -0.00017614069460986093 3.3293955358516074e-05 0.0006796403350018608 0.00077138318595152214 -0.0013296687926620558 -0.00078939671733111697
leaf_weight=221 38 21 28 31 44 85
leaf_count=221 38 21 28 31 44 85
internal_value=-0.000153584 0.000185185 0.000973054 -0.000357143 6.59619e-06 -0.000290262
internal_weight=468 172 66 296 75 106
internal_count=468 172 66 296 75 106
is_linear=0
shrinkage=0.01


Tree=252
num_leaves=10
num_cat=0
split_feature=18 19 21 5 29 7 0 51 82
split_gain=0.624453 0.616066 0.358644 0.294617 0.144883 0.175454 0.109019 0.0383073 0.0444908
threshold=0.65407409500000013 0.56425957150000017 0.92857142450000019 0.52691861950000007 4.1428571940000003 0.50936671400000011 0.091084895500000013 4.8999999390000006 8.2221429005000015
decision_type=2 2 2 2 2 2 2 2 2
left_child=3 -2 6 4 7 -6 -3 -1 -9
right_child=1 2 -4 -5 5 -7 -8 8 -10
leaf_value=-0.00014997889577962121 0.0026529703685937325 0.00040327730113693061 0.0026046810995683967 0.00053219587609018755 0.0019338316412659119 -0.0012519736001169188 -0.00095684270700635717 -0.0030800724769435022 -0.0022326450824838319
leaf_weight=20 22 20 29 20 20 21 48 247 20
leaf_count=20 22 20 29 20 20 21 48 247 20
internal_value=-4.59599e-05 0.000571786 0.000199386 -0.000263762 -0.000340633 0.000179426 -0.000174419 -0.000422168 -0.000453697
internal_weight=467 119 97 348 328 41 68 287 267
internal_count=467 119 97 348 328 41 68 287 267
is_linear=0
shrinkage=0.01


Tree=253
num_leaves=10
num_cat=0
split_feature=80 38 6 3 4 31 6 3 8
split_gain=0.435107 0.507902 0.373393 0.282435 0.431305 0.518856 0.23403 0.0420292 0.037843
threshold=98.650001525000008 5.414285694000001 0.55145610700000003 0.32319575700000008 0.33042542850000006 2.3785714250000005 0.37806078550000005 0.39041135700000001 0.57529768400000003
decision_type=2 2 2 2 2 2 2 2 2
left_child=1 2 3 4 6 -6 -1 -2 -5
right_child=7 -3 -4 8 5 -7 -8 -9 -10
leaf_value=0.0024652936590416293 -0.0076415270759942634 8.4056111644807924e-05 0.00052687391732928542 -5.4951688523158934e-05 -0.00085119938129071815 0.0050270724667924272 -0.0010302951229686746 -0.0056003658338115306 -0.00073881242544632329
leaf_weight=23 164 22 20 20 21 21 61 20 100
leaf_count=23 164 22 20 20 21 21 61 20 100
internal_value=-5.07615e-05 0.00018698 5.62218e-05 -4.45706e-05 0.000276025 0.00109813 -0.000117925 -0.000432901 -0.000397351
internal_weight=472 288 266 246 126 42 84 184 120
internal_count=472 288 266 246 126 42 84 184 120
is_linear=0
shrinkage=0.01


Tree=254
num_leaves=9
num_cat=0
split_feature=80 6 27 46 19 51 7 15
split_gain=0.386949 0.289698 0.252144 0.30341 0.379564 0.126076 0.0421972 0.0394822
threshold=98.385001185000007 0.54994721450000006 1.8857142755000003 8.850000102000001 0.5546067145000001 16.450000075000002 0.42114135700000005 0.75344214250000008
decision_type=2 2 2 2 2 2 2 2
left_child=1 2 -1 4 -4 7 -2 -5
right_child=6 -3 3 5 -6 -7 -8 -9
leaf_value=7.4669679293113986e-05 -0.0067839426135351925 0.00050988450114640145 -0.00011427123711062972 -0.00080535074855631137 0.002480750637648813 0.0003923301861622451 -0.0058854999544013884 -0.00033720895202144716
leaf_weight=25 20 21 36 119 32 20 168 20
leaf_count=25 20 21 36 119 32 20 168 20
internal_value=-8.33695e-05 0.00015157 4.74682e-05 -5.0483e-05 0.000494186 -0.000297247 -0.000434322 -0.000411302
internal_weight=461 273 252 227 68 159 188 139
internal_count=461 273 252 227 68 159 188 139
is_linear=0
shrinkage=0.01


Tree=255
num_leaves=8
num_cat=0
split_feature=11 52 19 36 20 5 37
split_gain=0.359713 0.714959 0.757516 0.227402 0.342006 0.123164 0.0449078
threshold=0.69381558550000011 11.149999985000003 0.51964457100000006 4.1999999630000007 37.240000000000002 0.50441778600000009 3.3285714390000005
decision_type=2 2 2 2 2 2 2
left_child=3 2 -2 6 -5 -3 -1
right_child=1 5 -4 4 -6 -7 -8
leaf_value=-2.0278269248826547e-05 -0.0013734057343842299 -0.00077538771710136483 0.0027228107283880985 0.0025692384247363166 -0.00084140136778319981 0.00042851546617946696 -0.0015666014308561311
leaf_weight=20 21 65 21 22 29 20 269
leaf_count=20 21 65 21 22 29 20 269
internal_value=-0.00017422 0.000269953 0.00133178 -0.000346244 0.000241313 -0.000238928 -0.000457212
internal_weight=467 127 42 340 51 85 289
internal_count=467 127 42 340 51 85 289
is_linear=0
shrinkage=0.01


Tree=256
num_leaves=8
num_cat=0
split_feature=17 90 52 52 8 59 27
split_gain=0.372491 0.361799 0.386316 0.289015 0.384116 0.157075 0.0391749
threshold=0.62259057150000008 14.625714230000002 18.999999925000001 11.149999985000003 0.57738342850000013 1.7000000180000001 2.3214285800000005
decision_type=2 2 2 2 2 2 2
left_child=-1 3 5 4 -2 -3 -5
right_child=1 2 -4 6 -6 -7 -8
leaf_value=-0.0052965547716372118 -0.0035421024822958457 0.00063134610670043058 0.0019122590352619552 -0.00069500929383955828 0.0020442568979353736 -0.0012366964513625567 -0.00012788395144731484
leaf_weight=213 23 33 20 115 26 23 20
leaf_count=213 23 33 20 115 26 23 20
internal_value=-0.000178345 6.90183e-05 0.000651042 -0.000162338 0.000471887 0.000176056 -0.000408689
internal_weight=473 260 76 184 49 56 135
internal_count=473 260 76 184 49 56 135
is_linear=0
shrinkage=0.01


Tree=257
num_leaves=9
num_cat=0
split_feature=6 3 101 29 29 18 31 2
split_gain=0.503573 1.17267 0.297553 0.564643 0.153468 0.319897 0.126622 0.0892094
threshold=0.52688710700000019 0.36641414250000004 131.19284590000004 3.8714285920000004 4.1071428060000015 0.56980719650000011 2.5999999810000003 0.34738335700000006
decision_type=2 2 2 2 2 2 2 2
left_child=2 -2 4 -4 6 -6 -1 -3
right_child=1 7 3 -5 5 -7 -8 -9
leaf_value=-0.0022525055868434694 0.00057341725393563402 0.0004061277880375355 -4.9557002354474173e-05 0.0029159279309057639 -0.0026484418364041916 0.0024101925905177651 0.0017123865056736893 -0.00086030450589696581
leaf_weight=253 21 20 26 21 38 25 26 33
leaf_count=253 21 20 26 21 38 25 26 33
internal_value=-6.36051e-05 0.000681818 -0.000211647 0.000512552 -0.00031797 0.000101881 -0.000419943 -8.36432e-05
internal_weight=463 74 389 47 342 63 279 53
internal_count=463 74 389 47 342 63 279 53
is_linear=0
shrinkage=0.01


Tree=258
num_leaves=8
num_cat=0
split_feature=100 12 14 5 17 36 5
split_gain=0.428061 0.427508 0.50877 0.740782 0.318751 0.138602 0.0257349
threshold=23.911428180000005 0.74167728600000016 0.69640939300000004 0.42560378550000005 0.68161828600000007 3.9999999830000004 0.39293064300000008
decision_type=2 2 2 2 2 2 2
left_child=1 2 3 4 6 -2 -1
right_child=5 -3 -4 -5 -6 -7 -8
leaf_value=-0.0015670820141380809 -0.0044946088139808018 0.0023788147018680298 -0.00027738881208982886 0.00056768303041947546 0.0028483698471839566 0.0003029850421046399 -6.0614251825855117e-06
leaf_weight=39 205 24 94 21 24 23 20
leaf_count=39 205 24 94 21 24 23 20
internal_value=-9.53861e-05 0.000210951 4.52715e-05 0.000534351 7.75655e-05 -0.000402098 -0.000292642
internal_weight=450 222 198 104 83 228 59
internal_count=450 222 198 104 83 228 59
is_linear=0
shrinkage=0.01


Tree=259
num_leaves=8
num_cat=0
split_feature=53 70 102 7 1 7 31
split_gain=0.234885 0.149915 0.314899 0.153558 0.253102 0.0912768 0.0399784
threshold=60.650000690000006 21.455000400000003 25.856076950000006 0.60091157150000007 0.28545300000000007 0.41948735750000005 1.9785714320000001
decision_type=2 2 8 2 2 2 2
left_child=1 2 -1 5 -5 -3 -7
right_child=-2 3 -4 4 -6 6 -8
leaf_value=0.0020550682714011947 0.0015503246494503466 0.0010275136327491021 -0.00092787662724128431 0.00045968817048672818 -0.0040241441453796817 -6.1283489521934777e-05 -0.001381650580567034
leaf_weight=23 21 33 28 28 33 22 271
leaf_count=23 21 33 28 28 33 22 271
internal_value=-0.0001903 -0.000243847 0.000241313 -0.000313306 0.000121359 -0.000400857 -0.000457795
internal_weight=459 438 51 387 61 326 293
internal_count=459 438 51 387 61 326 293
is_linear=0
shrinkage=0.01


Tree=260
num_leaves=9
num_cat=0
split_feature=16 16 101 20 5 55 0 0
split_gain=0.382615 0.604016 0.398072 0.393313 0.407206 0.124158 0.0433231 0.0390144
threshold=0.6776522140000002 0.68690221450000011 83.137014475000015 39.240000000000002 0.37527847650000007 1.1000000085000001 0.27718218750000007 0.29496735400000001
decision_type=2 2 2 2 2 2 2 2
left_child=5 -2 -3 4 -4 6 -1 -5
right_child=1 2 3 7 -6 -7 -8 -9
leaf_value=-0.005685365327601769 0.0026048160832383934 0.0022732259049574105 -0.00020327448431869361 -2.5897713690733207e-05 0.00469410639465535 4.1839490470287706e-05 -0.0034799134985560479 -0.00034172794597895332
leaf_weight=200 20 20 21 113 31 23 20 20
leaf_count=200 20 20 21 113 31 23 20 20
internal_value=-8.95906e-05 0.000201506 2.67249e-05 -0.000110334 0.00060606 -0.000367104 -0.000443841 -0.000407324
internal_weight=468 225 205 185 52 243 220 133
internal_count=468 225 205 185 52 243 220 133
is_linear=0
shrinkage=0.01


Tree=261
num_leaves=8
num_cat=0
split_feature=5 36 12 31 20 20 0
split_gain=0.232735 0.277259 0.385785 0.16777 0.170852 0.0350637 0.0240534
threshold=0.52691861950000007 3.9999999830000004 0.62224621450000006 2.5785714130000006 50.895000000000003 162.23500000000004 0.26401193750000002
decision_type=2 2 2 2 2 2 2
left_child=1 3 -3 5 -5 -1 -4
right_child=-2 2 6 4 -6 -7 -8
leaf_value=-0.001804629199885186 0.00040231165886267072 0.0026043672351448478 1.2021646501396768e-05 0.0050405623028310668 -7.3866637315058719e-05 -0.00071724467162167236 -0.00033271962869314955
leaf_weight=274 21 38 20 20 20 24 35
leaf_count=274 21 38 20 20 20 24 35
internal_value=-0.000185512 -0.000239694 0.000229211 -0.000374853 0.000196078 -0.000458501 -0.000277778
internal_weight=452 431 93 338 40 298 55
internal_count=452 431 93 338 40 298 55
is_linear=0
shrinkage=0.01


Tree=262
num_leaves=9
num_cat=0
split_feature=40 23 18 19 24 86 26 7
split_gain=0.390048 0.306495 0.371425 0.672797 0.232676 0.104292 0.179847 0.0431054
threshold=5.7571428330000005 1.6857142660000004 0.65407409500000013 0.59541385700000016 1.8857142410000003 6.2685713725000012 1.7571428415000001 0.41203264750000007
decision_type=2 2 2 2 2 2 2 2
left_child=1 -1 4 -4 5 6 -3 -2
right_child=7 2 3 -5 -6 -7 -8 -9
leaf_value=-0.00066171096434476022 -0.0065745608682743085 -4.9944564612697099e-05 0.0027695877579149942 0.00053155803557726619 0.00055244169362547735 -0.0011644788605289702 4.9917971775269788e-05 -0.0045159585995826722
leaf_weight=61 20 22 24 34 28 59 20 193
leaf_count=61 20 22 24 34 28 59 20 193
internal_value=-0.000126678 0.000136656 0.00034345 0.0010034 2.69644e-05 -0.000181729 0.000163551 -0.000442002
internal_weight=461 248 187 58 129 101 42 213
internal_count=461 248 187 58 129 101 42 213
is_linear=0
shrinkage=0.01


Tree=263
num_leaves=7
num_cat=0
split_feature=101 5 70 29 16 103
split_gain=0.47438 0.793563 0.316015 0.161618 0.219963 0.118162
threshold=131.19284590000004 0.44119611900000005 20.195001600000001 4.1071428060000015 0.61853421400000008 26.996233585000002
decision_type=2 2 2 2 2 10
left_child=2 -2 -1 5 -5 -4
right_child=1 -3 3 4 -6 -7
leaf_value=0.00019714479842152958 -0.0002178078490721757 0.00035677463194271454 -0.0033332639803747206 -0.0043258258226470002 0.0030218160023209352 0.00018404298921144327
leaf_weight=31 33 20 256 31 30 28
leaf_count=31 33 20 256 31 30 28
internal_value=-9.88833e-05 0.000771375 -0.000228238 -0.000319549 0.000121359 -0.000421348
internal_weight=429 53 376 345 61 284
internal_count=429 53 376 345 61 284
is_linear=0
shrinkage=0.01


Tree=264
num_leaves=8
num_cat=0
split_feature=6 58 50 20 63 52 79
split_gain=0.490551 0.497989 0.246843 0.328281 0.10248 0.207591 0.112383
threshold=0.56427304750000007 0.25000000350000007 8.3000000715000031 58.585000000000008 2.0999999050000002 11.299999740000002 95.604997635000018
decision_type=2 2 2 2 2 2 2
left_child=1 -1 4 -4 5 -3 -6
right_child=-2 2 3 -5 6 -7 -8
leaf_value=0.0015405088306796014 0.00057354115769209886 0.00038926205004107694 0.00055797873655012015 -7.7115082423886356e-05 -0.0023218844823383448 -0.00080544793584650309 -0.00041915059076017046
leaf_weight=21 29 21 20 20 288 35 30
leaf_count=21 29 21 20 20 288 35 30
internal_value=-0.000107573 -0.000196191 -0.000277242 0.000441176 -0.000360192 0 -0.000429737
internal_weight=464 435 414 40 374 56 318
internal_count=464 435 414 40 374 56 318
is_linear=0
shrinkage=0.01


Tree=265
num_leaves=8
num_cat=0
split_feature=31 39 31 2 11 58 58
split_gain=0.426045 0.292913 0.519854 0.56792 0.364625 0.164922 0.479786
threshold=1.9785714320000001 6.0285714010000016 2.3285714305000007 0.28765000000000002 0.58886554750000009 10.700000005000001 14.649999885000001
decision_type=2 2 2 2 2 2 2
left_child=-1 5 4 -4 -3 -2 -7
right_child=1 2 3 -5 -6 6 -8
leaf_value=0.00046733059996250992 -0.0021986864245286475 0.0021266070163207043 -0.00036781825622725118 0.00063682620853061254 -0.00069696393545545842 0.0023038283503667967 -0.00037818318379537419
leaf_weight=21 221 29 21 20 91 20 50
leaf_count=21 221 29 21 20 91 20 50
internal_value=-9.39216e-05 -0.000163428 0.000169963 0.00113636 -0.000149007 -0.000354695 4.23728e-05
internal_weight=473 452 161 41 120 291 70
internal_count=473 452 161 41 120 291 70
is_linear=0
shrinkage=0.01


Tree=266
num_leaves=10
num_cat=0
split_feature=17 20 31 103 23 20 17 20 5
split_gain=1.00499 0.658114 0.618513 0.925834 0.235443 0.210327 0.280207 0.179847 0.0329546
threshold=0.63485078600000011 130.56500000000003 2.2714285765000004 26.397590145000006 1.9571428555000001 40.900000000000013 0.68784068600000015 46.710000000000008 0.37910417850000006
decision_type=2 2 2 10 2 2 2 2 2
left_child=4 2 5 -4 -1 6 -2 -5 -7
right_child=1 -3 3 7 -6 8 -8 -9 -10
leaf_value=-0.0060384654397331117 -0.0023747815364321559 0.001416039394827673 0.0018935163808254699 0.0049751018435740431 0.00055246523481979374 -0.0024003201563021158 0.0013869156974649238 -0.0015347436997046938 -0.0013585195543026171
leaf_weight=204 20 32 24 20 30 20 30 22 65
leaf_count=204 20 32 24 20 30 20 30 22 65
internal_value=9.5126e-05 0.000562446 0.000334489 0.00112275 -0.00036201 -4.05009e-05 0.000452756 0.000163551 -0.000355478
internal_weight=467 233 201 66 234 135 50 42 85
internal_count=467 233 201 66 234 135 50 42 85
is_linear=0
shrinkage=0.01


Tree=267
num_leaves=7
num_cat=0
split_feature=60 30 50 1 7 20
split_gain=0.416784 0.29035 0.214007 0.299768 0.138186 0.162802
threshold=5.449999988000001 3.7214285730000003 4.5000000785000003 0.28734107150000004 0.64593471400000013 6.1350000000000007
decision_type=2 2 2 2 2 2
left_child=4 2 -2 -4 5 -1
right_child=1 -3 3 -5 -6 -7
leaf_value=0.0049437695288813231 -0.00072815486942505003 0.0017231541044154981 4.5843610374682758e-05 -0.00050615276661331986 0.00027351791808024619 -0.0014467108463260218
leaf_weight=20 50 37 28 35 20 255
leaf_count=20 50 37 28 35 20 255
internal_value=-0.000135711 0.000285146 1.31809e-05 0.00041536 -0.00035666 -0.000418782
internal_weight=445 150 113 63 295 275
internal_count=445 150 113 63 295 275
is_linear=0
shrinkage=0.01


Tree=268
num_leaves=9
num_cat=0
split_feature=17 103 6 15 17 2 6 20
split_gain=0.260849 0.388 0.298953 0.580771 0.1234 0.179847 0.0426974 0.0402441
threshold=0.62259057150000008 20.899222515000002 0.48931390450000006 0.73987864250000013 0.72302271450000011 0.29646200000000006 0.55479153600000009 107.77500000000002
decision_type=2 8 2 2 2 2 2 2
left_child=6 -2 4 -4 7 -6 -1 -3
right_child=1 2 3 -5 5 -7 -8 -9
leaf_value=-0.0041512740036953209 0.00061841159042996027 -0.0013462097809506743 0.00014791681774651289 -0.00043122559710322443 0.0022715860000531553 -0.00094972843791100471 -0.0051629653961153179 -0.00045551879864013186
leaf_weight=181 20 130 36 33 20 22 20 20
leaf_count=181 20 130 36 33 20 22 20 20
internal_value=-0.000163629 2.66145e-05 -7.06647e-05 0.000479943 -0.000280083 0.000163551 -0.000438553 -0.000417772
internal_weight=482 281 261 69 192 42 201 150
internal_count=482 281 261 69 192 42 201 150
is_linear=0
shrinkage=0.01


Tree=269
num_leaves=8
num_cat=0
split_feature=5 55 5 88 17 62 16
split_gain=0.321348 0.673318 0.50837 0.342177 0.164635 0.482665 0.0350185
threshold=0.43647588100000007 0.40000000950000009 0.45031735700000003 15.719999930000002 0.69850821450000011 0.48499965650000004 0.67974250000000014
decision_type=2 2 2 2 2 2 2
left_child=4 6 -3 -4 -1 -6 -2
right_child=1 2 3 -5 5 -7 -8
leaf_value=-0.002471058012287104 -0.0052915848805876863 0.0014770007102032775 -0.00071431868666586406 0.00036255390620318671 0.0048563924955622936 -0.0017898443141596838 -0.00075123212286061253
leaf_weight=233 77 21 28 30 20 51 20
leaf_count=233 77 21 28 30 20 51 20
internal_value=-0.00016223 0.000169683 0.000858396 0.000323129 -0.000360893 3.48188e-05 -0.000373211
internal_weight=480 176 79 58 304 71 97
internal_count=480 176 79 58 304 71 97
is_linear=0
shrinkage=0.01


Tree=270
num_leaves=10
num_cat=0
split_feature=101 33 52 39 31 10 58 8 3
split_gain=0.624594 0.542986 0.455265 0.204145 0.417004 0.361359 0.0910818 0.0988439 0.031695
threshold=131.86344500000004 4.9928571495000007 9.899999719000002 6.0714286055000004 2.2285714235000005 0.62325485700000016 10.299999860000002 0.62052864250000017 0.35769528600000006
decision_type=2 2 2 2 2 2 2 2 2
left_child=2 -2 -1 6 8 -6 -4 -8 -5
right_child=1 -3 3 4 5 -7 7 -9 -10
leaf_value=3.4862746376414293e-05 0.0029262522454862878 -2.0242265953879789e-05 -0.0040528001536891635 -0.00058705954680639911 0.00037821374931658298 0.00083365758412213219 -0.0009962147613130491 0.00098034783415030971 -0.00053372326476271647
leaf_weight=31 20 20 195 59 32 20 34 34 20
leaf_count=31 20 20 195 59 32 20 34 34 20
internal_value=-1.07354e-06 0.00117647 -0.0001186 -0.000215299 9.48405e-05 0.000795454 -0.00037718 -2.90699e-05 -0.000344612
internal_weight=465 40 425 394 131 52 263 68 79
internal_count=465 40 425 394 131 52 263 68 79
is_linear=0
shrinkage=0.01


Tree=271
num_leaves=8
num_cat=0
split_feature=18 4 2 79 102 1 63
split_gain=0.549695 0.40156 0.595516 0.724418 0.139141 0.111033 0.106952
threshold=0.62823992900000014 0.32941557150000006 0.28967135750000006 86.664999960000017 33.572341325000004 0.18215792850000004 2.0999999050000002
decision_type=2 2 2 2 10 2 2
left_child=4 5 -3 -4 6 -2 -1
right_child=1 2 3 -5 -6 -7 -8
leaf_value=-1.2393711778326393e-05 0.00042420007160952512 0.0047795389959500471 -0.0013937891858780461 0.0010818597930491369 0.00027110602465499551 -0.0010896293512374533 -0.0037086607926503715
leaf_weight=31 20 20 43 27 20 50 251
leaf_count=31 20 20 43 27 20 50 251
internal_value=-0.000105877 0.000360696 0.000803965 0.000324859 -0.000359974 -0.000183616 -0.000420792
internal_weight=462 160 90 70 302 70 282
internal_count=462 160 90 70 302 70 282
is_linear=0
shrinkage=0.01


Tree=272
num_leaves=9
num_cat=0
split_feature=55 39 63 46 16 96 2 14
split_gain=0.525084 0.450446 0.268604 0.527027 0.173799 0.233376 0.0799496 0.0275573
threshold=0.60000001650000001 6.0285714010000016 2.1700005530000004 8.4000000655000022 0.6776522140000002 17.067857065000002 0.26793664300000003 0.69640939300000004
decision_type=2 2 2 2 2 2 2 2
left_child=4 2 3 -2 -1 7 -5 -6
right_child=1 -3 -4 6 5 -7 -8 -9
leaf_value=-0.00537798395283977 0.0021219180982074352 0.00089336472833822036 -0.0015747592394095 0.0047317436059905538 -1.6726054351373634e-05 0.00032015654692944817 -0.00055436095726272238 -0.00084326370151776545
leaf_weight=205 20 36 51 20 20 30 28 44
leaf_count=205 20 36 51 20 20 30 28 44
internal_value=-7.6957e-05 0.000388318 7.09515e-05 0.000494186 -0.000325217 1.05484e-05 -4.09837e-05 -0.000308642
internal_weight=454 155 119 68 299 94 48 64
internal_count=454 155 119 68 299 94 48 64
is_linear=0
shrinkage=0.01


Tree=273
num_leaves=9
num_cat=0
split_feature=18 10 8 102 31 46 24 1
split_gain=0.275593 0.525548 0.432605 0.294241 0.148487 0.130147 0.0441881 0.0361382
threshold=0.62823992900000014 0.70842802400000016 0.4899646425000001 34.040398345000007 1.9999999915000002 7.9999998955000011 1.6928571505000003 0.28545300000000007
decision_type=2 2 2 8 2 2 2 2
left_child=3 2 -2 4 -1 -4 -6 -7
right_child=1 -3 5 -5 6 7 -8 -9
leaf_value=0.00060222030982673869 0.0047085378460991938 0.00036092914222727375 0.00066122006926134212 0.00042365285200629831 -1.6279267669246524e-05 -8.3682338031109142e-05 -0.0024257176285740582 -0.00055558168740959027
leaf_weight=20 20 22 35 21 20 85 233 20
leaf_count=20 20 22 35 21 20 85 233 20
internal_value=-9.64766e-05 0.000202407 0 -0.000288331 -0.000381666 -0.000198864 -0.000451143 -0.000382798
internal_weight=476 182 160 294 273 140 253 105
internal_count=476 182 160 294 273 140 253 105
is_linear=0
shrinkage=0.01


Tree=274
num_leaves=9
num_cat=0
split_feature=55 39 52 2 27 2 35 2
split_gain=0.273772 0.423543 0.214344 0.33932 0.0679491 0.0639114 0.0441881 0.015083
threshold=0.60000001650000001 6.0285714010000016 11.500000015000003 0.25827600000000006 2.4714285735000003 0.26956385700000002 6.4785714150000011 0.30753778550000005
decision_type=2 2 2 2 2 2 2 2
left_child=4 2 3 -2 6 -6 -1 -5
right_child=1 -3 -4 7 5 -7 -8 -9
leaf_value=-0.0023568145634273348 0.004639736890707455 0.0016869541250342846 -0.00116064343513951 -0.00084016021689221302 0.0014526597646549635 -0.00043483395724499662 -0.0076068640691326697 -0.0004489390978371232
leaf_weight=233 20 37 84 20 20 21 20 20
leaf_count=233 20 37 84 20 20 21 20 20
internal_value=-0.000200715 9.62595e-05 -0.000138122 0.000296053 -0.000390095 0 -0.000451143 -0.000196079
internal_weight=475 181 144 60 294 41 253 40
internal_count=475 181 144 60 294 41 253 40
is_linear=0
shrinkage=0.01


Tree=275
num_leaves=9
num_cat=0
split_feature=37 4 67 15 31 90 54 7
split_gain=0.583061 0.604949 0.528673 0.270832 0.124869 0.122639 0.166066 0.0448004
threshold=4.7499999830000013 0.39647671450000005 0.52500009550000015 0.75473470250000008 1.9785714320000001 12.772142890000003 7.2000000065000007 0.64593471400000013
decision_type=2 2 2 2 2 2 2 2
left_child=3 2 -2 4 -1 6 -6 -7
right_child=1 -3 -4 -5 5 7 -8 -9
leaf_value=0.00061786152382706889 0.0025291767022981226 -0.00074117089600214529 -1.5547673360895917e-05 0.00022237636961428307 -0.00060953014679482364 -0.0022596299143982589 0.0018742195465509771 -0.00040011143484607509
leaf_weight=20 34 30 20 21 29 263 23 20
leaf_count=20 34 30 20 21 29 263 23 20
internal_value=-8.24654e-05 0.000660377 0.00129562 -0.000254777 -0.000324621 -0.000373734 3.78787e-05 -0.000456307
internal_weight=460 84 54 376 355 335 52 283
internal_count=460 84 54 376 355 335 52 283
is_linear=0
shrinkage=0.01


Tree=276
num_leaves=8
num_cat=0
split_feature=18 84 51 23 52 14 49
split_gain=0.461628 0.505262 0.482364 0.235077 0.186646 0.127491 0.0446307
threshold=0.62823992900000014 5.5714286625000007 13.950000075000002 1.9571428555000001 11.250000010000003 0.68762614300000002 1.2000000365000003
decision_type=2 2 2 2 2 2 2
left_child=3 4 -3 6 -2 -6 -1
right_child=1 2 -4 -5 5 -7 -8
leaf_value=-0.0025499465788012586 0.00033592866199023594 0.0025540377149834447 6.8227186696720728e-05 0.00063198518069329784 0.00024468261926040183 -0.00078153541829974237 1.5852608267856276e-06
leaf_weight=254 22 26 20 29 20 72 20
leaf_count=254 22 26 20 29 20 72 20
internal_value=-0.000128288 0.000298507 0.00117521 -0.000360435 -4.35541e-05 -0.000258621 -0.000454876
internal_weight=463 160 46 303 114 92 274
internal_count=463 160 46 303 114 92 274
is_linear=0
shrinkage=0.01


Tree=277
num_leaves=8
num_cat=1
split_feature=104 28 55 65 3 54 31
split_gain=0.496595 0.598078 0.20198 0.265244 0.177553 0.163217 0.0411671
threshold=0 4.0499999865000005 0.60000001650000001 0.17500019050000001 0.33461169050000006 6.7000001370000009 2.0142857095000006
decision_type=1 2 2 2 2 2 2
left_child=1 5 6 4 -4 -1 -2
right_child=2 -3 3 -5 -6 -7 -8
leaf_value=0.0010751837928339037 -2.299772097108612e-05 0.00022198009223223605 -0.0011743554470353334 0.0017068383656868497 0.00027998440243487508 -0.0029342493152994774 -0.0012554269935672847
leaf_weight=26 21 38 71 26 30 40 211
leaf_count=26 21 38 71 26 30 40 211
internal_value=-8.51661e-05 0.000487805 -0.000263656 3.52111e-05 -0.000181729 -1.49702e-05 -0.000446736
internal_weight=463 104 359 127 101 66 232
internal_count=463 104 359 127 101 66 232
cat_boundaries=0 1
cat_threshold=537726017
is_linear=0
shrinkage=0.01


Tree=278
num_leaves=9
num_cat=0
split_feature=13 28 75 101 102 11 102 0
split_gain=0.602523 0.878903 0.380808 0.449139 0.167277 0.492929 0.0819482 0.0304949
threshold=0.74847711250000015 4.0285714520000004 81.265001300000009 131.61942115000002 26.216676770000003 0.64058830950000012 18.426978845000004 0.27438364600000004
decision_type=2 2 2 2 8 2 10 2
left_child=2 -2 3 4 5 -1 -4 -6
right_child=1 -3 6 -5 7 -7 -8 -9
leaf_value=-0.00073507043062380516 -0.00041265883408666529 0.00062680841999061202 -0.0035173898846464651 0.0025038724734000139 -0.0016186111249003228 0.00026908678628858262 -0.0027308971238675316 -0.00097908423572314073
leaf_weight=35 23 29 39 24 54 33 201 20
leaf_count=35 23 29 39 24 54 33 201 20
internal_value=-1.52573e-05 0.000984848 -0.000149951 0.000209832 0 0.000348837 -0.000406977 -0.000334225
internal_weight=458 52 406 166 142 68 240 74
internal_count=458 52 406 166 142 68 240 74
is_linear=0
shrinkage=0.01


Tree=279
num_leaves=8
num_cat=0
split_feature=39 58 56 29 31 41 46
split_gain=0.448283 0.681417 0.251135 0.224865 0.175988 0.0905085 0.0442333
threshold=6.0714286055000004 3.6000000685000004 1.0000000225000003 4.0785714385000009 2.5999999810000003 2.3000000155000007 15.499999790000002
decision_type=2 2 2 2 2 2 2
left_child=4 2 3 -2 6 -5 -1
right_child=1 -3 -4 5 -6 -7 -8
leaf_value=-0.0020053514207052513 -0.00039777341748367933 0.00059200176893129514 -0.0015336236707115464 0.0012085708347040101 0.00045888520004104289 0.0014937861644810718 -0.00061863187130763988
leaf_weight=235 20 32 65 23 37 20 20
leaf_count=235 20 32 65 23 37 20 20
internal_value=-0.000119258 0.000298507 -1.55281e-05 0.00041536 -0.000355191 0.000833333 -0.000451525
internal_weight=452 160 128 63 292 43 255
internal_count=452 160 128 63 292 43 255
is_linear=0
shrinkage=0.01


Tree=280
num_leaves=7
num_cat=0
split_feature=103 0 18 62 68 46
split_gain=0.618434 0.707971 0.498052 0.232013 0.229538 0.143995
threshold=23.993880675000003 0.12681091700000002 0.63328252850000011 2.1349997525000002 40.065000535000003 12.800000015000002
decision_type=10 2 2 2 2 2
left_child=3 4 -3 5 -2 -1
right_child=1 2 -4 -5 -6 -7
leaf_value=-0.0031320477357132228 0.00032591244359884004 5.3799025068677675e-05 0.0026644893804169205 2.4474897620409723e-05 -0.0011380087210609894 0.00051016509659143183
leaf_weight=281 23 30 22 28 58 23
leaf_count=281 23 30 22 28 58 23
internal_value=-0.000108416 0.000459641 0.00136364 -0.000342548 -0.000103912 -0.000426509
internal_weight=465 133 52 332 81 304
internal_count=465 133 52 332 81 304
is_linear=0
shrinkage=0.01


Tree=281
num_leaves=10
num_cat=0
split_feature=101 16 39 63 1 70 38 51 46
split_gain=0.838875 0.571805 0.393403 0.730692 0.257045 0.128273 0.199105 0.115946 0.0410569
threshold=131.61942115000002 0.72959375000000015 6.0714286055000004 3.7500004770000008 0.23494250000000003 21.455000400000003 3.5928571565000005 17.399999970000003 15.499999790000002
decision_type=2 2 2 2 2 2 2 2 2
left_child=2 -2 5 -4 -5 6 -1 -6 -7
right_child=1 -3 3 4 7 8 -8 -9 -10
leaf_value=-0.0005466658984103742 0.0021251549017873052 -0.00095683529099220663 0.00048842652006208837 0.0020121075627118901 -0.0019513198536484173 -0.004356333179597654 0.0020148505269129979 0.00030236407232347881 -0.0013500803250301463
leaf_weight=27 29 21 24 29 75 207 20 22 21
leaf_count=27 29 21 24 29 75 207 20 22 21
internal_value=2.2068e-05 0.00124016 -0.0001186 0.000285146 -7.88655e-06 -0.000346266 9.41421e-05 -0.000270961 -0.000445804
internal_weight=475 50 425 150 126 275 47 97 228
internal_count=475 50 425 150 126 275 47 97 228
is_linear=0
shrinkage=0.01


Tree=282
num_leaves=9
num_cat=0
split_feature=66 46 20 18 85 4 19 8
split_gain=0.505981 0.513948 0.337049 0.772092 0.294178 0.179736 0.0432928 0.0360075
threshold=2.9499998095000004 12.200000030000002 39.240000000000002 0.68323078550000005 8.7921428000000024 0.41752242900000008 0.61599130950000014 0.65146264250000008
decision_type=2 2 2 2 2 2 2 2
left_child=1 2 3 -1 7 6 -2 -4
right_child=5 -3 4 -5 -6 -7 -8 -9
leaf_value=-0.0035601735295587122 -0.0061375418487624222 0.00017287426987348125 -0.00086855044535975 0.0044015375142849962 0.00067648453562675322 0.00029911358707221896 -0.00088905705279972332 -0.00039866365951447992
leaf_weight=35 199 20 84 26 31 35 20 20
leaf_count=35 199 20 84 26 31 35 20 20
internal_value=-2.76127e-05 0.000322878 0.000152439 0.000768608 -0.000114139 -0.000333595 -0.000443585 -0.00038168
internal_weight=470 216 196 61 135 254 219 104
internal_count=470 216 196 61 135 254 219 104
is_linear=0
shrinkage=0.01


Tree=283
num_leaves=9
num_cat=1
split_feature=80 104 17 36 11 16 84 1
split_gain=0.435018 0.280838 0.659902 0.337008 0.251006 0.038686 0.0446885 0.0302359
threshold=66.175002100000015 0 0.62259057150000008 3.8142857040000004 0.7296621430000001 0.74675730950000008 6.7321428570000013 0.26094537500000009
decision_type=2 1 2 2 2 2 2 2
left_child=-1 2 7 -4 5 6 -3 -2
right_child=1 4 3 -5 -6 -7 -8 -9
leaf_value=6.2714091224711917e-05 -0.0098589097937148967 -0.0012269725432847473 6.24968616565347e-06 0.0022685313995610404 0.00031546533301199864 -5.7613227756632136e-05 -0.00075233322792272214 -4.9395696094129973e-05
leaf_weight=21 53 257 24 22 26 20 20 20
leaf_count=21 53 257 24 22 26 20 20 20
internal_value=-0.000106727 -0.00017841 0.000219568 0.00117521 -0.000328041 -0.000424782 -0.000455364 -0.000331978
internal_weight=463 442 119 46 323 297 277 73
internal_count=463 442 119 46 323 297 277 73
cat_boundaries=0 1
cat_threshold=537657379
is_linear=0
shrinkage=0.01


Tree=284
num_leaves=10
num_cat=0
split_feature=51 69 15 9 26 20 29 75 7
split_gain=0.525923 0.519558 0.694192 0.34883 0.150983 0.144927 0.246541 0.129763 0.0204918
threshold=11.500000190000003 28.640000345000004 0.72059364300000006 0.69187565000000018 1.871428579 69.715000000000018 3.6999999630000002 79.78500080500001 0.46037507150000007
decision_type=2 2 2 2 2 2 2 2 2
left_child=1 3 -3 5 7 6 -1 -2 -8
right_child=4 2 -4 -5 -6 -7 8 -9 -10
leaf_value=3.9002265784541169e-05 -0.0032500402977018927 0.003298681626120039 -0.0004638127769136838 5.954154305624684e-05 -0.0057272625037439948 -0.00047282533928470814 -0.0017389875511522868 0.00030667290202255639 -7.4091686463763836e-05
leaf_weight=26 21 28 24 22 196 72 20 24 28
leaf_count=26 21 28 24 22 196 72 20 24 28
internal_value=-4.00608e-05 0.000307971 0.00117424 2.36966e-05 -0.000366005 -0.000143052 0.000147059 0.000120087 -0.000245902
internal_weight=461 220 52 168 241 146 74 45 48
internal_count=461 220 52 168 241 146 74 45 48
is_linear=0
shrinkage=0.01


Tree=285
num_leaves=8
num_cat=0
split_feature=103 13 18 15 14 60 39
split_gain=0.706591 0.389903 0.680496 0.841923 0.260461 0.15219 0.0424086
threshold=24.358773140000004 0.75677550850000019 0.63328252850000011 0.72553692850000007 0.74645755350000009 16.850000260000005 6.4357143470000011
decision_type=10 2 2 2 2 2 2
left_child=4 2 -2 -4 5 6 -1
right_child=1 -3 3 -5 -6 -7 -8
leaf_value=-0.0033782550156229059 -0.001579192161832168 0.00018647095589486407 0.0026383735193515954 -0.00022541781991008882 0.00010496011543449021 1.5616245070445109e-05 -0.00085829726770316687
leaf_weight=268 56 20 27 28 24 20 21
leaf_count=268 56 20 27 28 24 20 21
internal_value=-6.4544e-05 0.000550076 0.000290698 0.00108423 -0.000313062 -0.000395417 -0.000457212
internal_weight=464 131 111 55 333 309 289
internal_count=464 131 111 55 333 309 289
is_linear=0
shrinkage=0.01


Tree=286
num_leaves=8
num_cat=0
split_feature=86 52 19 10 4 46 18
split_gain=0.509941 0.685914 0.792542 0.439078 0.178902 0.169109 0.0372139
threshold=6.5800000770000011 10.999999905000001 0.57319747100000007 0.54691578600000013 0.41889300000000002 8.349999964500002 0.71673833350000016
decision_type=2 2 2 2 2 2 2
left_child=1 2 -1 -3 -2 -5 -7
right_child=4 3 -4 5 -6 6 -8
leaf_value=0.00014302302005946756 -0.0056047596641771317 0.00271880901524334 -0.00062482310455901514 8.4254849715618868e-05 0.00053775790061316427 -0.0009603822902217201 -0.00093777924580862153
leaf_weight=25 210 20 22 30 39 94 20
leaf_count=25 210 20 22 30 39 94 20
internal_value=-6.0764e-05 0.00029509 0.00134937 -1.18631e-10 -0.000370296 -0.000207182 -0.000391986
internal_weight=460 211 47 164 249 144 114
internal_count=460 211 47 164 249 144 114
is_linear=0
shrinkage=0.01


Tree=287
num_leaves=8
num_cat=0
split_feature=18 24 19 54 102 31 22
split_gain=0.58241 0.895108 0.522154 0.781422 0.402553 0.143336 0.126235
threshold=0.62823992900000014 1.7642856960000002 0.60133021450000002 7.600000113500001 32.295893760000006 2.3785714250000005 2.4214286040000004
decision_type=2 2 2 2 8 2 2
left_child=4 5 3 -3 6 -2 -1
right_child=1 2 -4 -5 -6 -7 -8
leaf_value=-0.0035712936275258144 -0.00086204603612843953 3.681317274071913e-05 0.001393598180419336 0.0023444725894830134 0.00043492591271424236 2.255569437241447e-05 1.4011415192038556e-05
leaf_weight=247 63 20 28 23 29 34 26
leaf_count=247 63 20 28 23 29 34 26
internal_value=-2.76127e-05 0.000438389 0.0012883 0.00197489 -0.000293924 -0.000168712 -0.000418189
internal_weight=470 168 71 43 302 97 273
internal_count=470 168 71 43 302 97 273
is_linear=0
shrinkage=0.01


Tree=288
num_leaves=9
num_cat=0
split_feature=17 101 37 4 6 52 37 15
split_gain=0.629788 0.533296 0.315894 0.453344 0.370071 0.271761 0.403561 0.043499
threshold=0.63485078600000011 77.303394425000008 4.7499999830000013 0.39673885700000006 0.42995442850000004 11.500000015000003 3.5357142855000006 0.69783107150000012
decision_type=2 2 2 2 2 2 2 2
left_child=7 -2 5 4 -4 6 -3 -1
right_child=1 2 3 -5 -6 -7 -8 -9
leaf_value=-0.0049715636498743835 0.0021940939388454539 0.0011253543533891741 0.00224370114331204 -0.00044443184097908104 0.0013905013286558965 -0.0019357238845889822 -0.00044031900369938498 3.1795086879454968e-05
leaf_weight=206 20 36 22 21 20 88 31 20
leaf_count=206 20 36 22 21 20 88 31 20
internal_value=-6.4544e-05 0.000288945 0.000132541 0.00072884 0.00133178 -9.94866e-05 0.000361357 -0.000445326
internal_weight=464 238 218 63 42 155 67 226
internal_count=464 238 218 63 42 155 67 226
is_linear=0
shrinkage=0.01


Tree=289
num_leaves=9
num_cat=0
split_feature=16 30 14 17 15 60 14 19
split_gain=0.620872 0.731406 0.365492 0.645361 0.309483 0.298529 0.135713 0.0432928
threshold=0.6776522140000002 4.142857202500001 0.71294128600000006 0.67827464300000007 0.75473470250000008 5.449999988000001 0.75020021450000007 0.57872635700000008
decision_type=2 2 2 2 2 2 2 2
left_child=5 2 3 -2 6 7 -4 -1
right_child=1 -3 4 -5 -6 -7 -8 -9
leaf_value=-0.0064907670150862566 -0.00013823431080664116 0.0016055565191635949 -0.00092534026412858324 0.00093410457057894558 0.0030089005219581287 0.00043440993768027118 0.00016732766449087388 -0.0032796439370640098
leaf_weight=199 21 21 89 34 27 38 20 20
leaf_count=199 21 21 89 34 27 38 20 20
internal_value=2.87355e-05 0.000432331 0.000221585 0.000905018 -4.38598e-05 -0.000296742 -0.000295993 -0.000443585
internal_weight=469 212 191 55 136 257 109 219
internal_count=469 212 191 55 136 257 109 219
is_linear=0
shrinkage=0.01


Tree=290
num_leaves=8
num_cat=0
split_feature=16 15 18 17 19 44 86
split_gain=0.759723 0.946511 0.490266 0.299258 0.472745 0.411019 0.138696
threshold=0.66402850000000013 0.68363878600000005 0.53696459500000016 0.68524642850000006 0.56011407150000014 8.0500001680000022 6.0428570370000001
decision_type=2 2 2 2 2 2 2
left_child=6 -2 -3 -4 -5 -6 -1
right_child=1 2 3 4 5 -7 -8
leaf_value=0.00017364815768854794 0.0025177478715334425 0.00060922256840750756 -0.0017086015687561144 0.00025306829890863413 -0.00044903404855237638 0.0016124049573875872 -0.0058525348361167526
leaf_weight=23 24 23 77 30 64 24 206
leaf_count=23 24 23 77 30 64 24 206
internal_value=5.29874e-06 0.000399506 0.000178245 2.55351e-06 0.000328283 -2.25226e-05 -0.000402524
internal_weight=471 242 218 195 118 88 229
internal_count=471 242 218 195 118 88 229
is_linear=0
shrinkage=0.01


Tree=291
num_leaves=8
num_cat=0
split_feature=16 43 16 12 55 43 0
split_gain=0.404423 0.598866 0.492239 0.609828 0.145392 0.114633 0.0357385
threshold=0.66486142900000011 8.5999999010000021 0.68083361900000006 0.73448728600000013 1.1000000085000001 5.0500000160000011 0.090650389000000012
decision_type=2 2 2 2 2 2 2
left_child=4 2 -2 5 -1 -4 -3
right_child=1 6 3 -5 -6 -7 -8
leaf_value=-0.0051926879431216299 0.002224810345473313 0.00035244957957969447 1.2692889051150375e-05 0.0018801335228908033 0.00018183380251435361 -0.0020897057342345615 -0.0005418305933451061
leaf_weight=212 23 20 35 27 22 45 82
leaf_count=212 23 20 35 27 22 45 82
internal_value=-0.000109255 0.000180412 0.000634556 0.000320037 -0.0004046 -9.901e-05 -0.000379378
internal_weight=466 232 130 107 234 80 102
internal_count=466 232 130 107 234 80 102
is_linear=0
shrinkage=0.01


Tree=292
num_leaves=9
num_cat=0
split_feature=16 101 69 14 31 102 10 18
split_gain=0.706089 0.86032 0.409362 0.648473 0.160278 0.142612 0.106722 0.0345506
threshold=0.66402850000000013 73.069060915000009 28.459999560000004 0.69640939300000004 2.4285714375 26.385584430000005 0.68637821450000014 0.70545036450000009
decision_type=2 2 2 2 2 8 2 2
left_child=4 -2 6 -4 -1 -5 7 -3
right_child=1 2 3 5 -6 -7 -8 -9
leaf_value=-0.0049429441577486053 0.0019151048423843629 -0.0012190578393817741 0.002055787350202341 4.9899155309423197e-05 0.00056596812911277833 -0.0002052495442158777 4.1701899353211552e-05 -0.00044230390984763453
leaf_weight=221 20 74 27 37 20 27 38 20
leaf_count=221 20 74 27 37 20 27 38 20
internal_value=-2.06272e-05 0.000354799 0.000163092 0.000680828 -0.000407362 9.25925e-05 -0.000180723 -0.000369198
internal_weight=484 243 223 91 241 64 132 94
internal_count=484 243 223 91 241 64 132 94
is_linear=0
shrinkage=0.01


Tree=293
num_leaves=9
num_cat=0
split_feature=91 20 14 10 4 3 10 14
split_gain=0.393826 0.504158 0.258207 0.589683 0.136435 0.195577 0.0954834 0.0441881
threshold=8.604285615000002 130.56500000000003 0.71147521400000013 0.62325485700000016 0.41752242900000008 0.39587557150000002 0.55151285750000012 0.74928500000000009
decision_type=2 2 2 2 2 2 2 2
left_child=1 2 3 6 7 -6 -1 -2
right_child=4 -3 -4 -5 5 -7 -8 -9
leaf_value=0.0005532219577259862 -0.0034914262047389811 0.00078345433116385789 -0.00089336186909513057 4.2105936406022273e-05 0.00022327582614674506 -0.0072342286752247109 -0.001285378829606827 -0.0008261788161041825
leaf_weight=20 233 30 67 20 20 26 37 20
leaf_count=20 233 30 67 20 20 26 37 20
internal_value=-0.000136134 0.000234554 -1.18551e-10 0.000379177 -0.000358573 0.000106837 -0.000112457 -0.000451143
internal_weight=473 174 144 77 299 46 57 253
internal_count=473 174 144 77 299 46 57 253
is_linear=0
shrinkage=0.01


Tree=294
num_leaves=9
num_cat=0
split_feature=55 6 39 37 14 46 31 10
split_gain=0.565593 0.8198 1.19647 0.678411 0.210181 0.155468 0.0404427 0.0338796
threshold=0.40000000950000009 0.47981021450000005 6.0428572040000015 3.3642856565000003 0.66350464300000012 12.250000030000001 2.0142857265000003 0.67473371400000015
decision_type=2 2 2 2 2 2 2 2
left_child=5 4 3 -3 -2 6 -1 -6
right_child=1 2 -4 -5 7 -7 -8 -9
leaf_value=-0.00073957730858820311 0.00052741955046389571 0.00018925237258044146 0.00078041388353681531 -0.0010271189488296206 -0.00072871958711603977 8.7139715691096631e-05 -0.004916199183228576 0.00034916291783487654
leaf_weight=21 37 20 20 34 70 39 187 20
leaf_count=21 37 20 20 34 70 39 187 20
internal_value=-4.45645e-06 0.000384043 0.00121658 0.000383212 -8.99845e-05 -0.000328894 -0.000440613 -0.000363436
internal_weight=448 201 74 54 127 247 208 90
internal_count=448 201 74 54 127 247 208 90
is_linear=0
shrinkage=0.01


Tree=295
num_leaves=10
num_cat=0
split_feature=100 20 50 28 68 1 18 44 7
split_gain=0.742216 0.514577 0.403184 0.242545 0.416174 0.2514 0.686026 0.0819471 0.0415758
threshold=24.092857360000004 154.51500000000001 7.0999999795000006 4.0499999865000005 40.12000036500001 0.24792775000000003 0.65343107150000013 7.3499998600000014 0.41203264750000007
decision_type=2 2 2 2 2 2 2 2 2
left_child=1 2 3 5 -5 6 -1 -6 -2
right_child=8 -3 -4 4 7 -7 -8 -9 -10
leaf_value=-0.0036561945073354304 -0.0064380586725478438 0.00093180649953119384 0.00016263452953230815 0.0016159133357280615 -0.0032226805312499524 -0.0015758680307860118 0.0025396248460816278 3.0164775795239317e-06 -0.0059972825498054438
leaf_weight=35 20 32 24 37 29 91 20 20 154
leaf_count=35 20 32 24 37 29 91 20 20 154
internal_value=7.9948e-05 0.000394737 0.000233645 9.45016e-05 0.000518433 -0.000143052 0.000367383 -5.02009e-05 -0.000429062
internal_weight=462 288 256 232 86 146 55 49 174
internal_count=462 288 256 232 86 146 55 49 174
is_linear=0
shrinkage=0.01


Tree=296
num_leaves=10
num_cat=0
split_feature=40 3 50 11 28 102 15 28 11
split_gain=0.824202 0.478625 0.536674 0.655746 0.465514 0.538238 0.156581 0.123164 0.0257349
threshold=5.7571428330000005 0.29333092850000003 7.0999999795000006 0.59236735700000021 4.0499999865000005 25.976974940000002 0.7266769525000002 3.8928570745000006 0.57332947600000017
decision_type=2 2 2 2 2 10 2 2 2
left_child=1 8 3 -3 7 -6 -2 -5 -1
right_child=6 2 -4 4 5 -7 -8 -9 -10
leaf_value=-0.0033599394788770467 -0.0045567712872561835 0.0024130175847643836 0.00049440642551977889 8.2400161764773489e-05 0.0019683936133829101 -0.0010386413766693802 0.00082673185315993434 -0.0015120532129696863 -0.0017126482427357423
leaf_weight=20 184 22 26 20 28 26 20 65 39
leaf_count=20 184 22 26 20 28 26 20 65 39
internal_value=7.32031e-05 0.000465964 0.000716187 0.000478986 0.000203863 0.000930657 -0.000390625 -0.000238928 -0.000292642
internal_weight=450 246 187 161 139 54 204 85 59
internal_count=450 246 187 161 139 54 204 85 59
is_linear=0
shrinkage=0.01


Tree=297
num_leaves=8
num_cat=0
split_feature=17 101 44 55 44 46 55
split_gain=0.903199 0.608472 0.354462 0.500976 0.692297 0.23658 0.130302
threshold=0.65092185750000009 95.400250690000021 6.3999999650000001 0.65000000600000007 5.3499999050000007 10.399999870000002 1.1000000085000001
decision_type=2 2 2 2 2 2 2
left_child=6 -2 3 4 -3 -4 -1
right_child=1 2 5 -5 -6 -7 -8
leaf_value=-0.0034519355926035124 0.0013358559285111054 0.0011425727846484991 -0.0013829468931042819 -1.9385970093484033e-05 0.0012621726134912437 0.00065019307704805465 3.8099845828401625e-05
leaf_weight=236 29 25 72 33 20 38 25
leaf_count=236 29 25 72 33 20 38 25
internal_value=-1.462e-05 0.000456841 0.000233051 0.000748731 0.00143013 -0.000117329 -0.000414439
internal_weight=478 217 188 78 45 110 261
internal_count=478 217 188 78 45 110 261
is_linear=0
shrinkage=0.01


Tree=298
num_leaves=9
num_cat=0
split_feature=16 69 103 103 25 52 68 7
split_gain=0.47267 0.369794 0.255979 0.481477 0.564516 0.209937 0.185645 0.144846
threshold=0.6125375715000001 30.839999195000004 23.993880675000003 26.385584430000005 1.6214285625000002 22.499999915000004 40.020000460000013 0.45526357100000009
decision_type=2 2 10 10 2 2 2 2
left_child=-1 2 5 4 -4 7 -5 -2
right_child=1 -3 3 6 -6 -7 -8 -9
leaf_value=-0.0062339677156076434 0.00013430583029105798 0.0010590903668842083 -0.0011067028480567682 0.0020153319862588402 0.0016507828034324574 0.00040632796903971181 -0.00094329361069648307 -0.0003089691722008324
leaf_weight=147 20 34 20 25 24 24 46 117
leaf_count=147 20 34 20 25 24 24 46 117
internal_value=-1.41985e-05 0.000202703 7.22542e-05 0.000436097 0.00125 -0.000176144 -4.87466e-05 -0.000337446
internal_weight=457 310 276 115 44 161 71 137
internal_count=457 310 276 115 44 161 71 137
is_linear=0
shrinkage=0.01


Tree=299
num_leaves=8
num_cat=0
split_feature=16 6 14 75 4 62 5
split_gain=0.519339 0.504859 0.330064 0.261783 0.301063 0.387732 0.0282128
threshold=0.60949717850000018 0.54994721450000006 0.61945440450000011 82.45499992500001 0.33042542850000006 1.2999997140000001 0.33204728550000007
decision_type=2 2 2 2 2 2 2
left_child=-1 2 -2 4 6 -6 -4
right_child=1 -3 3 -5 5 -7 -8
leaf_value=-0.0077683632267252778 0.0027193251002913155 0.0007927831471504725 -1.384510500287468e-05 -0.0022166597192222765 0.00028948708921378496 -0.00055988520379364557 -0.0026087477609434556
leaf_weight=141 20 21 20 74 82 57 46
leaf_count=141 20 21 20 74 82 57 46
internal_value=1.62407e-05 0.000243142 0.000128419 3.03787e-05 0.000221088 0.000489986 -0.000314371
internal_weight=461 320 299 279 205 139 66
internal_count=461 320 299 279 205 139 66
is_linear=0
shrinkage=0.01


Tree=300
num_leaves=10
num_cat=0
split_feature=16 26 4 12 12 36 14 7 1
split_gain=0.640405 0.737149 1.0525 0.247003 0.664768 0.156581 0.122593 0.175454 0.0908624
threshold=0.66087600000000013 1.8714285705000002 0.38234050000000003 0.67880721450000003 0.66181464250000011 4.1714285610000017 0.75020021450000007 0.5879711070000001 0.23523003550000002
decision_type=2 2 2 2 2 2 2 2 2
left_child=5 3 -3 4 8 -1 -5 -8 -2
right_child=1 2 -4 6 -6 -7 7 -9 -10
leaf_value=-0.0058450791700456039 0.0025129410428346138 0.00045708907742821162 0.00061578943902363802 -0.00082829453592455358 0.0013005964971420138 0.00078330850402544392 0.0043780621644619452 -0.00089212301389982843 -0.00026637292960920029
leaf_weight=184 20 37 21 76 24 20 20 21 34
leaf_count=184 20 37 21 76 24 20 20 21 34
internal_value=2.07513e-05 0.00036052 0.00134354 5.3626e-05 0.000494924 -0.000390625 -0.000224958 0.000179426 -9.1241e-05
internal_weight=457 253 58 195 78 204 117 41 54
internal_count=457 253 58 195 78 204 117 41 54
is_linear=0
shrinkage=0.01


Tree=301
num_leaves=9
num_cat=0
split_feature=17 44 60 68 85 20 2 57
split_gain=0.549149 0.780817 0.681179 0.237466 0.38051 0.157822 0.0893559 0.0413767
threshold=0.67622035700000016 6.1999999470000011 2.4000000545000004 35.210000515000011 8.7921428000000024 39.240000000000002 0.27183042850000005 6.6999999545000009
decision_type=2 2 2 2 2 2 2 2
left_child=3 2 -2 4 -1 -3 -7 -5
right_child=1 5 -4 7 -6 6 -8 -9
leaf_value=-0.0036981921446150945 -0.00036128924233410243 3.5491620072454066e-05 4.0847475912130651e-05 -0.0023047061042730248 0.0011014711229902043 0.0017131846839654385 -0.00055031821960582002 -0.0023989571599893375
leaf_weight=27 20 24 30 219 20 26 63 21
leaf_count=27 20 24 30 219 20 26 63 21
internal_value=-5.10205e-05 0.000405983 0.00143701 -0.000317929 0.000303347 -3.95432e-05 -0.000250557 -0.000448505
internal_weight=450 163 50 287 47 113 89 240
internal_count=450 163 50 287 47 113 89 240
is_linear=0
shrinkage=0.01


Tree=302
num_leaves=11
num_cat=0
split_feature=51 6 30 91 18 19 77 11 31 0
split_gain=0.714492 0.70584 0.894093 0.67005 0.241259 0.59442 0.20771 0.195577 0.123275 0.0361382
threshold=15.299999905000002 0.47784657150000004 3.6500000190000006 8.6057143550000017 0.68323078550000005 0.64882678550000017 56.415000915000007 0.69719535700000013 2.0142857265000003 0.15580360450000005
decision_type=2 2 2 2 2 2 2 2 2 2
left_child=1 4 7 -4 6 -6 9 -3 -2 -1
right_child=8 2 3 -5 5 -7 -8 -9 -10 -11
leaf_value=-0.0035335940796385567 -0.00011432782527864962 3.8825493576456828e-05 0.0023694822933476491 0.00046814833167681675 0.0021632971206193745 -0.001470338018489506 0.0008567131570942631 -0.00054517198579416635 -0.0042449564696108366 -6.8183988906432485e-05
leaf_weight=85 25 20 22 22 26 25 25 26 165 20
leaf_count=85 25 20 22 22 26 25 25 26 165 20
internal_value=8.12039e-05 0.000413907 0.00113436 0.00214286 4.1254e-05 0.000627413 -0.000175841 0.000106837 -0.0003826 -0.000382798
internal_weight=461 271 90 44 181 51 130 46 190 105
internal_count=461 271 90 44 181 51 130 46 190 105
is_linear=0
shrinkage=0.01


Tree=303
num_leaves=9
num_cat=0
split_feature=16 16 102 99 60 18 43 99
split_gain=0.572866 0.633427 1.46178 0.27043 0.217912 0.144899 0.430671 0.128254
threshold=0.66087600000000013 0.68325592850000005 24.381587690000003 23.192142625000002 5.449999988000001 0.68323078550000005 9.9999999370000019 21.269285610000004
decision_type=2 2 10 2 2 2 2 2
left_child=4 2 -2 5 -1 7 -7 -3
right_child=1 3 -4 -5 -6 6 -8 -9
leaf_value=-0.006027999909672105 -0.00011687278605305374 0.00020114147197122391 0.0013996141021028086 0.00010044685878275214 0.00034757322288363364 0.0041987149769115847 -0.00058171201997247871 -5.0455166484587269e-05
leaf_weight=194 22 21 24 34 32 27 32 88
leaf_count=194 22 21 24 34 32 27 32 88
internal_value=2.10603e-06 0.00033762 0.00138889 8.38263e-05 -0.000357143 -7.10902e-05 0.000309364 -0.000295993
internal_weight=474 248 46 202 226 168 59 109
internal_count=474 248 46 202 226 168 59 109
is_linear=0
shrinkage=0.01


Tree=304
num_leaves=9
num_cat=0
split_feature=58 55 79 21 40 48 52 2
split_gain=0.501493 0.388568 0.581788 0.194651 0.523107 0.124259 0.0888706 0.0204918
threshold=0.25000000350000007 0.40000000950000009 92.344998360000019 0.91428571500000011 5.5714285715000011 0.35000000900000006 11.199999935000003 0.30390589300000004
decision_type=2 2 2 2 2 2 2 2
left_child=-1 5 3 6 7 -2 -3 -5
right_child=1 2 -4 4 -6 -7 -8 -9
leaf_value=0.0013525002617391624 -0.0034009695872225677 0.00018143168728740667 0.00047489974056687744 0.00011378833498812135 0.00056075327852595739 1.521251639157754e-05 -0.0011017424256105021 -0.00048866758779547888
leaf_weight=27 220 28 21 20 30 26 77 28
leaf_count=27 220 28 21 20 30 26 77 28
internal_value=-5.54627e-05 -0.000139752 0.000175781 0 0.00036802 -0.000409238 -0.00028828 -0.000245902
internal_weight=477 450 204 183 78 246 105 48
internal_count=477 450 204 183 78 246 105 48
is_linear=0
shrinkage=0.01


Tree=305
num_leaves=10
num_cat=0
split_feature=101 25 101 17 56 62 7 58 1
split_gain=0.858297 0.342526 0.307805 0.996983 0.400468 0.458098 0.199601 0.114157 0.0231242
threshold=131.83848035000003 1.7000000095000003 73.069060915000009 0.62934459500000006 1.0000000225000003 1.2750000955 0.49607742850000008 15.699999880000002 0.32582951800000004
decision_type=2 2 2 2 2 2 2 2 2
left_child=2 -2 3 -1 5 6 -4 -6 -7
right_child=1 -3 4 -5 7 8 -8 -9 -10
leaf_value=-0.0072693931813863797 1.0654244362511727e-05 0.0024569757361853819 0.00032674799202621693 0.0026834348551690633 -0.0015189709067083973 -0.00085919441778979427 0.0016022439584068909 0.00013313763070514555 -0.00054245527425533433
leaf_weight=34 21 20 22 20 254 33 20 29 20
leaf_count=34 21 20 22 20 254 33 20 29 20
internal_value=3.16577e-06 0.0013756 -0.000124769 0.000565693 -0.000229673 0.000318371 0.00109813 -0.000421071 -0.000269517
internal_weight=473 41 432 54 378 95 42 283 53
internal_count=473 41 432 54 378 95 42 283 53
is_linear=0
shrinkage=0.01


Tree=306
num_leaves=9
num_cat=0
split_feature=17 19 13 52 80 3 17 28
split_gain=0.553287 0.626049 0.511764 0.383346 0.562785 0.73944 0.134205 0.226453
threshold=0.56993757100000009 0.44460473250000004 0.60194375000000011 10.999999905000001 97.379997255000021 0.32525103550000006 0.68903750000000008 4.0571428540000012
decision_type=2 2 2 2 2 2 2 2
left_child=-1 -2 -3 4 5 -4 -5 -8
right_child=1 2 3 6 -6 -7 7 -9
leaf_value=-0.006720353396850974 0.00079257431219551477 0.0039747406428204887 0.0014540856802501393 -0.0018992878130361982 -0.00062181339419953058 8.7461003502735559e-06 -0.0005414124860389721 0.00013120473761701293
leaf_weight=142 25 23 21 105 31 29 61 30
leaf_count=142 25 23 21 105 31 29 61 30
internal_value=3.0996e-05 0.000262431 0.00012633 0 0.000580684 0.00124016 -0.00023374 2.7233e-05
internal_weight=467 325 300 277 81 50 196 91
internal_count=467 325 300 277 81 50 196 91
is_linear=0
shrinkage=0.01


Tree=307
num_leaves=9
num_cat=0
split_feature=16 13 32 13 12 60 39 4
split_gain=0.626329 0.404279 0.395831 0.249016 0.486701 0.247858 0.215737 0.015083
threshold=0.66087600000000013 0.65033731650000004 3.0428571190000002 0.70869845850000013 0.66822935700000008 5.449999988000001 6.0714286055000004 0.34317428550000006
decision_type=2 2 2 2 2 2 2 2
left_child=5 -2 3 4 7 -1 -5 -3
right_child=1 2 -4 6 -6 -7 -8 -9
leaf_value=-0.0060105697059355881 0.002301933383809341 -1.4136611056844977e-05 0.0015236420716325922 -0.00045316201340678367 0.00038503812234446809 0.00038720499693384937 0.00042535673733128099 -0.0003647557424417264
leaf_weight=179 21 20 32 85 36 28 27 20
leaf_count=179 21 20 32 85 36 28 27 20
internal_value=5.34758e-05 0.000403226 0.000262681 7.41524e-05 0.000520833 -0.000344081 -0.000212766 -0.000196079
internal_weight=448 241 220 188 76 207 112 40
internal_count=448 241 220 188 76 207 112 40
is_linear=0
shrinkage=0.01


Tree=308
num_leaves=9
num_cat=0
split_feature=12 23 19 29 6 55 7 3
split_gain=0.373929 0.647923 0.23723 0.322313 0.167989 0.316765 0.087495 0.0304949
threshold=0.73309055350000008 1.8142857125000003 0.61750485700000013 3.8999999930000002 0.48547450000000009 0.70000001750000018 0.57163878550000014 0.34705196450000003
decision_type=2 2 2 2 2 2 2 2
left_child=2 6 4 -4 -1 7 -2 -6
right_child=1 -3 3 -5 5 -7 -8 -9
leaf_value=-0.0012453991256158395 0.00040715943281483539 0.00072972756562733664 -2.1206597007110635e-05 0.0042818557354928257 -0.0048447954537466408 0.00022160698993210686 -0.00068502347452568826 -0.0032919554651736249
leaf_weight=233 20 24 37 20 20 26 32 54
leaf_count=233 20 24 37 20 20 26 32 54
internal_value=-0.000109255 0.000520833 -0.000237974 0.00033737 -0.00034302 0 -7.57577e-05 -0.000334225
internal_weight=466 76 390 57 333 100 52 74
internal_count=466 76 390 57 333 100 52 74
is_linear=0
shrinkage=0.01


Tree=309
num_leaves=9
num_cat=0
split_feature=40 6 17 5 102 58 102 13
split_gain=0.520389 0.543697 0.537068 0.714877 0.33284 0.232163 0.143497 0.0433231
threshold=5.7571428330000005 0.46165240500000004 0.71196496400000009 0.44180857150000002 26.216676770000003 10.700000005000001 29.140435005000004 0.74609987500000019
decision_type=2 2 2 2 8 2 10 2
left_child=1 5 3 -3 -5 6 -1 -2
right_child=7 2 -4 4 -6 -7 -8 -9
leaf_value=-0.00036986287351978178 -0.0041918158054201392 0.0010833443131470432 -0.00057338010479490991 0.00016108844308089252 -2.4139465018700789e-06 0.0016725361849038373 0.0014903095469888947 -5.2479341123649744e-05
leaf_weight=112 200 20 27 32 31 22 20 20
leaf_count=112 200 20 27 32 31 22 20 20
internal_value=-8.25084e-05 0.00021148 0.000749097 0.00115155 0.0005721 -0.000161499 -0.000331325 -0.000443841
internal_weight=484 264 110 83 63 154 132 220
internal_count=484 264 110 83 63 154 132 220
is_linear=0
shrinkage=0.01


Tree=310
num_leaves=8
num_cat=0
split_feature=17 101 69 20 84 101 15
split_gain=0.42413 0.741863 0.390897 0.833459 0.294097 0.227984 0.157157
threshold=0.62259057150000008 73.069060915000009 28.510000705000003 102.74500000000002 5.6935714270000011 131.48502525000004 0.69030239300000018
decision_type=2 2 2 2 2 2 2
left_child=6 -2 5 4 -4 -3 -1
right_child=1 2 3 -5 -6 -7 -8
leaf_value=-0.006253014629557737 0.0022469145323777222 -0.00042999089730972494 0.0027733308267015055 0.0010273836362933067 -0.0014094956663601389 1.9902909115163551e-06 0.00014305026236824246
leaf_weight=189 24 120 28 20 46 28 20
leaf_count=189 24 120 28 20 46 28 20
internal_value=-5.35941e-05 0.000206147 2.88302e-05 0.000537975 1.33689e-05 -0.000282258 -0.000393232
internal_weight=475 266 242 94 74 148 209
internal_count=475 266 242 94 74 148 209
is_linear=0
shrinkage=0.01


Tree=311
num_leaves=7
num_cat=0
split_feature=87 101 13 50 103 12
split_gain=0.226644 0.398442 0.246466 0.276665 0.273662 0.0429746
threshold=5.7042858025000003 73.069060915000009 0.61424050850000012 7.0999999795000006 26.996233585000002 0.74704928550000005
decision_type=2 2 2 2 10 2
left_child=1 -1 -3 4 5 -4
right_child=-2 2 3 -5 -6 -7
leaf_value=0.001204927560468911 -0.0059667875464460528 0.0013485339834040249 -0.0004867972564055123 0.00020843058277486082 0.00068849474912755784 0.0001829156415790767
leaf_weight=29 123 30 189 33 24 20
leaf_count=29 123 30 189 33 24 20
internal_value=-0.000115865 1.68814e-05 -8.76012e-05 -0.000191155 -0.000318649 -0.000440896
internal_weight=448 325 296 266 233 209
internal_count=448 325 296 266 233 209
is_linear=0
shrinkage=0.01


Tree=312
num_leaves=10
num_cat=0
split_feature=13 15 101 79 69 11 31 46 29
split_gain=0.456533 1.15181 0.314985 0.232262 0.335356 0.184766 0.123025 0.137203 0.0422272
threshold=0.74847711250000015 0.73987864250000013 131.19284590000004 95.604997635000018 30.839999195000004 0.64316608600000003 2.6857142875000002 15.499999790000002 4.2071428640000006
decision_type=2 2 2 2 2 2 2 2 2
left_child=2 -2 3 6 -5 -4 7 8 -1
right_child=1 -3 5 4 -6 -7 -8 -9 -10
leaf_value=-0.0021603484683245344 0.00041908017880816538 -2.3000159849238101e-05 0.0023494444997917917 -0.0026540027279734345 0.0010640262346800233 -1.4628514352526851e-05 0.00034444379989116128 5.0352447635072189e-06 -0.0043128476580713213
leaf_weight=258 21 39 20 27 30 20 21 22 21
leaf_count=258 21 39 20 27 30 20 21 22 21
internal_value=-1.56316e-05 0.000789474 -0.00013697 -0.000230385 0.00033737 0.000686274 -0.000337671 -0.000392644 -0.000455683
internal_weight=479 60 419 379 57 40 322 301 279
internal_count=479 60 419 379 57 40 322 301 279
is_linear=0
shrinkage=0.01


Tree=313
num_leaves=9
num_cat=0
split_feature=17 23 6 15 14 1 31 14
split_gain=0.538879 0.715969 0.704519 0.492459 0.41656 0.160294 0.105621 0.0425505
threshold=0.62259057150000008 1.7999999945000003 0.51656864300000016 0.70211948550000014 0.66238002350000003 0.22856878550000001 2.5999999810000003 0.72007978600000011
decision_type=2 2 2 2 2 2 2 2
left_child=7 4 3 5 -2 -3 -6 -1
right_child=1 2 -4 -5 6 -7 -8 -9
leaf_value=-0.0048604240655353839 0.00082218309299450683 0.0024337786675831898 0.00076933988689548941 -0.0009278802498175543 -0.00052996343855439304 3.7658893521752421e-05 0.0011768206418586199 -0.00057583274981843073
leaf_weight=177 24 20 22 33 117 20 27 20
leaf_count=177 24 20 22 33 117 20 27 20
internal_value=-3.90626e-05 0.000252085 0.000944676 0.000426829 -0.000130332 0.00117647 -0.000345304 -0.000437311
internal_weight=460 263 95 73 168 40 144 197
internal_count=460 263 95 73 168 40 144 197
is_linear=0
shrinkage=0.01


Tree=314
num_leaves=9
num_cat=0
split_feature=6 23 66 17 4 38 6 12
split_gain=0.444199 1.29219 0.2635 0.125381 0.175454 0.145856 0.191897 0.0449252
threshold=0.52688710700000019 1.8142857125000003 0.55999994300000011 0.72302271450000011 0.35765485700000005 5.2285714490000013 0.46165240500000004 0.73913742850000008
decision_type=2 2 2 2 2 2 2 2
left_child=2 -2 -1 5 -5 7 -7 -4
right_child=1 -3 3 4 -6 6 -8 -9
leaf_value=0.00095714729070494004 -0.00070375636123196821 0.00092475786570993062 -0.0025411004264037809 0.0019589344394656339 -0.0011072841096257491 0.00043071483809183563 -0.0058357817727145139 -0.0012300586315547536
leaf_weight=21 49 34 270 20 21 20 25 20
leaf_count=21 49 34 270 20 21 20 25 20
internal_value=-9.98337e-05 0.000554892 -0.000242584 -0.000307856 0.000179426 -0.000373734 0.000120087 -0.000457359
internal_weight=480 83 397 376 41 335 45 290
internal_count=480 83 397 376 41 335 45 290
is_linear=0
shrinkage=0.01


Tree=315
num_leaves=10
num_cat=0
split_feature=55 8 11 45 58 11 86 82 10
split_gain=0.666387 0.63399 0.780166 0.53192 0.302986 0.241233 0.236485 0.100399 0.031695
threshold=0.40000000950000009 0.6104447380000001 0.70795867850000016 13.900000005000001 0.25000000350000007 0.59236735700000021 6.3057143505000015 8.2221429005000015 0.65191097600000014
decision_type=2 2 2 2 2 2 2 2 2
left_child=4 5 3 -3 -1 -2 -4 -6 -7
right_child=1 2 6 -5 7 8 -8 -9 -10
leaf_value=0.00021060310130587421 0.00046502967375037943 5.3883436457739347e-05 -0.00056577829840507882 0.00074336350404117016 -0.0038236417269781847 -0.00058380241768030583 0.00062116193519749286 -1.815120559307866e-05 -0.00020931953821068744
leaf_weight=21 32 21 26 20 205 59 27 32 20
leaf_count=21 32 21 26 20 205 59 27 32 20
internal_value=3.55756e-05 0.000464043 0.0010654 0.0020933 -0.000297527 -3.1306e-05 0.000213755 -0.000405803 -0.000344612
internal_weight=463 205 94 41 258 111 53 237 79
internal_count=463 205 94 41 258 111 53 237 79
is_linear=0
shrinkage=0.01


Tree=316
num_leaves=10
num_cat=0
split_feature=83 7 91 52 71 20 20 15 2
split_gain=0.599961 0.533263 0.775149 0.605019 0.180274 0.324429 0.452453 0.0615385 0.0275573
threshold=7.3785713530000008 0.55530592850000005 8.8014286925000018 11.099999805000001 1.1549997330000001 60.680000000000007 33.920000000000009 0.67551635700000012 0.28765000000000002
decision_type=2 2 2 2 2 2 2 2 2
left_child=1 4 3 -3 5 6 7 -1 -7
right_child=-2 2 -4 -5 -6 8 -8 -9 -10
leaf_value=-0.00068175362695505808 -0.0069385700603157843 6.5946608960247119e-05 0.0011444638218593044 -0.000571317507201871 -0.0039753211482527109 -0.00028890047208029969 0.00032689599824333045 0.003942731370795623 -5.3686281434147905e-05
leaf_weight=20 172 30 22 40 65 20 26 20 44
leaf_count=20 172 30 22 40 65 20 26 20 44
internal_value=-1.63116e-05 0.00025886 0.000883621 0.000324859 -2.809e-05 0.000175841 0.000673653 0 -0.000308642
internal_weight=459 287 92 70 195 130 66 40 64
internal_count=459 287 92 70 195 130 66 40 64
is_linear=0
shrinkage=0.01


Tree=317
num_leaves=9
num_cat=0
split_feature=16 8 19 0 28 37 84 77
split_gain=0.657371 0.437122 0.350521 0.987586 0.308521 0.203141 0.194258 0.133015
threshold=0.60949717850000018 0.48260336750000005 0.46663750000000009 0.26150170150000007 4.1928571635000011 5.0142857005000012 5.7735715425000009 44.079998970000013
decision_type=2 2 2 2 2 2 2 2
left_child=-1 -2 3 -3 5 7 -7 -4
right_child=1 2 4 -5 -6 6 -8 -9
leaf_value=-0.00674176446215738 0.0038972793333554591 0.0010227027837100655 -7.458696487471915e-06 -0.00075647514547069891 8.6268935526861418e-05 0.00091682615135345389 -0.00067147449025926713 -0.0030389184603312686
leaf_weight=136 21 27 88 35 32 22 25 95
leaf_count=136 21 27 88 35 32 22 25 95
internal_value=9.85885e-05 0.000334008 0.00023399 0.000907643 6.46879e-05 -5.63259e-05 0.000512552 -0.000214908
internal_weight=481 345 324 62 262 230 47 183
internal_count=481 345 324 62 262 230 47 183
is_linear=0
shrinkage=0.01


Tree=318
num_leaves=12
num_cat=0
split_feature=52 20 13 83 29 103 71 23 31 2 0
split_gain=0.497459 1.1626 0.317949 0.310323 0.355783 0.188781 0.369095 0.158112 0.166362 0.0253349 0.0192946
threshold=11.149999985000003 110.87500000000001 0.75096107500000009 6.774285678500001 3.7999999690000004 24.358773140000004 0.90500020950000015 1.8571428655000002 2.1999999970000004 0.30880726750000004 0.100386875
decision_type=2 2 2 2 2 10 2 2 2 2 2
left_child=1 3 5 4 -1 7 -7 -2 -9 -5 -8
right_child=2 -3 -4 9 -6 6 10 8 -10 -11 -12
leaf_value=-4.2226094092687199e-05 -0.0020542758598868973 0.0014882369398721076 0.00040805492444742099 -0.0037793102142862451 6.9015078860611213e-05 0.0016999950492473882 -0.00028771360157120104 -0.0061258981379696048 0.0011615754819174976 -0.0024729678678885726 -0.0018308768050581399
leaf_weight=23 193 20 39 38 21 20 20 22 21 20 26
leaf_count=23 193 20 39 38 21 20 20 22 21 20 26
internal_value=7.86976e-05 0.000627036 -0.000112639 0.00016537 0.000803571 -0.000227873 0.000224551 -0.000363176 0.000148402 -0.000289116 -0.000235043
internal_weight=463 122 341 102 44 302 66 236 43 58 46
internal_count=463 122 341 102 44 302 66 236 43 58 46
is_linear=0
shrinkage=0.01


Tree=319
num_leaves=10
num_cat=0
split_feature=101 52 8 1 73 36 0 0 63
split_gain=0.671998 0.36497 0.408278 0.65903 0.28953 0.214768 0.128922 0.188056 0.109497
threshold=133.09452975000002 11.149999985000003 0.57738342850000013 0.24735390500000001 69.935000420000009 3.9999999830000004 0.27844683300000006 0.30782925000000005 1.5850005150000002
decision_type=2 2 2 2 2 2 2 2 2
left_child=1 2 -1 -4 6 -5 8 -8 -3
right_child=-2 4 3 5 -6 -7 7 -9 -10
leaf_value=-0.0031361006876395345 0.00091729425250859902 0.00088677049074844345 0.001814393446040423 -0.00023042189206830155 0.00073808315880603771 7.6756800562722269e-05 0.00040829848609072065 -0.0023030790267857238 -0.0019755487192232284
leaf_weight=38 21 30 32 32 20 20 20 24 238
leaf_count=38 21 30 32 32 20 20 20 24 238
internal_value=1.05074e-06 -7.6957e-05 0.000382736 0.000778302 -0.000252404 3.78787e-05 -0.000332481 0.000133928 -0.000416667
internal_weight=475 454 122 84 332 52 312 44 268
internal_count=475 454 122 84 332 52 312 44 268
is_linear=0
shrinkage=0.01


Tree=320
num_leaves=9
num_cat=0
split_feature=17 28 24 103 103 20 60 70
split_gain=0.636719 0.516335 0.81173 0.357403 0.425624 0.471909 0.13571 0.0401794
threshold=0.62259057150000008 4.1499999930000007 1.8142857125000003 27.836040485000002 21.597050835000005 110.87500000000001 5.449999988000001 22.189998625000005
decision_type=2 2 2 10 8 2 2 2
left_child=6 3 -3 4 -2 7 -1 -6
right_child=1 2 -4 -5 5 -7 -8 -9
leaf_value=-0.0049327468592749906 0.00023815604373707166 -0.00033977963858998061 0.002543109617008862 0.0017411779595868254 -0.00086890834533897567 0.00025646445150324395 0.00035484871712233656 -0.00060098644654148312
leaf_weight=178 20 29 20 28 20 35 23 129
leaf_count=178 20 29 20 28 20 35 23 129
internal_value=3.52111e-05 0.00034599 0.0012751 0.000137457 -1.18744e-10 -0.000162338 -0.000388999 -0.000417223
internal_weight=482 281 49 232 204 184 201 149
internal_count=482 281 49 232 204 184 201 149
is_linear=0
shrinkage=0.01


Tree=321
num_leaves=10
num_cat=0
split_feature=17 6 54 54 4 40 1 57 0
split_gain=0.727433 0.868089 0.446122 0.2722 0.459754 0.46961 0.117832 0.188056 0.0253349
threshold=0.56763350000000012 0.54869635750000012 19.500000385000003 7.8000001685000013 0.33042542850000006 5.7571428330000005 0.22698078550000003 4.9999999145000009 0.083771701500000018
decision_type=2 2 2 2 2 2 2 2 2
left_child=-1 2 3 4 8 -6 7 -5 -2
right_child=1 -3 -4 6 5 -7 -8 -9 -10
leaf_value=-0.0066595654653539491 -0.0026298136291154988 0.00066657770102732366 0.0010188716990984213 0.0025176785208387807 0.00063471676509759673 -0.0012818204002438272 -0.0013478935056527176 -0.0036073064283738245 -0.0027910476460625651
leaf_weight=136 20 25 39 20 67 21 85 24 38
leaf_count=136 20 25 39 20 67 21 85 24 38
internal_value=0.000127154 0.000378164 0.00022554 7.43291e-05 0.000374659 0.000833333 -0.000250385 0.000133928 -0.000289116
internal_weight=475 339 314 275 146 88 129 44 58
internal_count=475 339 314 275 146 88 129 44 58
is_linear=0
shrinkage=0.01


Tree=322
num_leaves=8
num_cat=0
split_feature=101 15 46 28 39 63 46
split_gain=0.902855 1.21671 0.453745 0.137841 0.158673 0.0843688 0.042151
threshold=131.19284590000004 0.73023128550000005 15.949999745000001 4.1857143300000006 6.314285721000001 1.6650004385000001 12.800000015000002
decision_type=2 2 2 2 2 2 2
left_child=2 -2 3 4 5 -1 -7
right_child=1 -3 -4 -5 -6 6 -8
leaf_value=7.4495896155462809e-05 0.0017776587794447372 -3.1805949781146158e-05 0.00070910628958626755 0.00083426853401586233 0.0003362366313823795 -0.0022343037485712657 -0.0030669977259731624
leaf_weight=35 27 32 22 34 36 254 21
leaf_count=35 27 32 22 34 36 254 21
internal_value=0 0.00114548 -0.000171301 -0.000257353 -0.000320069 -0.000395753 -0.00045504
internal_weight=461 59 402 380 346 310 275
internal_count=461 59 402 380 346 310 275
is_linear=0
shrinkage=0.01


Tree=323
num_leaves=10
num_cat=0
split_feature=16 19 60 28 72 54 29 4 0
split_gain=0.746101 0.823442 0.38462 0.382169 0.292474 0.551148 0.17874 0.0431691 0.0345506
threshold=0.67720392850000011 0.46978971450000007 16.600000260000005 4.0499999865000005 19.154999735000004 7.2000000065000007 4.1428571940000003 0.43479785700000001 0.10870237500000002
decision_type=2 2 2 2 2 2 2 2 2
left_child=6 -2 3 8 5 -5 7 -1 -3
right_child=1 2 -4 4 -6 -7 -8 -9 -10
leaf_value=-0.004131159106781847 0.00073481352064930672 0.00033565644858071233 1.7294867049778821e-05 -0.00012734112790018716 -2.6848815728827237e-05 7.3460312435663609e-05 0.00050433301587802582 -0.00087623333894851522 -0.00056907001939717416
leaf_weight=195 25 20 25 35 21 27 35 20 74
leaf_count=195 25 20 25 35 21 27 35 20 74
internal_value=4.08119e-05 0.000458736 0.000231755 5.34307e-05 0.000554892 0.000907643 -0.000330941 -0.00044254 -0.000369198
internal_weight=477 227 202 177 83 62 250 215 94
internal_count=477 227 202 177 83 62 250 215 94
is_linear=0
shrinkage=0.01


Tree=324
num_leaves=10
num_cat=0
split_feature=17 19 37 63 3 3 10 19 12
split_gain=0.67148 0.982023 0.419353 0.500068 0.277961 0.6572 0.212437 0.104887 0.0369895
threshold=0.56763350000000012 0.44746678600000006 4.7499999830000013 5.2750005725000007 0.31490748550000008 0.29333092850000003 0.61173359500000013 0.59937400000000018 0.74631739300000011
decision_type=2 2 2 2 2 2 2 2 2
left_child=-1 -2 4 6 5 7 -4 -3 -6
right_child=1 2 3 -5 8 -7 -8 -9 -10
leaf_value=-0.0067838982470325897 0.00067204297341317675 -0.0010789344700486516 0.00078287911581783004 -0.0007938761926553474 -0.00040936466029397689 0.0027706193116658045 0.00024917886812611089 1.6891330341290998e-05 -0.0011659975319269114
leaf_weight=141 24 50 23 30 92 34 20 39 20
leaf_count=141 24 50 23 30 92 34 20 39 20
internal_value=8.75896e-05 0.000336538 0.00017487 0.000833333 -2.3325e-05 0.00029483 0.00151826 -0.000139198 -0.000390071
internal_weight=473 332 308 73 235 123 43 89 112
internal_count=473 332 308 73 235 123 43 89 112
is_linear=0
shrinkage=0.01


Tree=325
num_leaves=9
num_cat=0
split_feature=101 17 16 25 27 28 102 4
split_gain=0.448512 0.980859 0.274659 0.516855 0.841465 0.131214 0.129624 0.0432004
threshold=131.48502525000004 0.69333804300000013 0.67720392850000011 1.7142857100000002 1.9357142960000002 4.1999999970000008 34.108890765000005 0.44178923800000008
decision_type=2 2 2 2 2 2 8 2
left_child=2 -2 6 5 -5 -4 7 -1
right_child=1 -3 3 4 -6 -7 -8 -9
leaf_value=-0.0041120147524575084 0.00058585790249357907 -2.8910244441515582e-05 -0.0011958042136196194 -0.00058697836534317904 0.00144473873999348 4.4236907171201014e-05 0.00026819730469266738 -0.0051473103902066964
leaf_weight=196 30 31 79 27 37 20 22 20
leaf_count=196 30 31 79 27 37 20 22 20
internal_value=-1.9447e-05 0.000768608 -0.000145595 0.000161783 0.000864197 -0.000275551 -0.000364322 -0.000442805
internal_weight=462 61 401 163 64 99 238 216
internal_count=462 61 401 163 64 99 238 216
is_linear=0
shrinkage=0.01


Tree=326
num_leaves=10
num_cat=0
split_feature=52 58 90 0 3 32 16 27 0
split_gain=0.557455 0.418488 0.241239 0.277332 0.218318 0.194151 0.414545 0.0900533 0.015083
threshold=9.8500000200000013 0.25000000350000007 12.918571200000002 0.11745643050000001 0.33044228550000004 3.0928571480000007 0.61121650000000016 2.4428571715000005 0.085686541500000019
decision_type=2 2 2 2 2 2 2 2 2
left_child=4 -2 3 8 -1 7 -7 -4 -3
right_child=1 2 5 -5 -6 6 -8 -9 -10
leaf_value=0.00016024812853690466 0.00028447480786588817 -0.00026158454735810977 -0.0010750252608812746 0.00034888714354289186 1.6068992837224627e-05 -0.012948294771248255 0.0069860736444914001 -0.00081372795031051017 -0.0017650318613944146
leaf_weight=20 22 20 246 31 23 33 20 37 20
leaf_count=20 22 20 246 31 23 33 20 37 20
internal_value=-8.46036e-06 -0.00012215 -0.000199853 0.00031337 0.00106164 -0.000314727 0.000213755 -0.000421071 -0.000196079
internal_weight=472 429 407 71 43 336 53 283 40
internal_count=472 429 407 71 43 336 53 283 40
is_linear=0
shrinkage=0.01


Tree=327
num_leaves=10
num_cat=0
split_feature=17 16 54 8 13 17 77 20 46
split_gain=0.654355 0.515515 0.564844 0.557781 0.495786 0.196269 0.135628 0.123164 0.0430732
threshold=0.63485078600000011 0.72378202350000009 7.4000000730000011 0.5941108570000001 0.6608106250000001 0.68903750000000008 58.790000915000007 35.285000000000004 15.149999945000003
decision_type=2 2 2 2 2 2 2 2 2
left_child=6 2 5 4 -4 -2 8 -3 -1
right_child=1 7 3 -5 -6 -7 -8 -9 -10
leaf_value=-0.0035638875189967856 -0.0017933042730683964 0.0041352088635219471 0.0011023593745491552 0.00012389927365403825 -0.00082194543273055704 0.00023013607524016236 9.4192793146556254e-05 -0.00099201887986344285 -0.00048906683808907223
leaf_weight=192 41 20 37 36 27 23 21 65 20
leaf_count=192 41 20 37 36 27 23 21 65 20
internal_value=1.44986e-05 0.000374299 0.000703883 0.00117063 0.000555555 -1.17738e-10 -0.00036142 -0.000238928 -0.000441729
internal_weight=482 249 164 100 64 64 233 85 212
internal_count=482 249 164 100 64 64 233 85 212
is_linear=0
shrinkage=0.01


Tree=328
num_leaves=10
num_cat=0
split_feature=101 18 47 103 31 1 47 90 12
split_gain=0.680101 1.31889 0.36942 0.434435 0.362511 0.404945 0.173801 0.0568037 0.0799496
threshold=131.19284590000004 0.63755442850000021 3.6000000535000001 19.354371755000006 2.3571428655000006 0.26443214300000006 5.5499999675000007 14.732142925000002 0.66957464300000014
decision_type=2 2 2 8 2 2 2 2 2
left_child=2 -2 7 -4 6 -6 -5 -1 -9
right_child=1 -3 3 4 5 -7 -8 8 -10
leaf_value=-0.0032147641175857737 0.00024361162944410591 -2.5960220749264084e-06 0.00033993970825711798 2.8057460077352798e-05 -0.0011938800776865189 0.00067084004581547372 -0.0022642650352042706 -0.0026237948499489359 0.00030566976388999651
leaf_weight=157 22 33 24 33 24 20 92 28 20
leaf_count=157 22 33 24 33 24 20 92 28 20
internal_value=4.73776e-05 0.00108423 -9.27785e-05 0.000214138 2.06124e-05 0.000803571 -0.000242448 -0.000391157 -4.09837e-05
internal_weight=453 55 398 193 169 44 125 205 48
internal_count=453 55 398 193 169 44 125 205 48
is_linear=0
shrinkage=0.01


Tree=329
num_leaves=10
num_cat=0
split_feature=16 15 6 15 11 16 76 26 10
split_gain=0.687475 0.623461 1.04639 0.296617 0.22473 0.252157 0.223166 0.157706 0.0961916
threshold=0.66087600000000013 0.72889664300000012 0.48931390450000006 0.67616850000000006 0.64532025000000004 0.70575235700000005 47.460000515000004 1.7928571485000002 0.68035150000000011
decision_type=2 2 2 2 2 2 2 2 2
left_child=7 2 3 -2 -5 -6 -3 -1 -4
right_child=1 6 8 4 5 -7 -8 -9 -10
leaf_value=0.00010597156415254904 0.002295866481073495 -0.0005683424696837383 4.6926413791078365e-05 -0.001345814465745474 -0.001794421483536918 0.00031815833540675741 0.00018724257017439647 -0.0056123450504874687 0.00081393531577824449
leaf_weight=20 20 82 20 48 27 20 26 194 20
leaf_count=20 20 82 20 48 27 20 26 194 20
internal_value=1.98827e-05 0.000365807 0.000773427 0.000263385 5.21909e-06 0.000512552 -0.000202206 -0.000395717 0.00215686
internal_weight=477 263 155 115 95 47 108 214 40
internal_count=477 263 155 115 95 47 108 214 40
is_linear=0
shrinkage=0.01


Tree=330
num_leaves=9
num_cat=0
split_feature=101 16 16 44 84 2 102 2
split_gain=1.39477 1.3221 0.390017 0.603395 0.536457 0.229244 0.142417 0.0429746
threshold=131.19284590000004 0.72959375000000015 0.67720392850000011 5.799999982000001 6.171428510000001 0.25918007150000005 34.108890765000005 0.34154676800000006
decision_type=2 2 2 2 2 2 8 2
left_child=2 -2 6 4 -4 -5 7 -1
right_child=1 -3 3 5 -6 -7 -8 -9
leaf_value=-0.0037644381095419811 0.0011318542860868409 -0.00052282924758583881 0.00043561341849618351 7.7069397800978536e-05 -0.00012051528915009796 -0.00054148956228417824 0.00043569689043509996 -0.0010419695716152881
leaf_weight=189 36 20 31 25 32 77 20 20
leaf_count=189 36 20 31 25 32 77 20 20
internal_value=0.000117569 0.00158451 -8.86526e-05 0.000274427 0.00104232 -0.000184825 -0.000359008 -0.000440896
internal_weight=450 56 394 165 63 102 229 209
internal_count=450 56 394 165 63 102 229 209
is_linear=0
shrinkage=0.01


Tree=331
num_leaves=10
num_cat=1
split_feature=101 15 104 59 11 18 98 101 7
split_gain=0.472371 0.78454 0.283529 0.37558 0.341319 0.125636 0.208162 0.130205 0.0231242
threshold=132.01285560000002 0.73050889250000017 0 1.5499999970000002 0.63482035700000006 0.62823992900000014 19.332857130000004 97.751140205000013 0.55945142850000007
decision_type=2 2 1 2 2 2 2 2 2
left_child=2 -2 3 4 -1 -4 7 -7 -5
right_child=1 -3 5 8 -6 6 -8 -9 -10
leaf_value=-0.0013200081668008729 0.0021842972792112257 -0.0018289834463571749 -0.0024002163223402605 -0.0053036207125553578 0.0010897104746861357 0.00019955144357489463 0.0039507914118135567 -0.00042817312624965814 -0.00038731307468535401
leaf_weight=21 20 20 209 33 26 20 21 77 20
leaf_count=21 20 20 209 33 26 20 21 77 20
internal_value=-8.87132e-05 0.000931372 -0.00019051 0.000252707 0.000930962 -0.000330077 -5.89227e-05 -0.000270961 -0.000269517
internal_weight=467 40 427 100 47 327 118 97 53
internal_count=467 40 427 100 47 327 118 97 53
cat_boundaries=0 1
cat_threshold=35720200
is_linear=0
shrinkage=0.01


Tree=332
num_leaves=10
num_cat=0
split_feature=16 16 101 28 59 102 7 4 2
split_gain=0.548342 0.908255 0.303614 0.197166 0.441043 0.145297 0.0874263 0.0435556 0.0158575
threshold=0.67720392850000011 0.68780607150000017 87.722254155000016 4.0571428200000001 1.9000000320000001 34.041976770000005 0.56148600000000004 0.44178923800000008 0.26956385700000002
decision_type=2 2 2 2 2 8 2 2 2
left_child=5 -2 -3 6 -5 7 -4 -1 -6
right_child=1 2 3 4 8 -7 -8 -9 -10
leaf_value=-0.0036952583110836179 0.0014400455097075687 0.0015623158885877467 -7.0003193690677131e-05 0.0031755621691267008 -0.0025472303049831834 0.00045359712926023601 -0.00012039042683625333 -0.006852617614966955 -5.1966672721193445e-05
leaf_weight=208 20 22 82 24 20 20 29 20 21
leaf_count=208 20 22 82 24 20 20 29 20 21
internal_value=-4.49873e-05 0.000315356 9.55733e-05 -3.39368e-05 0.000387538 -0.000369775 -0.000299642 -0.000445804 -0.000203349
internal_weight=466 218 198 176 65 248 111 228 41
internal_count=466 218 198 176 65 248 111 228 41
is_linear=0
shrinkage=0.01


Tree=333
num_leaves=9
num_cat=0
split_feature=50 25 25 16 63 82 11 16
split_gain=0.453841 0.437423 0.628084 0.771823 0.90363 0.131915 0.0741329 0.0396579
threshold=3.2000000810000002 1.7000000095000003 1.8714285535000001 0.60949717850000018 4.8300004005000003 8.2221429005000015 0.69873592900000003 0.73719471450000007
decision_type=2 2 2 2 2 2 2 2
left_child=7 6 3 -3 -5 -4 -2 -1
right_child=1 2 5 4 -6 -7 -8 -9
leaf_value=-0.0029017617121721425 -0.0018484064297001742 -0.0037744160859522042 -0.0013302740214372907 0.0037427977654070316 0.00017482652740949875 2.6078046675069124e-05 -0.0018196912800901369 -8.0623701944150158e-06
leaf_weight=166 72 22 46 36 26 32 32 21
leaf_count=166 72 22 46 36 26 32 32 21
internal_value=-5.39887e-05 0.000206147 0.000534398 0.00113208 0.00170382 -8.88326e-05 -0.00028626 -0.000433972
internal_weight=453 266 162 84 62 78 104 187
internal_count=453 266 162 84 62 78 104 187
is_linear=0
shrinkage=0.01


Tree=334
num_leaves=8
num_cat=0
split_feature=55 25 3 89 18 26 6
split_gain=0.378306 0.788972 0.313952 0.268314 0.14679 0.202491 0.0369895
threshold=0.60000000500000006 1.7142857270000003 0.3286711905000001 12.971428670000002 0.65577471450000002 1.6428571045000002 0.52278207150000011
decision_type=2 2 2 2 2 2 2
left_child=4 3 -3 6 -1 -6 -2
right_child=1 2 -4 -5 5 -7 -8
leaf_value=-0.0012378088922113421 -0.0015527905457455686 0.0023152818014308472 0.00064081111982988714 8.0535690133748774e-05 -0.00057563831645399144 0.000160327448417939 4.2408988485237446e-06
leaf_weight=237 92 20 20 34 28 20 20
leaf_count=237 92 20 20 34 28 20 20
internal_value=-0.000155786 0.000187366 0.00142157 -0.000143052 -0.000386634 8.19671e-05 -0.000390071
internal_weight=471 186 40 146 285 48 112
internal_count=471 186 40 146 285 48 112
is_linear=0
shrinkage=0.01


Tree=335
num_leaves=9
num_cat=0
split_feature=101 7 18 4 46 4 35 84
split_gain=0.968475 0.980592 0.424971 0.472953 0.226409 0.367199 0.120829 0.0448367
threshold=131.61942115000002 0.56553542850000016 0.68323078550000005 0.34065642850000005 12.250000030000001 0.36822471450000005 6.4785714150000011 6.8478571515000004
decision_type=2 2 2 2 2 2 2 2
left_child=2 -2 4 -4 6 -6 7 -1
right_child=1 -3 3 -5 5 -7 -8 -9
leaf_value=-0.0018286338881223746 0.0011368008409278901 -2.233207502253617e-05 0.0022088374662974438 -0.00063051155367013713 -0.0013198004818471233 0.00042794962168039456 0.00016300982949573128 -0.00097961812627799915
leaf_weight=265 35 21 37 25 25 20 25 20
leaf_count=265 35 21 37 25 25 20 25 20
internal_value=3.16577e-06 0.00123239 -0.000159167 0.000589172 -0.000296515 0.000338428 -0.000395753 -0.000456613
internal_weight=473 56 417 62 355 45 310 285
internal_count=473 56 417 62 355 45 310 285
is_linear=0
shrinkage=0.01


Tree=336
num_leaves=9
num_cat=0
split_feature=55 71 23 60 68 36 20 38
split_gain=0.62029 0.64057 0.534377 0.655485 0.157232 0.170852 0.133117 0.0437724
threshold=0.60000000500000006 0.77500009550000015 1.8142857125000003 4.1000000720000012 35.074998855000011 3.9571428810000007 28.005000000000006 4.1499999765000011
decision_type=2 2 2 2 2 2 2 2
left_child=4 -2 6 -4 5 -1 -3 -6
right_child=1 2 3 -5 7 -7 -8 -9
leaf_value=-0.0029357126706898926 0.0011818343866269543 0.0009322778404631571 -0.00042640191559988196 0.00048927024929341207 -0.00035291681615607398 0.00050288343307144153 -0.00097277776488187342 -0.00050871126710360759
leaf_weight=20 30 20 28 26 20 20 83 216
leaf_count=20 30 20 28 26 20 20 83 216
internal_value=-4.20441e-05 0.000396698 0.000123574 0.000930657 -0.000346821 0.000196078 -0.000284201 -0.000447635
internal_weight=463 187 157 54 276 40 103 236
internal_count=463 187 157 54 276 40 103 236
is_linear=0
shrinkage=0.01


Tree=337
num_leaves=10
num_cat=0
split_feature=39 55 90 15 4 12 56 62 52
split_gain=0.459543 0.871168 0.293231 0.388993 0.762848 0.28816 0.132765 0.241409 0.0428731
threshold=6.0428572040000015 0.60000001650000001 13.107857160000002 0.72790397600000012 0.32941557150000006 0.70907752400000013 0.99999999650000004 1.2350001335000003 10.099999895000002
decision_type=2 2 2 2 2 2 2 2 2
left_child=2 5 3 4 -1 6 7 -2 -4
right_child=1 -3 8 -5 -6 -7 -8 -9 -10
leaf_value=-0.0015073795181357289 0.0011174050886456183 0.00093729498866364897 -0.0011419324585301737 -0.00089482590806720197 0.002259885334176068 0.00069275829134615556 -0.0037296041510176325 -0.00022942734203925386 -0.004352322371103912
leaf_weight=31 27 32 20 43 20 24 61 27 186
leaf_count=31 27 32 20 43 20 24 61 27 186
internal_value=5.29874e-06 0.000422002 -0.000226064 0.000221519 0.000820463 6.0801e-05 -0.000133852 0.00020073 -0.000440039
internal_weight=471 171 300 94 51 139 115 54 206
internal_count=471 171 300 94 51 139 115 54 206
is_linear=0
shrinkage=0.01


Tree=338
num_leaves=9
num_cat=0
split_feature=80 52 76 20 65 4 14 57
split_gain=0.515726 0.596321 0.822659 0.452803 0.585736 0.13767 0.123089 0.102643
threshold=97.379997255000021 10.999999905000001 51.96999979000001 40.900000000000013 0.034999847500000007 0.41010369050000006 0.74302421400000007 1.9500000555000001
decision_type=2 2 2 2 2 2 2 2
left_child=1 2 -1 4 -3 -5 7 -2
right_child=6 3 -4 5 -6 -7 -8 -9
leaf_value=0.0001328389832616455 -5.814246432238657e-05 0.00082639677109833337 -7.2762066859218974e-06 -0.00077146125565766862 -0.0030162494130015205 0.00061585786003522493 0.0005464304119477836 -0.0034470896154507199
leaf_weight=36 30 38 27 94 24 20 20 165
leaf_count=36 30 38 27 94 24 20 20 165
internal_value=4.6174e-05 0.000369057 0.00119906 5.6561e-05 0.000748408 -0.000304878 -0.000303522 -0.000385598
internal_weight=454 239 63 176 62 114 215 195
internal_count=454 239 63 176 62 114 215 195
is_linear=0
shrinkage=0.01


Tree=339
num_leaves=8
num_cat=0
split_feature=101 20 17 19 20 103 4
split_gain=0.843922 0.795193 0.29198 0.523528 0.358163 0.306574 0.0985282
threshold=131.48502525000004 68.960000000000022 0.56763350000000012 0.44746678600000006 130.56500000000003 21.597050835000005 0.28195100000000006
decision_type=2 2 2 2 2 8 2
left_child=2 -2 -1 -4 5 -5 -7
right_child=1 -3 3 4 -6 6 -8
leaf_value=-0.0062616605485767574 -0.00078552570636596108 0.00056312617156117331 0.00072770697798866645 0.0017674942360664393 0.00053247718329935123 -0.0013567377389701583 -0.00090612545615264802
leaf_weight=147 24 26 24 33 35 31 159
leaf_count=147 24 26 24 33 35 31 159
internal_value=1.77156e-05 0.00124016 -0.00012215 6.0113e-05 -6.56879e-05 -0.00022118 -0.0003826
internal_weight=479 50 429 282 258 223 190
internal_count=479 50 429 282 258 223 190
is_linear=0
shrinkage=0.01


Tree=340
num_leaves=8
num_cat=0
split_feature=101 43 18 46 49 31 19
split_gain=0.728361 0.945612 0.601476 0.58305 0.435035 0.129225 0.0454689
threshold=131.19284590000004 8.3500001095000016 0.68323078550000005 15.949999745000001 0.69999999550000014 1.9785714320000001 0.60956314250000021
decision_type=2 2 2 2 2 2 2
left_child=2 -2 3 5 -4 -1 -7
right_child=1 -3 4 -5 -6 6 -8
leaf_value=0.00056683241869154928 0.00060462054053985869 -2.3444933872916455e-05 -0.00047037348295249224 0.00057340401482006912 0.0017855719061351959 -0.0028133154574974369 -0.00071193925263680739
leaf_weight=24 26 30 29 21 33 305 20
leaf_count=24 26 30 29 21 33 305 20
internal_value=-4.09177e-06 0.00105634 -0.000147874 -0.000304747 0.000748408 -0.000407376 -0.00046194
internal_weight=488 56 432 370 62 349 325
internal_count=488 56 432 370 62 349 325
is_linear=0
shrinkage=0.01


Tree=341
num_leaves=9
num_cat=0
split_feature=103 46 60 5 58 40 12 1
split_gain=0.565993 0.464448 0.451933 0.583162 0.254472 0.138737 0.100466 0.0615385
threshold=23.993880675000003 7.5999999645000011 2.3000000305000001 0.43995019050000006 0.25000000350000007 3.9928571585000001 0.57757257100000003 0.23158011900000003
decision_type=10 2 2 2 2 2 2 2
left_child=4 -2 7 -4 -1 -6 -7 -3
right_child=1 2 3 -5 5 6 -8 -9
leaf_value=0.00030140634182462193 -0.0019299685733652192 0.00036970750173596743 0.0015946775645734551 0.00059515696019474815 8.5427587125986853e-06 -0.0046293245766129733 -0.0015115855314201802 -0.00089291328511052802
leaf_weight=23 37 20 38 25 20 33 246 20
leaf_count=23 37 20 38 25 20 33 246 20
internal_value=-4.10546e-05 0.000482954 0.000833333 0.0013558 -0.000275713 -0.000358573 -0.000419943 0
internal_weight=462 140 103 63 322 299 279 40
internal_count=462 140 103 63 322 299 279 40
is_linear=0
shrinkage=0.01


Tree=342
num_leaves=9
num_cat=0
split_feature=16 26 16 102 13 20 55 32
split_gain=0.421302 0.446374 0.585789 0.553098 0.193865 0.120015 0.102827 0.0361382
threshold=0.67720392850000011 1.8714285620000004 0.71469892850000016 26.465459855000002 0.75505309150000011 39.240000000000002 0.75000000750000007 1.9714285905000002
decision_type=2 2 2 8 2 2 2 2
left_child=6 4 3 -3 5 -2 -1 -7
right_child=1 2 -4 -5 -6 7 -8 -9
leaf_value=-0.0037817996124926831 1.1343268598288342e-05 0.0021980475499207906 -0.00085407306340652385 0.00022904746521143482 2.1574629424109178e-05 -0.00037964851844457444 0.0002928189728746074 -0.00030158994939741843
leaf_weight=197 37 20 20 21 21 20 31 85
leaf_count=197 37 20 20 21 21 20 31 85
internal_value=-9.71733e-05 0.000204626 0.000930421 0.00161483 -5.79977e-05 -0.000203081 -0.000402098 -0.000382798
internal_weight=452 224 61 41 163 142 228 105
internal_count=452 224 61 41 163 142 228 105
is_linear=0
shrinkage=0.01


Tree=343
num_leaves=9
num_cat=0
split_feature=16 16 13 17 41 27 7 1
split_gain=0.747738 0.808554 0.648986 0.886281 0.206243 0.147282 0.0439506 0.0282128
threshold=0.67720392850000011 0.72959375000000015 0.75166676650000019 0.69850821450000011 2.2000000330000007 2.1285714335000008 0.40947400000000006 0.21803804750000003
decision_type=2 2 2 2 2 2 2 2
left_child=5 2 3 4 7 -1 -7 -2
right_child=1 -3 -4 -5 -6 6 -8 -9
leaf_value=0.00016832340933392234 -0.0010859600430518281 -0.00066897644428672151 0.00024479812102894924 0.0021204351336562626 1.971309294485843e-05 -0.0047180298884926695 -0.0035706198183640642 -0.00013548914315612647
leaf_weight=20 20 68 23 38 21 20 223 46
leaf_count=20 20 68 23 38 21 20 223 46
internal_value=-1.56316e-05 0.000415129 0.000833333 0.000520668 -1.70844e-05 -0.00037718 -0.000449139 -0.000314371
internal_weight=479 216 148 125 87 263 243 66
internal_count=479 216 148 125 87 263 243 66
is_linear=0
shrinkage=0.01


Tree=344
num_leaves=7
num_cat=0
split_feature=18 29 27 15 13 2
split_gain=0.467735 0.682268 0.405425 0.403864 0.0439752 0.0374307
threshold=0.59664671450000006 4.0571428880000004 2.2428571415000005 0.72790397600000012 0.74693535000000011 0.3307505
decision_type=2 2 2 2 2 2
left_child=4 2 5 -4 -1 -2
right_child=1 -3 3 -5 -6 -7
leaf_value=-0.0030947066714088868 -0.0011257723555175884 0.0034188179002229624 0.0015719575628035699 -0.00024464052950253347 -0.00039225534273857818 -0.002425486001191305
leaf_weight=224 96 26 38 36 20 20
leaf_count=224 96 26 38 36 20 20
internal_value=-0.00014757 0.000184502 -1.57234e-05 0.000548128 -0.000449347 -0.000393836
internal_weight=460 216 190 74 244 116
internal_count=460 216 190 74 244 116
is_linear=0
shrinkage=0.01


Tree=345
num_leaves=10
num_cat=0
split_feature=16 52 52 14 86 32 46 67 13
split_gain=0.764572 0.646707 0.66729 0.594473 0.283584 0.244088 0.234983 0.341577 0.0360075
threshold=0.66402850000000013 11.149999985000003 10.799999915000003 0.6766461250000001 6.0428570370000001 2.7928571360000007 7.9999998955000011 2.4100003240000003 0.68711967500000015
decision_type=2 2 2 2 2 2 2 2 2
left_child=4 2 5 -3 -1 -2 7 -5 -8
right_child=1 3 -4 6 -6 -7 8 -9 -10
leaf_value=0.00047415853764086219 0.00024430886836880231 0.0020956121592768098 0.0010699721689923548 0.0010400500971274864 -0.0046986269133799073 -0.00090208375755033304 -0.0033836247269112751 -0.0027860249974108781 -0.00080865202036709883
leaf_weight=25 27 22 20 28 196 26 20 23 84
leaf_count=25 27 22 20 28 196 26 20 23 84
internal_value=6.8885e-05 0.000450558 0.00123984 0.000109674 -0.000353923 0.000585502 -9.94866e-05 0.000434363 -0.00038168
internal_weight=471 250 73 177 221 53 155 51 104
internal_count=471 250 73 177 221 53 155 51 104
is_linear=0
shrinkage=0.01


Tree=346
num_leaves=8
num_cat=0
split_feature=58 27 6 39 29 0 10
split_gain=0.451305 0.469775 0.314581 0.231449 0.273494 0.332713 0.0451417
threshold=0.25000000350000007 1.8714285705000002 0.56427304750000007 6.3857142925000003 3.6285713910000004 0.11745643050000001 0.51216585700000017
decision_type=2 2 2 2 2 2 2
left_child=-1 -2 3 4 5 -3 -6
right_child=1 2 -4 -5 6 -7 -8
leaf_value=0.0011324084890720792 0.00025138975067853813 -0.0026372978329789079 0.00015538839882217105 0.00072268711024480793 -0.0021355582208960168 0.00065506050651184164 -0.0011190831041845172
leaf_weight=28 20 44 29 24 20 21 283
leaf_count=28 20 44 29 24 20 21 283
internal_value=-2.66072e-05 -0.000109778 -0.000186107 -0.000264766 -0.000330803 0.000235562 -0.000459184
internal_weight=469 441 421 392 368 65 303
internal_count=469 441 421 392 368 65 303
is_linear=0
shrinkage=0.01


Tree=347
num_leaves=9
num_cat=0
split_feature=16 95 90 31 73 28 1 1
split_gain=0.419993 0.402402 0.469932 0.437964 0.400553 0.195514 0.0373232 0.0294163
threshold=0.60949717850000018 21.397857260000006 14.727857250000001 2.2714285765000004 63.975000380000004 4.1928571635000011 0.28934150000000003 0.22124757150000005
decision_type=2 2 2 2 2 2 2 2
left_child=-1 5 3 7 -5 6 -2 -3
right_child=1 2 -4 4 -6 -7 -8 -9
leaf_value=-0.007268402056062483 -0.00036951341076679815 -0.0050206571780519425 0.00055986483412514632 0.0013520165653563875 -8.8491971648688379e-07 0.0001099213103467176 -0.00028541027357856783 -0.0023427645085398264
leaf_weight=134 95 20 39 32 36 27 20 50
leaf_count=134 95 20 39 32 36 27 20 50
internal_value=-9.91638e-06 0.000182927 0.000503374 0.000208934 0.000784884 -0.000203081 -0.000392919 -0.000324859
internal_weight=453 319 177 138 68 142 115 70
internal_count=453 319 177 138 68 142 115 70
is_linear=0
shrinkage=0.01


Tree=348
num_leaves=11
num_cat=0
split_feature=40 101 47 62 54 31 41 13 7 4
split_gain=0.594503 0.480741 0.342526 0.333299 0.383507 0.52536 0.303938 0.172353 0.0423582 0.0307473
threshold=5.7357142995000006 131.19284590000004 4.099999941500001 1.2750000955 7.2000000065000007 2.3642857330000004 0.45000000650000005 0.73070820000000014 0.40947400000000006 0.35351357100000008
decision_type=2 2 2 2 2 2 2 2 2 2
left_child=1 3 -3 4 6 -6 -1 8 -2 -5
right_child=7 2 -4 9 5 -7 -8 -9 -10 -11
leaf_value=-0.0027561687286056526 -0.002091528471144495 8.0044877366440379e-06 0.00032228709923662503 -4.7140136989470756e-06 0.001697291909835078 -6.1328940779973191e-05 0.00072257231956570289 0.00010668804898905974 -0.0034191505699803083 -0.00083788017577057176
leaf_weight=49 20 21 20 20 31 22 39 35 172 55
leaf_count=49 20 21 20 20 31 22 39 35 172 55
internal_value=5.36302e-05 0.000385958 0.0013756 0.000184502 0.000476022 0.00114312 4.50449e-05 -0.000313872 -0.000435685 -0.000336412
internal_weight=484 257 41 216 141 53 88 227 192 75
internal_count=484 257 41 216 141 53 88 227 192 75
is_linear=0
shrinkage=0.01


Tree=349
num_leaves=10
num_cat=0
split_feature=16 7 32 102 9 9 102 101 60
split_gain=0.535914 0.435486 0.563211 0.482774 0.365357 0.497372 0.121116 0.0938099 0.133773
threshold=0.60949717850000018 0.53728185750000013 3.0428571190000002 29.140435005000004 0.66603772500000014 0.6484497250000002 26.216676770000003 126.3016338 6.1499999535000009
decision_type=2 2 2 10 2 2 8 2 2
left_child=-1 3 4 7 5 -3 -6 -2 -9
right_child=1 2 -4 -5 6 -7 -8 8 -10
leaf_value=-0.0051075479144839153 -0.00046671163415343476 1.3751144589764899e-05 0.0021188239119719825 0.0013903510638953265 6.2593298137783995e-06 0.00054325370860942781 -0.00058155800896277511 -0.0020841311523874702 9.9723288970125437e-05
leaf_weight=128 91 32 21 20 32 27 40 28 26
leaf_count=128 91 32 21 20 32 27 40 28 26
internal_value=5.72004e-05 0.000281624 0.000667539 -6.33294e-05 0.000398331 0.000978261 -5.49452e-05 -0.000277778 1.82481e-05
internal_weight=445 317 152 165 131 59 72 145 54
internal_count=445 317 152 165 131 59 72 145 54
is_linear=0
shrinkage=0.01


Tree=350
num_leaves=9
num_cat=0
split_feature=58 16 13 31 50 47 92 14
split_gain=0.605419 0.300067 0.416949 0.367437 0.680512 0.12747 0.13691 0.0996547
threshold=0.25000000350000007 0.60949717850000018 0.61424050850000012 2.2714285765000004 3.6000000390000007 2.7999999780000002 12.550000055000002 0.7443212855000001
decision_type=2 2 2 2 2 2 2 2
left_child=-1 -2 -3 5 7 6 -4 -5
right_child=1 2 3 4 -6 -7 -8 -9
leaf_value=0.0012690382338778122 -0.0087831913509164149 0.0031322249767835476 0.00021793608449696206 -2.5341643931021796e-05 0.00093008635535980603 -0.00072154577048905502 -0.0054478661033455231 0.00035298748261842539
leaf_weight=23 141 27 24 40 31 128 23 20
leaf_count=23 141 27 24 40 31 128 23 20
internal_value=-1.41985e-05 -0.000103496 7.31789e-05 -4.12295e-05 0.000462963 -0.0003157 9.41421e-05 -0.000131579
internal_weight=457 434 293 266 91 175 47 60
internal_count=457 434 293 266 91 175 47 60
is_linear=0
shrinkage=0.01


Tree=351
num_leaves=8
num_cat=0
split_feature=22 52 16 10 15 50 54
split_gain=0.516613 0.304542 1.00004 0.616739 0.495035 0.217471 0.148152
threshold=2.2571428415000008 11.149999985000003 0.67720392850000011 0.54691578600000013 0.72758228550000015 5.4000001440000007 20.549999310000004
decision_type=2 2 2 2 2 2 2
left_child=-1 2 -2 -3 -4 6 -5
right_child=1 3 4 5 -6 -7 -8
leaf_value=-0.0031782128301522951 -0.00096425733145025054 0.0033761993050773582 0.0011024082406309171 -0.00086577501188570731 0.00013641421749793287 0.0005346599054178293 0.00081850185519565075
leaf_weight=149 42 23 29 131 28 39 20
leaf_count=149 42 23 29 131 28 39 20
internal_value=0 0.000230179 0.000686373 7.01578e-06 0.00154844 -0.000172956 -0.000352438
internal_weight=461 312 99 213 57 190 151
internal_count=461 312 99 213 57 190 151
is_linear=0
shrinkage=0.01


Tree=352
num_leaves=7
num_cat=0
split_feature=17 96 74 46 28 101
split_gain=0.650516 0.400599 0.729229 0.406084 0.361836 0.287903
threshold=0.56319950000000019 16.022142820000003 43.970000745000007 15.949999745000001 4.1499999930000007 131.77162625000003
decision_type=2 2 2 2 2 2
left_child=-1 -2 -3 4 5 -4
right_child=1 2 3 -5 -6 -7
leaf_value=-0.006964720510908122 -0.0022715509608577252 0.00071763418975566776 -0.00011920505875411467 0.00050175722838084649 0.0002929330452851059 0.00016922299014642095
leaf_weight=135 51 20 169 22 35 35
leaf_count=135 51 20 169 22 35 35
internal_value=9.5126e-05 0.000336538 0.000487935 0.000334224 0.000202252 2.92968e-05
internal_weight=467 332 281 261 239 204
internal_count=467 332 281 261 239 204
is_linear=0
shrinkage=0.01


Tree=353
num_leaves=7
num_cat=0
split_feature=101 16 46 50 28 14
split_gain=0.903881 0.949418 0.46786 0.279831 0.270525 0.0452508
threshold=131.19284590000004 0.72959375000000015 15.949999745000001 7.0999999795000006 4.1857143300000006 0.74928500000000009
decision_type=2 2 2 2 2 2
left_child=2 -2 3 4 5 -1
right_child=1 -3 -4 -5 -6 -7
leaf_value=-0.0022965437482694389 0.00089310950281281764 -0.00099451278832237778 0.00016839803639549515 0.00037497074115697631 0.0016533918396997678 8.4624238403518967e-05
leaf_weight=290 37 23 22 37 26 20
leaf_count=290 37 23 22 37 26 20
internal_value=-1.20668e-05 0.00111842 -0.000190753 -0.000279561 -0.000374109 -0.000460103
internal_weight=455 60 395 373 336 310
internal_count=455 60 395 373 336 310
is_linear=0
shrinkage=0.01


Tree=354
num_leaves=7
num_cat=0
split_feature=58 18 7 26 35 16
split_gain=0.85916 0.672257 0.278511 0.121751 0.194417 0.121386
threshold=0.25000000350000007 0.70722607100000012 0.6521389285000001 1.9000000060000002 5.5285714350000008 0.63715083350000012
decision_type=2 2 2 2 2 2
left_child=-1 2 3 4 5 -2
right_child=1 -3 -4 -5 -6 -7
leaf_value=0.00119628355782113 0.00046583293252355773 0.0017055004339645635 0.00024141555271844144 -0.0038231717647409635 0.00016829655261059388 -0.0011993174263817468
leaf_weight=25 20 33 20 186 37 126
leaf_count=25 20 33 20 186 37 126
internal_value=-3.34983e-06 -0.000115894 -0.000237301 -0.000304219 -0.000106094 -0.000279292
internal_weight=447 422 389 369 183 146
internal_count=447 422 389 369 183 146
is_linear=0
shrinkage=0.01


Tree=355
num_leaves=10
num_cat=0
split_feature=39 13 11 50 37 58 6 15 18
split_gain=0.75386 1.07204 0.456563 0.257926 0.180096 0.270005 0.146118 0.0437196 0.0351682
threshold=6.0142857350000005 0.74285440000000003 0.57157682150000011 8.499999821500003 4.1857142620000003 0.25000000350000007 0.56427304750000007 0.75344214250000008 0.65577471450000002
decision_type=2 2 2 2 2 2 2 2 2
left_child=3 2 -2 6 -4 -6 7 -1 -7
right_child=1 -3 4 -5 5 8 -8 -9 -10
leaf_value=-0.0023242747545364423 0.0019905106296904695 0.00050957690498492454 0.00026281492896361517 0.00055605752553774472 0.00066340761194413813 -0.0031339162351833299 4.9193464141680586e-06 9.508736639141091e-05 -0.00053354883619591374
leaf_weight=214 31 21 20 23 20 78 20 20 20
leaf_count=214 31 21 20 23 20 78 20 20 20
internal_value=5.23727e-05 0.000539832 0.000256184 -0.000275378 0 -0.000143098 -0.000372842 -0.000447189 -0.000374494
internal_weight=467 190 169 277 138 118 254 234 98
internal_count=467 190 169 277 138 118 254 234 98
is_linear=0
shrinkage=0.01


Tree=356
num_leaves=7
num_cat=0
split_feature=55 12 12 20 17 27
split_gain=0.553984 0.631469 0.255019 0.32713 0.183255 0.27886
threshold=0.50000001100000013 0.62224621450000006 0.73773671450000011 36.57500000000001 0.66172071450000003 1.9428571290000003
decision_type=2 2 2 2 2 2
left_child=4 -2 3 -3 -1 -6
right_child=1 2 -4 -5 5 -7
leaf_value=-0.0046662589186935392 0.0026630298296185639 0.0010067503217863647 0.00024258733699382068 -0.00058192757466564383 -0.00054931513700667769 0.00016844462296663001
leaf_weight=208 31 31 36 84 36 27
leaf_count=208 31 31 36 84 36 27
internal_value=-5.39887e-05 0.000366521 8.23451e-05 -0.000133852 -0.000344003 0.000101881
internal_weight=453 182 151 115 271 63
internal_count=453 182 151 115 271 63
is_linear=0
shrinkage=0.01


Tree=357
num_leaves=9
num_cat=0
split_feature=101 2 52 10 103 72 82 8
split_gain=0.89203 0.466552 0.32315 0.570521 0.493585 0.17937 0.597784 0.0264977
threshold=131.48502525000004 0.30596821450000006 11.149999985000003 0.66171585750000006 28.279382665000004 12.219999790000001 8.1335714885000012 0.54812885700000014
decision_type=2 2 2 2 8 2 2 2
left_child=2 -2 3 7 -5 6 -4 -1
right_child=1 -3 5 4 -6 -7 -8 -9
leaf_value=-0.00050134108432208326 0.001567780260758144 -2.0352672683369578e-06 0.0019146647285510593 0.0023884569899051155 0.00010738549314748169 -0.0050510465765680659 -0.00058926733064748583 -0.00073613016839694774
leaf_weight=20 24 25 26 20 27 200 65 41
leaf_count=20 24 25 26 20 27 200 65 41
internal_value=8.91254e-06 0.0012751 -0.000143822 0.0003125 0.00114017 -0.000320425 2.7233e-05 -0.000299353
internal_weight=448 49 399 108 47 291 91 61
internal_count=448 49 399 108 47 291 91 61
is_linear=0
shrinkage=0.01


Tree=358
num_leaves=10
num_cat=0
split_feature=40 0 19 57 55 31 21 19 4
split_gain=0.447791 0.219374 0.687672 0.330724 0.538702 0.168843 0.116372 0.108252 0.184043
threshold=5.8214285715000011 0.26401193750000002 0.46663750000000009 3.7000000850000005 0.50000001100000013 2.2214285815000001 0.91428571500000011 0.58103442850000009 0.33673492850000003
decision_type=2 2 2 2 2 2 2 2 2
left_child=1 2 -1 4 5 -4 -3 -5 -9
right_child=-2 6 3 7 -6 -7 -8 8 -10
leaf_value=0.0012455487155832569 -0.0033473873648310094 0.00059543599589573779 -0.0002536632020535887 -3.2406885197278184e-05 0.0017427115283394623 0.00023704095368252425 -0.0011673242606896723 -0.0053316483535665775 0.00034118053499825442
leaf_weight=23 160 21 30 67 24 23 65 23 20
leaf_count=23 160 21 30 67 24 23 65 23 20
internal_value=-5.69178e-05 0.000168463 0.0003463 0.000130458 0.000636247 2.78809e-05 -0.000241936 -0.000207581 0.000148402
internal_weight=456 296 210 187 77 53 86 110 43
internal_count=456 296 210 187 77 53 86 110 43
is_linear=0
shrinkage=0.01


Tree=359
num_leaves=10
num_cat=0
split_feature=101 43 46 67 68 85 31 5 4
split_gain=0.527213 0.77363 0.239656 0.317576 0.235614 0.302669 0.145195 0.0401139 0.015083
threshold=131.19284590000004 8.3500001095000016 7.5999999645000011 1.8349995615000003 35.210000515000011 8.6528572015000016 2.2714285765000004 0.50441778600000009 0.34146671450000005
decision_type=2 2 2 2 2 2 2 2 2
left_child=2 -2 7 4 5 -4 -6 -1 -8
right_child=1 -3 3 -5 6 -7 8 -9 -10
leaf_value=-0.0035210856215415172 0.00054563229144274905 -2.7532551152179563e-06 -0.0022984043765732925 0.00092460388275507192 -0.0012229227955161677 0.00092934323644435434 0.00036219750633741164 -0.0020058144449278861 -0.00020334400551346682
leaf_weight=128 24 29 38 31 107 37 20 20 20
leaf_count=128 24 29 38 31 107 37 20 20 20
internal_value=2.41863e-05 0.000957249 -9.58189e-05 8.47123e-05 -4.03951e-05 0.000402375 -0.000280785 -0.000416667 0.000196078
internal_weight=454 53 401 253 222 75 147 148 40
internal_count=454 53 401 253 222 75 147 148 40
is_linear=0
shrinkage=0.01


Tree=360
num_leaves=9
num_cat=0
split_feature=36 8 62 20 34 82 12 0
split_gain=0.427942 0.918362 0.241968 0.267147 0.407509 0.258323 0.213253 0.0268617
threshold=3.9999999830000004 0.54874764300000012 0.25500011450000004 40.900000000000013 4.157142963000001 7.4307143005000009 0.70907752400000013 0.30868768750000003
decision_type=2 2 2 2 2 2 2 2
left_child=2 -2 -1 4 -4 -5 7 -3
right_child=1 6 3 5 -6 -7 -8 -9
leaf_value=-0.003172383633225296 0.0020295103278553071 -0.00038439794447241133 0.00099256303598595132 0.00027854599526528701 -0.00275511921256082 -6.5459409943880692e-05 0.00095596664433929561 -0.00067449802068777738
leaf_weight=169 25 42 30 24 34 98 20 20
leaf_count=169 25 42 30 24 34 98 20 20
internal_value=-4.10546e-05 0.000505566 -0.000212198 2.67665e-05 0.000555555 -0.000236156 0 -0.000302548
internal_weight=462 107 355 186 64 122 82 62
internal_count=462 107 355 186 64 122 82 62
is_linear=0
shrinkage=0.01


Tree=361
num_leaves=9
num_cat=0
split_feature=39 55 102 37 20 87 20 16
split_gain=0.84993 0.985149 0.49531 0.257077 0.196002 0.133079 0.349741 0.032135
threshold=6.0142857350000005 0.30000000800000004 23.530456615000002 4.7142857310000013 61.020000000000003 4.8635714820000011 35.515000000000008 0.69752910700000015
decision_type=2 2 8 2 2 2 2 2
left_child=5 3 4 7 -3 6 -1 -2
right_child=1 2 -4 -5 -6 -7 -8 -9
leaf_value=0.0011394942175145906 -0.0040993065573379766 0.0038765094258618135 0.00056049728569826569 0.00035625270524652588 -3.5341926431972748e-05 -0.0027785278221269163 -0.00075226441715234142 -0.0024972907608574947
leaf_weight=26 61 20 29 31 21 196 55 20
leaf_count=26 61 20 29 31 21 196 55 20
internal_value=0 0.000530634 0.0014548 -3.54611e-05 0.000657895 -0.000347372 0 -0.000348411
internal_weight=459 182 70 112 41 277 81 81
internal_count=459 182 70 112 41 277 81 81
is_linear=0
shrinkage=0.01


Tree=362
num_leaves=8
num_cat=0
split_feature=101 54 39 12 11 46 98
split_gain=1.28855 0.742016 0.627355 0.558276 0.385278 0.275663 0.252151
threshold=131.19284590000004 8.1500000950000011 6.0785714560000006 0.70907752400000013 0.55803550000000013 12.050000020000001 16.929285735000004
decision_type=2 2 2 2 2 2 2
left_child=2 -2 6 4 -4 -6 -1
right_child=1 -3 3 -5 5 -7 -8
leaf_value=0.00014062277052949448 -4.2744814863169963e-07 0.00053374101331009089 0.0023555073521954041 0.00078543079549761813 -0.0023805354150568613 0.0012645583573183614 -0.0016960237935046754
leaf_weight=29 23 22 20 25 71 21 256
leaf_count=29 23 22 20 25 71 21 256
internal_value=5.23727e-05 0.00164847 -0.000115894 0.000431785 0.000106383 -0.000150862 -0.000386634
internal_weight=467 45 422 137 112 92 285
internal_count=467 45 422 137 112 92 285
is_linear=0
shrinkage=0.01


Tree=363
num_leaves=9
num_cat=0
split_feature=16 16 28 13 25 60 88 9
split_gain=0.701225 1.10181 0.626639 0.429703 0.641955 0.167456 0.116183 0.0363926
threshold=0.67720392850000011 0.68549789250000015 4.1571428610000014 0.70869845850000013 1.7857143115000003 6.7999999115000014 15.939285890000003 0.7046162250000001
decision_type=2 2 2 2 2 2 2 2
left_child=5 -2 3 4 -3 6 -1 -5
right_child=1 2 -4 7 -6 -7 -8 -9
leaf_value=-0.0033057376359367664 0.0017539812300536631 0.00071138819243950744 0.00029672038113168377 -0.00062713128856174444 -0.00012599836243056239 0.00017470096569425169 -0.00087062026776488222 -0.00015856548421056566
leaf_weight=182 21 31 34 87 26 33 27 20
leaf_count=182 21 31 34 87 26 33 27 20
internal_value=8.12039e-05 0.00049363 0.000246479 -1.18631e-10 0.000683391 -0.000284185 -0.000393232 -0.000384972
internal_weight=461 219 198 164 57 242 209 107
internal_count=461 219 198 164 57 242 209 107
is_linear=0
shrinkage=0.01


Tree=364
num_leaves=10
num_cat=0
split_feature=101 15 52 16 101 18 31 14 0
split_gain=1.12494 1.95429 0.458556 0.600806 1.01884 0.453978 0.0582307 0.0838677 0.0199046
threshold=131.61942115000002 0.72790397600000012 11.100000065000001 0.67720392850000011 99.582031625000013 0.68682045250000012 2.4285714375 0.68274928600000007 0.21269302050000002
decision_type=2 2 2 2 2 2 2 2 2
left_child=2 -2 3 8 -5 6 -4 -8 -1
right_child=1 -3 5 4 -6 -7 7 -9 -10
leaf_value=-0.0044575306712510343 0.0013215510410407654 -0.0018047964390593275 -0.0028748416049942565 0.00076108689088068835 -6.7831328259660998e-05 0.0014031779134909622 0.00095178421341868605 -0.0015441646555041239 -0.00046526988197483272
leaf_weight=27 28 27 216 23 25 39 20 30 20
leaf_count=27 28 27 216 23 25 39 20 30 20
internal_value=0.000110794 0.00144265 -6.98604e-05 0.00052714 0.00131148 -0.000263244 -0.000416042 -5.90552e-05 -0.000240586
internal_weight=455 55 400 95 48 305 266 50 47
internal_count=455 55 400 95 48 305 266 50 47
is_linear=0
shrinkage=0.01


Tree=365
num_leaves=9
num_cat=0
split_feature=58 39 31 58 103 10 6 10
split_gain=1.05202 0.483385 1.47837 0.275443 0.37272 0.255154 0.033148 0.0244948
threshold=0.25000000350000007 6.0428572040000015 2.3285714305000007 10.299999860000002 26.397590145000006 0.56296978600000014 0.52563045200000014 0.68140264300000009
decision_type=2 2 2 2 8 2 2 2
left_child=-1 3 5 -2 -5 -3 -7 -6
right_child=1 2 -4 4 7 6 -8 -9
leaf_value=0.001130002231222295 -0.0025059256748646203 0.00052097044413492886 0.0009524313155535039 0.00045378150467448997 -0.00061086794128038682 -0.00032778182136391359 -0.00043324043075519388 0.00017050588973524739
leaf_weight=27 200 20 30 30 36 66 20 20
leaf_count=27 200 20 30 30 36 66 20 20
internal_value=7.44774e-05 -4.49386e-05 0.000438596 -0.000282427 0.000172811 -0.000102996 -0.000357143 -0.00028169
internal_weight=449 422 136 286 86 106 86 56
internal_count=449 422 136 286 86 106 86 56
is_linear=0
shrinkage=0.01


Tree=366
num_leaves=11
num_cat=0
split_feature=18 46 1 92 44 50 85 18 14 0
split_gain=0.483445 0.538063 0.488311 0.866072 0.553521 0.152628 0.263591 0.0954639 0.205567 0.0204918
threshold=0.65407409500000013 15.599999910000003 0.26147050000000005 12.553571565000002 7.5499998630000009 6.3000001610000007 9.1542857035000029 0.6105327140000002 0.69793405400000019 0.26845663200000008
decision_type=2 2 2 2 2 2 2 2 2 2
left_child=1 5 3 4 -2 7 -7 -1 -9 -4
right_child=2 -3 9 -5 -6 6 -8 8 -10 -11
leaf_value=-0.0029196099127489729 0.0017482850166965166 0.0005801483167796734 -0.00052416213763413174 -0.00077495971158535128 0.0012133527091122635 0.00030097189964609333 -0.0017245699425300508 0.00047635503229619347 -0.0015219692640335628 -0.00012674395024891093
leaf_weight=228 21 20 28 34 23 27 32 23 45 20
leaf_count=228 21 20 28 34 23 27 32 23 45 20
internal_value=-1.69391e-05 -0.000200905 0.000512618 0.00100254 0.00191964 -0.000296515 0.00014214 -0.000390836 -2.90699e-05 -0.000245902
internal_weight=501 375 126 78 44 355 59 296 68 48
internal_count=501 375 126 78 44 355 59 296 68 48
is_linear=0
shrinkage=0.01


Tree=367
num_leaves=10
num_cat=0
split_feature=16 16 16 17 5 12 79 0 0
split_gain=1.13264 0.897305 0.435932 0.84114 1.24997 0.445891 0.173639 0.0275573 0.0240534
threshold=0.66087600000000013 0.68154645200000008 0.72959375000000015 0.67622035700000016 0.42707578600000007 0.67880721450000003 94.379999165000001 0.12219471650000001 0.12610350000000001
decision_type=2 2 2 2 2 2 2 2 2
left_child=6 -2 3 8 5 -5 -1 -4 -3
right_child=1 2 7 4 -6 -7 -8 -9 -10
leaf_value=-0.0050704624665889103 0.0014510556330637556 -5.5214105541323175e-05 -0.00037012743083109757 0.00069074774955638226 0.00016643736525524838 -0.0018511085410688978 0.00030134410510902304 -0.00060743418241393542 -0.0029478975765526829
leaf_weight=182 38 20 20 33 27 29 39 44 35
leaf_count=182 38 20 20 33 27 29 39 44 35
internal_value=0.000159256 0.000628039 0.000354406 0.000662983 0.00126392 0.000429936 -0.000353923 -0.000308642 -0.000277778
internal_weight=467 246 208 144 89 62 221 64 55
internal_count=467 246 208 144 89 62 221 64 55
is_linear=0
shrinkage=0.01


Tree=368
num_leaves=10
num_cat=0
split_feature=14 95 40 103 17 17 17 19 0
split_gain=0.809205 1.11535 0.477152 0.56066 0.458855 0.705871 0.235637 0.029128 0.0158575
threshold=0.73712557100000009 21.875714030000001 5.7571428330000005 23.925738300000003 0.68524642850000006 0.60072909550000009 0.69173770400000012 0.49156585700000005 0.14005564550000002
decision_type=2 2 2 8 2 2 2 2 2
left_child=2 6 3 -1 5 -5 -2 -7 -8
right_child=1 -3 -4 4 -6 7 8 -9 -10
leaf_value=-0.00068814433177947587 0.00016266425269139133 0.00054942430017792176 -0.0042765969715156888 0.00073699546211705399 0.0013981043820759196 -0.0015171604494919454 -0.00075186634331764408 -0.00093279789502913877 1.7068865710490599e-05
leaf_weight=76 25 23 188 28 38 20 21 49 20
leaf_count=76 25 23 188 28 38 20 21 49 20
internal_value=6.9558e-05 0.000929844 -0.00011881 0.000200661 0.000592783 0.000199386 0.000224551 -0.00032235 -0.000203349
internal_weight=488 89 399 211 135 97 66 69 41
internal_count=488 89 399 211 135 97 66 69 41
is_linear=0
shrinkage=0.01


Tree=369
num_leaves=10
num_cat=0
split_feature=16 16 6 15 87 28 28 102 2
split_gain=0.751646 0.822226 1.17465 0.475805 0.373357 0.33017 0.256514 0.0868599 0.033337
threshold=0.67720392850000011 0.71635612250000014 0.51656864300000016 0.69655156050000011 4.6264285795000006 4.0571428200000001 4.1857143300000006 18.426978845000004 0.27276035750000005
decision_type=2 2 2 2 2 2 2 10 2
left_child=4 2 3 -2 -1 -5 8 -6 -3
right_child=1 6 -4 5 7 -7 -8 -9 -10
leaf_value=0.00049578562122740968 0.0018312775644935403 -0.00032507827412690316 0.00085747590484949537 -0.0013767207223631553 -0.001902200935896325 0.00021317537786475418 4.592267188697869e-05 -0.0034976690665410645 -0.00099797097788949783
leaf_weight=30 32 20 20 41 37 25 20 202 67
leaf_count=30 32 20 20 41 37 25 20 202 67
internal_value=8.28616e-05 0.000511514 0.00108586 0.000597166 -0.000268718 7.48502e-05 -0.000106679 -0.000406589 -0.00035877
internal_weight=494 225 118 98 269 66 107 239 87
internal_count=494 225 118 98 269 66 107 239 87
is_linear=0
shrinkage=0.01


Tree=370
num_leaves=12
num_cat=0
split_feature=101 24 16 101 6 89 62 16 15 10 2
split_gain=0.953148 1.13306 0.596426 0.892314 0.863045 0.359721 0.223337 0.38051 0.209576 0.0426612 0.0329546
threshold=131.77162625000003 1.7571428415000001 0.67720392850000011 116.92261270000002 0.51656864300000016 13.785714250000002 0.61999988550000007 0.63356514300000011 0.75473470250000008 0.49696047150000006 0.25088085750000005
decision_type=2 2 2 2 2 2 2 2 2 2 2
left_child=2 -2 6 4 5 -4 9 -8 10 -1 -5
right_child=1 -3 3 8 -6 -7 7 -9 -10 -11 -12
leaf_value=-0.0015853432171917725 -1.7325980146822779e-05 0.00057140552136318871 -2.7987924488368839e-05 -1.0466731247094421e-05 0.00077070734938894619 0.0018583921440808394 0.00047270331354384648 -0.0022472932289037944 7.0023623329836738e-05 -0.0039446706184137767 -0.00097548609865620638
leaf_weight=20 21 20 31 20 22 24 20 27 23 180 65
leaf_count=20 21 20 31 20 22 24 20 27 23 180 65
internal_value=0.000172013 0.00161483 2.77263e-05 0.000460172 0.00127892 0.000546595 -0.000288539 0.000303347 -0.000110294 -0.000438247 -0.000355478
internal_weight=473 41 432 185 77 55 247 47 108 200 85
internal_count=473 41 432 185 77 55 247 47 108 200 85
is_linear=0
shrinkage=0.01


Tree=371
num_leaves=8
num_cat=0
split_feature=101 17 46 18 32 58 13
split_gain=0.921968 1.1698 0.466153 0.369926 0.449549 0.186996 0.0448725
threshold=131.19284590000004 0.69531664300000007 15.999999800000003 0.6834761075000001 2.0571428540000003 0.35000000500000006 0.74847711250000015
decision_type=2 2 2 2 2 2 2
left_child=2 -2 3 5 -5 -1 -7
right_child=1 -3 -4 4 -6 6 -8
leaf_value=9.2293837942989293e-05 0.00039476389804175642 -9.3163877220888189e-05 0.00054577396303524285 -0.000613482254351105 0.001576559557828913 -0.0027771885241054868 -0.0010509903304214757
leaf_weight=36 33 24 21 27 32 267 20
leaf_count=36 33 24 21 27 32 267 20
internal_value=1.7361e-05 0.00120242 -0.00014735 -0.000232498 0.000476589 -0.000369055 -0.000456915
internal_weight=460 57 403 382 59 323 287
internal_count=460 57 403 382 59 323 287
is_linear=0
shrinkage=0.01


Tree=372
num_leaves=11
num_cat=0
split_feature=52 66 1 22 101 8 101 11 10 0
split_gain=0.645156 0.624028 0.552727 0.307417 0.509257 0.473192 0.226788 0.125129 0.473778 0.0180012
threshold=11.149999985000003 2.8449997905000006 0.27779023800000008 2.2214285645000005 78.397125575000004 0.54920382150000013 95.692065825000014 0.67424450000000002 0.67407207150000004 0.1782004375
decision_type=2 2 2 2 2 2 2 2 2 2
left_child=1 2 -1 -2 -5 -6 9 -7 -9 -3
right_child=3 6 -4 4 5 7 -8 8 -10 -11
leaf_value=0.00018093178154393548 -0.0037095171474294929 -0.0057741395517600788 1.7692157184896507e-05 0.0011867296727639837 0.0017186560959978393 -0.0006303293584283314 0.00041642868294961412 0.0014721751690057166 -0.00045636089824076817 -0.00033034570010991347
leaf_weight=23 116 20 20 23 39 98 36 20 48 24
leaf_count=23 116 20 20 23 39 98 36 20 48 24
internal_value=0.000159256 0.000779483 0.00174658 -5.80048e-05 0.000148601 -2.42966e-06 0.000222772 -0.000245803 5.81394e-05 -0.000223214
internal_weight=467 123 43 344 228 205 80 166 68 44
internal_count=467 123 43 344 228 205 80 166 68 44
is_linear=0
shrinkage=0.01


Tree=373
num_leaves=10
num_cat=0
split_feature=39 103 70 16 15 102 102 15 10
split_gain=0.810131 0.987359 0.338256 0.315094 0.33908 0.314389 0.244901 0.0435835 0.031695
threshold=6.0142857350000005 25.894776115000003 21.455000400000003 0.67720392850000011 0.72059364300000006 26.168896200000002 20.766363120000005 0.75473470250000008 0.56296978600000014
decision_type=2 10 2 2 2 10 10 2 2
left_child=2 3 5 6 -5 -1 -2 -4 -8
right_child=1 -3 7 4 -6 -7 8 -9 -10
leaf_value=0.00046232445350412093 0.0016726636352088287 0.00052684788062544094 -0.0021480115199426571 0.00097620275454468955 -4.918333958015909e-05 -9.5705699855220617e-05 -0.0017841283491312127 -0.00016252245322345211 -0.0028685737216854195
leaf_weight=29 20 27 209 34 24 22 20 20 59
leaf_count=29 20 27 209 34 24 22 20 20 59
internal_value=5.59379e-05 0.000573593 -0.000277778 0.000250317 0.000833333 0.000434363 -7.51504e-05 -0.00044604 -0.000344612
internal_weight=464 184 280 157 58 51 99 229 79
internal_count=464 184 280 157 58 51 99 229 79
is_linear=0
shrinkage=0.01


Tree=374
num_leaves=10
num_cat=0
split_feature=17 19 24 66 3 10 28 21 102
split_gain=0.714689 0.745464 0.435957 0.951023 0.691366 1.50445 0.171524 0.129457 0.0728079
threshold=0.56763350000000012 0.44746678600000006 1.7142857015000004 2.8150000575000003 0.33285257100000004 0.61801215300000012 4.1857143300000006 0.92857143100000006 28.561640730000004
decision_type=2 2 2 2 2 2 2 2 10
left_child=-1 -2 -3 4 5 -4 8 -6 -5
right_child=1 2 3 6 7 -7 -8 -9 -10
leaf_value=-0.0054878648084244457 0.00075958400969078062 -6.8746361249557214e-05 0.00079971383090870791 -0.0022665579574275467 0.00063505541748152541 0.0010197336332789379 0.0017619813921173077 -0.0025947955122416423 -0.0019365994991555281
leaf_weight=134 21 65 32 75 20 25 25 31 33
leaf_count=134 21 65 32 75 20 25 25 31 33
internal_value=0.000124513 0.000379805 0.000244459 0.000444582 0.00113971 0.00189446 -0.000108371 0.000241313 -0.000294118
internal_weight=461 327 306 241 108 57 133 51 108
internal_count=461 327 306 241 108 57 133 51 108
is_linear=0
shrinkage=0.01


Tree=375
num_leaves=9
num_cat=0
split_feature=101 44 50 102 14 103 102 21
split_gain=1.14418 0.782627 0.480232 0.748259 0.345906 0.221369 0.409406 0.0448367
threshold=131.48502525000004 6.3999999650000001 7.0999999795000006 26.231004275000004 0.75020021450000007 25.572599765000003 26.127533560000003 1.0571428580000004
decision_type=2 2 2 10 2 10 10 2
left_child=2 -2 4 -4 5 7 -7 -1
right_child=1 -3 3 -5 -6 6 -8 -9
leaf_value=-0.0021018880777116966 0.00036011393092618896 -0.00042229103355126592 0.00075198816959387278 -0.0002598444401841127 0.0021315233371031954 0.00040157177749460871 -0.0011810287861763874 -0.003335030789324846
leaf_weight=265 23 26 21 21 30 20 32 20
leaf_count=265 23 26 21 21 30 20 32 20
internal_value=4.14123e-05 0.0014759 -0.000128111 0.000864486 -0.000248777 -0.000344879 0.000227273 -0.000456613
internal_weight=458 49 409 42 367 337 52 285
internal_count=458 49 409 42 367 337 52 285
is_linear=0
shrinkage=0.01


Tree=376
num_leaves=9
num_cat=0
split_feature=100 10 29 88 71 5 93 5
split_gain=0.607445 0.485152 0.380829 0.437784 0.689081 0.22738 0.155078 0.0362666
threshold=24.092857360000004 0.71924578600000011 4.1785714285000006 15.290714200000002 0.78499984750000007 0.46218607150000007 20.020714420000004 0.46032367850000006
decision_type=2 2 2 2 2 2 2 2
left_child=1 2 3 7 -5 -6 -2 -1
right_child=6 -3 -4 4 5 -7 -8 -9
leaf_value=-0.00055637689611519781 -0.0037686742573371391 0.00062290280190880395 0.00052277430561946479 7.0745253357976716e-05 -4.9680092639052922e-05 0.00048273495328461787 0.00058493941323549349 -0.00026286047436796913
leaf_weight=86 172 20 25 22 83 26 20 20
leaf_count=86 172 20 25 22 83 26 20 20
internal_value=4.4229e-05 0.000342998 0.000216895 8.20016e-05 0.000474203 0.000122951 -0.000383818 -0.000383895
internal_weight=474 282 262 237 131 109 192 106
internal_count=474 282 262 237 131 109 192 106
is_linear=0
shrinkage=0.01


Tree=377
num_leaves=10
num_cat=0
split_feature=17 6 3 4 4 35 18 47 6
split_gain=0.791059 0.84771 0.493837 0.810901 1.11081 0.538964 0.287749 0.13488 0.0325544
threshold=0.56993757100000009 0.54869635750000012 0.33839942850000004 0.32941557150000006 0.33806902850000004 5.6000000070000011 0.6834761075000001 6.5999998415000007 0.36636028550000005
decision_type=2 2 2 2 2 2 2 2 2
left_child=-1 2 3 6 -5 -6 8 -4 -2
right_child=1 -3 7 4 5 -7 -8 -9 -10
leaf_value=-0.0057952813076275686 -0.0013793337993368094 0.00049585550638658199 -0.00064204454412331697 0.0023562915464827596 0.00016455799009259433 -0.0016880319031206349 0.00012283940037213586 2.2881780355947378e-05 -0.002987595594751093
leaf_weight=143 20 25 87 20 50 29 29 20 63
leaf_count=143 20 25 87 20 50 29 29 20 63
internal_value=0.000133525 0.000397033 0.000247804 0.000531161 0.00118737 0.000607769 -3.54611e-05 -0.000292208 -0.000352029
internal_weight=486 343 318 211 99 79 112 107 83
internal_count=486 343 318 211 99 79 112 107 83
is_linear=0
shrinkage=0.01


Tree=378
num_leaves=9
num_cat=0
split_feature=60 52 52 10 102 29 0 0
split_gain=0.72397 0.244808 0.699332 0.253044 0.127042 0.157096 0.191897 0.0261223
threshold=16.600000260000005 10.999999905000001 10.449999905 0.48367490500000004 33.524162140000008 3.5857143230000004 0.099405520500000025 0.24826577100000005
decision_type=2 2 2 2 10 2 2 2
left_child=1 2 7 -3 5 6 -5 -1
right_child=-2 3 -4 4 -6 -7 -8 -9
leaf_value=-0.00088442691232565405 2.7821451880525152e-05 0.0031857483911221641 0.00016142842363806129 -0.0022228102168596895 0.0003341956220683103 -0.00076838123392836968 0.00044605581683284165 -0.00015114855936784212
leaf_weight=40 28 22 34 25 20 236 20 20
leaf_count=40 28 22 34 25 20 236 20 20
internal_value=-1.1217e-06 -0.000111297 0.000327004 -0.000245522 -0.000326375 -0.000385025 0.000120087 -0.000296053
internal_weight=445 417 94 323 301 281 45 60
internal_count=445 417 94 323 301 281 45 60
is_linear=0
shrinkage=0.01


Tree=379
num_leaves=11
num_cat=0
split_feature=17 19 39 3 4 54 17 15 22 1
split_gain=0.65458 0.697075 0.381619 0.6209 0.799389 0.23209 0.173163 0.409211 0.11004 0.0356
threshold=0.56319950000000019 0.44746678600000006 6.0142857350000005 0.32319575700000008 0.33042542850000006 20.800000160000003 0.68903750000000008 0.7266769525000002 2.2999999605000006 0.27463209500000002
decision_type=2 2 2 2 2 2 2 2 2 2
left_child=-1 -2 6 4 -4 -5 9 -8 -9 -3
right_child=1 2 3 5 -6 -7 7 8 -10 -11
leaf_value=-0.006372112463335482 0.00071052769693479804 -0.0020281220955040893 0.0006955058123467668 -0.001391987412830501 0.00029212132384779781 0.00047842948684364948 0.00036365417327548195 0.00037184242840996863 -0.00075736262003506672 -1.8925875280681317e-05
leaf_weight=139 29 81 34 45 23 21 27 20 49 20
leaf_count=139 29 81 34 45 23 21 27 20 49 20
internal_value=9.00162e-05 0.000324471 0.000180798 0.000617932 0.00137543 -1.49702e-05 -8.34177e-05 0.000206611 -0.000179083 -0.000378193
internal_weight=488 349 320 123 57 66 197 96 69 101
internal_count=488 349 320 123 57 66 197 96 69 101
is_linear=0
shrinkage=0.01


Tree=380
num_leaves=10
num_cat=0
split_feature=49 4 52 92 17 83 17 8 43
split_gain=0.603148 0.780934 0.498487 0.894916 0.320887 0.158564 0.134023 0.087495 0.0654585
threshold=1.0000000180025095e-35 0.41375235700000007 11.500000015000003 12.642142975000001 0.70487876150000017 5.3150000225000005 0.65814673200000007 0.62638573800000008 8.3000001310000027
decision_type=2 2 2 2 2 2 2 2 2
left_child=6 2 3 4 -2 -4 -1 -5 -7
right_child=1 -3 5 7 -6 8 -8 -9 -10
leaf_value=-0.0036061321683992262 5.4008580482678915e-05 0.00064135939339295502 1.0747668299567641e-06 -0.0026729301582501665 0.0020903286152400523 -0.00012462655224133382 0.0011978073227478455 0.00048546207793883636 -0.0016106613700360435
leaf_weight=165 20 21 28 32 21 38 23 20 86
leaf_count=165 20 21 28 32 21 38 23 20 86
internal_value=4.6174e-05 0.000356072 0.00018511 0.00076226 0.00185407 -0.000157068 -0.000381356 -7.57577e-05 -0.000320513
internal_weight=454 266 245 93 41 152 188 52 124
internal_count=454 266 245 93 41 152 188 52 124
is_linear=0
shrinkage=0.01


Tree=381
num_leaves=8
num_cat=0
split_feature=17 2 9 36 9 31 76
split_gain=0.545127 0.4397 0.808489 0.435456 0.389791 0.919528 0.145629
threshold=0.56319950000000019 0.32078395250000008 0.68670845000000014 3.9999999830000004 0.63664367500000008 2.2714285765000004 42.354998590000008
decision_type=2 2 2 2 2 2 2
left_child=-1 2 3 4 6 -6 -2
right_child=1 -3 -4 -5 5 -7 -8
leaf_value=-0.0060709242226154019 2.8514854226362314e-06 -0.00024508455658133903 0.0006861013955570416 0.0017123185880810411 -0.003554437321067735 0.00067714344406103486 -0.002527015432736532
leaf_weight=134 38 62 25 39 33 32 91
leaf_count=134 38 62 25 39 33 32 91
internal_value=4.6174e-05 0.000274314 0.000459814 0.000263045 5.64681e-05 0.000691489 -0.000250385
internal_weight=454 320 258 233 194 65 129
internal_count=454 320 258 233 194 65 129
is_linear=0
shrinkage=0.01


Tree=382
num_leaves=8
num_cat=0
split_feature=58 49 46 101 13 46 28
split_gain=0.927014 0.458909 0.537361 0.230383 0.344926 0.141049 0.0986568
threshold=0.25000000350000007 0.94999998800000018 7.5999999645000011 131.19284590000004 0.71344455000000007 15.949999745000001 4.1571428610000014
decision_type=2 2 2 2 2 2 2
left_child=-1 3 -3 5 -5 6 -2
right_child=1 2 -4 4 -6 -7 -8
leaf_value=0.001254975079193636 -0.0022564224587766708 -0.0020753083139918357 0.0011159618538317724 0.00012774996875305534 -4.024140336633031e-05 0.00015207789081256488 -0.00037826045103565083
leaf_weight=24 263 32 25 20 22 20 34
leaf_count=24 263 32 25 20 22 20 34
internal_value=-1.81489e-05 -0.000134357 0.000683391 -0.000270984 0.000397196 -0.000366583 -0.000424782
internal_weight=440 416 57 359 42 317 297
internal_count=440 416 57 359 42 317 297
is_linear=0
shrinkage=0.01


Tree=383
num_leaves=11
num_cat=0
split_feature=55 39 19 5 20 53 17 15 36 75
split_gain=0.8482 0.776308 0.701074 0.488613 0.218533 0.310763 0.190196 0.300463 0.190014 0.236372
threshold=0.35000000900000006 6.0285714010000016 0.56553409700000012 0.44119611900000005 36.57500000000001 0.60000001250000012 0.65814673200000007 0.7010374760000001 3.4357142790000004 78.444999695000021
decision_type=2 2 2 2 2 2 2 2 2 2
left_child=6 4 3 -3 5 -2 -1 -8 9 -6
right_child=1 2 -4 -5 8 -7 7 -9 -10 -11
leaf_value=-0.0042284710236798395 -0.003465847445013541 3.1840566110035233e-05 0.00089795862192968258 0.0012389693294984829 -0.00014799162196967741 0.0030426642358201764 1.9828332187215395e-05 -0.0024896210481523125 -0.0012971580991809229 0.00017540646605823144
leaf_weight=169 24 20 29 23 23 23 25 33 62 35
leaf_count=169 24 20 29 23 23 23 25 33 62 35
internal_value=0.000117823 0.000535863 0.0014011 0.0022032 0.000146007 0.000721757 -0.000313872 0.000153061 -6.62253e-05 0.000323129
internal_weight=466 239 72 43 167 47 227 58 120 58
internal_count=466 239 72 43 167 47 227 58 120 58
is_linear=0
shrinkage=0.01


Tree=384
num_leaves=12
num_cat=0
split_feature=86 33 4 35 58 1 6 12 50 68 1
split_gain=0.58119 0.497815 0.434233 0.491477 0.741203 0.62174 0.269508 0.242118 0.0985918 0.0874299 0.0778705
threshold=6.6328572025000012 2.1571428175000005 0.38895592850000005 5.4285714290000007 14.649999885000001 0.27936430950000007 0.56836071450000014 0.71027235700000013 6.3000001610000007 41.575001240000013 0.30363478550000006
decision_type=2 2 2 2 2 2 2 2 2 2 2
left_child=1 -1 3 4 5 -3 8 -5 9 -2 -4
right_child=6 2 10 7 -6 -7 -8 -9 -10 -11 -12
leaf_value=-0.00027560372505647582 -0.0046676675001591393 0.0015003950814194561 5.0156111767269626e-05 -0.0018775946577266056 -1.3791461419372592e-05 0.00062357116020278925 0.00034230294458078707 0.0018584390566379278 0.00040085549629408941 -0.00076736326996192355 -0.00050700914529485915
leaf_weight=41 161 28 20 35 20 21 20 23 24 35 27
leaf_count=41 161 28 20 35 20 21 20 23 24 35 27
internal_value=0.000132734 0.000512048 0.000749428 0.00105243 0.00162607 0.00227912 -0.000199336 0.000323129 -0.000307971 -0.000386179 -3.13809e-05
internal_weight=455 215 174 127 69 49 240 58 220 196 47
internal_count=455 215 174 127 69 49 240 58 220 196 47
is_linear=0
shrinkage=0.01


Tree=385
num_leaves=9
num_cat=0
split_feature=83 50 6 101 15 28 63 15
split_gain=0.748914 0.679253 0.771811 0.413956 0.845639 0.269573 0.155066 0.151431
threshold=7.3785713530000008 8.499999821500003 0.54869635750000012 131.19284590000004 0.72790397600000012 4.1928571635000011 4.5449995995000005 0.6879518575000001
decision_type=2 2 2 2 2 2 2 2
left_child=1 2 3 5 -5 6 -1 -2
right_child=7 -3 -4 4 -6 -7 -8 -9
leaf_value=-0.0011995683683133896 -0.0051150173064603904 0.00059530871309126194 0.00043361128988253771 0.00047480940872250319 -0.0014416511880879404 0.00018625353727846883 0.00018858317305866422 0.00023382832986435897
leaf_weight=125 148 21 28 24 21 28 52 20
leaf_count=125 148 21 28 24 21 28 52 20
internal_value=0.000159256 0.000461975 0.000319225 0.000131579 0.00099345 -5.10205e-05 -0.000205287 -0.000367299
internal_weight=467 299 278 250 45 205 177 168
internal_count=467 299 278 250 45 205 177 168
is_linear=0
shrinkage=0.01


Tree=386
num_leaves=10
num_cat=0
split_feature=18 103 20 20 85 50 74 8 0
split_gain=0.914414 0.633337 0.664433 0.38028 0.404089 0.2693 0.351316 0.0433828 0.0221279
threshold=0.62823992900000014 21.597050835000005 110.87500000000001 40.900000000000013 8.5728572095000022 5.4000001440000007 58.940000535000003 0.68714523800000016 0.24826577100000005
decision_type=2 8 2 2 2 2 2 2 2
left_child=5 -2 3 4 -3 7 8 -1 -7
right_child=1 2 -4 -5 -6 6 -8 -9 -10
leaf_value=-0.0023399348625299066 0.0037670971382489015 0.0021249422917491989 0.00029827706916469855 -0.00072914618678787441 -0.0007755811744168666 -0.0028625429149186704 0.00053749238941761522 -0.00027277762042480922 -0.0013231333882045987
leaf_weight=202 20 38 30 63 21 20 30 20 31
leaf_count=202 20 38 30 63 21 20 30 20 31
internal_value=6.41024e-05 0.000648148 0.000405759 5.70031e-05 0.000643813 -0.000261685 0.000213936 -0.000444345 -0.000260618
internal_weight=475 172 152 122 59 303 81 222 51
internal_count=475 172 152 122 59 303 81 222 51
is_linear=0
shrinkage=0.01


Tree=387
num_leaves=9
num_cat=0
split_feature=16 16 101 41 25 62 11 10
split_gain=0.612685 0.924107 0.710479 0.537658 0.2506 0.233468 0.228312 0.0954834
threshold=0.66402850000000013 0.68325592850000005 85.039583330000013 2.0000000150000004 1.6785714075000002 0.79500007650000015 0.69873592900000003 0.63151471400000003
decision_type=2 2 2 2 2 2 2 2
left_child=5 3 -3 -2 6 -1 7 -4
right_child=1 2 4 -5 -6 -7 -8 -9
leaf_value=-0.0032123926107041892 0.001630073749081929 0.001195530982981314 3.0219706527536522e-05 0.0002284834443319821 -2.8750203857414897e-05 7.8606884410247876e-05 0.00022474259957552931 -0.00071231545390856485
leaf_weight=194 24 20 20 21 97 30 34 37
leaf_count=194 24 20 20 21 97 30 34 37
internal_value=1.98827e-05 0.00036052 6.70497e-05 0.00164847 -0.000116526 -0.000355872 0.000245098 -0.000112457
internal_weight=477 253 208 45 188 224 91 57
internal_count=477 253 208 45 188 224 91 57
is_linear=0
shrinkage=0.01


Tree=388
num_leaves=9
num_cat=0
split_feature=28 46 6 11 36 0 19 28
split_gain=0.426122 0.503046 0.411545 0.163275 0.159625 0.175454 0.15782 0.0446307
threshold=4.1499999930000007 15.949999745000001 0.51911278550000006 0.5534977860000001 3.3714285920000004 0.12095741650000001 0.5635471070000001 3.7785714355000004
decision_type=2 2 2 2 2 2 2 2
left_child=1 3 6 -1 5 -5 -2 -6
right_child=2 -3 -4 4 7 -7 -8 -9
leaf_value=6.1200082539513334e-05 -0.0018221631822539276 0.00043737153384378524 0.00036159843923119382 -0.0032238993540958873 -2.8544788490613567e-06 0.00064229217365045267 0.00063311789018666298 -0.00068049138838816611
leaf_weight=33 39 21 20 21 20 20 20 254
leaf_count=33 39 21 20 21 20 20 20 254
internal_value=-4.90197e-05 -0.000196052 0.000607769 -0.000292431 -0.000365738 0.000179426 0.00014214 -0.000454876
internal_weight=448 369 79 348 315 41 59 274
internal_count=448 369 79 348 315 41 59 274
is_linear=0
shrinkage=0.01


Tree=389
num_leaves=9
num_cat=0
split_feature=39 55 12 14 102 90 9 18
split_gain=0.796809 1.448 0.345026 0.378287 0.283454 0.198994 0.0432315 0.0347098
threshold=6.0142857350000005 0.60000001650000001 0.70907752400000013 0.61241935750000009 27.772760855000005 12.582857265000001 0.50846252500000011 0.65577471450000002
decision_type=2 2 2 2 10 2 2 2
left_child=4 2 3 -2 5 -1 -7 -5
right_child=1 -3 -4 7 -6 6 -8 -9
leaf_value=5.5427688102856354e-05 0.00061162725182376172 0.0013848599851115446 0.00061855092813593523 -0.00049085202549440613 0.00077704285485956316 -0.0068469475196791096 -0.0013997713001802311 -1.392664065437718e-05
leaf_weight=32 25 37 29 75 20 20 197 20
leaf_count=32 25 37 29 75 20 20 197 20
internal_value=0.000110794 0.000615632 0.000156876 -6.62253e-05 -0.000231653 -0.000330264 -0.000443067 -0.000370564
internal_weight=455 186 149 120 269 249 217 95
internal_count=455 186 149 120 269 249 217 95
is_linear=0
shrinkage=0.01


Tree=390
num_leaves=9
num_cat=0
split_feature=46 16 102 2 47 102 103 0
split_gain=0.631637 0.434423 0.423993 0.677182 0.344195 0.147591 0.109287 0.0216024
threshold=15.949999745000001 0.6776522140000002 25.560182840000007 0.26343092900000004 3.5999999345000004 22.020477250000003 18.470270075000006 0.14764960450000003
decision_type=2 2 10 2 2 8 8 2
left_child=1 6 5 -4 -5 -3 -1 -6
right_child=-2 2 3 4 7 -7 -8 -9
leaf_value=0.00019172510306721894 0.00046564621966687926 5.5498034588345649e-06 0.0034820793760111154 0.00028356210210029925 -0.00010614031335047168 -0.00045604867739776616 -0.0033791832628926061 -0.00035801214071297052
leaf_weight=29 22 35 20 39 30 73 192 20
leaf_count=29 22 35 20 39 30 73 192 20
internal_value=0 -8.4321e-05 0.000227273 0.000669399 0.000261693 -0.000202206 -0.000399008 -0.000255906
internal_weight=460 438 217 109 89 108 221 50
internal_count=460 438 217 109 89 108 221 50
is_linear=0
shrinkage=0.01


Tree=391
num_leaves=9
num_cat=0
split_feature=46 63 0 102 17 16 8 38
split_gain=0.583878 0.685388 0.600503 0.226427 0.168103 0.460421 0.0662955 0.0443218
threshold=15.949999745000001 2.0999999050000002 0.12681091700000002 32.295893760000006 0.68903750000000008 0.7206993570000001 0.61022053550000011 5.3999999930000007
decision_type=2 2 2 10 2 2 2 2
left_child=1 2 6 4 7 -6 -1 -3
right_child=-2 3 -4 -5 5 -7 -8 -9
leaf_value=-0.0012359291889232128 0.00045894951480790307 -0.0041657165735280938 0.00081600093111914348 0.00024522779116234754 0.00022941361111252358 -0.000450217669150548 0.0004275123440949935 1.2037202937731085e-05
leaf_weight=22 23 239 34 24 31 60 20 20
leaf_count=22 23 239 34 24 31 60 20 20
internal_value=3.16577e-06 -7.32033e-05 0.00078125 -0.000253469 -0.000322121 2.7233e-05 0 -0.000452271
internal_weight=473 450 76 374 350 91 42 259
internal_count=473 450 76 374 350 91 42 259
is_linear=0
shrinkage=0.01


Tree=392
num_leaves=12
num_cat=0
split_feature=53 63 7 14 16 16 19 51 67 38 46
split_gain=0.572906 0.4577 0.547275 0.659502 0.289573 1.02646 0.156991 0.179847 0.111692 0.175454 0.0778705
threshold=60.650000690000006 2.2999997140000006 0.54593564300000008 0.73786978600000019 0.6776522140000002 0.69250814300000008 0.53181159550000012 15.250000020000002 0.80500030550000012 3.9714285135000007 9.0999999495000008
decision_type=2 2 2 2 2 2 2 2 2 2 2
left_child=1 2 10 -4 6 -6 -3 -8 -7 -10 -1
right_child=-2 4 3 -5 5 8 7 -9 9 -11 -12
leaf_value=2.6586547998209594e-05 0.00064579883560049206 -0.0037093360852718709 0.0007023977585501423 -5.1610544725694563e-07 0.0016328353256702527 -1.4693125641149186e-05 0.00079358446604495985 -0.004352605485357184 -0.0017855817338714717 1.9703060109729048e-05 -0.0016264139787091297
leaf_weight=20 21 168 20 24 27 63 20 22 21 20 27
leaf_count=20 21 168 20 24 27 63 20 22 21 20 27
internal_value=0.000135522 5.08317e-05 0.000680828 0.00147321 -0.000112639 0.000246586 -0.0003463 0.000163551 -0.00019084 0.000179426 -3.13809e-05
internal_weight=453 432 91 44 341 131 210 42 104 41 47
internal_count=453 432 91 44 341 131 210 42 104 41 47
is_linear=0
shrinkage=0.01


Tree=393
num_leaves=10
num_cat=0
split_feature=6 3 40 46 46 87 20 67 15
split_gain=0.624838 1.64926 0.337845 0.692647 0.883505 0.283792 0.435887 0.113329 0.0421972
threshold=0.54869635750000012 0.39268485700000005 5.6714285780000013 8.349999964500002 7.5999999645000011 5.0207142455000007 57.980000000000011 2.4100003240000003 0.73183711900000004
decision_type=2 2 2 2 2 2 2 2 2
left_child=2 -2 3 4 -1 -5 -7 8 -4
right_child=1 -3 7 5 -6 6 -8 -9 -10
leaf_value=-0.0005313310400195246 0.00031307423398040226 -0.0027606781536979449 -0.0031018099936559198 -0.00064484901859438815 0.0017067773987520579 -0.00043292787697979672 0.00027371986428305909 -0.00033010382375023945 -0.00042208743919367467
leaf_weight=22 20 27 168 95 38 26 25 24 20
leaf_count=22 20 27 168 95 38 26 25 24 20
internal_value=5.47444e-05 0.00114017 -6.447e-05 0.000217601 0.00111842 -0.000143052 0.000434363 -0.000347744 -0.000434322
internal_weight=465 47 418 206 60 146 51 212 188
internal_count=465 47 418 206 60 146 51 212 188
is_linear=0
shrinkage=0.01


Tree=394
num_leaves=10
num_cat=0
split_feature=6 52 52 51 63 56 13 99 45
split_gain=0.695725 0.382963 0.678093 0.244896 0.23647 0.379213 0.143369 0.0857501 0.0437724
threshold=0.56427304750000007 10.999999905000001 10.449999905 9.2499999850000005 1.7350001335000003 9.5000000745000026 0.59386237500000016 21.223571300000003 0.55000000800000015
decision_type=2 2 2 2 2 2 2 2 2
left_child=1 2 3 -1 5 -3 -6 -8 -9
right_child=-2 4 -4 -5 6 -7 7 8 -10
leaf_value=3.5526245110642366e-05 0.0004056629476388374 0.00096156161565124991 0.000501560476455608 -0.0019943495734668841 0.00084491191372683058 -0.00098323276214346477 6.8268112959055173e-05 -0.00023436298791040377 -0.0018468647906201118
leaf_weight=21 27 27 37 51 37 25 33 20 216
leaf_count=21 27 27 37 51 37 25 33 20 216
internal_value=6.26515e-05 -2.45833e-05 0.000487249 -5.49452e-05 -0.000186734 0.000416667 -0.00029661 -0.000379911 -0.000447635
internal_weight=494 467 109 72 358 52 306 269 236
internal_count=494 467 109 72 358 52 306 269 236
is_linear=0
shrinkage=0.01


Tree=395
num_leaves=10
num_cat=0
split_feature=46 102 19 37 0 45 4 68 73
split_gain=0.727785 1.3498 0.449317 0.54753 0.313952 0.284986 0.370701 0.259417 0.137405
threshold=12.800000015000002 22.000243375000004 0.5436420715000001 4.7499999830000013 0.2660955805000001 12.649999600000003 0.32941557150000006 35.145000455000009 68.664999005000013
decision_type=2 10 2 2 2 2 2 2 2
left_child=2 -2 7 5 -5 -4 -7 -1 -9
right_child=1 -3 3 4 -6 6 -8 8 -10
leaf_value=5.2446250590565543e-05 -0.0014297874440417791 0.00043682376613561738 -0.0035142593831672055 0.0016425444934859256 0.00063939707611018976 -0.0023020617912474996 0.0025632853875224787 -0.0023228414263995086 -0.00011103886246665735
leaf_weight=39 26 31 54 20 20 35 32 193 23
leaf_count=39 26 31 54 20 20 35 32 193 23
internal_value=0.000150907 0.00120242 0 0.000417182 0.00142157 6.15762e-05 0.000508849 -0.00025606 -0.000396679
internal_weight=473 57 416 161 40 121 67 255 216
internal_count=473 57 416 161 40 121 67 255 216
is_linear=0
shrinkage=0.01


Tree=396
num_leaves=11
num_cat=0
split_feature=55 101 6 7 19 23 12 52 4 5
split_gain=0.812163 0.645088 0.43503 0.791262 0.939631 0.240115 0.181061 0.141459 0.175454 0.0422785
threshold=0.30000000800000004 77.303394425000008 0.45832935750000003 0.56306028600000013 0.57319747100000007 1.8285714135000002 0.61446950000000011 10.549999960000003 0.36018485700000008 0.31415621450000003
decision_type=2 2 2 2 2 2 2 2 2 2
left_child=7 -2 6 4 -4 -5 -3 8 -1 -9
right_child=1 2 3 5 -6 -7 -8 9 -10 -11
leaf_value=-0.0010658285933798281 0.0016759635791346139 0.00026175798072552271 0.00058199946777764348 -0.00026066731807207119 -0.00023933429269451967 7.5473841023755643e-05 -0.0016821914354603943 -0.0038201295353284806 9.9446988336515218e-05 -0.0035021655064687248
leaf_weight=21 27 29 29 42 20 20 67 20 20 170
leaf_count=21 27 29 29 42 20 20 67 20 20 170
internal_value=9.76813e-05 0.000515332 0.000310394 0.000737925 0.00167671 0 -0.000165289 -0.000317084 0.000179426 -0.000435011
internal_weight=465 234 207 111 49 62 96 231 41 190
internal_count=465 234 207 111 49 62 96 231 41 190
is_linear=0
shrinkage=0.01


Tree=397
num_leaves=9
num_cat=0
split_feature=17 15 16 12 101 19 82 2
split_gain=0.677281 0.624329 1.13102 0.565495 1.00524 0.760305 0.280136 0.0737309
threshold=0.56319950000000019 0.72705264250000012 0.70921132850000013 0.61527654800000009 101.22713215000002 0.44746678600000006 7.4214285780000013 0.26659128600000009
decision_type=2 2 2 2 2 2 2 2
left_child=-1 2 3 4 -2 -5 -3 -7
right_child=1 6 -4 5 -6 7 -8 -9
leaf_value=-0.0074220090475402203 -0.003637816238940939 2.4441657324383663e-05 0.00056747573795446512 0.00032331229106928599 0.0017534764898924395 -0.00070847566589267029 -0.00065334608813052411 -0.0013691495260018454
leaf_weight=121 29 22 39 21 29 34 91 84
leaf_count=121 29 22 39 21 29 34 91 84
internal_value=0.000155055 0.000381647 0.000675676 0.000351365 0.00117347 0 -0.00021529 -0.000311448
internal_weight=470 349 236 197 58 139 113 118
internal_count=470 349 236 197 58 139 113 118
is_linear=0
shrinkage=0.01


Tree=398
num_leaves=12
num_cat=0
split_feature=66 50 17 17 23 1 17 91 32 68 46
split_gain=0.946247 0.580585 0.391187 0.329496 0.486604 0.313952 0.244411 0.329081 0.51108 0.0979706 0.0428039
threshold=0.55999994300000011 5.2000001075000002 0.60800007150000013 0.65440178550000005 1.685714283 0.26315150000000004 0.68524642850000006 8.5507142545000026 1.9785714320000001 41.605000020000013 13.950000010000002
decision_type=2 2 2 2 2 2 2 2 2 2 2
left_child=-1 6 5 -4 -5 -3 9 8 -8 10 -2
right_child=1 2 3 4 -6 -7 7 -9 -10 -11 -12
leaf_value=0.00045936007773610138 -0.0032753504432060628 6.4624660755636116e-05 -0.00074396122645587078 -0.0026051330230657168 0.0012274796129959167 0.00090481300234160377 -0.00059780956017966788 -0.00064606898077487166 0.00015405098844771496 -0.0020462690747174309 -0.0017246407194259883
leaf_weight=21 184 20 40 21 34 20 21 38 33 28 20
leaf_count=21 184 20 40 21 34 20 21 38 33 28 20
internal_value=0.000141431 4.02348e-05 0.000592783 0.000213987 0.000725806 0.00142157 -0.000184729 0.000237069 0.000748175 -0.000360825 -0.000439453
internal_weight=480 459 135 95 55 40 324 92 54 232 204
internal_count=480 459 135 95 55 40 324 92 54 232 204
is_linear=0
shrinkage=0.01


Tree=399
num_leaves=8
num_cat=0
split_feature=100 6 101 14 53 45 4
split_gain=0.852322 0.609203 0.601709 0.76011 0.295847 0.241026 0.223352
threshold=24.407857080000003 0.56165328550000015 131.77162625000003 0.73020464250000006 58.250000580000005 15.500000195000002 0.33253569050000004
decision_type=2 2 2 2 2 2 2
left_child=1 2 4 -4 5 6 -1
right_child=-2 -3 3 -5 -6 -7 -8
leaf_value=0.00022283056553868045 -0.0043628726438733681 0.00045331335901170014 0.0013582350051040265 -1.0675376789105228e-05 0.00068705604774720128 0.00093303515097818463 -0.00037669276648131676
leaf_weight=82 131 22 25 21 21 26 132
leaf_count=82 131 22 25 21 21 26 132
internal_value=0.000190972 0.000465433 0.000339506 0.00138889 0.000143239 3.32225e-05 -6.98325e-05
internal_weight=460 329 307 46 261 240 214
internal_count=460 329 307 46 261 240 214
is_linear=0
shrinkage=0.01


Tree=400
num_leaves=11
num_cat=0
split_feature=16 92 15 17 22 20 4 55 36 13
split_gain=0.676375 0.771019 0.471982 0.841629 0.973229 0.56054 0.387546 0.279325 0.191143 0.0390144
threshold=0.60949717850000018 13.104285650000003 0.72758228550000015 0.67622035700000016 2.2999999605000006 35.285000000000004 0.41138964250000004 2.8000000010000003 3.9999999830000004 0.57005736500000015
decision_type=2 2 2 2 2 2 2 2 2 2
left_child=9 2 3 6 -5 -6 8 -4 -2 -1
right_child=1 -3 7 4 5 -7 -8 -9 -10 -11
leaf_value=-0.0069371128064066867 -0.0024906283534820973 0.0016604732396775402 -0.00056073182517106946 -0.00010060167772525001 0.0018252155972277426 0.0013553747073048836 0.00061084468758131766 2.6818262669748047e-05 0.00026168314404638438 -0.0065949735507763131
leaf_weight=20 89 20 90 27 21 29 20 22 25 113
leaf_count=20 89 20 90 27 21 29 20 22 25 113
internal_value=0.000188758 0.00042612 0.000298023 0.000578376 0.00140745 0.00222441 8.16023e-05 -0.000212766 -0.000130662 -0.000407324
internal_weight=476 343 323 211 77 50 134 112 114 133
internal_count=476 343 323 211 77 50 134 112 114 133
is_linear=0
shrinkage=0.01


Tree=401
num_leaves=10
num_cat=0
split_feature=46 6 32 0 15 4 5 7 3
split_gain=0.874674 0.987743 0.50145 0.744958 0.560341 1.15596 0.179847 0.158924 0.0342222
threshold=13.699999700000001 0.4920470715000001 2.8142857040000004 0.26401193750000002 0.72758228550000015 0.33419702350000008 0.35555621450000002 0.63897342850000005 0.34227875600000007
decision_type=2 2 2 2 2 2 2 2 2
left_child=2 -2 3 4 5 6 -1 -4 -5
right_child=1 -3 7 8 -6 -7 -8 -9 -10
leaf_value=0.0015694662372517999 -0.0017876928363543779 0.00010140562975271732 -0.0021969879758367552 3.3793736832844759e-05 -0.00037442170069822839 0.00093003644211952998 -0.0011903281920300631 0.00018087828050192113 -0.00019200891098044049
leaf_weight=20 24 23 206 20 35 33 22 20 72
leaf_count=20 24 23 206 20 35 33 22 20 72
internal_value=6.41024e-05 0.00134937 -7.4627e-05 0.000281065 0.00083935 0.00132586 0.000163551 -0.000401235 -0.000366379
internal_weight=475 47 428 202 110 75 42 226 92
internal_count=475 47 428 202 110 75 42 226 92
is_linear=0
shrinkage=0.01


Tree=402
num_leaves=10
num_cat=0
split_feature=16 68 39 16 18 4 39 4 4
split_gain=0.84802 1.0145 0.970707 0.540693 0.798607 0.58097 0.280426 0.204906 0.749476
threshold=0.60949717850000018 39.800000190000006 6.0714286055000004 0.72522173800000012 0.63515595200000019 0.37976689300000005 6.314285721000001 0.33926019050000006 0.31831735700000002
decision_type=2 2 2 2 2 2 2 2 2
left_child=-1 6 3 4 5 -3 7 8 -2
right_child=1 2 -4 -5 -6 -7 -8 -9 -10
leaf_value=-0.0046175303449899384 -0.0018522392970490987 -0.0020645899153995716 0.001306143427358111 -0.00071524452619870524 0.0017792249645044787 0.00049136189453228131 0.0010473400923724032 -0.0005348523034119047 0.0018313557760528776
leaf_weight=132 45 40 21 28 24 20 37 96 20
leaf_count=132 45 40 21 28 24 20 37 96 20
internal_value=0.000186503 0.000459614 0.00113229 0.00072695 0.00113208 0.000460526 0 -0.000176144 0.000235562
internal_weight=463 331 133 112 84 60 198 161 65
internal_count=463 331 133 112 84 60 198 161 65
is_linear=0
shrinkage=0.01


Tree=403
num_leaves=10
num_cat=0
split_feature=46 46 46 6 44 88 63 2 7
split_gain=0.800836 0.970084 0.683623 0.63953 0.203972 0.144582 0.39276 0.10043 0.0416234
threshold=7.5999999645000011 8.2000000180000026 12.800000015000002 0.4920470715000001 10.300000100000002 15.010714125000002 4.7000002860000007 0.25827600000000006 0.62826050000000011
decision_type=2 2 2 2 2 2 2 2 2
left_child=8 -2 4 -4 5 6 -3 -7 -1
right_child=1 2 3 -5 -6 7 -8 -9 -10
leaf_value=-0.0034472883429268061 0.0016352346050749222 -0.0049358286575797734 -0.00025611704195587642 0.00031520168601635985 4.3732554949567352e-05 -0.00065414535480241896 0.00067596378433586765 -0.00079001198314604967 -0.00083972397883427905
leaf_weight=155 35 29 31 28 20 28 20 112 20
leaf_count=155 35 29 31 28 20 28 20 112 20
internal_value=0.000102339 0.000416392 0.000200893 0.00114548 -5.95807e-05 -0.000171233 0.000271084 -0.000340909 -0.000429465
internal_weight=478 303 268 59 209 189 49 140 175
internal_count=478 303 268 59 209 189 49 140 175
is_linear=0
shrinkage=0.01


Tree=404
num_leaves=10
num_cat=0
split_feature=55 79 103 25 57 57 63 58 82
split_gain=0.483829 0.661331 0.434275 0.789363 0.22733 0.312916 0.195341 0.129685 0.177981
threshold=0.40000000950000009 92.344998360000019 23.925738300000003 1.7142857270000003 5.1499999575000013 4.750000022500001 2.7749996185000003 0.40000000950000009 8.0399999280000021
decision_type=2 2 10 2 2 2 2 2 2
left_child=6 2 -2 4 5 -4 -1 8 -8
right_child=1 -3 3 -5 -6 -7 7 -9 -10
leaf_value=6.3813509380342465e-05 -0.00037654186939842574 0.0011886631555570954 -0.0012554854379126235 0.0010022055132482997 -1.3236724636561566e-05 0.0026838966133516189 -0.001809034078327296 -0.0042037675525660855 0.00080208327148718677
leaf_weight=28 67 23 42 20 38 25 29 185 22
leaf_count=28 67 23 42 20 38 25 29 185 22
internal_value=1.77156e-05 0.00037303 0.000165975 0.000520668 0.000146503 0.000508849 -0.000264351 -0.000363176 4.82624e-05
internal_weight=479 215 192 125 105 67 264 236 51
internal_count=479 215 192 125 105 67 264 236 51
is_linear=0
shrinkage=0.01


Tree=405
num_leaves=12
num_cat=0
split_feature=39 46 40 46 87 15 16 0 37 0 7
split_gain=0.505521 0.756047 0.333663 0.782429 0.183403 0.429446 0.425166 0.176189 0.430207 0.0401794 0.0210574
threshold=6.0142857350000005 7.9999998955000011 5.7999999690000008 12.250000030000001 5.3500000795000009 0.72018407150000008 0.67720392850000011 0.26150170150000007 4.6785714455000003 0.16844663200000001 0.51783266650000004
decision_type=2 2 2 2 2 2 2 2 2 2 2
left_child=4 -2 3 7 5 6 -1 8 -3 -6 -9
right_child=1 2 -4 -5 9 -7 -8 10 -10 -11 -12
leaf_value=-3.3360104001976457e-05 0.0036815452308443341 -0.0039815557060325401 -0.0028451939718404096 0.0012928320157390347 -0.0038111136662159423 -0.00054867148881424898 0.00068956432146475221 1.817178044239594e-05 0.00078370787047115341 -0.0068611141964179702 -0.00097917971882627232
leaf_weight=32 20 20 45 20 129 67 35 20 23 20 29
leaf_count=32 20 20 45 20 129 67 35 20 23 20 29
internal_value=8.24652e-05 0.000503374 0.000250317 0.000549645 -0.000174419 8.16023e-05 0.000656342 0.00012931 0.000605023 -0.000417223 -0.000251004
internal_weight=460 177 157 112 283 134 67 92 43 149 49
internal_count=460 177 157 112 283 134 67 92 43 149 49
is_linear=0
shrinkage=0.01


Tree=406
num_leaves=9
num_cat=0
split_feature=58 17 101 101 5 38 81 0
split_gain=0.989971 0.716991 0.378205 0.401444 0.205054 0.441788 0.166316 0.0296969
threshold=0.25000000350000007 0.67901128600000005 131.86344500000004 103.55921410000002 0.48791635750000001 4.585714255000001 1.5907142620000003 0.083350937500000014
decision_type=2 2 2 2 2 2 2 2
left_child=-1 4 3 -3 -2 -6 7 -5
right_child=1 2 -4 6 5 -7 -8 -9
leaf_value=0.0015038053298589385 -0.0029279172128999038 0.0016035025768970093 0.00037982513242932042 -4.3893954661690383e-06 0.00045579239723492134 -0.0046061477516383701 3.354688769791939e-05 -0.00018297977467711447
leaf_weight=22 241 26 28 20 20 39 25 51
leaf_count=22 241 26 28 20 20 39 25 51
internal_value=2.53806e-05 -7.32033e-05 0.000484085 0.00021987 -0.000359043 0.00014214 -6.19836e-05 -0.000327298
internal_weight=472 450 150 122 300 59 96 71
internal_count=472 450 150 122 300 59 96 71
is_linear=0
shrinkage=0.01


Tree=407
num_leaves=10
num_cat=0
split_feature=16 101 101 19 30 19 17 1 0
split_gain=0.828884 0.904282 0.702268 0.854965 0.649114 0.536562 0.423908 0.0403079 0.0391749
threshold=0.60949717850000018 74.734244905000011 131.19284590000004 0.59277192850000016 4.0071428165000009 0.44746678600000006 0.73236200000000007 0.19285928600000005 0.20646798600000002
decision_type=2 2 2 2 2 2 2 2 2
left_child=8 -2 4 -4 6 -6 7 -3 -1
right_child=1 2 3 -5 5 -7 -8 -9 -10
leaf_value=-0.008416092331116112 0.0015500958585972346 -0.0016447288806660486 0.0004598239056967962 -0.00047798327765116526 0.0008776969930999873 0.00084250520557114085 0.0025665820614984682 -0.00087731456707465343 -0.0020142507386231045
leaf_weight=115 28 20 34 25 20 38 26 131 20
leaf_count=115 28 20 34 25 20 38 26 131 20
internal_value=0.000239187 0.000517348 0.000342605 0.00131271 8.6938e-05 0.0010034 -0.000205287 -0.000418314 -0.000408689
internal_weight=457 322 294 59 235 58 177 151 135
internal_count=457 322 294 59 235 58 177 151 135
is_linear=0
shrinkage=0.01


Tree=408
num_leaves=12
num_cat=0
split_feature=40 10 0 11 10 72 13 57 51 20 2
split_gain=0.461659 0.378865 0.5992 0.962768 0.798247 0.946509 0.268763 0.225334 0.147936 0.104623 0.0347098
threshold=5.8928571090000004 0.62325485700000016 0.26401193750000002 0.70326192850000002 0.66642007150000016 19.154999735000004 0.61112443350000012 4.3500000200000004 11.949999785000001 58.585000000000008 0.24883721400000003
decision_type=2 2 2 2 2 2 2 2 2 2 2
left_child=1 6 3 4 5 -3 -1 -5 -2 -4 -8
right_child=8 2 9 7 -6 -7 10 -9 -10 -11 -12
leaf_value=0.00065474986693153019 0.00049771058204159727 0.00054719477064398058 0.00020677958556701348 0.00062327616104546817 0.001231629695396528 -0.001197796510872824 -0.00049335911677192716 -0.00084549274909339169 -0.0067593645266744501 -0.00033587907897366851 -0.0011920847427681091
leaf_weight=32 20 23 20 20 22 23 20 36 130 44 75
leaf_count=32 20 23 20 20 22 23 20 36 130 44 75
internal_value=9.76813e-05 0.000318239 0.000603813 0.00100962 0.00180233 0.000961538 -8.99845e-05 0 -0.000351459 -0.000154321 -0.000370564
internal_weight=465 315 188 124 68 46 127 56 150 64 95
internal_count=465 315 188 124 68 46 127 56 150 64 95
is_linear=0
shrinkage=0.01


Tree=409
num_leaves=11
num_cat=0
split_feature=17 79 84 20 17 20 8 5 16 0
split_gain=0.635221 0.484844 0.996995 0.423409 0.293367 0.183264 0.278613 0.168587 0.130737 0.126914
threshold=0.56319950000000019 86.664999960000017 5.6935714270000011 99.285000000000011 0.60072909550000009 83.490000000000023 0.61714950000000013 0.42164786900000006 0.69833414300000007 0.17002076400000002
decision_type=2 2 2 2 2 2 2 2 2 2
left_child=-1 5 7 4 -4 6 8 -3 -2 -6
right_child=1 2 3 -5 9 -7 -8 -9 -10 -11
leaf_value=-0.0061631436980859391 1.9192485884068055e-05 0.00014756934888494083 0.00046063977705094154 0.0003829631782686152 0.00045399036183981666 -0.0002815590735065199 0.00058066672176266382 0.00083678426332173597 -0.0011020645546782929 -0.00086111121941108881
leaf_weight=129 31 22 26 24 20 66 22 20 42 71
leaf_count=129 31 22 26 24 20 66 22 20 42 71
internal_value=0.000108696 0.000336427 0.000688248 0.000264457 0 -5.25341e-05 0.000213987 0.00203271 -6.09757e-05 -0.000255991
internal_weight=473 344 183 141 117 161 95 42 73 91
internal_count=473 344 183 141 117 161 95 42 73 91
is_linear=0
shrinkage=0.01


Tree=410
num_leaves=8
num_cat=0
split_feature=40 6 58 18 8 102 45
split_gain=0.962609 0.712958 0.539547 0.422214 0.542986 0.370914 0.24664
threshold=5.8642857075000014 0.55327271450000015 0.25000000350000007 0.70545036450000009 0.58893440450000012 31.279335380000003 13.40000017
decision_type=2 2 2 2 2 10 2
left_child=1 2 -1 5 -5 6 -4
right_child=-2 -3 3 4 -6 -7 -8
leaf_value=0.001317050212054843 -0.0057183114582589232 0.0004411640733783581 -0.00047778456199638636 0.0018614328483956002 -0.00019492148929272244 0.00073246091524279148 4.6894069743153766e-05
leaf_weight=25 142 20 150 20 20 20 74
leaf_count=25 142 20 150 20 20 20 74
internal_value=0.000196058 0.000495755 0.000366365 0.000231741 0.00117647 6.53594e-05 -4.44841e-05
internal_weight=471 329 309 284 40 244 224
internal_count=471 329 309 284 40 244 224
is_linear=0
shrinkage=0.01


Tree=411
num_leaves=13
num_cat=0
split_feature=52 20 6 85 10 3 63 18 15 20 15 3
split_gain=0.835169 1.3697 0.392452 0.493686 0.310359 0.656663 0.216343 0.660642 0.122653 0.0954834 0.0406149 0.0338796
threshold=11.149999985000003 124.40500000000002 0.4705305385000001 9.1164285115000023 0.54691578600000013 0.25916807150000004 3.7500004770000008 0.53751364300000015 0.70211948550000014 24.335000000000004 0.70653866650000008 0.35000838100000004
decision_type=2 2 2 2 2 2 2 2 2 2 2 2
left_child=1 2 9 -4 5 -2 7 -6 -9 -1 -8 -10
right_child=4 -3 3 -5 6 -7 10 8 11 -11 -12 -13
leaf_value=0.00090771634501007675 -0.0043906815617808029 0.0015485435233987361 9.3973870241589812e-05 -0.0024333729254327765 0.0005758884341496085 0.0029553543647626748 -0.0032776054764496443 1.753571892499175e-05 -0.0007396375846333861 -0.0024255815410618542 -2.7046322162890825e-05 -1.6402036246628837e-05
leaf_weight=20 24 20 27 22 21 24 136 34 70 37 20 20
leaf_count=20 24 20 27 22 21 24 136 34 70 37 20 20
internal_value=0.000211223 0.00090694 0.000421348 0.0010743 -3.57348e-05 0.000696721 -0.000160703 0.00010631 -0.000160257 -0.000112457 -0.000420918 -0.000363436
internal_weight=475 126 106 49 349 48 301 145 124 57 156 90
internal_count=475 126 106 49 349 48 301 145 124 57 156 90
is_linear=0
shrinkage=0.01


Tree=412
num_leaves=11
num_cat=0
split_feature=52 5 103 0 0 99 21 28 50 0
split_gain=0.669477 0.752966 0.561238 0.697787 0.532446 1.79652 0.23209 0.135468 0.113912 0.015083
threshold=10.999999905000001 0.38502264300000005 23.925738300000003 0.12681091700000002 0.26150170150000007 22.622142655000001 0.73571428650000004 4.1499999930000007 5.4000001440000007 0.10870237500000002
decision_type=2 2 10 2 2 2 2 2 2 2
left_child=1 -1 7 6 5 -3 -4 8 -2 -9
right_child=2 4 3 -5 -6 -7 -8 9 -10 -11
leaf_value=-0.0023403787142401186 -0.0024612644307147455 4.7764124759060266e-05 0.00017691625966570826 0.0010756833346998696 2.781230107537011e-05 0.00086974348959510271 -0.00064179598060811957 -0.0011847990684395705 -0.00026905347280605256 0.00016430286971606993
leaf_weight=32 200 32 21 35 28 20 45 20 28 20
leaf_count=32 200 32 21 35 28 20 45 20 28 20
internal_value=0.0001401 0.000815603 -6.08438e-05 0.000564833 0.00133663 0.00193182 -1.49702e-05 -0.00030506 -0.000402098 0.000196078
internal_weight=481 112 369 101 80 52 66 268 228 40
internal_count=481 112 369 101 80 52 66 268 228 40
is_linear=0
shrinkage=0.01


Tree=413
num_leaves=10
num_cat=0
split_feature=16 15 10 86 18 16 53 5 5
split_gain=0.895202 1.15378 1.72942 0.57912 0.530056 0.240259 0.237647 0.0430078 0.033337
threshold=0.67248635700000015 0.72889664300000012 0.66070692900000016 5.983571372000001 0.6834761075000001 0.75706978600000008 25.450000005000003 0.51361392850000009 0.46069828550000008
decision_type=2 2 2 2 2 2 2 2 2
left_child=3 2 4 -1 6 8 -2 -5 -3
right_child=1 5 -4 7 -6 -7 -8 -9 -10
leaf_value=0.00047834260232972536 -0.00022524576150063219 -0.00061515586717979394 0.00043835530316777943 -0.0034603926997430322 0.0015570482890798218 0.0033741792727856566 0.0014013360049517521 -0.0022142400110710448 -1.0873333179746476e-05
leaf_weight=32 41 67 34 190 26 21 20 20 20
leaf_count=32 41 67 34 190 26 21 20 20 20
internal_value=0.000174862 0.000624456 0.0012931 -0.000242998 0.000506834 -0.000110294 0 -0.000441177 -0.00035877
internal_weight=471 229 121 242 87 108 61 210 87
internal_count=471 229 121 242 87 108 61 210 87
is_linear=0
shrinkage=0.01


Tree=414
num_leaves=10
num_cat=0
split_feature=101 17 46 102 50 102 0 13 28
split_gain=0.611882 0.594675 0.483724 0.786682 0.485379 0.214353 0.461865 0.0376893 0.0441651
threshold=131.48502525000004 0.69531664300000007 12.250000030000001 22.000243375000004 8.5500001795000014 27.820630600000005 0.19793970150000004 0.75505309150000011 4.2071428980000007
decision_type=2 2 2 8 2 10 2 2 2
left_child=2 -2 4 -4 5 7 -7 8 -1
right_child=1 -3 3 -5 -6 6 -8 -9 -10
leaf_value=-0.0010300808868159499 0.00047623061241433979 -0.00019025815089113285 -0.0011565647106952881 0.0011000751940661458 0.00027636569852971193 0.0012677073214727897 -0.0020291249772870245 -0.00052015849949004606 7.6141607044244614e-06
leaf_weight=232 31 25 23 26 32 28 42 20 20
leaf_count=232 31 25 23 26 32 28 42 20 20
internal_value=8.02416e-05 0.00105634 -4.60124e-05 0.000873494 -0.000173426 -0.000288798 0.000183616 -0.000417889 -0.000450949
internal_weight=479 56 423 49 374 342 70 272 252
internal_count=479 56 423 49 374 342 70 272 252
is_linear=0
shrinkage=0.01


Tree=415
num_leaves=11
num_cat=0
split_feature=58 6 3 55 39 17 15 39 5 0
split_gain=0.803831 0.703092 1.08722 0.429148 0.358228 0.25955 0.46174 0.121677 0.0428039 0.0302359
threshold=0.25000000350000007 0.54869635750000012 0.39936442850000003 0.50000001100000013 6.0285714010000016 0.68903750000000008 0.7266769525000002 6.4357143470000011 0.47714655350000007 0.13618970800000002
decision_type=2 2 2 2 2 2 2 2 2 2
left_child=-1 3 -3 7 5 9 -7 8 -2 -5
right_child=1 2 -4 4 -6 6 -8 -9 -10 -11
leaf_value=0.00038952207882039027 -0.0035878080186061861 0.00034549642584295382 -0.0052540131948667105 -0.0015019716136121257 0.00061489928914278461 0.0018359219425686433 -0.00061508737569722024 0.00035603323554998681 -0.00017543080022006317 -6.171658890682202e-05
leaf_weight=23 184 24 20 53 33 21 45 23 20 20
leaf_count=23 184 24 20 53 33 21 45 23 20 20
internal_value=0.000160668 5.97115e-05 0.00125 -6.87845e-05 0.000300926 6.0801e-05 0.000523952 -0.00035777 -0.000439453 -0.000331978
internal_weight=466 443 44 399 172 139 66 227 204 73
internal_count=466 443 44 399 172 139 66 227 204 73
is_linear=0
shrinkage=0.01


Tree=416
num_leaves=8
num_cat=0
split_feature=52 50 9 7 98 68 68
split_gain=1.18396 0.800716 0.341386 0.327644 0.172352 0.192775 0.0643695
threshold=9.8500000200000013 7.0999999795000006 0.50185125000000019 0.56453935700000013 16.931428775000004 41.575001240000013 34.979999545000005
decision_type=2 2 2 2 2 2 2
left_child=-1 2 -2 -3 -4 6 -6
right_child=1 3 4 -5 5 -7 -8
leaf_value=8.1986487044213334e-05 0.0027528470330153423 0.00056684532166829265 0.00010373431140100876 3.7094553582217306e-05 -3.7727572775493911e-05 0.00024803936982164458 -0.00083219799094474056
leaf_weight=30 26 21 28 22 42 30 241
leaf_count=30 26 21 28 22 42 30 241
internal_value=0.000154265 7.3027e-06 -0.000140022 0.00128995 -0.000229667 -0.000301147 -0.000385835
internal_weight=440 410 367 43 341 313 283
internal_count=440 410 367 43 341 313 283
is_linear=0
shrinkage=0.01


Tree=417
num_leaves=10
num_cat=0
split_feature=52 5 24 57 11 50 22 102 98
split_gain=1.1443 0.728601 0.702321 0.582088 0.529954 0.418633 0.457158 0.324205 0.104563
threshold=11.149999985000003 0.37450614250000008 1.9285714205000002 7.1999998685000017 0.69381558550000011 5.4000001440000007 2.3428570880000006 29.140435005000004 17.060714315000002
decision_type=2 2 2 2 2 2 2 10 2
left_child=1 -1 3 4 -3 7 -7 8 -2
right_child=5 2 -4 -5 -6 6 -8 -9 -10
leaf_value=-0.0043850684036634514 -0.00022584461811080392 0.00038248929032333792 -0.0024330065531672686 3.0087722824559022e-05 0.0017183016014324715 -0.001610896644523708 0.00097144569795869218 0.00045289883298819304 -0.0010407650215952353
leaf_weight=26 31 30 24 21 23 37 36 34 217
leaf_count=26 31 30 24 21 23 37 36 34 217
internal_value=0.000184452 0.00100962 0.00140688 0.00188503 0.00244424 -9.97753e-05 0.000562331 -0.000279349 -0.000409968
internal_weight=479 124 98 74 53 355 73 282 248
internal_count=479 124 98 74 53 355 73 282 248
is_linear=0
shrinkage=0.01


Tree=418
num_leaves=11
num_cat=0
split_feature=51 15 101 16 16 51 15 52 23 13
split_gain=0.439095 0.616902 0.783093 0.43336 0.494917 0.412939 0.246207 0.240609 0.0431374 0.0372139
threshold=11.500000190000003 0.69390057150000006 128.28370370000002 0.67720392850000011 0.69593464300000007 9.4000000170000018 0.66625250000000014 11.200000170000001 1.6785714160000003 0.68884875000000012
decision_type=2 2 2 2 2 2 2 2 2 2
left_child=1 2 6 8 -5 7 -1 -3 -2 -9
right_child=3 5 -4 4 -6 -7 -8 9 -10 -11
leaf_value=7.3658993513303967e-05 -0.00060968871611448623 0.00037270290398005448 0.0014466962485279672 0.00081710504675191347 -0.00023225246076204059 0.00068680926997331088 -0.0011556914892662199 -0.0008644511241372695 -0.0042108912431669246 -0.00014151876000448622
leaf_weight=24 20 37 20 21 20 20 20 20 194 94
leaf_count=24 20 37 20 21 20 20 20 20 194 94
internal_value=2.64872e-05 0.000341391 0.00117284 -0.00025606 0.000657895 1.45517e-05 0.000357143 -0.000154809 -0.000442272 -0.000391986
internal_weight=490 235 64 255 41 171 44 151 214 114
internal_count=490 235 64 255 41 171 44 151 214 114
is_linear=0
shrinkage=0.01


Tree=419
num_leaves=8
num_cat=0
split_feature=17 19 54 60 101 103 101
split_gain=0.721498 0.733251 0.424046 0.615553 0.272181 0.282024 0.244815
threshold=0.56319950000000019 0.44746678600000006 14.449999720000003 14.149999855000003 73.069060915000009 27.836040485000002 131.48502525000004
decision_type=2 2 2 2 2 10 2
left_child=-1 -2 4 -4 -3 6 -6
right_child=1 2 3 -5 5 -7 -8
leaf_value=-0.0047496337919934253 0.00049899142602050984 0.0016582323346433752 -0.00064095379321451652 0.00012466820738016686 -0.001476872596682536 0.00063839001818219074 2.9283399874728348e-05
leaf_weight=128 27 24 29 38 163 27 37
leaf_count=128 27 24 29 38 163 27 37
internal_value=0.000150907 0.000391845 0.000247804 0.000951327 4.96425e-05 -5.0483e-05 -0.000189243
internal_weight=473 345 318 67 251 227 200
internal_count=473 345 318 67 251 227 200
is_linear=0
shrinkage=0.01


Tree=420
num_leaves=10
num_cat=0
split_feature=39 101 15 17 103 25 17 45 0
split_gain=0.56782 0.692134 0.753784 0.21716 0.19262 0.500206 0.0702154 0.158243 0.0275573
threshold=6.2785714015000007 131.19284590000004 0.72790397600000012 0.62471471450000016 23.993880675000003 1.7000000095000003 0.65814673200000007 1.8499999865000003 0.08161631250000001
decision_type=2 2 2 2 10 2 2 2 2
left_child=1 4 -3 -2 6 8 -1 -8 -6
right_child=3 2 -4 -5 5 -7 7 -9 -10
leaf_value=-0.0054896515394176441 0.00058601212456061693 0.0012238657761569471 -1.1239159124399736e-05 0.001390462664611845 8.7607795420915904e-05 0.0006452026852285564 -0.00092357050048570005 0.00013923039394107034 -0.00028417153759535441
leaf_weight=185 26 24 28 24 20 26 50 29 44
leaf_count=185 26 24 28 24 20 26 50 29 44
internal_value=4.37827e-05 -7.62046e-05 0.000984848 0.00104331 -0.000239572 0.000143172 -0.000377644 -9.39851e-05 -0.000308642
internal_weight=456 406 52 50 354 90 264 79 64
internal_count=456 406 52 50 354 90 264 79 64
is_linear=0
shrinkage=0.01


Tree=421
num_leaves=12
num_cat=0
split_feature=81 7 3 4 4 7 22 15 15 6 7
split_gain=0.43158 0.443191 0.548768 0.82785 1.1816 0.503386 0.328281 0.213585 0.290899 0.0375363 0.0367571
threshold=-2.3828571194999992 0.63897342850000005 0.32319575700000008 0.32941557150000006 0.33806902850000004 0.42753969050000007 2.3214285460000004 0.67940121450000013 0.66299971400000013 0.53773411900000012 0.46037507150000007
decision_type=2 2 2 2 2 2 2 2 2 2 2
left_child=10 2 3 5 -5 -2 -6 8 -4 -9 -1
right_child=1 -3 7 4 6 -7 -8 9 -10 -11 -12
leaf_value=-0.0098756045818395709 0.0016737747771743551 0.00022214588565789382 -0.0014448285542252414 0.0017632398200535119 0.0004070136429839383 -0.0011170388985179548 -2.0121099918790668e-05 -0.00054664074517907972 0.00037277899063052492 -5.7509180706179107e-05 -0.0024683542250496203
leaf_weight=20 20 21 36 22 20 59 20 97 21 20 90
leaf_count=20 20 21 36 22 20 59 20 97 21 20 90
internal_value=0.000145479 0.000326603 0.000223242 0.000687588 0.00154459 0 0.000441176 -0.000143021 0.00033737 -0.000394737 -0.000388087
internal_weight=446 336 315 141 62 79 40 174 57 117 110
internal_count=446 336 315 141 62 79 40 174 57 117 110
is_linear=0
shrinkage=0.01


Tree=422
num_leaves=8
num_cat=0
split_feature=16 16 22 15 62 15 7
split_gain=0.648045 0.994536 0.492659 0.632138 0.32011 0.225334 0.12145
threshold=0.66486142900000011 0.68325592850000005 2.3214285460000004 0.71941769050000015 0.51000022900000019 0.7510027855000001 0.48343885700000006
decision_type=2 2 2 2 2 2 2
left_child=4 -2 3 -3 -1 -5 -4
right_child=1 2 6 5 -6 -7 -8
leaf_value=-0.0040159915685469682 0.0013603870566594046 0.00078286015440561061 2.8583458153600487e-05 -0.00048825042145816261 0.00065748056048051172 0.00034291686294802063 -8.1601873322219263e-05
leaf_weight=191 35 34 22 36 38 20 87
leaf_count=191 35 34 22 36 38 20 87
internal_value=5.71366e-05 0.000430153 0.000142643 0.000693832 -0.000315492 0 -0.000295993
internal_weight=463 234 199 90 229 56 109
internal_count=463 234 199 90 229 56 109
is_linear=0
shrinkage=0.01


Tree=423
num_leaves=12
num_cat=0
split_feature=16 19 17 13 25 17 16 17 23 0 0
split_gain=0.434214 1.04776 1.16964 0.707954 0.308643 0.335381 0.65577 0.133042 0.0410135 0.0387645 0.0166011
threshold=0.60949717850000018 0.44746678600000006 0.56763350000000012 0.60437510000000005 1.6428571470000002 0.68784068600000015 0.72412207150000019 0.73236200000000007 1.9571428385000003 0.19793970150000004 0.10776786850000002
decision_type=2 2 2 2 2 2 2 2 2 2 2
left_child=9 2 -2 -3 5 10 -7 8 -6 -1 -5
right_child=1 3 -4 4 7 6 -8 -9 -10 -11 -12
leaf_value=-0.0047221695383633166 -0.00023831662063592639 0.0032841996913044536 0.00076687693408736875 -0.0036668862843761271 -6.0817345313763841e-05 0.00061068958842641044 -0.0019122318545340283 0.00020280754881602748 -6.6154755396832804e-05 -0.0017719608353533459 -4.3754304554099772e-06
leaf_weight=110 21 20 23 22 143 20 25 20 20 20 20
leaf_count=110 21 20 23 22 143 20 25 20 20 20 20
internal_value=7.74525e-05 0.000271804 0.00169643 4.47041e-05 -8.49336e-05 0.000392938 0.00099345 -0.000323722 -0.000424298 -0.000405199 -0.00021028
internal_weight=464 334 44 290 270 87 45 183 163 130 42
internal_count=464 334 44 290 270 87 45 183 163 130 42
is_linear=0
shrinkage=0.01


Tree=424
num_leaves=9
num_cat=0
split_feature=58 63 24 16 90 84 49 10
split_gain=0.498088 0.295453 0.646225 0.720619 0.25539 0.0888586 0.0626897 0.0734472
threshold=0.25000000350000007 4.4599995610000009 1.8285714390000003 0.6776522140000002 13.804285595000001 5.5714286625000007 1.0000000180025095e-35 0.61552528600000012
decision_type=2 2 2 2 2 2 2 2
left_child=-1 2 4 -4 5 -2 -3 -8
right_child=1 6 3 -5 -6 -7 7 -9
leaf_value=0.0011759414812775484 -1.8815938508615978e-05 -0.0034945703094436376 -0.0016157435552072697 0.0011981837010220336 1.6159925323241623e-05 1.2398408592852683e-05 5.2973306082038583e-05 -0.00049521863334107334
leaf_weight=26 120 153 37 29 35 32 20 25
leaf_count=26 120 153 37 29 35 32 20 25
internal_value=-1.36041e-05 -9.62817e-05 0.000124113 0.000973054 -0.000167732 -0.000353403 -0.000387324 -1.09171e-05
internal_weight=477 451 253 66 187 152 198 45
internal_count=477 451 253 66 187 152 198 45
is_linear=0
shrinkage=0.01


Tree=425
num_leaves=12
num_cat=0
split_feature=99 54 102 33 43 55 12 18 8 1 1
split_gain=0.66581 0.625368 0.685587 0.475695 0.276915 0.1504 0.179407 0.22968 0.0418983 0.0296969 0.0275573
threshold=23.030000140000002 7.8000001685000013 23.659332810000006 2.3357142805000004 7.5499999410000003 1.0499999970000002 0.69718378550000015 0.6658912855000001 0.68787176200000011 0.24242300000000003 0.26174914300000002
decision_type=2 2 8 2 2 2 2 2 2 2 2
left_child=5 4 3 -3 9 8 7 -7 -1 -2 -8
right_child=1 2 -4 -5 -6 6 10 -9 -10 -11 -12
leaf_value=-0.0018264457010384253 6.8012048934031617e-05 3.3121637757313143e-05 0.00069491735325013767 -0.00061915522078735729 0.00061217395950957545 -1.5990196375648176e-05 -1.081937258595032e-05 0.0012701542218210185 -0.00023171703533376721 -0.0045521284335119901 -1.0826736542623718e-05
leaf_weight=161 20 21 20 33 28 27 44 21 20 51 20
leaf_count=161 20 21 20 33 28 27 44 21 20 51 20
internal_value=3.21336e-05 0.000526467 0.00121658 0.000565693 0 -0.000253574 1.77304e-05 0.000491803 -0.000431793 -0.000327298 -0.000308642
internal_weight=466 173 74 54 99 293 112 48 181 71 64
internal_count=466 173 74 54 99 293 112 48 181 71 64
is_linear=0
shrinkage=0.01


Tree=426
num_leaves=10
num_cat=0
split_feature=16 19 91 52 50 54 39 54 36
split_gain=0.692038 0.698192 0.920028 0.506183 0.288395 0.338686 0.322725 0.546452 0.0851147
threshold=0.60949717850000018 0.44746678600000006 8.9728571345000017 9.8500000200000013 2.6000000085000008 7.8000001685000013 6.2142857480000009 7.8000001090000008 3.4214285615000004
decision_type=2 2 2 2 2 2 2 2 2
left_child=-1 2 -2 -3 5 -5 8 -8 -6
right_child=1 3 -4 4 6 -7 7 -9 -10
leaf_value=-0.0039284601607209816 -0.00023953343789356041 3.7863339597835624e-05 0.00079500326400017238 0.0002075991913397974 -2.317117797813747e-06 -0.00011937739393313343 -0.0030875507686846334 0.0008690832241212052 -0.00083811863007737396
leaf_weight=133 20 30 22 22 62 24 21 20 111
leaf_count=133 20 30 22 22 62 24 21 20 111
internal_value=0.00011915 0.000366586 0.00156542 0.000182256 3.06747e-05 0.000747863 -0.000116387 0.000657895 -0.000313579
internal_weight=465 332 42 290 260 46 214 41 173
internal_count=465 332 42 290 260 46 214 41 173
is_linear=0
shrinkage=0.01


Tree=427
num_leaves=10
num_cat=1
split_feature=60 104 6 47 51 46 57 0 0
split_gain=0.691445 0.618819 1.30599 2.0148 0.172912 0.339246 0.561582 0.112937 0.0158575
threshold=15.850000020000001 0 0.48931390450000006 3.8499999945000005 11.500000190000003 8.2499999740000032 3.7000000850000005 0.22295579150000003 0.087499590500000016
decision_type=2 1 2 2 2 2 2 2 2
left_child=1 2 7 -4 5 6 -3 -1 -8
right_child=-2 4 3 -5 -6 -7 8 -9 -10
leaf_value=-0.0029166704963167461 3.9946094563031071e-05 0.0028455686397990477 0.00027278880679990557 -8.3813715602326831e-05 -0.0027234001895191139 -0.00014171991953426446 -0.0016822581955762551 0.00073008239272940255 -0.0018118304235064304
leaf_weight=52 35 27 20 23 172 77 20 20 21
leaf_count=52 35 27 20 23 172 77 20 20 21
internal_value=7.37493e-05 -3.23476e-05 0.000560413 0.00197489 -0.000263881 -3.42947e-06 0.000494186 -0.000192308 -0.000203349
internal_weight=467 432 115 43 317 145 68 72 41
internal_count=467 432 115 43 317 145 68 72 41
cat_boundaries=0 1
cat_threshold=2360521
is_linear=0
shrinkage=0.01


Tree=428
num_leaves=10
num_cat=0
split_feature=58 17 6 13 3 49 103 31 69
split_gain=0.972431 0.566627 1.01714 0.401808 0.939648 0.343705 0.866261 0.488073 0.0386787
threshold=0.25000000350000007 0.56319950000000019 0.54869635750000012 0.61424050850000012 0.27177692900000006 0.84999999400000015 25.921937140000004 2.0571428540000003 32.590001585000003
decision_type=2 2 2 2 2 2 8 2 2
left_child=-1 8 3 4 -3 7 -7 -5 -2
right_child=1 2 -4 5 -6 6 -8 -9 -10
leaf_value=0.0011989810566421211 -0.0058424977308463811 -0.0050481175705438201 0.00027892654138094114 0.00022055267457139928 0.0029509847606588825 0.00073753047815223256 -0.0011262755205969917 -0.00068878613289347686 -0.00034882625380851115
leaf_weight=25 109 20 23 23 22 26 42 148 20
leaf_count=25 109 20 23 23 22 26 42 148 20
internal_value=0.000259372 0.00014177 0.000380577 0.000204045 0.00109813 3.54461e-05 0.000639535 -0.000194994 -0.000404469
internal_weight=458 433 304 281 42 239 68 171 129
internal_count=458 433 304 281 42 239 68 171 129
is_linear=0
shrinkage=0.01


Tree=429
num_leaves=8
num_cat=0
split_feature=58 46 50 70 39 39 23
split_gain=0.905316 0.612212 0.675883 0.378199 0.293362 0.33118 0.0976539
threshold=0.25000000350000007 15.949999745000001 8.3000000715000031 20.195001600000001 6.0285714010000016 6.1071428915000014 1.5571428495000001
decision_type=2 2 2 2 2 2 2
left_child=-1 2 3 -2 6 -6 -5
right_child=1 -3 -4 4 5 -7 -8
leaf_value=0.0011308174261381936 2.6090419269132124e-05 0.00068964505759183366 0.00060896298279813259 -0.00011827550084060476 7.0160226369900763e-05 -0.0001307973243382859 -0.0017955408220246185
leaf_weight=26 22 20 36 28 38 98 202
leaf_count=26 22 20 36 28 38 98 202
internal_value=0.000261257 0.000148381 6.12052e-05 -5.65845e-05 -0.00013904 0.000219298 -0.000359619
internal_weight=470 444 424 388 366 136 230
internal_count=470 444 424 388 366 136 230
is_linear=0
shrinkage=0.01


Tree=430
num_leaves=10
num_cat=0
split_feature=23 19 17 16 39 88 16 12 7
split_gain=0.492242 0.964478 0.449571 1.32654 0.680202 0.186438 0.270751 0.121155 0.0429073
threshold=1.9571428385000003 0.46663750000000009 0.68161828600000007 0.71635612250000014 5.914285694000001 15.854285785000002 0.6125375715000001 0.74167728600000016 0.41203264750000007
decision_type=2 2 2 2 2 2 2 2 2
left_child=2 -2 5 4 -4 8 -7 -5 -1
right_child=1 -3 3 7 -6 6 -8 -9 -10
leaf_value=-0.0011615101059660178 0.0012901042775152695 -0.0023195908212882564 0.0017168629271367378 -0.00077340296837730734 0.00093234622568171672 -0.001837288277087578 0.00051600661408900995 2.6884027201713028e-05 -0.002078696662991012
leaf_weight=20 22 21 21 73 26 39 39 21 187
leaf_count=20 22 21 21 73 26 39 39 21 187
internal_value=5.00212e-05 0.00106164 -4.92035e-05 0.000405501 0.00176778 -0.000281666 0.000114213 -0.000263713 -0.000440327
internal_weight=469 43 426 141 47 285 78 94 207
internal_count=469 43 426 141 47 285 78 94 207
is_linear=0
shrinkage=0.01


Tree=431
num_leaves=9
num_cat=0
split_feature=17 18 101 16 15 17 12 15
split_gain=0.52007 0.787509 0.370048 0.791666 0.288453 0.242588 0.242579 0.0385915
threshold=0.56319950000000019 0.53180140000000009 131.19284590000004 0.72378202350000009 0.62904761900000017 0.67622035700000016 0.68095057100000012 0.65482935700000011
decision_type=2 2 2 2 2 2 2 2
left_child=7 -2 4 -4 -3 -6 -7 -1
right_child=1 2 3 -5 5 6 -8 -9
leaf_value=-0.0047039992483628576 0.00063474343951636623 0.0010081583808824823 0.00041603314756731422 -5.9648312124148585e-05 -0.0014207267172434703 0.00011313552316726718 -0.00014446532346177509 -0.0049730229242073744
leaf_weight=108 27 35 31 23 101 34 79 20
leaf_count=108 27 35 31 23 101 34 79 20
internal_value=0.000128596 0.000341596 0.000185977 0.000930657 1.40111e-05 -0.000116387 0.000188928 -0.000403727
internal_weight=458 330 303 54 249 214 113 128
internal_count=458 330 303 54 249 214 113 128
is_linear=0
shrinkage=0.01


Tree=432
num_leaves=10
num_cat=0
split_feature=39 99 4 2 83 10 101 44 6
split_gain=0.825318 0.828421 1.16231 0.360103 0.220141 0.173569 0.145575 0.128716 0.0436112
threshold=6.0285714010000016 23.308571545000003 0.37534757150000003 0.28765000000000002 5.3150000225000005 0.54792664300000016 132.11383705000003 1.0000000180025095e-35 0.55223403550000005
decision_type=2 2 2 2 2 2 2 2 2
left_child=4 2 3 -2 -1 -3 8 -7 -6
right_child=1 5 -4 -5 6 7 -8 -9 -10
leaf_value=0.00041628479775522516 0.00012365880517029569 0.0019233546200109286 0.0009949001863282412 -0.00054507254079838986 -0.0012922377944202027 3.1860414455645554e-05 0.00065304326883179804 -0.0026835288114993435 -0.0003041868991993741
leaf_weight=26 20 20 27 24 210 35 20 55 20
leaf_count=26 20 20 27 24 210 35 20 55 20
internal_value=6.44385e-05 0.000591309 0.00142758 0.000357143 -0.000274567 2.70757e-05 -0.000370814 -0.000143172 -0.000446274
internal_weight=457 181 71 44 276 110 250 90 230
internal_count=457 181 71 44 276 110 250 90 230
is_linear=0
shrinkage=0.01


Tree=433
num_leaves=12
num_cat=0
split_feature=87 6 60 50 15 14 74 69 54 82 1
split_gain=0.688107 0.440199 0.397752 0.798316 0.486256 0.448651 0.51684 0.340216 0.340245 0.121087 0.0363926
threshold=5.7664285920000014 0.55803078550000007 3.9499999470000007 3.4999999890000004 0.72790397600000012 0.68719578600000009 44.055000305000007 30.640000345000001 1.1000000315000003 7.6328571860000016 0.20483348800000004
decision_type=2 2 2 2 2 2 2 2 2 2 2
left_child=1 2 7 4 -4 6 -5 10 -9 -7 -1
right_child=-2 -3 3 5 -6 9 -8 8 -10 -11 -12
leaf_value=-0.0011462622165026417 -0.002812319432753597 0.00032149239728801059 0.0013666149073110281 6.5188597014421542e-05 0.00020198800849873688 4.3113565771672051e-05 -5.0657269002581813e-05 -0.00074482817279983293 0.0015529023834955308 -0.00019411166138646761 -0.00085440756655476096
leaf_weight=20 118 20 28 22 20 20 23 29 24 62 87
leaf_count=20 118 20 28 22 20 20 23 29 24 62 87
internal_value=0.000172013 0.000394885 0.000299285 0.000628555 0.00172131 0.000191706 0.00099345 -4.97514e-05 0.000585502 -0.000229469 -0.000384972
internal_weight=473 355 335 175 48 127 45 160 53 82 107
internal_count=473 355 335 175 48 127 45 160 53 82 107
is_linear=0
shrinkage=0.01


Tree=434
num_leaves=8
num_cat=0
split_feature=50 17 16 5 89 67 3
split_gain=0.979863 0.475843 0.777693 0.781806 0.134257 0.0441421 0.0294163
threshold=8.3000000715000031 0.67901128600000005 0.7206993570000001 0.42227021450000007 14.099285565000002 2.4100003240000003 0.3109398570000001
decision_type=2 2 2 2 2 2 2
left_child=1 4 3 -3 5 -1 -4
right_child=-2 2 6 -5 -6 -7 -8
leaf_value=-0.0028263724776376353 0.00058486478459214499 0.00045936779487341028 -0.0002896652083429452 0.00058211186024420645 0.00056865919800987846 -0.0015959228619170092 -0.00030462723732667141
leaf_weight=231 38 36 20 20 22 20 50
leaf_count=231 38 36 20 20 22 20 50
internal_value=0 -0.000143822 0.000354889 0.00123239 -0.000381666 -0.000450755 -0.000324859
internal_weight=437 399 126 56 273 251 70
internal_count=437 399 126 56 273 251 70
is_linear=0
shrinkage=0.01


Tree=435
num_leaves=9
num_cat=0
split_feature=50 13 16 58 28 52 101 28
split_gain=0.664624 0.701974 1.40786 0.228182 0.181846 0.145362 0.186083 0.0442333
threshold=8.499999821500003 0.74847711250000015 0.72412207150000019 0.25000000350000007 4.1928571635000011 11.149999985000003 106.71203290000001 4.1499999930000007
decision_type=2 2 2 2 2 2 2 2
left_child=1 3 -3 -1 5 6 -5 -7
right_child=-2 2 -4 4 -6 7 -8 -9
leaf_value=0.00020015669104292717 0.0001841463831026713 0.00025794208903102435 -0.00016620004799583582 -0.0050006298160288195 0.00014832959212018906 -0.0016622176032216121 0.00021013749129886538 -5.6387325666452939e-05
leaf_weight=22 36 28 32 36 29 235 35 20
leaf_count=22 36 28 32 36 29 235 35 20
internal_value=6.64836e-05 -3.76886e-05 0.000953947 -0.000202488 -0.000268409 -0.000339657 3.48188e-05 -0.000451525
internal_weight=473 437 60 377 355 326 71 255
internal_count=473 437 60 377 355 326 71 255
is_linear=0
shrinkage=0.01


Tree=436
num_leaves=10
num_cat=0
split_feature=101 17 31 17 101 20 20 67 54
split_gain=1.63487 1.1607 0.471924 0.344545 0.869588 0.249607 0.3981 0.1257 0.0356
threshold=131.19284590000004 0.70487876150000017 2.0142857095000006 0.6077260000000001 87.722254155000016 36.57500000000001 16.245000000000001 2.2649998665000006 17.450000585000002
decision_type=2 2 2 2 2 2 2 2 2
left_child=2 -2 -1 7 -5 6 -6 -4 -7
right_child=1 -3 3 4 5 8 -8 -9 -10
leaf_value=0.00049833606350085913 0.00040173919701976966 1.026854306121712e-05 -0.0040655589723022452 0.0010142389984790399 -0.0017147710973317108 -0.00020923198121306134 0.00061270045580819651 0.00047633248875146361 -0.00088944582572956794
leaf_weight=34 32 26 147 36 28 81 35 24 20
leaf_count=34 32 26 147 36 28 81 35 24 20
internal_value=0.000294308 0.00185374 6.28387e-05 -3.631e-05 0.000239044 -6.06797e-05 0.00041536 -0.000369616 -0.000378193
internal_weight=463 58 405 371 200 164 63 171 101
internal_count=463 58 405 371 200 164 63 171 101
is_linear=0
shrinkage=0.01


Tree=437
num_leaves=11
num_cat=1
split_feature=104 17 19 54 63 19 19 103 11 23
split_gain=0.801778 0.992017 1.16889 0.917932 0.708921 0.212991 0.38051 0.0998918 0.0417171 0.0309933
threshold=0 0.56319950000000019 0.46851794300000005 18.700000035000006 2.3900008200000005 0.59937400000000018 0.63007600000000019 22.484581360000004 0.56023864300000015 1.7785714270000004
decision_type=1 2 2 2 2 2 2 10 2 2
left_child=5 9 -3 4 -4 8 -7 -6 -1 -2
right_child=1 2 3 -5 7 6 -8 -9 -10 -11
leaf_value=-0.0033097251019206164 -0.0015589316837505418 0.00061999519954024514 2.2771470106526724e-05 0.00095105494186749654 -0.0033177163575585367 0.0067798261831385313 -0.0012023620064786869 3.73817742913774e-05 -0.00065879505131085617 -0.0072173045022672589
leaf_weight=20 20 20 34 27 58 20 27 23 157 56
leaf_count=20 20 20 34 27 58 20 27 23 157 56
internal_value=0.000166378 0.000558682 0.0010258 0.000679272 0.000263385 -0.000255537 0.000303347 -0.000226161 -0.000430259 -0.000338542
internal_weight=462 238 162 142 115 224 47 81 177 76
internal_count=462 238 162 142 115 224 47 81 177 76
cat_boundaries=0 1
cat_threshold=574686610
is_linear=0
shrinkage=0.01


Tree=438
num_leaves=11
num_cat=0
split_feature=16 15 86 23 12 49 2 3 51 52
split_gain=0.681445 1.14824 0.529707 0.472049 1.18531 0.347677 0.113497 0.162749 0.102217 0.0431691
threshold=0.66522328550000009 0.69390057150000006 6.0428570370000001 1.8285714135000002 0.70907752400000013 0.40000000950000009 0.30825885700000005 0.33156342850000003 5.1499999055000005 10.099999895000002
decision_type=2 2 2 2 2 2 2 2 2 2
left_child=2 5 -1 6 -5 -2 7 8 -3 -4
right_child=1 3 9 4 -6 -7 -8 -9 -10 -11
leaf_value=0.00052612883320815877 0.0014137036389037735 0.00045177670535518358 -0.0010335338714885323 -0.00027878811983614993 0.00088493470112724695 0.0011069983515415638 -0.00044447332991015906 2.9370972074195672e-05 -6.6124534928745457e-05 -0.0030123915621709709
leaf_weight=23 21 20 20 24 20 23 63 20 42 195
leaf_count=23 21 20 20 24 20 23 63 20 42 195
internal_value=9.00804e-05 0.000476903 -0.00028057 0.000123814 0.00102679 0.00191964 -0.000140604 8.45409e-05 -0.000143312 -0.00044254
internal_weight=471 233 238 189 44 44 145 82 62 215
internal_count=471 233 238 189 44 44 145 82 62 215
is_linear=0
shrinkage=0.01


Tree=439
num_leaves=10
num_cat=1
split_feature=68 77 104 33 28 89 18 17 79
split_gain=0.448468 0.790385 0.334359 0.40788 0.197777 0.158162 0.131627 0.360103 0.0439257
threshold=35.180000305000007 55.959999560000007 0 4.6357143095000009 3.8571428400000003 13.96642862 0.6105327140000002 0.69710014300000012 79.164999005000013
decision_type=2 2 1 2 2 2 2 2 2
left_child=1 -1 3 -2 -4 -3 -5 -8 -6
right_child=2 5 4 6 8 -7 7 -9 -10
leaf_value=-8.1919742904968675e-05 0.00070377483191630473 0.0016521380264312392 1.0904102543439834e-05 -0.0014593330180341171 -0.00051057911654498671 0.0008340966790633033 0.00014114280021526975 -0.00074739638136228929 -0.0023502925946849215
leaf_weight=32 24 20 33 38 20 21 20 24 222
leaf_count=32 24 20 33 38 20 21 20 24 222
internal_value=-1.0994e-05 0.000697832 -0.000153222 0.000299657 -0.00033415 0.00161483 0 0.000357143 -0.000448929
internal_weight=454 73 381 106 275 41 82 44 242
internal_count=454 73 381 106 275 41 82 44 242
cat_boundaries=0 1
cat_threshold=35651600
is_linear=0
shrinkage=0.01


Tree=440
num_leaves=10
num_cat=0
split_feature=101 16 31 12 11 4 68 23 39
split_gain=0.898753 1.24075 0.572262 0.247975 0.461012 0.218318 0.169849 0.11004 0.107099
threshold=131.48502525000004 0.72959375000000015 2.0428571615000002 0.71027235700000013 0.70514161450000012 0.36148483350000005 41.575001240000013 1.8142857255000002 6.2785714015000007
decision_type=2 2 2 2 2 2 2 2 2
left_child=2 -2 5 6 -5 -1 8 -6 -4
right_child=1 -3 3 4 7 -7 -8 -9 -10
leaf_value=-1.1881903008662813e-05 0.00068447970717647145 -0.00045670090876577182 -0.0016698597075665237 9.3328417558880212e-05 -0.0014761757306521719 0.00032397574460547439 0.00066325410057667313 0.00034443498890551565 -5.4465796966305851e-05
leaf_weight=23 36 24 207 33 49 20 34 20 30
leaf_count=23 36 24 207 33 49 20 34 20 30
internal_value=0.000146812 0.00128289 -1.43955e-05 -0.0001458 0.000262646 0.00106164 -0.000307211 -0.000179083 -0.000405803
internal_weight=476 60 416 373 102 43 271 69 237
internal_count=476 60 416 373 102 43 271 69 237
is_linear=0
shrinkage=0.01


Tree=441
num_leaves=11
num_cat=0
split_feature=58 87 31 6 58 47 15 90 88 0
split_gain=1.1021 0.513739 0.445367 0.591814 1.03975 0.325375 0.243783 0.429935 0.31605 0.0204918
threshold=0.25000000350000007 5.7557143145000014 2.3285714305000007 0.48547450000000009 11.349999930000001 4.099999941500001 0.7266769525000002 13.629285810000001 15.022857120000003 0.099150083000000014
decision_type=2 2 2 2 2 2 2 2 2 2
left_child=-1 2 6 5 -5 9 7 -2 -9 -4
right_child=1 -3 3 4 -6 -7 -8 8 -10 -11
leaf_value=0.0012226980022531067 0.00043739966068213567 -0.002869574533166607 -0.00032810953578293558 0.00025668044721273355 -4.3856140184715536e-05 0.0028403453567323027 -0.00030017010685406216 0.00035888256494430551 -0.0010975516492351053 -0.0024665696650816539
leaf_weight=24 24 116 20 24 20 22 69 38 81 28
leaf_count=24 24 116 20 24 20 22 69 38 81 28
internal_value=0.000203513 8.3559e-05 0.000290698 0.000792683 0.00169643 0.000183616 9.39838e-06 0.000253825 0 -0.000245902
internal_weight=466 442 326 114 44 70 212 143 119 48
internal_count=466 442 326 114 44 70 212 143 119 48
is_linear=0
shrinkage=0.01


Tree=442
num_leaves=10
num_cat=0
split_feature=63 6 15 47 17 15 38 24 1
split_gain=0.869948 0.683945 1.07862 1.46646 0.533741 1.2622 0.14336 0.0431054 0.0193206
threshold=3.7500004770000008 0.48547450000000009 0.73987864250000013 3.8499999945000005 0.68784068600000015 0.7266769525000002 5.3071428875000004 1.7714285465000004 0.2961697855
decision_type=2 2 2 2 2 2 2 2 2
left_child=1 4 3 -3 -1 -6 7 -2 -8
right_child=6 2 -4 -5 5 -7 8 -9 -10
leaf_value=-0.0013150512739169462 -0.00012264119294274619 0.0012899324884535625 -0.00029492683569192168 0.00017152942428603276 0.0006411910925083257 -0.0015593782828679794 0.0007260026875053491 -0.0023692076686109486 -0.00030779827130344588
leaf_weight=74 20 24 24 29 26 34 20 193 22
leaf_count=74 20 24 24 29 26 34 20 193 22
internal_value=5.3556e-05 0.000531161 0.00127892 0.00207249 8.16023e-05 0.000789474 -0.000334246 -0.000442002 0.000163551
internal_weight=466 211 77 53 134 60 255 213 42
internal_count=466 211 77 53 134 60 255 213 42
is_linear=0
shrinkage=0.01


Tree=443
num_leaves=11
num_cat=1
split_feature=104 79 101 66 16 23 14 73 49 7
split_gain=0.889187 0.98105 1.19874 0.532843 0.274498 0.344552 0.439632 0.29918 0.0857157 0.0416705
threshold=0 88.354998585000018 101.86044930000001 5.0050005915000009 0.67248635700000015 1.6928571290000003 0.71322011400000007 64.599999430000011 0.69999999550000014 0.40947400000000006
decision_type=1 2 2 2 2 2 2 2 2 2
left_child=1 8 3 -3 9 -6 -7 -8 -1 -2
right_child=4 2 -4 -5 5 6 7 -9 -10 -11
leaf_value=-0.00056648166536730419 -0.0023287648421463402 0.00084038296053771803 0.0016546354744891966 -0.0014931868044604601 -0.0029005573626568258 0.0003897792136684372 -5.345792732612273e-05 0.0011482635422075357 0.00017132363980658038 -0.0033079973582435759
leaf_weight=31 20 20 20 20 61 36 48 28 20 156
leaf_count=31 20 20 20 20 61 36 48 28 20 156
internal_value=0.000104167 0.000841543 0.00177632 0.000686274 -0.000145915 0.000123705 0.000460993 0 -6.75677e-05 -0.000429864
internal_weight=460 111 60 40 349 173 112 76 51 176
internal_count=460 111 60 40 349 173 112 76 51 176
cat_boundaries=0 1
cat_threshold=681869380
is_linear=0
shrinkage=0.01


Tree=444
num_leaves=10
num_cat=0
split_feature=68 5 28 59 56 70 6 8 60
split_gain=0.490598 0.701882 0.46452 0.529063 0.33162 0.272992 0.0763575 0.0376458 0.0441421
threshold=35.244999410000013 0.43800200000000006 4.1571428610000014 4.2499999705000002 0.8500000015000001 22.189998625000005 0.46442242850000004 0.69193700000000014 16.200000170000003
decision_type=2 2 2 2 2 2 2 2 2
left_child=1 4 5 -4 -1 6 -2 8 -7
right_child=2 -3 3 -5 -6 7 -8 -9 -10
leaf_value=0.0010073964578272395 0.00079419879618088714 0.00092348000429974878 0.00068387266906816239 -0.0017122033440580147 -0.0033209990426142397 -0.0015795002811245546 2.3414670282612058e-05 -0.00021273282726323194 -3.8159604519516324e-06
leaf_weight=24 20 20 34 24 36 231 20 20 20
leaf_count=24 20 20 34 24 36 231 20 20 20
internal_value=7.78112e-06 0.000717822 -0.000141969 0.000663265 0.000131579 -0.000299872 0.000441176 -0.000417587 -0.000450755
internal_weight=449 80 369 58 60 311 40 271 251
internal_count=449 80 369 58 60 311 40 271 251
is_linear=0
shrinkage=0.01


Tree=445
num_leaves=10
num_cat=0
split_feature=40 15 10 74 71 68 11 45 7
split_gain=0.818343 0.680463 0.712232 2.20015 1.01119 0.815235 0.156308 0.126914 0.04079
threshold=5.8642857075000014 0.72889664300000012 0.6591916430000001 59.365000725000009 0.77500009550000015 35.159999845000009 0.63953471400000006 15.249999855 0.63313942850000016
decision_type=2 2 2 2 2 2 2 2 2
left_child=1 2 4 -4 5 -1 -6 -3 -2
right_child=8 7 3 -5 6 -7 -8 -9 -10
leaf_value=0.00069975512423913356 -0.0058774064324310805 -0.00012807100013957775 -0.0015061395425817945 0.0013248897743828234 -0.0016848584365164322 0.00015923900245247235 0.00016787393296533392 0.00034920722612433511 -0.001435989554910265
leaf_weight=29 139 71 34 23 70 32 33 20 20
leaf_count=29 139 71 34 23 70 32 33 20 20
internal_value=0.000153667 0.000453964 0.000755185 0.00172145 0.000400485 0.00141586 -0.000187861 -0.000255991 -0.000422403
internal_weight=471 312 221 57 164 61 103 91 159
internal_count=471 312 221 57 164 61 103 91 159
is_linear=0
shrinkage=0.01


Tree=446
num_leaves=11
num_cat=1
split_feature=104 26 13 101 34 20 67 39 31 2
split_gain=0.797122 0.864048 1.19146 0.807634 0.806514 0.184689 0.328281 0.147846 0.189054 0.125719
threshold=0 1.9571428465000003 0.65033731650000004 99.192172740000018 3.9857142480000003 57.185000000000009 1.4800000190000002 6.0785714560000006 2.2000000225000007 0.31136364300000008
decision_type=1 2 2 2 2 2 2 2 2 2
left_child=7 2 -2 4 -4 6 -5 -1 -9 -3
right_child=1 9 3 5 -6 -7 -8 8 -10 -11
leaf_value=-0.001371269093718304 0.0012928232418609991 -0.0029998879207944694 -0.00046194559833639568 -0.0012605176151001655 0.00054078346853169074 -6.6659876892513137e-06 0.00092959406401213137 -0.0002728769267925667 0.00041242664010341409 0.00026070531778759996
leaf_weight=143 34 69 27 20 27 51 20 34 34 20
leaf_count=143 34 69 27 20 27 51 20 34 34 20
internal_value=0.00016361 0.000516499 0.000937152 0.000517833 0.0014781 -3.81265e-05 0.000441176 -0.000286294 5.81394e-05 -0.000250557
internal_weight=479 268 179 145 54 91 40 211 68 89
internal_count=479 268 179 145 54 91 40 211 68 89
cat_boundaries=0 1
cat_threshold=147922243
is_linear=0
shrinkage=0.01


Tree=447
num_leaves=9
num_cat=1
split_feature=38 104 59 15 17 12 12 1
split_gain=1.03125 0.399561 0.504237 0.532153 1.06846 0.399938 0.0397015 0.0249217
threshold=5.414285694000001 0 4.3999999765000011 0.72889664300000012 0.68524642850000006 0.66957464300000014 0.55782661950000001 0.27345942900000003
decision_type=2 1 2 2 2 2 2 2
left_child=1 6 3 4 5 -3 -1 -5
right_child=-2 2 -4 7 -6 -7 -8 -9
leaf_value=-0.0059259405613053696 5.6286766552969168e-05 -0.0018368151623418679 -0.0030260964587826089 -0.00059610220848284399 0.0012246412801855228 0.00062582470715629725 -0.00081430526911180714 -0.00011518585490831343
leaf_weight=20 26 62 69 37 28 59 122 20
leaf_count=20 26 62 69 37 28 59 122 20
internal_value=0.000149842 2.2738e-05 0.000246676 0.000507737 0.000824432 0.000389983 -0.000386126 -0.000285467
internal_weight=443 417 275 206 149 121 142 57
internal_count=443 417 275 206 149 121 142 57
cat_boundaries=0 1
cat_threshold=142676358
is_linear=0
shrinkage=0.01


Tree=448
num_leaves=11
num_cat=0
split_feature=81 0 52 60 1 54 39 5 57 1
split_gain=0.963825 0.682664 0.913722 0.475334 0.934774 0.470977 0.334244 0.111649 0.235181 0.0249217
threshold=1.0000000180025095e-35 0.26401193750000002 10.999999955000002 5.449999988000001 0.22754983300000001 13.449999845000002 6.2785714015000007 0.46976100000000004 2.8000000420000002 0.32288421450000004
decision_type=2 2 2 2 2 2 2 2 2 2
left_child=3 2 -2 7 -5 -4 9 -1 -9 -3
right_child=1 6 5 4 -6 -7 -8 8 -10 -11
leaf_value=-0.0011953447467852707 0.00084383480705704284 -0.0020046595966463346 -0.0024878986212264202 -0.0013204360294913576 0.00065172625476751138 0.00013731569431358823 0.00070522059551098124 -0.0034511758326479631 6.0872170139119884e-05 -0.00011182069177554582
leaf_weight=211 20 37 29 29 20 20 23 40 20 20
leaf_count=211 20 37 29 29 20 20 23 40 20 20
internal_value=9.25925e-05 0.000757677 0.00148281 -0.00021197 0.000672691 0.000672691 9.90098e-05 -0.000380795 0 -0.000285467
internal_weight=469 149 69 320 49 49 80 271 60 57
internal_count=469 149 69 320 49 49 80 271 60 57
is_linear=0
shrinkage=0.01


Tree=449
num_leaves=9
num_cat=1
split_feature=104 36 50 6 102 44 46 101
split_gain=0.749683 1.10853 1.15824 0.708621 1.22107 0.390009 0.127994 0.137405
threshold=0 3.9999999830000004 3.8000000305000001 0.5215316430000001 22.200154955000006 8.0500001680000022 12.250000030000001 73.069060915000009
decision_type=1 2 2 2 8 2 2 2
left_child=6 3 -3 5 -5 -2 7 -1
right_child=1 2 -4 4 -6 -7 -8 -9
leaf_value=0.00027252390553893273 -0.0010217730797654372 0.00085172848483272784 0.00080470809390783269 -0.0006301534638612665 0.0013261945000720816 0.00039609362285996681 0.00011035072454183004 -0.00081199488582662377
leaf_weight=23 116 30 21 22 23 29 20 193
leaf_count=23 116 30 21 22 23 29 20 193
internal_value=8.26705e-05 0.00046664 0.00178571 0.000120545 0.00121179 -0.000209191 -0.000307942 -0.000396679
internal_weight=477 241 51 190 45 145 236 216
internal_count=477 241 51 190 45 145 236 216
cat_boundaries=0 1
cat_threshold=139531570
is_linear=0
shrinkage=0.01


Tree=450
num_leaves=9
num_cat=0
split_feature=17 17 20 101 15 103 101 31
split_gain=0.995818 0.9099 0.561744 1.75193 0.497525 0.444591 0.344525 0.180628
threshold=0.56319950000000019 0.58220166700000009 99.285000000000011 103.55921410000002 0.71941769050000015 21.597050835000005 131.48502525000004 2.2714285765000004
decision_type=2 2 2 2 2 8 2 2
left_child=-1 -2 5 -4 -5 -3 7 -7
right_child=1 2 3 4 -6 6 -8 -9
leaf_value=-0.0050888723786634803 0.00078691114031368662 0.00060785391142369422 0.0014173717138846811 3.2227481299725066e-05 -1.0274338431851481e-05 -0.0013528616454428607 0.00025428785460442527 6.1247326488408308e-05
leaf_weight=126 22 25 21 26 39 126 34 47
leaf_count=126 22 25 21 26 39 126 34 47
internal_value=0.000267781 0.000551643 0.000404642 0.00109447 0.000235562 0.000137457 -7.2186e-06 -0.000198504
internal_weight=466 340 318 86 65 232 207 173
internal_count=466 340 318 86 65 232 207 173
is_linear=0
shrinkage=0.01


Tree=451
num_leaves=11
num_cat=1
split_feature=104 102 4 102 83 20 51 70 23 3
split_gain=0.620523 0.896008 1.2541 0.739134 0.359811 0.532843 0.144424 0.191677 0.188733 0.0199046
threshold=0 23.925738300000003 0.38555321400000003 26.491775155000003 6.4428571460000006 65.680000000000021 5.1499999055000005 33.249999050000007 1.8571428655000002 0.29700407100000009
decision_type=1 10 2 10 2 2 2 2 2 2
left_child=6 4 3 -3 5 -2 -1 -8 -9 -5
right_child=1 2 -4 9 -6 -7 7 8 -10 -11
leaf_value=6.5568583540548557e-05 0.00019275536291312457 0.0012335704675164908 0.0006845335767731997 1.5929313100050829e-05 -0.0033861045185637241 -0.00037626158480956787 -0.00096058951575079437 -0.010808638945366177 0.0010733444287598631 -0.001836077283562206
leaf_weight=31 20 30 27 20 77 20 162 26 31 27
leaf_count=31 20 30 27 20 77 20 162 26 31 27
internal_value=0.000132471 0.000506902 0.00120229 0.000507712 -5.51784e-05 0.000686274 -0.000203221 -0.000307097 0.00016436 -0.000240586
internal_weight=471 221 104 77 117 40 250 219 57 47
internal_count=471 221 104 77 117 40 250 219 57 47
cat_boundaries=0 1
cat_threshold=537992506
is_linear=0
shrinkage=0.01


Tree=452
num_leaves=12
num_cat=1
split_feature=101 58 11 18 104 33 5 20 15 2 11
split_gain=0.661354 0.5304 0.468312 0.39662 0.284109 0.509394 0.24645 0.0724959 0.0662955 0.0639114 0.0319177
threshold=131.77162625000003 0.45000001000000006 0.63953471400000006 0.64660839300000006 0 4.5357143195000011 0.48791635750000001 110.87500000000001 0.69239089800000009 0.28203866650000003 0.6967543570000001
decision_type=2 2 2 2 1 2 2 2 2 2 2
left_child=1 2 9 -2 5 -3 10 -6 -9 -1 -7
right_child=3 4 -4 -5 7 6 -8 8 -10 -11 -12
leaf_value=8.4047632541532353e-05 0.00024491573122759937 0.00068917518397277385 0.00087352415701781258 3.2699226160184015e-06 -0.0013584853673366387 -0.00098408649289692196 0.00019264440952710822 -0.0049652570569793629 0.00014643108338636274 -0.0015201823889051972 -0.0011761332700632851
leaf_weight=20 20 23 38 23 177 60 20 22 20 21 20
leaf_count=20 20 23 38 23 177 60 20 22 20 21 20
internal_value=0.000120482 0 0.000733083 0.00128995 -0.000172112 0.000198057 -7.93652e-05 -0.000380766 0 0 -0.000346535
internal_weight=464 421 79 43 342 123 100 219 42 41 80
internal_count=464 421 79 43 342 123 100 219 42 41 80
cat_boundaries=0 1
cat_threshold=35654161
is_linear=0
shrinkage=0.01


Tree=453
num_leaves=11
num_cat=0
split_feature=16 18 14 29 46 96 17 101 18 11
split_gain=0.636753 0.800413 0.572552 0.422208 0.313382 0.140358 0.287338 0.127181 0.188056 0.0419424
threshold=0.66402850000000013 0.5396134290000002 0.68719578600000009 3.9285713775000004 7.9999998955000011 16.725000110000003 0.68431400000000009 101.22713215000002 0.57790750000000013 0.50618392850000016
decision_type=2 2 2 2 2 2 2 2 2 2
left_child=7 -2 3 -3 -4 -6 -7 9 -9 -1
right_child=1 2 4 -5 5 6 -8 8 -10 -11
leaf_value=-0.0056841812224231701 0.00020429452616546682 2.4371226942700463e-06 0.00060682747940692019 0.0016205046531460655 -0.00014442587292389254 -0.0015497055967337112 5.9251967341723555e-05 0.00074654286740431482 -0.0019183356363606755 -0.0027293085487404114
leaf_weight=20 20 24 36 20 88 34 26 20 24 162
leaf_count=20 20 24 36 20 88 34 26 20 24 162
internal_value=6.52905e-05 0.000418006 0.000236014 0.00125 -1.18693e-10 -0.000215054 0.000131579 -0.000313051 0.000133928 -0.000432166
internal_weight=474 248 228 44 184 148 60 226 44 182
internal_count=474 248 228 44 184 148 60 226 44 182
is_linear=0
shrinkage=0.01


Tree=454
num_leaves=12
num_cat=0
split_feature=102 62 52 12 70 2 79 2 23 24 5
split_gain=0.718192 0.522819 0.462534 0.632583 0.38051 0.313952 0.212222 0.196601 0.15071 0.278133 0.033337
threshold=31.599505230000002 0.25500011450000004 11.200000170000001 0.71027235700000013 31.109999655000003 0.29416990500000001 95.604997635000018 0.33170666650000008 1.700000001 1.6571428865000002 0.34845830950000006
decision_type=10 2 2 2 2 2 2 2 2 2 2
left_child=1 6 3 4 -3 -2 -1 8 9 -4 -10
right_child=5 2 7 -5 -6 -7 -8 -9 10 -11 -12
leaf_value=-0.0022774783218681548 0.00014144551243444158 -0.00017399708610997194 -0.0014161724993025967 0.00144540121751112 0.00010157828726568702 0.00073903036643560658 0.00044179541219247317 0.00043901021528339684 5.0140485378346103e-06 0.00053165181869322721 -0.00027616430209299989
leaf_weight=169 20 27 22 23 20 20 32 29 20 23 67
leaf_count=169 20 27 22 23 20 20 32 29 20 23 67
internal_value=0.000152284 2.77263e-05 0.00035591 0.00103107 0.000303347 0.00142157 -0.000339445 4.63534e-05 -0.000105422 0.000338428 -0.00035877
internal_weight=472 432 231 70 47 40 201 161 132 45 87
internal_count=472 432 231 70 47 40 201 161 132 45 87
is_linear=0
shrinkage=0.01


Tree=455
num_leaves=10
num_cat=0
split_feature=102 3 59 103 27 37 46 18 31
split_gain=0.670648 1.32138 0.741393 0.578072 0.56792 0.272248 0.146101 0.136407 0.373932
threshold=23.925738300000003 0.35320377100000006 1.5000000150000001 25.921937140000004 2.2428571540000006 4.685714313000001 12.700000025000003 0.63711014300000013 2.2428571415000005
decision_type=10 2 2 8 2 2 2 2 2
left_child=7 3 -3 4 -2 6 -5 -1 -9
right_child=1 2 -4 5 -6 -7 -8 8 -10
leaf_value=-0.0015239898185316805 -1.6074879908403487e-06 0.00016666417127769617 0.00071904478993731441 -0.0013780670038491224 0.0007742317553124852 0.0011573593713705014 0.00013625347903842899 -0.0003000721102076668 0.0027022669492318845
leaf_weight=146 21 25 23 122 20 20 20 49 24
leaf_count=146 21 25 23 122 20 20 20 49 24
internal_value=9.13338e-05 0.000446783 0.00192623 8.09616e-05 0.00113636 -0.000178133 -0.000343137 -0.000307097 2.03251e-05
internal_weight=470 251 48 203 41 162 142 219 73
internal_count=470 251 48 203 41 162 142 219 73
is_linear=0
shrinkage=0.01


Tree=456
num_leaves=9
num_cat=0
split_feature=16 13 19 45 50 19 0 39
split_gain=0.645414 0.572747 0.55488 1.30439 0.362193 0.680688 0.247825 0.266166
threshold=0.59343418550000016 0.61424050850000012 0.44746678600000006 4.3499998600000014 6.1999999655000009 0.51401392850000016 0.08161631250000001 6.1714285780000013
decision_type=2 2 2 2 2 2 2 2
left_child=-1 -2 3 -3 6 -6 -4 -8
right_child=1 2 4 -5 5 -7 7 -9
leaf_value=-0.0056444683251558802 0.0022356796039205945 -0.0020454861530001573 0.00010435740454430542 0.00072034542501291099 -0.0015803275786962626 6.8642351700000487e-05 -0.00017106279095029615 2.0594676240512843e-05
leaf_weight=122 31 22 20 22 24 29 143 42
leaf_count=122 31 22 20 22 24 29 143 42
internal_value=0.000132734 0.00036399 0.000221268 0.00125 3.47758e-05 0.000771375 -0.000148202 -0.000271798
internal_weight=455 333 302 44 258 53 205 185
internal_count=455 333 302 44 258 53 205 185
is_linear=0
shrinkage=0.01


Tree=457
num_leaves=13
num_cat=0
split_feature=39 13 67 13 58 46 5 11 67 53 21 1
split_gain=0.777711 1.52155 0.456511 0.468041 0.409833 0.368344 0.577049 0.528474 0.284295 0.174731 0.0495077 0.0857157
threshold=6.0142857350000005 0.74285440000000003 0.52500009550000015 0.65294357500000022 9.9999998395000009 11.500000055000003 0.37527847650000007 0.70514161450000012 1.6600003240000001 54.349999965000002 0.90000000600000007 0.25849907150000001
decision_type=2 2 2 2 2 2 2 2 2 2 2 2
left_child=4 2 3 -2 10 6 -6 -8 -4 -5 -1 -12
right_child=1 -3 8 9 5 -7 7 -9 -10 -11 11 -13
leaf_value=-0.0014595332330163031 0.00086175976517519298 0.00030959868327873173 -0.00098118037264332387 0.00042321407766543538 -0.0028886155294946202 -0.00066977291035922681 0.0029021137840570406 0.00054185861228154945 0.0017785268842085244 -0.00081172735578599901 2.6376473243054211e-06 -0.00076209910266750776
leaf_weight=143 33 20 65 30 22 32 21 22 20 21 20 31
leaf_count=143 33 20 65 30 22 32 21 22 20 21 20 31
internal_value=0.000203827 0.000703372 0.000373969 0.000896226 -0.000114805 0.000403885 0.000843465 0.00151826 -0.000122378 0.000241313 -0.00038501 -6.75677e-05
internal_weight=480 189 169 84 291 97 65 43 85 51 194 51
internal_count=480 189 169 84 291 97 65 43 85 51 194 51
is_linear=0
shrinkage=0.01


Tree=458
num_leaves=12
num_cat=0
split_feature=39 41 37 5 51 6 18 28 52 20 4
split_gain=0.588567 0.344866 0.567382 0.395568 0.318703 0.256912 0.294782 0.282095 0.0954834 0.0939964 0.0432004
threshold=6.0142857350000005 2.4499999920000008 4.6785714455000003 0.42432602400000002 15.199999800000002 0.56427304750000007 0.68323078550000005 4.0142857520000002 10.999999955000002 58.585000000000008 0.42580650000000003
decision_type=2 2 2 2 2 2 2 2 2 2 2
left_child=5 2 4 -4 -2 6 10 -8 -6 -3 -1
right_child=1 9 3 -5 8 -7 7 -9 -10 -11 -12
leaf_value=-0.0012497960822855803 0.00084499048571978048 1.2841180051542126e-05 0.00098895401888243056 0.00069553772343983243 4.2102985719249115e-05 4.090397559814546e-05 -0.00098724867213694704 0.0021575941938625806 -0.0031020125830988001 -0.0018899815814840718 -0.001968140373657406
leaf_weight=196 37 20 23 20 20 20 24 32 37 36 20
leaf_count=196 37 20 23 20 20 20 24 32 37 36 20
internal_value=9.36598e-05 0.000523736 0.00079463 0.00174658 0.000327004 -0.000184426 -0.000271261 0.000352113 -0.000112457 -0.000105634 -0.000442805
internal_weight=485 193 137 43 94 292 272 56 57 56 216
internal_count=485 193 137 43 94 292 272 56 57 56 216
is_linear=0
shrinkage=0.01


Tree=459
num_leaves=10
num_cat=0
split_feature=38 40 72 17 15 9 11 15 5
split_gain=1.6321 0.444351 0.4626 0.342857 0.859207 0.225784 0.12318 0.224129 0.0402441
threshold=5.414285694000001 5.8642857075000014 21.215000155000002 0.68161828600000007 0.70211948550000014 0.65777140000000012 0.63953471400000006 0.69484930950000012 0.50273019050000012
decision_type=2 2 2 2 2 2 2 2 2
left_child=1 2 3 6 -5 -6 -1 -8 -3
right_child=-2 8 -4 4 5 -7 7 -9 -10
leaf_value=-0.00084274335529312702 9.9428394680364817e-05 -0.0055787325252355533 0.00074448603931837054 0.0014215822286899474 -0.00043326200275477586 0.0015506103848887043 0.00045066212755256275 -5.7788704873295287e-05 -0.0030735409653489813
leaf_weight=75 24 130 22 25 59 41 29 55 20
leaf_count=75 24 130 22 25 59 41 29 55 20
internal_value=0.000162229 2.18913e-05 0.000244459 0.000126404 0.000520668 7.9365e-05 -0.00017209 7.07546e-05 -0.000417772
internal_weight=480 456 306 284 125 100 159 84 150
internal_count=480 456 306 284 125 100 159 84 150
is_linear=0
shrinkage=0.01


Tree=460
num_leaves=8
num_cat=0
split_feature=52 58 102 3 102 3 10
split_gain=1.09289 0.647364 0.349462 0.834312 0.284972 0.36316 0.0419424
threshold=9.8500000200000013 0.25000000350000007 23.925738300000003 0.35729614250000002 26.465459855000002 0.31433675000000005 0.51740052350000021
decision_type=2 2 10 2 10 2 2
left_child=-1 -2 6 4 5 -4 -3
right_child=1 2 3 -5 -6 -7 -8
leaf_value=0.00012481721305277927 0.00019171667940449222 -0.0055627928845798967 0.00081206497624269989 0.00058334499464664344 -0.0013591098312827577 -0.00028510122387801824 -0.00097590488972698793
leaf_weight=39 22 20 38 39 101 30 162
leaf_count=39 22 20 38 39 101 30 162
internal_value=0.000138335 -9.69004e-06 -0.000110031 0.000162835 -0.000132509 0.000348837 -0.000432166
internal_weight=451 412 390 208 169 68 182
internal_count=451 412 390 208 169 68 182
is_linear=0
shrinkage=0.01


Tree=461
num_leaves=12
num_cat=0
split_feature=21 53 102 11 101 39 1 6 56 1 9
split_gain=0.968048 0.818608 0.700738 0.917107 0.582528 0.364459 0.236425 0.196002 0.153718 0.170852 0.0433231
threshold=0.99285714100000011 25.450000005000003 27.820630600000005 0.66708671450000012 131.61942115000002 6.1357142925000012 0.25887092900000003 0.45738614300000008 11.000000150000002 0.20483348800000004 0.71390232500000017
decision_type=2 2 10 2 2 2 2 2 2 2 2
left_child=4 2 3 -2 5 8 -6 -7 10 -10 -1
right_child=1 -3 -4 -5 6 7 -8 -9 9 -11 -12
leaf_value=-0.0016476469796820633 -1.7390439035817424e-05 0.00091675789021455445 -0.0023214801266970937 0.00071599115425299256 0.0011704858391886014 0.0010860116556885568 0.00016145133773275944 -6.6337945137795595e-05 0.0017826778366913354 -0.00043835772977082277 -0.00063912396883903473
leaf_weight=200 24 29 40 24 20 20 24 21 20 20 20
leaf_count=200 24 29 40 24 20 20 24 21 20 20 20
internal_value=0.000231201 0.00101443 0.000495495 0.00131148 -3.03645e-05 -0.000193837 0.00102679 0.000657895 -0.000337423 0.000196078 -0.000443841
internal_weight=462 117 88 48 345 301 44 41 260 40 220
internal_count=462 117 88 48 345 301 44 41 260 40 220
is_linear=0
shrinkage=0.01


Tree=462
num_leaves=10
num_cat=0
split_feature=103 39 58 1 90 19 58 51 3
split_gain=0.638817 0.434332 0.48092 0.494045 0.25545 0.386795 0.196112 0.0426247 0.0288315
threshold=27.836040485000002 6.0428572040000015 0.55000001200000004 0.26634871450000003 12.894999845000003 0.56285614300000009 0.25000000350000007 24.399999685000004 0.35252696400000011
decision_type=10 2 2 2 2 2 2 2 2
left_child=1 4 6 -4 5 -1 -3 -6 -8
right_child=-2 2 3 -5 7 -7 8 -9 -10
leaf_value=-1.4378628021615268e-05 0.00093324615051874893 3.0612366533027234e-05 -0.00034882514532940902 0.00043245496854316833 -0.0015687300362299853 0.0011474327588948704 -0.002389055809833977 -0.00058713269826640745 -8.699222450234717e-05
leaf_weight=32 28 22 30 31 179 29 48 20 20
leaf_count=32 28 22 30 31 179 29 48 20 20
internal_value=8.75397e-05 -8.49939e-06 0.000411726 0.00109223 -0.000260736 0.000283171 -3.30398e-05 -0.000437938 -0.000319768
internal_weight=439 411 151 61 260 61 90 199 68
internal_count=439 411 151 61 260 61 90 199 68
is_linear=0
shrinkage=0.01


Tree=463
num_leaves=10
num_cat=0
split_feature=58 40 15 88 17 15 3 6 55
split_gain=0.752091 0.531961 1.13111 0.530409 0.72992 1.87638 0.282481 0.104623 0.0813032
threshold=0.25000000350000007 5.7357142995000006 0.65142042900000019 15.067142895000002 0.68431400000000009 0.7266769525000002 0.36282485750000004 0.52688710700000019 1.1000000085000001
decision_type=2 2 2 2 2 2 2 2 2
left_child=-1 2 -2 -4 7 -6 8 -5 -3
right_child=1 6 3 4 5 -7 -8 -9 -10
leaf_value=0.0012256558223804779 0.0014058740020336951 -0.0029734973797174414 -0.00070588920862227735 -1.3941207363494544e-05 0.0011811739740395745 -0.00013644271434338524 0.00032673199910947118 1.047276935287703e-05 -0.00066304971427459409
leaf_weight=23 21 151 70 44 28 43 35 20 37
leaf_count=23 21 151 70 44 28 43 35 20 37
internal_value=0.000215736 0.000118942 0.000462963 0.000221088 0.000592783 0.0012883 -0.00022118 -0.000154321 -0.000381356
internal_weight=472 449 226 205 135 71 223 64 188
internal_count=472 449 226 205 135 71 223 64 188
is_linear=0
shrinkage=0.01


Tree=464
num_leaves=8
num_cat=0
split_feature=53 16 16 32 101 67 12
split_gain=0.653492 0.63286 1.27732 0.545187 0.268407 0.160107 0.0380391
threshold=60.299998505000012 0.67720392850000011 0.68549789250000015 3.0142857180000004 131.19284590000004 2.3849997520000001 0.66346457150000016
decision_type=2 2 2 2 2 2 2
left_child=1 5 -3 4 6 -1 -4
right_child=-2 2 3 -5 -6 -7 -8
leaf_value=-0.0026283705755041297 0.00067858963735092589 0.0013293998248345626 -7.2582008156209009e-06 0.00068523057423972077 0.000218140875082396 3.7773709877116649e-05 -9.8943955545813053e-05
leaf_weight=219 21 21 20 33 35 20 102
leaf_count=219 21 21 20 33 35 20 102
internal_value=2.64942e-05 -5.10205e-05 0.000342304 6.81341e-05 -0.000167934 -0.000406589 -0.000399023
internal_weight=471 450 211 190 157 239 122
internal_count=471 450 211 190 157 239 122
is_linear=0
shrinkage=0.01


Tree=465
num_leaves=10
num_cat=0
split_feature=53 102 4 47 101 69 30 44 6
split_gain=0.604224 0.446174 0.895943 0.331674 0.328726 0.262323 0.55943 0.161009 0.0426247
threshold=60.299998505000012 23.530456615000002 0.41752242900000008 7.7500000185000006 132.04113905000003 30.669999600000001 4.2642856750000009 8.0500001680000022 0.55223403550000005
decision_type=2 10 2 2 2 2 2 2 2
left_child=1 3 4 8 5 7 -7 -3 -1
right_child=-2 2 -4 -5 -6 6 -8 -9 -10
leaf_value=-0.0007480004381913586 0.00067180374097741474 -0.00014378314594209909 0.00057264337226857508 2.5427941289456884e-05 0.00080871297909882898 0.00078084867688075002 -0.0034027484679272548 0.00019498613426247841 -0.00063940609649316027
leaf_weight=179 21 100 20 20 30 20 22 36 20
leaf_count=179 21 100 20 20 30 20 22 36 20
internal_value=9.38565e-05 1.0049e-05 0.000323426 -0.000307097 0.000114942 -3.915e-05 0.000630841 -0.000263158 -0.000437938
internal_weight=468 447 228 219 208 178 42 136 199
internal_count=468 447 228 219 208 178 42 136 199
is_linear=0
shrinkage=0.01


Tree=466
num_leaves=10
num_cat=0
split_feature=39 55 5 39 102 6 49 27 31
split_gain=1.08274 1.10905 0.878989 0.63783 0.245938 0.202535 0.170503 0.175454 0.123164
threshold=6.0285714010000016 0.40000000950000009 0.42707578600000007 6.314285721000001 27.820630600000005 0.54994721450000006 1.2000000365000003 2.2142857185000007 2.0142857265000003
decision_type=2 2 2 2 10 2 2 2 2
left_child=4 3 -3 8 5 6 -1 -8 -2
right_child=1 2 -4 -5 -6 -7 7 -9 -10
leaf_value=-0.00089481619717297607 0.00031366789693030764 5.4007939291275815e-05 0.0001513306529893379 0.0008634522923241007 0.00074486883939468525 3.7347033811262824e-05 -0.0010990714430704669 0.00056065879281030613 -0.0024759469582061292
leaf_weight=216 20 27 29 37 21 28 21 20 65
leaf_count=216 20 27 29 37 21 28 21 20 65
internal_value=0.000156766 0.000777405 0.00193662 0.00021987 -0.000198827 -0.000281666 -0.000374321 0.000179426 -0.000238928
internal_weight=484 178 56 122 306 285 257 41 85
internal_count=484 178 56 122 306 285 257 41 85
is_linear=0
shrinkage=0.01


Tree=467
num_leaves=10
num_cat=0
split_feature=53 49 12 9 90 68 12 23 4
split_gain=0.509047 0.451931 0.810111 0.884295 0.45167 0.496012 0.225334 0.17951 0.0350185
threshold=0.60000001250000012 0.65000000600000007 0.7196506425000001 0.6081257000000001 14.625714230000002 35.210000515000011 0.63697614300000016 1.8142857125000003 0.39193309500000001
decision_type=2 2 2 2 2 2 2 2 2
left_child=7 4 3 -3 8 -6 -7 -1 -2
right_child=1 2 -4 -5 5 6 -8 -9 -10
leaf_value=-0.0013122638089659675 -0.0016664076086960944 -0.00010512019458086089 -2.6818967074996553e-05 0.00057289450100089648 0.000674756317223037 0.00010953472042614841 -0.0039736029208783195 7.4223626585150068e-05 7.0396872999247404e-05
leaf_weight=144 77 22 33 23 32 20 36 36 20
leaf_count=144 77 22 33 23 32 20 36 36 20
internal_value=8.22441e-05 0.000365807 0.00100254 0.00186681 8.34229e-05 0.000608108 0 -0.000320797 -0.000373211
internal_weight=443 263 78 45 185 88 56 180 97
internal_count=443 263 78 45 185 88 56 180 97
is_linear=0
shrinkage=0.01


Tree=468
num_leaves=7
num_cat=0
split_feature=38 93 51 103 31 0
split_gain=1.13026 0.408435 0.327233 0.360524 0.219764 0.132132
threshold=5.414285694000001 19.809285570000004 3.1000000685000004 27.836040485000002 2.0285714435000002 0.065224698000000011
decision_type=2 2 2 10 2 2
left_child=1 2 -1 4 -4 -6
right_child=-2 -3 3 -5 5 -7
leaf_value=0.00043986983582805983 5.2925840356508988e-05 0.00050498017629387461 0.00019027355458148238 0.00054663751064267668 5.7499729599944479e-05 -0.00051330764627056653
leaf_weight=25 25 29 26 39 21 284
leaf_count=25 25 29 26 39 21 284
internal_value=0.000118942 -1.18985e-10 -8.96919e-05 -0.000169903 -0.000281796 -0.000361347
internal_weight=449 424 395 370 331 305
internal_count=449 424 395 370 331 305
is_linear=0
shrinkage=0.01


Tree=469
num_leaves=11
num_cat=1
split_feature=101 15 104 56 73 5 20 20 0 1
split_gain=0.751304 1.47083 0.35079 0.861426 0.289998 0.229496 0.10442 0.215673 0.0296969 0.0294163
threshold=131.19284590000004 0.73050889250000017 0 1.0500000045000002 68.444999695000021 0.47233514250000003 36.855000000000011 30.740000000000006 0.22684882650000002 0.27193592850000003
decision_type=2 2 1 2 2 2 2 2 2 2
left_child=2 -2 3 -1 6 9 7 8 -4 -5
right_child=1 -3 4 5 -6 -7 -8 -9 -10 -11
leaf_value=0.0012457270764865817 0.0008583264035417564 -0.00050284228917851716 -0.0059929984285986351 -0.0024876799106072016 0.0011231230505659162 0.00014863316051403231 -0.0011214049202152169 0.00056486583578441618 -0.00069032994541159162 -0.0008019517726959262
leaf_weight=27 25 25 51 50 20 20 173 21 20 20
leaf_count=27 25 25 51 50 20 20 173 21 20 20
internal_value=9.27561e-05 0.00124016 -4.71699e-05 0.000387324 -0.000238337 -3.30398e-05 -0.000340482 -4.31036e-05 -0.000327298 -0.000324859
internal_weight=452 50 402 117 285 90 265 92 71 70
internal_count=452 50 402 117 285 90 265 92 71 70
cat_boundaries=0 1
cat_threshold=681609476
is_linear=0
shrinkage=0.01


Tree=470
num_leaves=12
num_cat=0
split_feature=38 102 53 103 51 51 51 68 7 5 6
split_gain=0.68517 0.68249 0.604631 0.466362 0.239649 0.420677 0.414844 0.107796 0.141234 0.0427332 0.0272148
threshold=5.414285694000001 29.140435005000004 25.450000005000003 23.993880675000003 5.1499999055000005 9.550000123500002 1.6000000055000003 34.71999979000001 0.40947400000000006 0.50600021400000006 0.48931390450000006
decision_type=2 10 2 10 2 2 2 2 2 2 2
left_child=1 3 -3 7 6 10 -5 -1 -9 -10 -6
right_child=-2 2 -4 4 5 -7 -8 8 9 -11 -12
leaf_value=1.6100847879933891e-05 6.4602995604586298e-05 0.00010818739900801285 0.001279830326508671 -8.378735845616284e-05 -0.00085539406903730863 0.00036792245984966222 0.0025673445928759099 0.00042138758383909682 -0.0015868002570312862 -0.00041180122171539241 7.1574292664173538e-05
leaf_weight=21 24 37 23 20 43 29 23 20 182 20 20
leaf_count=21 24 37 23 20 43 29 23 20 182 20 20
internal_value=0.000231201 0.000134457 0.00111842 -1.84795e-05 0.000445508 0.00012931 0.00106164 -0.00028507 -0.000354578 -0.000438856 -0.000305643
internal_weight=462 438 60 378 135 92 43 243 222 202 63
internal_count=462 438 60 378 135 92 43 243 222 202 63
is_linear=0
shrinkage=0.01


Tree=471
num_leaves=8
num_cat=0
split_feature=17 19 52 80 17 14 46
split_gain=0.367212 1.28568 0.224085 0.224296 0.165886 0.256024 0.112705
threshold=0.56319950000000019 0.44746678600000006 22.500000005000004 66.175002100000015 0.68903750000000008 0.71322011400000007 14.049999980000001
decision_type=2 2 2 2 2 2 2
left_child=-1 -2 3 -3 6 -6 -5
right_child=1 2 -4 4 5 -7 -8
leaf_value=-0.0081022616963415534 0.00056660615710829013 6.2075404590448131e-05 0.0019070555555078434 -0.00059871783678810617 5.9300952151419102e-05 -0.00011492612176707261 -3.7791479269859372e-05
leaf_weight=135 23 20 29 155 25 67 27
leaf_count=135 23 20 29 155 25 67 27
internal_value=-3.83978e-05 0.000129758 -2.93392e-05 -0.000118725 -0.000200146 0.00012931 -0.000377462
internal_weight=481 346 323 294 274 92 182
internal_count=481 346 323 294 274 92 182
is_linear=0
shrinkage=0.01


Tree=472
num_leaves=9
num_cat=0
split_feature=27 75 31 28 8 71 30 40
split_gain=0.623644 0.913379 0.396407 0.350507 0.348029 0.209372 0.280271 0.128057
threshold=2.3642857245000006 83.454999925000024 2.0142857095000006 3.8714285750000004 0.48260336750000005 1.1549997330000001 3.6642857450000004 5.5285714010000016
decision_type=2 2 2 2 2 2 2 2
left_child=3 2 -2 -1 -5 6 7 -6
right_child=1 -3 -4 4 5 -7 -8 -9
leaf_value=0.00015030607596310975 0.00067108285521097423 0.0014243743612514434 -0.0031793272984166655 0.0022395516778501486 -0.00066252117443071261 -0.0010516671837628242 7.489731104070537e-05 0.0005379072843517493
leaf_weight=24 21 21 35 27 73 188 38 20
leaf_count=24 21 21 35 27 73 188 38 20
internal_value=7.70432e-05 0.000893316 0.000176056 -8.89969e-05 -0.000175894 -0.000273609 1.8968e-05 -0.000261194
internal_weight=447 77 56 370 346 319 131 93
internal_count=447 77 56 370 346 319 131 93
is_linear=0
shrinkage=0.01


Tree=473
num_leaves=9
num_cat=0
split_feature=16 52 87 2 1 38 12 3
split_gain=0.613269 0.732767 0.38956 0.320801 0.693373 0.237245 0.575568 0.258632
threshold=0.67720392850000011 11.199999935000003 5.0242856460000009 0.31215902400000006 0.29540685750000006 4.5714285200000004 0.68095057100000012 0.34914285700000008
decision_type=2 2 2 2 2 2 2 2
left_child=3 2 -2 -1 -5 6 -3 -8
right_child=1 5 -4 4 -6 -7 7 -9
leaf_value=-0.0022273134707874445 5.2709116093205381e-05 0.00063993826408919707 0.0004588158958707702 0.00065018159185586098 -0.0036520040505880753 -0.00049493237109135156 -3.3286046822397209e-05 0.0001424071564507043
leaf_weight=193 36 20 28 20 36 56 50 20
leaf_count=193 36 20 28 20 36 56 50 20
internal_value=4.02348e-05 0.000441176 0.00132716 -0.000290232 0.000352113 3.40598e-05 0.000363436 -4.2373e-05
internal_weight=459 210 64 249 56 146 90 70
internal_count=459 210 64 249 56 146 90 70
is_linear=0
shrinkage=0.01


Tree=474
num_leaves=8
num_cat=1
split_feature=38 104 48 15 82 20 79
split_gain=0.879774 0.400564 0.690462 0.406715 1.1302 0.328929 0.133967
threshold=5.414285694000001 0 0.25000000750000007 0.64839448600000005 7.4307143005000009 35.515000000000008 94.149999620000017
decision_type=2 1 2 2 2 2 2
left_child=1 -1 3 6 -5 -6 -3
right_child=-2 2 -4 4 5 -7 -8
leaf_value=-0.00032357085514480584 5.4551047088765551e-05 -0.0021167859566263558 0.00094349951153518377 0.00079201216711049008 0.00058388683213203129 -2.3078112170624485e-05 0.0007207295932051015
leaf_weight=107 28 104 24 22 42 120 21
leaf_count=107 28 104 24 22 42 120 21
internal_value=0.000179181 6.35208e-05 0.000237056 0.000108134 0.000411255 0.000104422 -0.00032194
internal_weight=468 440 333 309 184 162 125
internal_count=468 440 333 309 184 162 125
cat_boundaries=0 1
cat_threshold=34673888
is_linear=0
shrinkage=0.01


Tree=475
num_leaves=10
num_cat=0
split_feature=39 46 12 19 102 4 69 46 3
split_gain=1.21756 0.58851 0.565746 0.59178 0.249559 0.24219 0.186294 0.158632 0.02997
threshold=6.0142857350000005 12.250000030000001 0.70907752400000013 0.52634835700000016 27.748442220000005 0.33806902850000004 24.915000440000004 14.249999820000001 0.35424183300000006
decision_type=2 2 2 2 10 2 2 2 2
left_child=4 2 3 8 6 -5 -1 -8 -2
right_child=1 -3 -4 5 -6 -7 7 -9 -10
leaf_value=4.5884009987642435e-06 -0.0028050615453819447 0.00091770909586201305 0.00044928879360851798 0.0013492017326781974 0.00079827748639165808 -5.1266974492485092e-05 -0.00095897546249066516 2.3266764306240554e-05 -0.0012811445287407037
leaf_weight=31 52 34 29 25 21 24 203 20 20
leaf_count=31 52 34 29 25 21 24 203 20 20
internal_value=0.000214223 0.000844156 0.000550398 0.00022578 -0.000201233 0.0010743 -0.000294349 -0.000399911 -0.00032967
internal_weight=459 184 150 121 275 49 254 223 72
internal_count=459 184 150 121 275 49 254 223 72
is_linear=0
shrinkage=0.01


Tree=476
num_leaves=8
num_cat=0
split_feature=58 42 16 16 6 17 5
split_gain=0.778663 0.566736 0.317961 0.550297 0.373393 0.254218 0.0387645
threshold=0.25000000350000007 2.3500000235000003 0.61165600000000009 0.62757321450000003 0.5456963855000001 0.68903750000000008 0.51256828600000015
decision_type=2 2 2 2 2 2 2
left_child=-1 2 6 -4 5 -5 -2
right_child=1 -3 3 4 -6 -7 -8
leaf_value=0.0011719475262256618 -0.0053277032105588963 8.4836291015377414e-06 0.00079029473773664931 -0.0010798757853415504 9.5921024573730114e-05 1.4953213634909951e-05 -0.00089057874016091622
leaf_weight=23 110 22 21 137 20 109 20
leaf_count=23 110 22 21 137 20 109 20
internal_value=0.000187986 8.75397e-05 0 0.000189367 5.62218e-05 -4.45706e-05 -0.000405199
internal_weight=462 439 417 287 266 246 130
internal_count=462 439 417 287 266 246 130
is_linear=0
shrinkage=0.01


Tree=477
num_leaves=10
num_cat=0
split_feature=52 19 63 7 68 89 37 46 19
split_gain=0.950034 0.625414 0.505695 0.544837 0.250678 0.426615 0.160229 0.13488 0.104954
threshold=9.8500000200000013 0.5436420715000001 2.3900008200000005 0.55696314300000005 34.979999545000005 13.785714250000002 3.3714285240000001 15.349999815000002 0.62267214250000014
decision_type=2 2 2 2 2 2 2 2 2
left_child=1 -1 3 6 5 -4 -2 8 -6
right_child=2 -3 4 -5 7 -7 -8 -9 -10
leaf_value=0.00028802459081473579 1.9421367029660817e-05 -5.9080288802708328e-05 -0.0035832222334408743 0.00089111031998919451 -0.0023410246076111425 0.0012356907943920999 -0.0017612873683192471 0.00013484242845080956 -1.0583712765485917e-05
leaf_weight=20 25 23 28 38 222 26 35 20 31
leaf_count=20 25 23 28 38 222 26 35 20 31
internal_value=0.000115188 0.00151826 -2.46596e-05 0.000597166 -0.000218121 0.000383212 0 -0.000345143 -0.000411742
internal_weight=468 43 425 98 327 54 60 273 253
internal_count=468 43 425 98 327 54 60 273 253
is_linear=0
shrinkage=0.01


Tree=478
num_leaves=11
num_cat=0
split_feature=33 47 4 8 20 96 73 34 24 2
split_gain=0.714314 0.610799 0.637747 0.62844 0.594565 0.326288 0.289695 0.182819 0.184325 0.0158575
threshold=5.0642856530000007 5.8999999390000015 0.33042542850000006 0.57319155250000009 97.155000000000015 17.004285610000004 20.624999525000003 4.4142857280000003 1.8285714390000003 0.25239192850000008
decision_type=2 2 2 2 2 2 2 2 2 2
left_child=1 2 9 -4 5 -5 -3 -2 -9 -1
right_child=7 6 3 4 -6 -7 -8 8 -10 -11
leaf_value=-3.6773152189928381e-06 -0.0018057878051207779 5.975773656768074e-05 0.00073227206256837839 0.00014059122469184407 0.00031235235005488851 -0.00096843552629364725 -0.00073443089546779193 -0.0011147369635040412 0.0010140594150942143 -0.0021860437789660596
leaf_weight=20 132 20 24 38 36 44 69 25 31 21
leaf_count=20 132 20 24 38 36 44 69 25 31 21
internal_value=0.000190972 0.000520528 0.000851469 0.00116947 0.000833333 0.000326087 -0.000139198 -0.000275424 0.000176056 -0.000203349
internal_weight=460 272 183 142 118 82 89 188 56 41
internal_count=460 272 183 142 118 82 89 188 56 41
is_linear=0
shrinkage=0.01


Tree=479
num_leaves=9
num_cat=0
split_feature=52 58 6 28 19 63 7 88
split_gain=1.18067 0.703185 0.429034 0.261007 0.243749 0.204936 0.235637 0.147943
threshold=9.8500000200000013 0.25000000350000007 0.56165328550000015 4.1785714625000008 0.56143076800000002 2.3900008200000005 0.55696314300000005 14.997142795000002
decision_type=2 2 2 2 2 2 2 2
left_child=-1 -2 3 5 -5 6 -3 -7
right_child=1 2 -4 4 -6 7 -8 -9
leaf_value=0.00012514662849253034 0.00028387750661836963 -0.0025947081532502426 0.00015339414061091983 -0.0038154025493827128 0.0018249666720227421 0.00038898696075486186 0.00073081107758407571 -0.0021086293799851032
leaf_weight=36 20 41 30 26 20 47 25 221
leaf_count=36 20 41 30 26 20 47 25 221
internal_value=0.000182091 3.01763e-05 -5.59884e-05 -0.000152311 0.000534188 -0.000253883 0.000224551 -0.000379464
internal_weight=466 430 410 380 46 334 66 268
internal_count=466 430 410 380 46 334 66 268
is_linear=0
shrinkage=0.01


Tree=480
num_leaves=11
num_cat=0
split_feature=50 2 59 12 23 2 14 33 71 9
split_gain=1.0879 0.514744 0.359838 0.59916 0.472639 0.370071 0.211025 0.39276 0.0762622 0.0425877
threshold=8.3000000715000031 0.29986052350000003 1.8999999945000001 0.62224621450000006 1.9428571545000002 0.27315116700000003 0.73324492850000011 5.5357142515000008 0.53500032450000012 0.50185125000000019
decision_type=2 2 2 2 2 2 2 2 2 2
left_child=2 -2 3 5 8 -1 9 -8 -5 -4
right_child=1 -3 6 4 -6 -7 7 -9 -10 -11
leaf_value=0.0014769251431914756 4.6473971345079789e-05 0.00057000187707517095 -0.00022456587239402359 8.6153327318159356e-06 0.00030250395586741585 3.3723490349309146e-05 -0.0003537334758495489 0.0017276957288959367 -0.0006889449069276656 -0.0019293712067159786
leaf_weight=20 20 20 20 32 20 22 29 20 77 178
leaf_count=20 20 20 20 32 20 22 29 20 77 178
internal_value=0.0001068 0.00166667 -4.05923e-05 0.000305588 -1.92605e-05 0.00133178 -0.000288539 0.000271084 -0.000295993 -0.000437626
internal_weight=458 40 418 171 129 42 247 49 109 198
internal_count=458 40 418 171 129 42 247 49 109 198
is_linear=0
shrinkage=0.01


Tree=481
num_leaves=10
num_cat=0
split_feature=53 52 4 3 93 44 15 9 6
split_gain=0.650449 0.474711 0.641307 1.40867 0.510988 0.299201 0.236819 0.0910617 0.0442999
threshold=60.650000690000006 10.999999905000001 0.32941557150000006 0.32271811450000004 19.809285570000004 10.0000000905 0.7167060715000001 0.51665650000000019 0.57642178600000016
decision_type=2 2 2 2 2 2 2 2 2
left_child=1 2 -1 -4 5 7 -5 -3 -9
right_child=-2 4 3 6 -6 -7 -8 8 -10
leaf_value=-0.0018272432380049353 0.00070803226363275987 0.00044589054899036489 0.0011891644513102552 -0.0015299016323750828 0.00047781092524497673 0.00053484566194590699 5.6229853335904563e-05 -0.00072018072041472815 -0.00040416657430044077
leaf_weight=40 20 32 24 29 31 21 28 238 20
leaf_count=40 20 32 24 29 31 21 28 238 20
internal_value=9.6114e-05 1.40145e-05 0.000554187 0.00106968 -0.000172112 -0.000299872 0.00016436 -0.000388583 -0.000452087
internal_weight=483 463 121 81 342 311 57 290 258
internal_count=483 463 121 81 342 311 57 290 258
is_linear=0
shrinkage=0.01


Tree=482
num_leaves=11
num_cat=0
split_feature=50 102 101 43 58 7 2 28 23 68
split_gain=0.677848 0.917107 0.538936 0.733231 0.392531 0.373571 0.985463 0.264293 0.263675 0.0438755
threshold=7.0999999795000006 26.304769825000005 131.61942115000002 8.3500001095000016 0.25000000350000007 0.59956314300000002 0.31682800000000005 4.1785714625000008 1.8142857125000003 34.214999675000008
decision_type=2 10 2 2 2 2 2 2 2 2
left_child=2 -2 4 -4 -1 7 -7 9 -9 -6
right_child=1 -3 3 -5 5 6 -8 8 -10 -11
leaf_value=0.0011926431509858926 0.00048923214941465701 -0.00030432079435133245 0.00046492003253159392 -0.00097193080344939911 -0.002454238171168036 0.00081174226213969998 -0.0012261623857809112 -0.00081437937232630114 0.0013026407658670242 -0.0015944001294089885
leaf_weight=22 24 24 24 27 20 20 33 20 23 220
leaf_count=22 24 24 24 27 20 20 33 20 23 220
internal_value=0.0001955 0.00131148 5.73449e-05 0.00101351 -7.5251e-05 -0.000166271 0.000585502 -0.000315363 0.000376712 -0.000448505
internal_weight=457 48 409 51 358 336 53 283 43 240
internal_count=457 48 409 51 358 336 53 283 43 240
is_linear=0
shrinkage=0.01


Tree=483
num_leaves=12
num_cat=0
split_feature=40 10 0 15 103 52 2 12 6 6 0
split_gain=0.846896 0.389948 0.912935 1.4825 1.6601 0.434919 0.374371 0.280859 0.549486 0.0857157 0.0253349
threshold=5.8642857075000014 0.61801215300000012 0.2660955805000001 0.72705264250000012 26.401655540000004 11.200000015000002 0.29416990500000001 0.62224621450000006 0.41142607150000005 0.34464350000000005 0.28510645100000004
decision_type=2 2 2 2 8 2 2 2 2 2 2
left_child=1 7 3 4 -3 -5 -6 8 9 -1 -4
right_child=-2 2 10 5 6 -7 -8 -9 -10 -11 -12
leaf_value=7.2716429178745765e-05 -0.0044979516613902369 0.00069599451725140622 -0.0020345044722923878 3.5289428051329951e-05 -0.00071401190968177388 -0.00047189238545898251 0.00070315406413581157 -0.0017246375716260332 0.00085875197000459124 -0.00041753162897113631 -0.00044627504815691166
leaf_weight=20 139 27 20 21 22 45 20 62 20 31 38
leaf_count=20 139 27 20 21 22 45 20 62 20 31 38
internal_value=0.000162087 0.000443696 0.000730134 0.00118189 0.00219914 7.48502e-05 0.000864486 1.12106e-05 0.000452646 -6.75677e-05 -0.000289116
internal_weight=465 326 193 135 69 66 42 133 71 51 58
internal_count=465 326 193 135 69 66 42 133 71 51 58
is_linear=0
shrinkage=0.01


Tree=484
num_leaves=10
num_cat=0
split_feature=16 69 0 12 31 10 15 9 63
split_gain=0.533857 0.52999 0.66655 0.379456 0.593238 0.195121 0.332976 0.203277 0.134665
threshold=0.58913064300000018 28.459999560000004 0.12807888550000004 0.62224621450000006 2.0428571615000002 0.61801215300000012 0.69850314300000005 0.66726000000000008 4.7449998855000013
decision_type=2 2 2 2 2 2 2 2 2
left_child=-1 5 -3 -4 -5 -2 -7 -8 -6
right_child=1 2 3 4 8 6 7 -9 -10
leaf_value=-0.0051937792732921996 -0.0018668167515235611 0.0023541638153766033 0.00068443284323726496 0.00063696231945604021 6.2932269405739403e-05 9.0123714579330445e-05 -0.00011469730005572821 0.00024280457732276785 -0.00052020115241851181
leaf_weight=108 70 24 29 22 35 20 53 38 60
leaf_count=108 70 24 29 22 35 20 53 38 60
internal_value=0.000127229 0.000319784 0.00072014 0.000442779 0.000165535 -4.67548e-05 0.000201252 -3.81265e-05 -0.000161796
internal_weight=459 351 170 146 117 181 111 91 95
internal_count=459 351 170 146 117 181 111 91 95
is_linear=0
shrinkage=0.01


Tree=485
num_leaves=10
num_cat=0
split_feature=17 18 14 63 15 15 5 18 27
split_gain=0.595831 1.28526 0.77096 0.442463 0.675662 0.143775 0.140963 0.366786 0.0385915
threshold=0.56319950000000019 0.53550523800000016 0.61945440450000011 2.3900008200000005 0.72553692850000007 0.65915242900000004 0.43546857150000007 0.62823992900000014 2.4785714150000007
decision_type=2 2 2 2 2 2 2 2 2
left_child=5 -2 -3 4 -4 -1 8 -8 -5
right_child=1 2 3 6 -6 -7 7 -9 -10
leaf_value=-0.0080244066722913506 0.00034193128877113002 0.0012312453085154627 0.0007886439131551137 -0.00066485798192428215 -2.8915506292060112e-05 0.00018324770838344515 -0.00043494483229076098 7.551612281740692e-05 -2.4906334927396467e-05
leaf_weight=113 35 30 35 108 38 20 34 22 20
leaf_count=113 35 30 35 108 38 20 34 22 20
internal_value=0.000220491 0.00045539 0.000224114 3.68502e-05 0.000697832 -0.000332586 -0.00021645 0.000176056 -0.000403727
internal_weight=455 322 287 257 73 133 184 56 128
internal_count=455 322 287 257 73 133 184 56 128
is_linear=0
shrinkage=0.01


Tree=486
num_leaves=9
num_cat=0
split_feature=58 38 63 4 46 1 79 16
split_gain=1.03739 0.665392 0.486543 0.577049 0.373796 0.362405 0.283386 0.215565
threshold=0.25000000350000007 5.414285694000001 2.0500001910000005 0.33419702350000008 16.000000250000003 0.26014710700000004 95.604997635000018 0.6776522140000002
decision_type=2 2 2 2 2 2 2 2
left_child=-1 2 3 -2 6 -5 7 -4
right_child=1 -3 4 5 -6 -7 -8 -9
leaf_value=0.0010820567949871493 -0.00071361125671594761 6.4407666780001786e-05 -0.0033959274486171759 0.0024882145617959313 0.00067187642420422162 5.8030744998736548e-05 0.00040939957022777598 1.338876776744311e-05
leaf_weight=24 22 26 187 23 23 20 31 128
leaf_count=24 22 26 187 23 23 20 31 128
internal_value=0.000259901 0.000147569 4.82979e-05 0.000843465 -8.78855e-05 0.00151826 -0.000175894 -0.000270741
internal_weight=484 460 434 65 369 43 346 315
internal_count=484 460 434 65 369 43 346 315
is_linear=0
shrinkage=0.01


Tree=487
num_leaves=10
num_cat=0
split_feature=39 5 17 103 2 101 83 6 50
split_gain=0.775378 0.7716 1.2346 0.572562 0.437768 0.404945 0.193057 0.200493 0.0434122
threshold=6.0142857350000005 0.42560378550000005 0.56319950000000019 21.597050835000005 0.26596464300000006 97.036986940000006 5.4349999260000006 0.54994721450000006 6.3000001610000007
decision_type=2 2 2 10 2 2 2 2 2
left_child=6 4 -3 -4 5 -2 -1 8 -8
right_child=1 2 3 -5 -6 -7 7 -9 -10
leaf_value=2.4947144162320103e-05 -0.0054263579708678667 -0.0044944028507156184 0.00096181521255136353 5.7324242067258845e-05 -0.0011108678910543963 0.0012498516797227316 -0.00073956538869580403 2.6930237419444938e-05 2.5720523420760118e-05
leaf_weight=27 24 26 33 22 68 20 203 32 20
leaf_count=27 24 26 33 22 68 20 203 32 20
internal_value=8.51197e-05 0.000575335 0.00131418 0.0021595 1.77304e-05 0.000803571 -0.000243989 -0.000334246 -0.000444594
internal_weight=475 193 81 55 112 44 282 255 223
internal_count=475 193 81 55 112 44 282 255 223
is_linear=0
shrinkage=0.01


Tree=488
num_leaves=9
num_cat=0
split_feature=28 20 102 28 45 52 34 38
split_gain=0.683053 1.16445 0.36293 0.228431 0.1987 0.136377 0.175454 0.108018
threshold=3.8999999420000004 57.185000000000009 32.113691370000005 4.1857143300000006 0.65000000600000007 10.499999900000002 4.128571442000001 3.6071428745000005
decision_type=2 2 10 2 2 2 2 2
left_child=1 -1 3 4 -2 6 -6 -7
right_child=2 -3 -4 -5 5 7 -8 -9
leaf_value=-9.3178577236005801e-05 5.32151499488657e-05 0.00068218807949573131 0.00030948574953483434 0.00051693013290465828 -0.0027694908222485382 -0.00042532993892746465 7.0197934643527468e-05 -0.00070462014692223836
leaf_weight=37 26 34 33 34 21 30 20 218
leaf_count=37 26 34 33 34 21 30 20 218
internal_value=0.000113486 0.00100975 -4.96344e-05 -0.000150086 -0.000239075 -0.000319186 0.000179426 -0.000409968
internal_weight=453 71 382 349 315 289 41 248
internal_count=453 71 382 349 315 289 41 248
is_linear=0
shrinkage=0.01


Tree=489
num_leaves=8
num_cat=1
split_feature=81 104 16 101 11 35 3
split_gain=0.794934 0.638145 0.854311 1.51008 0.793061 0.73182 0.128421
threshold=-2.3828571194999992 0 0.72959375000000015 131.19284590000004 0.68832085700000012 5.3642856735000004 0.31532478600000008
decision_type=2 1 2 2 2 2 2
left_child=-1 6 3 4 5 -3 -2
right_child=1 2 -4 -5 -6 -7 -8
leaf_value=-0.0013309331672157188 0.00060233198918074958 5.7404711101817832e-05 -0.00016418545068097064 0.0010116683413050366 0.00013844902300980594 -0.00063399434946304501 -0.00093535186640298046
leaf_weight=117 38 45 45 21 33 100 68
leaf_count=117 38 45 45 21 33 100 68
internal_value=0.000223386 0.000464652 0.000729984 0.00104354 0.000721476 0.000380658 -0.000179795
internal_weight=467 350 244 199 178 145 106
internal_count=467 350 244 199 178 145 106
cat_boundaries=0 1
cat_threshold=70676
is_linear=0
shrinkage=0.01


Tree=490
num_leaves=11
num_cat=0
split_feature=66 14 6 3 45 21 79 51 14 44
split_gain=0.621942 0.851407 0.493114 0.78454 0.473661 0.289173 0.288204 0.452549 0.127387 0.0867734
threshold=2.4099998475000004 0.68534450000000013 0.54994721450000006 0.39936442850000003 1.0000000185000002 0.99285714100000011 94.379999165000001 16.749999985000002 0.75020021450000007 5.799999982000001
decision_type=2 2 2 2 2 2 2 2 2 2
left_child=1 4 6 -4 -1 9 8 -8 -2 -3
right_child=2 5 3 -5 -6 -7 7 -9 -10 -11
leaf_value=3.203899815152402e-05 -0.0018488113916996871 3.4024872572890475e-07 0.00013345283511224473 -0.0016245131890712916 0.00054797250244108416 4.3043810114238355e-05 0.0013599466449522627 -0.0020035373652191545 0.00018616524903063738 -0.00057650595984193396
leaf_weight=30 201 24 20 20 23 24 25 28 25 48
leaf_count=30 201 24 20 20 23 24 25 28 25 48
internal_value=0.00015785 0.000690921 -8.59914e-05 0.000931372 0.00170074 0.000103306 -0.000241244 0.000399628 -0.000401235 -0.000192308
internal_weight=468 149 319 40 53 96 279 53 226 72
internal_count=468 149 319 40 53 96 279 53 226 72
is_linear=0
shrinkage=0.01


Tree=491
num_leaves=8
num_cat=0
split_feature=16 6 58 15 7 7 43
split_gain=0.56834 0.677497 0.486904 0.427848 0.463084 0.468499 0.15072
threshold=0.58913064300000018 0.54869635750000012 0.25000000350000007 0.62680950000000013 0.54411971450000018 0.56306028600000013 10.399999920000001
decision_type=2 2 2 2 2 2 2
left_child=-1 2 -2 -4 6 -6 -5
right_child=1 -3 3 4 5 -7 -8
leaf_value=-0.0078589594290858714 0.0011483407377661818 0.0001460335996085122 0.0012126853572898377 -0.0010334439854004806 0.00053942466365152506 4.3517406664536433e-07 1.4776691656043824e-05
leaf_weight=108 22 29 26 144 35 90 20
leaf_count=108 22 29 26 144 35 90 20
internal_value=0.000149537 0.000340785 0.000205743 9.658e-05 -8.62676e-06 0.000441176 -0.000364078
internal_weight=474 366 337 315 289 125 164
internal_count=474 366 337 315 289 125 164
is_linear=0
shrinkage=0.01


Tree=492
num_leaves=12
num_cat=0
split_feature=16 16 15 5 47 5 55 10 24 102 0
split_gain=0.571695 1.20809 0.536802 0.311174 0.469681 0.220242 0.203203 0.134452 0.112404 0.147945 0.0882459
threshold=0.67720392850000011 0.68549789250000015 0.69390057150000006 0.43466569050000009 3.5999999940000005 0.45943835700000007 0.60000001650000001 0.68346490450000019 1.8642856905000003 23.530456615000002 0.12761261450000003
decision_type=2 2 2 2 2 2 2 2 2 10 2
left_child=6 -2 -3 7 -5 -6 8 -4 9 -1 -8
right_child=1 2 3 4 5 -7 10 -9 -10 -11 -12
leaf_value=-0.0037392953476405415 0.0010205773415841609 7.2863175412704012e-05 -0.00085346587363422212 0.00016678623725346314 0.0001903793199651016 -0.00019604619844323053 -0.0027937087372634523 0.00033391904883015245 -0.0027650639921955062 0.00044763076322769157 0.00057803114714446947
leaf_weight=30 20 21 86 20 20 34 22 20 152 25 20
leaf_count=30 20 21 86 20 20 34 22 20 152 25 20
internal_value=0.000112574 0.000484671 0.000235381 4.42477e-05 0.000548128 1.82481e-05 -0.000210168 -0.000290262 -0.000344081 8.96046e-06 0.000397196
internal_weight=470 221 201 180 74 54 249 106 207 55 42
internal_count=470 221 201 180 74 54 249 106 207 55 42
is_linear=0
shrinkage=0.01


Tree=493
num_leaves=12
num_cat=0
split_feature=32 15 17 92 5 50 29 31 16 18 1
split_gain=0.692273 0.686372 1.02812 0.726848 0.574455 0.53945 0.336228 0.138408 0.106886 0.0418538 0.0173123
threshold=2.8142857040000004 0.72758228550000015 0.68161828600000007 8.9821427210000007 0.48791635750000001 7.0999999795000006 4.1071428060000015 2.4285714375 0.75706978600000008 0.67178385700000021 0.21134878550000002
decision_type=2 2 2 2 2 2 2 2 2 2 2
left_child=1 2 5 -4 7 6 -1 9 -3 -2 -9
right_child=4 8 3 -5 -6 -7 -8 10 -10 -11 -12
leaf_value=-0.0026984776935149181 -0.002476275448060119 -0.00030927581783561989 0.00011859562663569759 0.0014263667097684991 0.00024085446716763748 0.00043823702237759117 0.00031942880906069422 0.006685049636784555 0.00015058741709222557 -3.1085615871309427e-05 -1.6872809964397175e-05
leaf_weight=47 160 46 20 20 38 25 36 20 20 20 21
leaf_count=47 160 46 20 20 38 25 36 20 20 20 21
internal_value=0.000235331 0.000656424 0.00103495 0.00240196 -0.000105851 0.000496323 7.75655e-05 -0.000308837 -0.000164671 -0.000431416 0.000179426
internal_weight=473 214 148 40 259 108 83 221 66 180 41
internal_count=473 214 148 40 259 108 83 221 66 180 41
is_linear=0
shrinkage=0.01


Tree=494
num_leaves=11
num_cat=0
split_feature=102 4 21 16 18 12 60 6 52 4
split_gain=0.531523 0.501799 0.506915 0.58885 0.801006 0.629949 0.18139 0.122488 0.0418983 0.0166011
threshold=23.530456615000002 0.32984010700000005 1.0142857135000003 0.72594564300000008 0.59664671450000006 0.70907752400000013 15.850000020000001 0.36636028550000005 10.399999970000001 0.37510842850000004
decision_type=10 2 2 2 2 2 2 2 2 2
left_child=6 7 3 4 5 -3 8 -2 -1 -4
right_child=1 2 9 -5 -6 -7 -8 -9 -10 -11
leaf_value=-0.00075609659640477598 0.00014579570109512745 -1.4549893048704415e-05 -0.0025165058162458899 -5.3544986014062317e-05 0.00091536315754941046 0.00013496173853059235 1.7673658641727219e-05 -0.00193224900683483 -0.00070461135171301153 -0.0018732197113810142
leaf_weight=20 20 41 20 31 29 22 33 64 161 22
leaf_count=20 20 41 20 31 29 22 33 64 161 22
internal_value=5.71366e-05 0.000374299 0.000696622 0.00102181 0.00142241 0.00072884 -0.000302607 -0.000235849 -0.000431793 -0.00021028
internal_weight=463 249 165 123 92 63 214 84 181 42
internal_count=463 249 165 123 92 63 214 84 181 42
is_linear=0
shrinkage=0.01


Tree=495
num_leaves=10
num_cat=0
split_feature=58 39 57 10 12 13 88 18 51
split_gain=0.671893 0.274816 0.388307 0.318519 0.211649 0.352686 0.13656 0.136097 0.0431691
threshold=0.25000000350000007 6.0142857350000005 2.6000000125000002 0.5605582145000001 0.74167728600000016 0.75991703350000017 14.997142795000002 0.7069623570000001 24.399999685000004
decision_type=2 2 2 2 2 2 2 2 2
left_child=-1 4 3 -3 7 -6 -5 8 -2
right_child=1 2 -4 6 5 -7 -8 -9 -10
leaf_value=0.00078842458729300234 -0.0010175550261446059 0.0012922585242845933 0.00038022235876584011 3.7159452251978889e-05 0.0005584577551346724 -0.00075111990503360065 -0.00056651812694823579 0.00048181810314494833 -0.00019655851982210967
leaf_weight=28 195 24 33 37 20 23 72 21 20
leaf_count=28 195 24 33 37 20 23 72 21 20
internal_value=4.53777e-05 -4.59849e-05 0.000269784 1.12106e-05 -0.000241244 0.000376712 -0.000204918 -0.000363176 -0.00044254
internal_weight=473 445 166 133 279 43 109 236 215
internal_count=473 445 166 133 279 43 109 236 215
is_linear=0
shrinkage=0.01


Tree=496
num_leaves=12
num_cat=0
split_feature=16 16 5 43 65 0 15 20 43 15 10
split_gain=0.948378 0.841358 0.402129 0.845069 0.868466 0.316148 0.503207 0.241666 0.57182 0.0416705 0.0302359
threshold=0.66486142900000011 0.68154645200000008 0.43466569050000009 9.3000000865000008 0.045000076500000007 0.22999441650000002 0.65046914300000014 39.240000000000002 8.7000001410000021 0.66843533350000006 0.61366478600000007
decision_type=2 2 2 2 2 2 2 2 2 2 2
left_child=5 -2 7 4 -4 9 -7 8 -3 -1 -9
right_child=1 2 3 -5 -6 6 -8 10 -10 -11 -12
leaf_value=-0.0020070549525067912 0.0010121280776172368 -0.00096272396298968861 0.00026688333203320284 -0.00068956575472345729 -2.0492778771479117e-05 0.0007115679387171604 -0.0020924152957389739 -0.00077077403931396843 0.0028574039034414819 -8.3930736280183474e-05 -0.0003135748391027634
leaf_weight=156 38 23 34 28 20 23 27 20 20 20 53
leaf_count=156 38 23 34 28 20 23 27 20 20 20 53
internal_value=0.000231201 0.000675676 0.000397384 0.000929952 0.00166058 -0.000224868 0.000452756 0 0.000605023 -0.000429864 -0.000331978
internal_weight=462 236 198 82 54 226 50 116 43 176 73
internal_count=462 236 198 82 54 226 50 116 43 176 73
is_linear=0
shrinkage=0.01


Tree=497
num_leaves=11
num_cat=0
split_feature=50 55 11 13 59 52 54 18 23 0
split_gain=0.894141 0.335694 0.554161 0.37625 0.496291 0.301668 0.155842 0.244488 0.0650679 0.0272148
threshold=7.0999999795000006 0.40000000950000009 0.5757818065000001 0.73070820000000014 1.6499999950000002 11.200000170000001 8.8499999050000024 0.56801864300000016 1.8142857125000003 0.19250341700000004
decision_type=2 2 2 2 2 2 2 2 2 2
left_child=1 6 -3 8 -5 -6 7 9 -4 -1
right_child=-2 2 3 4 5 -7 -8 -9 -10 -11
leaf_value=-0.00066992030005439903 0.00047307703900748509 0.0029129939330655506 -2.3381767685039594e-05 -0.00062755602794166052 0.0014393165499543468 0.00012856331937117024 -0.00089308199920358402 0.00063739242452584739 1.3942339546456464e-05 -0.0031088889851906753
leaf_weight=20 37 20 68 24 21 21 146 29 35 43
leaf_count=20 37 20 68 24 21 21 146 29 35 43
internal_value=9.89672e-05 -2.68818e-05 0.000281876 7.95052e-05 0.000673653 0.00133178 -0.00028057 2.15516e-05 -0.000284201 -0.000305643
internal_weight=464 427 189 169 66 42 238 92 103 63
internal_count=464 427 189 169 66 42 238 92 103 63
is_linear=0
shrinkage=0.01


Tree=498
num_leaves=9
num_cat=0
split_feature=84 17 18 75 7 101 103 28
split_gain=0.613627 0.630176 1.13299 0.516453 0.480807 0.332927 0.390016 0.134015
threshold=5.3307142770000011 0.56319950000000019 0.53550523800000016 75.259999275000013 0.60344354300000014 74.734244905000011 27.836040485000002 3.9214285440000003
decision_type=2 2 2 2 2 2 10 2
left_child=-1 7 4 -4 -3 -5 -7 -2
right_child=1 2 3 5 -6 6 -8 -9
leaf_value=-0.00057033886632446972 0.00014965540820899333 0.00029153692237209999 0.0010495419175388333 0.00083010541305347134 0.00066780538875228529 -9.6650551092432489e-06 0.00072043161459841589 -0.007956196059683375
leaf_weight=116 20 20 20 20 20 156 21 85
leaf_count=116 20 20 20 20 20 156 21 85
internal_value=0.00014411 0.000350055 0.000618697 0.0003191 0.00215686 0.00014914 0 -0.00028828
internal_weight=478 362 257 217 40 197 177 105
internal_count=478 362 257 217 40 197 177 105
is_linear=0
shrinkage=0.01


Tree=499
num_leaves=9
num_cat=0
split_feature=50 68 15 6 63 87 58 1
split_gain=0.735493 0.37848 0.522318 0.202064 0.295947 0.790907 0.120914 0.0204918
threshold=8.5500001795000014 35.244999410000013 0.65563264300000013 0.47562464300000001 3.6150002475000007 5.0385714040000016 0.35000000500000006 0.25235721450000009
decision_type=2 2 2 2 2 2 2 2
left_child=1 2 -1 -3 5 7 -4 -5
right_child=-2 3 6 4 -6 -7 -8 -9
leaf_value=0.00095498154060589201 9.5050488277294146e-05 -0.0014830640607942321 0.00070755864142249905 2.8067455790174811e-06 -0.0021327549789014358 0.0013541788860409482 -0.002351248699236347 -4.7132487493776977e-05
leaf_weight=20 37 208 29 20 68 23 32 28
leaf_count=20 37 208 29 20 68 23 32 28
internal_value=-2.2542e-05 -0.00014459 0.000458435 -0.000291835 0 0.000452646 0 -0.000245902
internal_weight=465 428 81 347 139 71 61 48
internal_count=465 428 81 347 139 71 61 48
is_linear=0
shrinkage=0.01


Tree=500
num_leaves=8
num_cat=0
split_feature=60 0 58 6 63 102 57
split_gain=0.63887 0.888483 0.739632 0.475169 0.368105 0.158687 0.130966
threshold=15.850000020000001 0.2660955805000001 0.25000000350000007 0.56165328550000015 1.5850005150000002 31.599505230000002 7.3000002170000009
decision_type=2 2 2 2 2 10 2
left_child=2 -2 -1 4 -4 6 -6
right_child=1 -3 3 -5 5 -7 -8
leaf_value=0.0008098329264829119 0.00012325787449384771 -0.0008926040327391241 0.00053092449541491883 0.0001255730702640146 -0.00063809410371295497 0.00012058216675449226 3.3371846792420163e-05
leaf_weight=27 20 23 26 29 306 32 20
leaf_count=27 20 23 26 29 306 32 20
internal_value=0.000137453 0.00128995 1.81487e-05 -8.33737e-05 -0.000181913 -0.000270346 -0.000339657
internal_weight=483 43 440 413 384 358 326
internal_count=483 43 440 413 384 358 326
is_linear=0
shrinkage=0.01


Tree=501
num_leaves=13
num_cat=0
split_feature=17 15 9 16 70 16 82 103 18 17 1 1
split_gain=0.650516 1.95816 0.993165 0.78454 0.424959 0.510869 0.560606 0.204952 0.380374 0.123825 0.0244948 0.0192946
threshold=0.68161828600000007 0.7266769525000002 0.60323425000000019 0.70473278550000007 33.080001355000007 0.61165600000000009 8.1164285795000009 23.925738300000003 0.57402792850000017 0.74883738100000008 0.21511478550000004 0.23832592850000003
decision_type=2 2 2 2 2 2 2 10 2 2 2 2
left_child=4 2 3 -2 7 11 -7 -1 -9 -3 -10 -6
right_child=1 9 -4 -5 5 6 -8 8 10 -11 -12 -13
leaf_value=-0.0020790504090508598 0.0013770299248965518 -0.00016366870961983328 0.00049438168194331162 -0.0022637784165890689 -0.0065538843558968886 0.00096849481118735348 -0.0015765578857569018 0.00055777546733759608 -0.00060589376324126319 0.00015481880924647751 -0.00063585650761084297 -0.00064530651639530532
leaf_weight=162 20 66 26 20 26 30 22 21 20 20 36 20
leaf_count=162 20 66 26 20 26 30 22 21 20 20 36 20
internal_value=0.000190894 0.000732984 0.00202096 0.000931372 -4.88456e-05 0.000495951 0.00117424 -0.000281485 0.000122108 -0.000241936 -0.00028169 -0.000235043
internal_weight=489 152 66 40 337 98 52 239 77 86 56 46
internal_count=489 152 66 40 337 98 52 239 77 86 56 46
is_linear=0
shrinkage=0.01


Tree=502
num_leaves=9
num_cat=1
split_feature=58 104 5 48 1 21 78 52
split_gain=0.721262 0.458674 0.871047 0.394681 0.921816 0.262662 0.214767 0.0417118
threshold=0.25000000350000007 0 0.46976100000000004 0.25000000750000007 0.29022164300000003 0.92857142450000019 48.520001415000003 10.299999965000001
decision_type=2 1 2 2 2 2 2 2
left_child=-1 2 5 6 -5 -2 -3 -8
right_child=1 3 -4 4 -6 -7 7 -9
leaf_value=0.0008467245848435322 -0.00062404078461130027 3.2382005915997627e-05 0.00065519170784059295 0.00091149422677132383 -0.00032357651519236116 0.00027744424778634256 -0.0018249238194040899 -0.00081184208783429974
leaf_weight=26 52 31 38 21 33 20 21 233
leaf_count=26 52 31 38 21 33 20 21 233
internal_value=8.51197e-05 -5.55814e-06 0.000521523 -0.000192968 0.000565693 -5.49452e-05 -0.000351645 -0.000451334
internal_weight=475 449 110 339 54 72 285 254
internal_count=475 449 110 339 54 72 285 254
cat_boundaries=0 1
cat_threshold=2100037
is_linear=0
shrinkage=0.01


Tree=503
num_leaves=10
num_cat=0
split_feature=24 27 54 102 102 79 22 24 20
split_gain=0.383083 0.665499 0.414481 0.273195 0.228542 0.20762 0.374232 0.158733 0.262976
threshold=1.7785714185000001 2.2642857260000002 14.449999720000003 26.491775155000003 34.040398345000007 94.379999165000001 2.2714285595000008 1.8357142850000001 62.545000000000009
decision_type=2 2 2 10 8 2 2 2 2
left_child=1 2 3 -1 5 7 -7 8 -2
right_child=4 -3 -4 -5 -6 6 -8 -9 -10
leaf_value=-0.00076944473745061987 5.8854744374222589e-05 0.00041306711540155055 0.00065389467438343811 0.00075512623436582358 0.00051490478251496748 -0.0019000195040984086 0.00053601633552049035 -0.0020026557514937347 -8.8089873477116726e-06
leaf_weight=69 29 22 27 21 20 30 29 184 40
leaf_count=69 29 22 27 21 20 30 29 184 40
internal_value=4.76896e-05 0.000489986 0.000165535 -0.000143172 -0.000132212 -0.000204604 0.000309364 -0.000332939 5.01431e-05
internal_weight=471 139 117 90 332 312 59 253 69
internal_count=471 139 117 90 332 312 59 253 69
is_linear=0
shrinkage=0.01


Tree=504
num_leaves=9
num_cat=0
split_feature=52 83 6 76 18 16 16 14
split_gain=0.778765 0.477621 0.925779 0.404083 0.442524 0.969745 0.445167 0.0404331
threshold=9.8500000200000013 7.3785713530000008 0.54869635750000012 43.944997790000009 0.64417014300000008 0.71712764300000009 0.62757321450000003 0.71195683350000005
decision_type=2 2 2 2 2 2 2 2
left_child=-1 2 3 -2 6 -6 -5 -3
right_child=1 7 -4 4 5 -7 -8 -9
leaf_value=0.00015320594942761322 -0.00017435610405555819 -0.0039028345145672599 0.00021437626013671274 0.00064436857654629625 0.0014072450638738473 0.00021793093216802785 -0.00016569015006397112 -0.00026708139959635781
leaf_weight=31 81 133 20 31 25 38 87 20
leaf_count=31 81 133 20 31 25 38 87 20
internal_value=0.000139246 2.40935e-05 0.000272277 0.00010274 0.000371287 0.00104232 0 -0.000419376
internal_weight=466 435 282 262 181 63 118 153
internal_count=466 435 282 262 181 63 118 153
is_linear=0
shrinkage=0.01


Tree=505
num_leaves=10
num_cat=0
split_feature=39 52 63 4 17 5 39 68 19
split_gain=0.610148 0.797671 0.296833 0.699552 0.273442 0.368024 0.294097 0.279893 0.140029
threshold=6.0142857350000005 9.8500000200000013 2.7599997520000001 0.38470978600000005 0.56340721400000005 0.42560378550000005 6.1428571770000007 35.314999580000013 0.59937400000000018
decision_type=2 2 2 2 2 2 2 2 2
left_child=2 -2 3 8 -3 6 -6 -7 -1
right_child=1 4 -4 -5 5 7 -8 -9 -10
leaf_value=-0.0006061110160349751 0.00020642137369964066 -0.004009670953919053 -0.0010036310118729276 0.00057054518725893882 0.00082314815018051559 0.00063195187846644342 -0.0011611201675905086 4.0247274803086092e-05 1.8657099345658078e-05
leaf_weight=65 25 41 174 20 28 23 46 23 35
leaf_count=65 25 41 174 20 28 23 46 23 35
internal_value=5.82362e-05 0.000508565 -0.000220489 0.000149007 0.000231767 0.000480132 1.33689e-05 0.00117521 -0.000178572
internal_weight=480 186 294 120 161 120 74 46 100
internal_count=480 186 294 120 161 120 74 46 100
is_linear=0
shrinkage=0.01


Tree=506
num_leaves=10
num_cat=1
split_feature=52 39 104 3 9 103 52 25 0
split_gain=1.13983 1.08974 0.277276 1.20246 0.268842 0.13649 0.209059 0.123825 0.0261223
threshold=9.8500000200000013 6.0428572040000015 0 0.35973842850000004 0.51665650000000019 25.797875890000004 11.200000170000001 1.885714297 0.10776786850000002
decision_type=2 2 1 2 2 10 2 2 2
left_child=1 -1 3 7 -4 -6 -7 -2 -8
right_child=2 -3 4 -5 5 6 8 -9 -10
leaf_value=-6.0067707418242603e-05 -0.0028676194144392408 0.00028499055856668942 0.0013043339288017126 0.00037269230334003792 -0.0014118526014859011 0.00036822651976214037 -3.5559471169063514e-06 2.7939925883184014e-06 -0.00026326630424372696
leaf_weight=20 66 20 36 30 201 20 20 20 40
leaf_count=20 66 20 36 30 201 20 20 20 40
internal_value=6.64836e-05 0.00166667 -7.95299e-05 0.000315457 -0.000233374 -0.000349539 0 -0.000241936 -0.000296053
internal_weight=473 40 433 116 317 281 80 86 60
internal_count=473 40 433 116 317 281 80 86 60
cat_boundaries=0 1
cat_threshold=170394121
is_linear=0
shrinkage=0.01


Tree=507
num_leaves=11
num_cat=0
split_feature=55 6 31 13 50 20 60 12 18 0
split_gain=0.752961 0.650061 0.551094 0.519801 0.59785 0.419164 0.317062 0.50121 0.0423975 0.0342222
threshold=0.30000000800000004 0.54869635750000012 2.0428571615000002 0.61424050850000012 8.499999821500003 55.035000000000004 4.7999999225000005 0.72753350000000017 0.69212364300000007 0.095361611500000013
decision_type=2 2 2 2 2 2 2 2 2 2
left_child=2 3 5 -2 6 -1 9 -8 -4 -5
right_child=1 -3 8 4 -6 -7 7 -9 -10 -11
leaf_value=-0.00024495032862677365 0.0022390467200813415 0.00020972325027357575 -0.0019453714015802252 -0.00047107759157054898 0.00044554115844949455 0.000681343406407081 -3.6959130282309976e-06 0.0015206122702699013 -0.00063327587081938089 -0.00081741360505140461
leaf_weight=25 25 20 173 20 20 20 58 20 20 72
leaf_count=25 25 20 173 20 20 20 58 20 20 72
internal_value=0.000193119 0.000595844 -0.000196818 0.00041937 0.000225367 0.000775109 1.75643e-05 0.000494924 -0.000436017 -0.000366379
internal_weight=473 235 238 215 190 45 170 78 193 92
internal_count=473 235 238 215 190 45 170 78 193 92
is_linear=0
shrinkage=0.01


Tree=508
num_leaves=11
num_cat=0
split_feature=16 102 18 2 6 85 71 66 6 1
split_gain=0.733199 0.817388 0.444621 0.965457 0.442382 0.223069 0.216618 0.289539 0.0399801 0.0373232
threshold=0.61165600000000009 31.599505230000002 0.68323078550000005 0.2567187855000001 0.53483178600000014 8.3057143685000021 1.0949997905000002 2.3299994470000005 0.55145610700000003 0.18739064300000005
decision_type=2 10 2 2 2 2 2 2 2 2
left_child=8 2 4 -4 6 -5 7 -2 -1 -8
right_child=1 -3 3 5 -6 -7 9 -9 -10 -11
leaf_value=-0.0049255635767727632 -8.7773666961811282e-06 0.00069754217632025245 0.0027591423704530615 -0.002386256977053114 0.00011039512936694988 0.00028985430671685383 -0.0021974543654431056 4.095115008911336e-05 -0.00026585628705405514 -0.0014798945155954186
leaf_weight=126 69 25 20 26 27 28 20 21 20 95
leaf_count=126 69 25 20 26 27 28 20 21 20 95
internal_value=0.000166387 0.000429475 0.000277053 0.000949198 5.15463e-05 0.00020073 -9.96114e-05 0.000253304 -0.000415531 -0.000392919
internal_weight=477 331 306 74 232 54 205 90 146 115
internal_count=477 331 306 74 232 54 205 90 146 115
is_linear=0
shrinkage=0.01


Tree=509
num_leaves=10
num_cat=0
split_feature=58 51 16 15 5 7 72 102 0
split_gain=0.530688 0.400654 0.253948 0.588734 1.17614 0.237647 0.127204 0.0426974 0.0351682
threshold=0.25000000350000007 3.1000000685000004 0.67720392850000011 0.7266769525000002 0.43466569050000009 0.45824207100000008 23.389999390000003 32.178096200000006 0.094894187500000018
decision_type=2 2 2 2 2 2 2 10 2
left_child=-1 -2 6 4 5 -4 7 -3 -5
right_child=1 2 3 8 -6 -7 -8 -9 -10
leaf_value=0.00094965544990518709 0.00043257695471673107 -0.0025079985928399564 0.0013109183646120646 -1.6045218673406137e-05 0.00062766499302132391 -1.4574848387518076e-05 0.0004794181238897876 -0.0017609350212664631 -0.0001739610358316423
leaf_weight=24 21 181 20 20 25 41 22 20 78
leaf_count=24 21 181 20 20 25 41 22 20 78
internal_value=2.65016e-05 -5.13061e-05 -0.000126288 0.000140693 0.000748848 0 -0.000355228 -0.000438553 -0.000374494
internal_weight=452 428 407 184 86 61 223 201 98
internal_count=452 428 407 184 86 61 223 201 98
is_linear=0
shrinkage=0.01


Tree=510
num_leaves=10
num_cat=2
split_feature=104 68 67 11 104 14 33 49 10
split_gain=0.446158 0.560039 0.334335 0.255965 0.119465 0.189389 0.285575 0.104623 0.0422785
threshold=0 35.210000515000011 1.8349995615000003 0.5534977860000001 1 0.75020021450000007 4.407142877500001 0.40000000950000009 0.7144432140000001
decision_type=1 2 2 2 1 2 2 2 2
left_child=1 -1 7 -2 5 6 -5 -3 -6
right_child=3 2 -4 4 8 -7 -8 -9 -10
leaf_value=0.00023264789810118906 0.0017483087834752589 -0.0022373016661633321 0.00078667274173748651 3.7683097037861123e-05 -0.000561931229621929 0.00082466316095812346 -0.0010204991214851958 5.7270478279583688e-05 6.8808244849967445e-05
leaf_weight=23 33 44 21 21 170 20 80 20 20
leaf_count=23 33 44 21 21 170 20 80 20 20
internal_value=4.41684e-06 0.00053872 0.000180653 -0.000169109 -0.0002678 0 -0.000181729 -0.000154321 -0.000413347
internal_weight=452 108 85 344 311 121 101 64 190
internal_count=452 108 85 344 311 121 101 64 190
cat_boundaries=0 1 2
cat_threshold=136350252 33555473
is_linear=0
shrinkage=0.01


Tree=511
num_leaves=12
num_cat=0
split_feature=40 16 10 19 16 101 3 9 17 16 2
split_gain=0.706462 0.523318 0.994418 1.17721 0.809255 0.413215 0.165729 0.426216 0.147496 0.118074 0.0282128
threshold=5.8642857075000014 0.72412207150000019 0.65450978550000005 0.51557842850000013 0.68549789250000015 131.77162625000003 0.31802852850000002 0.58228697500000004 0.61347135700000011 0.75706978600000008 0.32164928600000003
decision_type=2 2 2 2 2 2 2 2 2 2 2
left_child=1 2 5 4 -4 6 7 -1 -2 -3 -8
right_child=8 9 3 -5 -6 -7 10 -9 -10 -11 -12
leaf_value=-4.7863973014940578e-05 -0.0044989134508507719 -0.00055634785210692799 0.00042568980879380914 0.00045268893395867735 -0.0014156209917240768 7.9517301773104733e-05 -0.0011118495248195819 0.00066758085911206304 0.00054159754597658209 0.0031171371606979513 1.5476180757161874e-06
leaf_weight=55 128 58 27 24 27 24 46 24 20 20 20
leaf_count=55 128 58 27 24 27 24 46 24 20 20 20
internal_value=0.000214225 0.000477287 0.000704197 0.00163706 0.000748175 0.000256184 3.77228e-05 0.000357143 -0.000349462 -0.000215736 -0.000314371
internal_weight=473 325 247 78 54 169 145 79 148 78 66
internal_count=473 325 247 78 54 169 145 79 148 78 66
is_linear=0
shrinkage=0.01


Tree=512
num_leaves=9
num_cat=0
split_feature=7 59 101 14 12 84 36 22
split_gain=0.502927 0.323494 0.598186 0.234026 0.511137 0.519068 0.258344 0.120294
threshold=0.63897342850000005 4.2000000365000005 73.069060915000009 0.71040671450000015 0.66822935700000008 5.7857142520000009 4.0642857380000015 2.2857142605000003
decision_type=2 2 2 2 2 2 2 2
left_child=1 2 -1 4 6 -6 -4 -5
right_child=-2 -3 3 7 5 -7 -8 -9
leaf_value=0.0010552310487091665 0.00013288750694885271 -0.0021843823954878316 -0.00091700296118091284 0.00057312098789772455 0.00055392639237985229 0.00024814009993237449 3.7919137782578018e-05 -5.9281925038292172e-05
leaf_weight=28 32 108 114 23 20 37 31 100
leaf_count=28 32 108 114 23 20 37 31 100
internal_value=8.4042e-05 0 0.000145562 1.68814e-05 0.000231755 0.00102941 -7.20166e-05 -0.000319063
internal_weight=493 461 353 325 202 57 145 123
internal_count=493 461 353 325 202 57 145 123
is_linear=0
shrinkage=0.01


Tree=513
num_leaves=9
num_cat=0
split_feature=16 19 18 28 14 82 71 101
split_gain=0.567386 0.733555 0.816357 0.300559 0.340309 0.203592 0.3351 0.293359
threshold=0.59343418550000016 0.44746678600000006 0.49163257150000006 4.1857143300000006 0.7359785000000002 8.1685714380000025 0.77500009550000015 132.01285560000002
decision_type=2 2 2 2 2 2 2 2
left_child=-1 2 -2 5 -5 6 -3 -8
right_child=1 3 -4 4 -6 -7 7 -9
leaf_value=-0.0067732962359838425 -0.00041512442745670925 8.8428524506639077e-05 0.00051142659563341829 0.0017183653048512915 -0.00052260103480434781 -0.00030631491931245013 -3.0042315858989305e-05 0.00042029761481209428
leaf_weight=116 27 38 23 20 20 67 143 26
leaf_count=116 27 38 23 20 20 67 143 26
internal_value=0.000120632 0.000317982 0.00143701 0.000130241 0.000931372 3.63889e-06 0.000166025 -1.47233e-05
internal_weight=480 364 50 314 40 274 207 169
internal_count=480 364 50 314 40 274 207 169
is_linear=0
shrinkage=0.01


Tree=514
num_leaves=11
num_cat=0
split_feature=103 57 0 27 19 50 63 77 7 1
split_gain=0.325042 0.625289 0.964963 0.327314 0.243749 0.164363 0.102259 0.142738 0.0825037 0.0319177
threshold=22.302357010000005 3.7000000850000005 0.2660955805000001 2.4571428215000002 0.46978971450000007 2.6000000085000008 3.8150005340000006 50.63500023000001 0.54527407150000007 0.26673214300000009
decision_type=10 2 2 2 2 2 2 2 2 2
left_child=3 2 -2 6 -5 8 7 -1 -3 -7
right_child=1 5 -4 4 -6 9 -8 -9 -10 -11
leaf_value=-0.00040836214499865881 0.00079496933389469626 -0.0024082929453306092 -5.0932454913735519e-05 0.00029743828674215852 -0.0006623597014788332 -1.0502601458989854e-05 -0.0020595240533495024 9.7979146718960391e-05 0.00037996569120016146 -2.3739190713728471e-05
leaf_weight=35 36 21 22 20 26 60 181 27 20 20
leaf_count=35 36 21 22 20 26 60 181 27 20 20
internal_value=-4.26633e-06 0.000325361 0.00117347 -0.000215666 0.000534188 -6.97867e-05 -0.000367104 0 0.00041866 -0.000346535
internal_weight=468 179 58 289 46 121 243 62 41 80
internal_count=468 179 58 289 46 121 243 62 41 80
is_linear=0
shrinkage=0.01


Tree=515
num_leaves=10
num_cat=1
split_feature=104 16 30 28 20 31 68 89 5
split_gain=1.01916 1.27724 0.560938 0.321913 0.55943 0.173143 0.0901742 0.0767229 0.0662955
threshold=0 0.66522328550000009 4.1642857280000012 3.8714285750000004 55.850000000000009 2.5999999810000003 34.864999770000004 12.243571620000003 0.38297285750000004
decision_type=1 2 2 2 2 2 2 2 2
left_child=1 2 -1 4 -2 6 -5 8 -8
right_child=3 -3 -4 5 -6 -7 7 -9 -10
leaf_value=0.00066948036855001751 -0.0032427875362388953 0.0012125049750096059 -0.0044238439931699701 -1.1390590360577084e-05 0.00074295243921701981 0.00027281564900929865 -0.00093666402825116684 -0.00032690525066423552 0.00056491272855703815
leaf_weight=25 22 35 46 29 20 31 22 228 20
leaf_count=25 22 35 46 29 20 31 22 228 20
internal_value=8.14535e-05 0.000898972 0.000174095 -0.000167189 0.000630841 -0.000281137 -0.000358573 -0.000417282 0
internal_weight=478 106 71 372 42 330 299 270 42
internal_count=478 106 71 372 42 330 299 270 42
cat_boundaries=0 1
cat_threshold=2392077
is_linear=0
shrinkage=0.01


Tree=516
num_leaves=10
num_cat=1
split_feature=104 37 10 83 15 9 28 32 7
split_gain=0.822807 0.924274 1.07169 0.3166 0.596661 0.446873 0.310605 0.0384831 0.0983101
threshold=0 5.0428571360000012 0.69831042850000002 7.2635714525000008 0.7010374760000001 0.58228697500000004 4.1857143300000006 2.4214285870000003 0.49243864300000006
decision_type=1 2 2 2 2 2 2 2 2
left_child=6 2 3 4 5 -2 7 8 -1
right_child=1 -3 -4 -5 -6 -7 -8 -9 -10
leaf_value=0.00041747014386112421 0.00085639837786096243 0.00060222064162534518 0.00040956788929246232 -0.0022796495901145999 -0.00034043570885703914 0.00080065973925231193 0.0004404060746258809 -0.00075925702656076818 -4.4047882659497481e-05
leaf_weight=20 25 27 30 74 39 20 20 151 39
leaf_count=20 25 27 30 74 39 20 20 151 39
internal_value=0.000146927 0.000577945 0.000338983 0 0.000424528 0.00121179 -0.000261628 -0.000393738 -0.000125418
internal_weight=445 215 188 158 84 45 230 210 59
internal_count=445 215 188 158 84 45 230 210 59
cat_boundaries=0 1
cat_threshold=177276210
is_linear=0
shrinkage=0.01


Tree=517
num_leaves=11
num_cat=0
split_feature=90 83 1 90 75 52 52 2 2 0
split_gain=0.623293 0.618137 0.688681 0.4202 0.414077 0.376386 0.143439 0.165251 0.0882459 0.0686894
threshold=14.60500002 7.3785713530000008 0.27794585700000002 12.894999845000003 82.14500141500001 11.600000005000002 10.999999955000002 0.27510092900000011 0.34510588050000007 0.11745643050000001
decision_type=2 2 2 2 2 2 2 2 2 2
left_child=3 2 -2 5 -3 -1 7 -5 -4 -7
right_child=1 4 8 6 -6 9 -8 -9 -10 -11
leaf_value=0.0012131026519173653 0.0007391519858344352 0.00060409166390609054 -0.00086514193812993576 -0.00089019818732184589 -0.0023744975485388022 -0.00099701157841757199 -0.00056994789350939593 2.9647557304909191e-05 0.00019661655322632477 3.4691191633344566e-05
leaf_weight=23 29 23 22 25 56 23 193 22 20 20
leaf_count=23 29 23 22 25 56 23 193 22 20 20
internal_value=8.75656e-05 0.000616711 0.0012883 -0.000166232 0 0.000523952 -0.000365449 9.41421e-05 0.000397196 0
internal_weight=456 150 71 306 79 66 240 47 42 43
internal_count=456 150 71 306 79 66 240 47 42 43
is_linear=0
shrinkage=0.01


Tree=518
num_leaves=10
num_cat=0
split_feature=16 90 82 10 14 30 54 11 0
split_gain=0.57373 0.773642 0.648791 0.289498 0.936219 0.322078 0.605813 0.131704 0.0390144
threshold=0.60949717850000018 14.727857250000001 8.1164285795000009 0.61801215300000012 0.68534450000000013 3.6999999630000002 8.1999999285000005 0.55803550000000013 0.20999178100000002
decision_type=2 2 2 2 2 2 2 2 2
left_child=8 3 -3 7 -5 -6 -7 -2 -1
right_child=1 2 -4 4 5 6 -8 -9 -10
leaf_value=-0.0024478739399611937 0.0012693962439204306 0.00034562171658625318 -0.0014101068637562436 0.00042495204175670924 -5.4545163767365832e-05 -1.0699658547332359e-05 0.0023445028903496638 -0.00065723205669775435 -0.0045690758761447485
leaf_weight=113 20 35 20 25 62 66 25 80 20
leaf_count=113 20 35 20 25 62 66 25 80 20
internal_value=0.000139246 0.00036399 0.00144265 0.000139885 0.000385906 7.47723e-05 0.000462963 -0.000277778 -0.000407324
internal_weight=466 333 55 278 178 153 91 100 133
internal_count=466 333 55 278 178 153 91 100 133
is_linear=0
shrinkage=0.01


Tree=519
num_leaves=10
num_cat=0
split_feature=38 102 40 15 34 10 13 31 91
split_gain=0.678856 0.409205 0.3208 0.790694 0.600402 0.593706 0.254153 0.151643 0.349861
threshold=5.414285694000001 23.530456615000002 5.7071429495000006 0.72889664300000012 3.9857142480000003 0.59368217850000005 0.70579468750000018 2.2714285765000004 9.9299998625000025
decision_type=2 10 2 2 2 2 2 2 2
left_child=1 7 3 4 5 -3 -4 -1 -9
right_child=-2 2 6 -5 -6 -7 -8 8 -10
leaf_value=-0.00056540547522439353 5.4632452964917448e-05 0.00072911513112741049 -0.0018386304255243178 -0.00041797577896124117 0.00052207050886727657 -0.0013916745570505095 0.00010648202688874695 0.0012275997960999097 -0.0041570484022875427
leaf_weight=132 33 28 66 43 36 31 35 24 41
leaf_count=132 33 28 66 43 36 31 35 24 41
internal_value=0.000156449 4.57874e-05 0.000327356 0.00064121 0.00115344 0.000476589 -8.34972e-05 -0.000285642 8.35865e-05
internal_weight=469 436 239 138 95 59 101 197 65
internal_count=469 436 239 138 95 59 101 197 65
is_linear=0
shrinkage=0.01


Tree=520
num_leaves=11
num_cat=0
split_feature=56 15 31 15 92 50 52 83 7 0
split_gain=0.761467 0.596899 0.543811 0.409178 0.937122 0.431938 0.25001 0.242584 0.039407 0.0372139
threshold=1.1000000200000002 0.65142042900000019 2.0571428540000003 0.64586614300000011 13.022857190000002 6.3000001610000007 11.199999935000003 6.4428571460000006 0.40947400000000006 0.083771701500000018
decision_type=2 2 2 2 2 2 2 2 2 2
left_child=1 -1 -3 8 5 6 -5 -4 -2 -8
right_child=3 2 7 4 -6 -7 9 -9 -10 -11
leaf_value=0.00079637685047759645 -0.0043492092150285693 0.00016452845299089614 0.00016699655009528525 0.00036412118915410077 0.00075563928969671888 0.0004747374236204146 -1.4840772404680196e-05 -0.00088920190361109041 -0.0024254889615348326 -0.00051102171369853729
leaf_weight=23 20 39 20 36 20 28 20 43 118 94
leaf_count=23 20 39 20 36 20 28 20 43 118 94
internal_value=0.000254439 0.000918124 0.000554475 0 0.000296781 5.03355e-05 -0.00015252 0 -0.000410663 -0.000391986
internal_weight=461 125 102 336 198 178 150 63 138 114
internal_count=461 125 102 336 198 178 150 63 138 114
is_linear=0
shrinkage=0.01


Tree=521
num_leaves=10
num_cat=0
split_feature=31 16 83 16 17 7 45 17 0
split_gain=0.71128 0.564516 0.360327 0.382481 0.793044 0.505869 0.521155 0.133571 0.0348657
threshold=2.0428571615000002 0.67248635700000015 7.3785713530000008 0.71635612250000014 0.68903750000000008 0.55351397600000019 12.299999780000002 0.60072909550000009 0.092710708500000016
decision_type=2 2 2 2 2 2 2 2 2
left_child=1 -1 3 4 5 7 -7 -2 -5
right_child=2 -3 -4 8 -6 6 -8 -9 -10
leaf_value=-0.00074674718523440146 5.2813401292306063e-05 0.00056648358115466964 -0.0037960187963364134 -0.00076280381680286281 0.00098095559313784975 -4.5623597330401125e-05 0.00034202050686354328 -0.00045432240063146524 -0.00027873690146858426
leaf_weight=20 20 24 143 20 27 27 29 84 76
leaf_count=20 20 24 143 20 27 27 29 84 76
internal_value=4.88529e-05 0.00125 -7.26337e-05 0.000128612 0.000396698 0.00011194 0.000880282 -0.00028626 -0.000371901
internal_weight=470 44 426 283 187 160 56 104 96
internal_count=470 44 426 283 187 160 56 104 96
is_linear=0
shrinkage=0.01


Tree=522
num_leaves=10
num_cat=0
split_feature=12 90 90 103 27 53 103 27 0
split_gain=0.540868 1.04154 0.76267 0.469436 0.265463 0.314769 0.305533 0.138764 0.0314669
threshold=0.70907752400000013 14.424285820000003 14.739285740000001 26.715448845000004 2.2285714535000003 25.200000290000002 25.797875890000004 2.2428571540000006 0.092710708500000016
decision_type=2 2 2 10 2 2 10 2 2
left_child=4 3 -3 8 -1 6 7 -6 -2
right_child=1 2 -4 -5 5 -7 -8 -9 -10
leaf_value=-0.00075654168422020036 4.1063173436664549e-05 0.00033081118047952827 9.3437860067964554e-06 0.00080737821288331848 0.0010865376491158596 0.00026168780301179338 0.00056756375601756516 -0.0023268847682305343 -2.3433533367364602e-05
leaf_weight=150 20 20 20 20 20 22 28 97 58
leaf_count=150 20 20 20 20 20 22 28 97 58
internal_value=4.49757e-05 0.000569164 0.00191176 0 -0.000177785 8.64123e-05 -7.20166e-05 -0.000309847 -0.00034264
internal_weight=455 138 40 98 317 167 145 117 78
internal_count=455 138 40 98 317 167 145 117 78
is_linear=0
shrinkage=0.01


Tree=523
num_leaves=8
num_cat=0
split_feature=58 38 16 72 13 9 33
split_gain=1.32835 0.859651 0.333445 1.27058 0.194475 0.428866 0.181105
threshold=0.25000000350000007 5.414285694000001 0.58913064300000018 21.719999790000006 0.70869845850000013 0.60323425000000019 5.5714285880000007
decision_type=2 2 2 2 2 2 2
left_child=-1 2 -2 4 5 -4 -6
right_child=1 -3 3 -5 6 -7 -8
leaf_value=0.0010807623182733032 -0.006146634369826323 9.1023791977723392e-05 -0.00054709995031550923 0.00119649425893969 -4.1692451051654116e-05 0.00013170083369714035 0.00078684709879555759
leaf_weight=21 108 23 96 29 117 54 34
leaf_count=21 108 23 96 29 117 54 34
internal_value=0.000221624 0.000102858 0 0.000160218 -2.81645e-05 0.000218833 -0.000286561
internal_weight=482 461 438 330 301 150 151
internal_count=482 461 438 330 301 150 151
is_linear=0
shrinkage=0.01


Tree=524
num_leaves=9
num_cat=0
split_feature=82 4 46 16 101 18 76 2
split_gain=0.563226 0.594966 0.443401 1.17341 0.379255 0.242851 0.0969915 0.0337027
threshold=7.6842856405000015 0.42229839050000006 11.700000035 0.6921907140000001 129.01222555000001 0.69111900000000015 42.80000067000001 0.35287071450000002
decision_type=2 2 2 2 2 2 2 2
left_child=1 6 4 -4 5 7 -1 -2
right_child=2 -3 3 -5 -6 -7 -8 -9
leaf_value=-0.0016948769040259276 -0.001476028470229173 0.00019728038842595338 0.00058167345883938565 -2.6306315590750905e-05 6.5192426704323577e-05 0.0004221183538373447 -0.00068125792021278987 -0.0040574028222324279
leaf_weight=33 69 20 39 27 20 21 200 20
leaf_count=33 69 20 39 27 20 21 200 20
internal_value=5.22453e-05 -0.000254137 0.000457317 0.00112275 9.93883e-05 -0.000117329 -0.000404192 -0.000361915
internal_weight=449 253 196 66 130 110 233 89
internal_count=449 253 196 66 130 110 233 89
is_linear=0
shrinkage=0.01


Tree=525
num_leaves=12
num_cat=1
split_feature=39 59 79 19 43 104 0 19 11 18 74
split_gain=0.47411 0.652316 0.523314 0.432902 0.575445 0.272448 0.48952 0.180261 0.153223 0.11474 0.112937
threshold=6.0142857350000005 0.60000001250000012 97.054998400000002 0.55946532150000017 7.9000000730000011 0 0.12095741650000001 0.51093450000000018 0.72696064300000007 0.66230330950000005 44.055000305000007
decision_type=2 2 2 2 2 1 2 2 2 2 2
left_child=5 10 3 4 -3 6 9 -8 -7 -1 -2
right_child=1 2 -4 -5 -6 8 7 -9 -10 -11 -12
leaf_value=-0.0025866612829219238 2.541061172361735e-05 0.0011354273888757535 -0.00059628891915576858 0.0008765638316930351 3.0803787582069836e-05 -0.00094443435365941216 0.00017874779126711508 0.00061083292007247801 6.9988737119537346e-05 0.00033953878181629092 -0.0032889103105759828
leaf_weight=54 20 37 29 25 20 159 21 20 20 20 52
leaf_count=54 20 37 29 25 20 159 21 20 20 20 52
internal_value=0.000124529 0.000525027 0.00100626 0.00141304 0.00189446 -0.000118725 0.000242448 0.00113636 -0.000355638 -0.000200535 -0.000192308
internal_weight=477 183 111 82 57 294 115 41 179 74 72
internal_count=477 183 111 82 57 294 115 41 179 74 72
cat_boundaries=0 1
cat_threshold=34341136
is_linear=0
shrinkage=0.01


Tree=526
num_leaves=10
num_cat=0
split_feature=53 46 40 46 54 20 46 66 0
split_gain=0.622734 0.477156 0.738709 0.30225 0.461399 0.292589 0.108518 0.298796 0.0400475
threshold=0.30000000800000004 8.1999998540000014 5.9500000475000006 12.700000025000003 8.8999997155000035 16.420000000000005 10.399999870000002 1.8249998095000002 0.12761261450000003
decision_type=2 2 2 2 2 2 2 2 2
left_child=8 2 -2 5 -5 -3 -7 -8 -1
right_child=1 3 -4 4 -6 6 7 -9 -10
leaf_value=-0.0013514919859251226 0.00076236259758256366 0.0021465641978254003 -0.00041195046810481724 0.00050617594772997619 -0.00093901137371043761 -0.00012905320417850213 1.9585680427986388e-05 -0.0006998305762065159 -0.001833829559498966
leaf_weight=127 32 26 34 32 29 76 26 66 20
leaf_count=127 32 26 34 32 29 76 26 66 20
internal_value=0.000115188 0.000365134 0.00112275 0.000158327 0.000768608 -2.56675e-05 -0.000189574 2.15516e-05 -0.000416103
internal_weight=468 321 66 255 61 194 168 92 147
internal_count=468 321 66 255 61 194 168 92 147
is_linear=0
shrinkage=0.01


Tree=527
num_leaves=10
num_cat=0
split_feature=40 15 0 6 62 16 15 5 3
split_gain=0.565752 0.559477 0.712844 1.47495 0.733948 0.219608 0.177613 0.039407 0.0240534
threshold=5.8642857075000014 0.7266769525000002 0.26465027750000009 0.4833077380000001 0.63999986650000007 0.69752910700000015 0.75473470250000008 0.50013692850000013 0.34565277100000008
decision_type=2 2 2 2 2 2 2 2 2
left_child=1 2 3 4 5 -1 -3 -2 -4
right_child=7 6 8 -5 -6 -7 -8 -9 -10
leaf_value=-0.0023950221766414516 -0.0055078919824037885 -0.00014854522905227997 -2.0924395089372759e-05 0.00088434813129081966 0.00028142365881702464 0.00061649049056214681 0.0014587230304020254 -0.0018139252821616722 -0.0024501579026360966
leaf_weight=65 118 79 20 35 29 20 31 20 35
leaf_count=65 118 79 20 35 29 20 31 20 35
internal_value=0.000114841 0.000352605 0.000664062 0.0010247 0.000444251 -5.82762e-06 -0.000207581 -0.000410663 -0.000277778
internal_weight=452 314 204 149 114 85 110 138 55
internal_count=452 314 204 149 114 85 110 138 55
is_linear=0
shrinkage=0.01


Tree=528
num_leaves=12
num_cat=0
split_feature=3 102 91 62 102 85 2 43 23 3 7
split_gain=0.513768 0.624811 1.09254 0.317742 0.569676 0.631933 0.15352 0.120778 0.209059 0.0272148 0.0261223
threshold=0.35252696400000011 22.226472410000003 8.8185714310000023 0.51000022900000019 23.925738300000003 8.5257143295000013 0.35675721400000004 7.8500000015000007 1.8285714135000002 0.3109398570000001 0.54321450000000004
decision_type=2 10 2 2 8 2 2 2 2 2 2
left_child=3 6 -3 7 9 -6 -2 -1 10 -5 -9
right_child=1 2 -4 4 5 -7 -8 8 -10 -11 -12
leaf_value=-0.0023404970056636449 -0.00068406521471699123 1.9085002966048581e-05 0.00048828164885380719 -5.8447925067855731e-06 -3.325636610696093e-06 0.0012426292982720983 6.5233698386003478e-05 -0.0018847060566428528 0.00045137699608103766 -8.9219829471582011e-05 0.00031212347834502443
leaf_weight=145 36 35 20 20 32 24 26 40 20 43 20
leaf_count=145 36 35 20 20 32 24 26 40 20 43 20
internal_value=0.000102858 0.000674873 0.00144265 -8.70071e-05 0.000321369 0.00105634 0 -0.000312223 0 -0.000305643 -0.000296053
internal_weight=461 117 55 344 119 56 62 225 80 63 60
internal_count=461 117 55 344 119 56 62 225 80 63 60
is_linear=0
shrinkage=0.01


Tree=529
num_leaves=11
num_cat=0
split_feature=50 44 54 103 39 11 78 14 28 29
split_gain=0.526284 0.460447 0.437378 0.350093 0.303212 0.475118 0.149756 0.170852 0.0947827 0.0428039
threshold=8.5500001795000014 0.55000000800000015 1.0999999865000001 28.279382665000004 6.0714286055000004 0.66067950000000009 49.144999980000009 0.73712557100000009 4.1499999930000007 4.0714285880000007
decision_type=2 2 2 10 2 2 2 2 2 2
left_child=1 2 -1 4 6 8 7 -3 -6 -8
right_child=-2 3 -4 -5 5 -7 9 -9 -10 -11
leaf_value=-0.00010985582358020361 0.00025119943370735076 0.0013621597874277026 0.00090903827853795044 0.00076852878829164516 -0.0014204076518017253 8.118408658816455e-05 -0.00056906231969586338 -0.0011544464431221355 2.2273839835301629e-05 -0.00052564763019719734
leaf_weight=24 29 20 30 23 41 31 184 20 21 20
leaf_count=24 29 20 30 23 41 31 184 20 21 20
internal_value=0.000172375 7.47347e-05 0.000930657 -4.98893e-05 -0.000137656 0.000335821 -0.000326798 0.000196078 -0.000143312 -0.000439453
internal_weight=443 414 54 360 337 93 244 40 62 204
internal_count=443 414 54 360 337 93 244 40 62 204
is_linear=0
shrinkage=0.01


Tree=530
num_leaves=12
num_cat=0
split_feature=101 15 67 20 43 5 9 50 32 20 8
split_gain=0.553777 0.564516 0.469806 0.627625 0.298669 0.283224 0.556602 0.225839 0.135942 0.0800838 0.0431374
threshold=132.01285560000002 0.72790397600000012 0.54500007650000015 40.225000000000009 7.599999834000001 0.46976100000000004 0.66726000000000008 6.6000000495000011 3.2214285985000006 76.155000000000015 0.65998814300000008
decision_type=2 2 2 2 2 2 2 2 2 2 2
left_child=2 -2 3 -1 -5 7 -7 8 10 -8 -4
right_child=1 -3 5 4 -6 6 9 -9 -10 -11 -12
leaf_value=0.00039073886581439453 0.00075956074776858062 -0.0014577687485171345 -0.00031657781508143227 0.00022085296117198825 -0.0012831383104559321 0.00070804297033806639 5.250748001103324e-06 2.6504734663982158e-05 0.006386206707951766 -0.00031153568675738912 -4.9225641362686224e-05
leaf_weight=27 24 20 194 36 37 20 21 25 21 31 20
leaf_count=27 24 20 194 36 37 20 21 25 21 31 20
internal_value=0.000188758 0.00125 7.3937e-05 0.000674603 0.000155826 -0.000102164 0.00043956 -0.000260736 -0.000362596 -7.57577e-05 -0.000442272
internal_weight=476 44 432 100 73 332 72 260 235 52 214
internal_count=476 44 432 100 73 332 72 260 235 52 214
is_linear=0
shrinkage=0.01


Tree=531
num_leaves=11
num_cat=0
split_feature=39 52 17 85 84 102 5 17 15 52
split_gain=0.752318 1.06835 0.443953 0.673608 0.815499 0.232921 0.679843 0.212418 0.360103 0.087495
threshold=6.0285714010000016 9.8500000200000013 0.56319950000000019 8.6528572015000016 6.0942857820000009 22.836835770000004 0.46976100000000004 0.68903750000000008 0.7308591430000001 11.700000150000003
decision_type=2 2 2 2 2 10 2 2 2 2
left_child=5 -2 -3 9 -5 -1 7 -7 -9 -4
right_child=1 2 3 4 -6 6 -8 8 -10 -11
leaf_value=-0.00070839674253072552 0.00027902688087597468 -0.0043641565225204827 1.6743628127983588e-06 0.0013460945103624248 6.8593140888344542e-05 -0.0010659579346704539 0.00014963542317953066 0.00053788316946287468 -0.0013664517739673137 -0.0012839581153354454
leaf_weight=137 20 46 20 22 32 88 21 20 24 32
leaf_count=137 20 46 20 22 32 88 21 20 24 32
internal_value=0.000123163 0.000648148 0.000340314 0.000702247 0.0014781 -0.000182256 7.47723e-05 -0.000180723 0.000357143 -7.57577e-05
internal_weight=462 172 152 106 54 290 153 132 44 52
internal_count=462 172 152 106 54 290 153 132 44 52
is_linear=0
shrinkage=0.01


Tree=532
num_leaves=9
num_cat=0
split_feature=16 101 6 7 60 87 50 6
split_gain=0.673948 0.752343 0.547402 0.507214 0.402176 0.339706 0.134452 0.043499
threshold=0.67720392850000011 115.69645150000001 0.47784657150000004 0.50156432150000019 16.200000170000003 4.0107141995000015 2.1999999920000004 0.55479153600000009
decision_type=2 2 2 2 2 2 2 2
left_child=5 2 3 -2 6 -1 -3 -7
right_child=1 4 -4 -5 -6 7 -8 -9
leaf_value=0.00010726118432574865 0.00037556119352123962 0.000328987886860026 0.00098903978700264246 -0.0011287443053387763 1.9847496024591625e-05 -0.0023616582234619846 -0.0001287576075457349 -0.0017794475858820794
leaf_weight=20 22 20 26 24 32 206 86 20
leaf_count=20 22 20 26 24 32 206 86 20
internal_value=2.18913e-05 0.000441176 0.00126374 0.000534188 0 -0.000328201 -0.000290262 -0.000445326
internal_weight=456 210 72 46 138 246 106 226
internal_count=456 210 72 46 138 246 106 226
is_linear=0
shrinkage=0.01


Tree=533
num_leaves=9
num_cat=1
split_feature=89 46 104 4 101 0 29 63
split_gain=0.536616 0.743837 0.397422 1.17506 0.319395 0.232503 0.20441 0.232089
threshold=14.003571650000003 11.599999860000002 0 0.38555321400000003 132.06611080000002 0.16271763550000004 4.1285714930000008 2.0500001910000005
decision_type=2 2 1 2 2 2 2 2
left_child=2 -2 3 5 6 -1 7 -4
right_child=1 -3 4 -5 -6 -7 -8 -9
leaf_value=-0.00031647799486934268 -0.00043044977716584764 0.00062358376050599892 0.00024720850117208296 0.00010207499278629814 0.00030631449476976522 2.1314412734552779e-05 0.0022697587126957663 -0.0016482791078594164
leaf_weight=52 25 23 31 27 29 22 28 232
leaf_count=52 25 23 31 27 29 22 28 232
internal_value=0.000113878 0.00110656 0 0.000514311 -0.000175333 -6.6845e-05 -0.000286155 -0.00037718
internal_weight=469 48 421 101 320 74 291 263
internal_count=469 48 421 101 320 74 291 263
cat_boundaries=0 1
cat_threshold=170131777
is_linear=0
shrinkage=0.01


Tree=534
num_leaves=8
num_cat=0
split_feature=52 5 86 24 52 29 50
split_gain=1.01168 0.426089 0.933548 0.564279 0.466362 0.457606 0.287998
threshold=9.8500000200000013 0.4845589285000001 6.9000000525000003 1.8571428315000003 11.149999985000003 4.0571428880000004 6.3000001610000007
decision_type=2 2 2 2 2 2 2
left_child=-1 3 -3 4 -2 6 -6
right_child=1 2 -4 -5 5 -7 -8
leaf_value=7.2120458603476125e-05 0.0011074203995640128 -0.00039109887103705161 0.00064802306788289512 -0.0036464041155140972 -0.0006659081372672207 0.00070326432985169055 0.00043981127178419288
leaf_weight=38 29 30 36 163 126 26 30
leaf_count=38 29 30 36 163 126 26 30
internal_value=0.000227652 8.62068e-05 0.000823353 -4.00215e-05 0.00029509 9.29977e-05 -0.000102041
internal_weight=478 440 66 374 211 182 156
internal_count=478 440 66 374 211 182 156
is_linear=0
shrinkage=0.01


Tree=535
num_leaves=12
num_cat=0
split_feature=38 101 16 4 1 103 13 82 1 12 1
split_gain=0.813065 0.447012 0.486256 0.382332 0.762848 0.423211 0.548133 0.808456 0.859288 0.0418983 0.02997
threshold=5.2285714490000013 94.801848145000022 0.69593464300000007 0.41752242900000008 0.2961697855 22.302357010000005 0.70884390000000008 7.6407142030000008 0.26147050000000005 0.54745964300000016 0.21803804750000003
decision_type=2 2 2 2 2 10 2 2 2 2 2
left_child=3 -2 -3 5 -5 9 7 -7 -9 -1 -8
right_child=1 2 -4 4 -6 6 10 8 -10 -11 -12
leaf_value=-0.0054498044964749037 -0.00062817251840996109 0.00057056012538708094 1.3659781748257021e-05 0.00052328249820538062 -0.0001719468733260244 -0.00023818333798871012 0.00030754919745165865 0.00089716855945459414 3.8540913262438838e-05 -0.0029711069678769152 -0.00029069207160050466
leaf_weight=20 21 28 20 20 31 37 20 20 22 161 52
leaf_count=20 21 28 20 20 31 37 20 20 22 161 52
internal_value=0.00020318 0.00119627 0.00172131 1.69358e-05 0.000820463 -0.000102164 0.000279974 0.000858396 0.00179907 -0.000431793 -0.00032967
internal_weight=452 69 48 383 51 332 151 79 42 181 72
internal_count=452 69 48 383 51 332 151 79 42 181 72
is_linear=0
shrinkage=0.01


Tree=536
num_leaves=12
num_cat=0
split_feature=97 9 1 10 4 17 14 7 103 3 5
split_gain=0.628573 0.690773 0.518676 0.962886 0.32804 0.24998 0.480895 0.694223 0.124727 0.0639114 0.0264977
threshold=17.881428380000006 0.56508182500000015 0.28686164250000007 0.66350046450000011 0.41889300000000002 0.65440178550000005 0.70938507150000019 0.49414800000000009 27.785577100000001 0.32958571450000002 0.50441778600000009
decision_type=2 2 2 2 2 2 2 2 10 2 2
left_child=4 -2 3 9 5 -1 7 -7 -8 -3 -4
right_child=1 2 10 -5 -6 6 8 -9 -10 -11 -12
leaf_value=-0.0023310923518361417 0.0010167567369555059 -0.0027636869716393541 -0.00060817102900794721 0.00050553697760540831 0.00039314737745670808 -0.00056871012771894474 -0.00045816007574462991 5.506650640744574e-05 0.00048946621716140272 5.155490891041798e-05 -0.0001704654731423629
leaf_weight=142 30 21 41 26 25 27 80 20 21 20 20
leaf_count=142 30 21 41 26 25 27 80 20 21 20 20
internal_value=0.000172013 0.000686398 0.000341615 0.000951327 -8.07474e-05 -0.000182256 9.40859e-05 0.000930962 -0.000279961 0 -0.000299353
internal_weight=473 158 128 67 315 290 148 47 101 41 61
internal_count=473 158 128 67 315 290 148 47 101 41 61
is_linear=0
shrinkage=0.01


Tree=537
num_leaves=11
num_cat=1
split_feature=104 32 50 1 5 1 7 55 1 9
split_gain=0.626908 0.731687 0.841237 0.863393 0.778014 0.917308 0.488369 0.255171 0.355152 0.107968
threshold=0 2.8142857040000004 6.1000000610000003 0.24315379250000002 0.48188700000000001 0.29022164300000003 0.55995945250000012 1.1000000085000001 0.20456692850000002 0.60606983000000014
decision_type=1 2 2 2 2 2 2 2 2 2
left_child=-1 2 3 -2 7 -6 -4 -3 -9 -5
right_child=1 4 6 9 5 -7 -8 8 -10 -11
leaf_value=-0.00062756128883276251 0.0011903862529071608 -0.0014266401236319082 0.00043752175657935858 6.1324869673927421e-05 0.00074271615134768681 -0.00018108573973256895 0.00015705208204739384 0.0040494942617192156 -0.00038555225248852195 -0.0008358490923329766
leaf_weight=104 22 124 28 20 20 24 22 30 30 47
leaf_count=104 22 124 28 20 20 24 22 30 30 47
internal_value=0.000217253 0.000408946 0.000990701 0.000373051 6.11887e-05 0.00125 0.00202756 -0.00021645 0.000296053 -0.000169617
internal_weight=471 367 139 89 228 44 50 184 60 67
internal_count=471 367 139 89 228 44 50 184 60 67
cat_boundaries=0 1
cat_threshold=34675872
is_linear=0
shrinkage=0.01


Tree=538
num_leaves=11
num_cat=1
split_feature=104 1 47 10 14 59 39 71 13 1
split_gain=0.896804 0.574133 1.21765 0.88541 0.791259 0.360341 0.248954 0.139603 0.0423975 0.0257349
threshold=0 0.21004142850000004 3.1499999055000001 0.5605582145000001 0.68161464300000019 3.1499999910000001 6.2142857480000009 0.53500032450000012 0.75315920000000014 0.18215792850000004
decision_type=1 2 2 2 2 2 2 2 2 2
left_child=7 9 4 -4 -3 6 -5 -1 -9 -2
right_child=1 2 3 5 -6 -7 -8 8 -10 -11
leaf_value=2.7893050910831854e-05 -0.0032551589226647616 0.00025267829423227136 0.0012632142233213572 -5.0611723336259745e-05 0.00072320292002294785 2.59523137153955e-05 6.0752698151274107e-05 -0.0013883996748815703 -1.9488111895496138e-05 -0.0021583266349292285
leaf_weight=20 39 21 20 94 20 21 21 173 20 20
leaf_count=20 39 21 20 94 20 21 21 173 20 20
internal_value=0.000135164 0.000524738 0.00080637 0.000382653 0.00233254 7.30993e-05 -0.000133852 -0.000332887 -0.000436017 -0.000292642
internal_weight=469 256 197 156 41 136 115 213 193 59
internal_count=469 256 197 156 41 136 115 213 193 59
cat_boundaries=0 1
cat_threshold=277418042
is_linear=0
shrinkage=0.01


Tree=539
num_leaves=10
num_cat=0
split_feature=21 21 101 99 24 92 103 35 4
split_gain=0.737835 0.724423 0.344913 0.374776 0.242771 0.256324 0.712524 0.0908624 0.0822827
threshold=0.99285714100000011 1.0071428505000002 95.295729820000005 23.482857025000005 1.7785714185000001 8.9371428150000014 25.199560300000005 5.5571428370000007 0.42229839050000006
decision_type=2 2 2 2 2 2 8 2 2
left_child=4 -2 -3 -4 5 -1 -7 -8 -6
right_child=1 2 3 -5 8 6 7 -9 -10
leaf_value=-0.00093159409408364463 0.00032581489434161656 -0.0015715467539267382 -2.6892287019272172e-06 0.00085879536763909861 -0.0018051785258836085 0.00013094389939366941 -0.00021533797344208607 0.00031973089658162036 -0.00013645407559182855
leaf_weight=42 30 39 33 20 179 23 34 20 38
leaf_count=42 30 39 33 20 179 23 34 20 38
internal_value=4.14123e-05 0.000708469 0.000237069 0.000771375 -0.000195962 0.000154424 0.000507712 -9.1241e-05 -0.000397153
internal_weight=458 122 92 53 336 119 77 54 217
internal_count=458 122 92 53 336 119 77 54 217
is_linear=0
shrinkage=0.01


Tree=540
num_leaves=12
num_cat=0
split_feature=5 16 16 33 52 81 99 13 7 0 1
split_gain=0.838862 0.702166 1.07764 2.07669 0.59129 0.267385 0.278679 0.191897 0.0983101 0.0702519 0.0662955
threshold=0.42809138050000006 0.60949717850000018 0.72594564300000008 4.785714285500001 10.999999905000001 1.5021428430000003 23.544999940000004 0.70579468750000018 0.63313942850000016 0.07619991700000002 0.14726835700000002
decision_type=2 2 2 2 2 2 2 2 2 2 2
left_child=5 8 3 4 -3 6 9 -6 -2 10 -1
right_child=1 2 -4 -5 7 -7 -8 -9 -10 -11 -12
leaf_value=-0.0071012919029185499 -0.00059941213603266724 0.00023341346296736705 -4.3729667693635103e-05 0.00049844303698546157 0.00015187069660988761 5.0250212603034598e-05 0.0011223356841677423 -0.0002390131511633676 0.00010310593580881357 -0.0017962072201420474 3.6945746302464326e-06
leaf_weight=22 39 26 39 21 20 30 36 25 20 157 20
leaf_count=22 39 26 39 21 20 30 36 25 20 157 20
internal_value=0.000242431 0.000749476 0.00115706 0.00174569 0.000870473 -0.000114748 -0.000235369 0.000120087 -0.000125418 -0.000387888 0
internal_weight=455 190 131 92 71 265 235 45 59 199 42
internal_count=455 190 131 92 71 265 235 45 59 199 42
is_linear=0
shrinkage=0.01


Tree=541
num_leaves=9
num_cat=0
split_feature=46 46 6 101 27 16 89 4
split_gain=0.594489 1.21464 0.270302 0.332717 0.279412 0.22603 0.157412 0.0984378
threshold=7.5999999645000011 8.1999998540000014 0.54994721450000006 131.77162625000003 2.4714285735000003 0.66866521450000016 12.829999820000003 0.41752242900000008
decision_type=2 2 2 2 2 2 2 2
left_child=7 -2 3 4 6 -6 -3 -1
right_child=1 2 -4 -5 5 -7 -8 -9
leaf_value=-0.0025137042434664361 0.00098168359231047683 2.8297232000165234e-05 0.0001819830617630782 2.3305167066180786e-05 -0.002420392667005129 0.00010284805624884194 -0.00026582436610012239 2.6903463160714188e-05
leaf_weight=137 32 39 22 32 24 20 125 30
leaf_count=137 32 39 22 32 24 20 125 30
internal_value=0.000102858 0.000376526 0.000140791 3.32225e-05 -0.000105364 0.000580357 -0.000303398 -0.000366508
internal_weight=461 294 262 240 208 44 164 167
internal_count=461 294 262 240 208 44 164 167
is_linear=0
shrinkage=0.01


Tree=542
num_leaves=11
num_cat=0
split_feature=17 15 11 25 39 5 51 91 14 8
split_gain=0.554881 0.626321 1.41395 0.58247 0.53979 0.439976 0.330078 0.155671 0.139913 0.289988
threshold=0.56319950000000019 0.7266769525000002 0.6967543570000001 1.7214285690000002 6.2428571500000007 0.37910417850000006 22.900000075000005 8.5257142610000027 0.75020021450000007 0.66565569050000006
decision_type=2 2 2 2 2 2 2 2 2 2
left_child=6 2 3 7 5 -5 -1 -2 -3 -10
right_child=1 8 -4 4 -6 -7 -8 -9 9 -11
leaf_value=-0.0061599684192015537 6.2018524924334766e-06 -0.00044338028070535165 0.00058701248531650393 0.00028024624497044985 4.3627634043112361e-06 0.00095052640339097117 0.00016510428104019522 -0.0017262886071258358 0.0024319957874312592 -0.00037825684947899056
leaf_weight=117 30 58 24 34 38 34 20 53 24 27
leaf_count=117 30 58 24 34 38 34 20 53 24 27
internal_value=0.000257721 0.000486369 0.000802151 0.000492624 0.000983146 0.00151163 -0.000264877 -0.000113365 -0.000113843 0.000241313
internal_weight=459 322 213 189 106 68 137 83 109 51
internal_count=459 322 213 189 106 68 137 83 109 51
is_linear=0
shrinkage=0.01


Tree=543
num_leaves=11
num_cat=0
split_feature=38 20 1 49 0 102 6 97 63 18
split_gain=0.489643 0.577587 0.475853 0.358981 0.677544 0.573401 0.277094 0.14466 0.423321 0.111998
threshold=5.2285714490000013 36.57500000000001 0.2982937140000001 0.69999999550000014 0.11745643050000001 26.358944635000004 0.56836071450000014 17.881428380000006 4.5250000955000012 0.67361142850000011
decision_type=2 2 2 2 2 10 2 2 2 2
left_child=3 -2 -3 6 9 -6 7 -1 -9 -5
right_child=1 2 -4 4 5 -7 -8 8 -10 -11
leaf_value=-0.0027088681593085795 -0.00054501511252196282 0.00056309810569621171 2.0057233261022265e-05 -0.00078123702464253904 0.00037318636694115781 0.00021387426758725519 0.00016035395610013422 0.0011451753730824061 -0.0005006725380696436 0.00031689632093006903
leaf_weight=163 21 26 22 51 22 33 20 22 50 20
leaf_count=163 21 26 22 51 22 33 20 22 50 20
internal_value=0.000139751 0.000909742 0.00151639 0 0.000433754 0.00126344 -0.000216966 -0.000320187 2.74724e-05 -0.000188022
internal_weight=450 69 48 381 126 55 255 235 72 71
internal_count=450 69 48 381 126 55 255 235 72 71
is_linear=0
shrinkage=0.01


Tree=544
num_leaves=10
num_cat=0
split_feature=16 15 12 100 0 35 60 45 5
split_gain=0.515003 1.60349 1.34686 0.52668 0.61288 0.356541 0.114846 0.176595 0.0371026
threshold=0.67720392850000011 0.72705264250000012 0.70907752400000013 23.568571500000004 0.26586679200000002 5.3214285715000011 0.25000000350000007 4.2499999555000008 0.49286317850000005
decision_type=2 2 2 2 2 2 2 2 2
left_child=5 2 3 4 -2 -1 7 -7 -3
right_child=1 8 -4 -5 -6 6 -8 -9 -10
leaf_value=7.5253998729987674e-05 0.00086891987088757647 -0.00016840769752960946 0.00057218531169120855 -0.00093534329240039355 -2.7961469847812416e-05 -0.0030779849950951944 -0.0026131408966214675 0.00023793832701523099 -2.6911380373354999e-05
leaf_weight=29 34 93 25 28 23 33 174 23 20
leaf_count=29 34 93 25 28 23 33 174 23 20
internal_value=7.66362e-05 0.000431188 0.00129061 0.000646853 0.00120242 -0.000221324 -0.000359619 0 -0.000391037
internal_weight=482 223 110 85 57 259 230 56 113
internal_count=482 223 110 85 57 259 230 56 113
is_linear=0
shrinkage=0.01


Tree=545
num_leaves=11
num_cat=0
split_feature=46 68 83 44 103 68 5 20 6 60
split_gain=0.442612 0.50866 0.32064 0.258162 0.237495 0.405303 0.646548 0.184766 0.128207 0.0898473
threshold=12.250000030000001 40.339999675000008 5.4349999260000006 0.35000000900000006 23.925738300000003 40.509999750000006 0.44119611900000005 52.57500000000001 0.55145610700000003 14.949999810000001
decision_type=2 2 2 2 10 2 2 2 2 2
left_child=2 -2 -1 7 8 6 -6 -4 9 -5
right_child=1 -3 3 4 5 -7 -8 -9 -10 -11
leaf_value=4.331403519348559e-05 0.00032653728378187816 -1.0030906778813499e-05 -0.0003335391494168979 -0.0025335665646487966 0.0010624810655303176 -1.6521724421184511e-05 -0.00065501620051624512 0.00017813289346518975 5.5626574155109857e-06 7.8158505777373915e-07
leaf_weight=32 34 36 20 182 28 39 20 20 20 35
leaf_count=32 34 36 20 182 28 39 20 20 20 35
internal_value=0.000160668 0.00088983 2.52015e-05 -5.48247e-05 -0.000153941 0.000279043 0.000901639 0.000686274 -0.000321699 -0.000397153
internal_weight=466 70 396 364 324 87 48 40 237 217
internal_count=466 70 396 364 324 87 48 40 237 217
is_linear=0
shrinkage=0.01


Tree=546
num_leaves=11
num_cat=1
split_feature=104 102 3 78 103 50 0 51 4 58
split_gain=0.506719 0.787644 0.514744 0.453676 0.395526 0.370528 0.616254 0.129779 0.0834449 0.0749477
threshold=0 30.794919635000003 0.33677398250000007 70.840001105000013 21.117746835000002 3.7500000300000003 0.12219471650000001 15.05000006 0.34065642850000005 10.299999980000001
decision_type=1 10 2 2 10 2 2 2 2 2
left_child=9 3 -3 4 7 6 -6 -2 -7 -1
right_child=1 2 -4 -5 5 8 -8 -9 -10 -11
leaf_value=-0.0013561935196596561 0.0011647268826654022 4.1730651354102147e-05 0.00047621694000496889 2.8957403842072875e-05 -0.00012161936258758145 3.9057295269085138e-05 0.0012935557201078562 -0.0033537606203267976 -2.2341086483878146e-05 -3.5469285831503643e-07
leaf_weight=114 22 20 20 24 26 21 31 112 33 37
leaf_count=114 22 20 20 24 26 21 31 112 33 37
internal_value=0.000125868 0.000354909 0.00166667 0.00016123 2.23758e-05 0.000469588 0.00102941 -0.000333828 -9.1241e-05 -0.000330655
internal_weight=460 309 40 269 245 111 57 134 54 151
internal_count=460 309 40 269 245 111 57 134 54 151
cat_boundaries=0 1
cat_threshold=549520528
is_linear=0
shrinkage=0.01


Tree=547
num_leaves=12
num_cat=0
split_feature=21 24 24 52 5 16 8 11 10 4 8
split_gain=0.577302 0.530686 0.52877 0.484091 0.299907 0.243749 0.234089 0.360103 0.138036 0.0420718 0.02997
threshold=0.91428571500000011 1.7714285465000004 1.6857143045000003 10.999999905000001 0.46976100000000004 0.5985840240000001 0.58532521450000019 0.68282578550000006 0.52123180600000008 0.37429875000000007 0.56243088100000016
decision_type=2 2 2 2 2 2 2 2 2 2 2
left_child=4 2 -2 6 8 -6 -3 -8 -1 -10 -5
right_child=1 3 -4 10 5 -7 7 -9 9 -11 -12
leaf_value=0.0027210785551143278 3.2376223457750347e-05 0.00088991709419291914 0.00037695523255359856 -0.0020816910990473368 -0.0014597734922825215 0.0001365636408945574 -0.00070862209202569805 0.00020860237185988751 -0.00066969042853547004 2.3081844789075158e-05 -0.0011369637802419613
leaf_weight=20 29 21 21 20 26 20 24 20 165 20 52
leaf_count=20 29 21 21 20 26 20 24 20 165 20 52
internal_value=0.000134457 0.000556443 0.00143701 0.000214078 -0.000172756 0.000534188 0.000843465 0.000357143 -0.000342566 -0.000433262 -0.00032967
internal_weight=438 187 50 137 251 46 65 44 205 185 72
internal_count=438 187 50 137 251 46 65 44 205 185 72
is_linear=0
shrinkage=0.01


Tree=548
num_leaves=11
num_cat=0
split_feature=15 15 6 1 103 95 1 22 1 19
split_gain=0.475457 0.882805 1.32008 1.01111 0.25987 0.217161 0.520264 0.195457 0.122812 0.0417632
threshold=0.6825826785000001 0.72790397600000012 0.47562464300000001 0.26061695250000005 23.120483925000006 21.420000010000006 0.26147050000000005 2.2928571190000002 0.30166985700000004 0.59937400000000018
decision_type=2 2 2 2 10 2 2 2 2 2
left_child=4 2 5 -4 8 6 -2 -3 9 -1
right_child=1 7 3 -5 -6 -7 -8 -9 -10 -11
leaf_value=-0.0021663145057512303 0.00037318568621231554 5.9114882589680287e-06 0.00014791520178326765 9.6320429191328229e-05 0.00028028776624242752 -0.0014623953992761738 -0.0027358897323325115 -5.3762338696196867e-05 3.8355976548406655e-05 -0.00038127768465111208
leaf_weight=158 21 29 22 33 35 35 22 82 22 20
leaf_count=158 21 29 22 33 35 35 22 82 22 20
internal_value=0.000121926 0.000433006 0.00098281 0.0021595 -0.00019296 0.000114213 0.000605023 -0.000210197 -0.000338646 -0.000430649
internal_weight=479 244 133 55 235 78 43 111 200 178
internal_count=479 244 133 55 235 78 43 111 200 178
is_linear=0
shrinkage=0.01


Tree=549
num_leaves=11
num_cat=0
split_feature=28 96 16 101 16 101 45 16 29 12
split_gain=0.858488 0.648837 0.365838 0.548028 0.277877 0.290414 0.198856 0.102959 0.101688 0.0338796
threshold=3.8285714390000005 17.676428590000004 0.60949717850000018 80.924847465000013 0.70960224500000013 132.01285560000002 1.3000000230000002 0.75413885700000016 3.9285713775000004 0.67125150950000012
decision_type=2 2 2 2 2 2 2 2 2 2
left_child=1 -1 8 -4 5 6 -5 9 -2 -6
right_child=2 -3 3 4 7 -7 -8 -9 -10 -11
leaf_value=0.00053102684629967182 5.0362880020838973e-05 7.1934637487624422e-05 0.00096886112408285858 -0.0018548841916283399 -0.0012197766783414114 0.00066293462720179322 1.6196607758254647e-05 0.0030254547073300343 -0.0071813257518582229 -3.7868892950906838e-05
leaf_weight=24 27 24 26 31 20 24 90 20 102 70
leaf_count=24 27 24 26 31 20 24 90 20 102 70
internal_value=0.000259372 0.00151639 0.000104674 0.000310504 0.000158327 0.000449245 0.00022578 -0.000207581 -0.000327427 -0.000363436
internal_weight=458 48 410 281 255 145 121 110 129 90
internal_count=458 48 410 281 255 145 121 110 129 90
is_linear=0
shrinkage=0.01


Tree=550
num_leaves=11
num_cat=0
split_feature=16 16 17 15 9 3 7 16 60 27
split_gain=0.553515 1.10664 0.589415 1.53789 0.960639 0.803533 0.553083 0.129685 0.12747 0.109078
threshold=0.60949717850000018 0.62512791050000016 0.65440178550000005 0.7266769525000002 0.59954969150000015 0.32319575700000008 0.45824207100000008 0.75301769650000006 0.35000000900000006 2.4785714150000007
decision_type=2 2 2 2 2 2 2 2 2 2
left_child=8 -2 9 4 6 -6 -4 -5 -1 -3
right_child=1 2 3 7 5 -7 -8 -9 -10 -11
leaf_value=-9.2692589448580278e-05 0.0013810243589484636 -0.0005214806704738165 0.0010256572844943349 -0.00016450257721311015 0.0010773557207937839 4.3996897742795301e-05 -0.0020673474602234281 0.0029952001602567293 -0.0027870605707971956 -0.00034453459721515132
leaf_weight=22 21 84 28 76 21 23 27 20 104 24
leaf_count=22 21 84 28 76 21 23 27 20 104 24
internal_value=0.000228483 0.000449507 0.000284727 0.000615424 0.00148798 0.00258929 0.000546595 -0.000268595 -0.000323344 -0.000294118
internal_weight=450 324 303 195 99 44 55 96 126 108
internal_count=450 324 303 195 99 44 55 96 126 108
is_linear=0
shrinkage=0.01


Tree=551
num_leaves=8
num_cat=0
split_feature=4 15 17 55 14 39 27
split_gain=0.644608 0.782157 1.52882 0.585738 0.781017 0.327232 0.0399801
threshold=0.32095100000000004 0.72790397600000012 0.68072900000000003 0.75000000750000007 0.7207318570000002 6.3642856735000004 2.3071428580000002
decision_type=2 2 2 2 2 2 2
left_child=6 2 3 4 5 -2 -1
right_child=1 -3 -4 -5 -6 -7 -8
leaf_value=-0.0021275723274414276 -0.0015023209718306131 -9.7296989241991774e-05 0.00053070181337493735 3.36097126982701e-05 0.00019487564261587466 0.00020191865369307999 -0.0021037178284242538
leaf_weight=126 112 76 39 34 20 20 20
leaf_count=126 112 76 39 34 20 20 20
internal_value=0.000121706 0.000389331 0.000688662 0.000294432 1.30889e-05 -0.000256024 -0.000415531
internal_weight=447 301 225 186 152 132 146
internal_count=447 301 225 186 152 132 146
is_linear=0
shrinkage=0.01


Tree=552
num_leaves=11
num_cat=0
split_feature=58 63 0 62 15 11 21 7 46 43
split_gain=0.594705 0.41129 0.489623 0.33561 0.524185 0.761363 0.287338 0.110786 0.0758766 0.0639114
threshold=0.25000000350000007 1.7350001335000003 0.12681091700000002 0.51000022900000019 0.71941769050000015 0.64058830950000012 0.94285714200000015 0.63897342850000005 12.700000025000003 6.4500000550000012
decision_type=2 2 2 2 2 2 2 2 2 2
left_child=-1 2 -2 7 5 6 -5 8 -3 -10
right_child=1 3 -4 4 -6 -7 -8 -9 9 -11
leaf_value=0.00069137533205281486 -0.0006883701982216767 -0.002171103090223803 0.00070116377047641507 -0.0017353876523500647 -5.1517384731973366e-05 0.0010503554936674136 8.8856485087158705e-05 0.00010540552439137006 -1.4144799852145822e-05 2.1197152441137479e-05
leaf_weight=29 26 187 24 34 55 24 26 23 21 20
leaf_count=29 26 187 24 34 55 24 26 23 21 20
internal_value=9.25925e-05 0 0.000846457 -0.000110031 0.000275393 0.000778302 0.000131579 -0.000331613 -0.000402098 0
internal_weight=469 440 50 390 139 84 60 251 228 41
internal_count=469 440 50 390 139 84 60 251 228 41
is_linear=0
shrinkage=0.01


Tree=553
num_leaves=10
num_cat=0
split_feature=32 16 17 17 41 41 60 3 16
split_gain=1.01849 0.789366 0.768671 0.539831 1.01409 0.3121 0.222921 0.155468 0.0429411
threshold=2.8142857040000004 0.72959375000000015 0.69393428550000003 0.62568011900000009 1.1500000135000001 1.8500000240000001 5.9499999655000009 0.35826850000000005 0.72378202350000009
decision_type=2 2 2 2 2 2 2 2 2
left_child=1 2 3 4 -1 -5 7 8 -2
right_child=6 -3 -4 5 -6 -7 -8 -9 -10
leaf_value=-0.0022666522253302745 -0.0020694378782784386 -9.6520149149419992e-05 0.00092621271210876436 0.00040307863856618178 0.00044844801163114841 -8.0801410938531068e-06 6.2483519022778357e-07 3.1587840169497607e-05 0.0003079384093796245
leaf_weight=23 188 42 28 26 26 41 24 39 20
leaf_count=23 188 42 28 26 26 41 24 39 20
internal_value=0.000151813 0.000722698 0.00107735 0.000684931 0.0014759 6.63716e-05 -0.000233628 -0.000328894 -0.000440613
internal_weight=457 186 144 116 49 67 271 247 208
internal_count=457 186 144 116 49 67 271 247 208
is_linear=0
shrinkage=0.01


Tree=554
num_leaves=12
num_cat=0
split_feature=16 29 16 29 46 17 15 58 8 2 2
split_gain=0.568927 0.488353 0.547521 0.34983 0.958726 0.192672 0.826798 0.0769461 0.0396295 0.0261223 0.015083
threshold=0.6125375715000001 4.0571428880000004 0.68154645200000008 3.6999999630000002 7.5999999645000011 0.69393428550000003 0.72279642850000003 6.6999998500000002 0.66363952350000011 0.29735225000000004 0.26056550000000006
decision_type=2 2 2 2 2 2 2 2 2 2 2
left_child=8 3 -3 4 10 7 -7 -5 -1 -8 -2
right_child=1 2 -4 5 -6 6 9 -9 -10 -11 -12
leaf_value=-0.0025319522312716126 -0.0009047846853459723 0.001168901619489837 5.914001128892779e-06 -0.00053393015553375174 3.4220888661413405e-05 4.0083717898744739e-05 0.0001393889177349217 8.9354627233843249e-06 -0.00082677197509971074 -6.0197491657774849e-05 -0.002309147132264345
leaf_weight=121 20 29 29 86 29 24 20 33 20 40 20
leaf_count=121 20 29 29 86 29 24 20 33 20 40 20
internal_value=0.000111276 0.000341596 0.00117347 0.000153959 0.000766476 -4.66144e-05 0.000306604 -0.000313022 -0.000412553 -0.000296053 -0.000196079
internal_weight=471 330 58 272 69 203 84 119 141 60 40
internal_count=471 330 58 272 69 203 84 119 141 60 40
is_linear=0
shrinkage=0.01


Tree=555
num_leaves=13
num_cat=0
split_feature=5 15 17 75 68 18 15 20 39 79 5 6
split_gain=0.734762 0.920208 1.53341 0.667841 1.0056 0.565338 0.46 0.655612 0.230254 0.195642 0.104623 0.0409031
threshold=0.42560378550000005 0.72889664300000012 0.56319950000000019 79.730000500000003 40.325000765000006 0.65860228550000011 0.7266769525000002 33.920000000000009 5.6499999930000007 94.379999165000001 0.44977717850000004 0.34464350000000005
decision_type=2 2 2 2 2 2 2 2 2 2 2 2
left_child=5 2 8 -4 -5 9 7 -7 -2 11 -3 -1
right_child=1 10 3 4 -6 6 -8 -9 -10 -11 -12 -13
leaf_value=-0.00094803693128587315 0.00020206305017824965 0.00015420082210317932 9.8520341969806597e-05 0.0008159112787438533 0.0001125774724456972 0.00089983106720535025 -0.00014700610516185382 0.00032706867151388201 -0.0034171242207351317 0.0010048887382240763 -0.00011768301558058098 -0.002469677450660665
leaf_weight=20 20 20 29 33 20 26 33 21 38 30 44 141
leaf_count=20 20 20 29 33 20 26 33 21 38 30 44 141
internal_value=0.000358344 0.000810547 0.0012642 0.00213768 0.00281599 9.19782e-06 0.000717822 0.00134937 0 -0.000278937 -0.000154321 -0.000423362
internal_weight=475 204 140 82 53 271 80 47 58 191 64 161
internal_count=475 204 140 82 53 271 80 47 58 191 64 161
is_linear=0
shrinkage=0.01


Tree=556
num_leaves=10
num_cat=0
split_feature=102 5 71 37 55 9 46 12 2
split_gain=0.665348 1.01122 1.87421 0.457721 0.492977 0.738326 0.140689 0.0400475 0.0173151
threshold=22.000243375000004 0.46976100000000004 1.4850001335000003 4.7499999830000013 0.99999998550000002 0.63664367500000008 12.199999865000001 0.73964307150000008 0.25918007150000005
decision_type=10 2 2 2 2 2 2 2 2
left_child=7 3 -3 4 6 8 -2 -1 -6
right_child=1 2 -4 -5 5 -7 -8 -9 -10
leaf_value=-0.0013927593702166197 -0.0025010200038086561 -1.4042959917653264e-05 0.00055225040644531806 0.00026910985941475211 -0.0066563454976130048 0.00040467274331495897 0.00092873796193880098 -0.00051159188967561827 -0.0004941606890994059
leaf_weight=127 130 26 22 33 23 35 21 20 20
leaf_count=127 130 26 22 33 23 35 21 20 20
internal_value=0.000129969 0.000395753 0.00172131 0.000140791 -1.08791e-05 0.000621827 -0.000352438 -0.000416103 -0.000216895
internal_weight=457 310 48 262 229 78 151 147 43
internal_count=457 310 48 262 229 78 151 147 43
is_linear=0
shrinkage=0.01


Tree=557
num_leaves=14
num_cat=0
split_feature=50 18 8 20 23 51 28 16 28 103 16 5 2
split_gain=0.521385 0.651773 0.410675 0.63631 0.920028 0.362386 0.236596 0.281771 0.340309 0.192702 0.398083 0.0420292 0.0231242
threshold=5.2000001075000002 0.53751364300000015 0.62293923800000017 35.285000000000004 1.6928571290000003 23.999999830000004 4.1571428610000014 0.61165600000000009 4.2071428980000007 23.925738300000003 0.68690221450000011 0.30952550000000006 0.26987107150000006
decision_type=2 2 2 2 2 2 2 2 2 10 2 2 2
left_child=5 -2 3 -3 -5 6 9 -8 -9 11 -11 -1 -12
right_child=1 2 -4 4 -6 -7 7 8 -10 10 12 -13 -14
leaf_value=-0.0055151313506841436 0.00055060235232598097 -0.0020590797872320744 -0.00010248614084496919 -0.00037537711125117237 0.00064462476700548246 0.000165886106965902 -0.0071894821319012214 0.00053979274357002336 -0.003985057919242199 0.00016637667897640234 0.00013541836217605629 -0.0029212647285742663 -3.995921188240246e-06
leaf_weight=20 25 24 39 20 22 22 23 20 20 20 20 164 33
leaf_count=20 25 24 39 20 22 22 23 20 20 20 20 164 33
internal_value=0.000173435 0.000711009 0.000335539 0.000823353 0.00156542 -2.62545e-05 -0.000118454 0.00041536 0.000931372 -0.000257952 0.000155826 -0.000432901 -0.000269517
internal_weight=472 130 105 66 42 342 320 63 40 257 73 184 53
internal_count=472 130 105 66 42 342 320 63 40 257 73 184 53
is_linear=0
shrinkage=0.01


Tree=558
num_leaves=12
num_cat=0
split_feature=40 15 19 11 103 51 5 7 19 0 7
split_gain=0.928299 0.712446 0.742647 0.687922 0.625959 0.284158 0.187574 0.175454 0.100918 0.0954834 0.0418087
threshold=5.7571428330000005 0.72758228550000015 0.51426603550000005 0.64058830950000012 28.279382665000004 16.450000075000002 0.49411128550000005 0.45436042850000008 0.55802535750000015 0.16844663200000001 0.40947400000000006
decision_type=2 2 2 2 8 2 2 2 2 2 2
left_child=1 2 5 4 7 9 10 -4 -3 -1 -2
right_child=6 8 3 -5 -6 -7 -8 -9 -10 -11 -12
leaf_value=7.6932776425606698e-05 -0.0016504661817297673 9.8734486226335669e-07 0.00023952617511814462 0.0005338601400860203 0.00087833953820527484 0.00054702155644596631 0.00010393413571213722 -0.00051242459447641735 -0.00053961304870757279 -0.0021961195849467632 -0.0017497492561458347
leaf_weight=20 20 39 20 24 24 22 32 21 47 37 159
leaf_count=20 20 39 20 24 24 22 32 21 47 37 159
internal_value=0.000183555 0.000592622 0.000971564 0.001598 0.000995441 0.000231829 -0.000299811 0.000179426 -0.000126728 -0.000112457 -0.000431035
internal_weight=465 254 168 89 65 79 211 41 86 57 179
internal_count=465 254 168 89 65 79 211 41 86 57 179
is_linear=0
shrinkage=0.01


Tree=559
num_leaves=12
num_cat=0
split_feature=15 15 18 9 9 23 7 38 25 59 1
split_gain=0.509612 0.547348 0.77774 1.17268 0.720353 0.697452 0.364683 0.266572 0.102696 0.174199 0.0347098
threshold=0.60295828550000008 0.7266769525000002 0.59664671450000006 0.59532512500000012 0.53547499150000011 1.685714283 0.6067232855000001 5.3071428875000004 1.6428571470000002 3.8999999465000004 0.28516797650000009
decision_type=2 2 2 2 2 2 2 2 2 2 2
left_child=-1 2 6 4 -4 -5 7 10 9 -3 -2
right_child=1 8 3 5 -6 -7 -8 -9 -10 -11 -12
leaf_value=-0.0063923024586248038 -0.0023499354396114532 4.505713772094724e-06 0.0027077703534892795 2.6293388776221713e-05 -0.00070486667864892456 0.00091225353702391451 0.00057480593416954376 6.4836257346293297e-05 -1.4858553011507683e-05 -0.0033396963839617405 -8.3046500894318201e-05
leaf_weight=91 75 21 20 20 40 26 39 20 68 24 20
leaf_count=91 75 21 20 20 40 26 39 20 68 24 20
internal_value=0.000185026 0.000351792 0.000605828 0.00126404 0.000296053 0.00245726 0.000135659 -0.000133852 -0.00021529 0.000120087 -0.000370564
internal_weight=464 373 260 106 60 46 154 115 113 45 95
internal_count=464 373 260 106 60 46 154 115 113 45 95
is_linear=0
shrinkage=0.01


Tree=560
num_leaves=9
num_cat=0
split_feature=38 19 102 19 70 16 16 68
split_gain=0.828149 0.338133 0.491821 0.370489 0.317018 0.223935 0.609828 0.168471
threshold=5.414285694000001 0.51557842850000013 31.501134335000003 0.53104609400000014 32.250000000000007 0.69284235700000008 0.71469892850000016 41.034999850000013
decision_type=2 2 8 2 2 2 2 2
left_child=1 2 7 -3 5 -5 -7 -1
right_child=-2 3 -4 4 -6 6 -8 -9
leaf_value=-0.0017189514683872797 0.00011157374548711373 0.0001239280035676267 0.00060841383429485264 -0.0020136020065197251 0.0016283326440199952 0.00087695250648178443 -4.0861856730984706e-05 0.00015158017098619117
leaf_weight=160 28 22 32 55 36 27 80 39
leaf_count=160 28 22 32 55 36 27 80 39
internal_value=0.000226136 0.000116202 -0.000144521 0.000398551 0.000246479 4.29974e-05 0.000320037 -0.000337838
internal_weight=479 451 231 220 198 162 107 199
internal_count=479 451 231 220 198 162 107 199
is_linear=0
shrinkage=0.01


Tree=561
num_leaves=10
num_cat=0
split_feature=16 15 5 3 87 17 67 28 0
split_gain=0.660735 0.933695 1.03543 1.13419 0.943279 0.667651 0.255777 0.133571 0.0356
threshold=0.58913064300000018 0.72790397600000012 0.42560378550000005 0.39399157150000008 4.9642857270000009 0.69850821450000011 1.8900003430000003 3.8714285410000007 0.29496735400000001
decision_type=2 2 2 2 2 2 2 2 2
left_child=-1 2 5 4 -4 6 7 -2 -3
right_child=1 8 3 -5 -6 -7 -8 -9 -10
leaf_value=-0.0068580955995937833 7.4004209338002233e-05 -4.1317699653805545e-05 0.00022378140384812079 -0.0054325476803780475 0.00078425045015965392 0.00092869585271957615 0.00056227241130634472 -0.001354509561485716 0.00011747897811869413
leaf_weight=104 20 81 35 21 39 26 30 84 20
leaf_count=104 20 81 35 21 39 26 30 84 20
internal_value=0.000212673 0.000420403 0.000744722 0.00157098 0.00215241 0.000236318 -3.70921e-05 -0.00028626 -0.000378193
internal_weight=460 356 255 95 74 160 134 104 101
internal_count=460 356 255 95 74 160 134 104 101
is_linear=0
shrinkage=0.01


Tree=562
num_leaves=10
num_cat=0
split_feature=46 28 18 3 4 4 60 85 17
split_gain=0.954273 0.459953 0.522505 0.469144 0.946459 1.17355 0.291842 0.126571 0.0410135
threshold=15.949999745000001 3.7928571530000004 0.56259550000000014 0.32319575700000008 0.32941557150000006 0.34146671450000005 5.9999999890000009 8.6528572015000016 0.60700200000000015
decision_type=2 2 2 2 2 2 2 2 2
left_child=1 -1 8 4 6 -6 -4 -5 -3
right_child=-2 2 3 7 5 -7 -8 -9 -10
leaf_value=0.00030561055890087008 0.00097268133776543106 -0.0045122271252853374 -0.00066876854334232125 -0.00050008603240238715 0.0012104643598133027 4.5665086334525497e-05 6.6507217295032518e-05 0.0001152478622947388 -2.8447759988365287e-05
leaf_weight=33 20 143 73 66 21 24 24 38 20
leaf_count=33 20 143 73 66 21 24 24 38 20
internal_value=0.000209594 0.000106143 8.54063e-06 0.00030389 0.000679272 0.00186681 9.71369e-05 -0.00019084 -0.000424298
internal_weight=462 442 409 246 142 45 97 104 163
internal_count=462 442 409 246 142 45 97 104 163
is_linear=0
shrinkage=0.01


Tree=563
num_leaves=11
num_cat=0
split_feature=68 89 2 39 103 2 5 17 87 39
split_gain=0.752419 0.736645 0.463973 0.79272 0.941656 0.42268 0.39109 0.211943 0.123757 0.11633
threshold=35.244999410000013 13.530714275000003 0.28476309500000002 5.6785714625000017 25.199560300000005 0.29397800000000002 0.42560378550000005 0.71196496400000009 5.4357142470000008 6.0928571905000011
decision_type=2 2 2 2 8 2 2 2 2 2
left_child=1 -1 7 4 -4 -5 -3 9 -7 -2
right_child=2 6 3 5 -6 8 -8 -9 -10 -11
leaf_value=-0.0028950705722655618 -0.0021083135141498799 0.00080035192933701092 0.00046374999668969996 5.4649551841910145e-05 -0.00010046667699423202 -0.00028717554896209592 0.00053298988210364467 0.0017767018744324881 2.1223418976278054e-06 -0.00027829457318403534
leaf_weight=20 150 33 26 21 29 78 23 26 21 26
leaf_count=20 150 33 26 21 29 78 23 26 21 26
internal_value=0.000267739 0.00117187 7.80835e-05 0.000457907 0.00144265 0 0.00176056 -0.000241617 -0.000275551 -0.000373303
internal_weight=453 76 377 175 55 120 56 202 99 176
internal_count=453 76 377 175 55 120 56 202 99 176
is_linear=0
shrinkage=0.01


Tree=564
num_leaves=12
num_cat=0
split_feature=4 17 85 1 18 4 68 30 11 24 0
split_gain=0.730723 0.580118 0.647203 0.757362 0.826186 0.933811 0.613898 0.570964 0.147496 0.121087 0.0221279
threshold=0.32095100000000004 0.56319950000000019 8.3057143685000021 0.25849907150000001 0.65407409500000013 0.36724350000000006 34.979999545000005 3.5571429050000005 0.51541492850000015 1.8642856905000003 0.14259300000000003
decision_type=2 2 2 2 2 2 2 2 2 2 2
left_child=8 9 10 4 5 -4 -5 -8 -1 -2 -3
right_child=1 2 3 6 -6 -7 7 -9 -10 -11 -12
leaf_value=0.00042557593231433042 0.00016972016377661333 2.250325981675322e-05 5.1689236815079847e-05 0.00052524692146378358 0.0022918625284532954 0.00012232234086650225 8.4147531686005691e-06 -4.1824182936521188e-05 -0.0016201727276609847 -0.0022934014692420606 -0.0010017338381366672
leaf_weight=20 20 20 43 24 22 20 25 76 128 62 31
leaf_count=20 20 20 43 24 22 20 25 76 128 62 31
internal_value=0.000228751 0.000484293 0.000716195 0.000962998 0.0016958 0.00104232 0.000441176 7.36738e-05 -0.000349462 -0.000229469 -0.000260618
internal_weight=491 343 261 210 85 63 125 101 148 82 51
internal_count=491 343 261 210 85 63 125 101 148 82 51
is_linear=0
shrinkage=0.01


Tree=565
num_leaves=10
num_cat=0
split_feature=56 36 3 57 18 1 36 66 1
split_gain=0.693874 0.586695 0.466076 0.641071 0.520558 0.929814 0.355152 0.223122 0.0710918
threshold=0.99999999650000004 4.1142857075000014 0.35469935700000005 2.6000000125000002 0.68323078550000005 0.23158011900000003 4.3071428705000008 2.4650001525000005 0.29540685750000006
decision_type=2 2 2 2 2 2 2 2 2
left_child=1 -1 4 8 7 -6 -3 -2 -4
right_child=2 6 3 -5 5 -7 -8 -9 -10
leaf_value=0.00073905203987269664 2.5343832890748477e-05 -0.0030188735097365967 3.4156411811004232e-05 0.00053739902323781622 0.0020431712350513849 -0.00032825980719399238 9.109440356634624e-05 -0.0015331806007653577 -0.0044796936055070966
leaf_weight=35 32 30 20 28 26 32 30 223 24
leaf_count=35 32 30 20 28 26 32 30 223 24
internal_value=0.000183028 0.000944676 -1.29613e-06 0.000714286 -0.000173678 0.000663265 0.000296053 -0.000373339 -1.17081e-10
internal_weight=480 95 385 72 313 58 60 255 44
internal_count=480 95 385 72 313 58 60 255 44
is_linear=0
shrinkage=0.01


Tree=566
num_leaves=10
num_cat=0
split_feature=44 28 0 2 39 16 103 10 89
split_gain=0.481641 0.340904 0.354734 0.949194 0.350864 0.354837 0.283069 0.0799496 0.0440238
threshold=10.300000100000002 3.9357142450000002 0.26401193750000002 0.28203866650000003 6.1357142925000012 0.62757321450000003 27.836040485000002 0.61801215300000012 12.127857075000001
decision_type=2 2 2 2 2 2 10 2 2
left_child=1 2 3 -1 6 -6 8 -7 -3
right_child=-2 4 -4 -5 5 7 -8 -9 -10
leaf_value=-0.0013673670735051891 0.00023431196135645184 -0.00034747366167765055 -0.0020233373717043254 0.0002611510252224353 0.0012078031167681894 -0.00077153881240308426 0.0006029817928216724 9.8353554754844904e-06 -0.00074130244847658573
leaf_weight=33 25 20 25 27 25 28 24 20 226
leaf_count=33 25 20 25 27 25 28 24 20 226
internal_value=4.73776e-05 -2.79852e-05 0.000530303 0.000953947 -0.000173066 0.000426829 -0.000343427 -4.09837e-05 -0.000449757
internal_weight=453 428 85 60 343 73 270 48 246
internal_count=453 428 85 60 343 73 270 48 246
is_linear=0
shrinkage=0.01


Tree=567
num_leaves=13
num_cat=0
split_feature=3 3 19 85 3 16 15 7 23 54 0 1
split_gain=0.685398 0.937264 1.17698 0.464004 0.526493 0.482458 0.519449 0.421106 0.185059 0.300463 0.0240534 0.0180012
threshold=0.35252696400000011 0.39399157150000008 0.44746678600000006 8.5535714965000018 0.31802852850000002 0.6776522140000002 0.70379922650000015 0.55696314300000005 1.8571428655000002 7.8000001090000008 0.12911741650000003 0.32288421450000004
decision_type=2 2 2 2 2 2 2 2 2 2 2 2
left_child=3 2 -2 4 5 -1 -7 -4 -5 -10 -6 -3
right_child=1 11 7 8 10 6 -8 -9 9 -11 -12 -13
leaf_value=-0.0021406754561188283 0.00051013730269553956 -0.0014620499429327395 0.00053651910500598725 -0.00066503455906367405 3.8547558300862028e-09 0.0013102688195052758 0.00064324216214104216 -5.310890365877912e-05 -0.0027391554712366938 0.001300701652188267 -0.0010758148185598692 -0.00076496262591122899
leaf_weight=27 21 20 21 155 20 20 33 28 33 25 35 24
leaf_count=27 21 20 21 155 20 20 33 28 33 25 35 24
internal_value=0.000209594 0.000879791 0.00159605 -5.73406e-06 0.000445508 0.000965346 0.00151487 0.000672691 -0.000301684 0.000153061 -0.000277778 -0.000223214
internal_weight=462 114 70 348 135 80 53 49 213 58 55 44
internal_count=462 114 70 348 135 80 53 49 213 58 55 44
is_linear=0
shrinkage=0.01


Tree=568
num_leaves=13
num_cat=0
split_feature=94 52 45 102 52 24 8 73 15 1 12 8
split_gain=0.981012 0.660834 0.42606 1.19913 0.449647 0.432383 0.422208 0.198733 0.26003 0.181395 0.0579856 0.0778705
threshold=18.633571355000004 9.8500000200000013 4.3499998600000014 26.358944635000004 18.999999695000003 1.6571428865000002 0.57947857150000015 67.994998455000015 0.60295828550000008 0.25923407100000007 0.7196506425000001 0.65482157150000009
decision_type=2 2 2 10 2 2 2 2 2 2 2 2
left_child=1 -1 4 -4 -3 -6 -7 10 -9 -5 -2 -12
right_child=7 2 3 9 5 6 -8 8 -10 -11 11 -13
leaf_value=0.00012739640116924314 -0.0017093008730692059 -0.0013476832783562596 0.00049361585567199472 3.6262796160648665e-05 -0.0020637058951980423 0.00046104092176367669 -4.5303076319460311e-07 -0.012154582408691812 0.0053258083700447271 -0.00018236340533499729 0.0001614926941453483 -0.0021796202483004728
leaf_weight=36 150 70 22 21 22 20 24 22 24 26 20 27
leaf_count=36 150 70 22 21 22 20 24 22 24 26 20 27
internal_value=0.00019802 0.000651365 0.000415452 0.00105301 7.30993e-05 0.000673653 0.00125 -0.000244053 0.000320513 9.41421e-05 -0.000386754 -3.13809e-05
internal_weight=484 241 205 69 136 66 44 243 46 47 197 47
internal_count=484 241 205 69 136 66 44 243 46 47 197 47
is_linear=0
shrinkage=0.01


Tree=569
num_leaves=12
num_cat=1
split_feature=104 5 32 33 90 18 14 20 3 60 1
split_gain=0.906509 2.05973 0.791541 0.409604 0.554755 0.757516 0.260004 0.344926 0.0996547 0.0429073 0.0268617
threshold=0 0.46976100000000004 2.4214285870000003 3.2142857145000003 14.714285780000003 0.56980719650000011 0.74645755350000009 73.925000000000026 0.32702285700000006 5.4999999555000008 0.20615492850000003
decision_type=1 2 2 2 2 2 2 2 2 2 2
left_child=1 2 -1 4 8 -6 9 -8 -2 -5 -4
right_child=3 -3 10 6 5 -7 7 -9 -10 -11 -12
leaf_value=0.00019270350668797778 4.3953448548000221e-06 0.00030685980253574796 -0.0019046519698439524 -0.001516789943048504 -0.00012439663027955113 0.0010468217385684387 0.00080745413980610526 -0.0001022236718659798 -0.0019269512039991302 -1.2164642678625208e-05 -0.0024608418814609533
leaf_weight=25 20 23 20 187 21 21 20 22 40 20 42
leaf_count=25 20 23 20 187 21 21 20 22 40 20 42
internal_value=0.000189476 0.00093543 0.000279043 -6.49531e-05 0.000457198 0.00133178 -0.000290232 0.000397196 -0.000131579 -0.000440327 -0.000302548
internal_weight=461 110 87 351 102 42 249 42 60 207 62
internal_count=461 110 87 351 102 42 249 42 60 207 62
cat_boundaries=0 1
cat_threshold=169902472
is_linear=0
shrinkage=0.01


Tree=570
num_leaves=12
num_cat=0
split_feature=6 57 66 3 69 3 4 27 3 18 57
split_gain=0.883604 1.06001 0.35738 0.36744 0.586157 0.271835 0.175454 0.141969 0.0639114 0.0391082 0.0969204
threshold=0.5215316430000001 2.6000000125000002 2.7449998855000004 0.32319575700000008 28.149999145000006 0.35826850000000005 0.31831735700000002 2.4785714150000007 0.40818550000000003 0.61243300000000012 4.1000000425000005
decision_type=2 2 2 2 2 2 2 2 2 2 2
left_child=2 8 3 4 6 -5 -1 9 -2 -4 -11
right_child=1 -3 7 5 -6 -7 -8 -9 -10 10 -12
leaf_value=-0.0011825098923268652 0.00020347697459105916 0.00074380681170568039 -0.0031989204570150821 -0.00017971265463417703 0.00031199494559088018 0.00062842591761344633 0.00032857933788948745 0.00021249350415115747 -0.0015070352486890484 0.00090750003852630324 -0.0018561667096297207
leaf_weight=21 20 38 145 57 20 20 20 37 21 20 38
leaf_count=21 20 38 145 57 20 20 20 37 21 20 38
internal_value=0.000151813 0.00110902 -4.48787e-05 0.000353026 0.000930421 -8.35477e-05 0.000179426 -0.000282392 0 -0.000390088 -0.000119048
internal_weight=457 79 378 138 61 77 41 240 41 203 58
internal_count=457 79 378 138 61 77 41 240 41 203 58
is_linear=0
shrinkage=0.01


Tree=571
num_leaves=12
num_cat=1
split_feature=104 24 102 85 5 103 23 17 20 0 0
split_gain=0.694526 1.19969 1.10475 1.24213 1.11954 0.327282 0.186327 0.224182 0.0394822 0.0210574 0.0180012
threshold=0 1.9142857195000003 20.760196665000006 8.5078571865000026 0.43546857150000007 26.398989690000004 1.8142857125000003 0.63485078600000011 124.40500000000002 0.24826577100000005 0.20795437500000002
decision_type=1 2 10 2 2 10 2 2 2 2 2
left_child=6 2 10 5 -5 -4 8 9 -1 -8 -2
right_child=1 -3 3 4 -6 -7 7 -9 -10 -11 -12
leaf_value=-0.0018928924674844437 -0.0035496038940800961 -0.0027966067524629315 0.00015522578757718177 0.00036463239978570735 0.0010157512374629855 -7.5046318240574748e-05 -0.003099976009325882 8.3798879671180448e-05 -0.00021166457146689323 -0.00010967675081977279 6.3509700261410725e-05
leaf_weight=119 24 69 36 33 27 22 29 38 20 20 20
leaf_count=119 24 69 36 33 27 22 29 38 20 20 20
internal_value=0.000217344 0.00058933 0.00108722 0.00159091 0.00259868 0.000493197 -0.000173142 0.000165148 -0.000411302 -0.000251004 -0.000223214
internal_weight=457 231 162 118 60 58 226 87 139 49 44
internal_count=457 231 162 118 60 58 226 87 139 49 44
cat_boundaries=0 1
cat_threshold=1115291
is_linear=0
shrinkage=0.01


Tree=572
num_leaves=10
num_cat=0
split_feature=18 15 58 68 101 101 57 14 28
split_gain=0.927718 0.514744 0.460646 0.356836 0.433873 0.289439 0.215681 0.40407 0.158747
threshold=0.70545036450000009 0.73129898600000021 0.25000000350000007 39.925000190000006 73.069060915000009 131.83848035000003 1.0500000080000003 0.67722421450000014 4.0285714520000004
decision_type=2 2 2 2 2 2 2 2 2
left_child=2 -2 -1 6 -5 8 7 -4 -6
right_child=1 -3 3 4 5 -7 -8 -9 -10
leaf_value=0.00083064444076054878 0.0012905502053077056 6.2149290483817966e-06 0.00030301551882906024 0.00078867152524277561 8.1511426234940649e-06 7.57596151898475e-05 -0.0019529727558650334 -0.0013979661692294599 -0.0006468851979595687
leaf_weight=25 20 20 20 30 59 23 154 31 85
leaf_count=25 20 20 20 30 59 23 154 31 85
internal_value=0.000223386 0.00166667 8.0645e-05 0 0.000300809 8.64123e-05 -0.000293975 0.000241313 -6.90609e-05
internal_weight=467 40 427 402 197 167 205 51 144
internal_count=467 40 427 402 197 167 205 51 144
is_linear=0
shrinkage=0.01


Tree=573
num_leaves=10
num_cat=1
split_feature=104 52 29 43 24 16 17 4 2
split_gain=0.440515 0.742731 0.326563 0.300781 0.355018 0.298143 0.498187 0.147653 0.0419424
threshold=0 9.8500000200000013 4.1071428060000015 8.7000001410000021 1.7357142825000003 0.66402850000000013 0.6556679645000002 0.35351357100000008 0.35815552400000006
decision_type=1 2 2 2 2 2 2 2 2
left_child=3 -2 5 8 -5 -3 -7 -8 -1
right_child=1 2 -4 4 -6 6 7 -9 -10
leaf_value=-0.0016739178085878668 3.9893502429686586e-05 -0.0043956802388682029 0.00015638706820108705 -0.0010147320836427695 0.00072184148316788654 6.2886449274251761e-05 7.0529363972035815e-06 -2.0427178641475422e-05 -8.8135049315098767e-05
leaf_weight=162 21 69 28 31 39 21 27 37 20
leaf_count=162 21 69 28 31 39 21 27 37 20
internal_value=6.69152e-05 0.000404584 0.000202407 -0.00020548 0.000324859 6.45983e-06 0.000413753 -1.17738e-10 -0.000432166
internal_weight=455 203 182 252 70 154 85 64 182
internal_count=455 203 182 252 70 154 85 64 182
cat_boundaries=0 1
cat_threshold=939591315
is_linear=0
shrinkage=0.01


Tree=574
num_leaves=11
num_cat=0
split_feature=52 4 11 43 52 19 7 29 0 0
split_gain=1.27207 0.685459 0.729662 1.05577 0.500503 0.328274 0.325873 0.322885 0.0327568 0.0204918
threshold=9.8500000200000013 0.37817383350000006 0.66283807150000007 5.499999948000001 13.950000010000002 0.52634835700000016 0.54593564300000008 3.9357143130000005 0.085686541500000019 0.23388037500000003
decision_type=2 2 2 2 2 2 2 2 2 2
left_child=-1 5 9 -4 -5 -2 7 8 -7 -3
right_child=1 2 3 4 -6 6 -8 -9 -10 -11
leaf_value=8.7195086459862932e-05 -0.002696113297248347 -2.2168597800422498e-05 0.00023653126025461067 0.00037615908038786795 -0.0048718194609455373 4.9311191956676394e-06 0.0013979118186776124 0.00025142524632499718 -0.0012971156046001115 -0.00025698375931142311
leaf_weight=38 142 20 29 31 30 20 20 38 64 28
leaf_count=38 142 20 29 31 30 20 20 38 64 28
internal_value=0.000299479 0.000134815 0.000713256 0.00124449 0.000444984 -0.00014045 0.000189076 0 -0.000353774 -0.000245902
internal_weight=460 422 138 90 61 284 142 122 84 48
internal_count=460 422 138 90 61 284 142 122 84 48
is_linear=0
shrinkage=0.01


Tree=575
num_leaves=11
num_cat=0
split_feature=52 103 29 18 44 48 1 4 12 2
split_gain=0.956372 0.446735 0.865517 0.60915 0.389831 0.320203 0.184766 0.148391 0.0923678 0.031695
threshold=9.8500000200000013 22.302357010000005 3.8714286770000004 0.66868535700000009 10.300000100000002 0.25000000750000007 0.30363478550000006 0.41752242900000008 0.59425557150000008 0.22946864250000001
decision_type=2 10 2 2 2 2 2 2 2 2
left_child=-1 5 4 -4 9 7 -7 8 -2 -3
right_child=1 2 3 -5 -6 6 -8 -9 -10 -11
leaf_value=8.6323135595266914e-05 -0.00075038506184751453 4.8818080037112484e-06 0.00042083012384468962 4.8382040415969162e-06 7.8699612991691369e-05 0.00051929484511321195 -0.00010443696711908703 0.00012815544714055418 -0.002149633446841063 -0.00019439712009248897
leaf_weight=38 33 20 28 30 23 20 20 35 158 59
leaf_count=38 33 20 28 30 23 20 20 35 158 59
internal_value=0.000271084 0.000128866 0.000547264 0.00151361 0 -0.000116192 0.000686274 -0.00026896 -0.000383212 -0.000344612
internal_weight=464 426 160 58 102 266 40 226 191 79
internal_count=464 426 160 58 102 266 40 226 191 79
is_linear=0
shrinkage=0.01


Tree=576
num_leaves=9
num_cat=0
split_feature=52 17 17 13 11 102 16 17
split_gain=1.16082 0.423931 0.518835 0.486442 0.222954 0.333663 0.0381349 0.0342222
threshold=9.8500000200000013 0.56319950000000019 0.58042185750000008 0.61112443350000012 0.64058830950000012 22.226472410000003 0.5985840240000001 0.71796154300000004
decision_type=2 2 2 2 2 10 2 2
left_child=-1 6 -3 -4 7 -6 -2 -5
right_child=1 2 3 4 5 -7 -8 -9
leaf_value=6.1886837872918111e-05 -0.0033135792886899245 0.00064009999824611282 0.00177228991907249 -0.0012156359403100159 -0.0010007079697385841 6.6506487754219328e-05 -0.0026817139145593675 -0.00027691975098512059
leaf_weight=35 103 20 31 72 45 112 20 20
leaf_count=35 103 20 31 72 45 112 20 20
internal_value=0.000237576 8.61254e-05 0.000292553 0.00017094 1.40111e-05 0.000250317 -0.000399839 -0.000366379
internal_weight=458 423 300 280 249 157 123 92
internal_count=458 423 300 280 249 157 123 92
is_linear=0
shrinkage=0.01


Tree=577
num_leaves=10
num_cat=0
split_feature=42 40 40 2 14 54 4 47 91
split_gain=0.946014 0.592269 0.562013 0.377008 0.34538 0.193866 0.16867 0.159421 0.0410677
threshold=2.3500000235000003 5.7571428330000005 5.6071428915000014 0.34313876200000004 0.7224771860000001 14.449999720000003 0.41752242900000008 3.5000000300000003 8.7192857265000026
decision_type=2 2 2 2 2 2 2 2 2
left_child=1 2 3 5 -4 7 8 -1 -3
right_child=-2 6 4 -5 -6 -7 -8 -9 -10
leaf_value=1.7302261116768976e-05 3.7715490859601955e-05 -8.3105318442646548e-06 0.0011390494363401813 0.00044943216900686188 1.3721802681186564e-05 4.0829538944630892e-05 3.4099251194983684e-05 -0.0011425735182264321 -0.0032561190123128374
leaf_weight=53 20 20 36 27 24 32 34 81 144
leaf_count=53 20 20 36 27 24 32 34 81 144
internal_value=0.000217253 0.000116202 0.000439322 0.000162539 0.00128289 -5.99532e-06 -0.00028672 -0.00018546 -0.000424757
internal_weight=471 451 253 193 60 166 198 134 164
internal_count=471 451 253 193 60 166 198 134 164
is_linear=0
shrinkage=0.01


Tree=578
num_leaves=10
num_cat=0
split_feature=0 16 101 47 72 17 18 7 0
split_gain=0.753039 0.575862 1.32954 0.573884 0.698088 0.740699 0.465697 0.0402441 0.0240534
threshold=0.11869404200000001 0.72959375000000015 131.19284590000004 6.1000000390000002 21.719999790000006 0.68524642850000006 0.68323078550000005 0.42114135700000005 0.27718218750000007
decision_type=2 2 2 2 2 2 2 2 2
left_child=6 2 3 4 5 -2 7 -1 -3
right_child=1 8 -4 -5 -6 -7 -8 -9 -10
leaf_value=-9.4219144738063589e-05 0.00011193920784013172 -5.6803679475888225e-05 0.00066011609971223107 -0.0028042237009921816 0.0010227068538056069 0.00025370274643319972 0.00098374858263778633 -0.00042103784105041792 0.00013764477147523713
leaf_weight=20 139 35 20 41 22 25 24 130 20
leaf_count=20 139 35 20 41 22 25 24 130 20
internal_value=0.000314597 0.000617569 0.000825262 0.00059043 0.000829764 0.000582524 -0.000200229 -0.000417772 -0.000277778
internal_weight=476 302 247 227 186 164 174 150 55
internal_count=476 302 247 227 186 164 174 150 55
is_linear=0
shrinkage=0.01


Tree=579
num_leaves=12
num_cat=0
split_feature=4 102 95 6 33 103 16 15 85 102 28
split_gain=1.14068 1.23586 1.5877 0.990165 0.618152 0.741292 0.247044 0.73125 0.213531 0.195577 0.0419424
threshold=0.38234050000000003 22.200154955000006 21.89785685 0.48846235700000007 4.8285714215000004 23.925738300000003 0.67720392850000011 0.7010374760000001 9.484285627000002 26.400644640000003 4.285714285500001
decision_type=2 8 2 2 2 10 2 2 2 10 2
left_child=4 8 3 -3 5 6 -1 -8 -2 -5 -6
right_child=1 2 -4 9 10 -7 7 -9 -10 -11 -12
leaf_value=-0.0019804315827978091 -0.0015717742373581808 0.00054053619637302124 0.00076763168902314373 0.0002074201215361957 -0.00084457310052727427 0.00037857742761397619 0.00011551925518286997 -0.002948888390907681 6.435830531001842e-05 -0.00014397592977467269 -5.8425833914181253e-06
leaf_weight=53 43 20 20 20 162 35 25 34 22 26 20
leaf_count=53 43 20 20 20 162 35 25 34 22 26 20
internal_value=0.000287022 0.00100461 0.00178571 0.000973054 -3.79019e-05 0.0004364 1.77304e-05 0.000476589 -7.5989e-06 0.000106837 -0.000432166
internal_weight=480 151 86 66 329 147 112 59 65 46 182
internal_count=480 151 86 66 329 147 112 59 65 46 182
is_linear=0
shrinkage=0.01


Tree=580
num_leaves=12
num_cat=0
split_feature=80 10 45 39 79 14 10 13 2 2 10
split_gain=0.933681 0.637807 0.531482 0.483352 0.73611 0.330458 0.298513 0.191897 0.0673786 0.0686894 0.0337027
threshold=66.175002100000015 0.6415958570000001 16.849999785000005 6.0428572040000015 93.16000080000002 0.75020021450000007 0.51216585700000017 0.71023635000000007 0.29986052350000003 0.31771297600000009 0.65772623800000007
decision_type=2 2 2 2 2 2 2 2 2 2 2
left_child=-1 6 3 5 -5 10 -2 -6 -8 -10 -3
right_child=1 2 -4 4 7 -7 8 -9 9 -11 -12
leaf_value=9.960922477287089e-05 0.0015944452435715875 -1.007861850930799e-05 0.00055940274117954512 0.00093373021895024164 -0.002223763240793672 0.00037756091175800615 -0.0017156527815769694 0.00012746121103400797 6.4352875080562412e-05 -0.00010980911687126975 -0.00061337744944974307
leaf_weight=20 34 20 23 28 25 27 153 20 20 23 69
leaf_count=20 34 20 23 28 25 27 153 20 20 23 69
internal_value=0.000231201 0.000128726 0.000526316 0.000334563 0.000968835 -5.137e-05 -0.000229636 0.000120087 -0.000386179 0 -0.000361915
internal_weight=462 442 212 189 73 116 230 45 196 43 89
internal_count=462 442 212 189 73 116 230 45 196 43 89
is_linear=0
shrinkage=0.01


Tree=581
num_leaves=13
num_cat=0
split_feature=101 15 7 4 87 45 82 28 101 28 0 2
split_gain=0.735627 0.937064 0.903893 1.22839 0.287108 0.342928 0.584485 0.17686 0.294807 0.105395 0.0192946 0.0192946
threshold=131.19284590000004 0.72790397600000012 0.6067232855000001 0.43002369050000006 4.7635714325000009 1.2000000215000002 7.8714285575000007 3.9357142450000002 95.700869215000012 4.1857143300000006 0.26586679200000002 0.28244721400000006
decision_type=2 2 2 2 2 2 2 2 2 2 2 2
left_child=2 -2 4 -4 5 10 -7 8 11 -9 -1 -6
right_child=1 -3 3 -5 7 6 -8 9 -10 -11 -12 -13
leaf_value=4.5066499932390655e-06 0.00055300950480348572 -9.9775267460876945e-05 0.00067632716643741431 -0.00025400991373991313 -0.0040210437352638032 -8.0385281146014398e-05 0.0003730794170502129 -0.0015971162928405838 0.00094870046925650184 0.00052408874234032812 -0.0028794642900638119 -5.929568527905632e-05
leaf_weight=20 27 31 25 27 26 37 27 159 23 29 26 20
leaf_count=20 27 31 25 27 26 37 27 159 23 29 26 20
internal_value=0.000291963 0.00134354 0.000139352 0.00136364 -3.12671e-05 0.000388087 0.000864197 -0.000219162 0.00019341 -0.000381356 -0.000235043 -0.000235043
internal_weight=477 58 419 52 367 110 64 257 69 188 46 46
internal_count=477 58 419 52 367 110 64 257 69 188 46 46
is_linear=0
shrinkage=0.01


Tree=582
num_leaves=10
num_cat=0
split_feature=52 0 39 53 2 53 12 18 47
split_gain=1.01119 0.606146 0.970731 0.490266 0.377066 0.358782 0.354261 0.192194 0.153871
threshold=9.8500000200000013 0.11869404200000001 5.6499999930000007 58.250000580000005 0.31579850000000004 25.450000005000003 0.60471700000000006 0.66230330950000005 3.9000000355000006
decision_type=2 2 2 2 2 2 2 2 2
left_child=5 7 4 6 -3 -1 -4 -2 -8
right_child=1 2 3 -5 -6 -7 8 -9 -10
leaf_value=9.5731599793068113e-06 -0.0011874529616837377 9.0215719991141186e-05 0.0010073121370371635 0.00044597104293700381 0.00031949855700081557 0.00032863953827860451 1.1036382762490755e-05 4.9986807233286053e-05 -0.00070657409547344595
leaf_weight=22 128 24 22 23 23 20 67 33 106
leaf_count=22 128 24 22 23 23 20 67 33 106
internal_value=0.000328498 0.000175726 0.000472159 0.000178245 0.00176778 0.00179907 2.55351e-06 -0.000299753 -0.000140967
internal_weight=468 426 265 218 47 42 195 161 173
internal_count=468 426 265 218 47 42 195 161 173
is_linear=0
shrinkage=0.01


Tree=583
num_leaves=11
num_cat=0
split_feature=4 52 45 82 15 30 102 28 28 0
split_gain=0.920224 1.0025 0.995462 0.579776 0.468732 0.851989 0.574486 0.142348 0.0404945 0.0226349
threshold=0.32984010700000005 9.8000003285000012 16.849999785000005 8.0585714410000016 0.69239089800000009 3.6500000190000006 28.599134260000003 4.0571428880000004 4.2071428980000007 0.28231254200000006
decision_type=2 2 2 2 2 2 8 2 2 2
left_child=3 -2 4 8 7 9 -7 -3 -1 -6
right_child=1 2 -4 -5 5 6 -8 -9 -10 -11
leaf_value=-0.0023808013427256591 0.0002080035288712282 -0.00060774917499521795 0.00044038523168744717 0.00020320465181588283 -0.0002411192922811004 0.00050352009317289619 -6.0145455771849096e-05 0.00070101204166700144 -0.00055570693330464472 -0.00020925388779006315
leaf_weight=134 29 73 33 20 32 52 21 36 20 20
leaf_count=134 29 73 33 20 32 52 21 36 20 20
internal_value=0.00036746 0.000707547 0.00050224 -0.000200229 0.000259795 0.00067965 0.00137534 -0.000204918 -0.000419897 -0.000265152
internal_weight=470 296 267 174 234 125 73 109 154 52
internal_count=470 296 267 174 234 125 73 109 154 52
is_linear=0
shrinkage=0.01


Tree=584
num_leaves=11
num_cat=0
split_feature=52 87 45 6 87 18 57 67 73 4
split_gain=0.793875 0.848348 0.860833 0.793563 0.525256 0.395724 0.211893 0.0946289 0.238417 0.0412781
threshold=10.999999905000001 5.2392857075000014 4.650000147500001 0.52278207150000011 6.6842856920000004 0.70722607100000012 0.80000001550000011 1.8900003430000003 64.265000820000026 0.4075623215000001
decision_type=2 2 2 2 2 2 2 2 2 2
left_child=1 2 -1 -4 5 6 -2 9 -9 -8
right_child=4 -3 3 -5 -6 -7 7 8 -10 -11
leaf_value=0.00025296725760416369 0.00015318279337827611 -0.0013292203870239696 -0.00028623890552163393 0.00051592017199495832 0.00030794753878410564 0.00068943220486490664 -0.0020294056299137555 0.00027996082189060662 -0.001324679815442984 -5.622892253117329e-05
leaf_weight=27 38 38 33 20 24 32 148 33 49 20
leaf_count=27 38 38 33 20 24 32 148 33 49 20
internal_value=0.000296024 0.00100168 0.00158416 0.000771375 4.64036e-05 -5.61098e-05 -0.000180056 -0.000291069 0 -0.00042654
internal_weight=462 118 80 53 344 320 288 250 82 168
internal_count=462 118 80 53 344 320 288 250 82 168
is_linear=0
shrinkage=0.01


Tree=585
num_leaves=10
num_cat=0
split_feature=58 103 15 7 93 28 6 85 6
split_gain=0.872993 0.441678 0.961217 0.748882 0.371956 0.266303 0.239824 0.184543 0.0430078
threshold=0.25000000350000007 23.120483925000006 0.72705264250000012 0.54411971450000018 19.204999990000001 3.8714285750000004 0.54869635750000012 9.2000000135000022 0.3393112860000001
decision_type=2 10 2 2 2 2 2 2 2
left_child=-1 5 3 4 -3 7 8 -2 -7
right_child=1 2 -4 -5 -6 6 -8 -9 -10
leaf_value=0.00014623711475822545 0.0002721836296317583 0.00069300294637278544 -4.0520198064391478e-05 0.00054784690674035961 -0.00048995238194878661 -0.0010615004587081519 0.0002429472721289787 -0.0001531467344605649 -0.0020193693301402064
leaf_weight=22 23 35 60 29 25 20 27 26 190
leaf_count=22 23 35 60 29 25 20 27 26 190
internal_value=0.000151813 4.70398e-05 0.000490654 0.00115256 0.000460526 -0.000177824 -0.000321699 0.000471887 -0.000441177
internal_weight=457 435 149 89 60 286 237 49 210
internal_count=457 435 149 89 60 286 237 49 210
is_linear=0
shrinkage=0.01


Tree=586
num_leaves=10
num_cat=0
split_feature=52 68 89 63 65 19 55 55 18
split_gain=0.973653 0.692018 0.839088 0.647565 0.611058 0.429004 0.134806 0.314127 0.233896
threshold=9.8500000200000013 35.180000305000007 13.495714290000002 1.7350001335000003 0.055000305500000006 0.52634835700000016 0.40000000950000009 1.1500000135000004 0.59719878550000016
decision_type=2 2 2 2 2 2 2 2 2
left_child=-1 2 -2 4 -3 -4 -5 8 -8
right_child=1 3 5 6 -6 -7 7 -9 -10
leaf_value=8.0505310968736373e-05 -0.0023291618171032628 0.00052918083241252408 0.00039922822394756433 -0.0019061379202303162 0.0002651019667005645 0.00093757514630160913 -1.9364951804453766e-06 -4.0612133645084247e-05 0.00089841033738811363
leaf_weight=39 29 36 26 167 21 29 38 78 20
leaf_count=39 29 36 26 167 21 29 38 78 20
internal_value=0.000220132 8.09351e-05 0.000896226 -0.000105322 0.000856401 0.00162186 -0.000294602 -4.38598e-05 0.000493197
internal_weight=483 444 84 360 57 55 303 136 58
internal_count=483 444 84 360 57 55 303 136 58
is_linear=0
shrinkage=0.01


Tree=587
num_leaves=12
num_cat=0
split_feature=37 0 4 3 19 1 47 5 4 52 58
split_gain=1.11617 0.77885 0.714611 1.02116 0.401182 0.621326 0.844085 0.354921 0.56792 0.147775 0.0440479
threshold=4.7499999830000013 0.26586679200000002 0.41752242900000008 0.39587557150000002 0.59277192850000016 0.23158011900000003 3.6000000535000001 0.42560378550000005 0.42619964300000007 9.8999998605000012 0.35000000500000006
decision_type=2 2 2 2 2 2 2 2 2 2 2
left_child=2 -2 4 -4 9 6 -6 -3 -9 -1 -11
right_child=1 7 3 -5 5 -7 -8 8 -10 10 -12
leaf_value=9.2834274216718057e-05 0.00012894912007738773 -0.0027725513080256842 0.00059887749846392502 -0.00093525387437294442 -0.0023857338705466063 -0.0007195906852823879 0.0061331137455858543 0.00060322394946145668 -0.00010958335927211729 -0.0024168539907312571 -0.0006472181195468689
leaf_weight=20 23 21 20 28 24 42 21 20 21 20 227
leaf_count=20 23 21 20 28 24 42 21 20 21 20 227
internal_value=0.000193727 0.0012296 -2.23437e-05 0.00110656 -0.000183202 0.000392938 0.00121179 0.000589172 0.00113636 -0.000379014 -0.00044996
internal_weight=487 85 402 48 354 87 45 62 41 267 247
internal_count=487 85 402 48 354 87 45 62 41 267 247
is_linear=0
shrinkage=0.01


Tree=588
num_leaves=12
num_cat=0
split_feature=4 102 102 4 8 18 20 4 87 10 4
split_gain=0.978476 0.669753 1.49707 1.49796 0.455714 0.372105 0.84893 0.270447 0.202939 0.14919 0.0327568
threshold=0.32095100000000004 22.836835770000004 26.216676770000003 0.38540292850000007 0.55750423800000004 0.62237661900000008 53.785000000000004 0.33926019050000006 5.4357142470000008 0.48367490500000004 0.44787082100000003
decision_type=2 8 8 2 2 2 2 2 2 2 2
left_child=9 5 3 -3 -4 10 -7 -6 -9 -1 -2
right_child=1 2 4 -5 7 6 -8 8 -10 -11 -12
leaf_value=0.00053983788005938392 -0.0014793477030631522 0.00069751664934670967 0.00060851996852333366 0.00046512171945939899 0.00098602325203296886 0.00023521636239704825 -0.00042862161916329715 -4.2566885028422556e-05 0.00073957311221488256 -0.001704164985689734 -0.0013338874508941336
leaf_weight=20 64 28 20 21 22 20 37 84 20 136 20
leaf_count=20 64 28 20 21 22 20 37 84 20 136 20
internal_value=0.000288149 0.000593824 0.000972931 0.00247992 0.000442779 5.28913e-05 0.000683391 0.000197161 -1.18299e-10 -0.000357143 -0.000353774
internal_weight=492 336 195 49 146 141 57 126 104 156 84
internal_count=492 336 195 49 146 141 57 126 104 156 84
is_linear=0
shrinkage=0.01


Tree=589
num_leaves=11
num_cat=0
split_feature=40 69 11 43 20 0 63 29 16 101
split_gain=0.674812 0.842546 0.506155 0.384722 0.624245 0.402024 0.234519 0.219057 0.188056 0.143215
threshold=5.8642857075000014 30.640000345000001 0.63953471400000006 5.5999999975000003 68.960000000000022 0.077831500000000012 1.6650004385000001 4.1142856560000007 0.68913071400000014 132.56061165000003
decision_type=2 2 2 2 2 2 2 2 2 2
left_child=1 3 -3 4 8 -5 -7 -2 -1 -8
right_child=7 2 -4 5 -6 6 9 -9 -10 -11
leaf_value=3.618250605380595e-05 -0.002043976478846066 0.00076362964973458963 0.00067626361807258581 0.0002021108612776426 0.00042514842506762566 0.0010317925964824319 -5.1438334656713621e-05 2.7627645088039504e-06 -0.0019553618289169785 7.7749953182337304e-05
leaf_weight=20 120 31 23 20 25 35 111 29 24 20
leaf_count=20 120 31 23 20 25 35 111 29 24 20
internal_value=0.000259372 0.00052776 0.00166058 0.000275606 0.000909742 2.67665e-05 -0.000125899 -0.000283712 0.000133928 -0.000330046
internal_weight=458 309 54 255 69 186 166 149 44 131
internal_count=458 309 54 255 69 186 166 149 44 131
is_linear=0
shrinkage=0.01


Tree=590
num_leaves=13
num_cat=0
split_feature=32 102 82 10 63 55 20 68 13 60 28 82
split_gain=0.748289 0.725103 0.665775 0.612538 0.591408 1.15684 0.527356 0.430676 0.823359 0.230348 0.191897 0.0416234
threshold=2.8142857040000004 23.193183440000002 7.8049999645000012 0.66642007150000016 4.5349993705000005 0.80000001550000011 35.285000000000004 35.769999025000004 0.71189387500000012 3.9499999470000007 4.1571429120000003 7.771428449000001
decision_type=2 10 2 2 2 2 2 2 2 2 2 2
left_child=1 7 9 11 5 -5 -4 -1 -9 -3 -7 -2
right_child=3 2 6 4 -6 10 -8 8 -10 -11 -12 -13
leaf_value=-0.0004415189220748253 -0.0014982656240060063 -0.0011566482839856691 0.00015927211549354365 0.00066170121610888426 -0.0032465226304066457 -0.00042745210021375004 0.00048228302063297218 5.6614601456327787e-05 -0.0021006939276314567 0.00053030361587271945 6.2643016849383979e-05 -0.00091712328594018195
leaf_weight=56 155 20 23 22 37 25 35 20 22 25 20 20
leaf_count=56 155 20 23 22 37 25 35 20 22 25 20 20
internal_value=0.000266223 0.000730922 0.00131503 -6.25448e-05 0.000534351 0.00109882 0.00202381 9.1093e-05 0.000864486 0.000338428 0.000120087 -0.000429465
internal_weight=480 201 103 279 104 67 58 98 42 45 45 175
internal_count=480 201 103 279 104 67 58 98 42 45 45 175
is_linear=0
shrinkage=0.01


Tree=591
num_leaves=10
num_cat=0
split_feature=28 0 63 97 101 52 15 14 14
split_gain=0.886105 0.677736 0.271428 0.492094 0.337137 0.191161 0.434925 0.168433 0.103365
threshold=3.8285714390000005 0.26401193750000002 4.8300004005000003 17.881428380000006 78.397125575000004 11.149999985000003 0.69137342900000009 0.6766461250000001 0.71147521400000013
decision_type=2 2 2 2 2 2 2 2 2
left_child=1 -1 3 4 -2 6 -6 -7 -4
right_child=2 -3 8 -5 5 7 -8 -9 -10
leaf_value=0.00050837900888086891 0.00024753091513033044 -0.00059892418279820976 -0.0030182118405463333 0.0027370983917756643 -0.00018096521410986669 3.9280679367342686e-05 7.0003433904919184e-05 -0.00036004264820523149 1.8566238847844106e-05
leaf_weight=36 21 22 108 22 23 49 24 124 27
leaf_count=36 21 22 108 22 23 49 24 124 27
internal_value=0.000197023 0.00134354 2.25676e-05 0.000214177 7.23737e-05 -3.6232e-05 0.000512552 -0.000198504 -0.000335052
internal_weight=456 58 398 263 241 220 47 173 135
internal_count=456 58 398 263 241 220 47 173 135
is_linear=0
shrinkage=0.01


Tree=592
num_leaves=13
num_cat=1
split_feature=104 4 2 18 67 67 73 46 30 2 12 2
split_gain=0.634429 1.02472 0.723508 0.647834 0.342791 0.541319 0.264516 0.240071 0.23157 0.0734472 0.0420292 0.0309933
threshold=0 0.38234050000000003 0.31722652400000001 0.6834761075000001 0.52500009550000015 0.36999988550000001 68.664999005000013 12.700000025000003 3.5285715035000007 0.30655885700000007 0.74631739300000011 0.28605188100000006
decision_type=1 2 2 2 2 2 2 2 2 2 2 2
left_child=1 3 -3 7 5 9 8 11 -6 -2 -10 -1
right_child=4 2 -4 -5 6 -7 -8 -9 10 -11 -12 -13
leaf_value=-0.0024516693227938863 -0.00091011202369496453 0.00049411656159195562 1.4914164083150999e-05 0.00022623806148856567 8.8590859248635179e-05 0.00011935530831020115 0.0010579974247733603 0.00012920721591407031 -0.00038492351013670253 5.378806269428424e-05 -0.00059880549090218251 -6.5720986369773593e-05
leaf_weight=56 25 22 23 26 27 25 20 20 164 20 20 20
leaf_count=56 25 22 23 26 27 25 20 20 164 20 20 20
internal_value=0.000285836 0.000756468 0.00208515 0.000301303 0 0.000607345 -0.000187662 -6.19836e-05 -0.000299811 -1.09171e-05 -0.000432901 -0.000338542
internal_weight=468 167 45 122 301 70 231 96 211 45 184 76
internal_count=468 167 45 122 301 70 231 96 211 45 184 76
cat_boundaries=0 1
cat_threshold=170131732
is_linear=0
shrinkage=0.01


Tree=593
num_leaves=10
num_cat=0
split_feature=52 18 52 101 47 43 101 90 5
split_gain=0.764849 0.581797 0.308622 0.53231 0.618149 0.201884 0.486441 0.106984 0.0429411
threshold=9.8000003285000012 0.70545036450000009 11.149999985000003 94.801848145000022 3.5999999940000005 3.7000000065000003 90.379090275000024 12.582857265000001 0.50441778600000009
decision_type=2 2 2 2 2 2 2 2 2
left_child=-1 2 3 -2 -5 6 -4 -7 -9
right_child=1 -3 5 4 -6 7 -8 8 -10
leaf_value=6.2451995140985365e-05 -0.0027466125755058884 0.00071306591380560836 -0.0011876905552678733 0.00015988333491059583 -2.4490366993143534e-06 -1.0373012193737973e-05 0.0005334074265467574 -0.0014532701958226801 5.9296020341995384e-05
leaf_weight=31 34 31 37 24 22 26 26 188 20
leaf_count=31 34 31 37 24 22 26 26 188 20
internal_value=0.000155752 3.42465e-05 -7.01431e-05 0.000470297 0.00117521 -0.000223304 0.000258621 -0.00036201 -0.000440613
internal_weight=439 408 377 80 46 297 63 234 208
internal_count=439 408 377 80 46 297 63 234 208
is_linear=0
shrinkage=0.01


Tree=594
num_leaves=9
num_cat=1
split_feature=78 104 25 17 62 45 46 75
split_gain=0.746158 0.723909 0.861097 0.434919 0.303497 0.764444 0.422208 0.0927693
threshold=72.104998590000022 0 1.7071428595000002 0.68903750000000008 0.51000022900000019 1.2000000215000002 9.399999965000001 79.78500080500001
decision_type=2 1 2 2 2 2 2 2
left_child=1 2 3 -1 7 -6 -7 -3
right_child=-2 4 -4 -5 5 6 -8 -9
leaf_value=-0.0016389944293558987 0.00010586258480633049 -0.00050309453706079118 0.00042548375894877811 0.00050635620068127164 -0.00067518722696585794 -0.00015612784453134274 0.0010983150408445047 -0.00047499885256441937
leaf_weight=45 31 34 39 21 60 24 20 185
leaf_count=45 31 34 39 21 60 24 20 185
internal_value=0.000170726 5.597e-05 0.000738342 7.48502e-05 -0.000178251 0.000248091 0.00125 -0.000398089
internal_weight=459 428 105 66 323 104 44 219
internal_count=459 428 105 66 323 104 44 219
cat_boundaries=0 1
cat_threshold=295184
is_linear=0
shrinkage=0.01


Tree=595
num_leaves=10
num_cat=0
split_feature=52 50 43 58 18 56 18 69 31
split_gain=0.658042 0.414637 0.325209 0.321857 0.378009 0.121897 0.170852 0.0744558 0.0381906
threshold=9.8500000200000013 7.0999999795000006 7.8500000015000007 0.45000001000000006 0.62237661900000008 11.000000150000002 0.65407409500000013 32.46999979000001 2.3785714250000005
decision_type=2 2 2 2 2 2 2 2 2
left_child=-1 3 -3 4 -2 7 -7 8 -5
right_child=1 2 -4 5 -6 6 -8 -9 -10
leaf_value=2.552390329312803e-05 -0.0018759750502939877 -0.00030834319315052177 0.0002314077612453963 -0.00044713648590322342 9.3816469934535022e-05 -0.0051168572484528397 0.00045816651079951811 -3.2205071840908908e-05 -7.2979882433424123e-05
leaf_weight=37 33 21 21 204 24 20 20 34 63
leaf_count=37 33 21 21 204 24 20 20 34 63
internal_value=4.08119e-05 -6.3521e-05 0.000864486 -0.000168004 0.000510381 -0.00028818 0.000196078 -0.00035951 -0.000416356
internal_weight=477 440 42 398 57 341 40 301 267
internal_count=477 440 42 398 57 341 40 301 267
is_linear=0
shrinkage=0.01


Tree=596
num_leaves=12
num_cat=0
split_feature=58 42 103 0 3 39 5 56 5 0 13
split_gain=1.09776 0.869956 0.57804 0.680761 0.910119 0.373995 0.272842 0.278613 0.177916 0.103439 0.0420718
threshold=0.25000000350000007 2.3500000235000003 23.642177115000006 0.11679660400000001 0.32250342850000008 5.6928571635000011 0.43546857150000007 1.0500000045000002 0.50949892850000011 0.08092618750000001 0.54564147500000015
decision_type=2 2 10 2 2 2 2 2 2 2 2
left_child=-1 2 6 9 -5 -6 10 -8 -9 -4 -2
right_child=1 -3 3 4 5 -7 7 8 -10 -11 -12
leaf_value=0.00092139126657653084 -0.0048992827509019635 3.7419338741182831e-05 9.6142534312938202e-05 0.00090859817118023615 0.00010678381093697801 -0.00080847569732682303 0.0002536286022060173 -0.0037883344485240612 0.00034292301933530427 -0.00065116214281675066 -0.0025384218699809457
leaf_weight=23 20 22 20 27 20 26 22 47 26 43 165
leaf_count=23 20 22 20 27 20 26 22 47 26 43 165
internal_value=0.000276093 0.000157247 4.79845e-05 0.000584795 0.00123984 0.000320513 -0.000206553 0.000213987 -6.09757e-05 -0.000148903 -0.000433262
internal_weight=461 438 416 136 73 46 280 95 73 63 185
internal_count=461 438 416 136 73 46 280 95 73 63 185
is_linear=0
shrinkage=0.01


Tree=597
num_leaves=8
num_cat=0
split_feature=16 16 16 16 20 101 16
split_gain=0.803202 1.15084 0.414175 0.764439 0.563215 0.488139 0.0323472
threshold=0.60949717850000018 0.62389669050000007 0.67248635700000015 0.68083361900000006 130.56500000000003 132.04113905000003 0.63831342850000017
decision_type=2 2 2 2 2 2 2
left_child=-1 -2 6 -4 5 -5 -3
right_child=1 2 3 4 -6 -7 -8
leaf_value=-0.0040845144579597422 0.0013122408104906493 -0.00086239754709715641 0.0010110431990551462 -1.5064591710441012e-05 4.2205696957421673e-05 0.00036453528235676804 -0.0017909658116474463
leaf_weight=144 21 20 20 143 35 27 62
leaf_count=144 21 20 20 143 35 27 62
internal_value=0.000131134 0.000407542 0.00024204 0.000467228 0.000269679 1.75643e-05 -0.000350242
internal_weight=472 328 307 225 205 170 82
internal_count=472 328 307 225 205 170 82
is_linear=0
shrinkage=0.01


Tree=598
num_leaves=11
num_cat=0
split_feature=6 55 55 35 15 89 19 35 6 68
split_gain=0.815023 0.821902 0.827754 1.27453 2.09307 0.258946 0.3368 0.246886 0.0662955 0.0421558
threshold=0.56165328550000015 0.40000000950000009 1.5999999900000001 5.571428537000001 0.72758228550000015 14.003571650000003 0.46978971450000007 5.3928571430000005 0.46594107150000003 40.980000495000006
decision_type=2 2 2 2 2 2 2 2 2 2
left_child=1 5 3 4 -3 9 -7 -4 -5 -1
right_child=-2 2 7 8 -6 6 -8 -9 -10 -11
leaf_value=-0.00093348510188097226 0.00038944150308844788 0.00018421906194951093 -2.3851035209957104e-05 0.00088855209238079434 -4.9519012487760527e-06 0.00071044646665655497 -3.8109585880869858e-05 0.00046159906784205411 -7.3679231491962667e-05 -0.0046888837826031112
leaf_weight=167 28 30 57 20 22 20 21 34 22 20
leaf_count=167 28 30 57 20 22 20 21 34 22 20
internal_value=0.000243323 0.000124456 0.000621636 0.00127637 0.00231061 -0.000270979 0.00041866 -3.81265e-05 0 -0.000433972
internal_weight=441 413 185 94 52 228 41 91 42 187
internal_count=441 413 185 94 52 228 41 91 42 187
is_linear=0
shrinkage=0.01


Tree=599
num_leaves=10
num_cat=0
split_feature=4 19 3 37 29 46 82 51 0
split_gain=0.822306 0.667011 1.17293 0.513348 0.4601 0.37668 0.51108 0.322867 0.0404945
threshold=0.32095100000000004 0.51401392850000016 0.30978892850000006 4.7571428675000007 3.7642857005000008 11.700000035 7.6842856405000015 22.750000020000005 0.20335552100000004
decision_type=2 2 2 2 2 2 2 2 2
left_child=8 5 -3 4 -4 7 -7 -2 -1
right_child=1 2 3 -5 -6 6 -8 -9 -10
leaf_value=-0.0023700993384228293 -0.0018796105395616025 0.0019260252617342708 3.6688276137102494e-05 7.0538102258342806e-05 -0.00013075640644891681 -0.0069678628664275859 0.00036236784456079418 0.00050035751165733802 -1.6007071734543887e-05
leaf_weight=134 105 25 30 32 53 21 33 20 20
leaf_count=134 105 25 30 32 53 21 33 20 20
internal_value=0.000172013 0.000464353 0.000980114 0.000522452 7.75655e-05 4.72746e-05 0.000748175 -0.000242448 -0.000419897
internal_weight=473 319 140 115 83 179 54 125 154
internal_count=473 319 140 115 83 179 54 125 154
is_linear=0
shrinkage=0.01


Tree=600
num_leaves=10
num_cat=0
split_feature=63 52 9 102 9 82 36 79 77
split_gain=0.623911 0.715053 0.432048 0.370071 0.313652 0.307401 0.209385 0.273682 0.23477
threshold=2.0999999050000002 9.8500000200000013 0.65250277500000009 21.979449495000004 0.71909410000000007 8.3828570840000012 3.9999999830000004 95.604997635000018 38.644999500000004
decision_type=2 2 2 10 2 2 2 2 2
left_child=2 3 -1 -2 5 6 8 -8 -3
right_child=1 4 -4 -5 -6 -7 7 -9 -10
leaf_value=8.1783711651435643e-05 4.7543891130768864e-06 0.00011839249673318559 0.00041291196001249866 0.00029307964642610109 0.00019181309097426939 8.2567810225799617e-05 -0.00042423832724803684 0.00050781257942985128 -0.0016420797030563051
leaf_weight=34 22 28 30 20 24 27 37 22 228
leaf_count=34 22 28 30 20 24 27 37 22 228
internal_value=0.000258037 0.000107632 0.00117284 0.00133178 -2.99892e-05 -0.000113769 -0.00020741 0.000309364 -0.000334891
internal_weight=472 408 64 42 366 342 315 59 256
internal_count=472 408 64 42 366 342 315 59 256
is_linear=0
shrinkage=0.01


Tree=601
num_leaves=11
num_cat=0
split_feature=5 68 36 18 2 26 46 103 83 35
split_gain=0.658681 0.804408 0.551061 0.440089 0.652591 0.320276 0.255953 0.234008 0.55514 0.0844744
threshold=0.42560378550000005 35.159999845000009 3.4857143160000006 0.68323078550000005 0.2567187855000001 2.1714286080000007 12.050000020000001 19.202663705000003 7.1435714705000004 5.2357142655000013
decision_type=2 2 2 2 2 2 2 10 2 2
left_child=3 -2 -3 6 -5 7 9 8 -4 -1
right_child=1 2 5 4 -6 -7 -8 -9 -10 -11
leaf_value=-0.00052587542207359285 0.00050273445363554906 0.00051284412617244579 8.9521883469072895e-05 0.0020545256921385281 -0.00040243602246481245 0.00010537634036176051 0.00019880918904430738 -2.6009634728154948e-05 -0.0010129114265380946 -0.0016985272256267356
leaf_weight=36 22 38 22 22 31 21 38 64 29 157
leaf_count=36 22 38 22 22 31 21 38 64 29 157
internal_value=0.000266223 0.000711382 0.000463387 -3.51125e-05 0.000771375 0.000146199 -0.000230803 -4.74958e-05 0.000434363 -0.000384417
internal_weight=480 196 174 284 53 136 231 115 51 193
internal_count=480 196 174 284 53 136 231 115 51 193
is_linear=0
shrinkage=0.01


Tree=602
num_leaves=10
num_cat=1
split_feature=17 104 54 16 10 11 13 14 103
split_gain=0.824028 1.00387 1.23205 0.795838 0.863156 1.23102 0.522505 0.139463 0.132992
threshold=0.56319950000000019 0 19.500000385000003 0.72959375000000015 0.61801215300000012 0.69040714300000017 0.61112443350000012 0.69206594050000014 22.421689365000002
decision_type=2 1 2 2 2 2 2 2 8
left_child=7 8 3 4 6 -6 -3 -1 -2
right_child=1 2 -4 -5 5 -7 -8 -9 -10
leaf_value=-0.0042371023200239609 0.00013484162500350353 0.0011974806608814961 0.00044028322142172235 -0.00016090273586533404 0.00023506253686735598 3.9013392020088775e-05 -0.0014095988759699387 0.00049233718598362653 -0.00032848345749957042
leaf_weight=99 37 26 23 41 51 49 44 20 68
leaf_count=99 37 26 23 41 51 49 44 20 68
internal_value=0.000390148 0.000643025 0.000984477 0.000767233 0.00107143 0.00166667 0.000183616 -0.000313022 -0.000177029
internal_weight=458 339 234 211 170 100 70 119 105
internal_count=458 339 234 211 170 100 70 119 105
cat_boundaries=0 1
cat_threshold=403768322
is_linear=0
shrinkage=0.01


Tree=603
num_leaves=10
num_cat=0
split_feature=52 87 17 101 20 20 28 3 14
split_gain=0.876809 0.576302 0.596438 0.382055 1.27475 0.460922 0.36127 0.146646 0.132003
threshold=9.2499998435000013 6.6842856920000004 0.56319950000000019 99.322562265000016 82.945000000000007 62.545000000000009 4.0000000170000005 0.34472635750000008 0.76021457150000005
decision_type=2 2 2 2 2 2 2 2 2
left_child=-1 2 -2 4 7 6 -5 -4 -7
right_child=1 -3 3 5 -6 8 -8 -9 -10
leaf_value=3.2053114299538421e-05 -0.004340914313001442 0.00048741381412379135 -0.00014189553758281044 -0.00010761324936025307 0.0010805307123712274 -2.1780587830457672e-05 0.00050256645567835819 0.00020440880630378738 9.755859670673949e-06
leaf_weight=20 120 20 55 35 27 98 62 20 21
leaf_count=20 120 20 55 35 27 98 62 20 21
internal_value=0.000290309 0.000193984 0.000111668 0.000341907 0.000846303 9.22508e-05 0.000608384 0.000138522 -0.000313022
internal_weight=478 458 438 318 102 216 97 75 119
internal_count=478 458 438 318 102 216 97 75 119
is_linear=0
shrinkage=0.01


Tree=604
num_leaves=11
num_cat=0
split_feature=56 4 5 4 1 19 4 4 16 50
split_gain=0.399379 0.49768 0.83322 0.47593 0.621072 0.262245 0.417678 0.63516 0.191919 0.147344
threshold=0.99999999650000004 0.41138964250000004 0.41864207150000005 0.41889300000000002 0.28790821400000005 0.5460944525000001 0.34879420250000009 0.32941557150000006 0.69833414300000007 7.0999999795000006
decision_type=2 2 2 2 2 2 2 2 2 2
left_child=1 2 -1 5 -5 9 7 8 -7 -2
right_child=3 -3 -4 4 -6 6 -8 -9 -10 -11
leaf_value=0.00054340760961964771 -0.0015035993555741877 -0.00085395749452643686 0.00022327822230746856 0.00052654688527245682 -0.00013634128010630076 7.9773973591275508e-05 -2.0336653075136033e-05 0.0011414715337354881 -0.00074231849933609597 5.9672470810334452e-05
leaf_weight=38 169 24 24 21 26 33 58 22 32 21
leaf_count=38 169 24 24 21 26 33 58 22 32 21
internal_value=0.000136519 0.000748848 0.00122611 0 0.000930962 -0.000135497 0.000174897 0.000620729 8.35865e-05 -0.0003826
internal_weight=468 86 62 382 47 335 145 87 65 190
internal_count=468 86 62 382 47 335 145 87 65 190
is_linear=0
shrinkage=0.01


Tree=605
num_leaves=12
num_cat=1
split_feature=104 103 26 72 15 27 24 47 20 12 3
split_gain=0.951795 0.974914 0.409469 0.400551 0.850287 0.190144 0.117363 0.192402 0.115456 0.0408469 0.0158575
threshold=0 23.659891060000003 1.6142856945000001 19.210000515000004 0.72981245250000015 2.4785714150000007 1.8571428315000003 3.5999999345000004 39.945000000000007 0.72904950000000013 0.29049800000000009
decision_type=1 8 2 2 2 2 2 2 2 2 2
left_child=1 -1 -2 4 -3 6 7 -4 -9 -8 -5
right_child=2 3 5 10 -6 -7 9 8 -10 -11 -12
leaf_value=0.0003600208055691992 3.4917914162127593e-05 0.00027773325875278786 0.00070581494081104054 -0.0050812092764357768 -0.00066208937258605493 0.00021758076419921906 -0.0012047163804534092 2.9410233313098513e-06 -0.00021088370680306896 1.2139509466910485e-06 4.3030647373686335e-05
leaf_weight=27 21 34 20 21 22 38 140 40 63 20 20
leaf_count=27 21 34 20 21 22 38 140 40 63 20 20
internal_value=0.000224936 0.000934718 -5.3855e-05 0.000506135 0.00105634 -0.000150715 -0.000244891 0 -0.000187861 -0.000422886 -0.000203349
internal_weight=466 124 342 97 56 321 283 123 103 160 41
internal_count=466 124 342 97 56 321 283 123 103 160 41
cat_boundaries=0 1
cat_threshold=134512912
is_linear=0
shrinkage=0.01


Tree=606
num_leaves=12
num_cat=0
split_feature=103 89 10 7 4 79 14 58 7 4 42
split_gain=0.785721 1.13024 0.692997 0.480787 0.746638 0.348362 0.235044 0.222844 0.3546 0.696311 0.157268
threshold=22.302357010000005 13.037142750000003 0.62325485700000016 0.6067232855000001 0.43479785700000001 95.604997635000018 0.66696292900000009 9.9999998395000009 0.57765003600000009 0.32941557150000006 1.8499999640000002
decision_type=10 2 2 2 2 2 2 2 2 2 2
left_child=3 7 -3 5 -5 10 -7 -2 9 -9 -1
right_child=1 2 -4 4 -6 6 -8 8 -10 -11 -12
leaf_value=-0.0019289175630323372 -0.001329656747707695 0.00033133074333721742 8.0572533986326443e-05 0.00070904192620740883 -0.001825706818167377 0.00088254725011899346 -0.00093897516782986035 -0.0013279617267374477 -1.7574182075405525e-05 0.0015763572013841654 1.8165481205804417e-05
leaf_weight=190 33 29 26 20 30 20 25 30 26 31 20
leaf_count=190 33 29 26 20 30 20 25 30 26 31 20
internal_value=0.000266223 0.000799204 0.00198029 -3.43363e-05 0.000846457 -0.000216966 0.000556768 0.000231788 0.000506834 0.000930421 -0.000393738
internal_weight=480 175 55 305 50 255 45 120 87 61 210
internal_count=480 175 55 305 50 255 45 120 87 61 210
is_linear=0
shrinkage=0.01


Tree=607
num_leaves=11
num_cat=0
split_feature=51 40 50 30 5 3 11 32 16 29
split_gain=0.939213 0.614048 0.90264 0.495038 0.578452 0.576117 0.254349 0.144502 0.184043 0.14047
threshold=23.999999830000004 5.771428568000001 8.3000000715000031 3.7357142655000004 0.38502264300000005 0.31997146450000008 0.59167985700000003 3.1214285575000003 0.61853421400000008 4.0142857180000009
decision_type=2 2 2 2 2 2 2 2 2 2
left_child=1 2 3 6 -5 -6 -1 -3 -9 -8
right_child=-2 7 -4 4 5 -7 9 8 -10 -11
leaf_value=0.00014967284953358584 0.00049780330993507425 -0.0018440787880117462 0.00039020047077758662 -0.0012705736800758289 0.0010792845672818456 0.00048852282220876854 -0.0005498027873032037 -0.0063259401790257399 0.006111319966029081 1.8330487505298783e-05
leaf_weight=20 20 137 24 27 21 52 102 23 20 20
leaf_count=20 20 137 24 27 21 52 102 23 20 20
internal_value=0.000224936 0.000123097 0.000431034 0.000234761 0.000773809 0.00123984 -0.000133053 -0.000320797 0.000148402 -0.00031759
internal_weight=466 446 266 242 100 73 142 180 43 122
internal_count=466 446 266 242 100 73 142 180 43 122
is_linear=0
shrinkage=0.01


Tree=608
num_leaves=10
num_cat=0
split_feature=17 15 10 22 18 56 15 68 87
split_gain=0.734097 0.578827 0.917062 0.872878 0.660532 0.698124 0.418175 0.241751 0.145857
threshold=0.56319950000000019 0.72705264250000012 0.66070692900000016 2.3357142635000003 0.6934210715000001 0.50000000750000007 0.75473470250000008 40.894999980000009 6.5435714890000005
decision_type=2 2 2 2 2 2 2 2 2
left_child=8 2 4 -4 5 -2 -3 -7 -1
right_child=1 6 3 -5 -6 7 -8 -9 -10
leaf_value=-0.0058818557080070576 0.00011643790221298872 -0.00012779267491330428 0.00047574403651866922 9.9239734496762432e-05 0.0011870677048417089 -0.00060530743418478559 0.0007256010388552004 0.00049902044757873468 0.00049282527683572222
leaf_weight=121 26 79 25 20 22 92 36 34 20
leaf_count=121 26 79 25 20 22 92 36 34 20
internal_value=0.000253258 0.000510753 0.000812102 0.00208515 0.000463387 0.000209424 -4.74958e-05 -8.67509e-05 -0.000342031
internal_weight=475 334 219 45 174 152 115 126 141
internal_count=475 334 219 45 174 152 115 126 141
is_linear=0
shrinkage=0.01


Tree=609
num_leaves=11
num_cat=0
split_feature=50 101 51 54 87 47 103 18 5 4
split_gain=0.786779 0.599685 1.03904 0.449809 0.800551 0.371514 0.587777 0.146342 0.139497 0.0362666
threshold=8.3000000715000031 89.867262285000024 17.099999690000004 14.449999720000003 4.2892856700000008 3.6499999945000003 25.786507530000005 0.59344804100000015 0.43889654750000001 0.39283733300000007
decision_type=2 2 2 2 2 2 10 2 2 2
left_child=1 7 3 5 -5 6 -3 -1 -6 -7
right_child=-2 2 -4 4 8 9 -8 -9 -10 -11
leaf_value=-0.0040778722069364217 0.00028898337615848959 -0.00041483605392540063 0.00045833997182403096 0.00012026185427053734 -0.0026612538379075733 -0.00076742836848785829 0.00016221704524711035 0.0014212571568532628 1.4083012422216734e-05 6.1233309465081736e-05
leaf_weight=123 34 61 22 22 21 86 41 20 23 20
leaf_count=123 34 61 22 22 21 86 41 20 23 20
internal_value=0.000298649 0.00017849 0.000438005 0.00025837 0.000973054 1.9157e-05 0.000457198 -0.000344228 0.000133928 -0.000383895
internal_weight=473 439 296 274 66 208 102 143 44 106
internal_count=473 439 296 274 66 208 102 143 44 106
is_linear=0
shrinkage=0.01


Tree=610
num_leaves=12
num_cat=0
split_feature=40 15 16 15 102 22 102 51 16 19 51
split_gain=0.692014 0.641887 0.957599 0.532826 0.518269 0.511796 0.424321 0.372755 0.339868 0.312328 0.0404331
threshold=5.771428568000001 0.72758228550000015 0.70921132850000013 0.62904761900000017 22.010740550000005 2.3142856785000006 26.400421500000004 23.999999830000004 0.69250814300000008 0.59277192850000016 9.5000001005000012
decision_type=2 2 2 2 8 2 8 2 2 2 2
left_child=1 2 3 -1 -3 6 -5 9 -7 10 -2
right_child=7 4 -4 5 -6 8 -8 -9 -10 -11 -12
leaf_value=0.0011086334181223928 -2.6412543006481445e-05 1.4348239225160821e-05 0.00040508038419955866 0.00036326561059518063 -0.00025047596741709912 -0.0015105288384969255 8.7492293203237475e-06 0.00045289636332872452 3.765474360546935e-05 0.0060408123581060956 -0.0020965690012162952
leaf_weight=21 20 20 26 25 65 58 25 24 27 20 133
leaf_count=21 20 20 26 25 65 58 25 24 27 20 133
internal_value=0.000357143 0.000688947 0.00102298 0.00070153 -5.82762e-06 0.000445508 0.00124016 -8.34177e-05 -5.82762e-06 -0.000256042 -0.000419376
internal_weight=464 267 182 156 85 135 50 197 85 173 153
internal_count=464 267 182 156 85 135 50 197 85 173 153
is_linear=0
shrinkage=0.01


Tree=611
num_leaves=12
num_cat=0
split_feature=5 17 47 18 55 17 27 87 10 67 67
split_gain=0.991485 0.823923 0.927087 0.623146 0.543031 1.17698 0.349273 0.25653 0.0757048 0.0487812 0.0892094
threshold=0.42707578600000007 0.56319950000000019 3.5999999940000005 0.70722607100000012 0.80000002300000006 0.68431400000000009 2.4785714150000007 6.6842856920000004 0.67981657150000008 1.8900003430000003 2.1399998665000006
decision_type=2 2 2 2 2 2 2 2 2 2 2
left_child=3 7 -3 6 5 -4 9 -2 -6 -1 -11
right_child=1 2 4 -5 8 -7 -8 -9 -10 10 -12
leaf_value=-0.00093122217720819581 -0.0034262575225600649 0.00042401144392098121 4.7490606139119868e-05 0.00014107126758815144 5.1768411062840731e-05 0.0001747259666064671 0.00049290528052080686 0.00052187868668847879 -0.00064896218351124634 0.0004182946495013018 -0.00027775892750604123
leaf_weight=166 49 37 30 25 20 20 31 20 26 20 33
leaf_count=166 49 37 30 25 20 20 31 20 26 20 33
internal_value=0.000291963 0.000823471 0.00128176 -9.24584e-05 0.00072314 0.00143701 -0.000251196 -3.58167e-05 -2.13676e-05 -0.000398089 -8.36432e-05
internal_weight=477 202 133 275 96 50 250 69 46 219 53
internal_count=477 202 133 275 96 50 250 69 46 219 53
is_linear=0
shrinkage=0.01


Tree=612
num_leaves=11
num_cat=0
split_feature=52 16 15 10 6 29 54 2 0 81
split_gain=0.932911 0.600636 1.13319 1.77286 0.60427 0.27119 0.353743 0.129685 0.092457 0.0391258
threshold=9.8000003285000012 0.67248635700000015 0.72705264250000012 0.67107886300000008 0.42739850000000007 4.1142856560000007 7.8000001090000008 0.26343092900000004 0.15342625000000001 0.022142852500000001
decision_type=2 2 2 2 2 2 2 2 2 2
left_child=-1 5 3 4 -3 9 -7 -4 -6 -2
right_child=1 2 7 -5 8 6 -8 -9 -10 -11
leaf_value=9.618035992218089e-05 -0.001745387826308108 0.0003117418423995307 0.00030594237609561035 0.00046775898315887503 4.3431926886240049e-06 -0.0020847056465668405 0.00033150550003651502 -0.00011321974524612897 -0.00016796585172856773 -0.0023689934561490159
leaf_weight=39 154 32 20 23 20 27 29 76 35 21
leaf_count=39 154 32 20 23 20 27 29 76 35 21
internal_value=0.000251678 0.000113065 0.000507737 0.00120036 0.000506834 -0.000230803 0.000352113 -0.000268595 -9.85664e-05 -0.000429465
internal_weight=476 437 206 110 87 231 56 96 55 175
internal_count=476 437 206 110 87 231 56 96 55 175
is_linear=0
shrinkage=0.01


Tree=613
num_leaves=11
num_cat=0
split_feature=17 19 19 16 9 102 12 54 20 13
split_gain=1.01084 0.951804 0.572072 0.674574 0.990277 1.31235 0.392958 0.266478 0.123825 0.0393308
threshold=0.56319950000000019 0.44746678600000006 0.51401392850000016 0.72522173800000012 0.59253911050000008 22.000243375000004 0.61527654800000009 13.449999845000002 109.80000000000003 0.71555840000000004
decision_type=2 2 2 2 2 10 2 2 2 2
left_child=9 -2 8 4 6 -6 -4 -5 -3 -1
right_child=1 2 3 7 5 -7 -8 -9 -10 -11
leaf_value=-0.0034416831840264005 0.00043809920900379269 -0.0018961821956196942 8.7546627309090312e-05 -0.00037173699445996604 -0.00024511402478999053 0.00015701274078271994 -0.0015963525062423199 0.00014992256641649769 7.7272982646024027e-05 -0.00052419017783359519
leaf_weight=117 26 66 48 54 23 50 37 20 20 20
leaf_count=117 26 66 48 54 23 50 37 20 20 20
internal_value=0.000306144 0.000597448 0.00043601 0.000695876 0.00106423 0.00191734 0.000297203 -6.6845e-05 -0.000241936 -0.000410015
internal_weight=481 344 318 232 158 73 85 74 86 137
internal_count=481 344 318 232 158 73 85 74 86 137
is_linear=0
shrinkage=0.01


Tree=614
num_leaves=13
num_cat=0
split_feature=71 4 41 2 54 85 5 2 52 54 101 101
split_gain=0.684152 0.567946 1.13671 0.511627 0.761201 0.576412 0.748731 0.44796 0.31309 0.328837 0.606272 0.0405551
threshold=1.1549997330000001 0.41752242900000008 1.0000000180025095e-35 0.31354950000000009 14.449999720000003 8.3057143685000021 0.37527847650000007 0.34578178550000011 11.199999885000002 9.8499999050000024 95.700869215000012 129.80610175000001
decision_type=2 2 2 2 2 2 2 2 2 2 2 2
left_child=3 8 -3 4 5 -1 -7 -5 9 10 -2 -10
right_child=1 2 -4 7 -6 6 -8 -9 11 -11 -12 -13
leaf_value=-0.0019870518955142085 -2.6205168880661768e-05 0.00057163589909422889 -0.0037264095331864706 -0.00048895541321699243 2.9655053895160704e-05 -0.0019313594452846201 0.0001725426940519001 0.00034164469417720888 -0.0034034786745056433 -0.0013473835274617452 0.0010710101115798782 -0.0001471421286964331
leaf_weight=25 28 20 22 44 22 23 35 29 135 31 22 20
leaf_count=25 28 20 22 44 22 23 35 29 135 31 22 20
internal_value=0.000350263 3.22811e-05 0.00109813 0.000833333 0.00128072 0.000793556 0.00134354 0.000155826 -0.000152027 0.000336186 0.000846457 -0.000420411
internal_weight=456 278 42 178 105 83 58 73 236 81 50 155
internal_count=456 278 42 178 105 83 58 73 236 81 50 155
is_linear=0
shrinkage=0.01


Tree=615
num_leaves=11
num_cat=0
split_feature=17 15 10 4 103 10 28 37 3 4
split_gain=0.583946 0.749289 0.873177 0.958655 0.880323 0.482517 0.292219 0.292152 0.180261 0.120927
threshold=0.56319950000000019 0.72790397600000012 0.62325485700000016 0.37817383350000006 22.484581360000004 0.54691578600000013 3.9571428470000005 4.9857142310000011 0.27177692900000006 0.42619964300000007
decision_type=2 2 2 2 10 2 2 2 2 2
left_child=9 2 5 4 -4 8 -7 -3 -2 -1
right_child=1 7 3 -5 -6 6 -8 -9 -10 -11
leaf_value=-0.0034136669043373716 1.2381615480370143e-05 -0.00047730519430853484 -0.0024028292328530016 0.00011329568110962434 0.00013485067568935015 7.406327305980537e-05 -0.0013361144706056261 4.6460303354304508e-06 0.0023355312527507509 2.6155967407272717e-05
leaf_weight=102 21 87 32 39 27 20 71 21 20 23
leaf_count=102 21 87 32 39 27 20 71 21 20 23
internal_value=0.000251186 0.000469303 0.000792894 0.0015081 0.000643813 0.000240964 -0.000147059 -0.000202206 0.00113636 -0.00032194
internal_weight=463 338 230 98 59 132 91 108 41 125
internal_count=463 338 230 98 59 132 91 108 41 125
is_linear=0
shrinkage=0.01


Tree=616
num_leaves=10
num_cat=0
split_feature=16 87 87 78 55 103 55 4 0
split_gain=0.565228 0.60932 0.442589 0.59346 0.322333 1.07219 0.214007 0.133571 0.0285266
threshold=0.58913064300000018 5.6578572160000009 5.2392857075000014 71.959999085000007 0.40000000950000009 25.921937140000004 0.15000000200000005 0.41889300000000002 0.26921189550000008
decision_type=2 2 2 2 2 8 2 2 2
left_child=7 2 3 4 6 -6 -2 -1 -4
right_child=1 -3 8 -5 5 -7 -8 -9 -10
leaf_value=-0.0065693349027575341 1.7495402244219589e-05 0.00053223251718156135 -0.0020561780157226468 0.00026105490679214234 7.6262817299690148e-05 2.9058885998286559e-07 -0.00099395572988525199 0.00011225891374781534 -0.001066949415569412
leaf_weight=84 63 39 47 21 48 76 50 20 20
leaf_count=84 63 39 47 21 48 76 50 20 20
internal_value=0.000349829 0.000537281 0.000385206 0.000575734 0.000418419 0.000769231 1.31809e-05 -0.00028626 -0.000317109
internal_weight=468 364 325 258 237 124 113 104 67
internal_count=468 364 325 258 237 124 113 104 67
is_linear=0
shrinkage=0.01


Tree=617
num_leaves=12
num_cat=0
split_feature=5 25 19 19 103 18 4 4 41 6 51
split_gain=0.75789 0.932972 1.12423 1.40782 0.800318 0.445358 0.604425 0.814151 0.383762 0.363623 0.362459
threshold=0.42560378550000005 1.7000000095000003 0.40563766700000004 0.44746678600000006 26.638826860000005 0.55706690500000011 0.34065642850000005 0.31831735700000002 1.0000000180025095e-35 0.37806078550000005 8.0999998485000013
decision_type=2 2 2 2 8 2 2 2 2 2 2
left_child=5 10 -3 -4 -5 -1 7 8 -7 -10 -2
right_child=1 2 3 4 -6 6 -8 -9 9 -11 -12
leaf_value=-0.0033565509045184894 3.0296042754031946e-05 -0.00024402091082143136 0.00066890027335103771 0.00022361798965433828 -0.00058258520659161441 -0.0016420208726965991 -0.00065354334083563286 0.00018806289191825639 0.00090636870019988132 -0.00060870625476013691 -0.00050402773956054767
leaf_weight=84 34 29 28 34 20 42 55 39 27 24 46
leaf_count=84 34 29 28 34 20 42 55 39 27 24 46
internal_value=0.000468885 0.000951512 0.00154293 0.00213768 0.00111314 0.000119573 0.000396698 0.000768072 0.000229211 0.000820463 9.90098e-05
internal_weight=462 191 111 82 54 271 187 132 93 51 80
internal_count=462 191 111 82 54 271 187 132 93 51 80
is_linear=0
shrinkage=0.01


Tree=618
num_leaves=11
num_cat=0
split_feature=52 14 15 47 60 62 0 0 7 6
split_gain=1.26813 0.5835 1.63049 1.51518 0.502351 0.283698 0.347194 0.340309 0.0416234 0.0337027
threshold=9.8000003285000012 0.70487507150000017 0.72705264250000012 2.9499999880000005 3.6499999910000005 0.51000022900000019 0.25261373300000006 0.15820516650000002 0.4140623570000001 0.53979250000000012
decision_type=2 2 2 2 2 2 2 2 2 2
left_child=-1 5 3 -3 -5 8 7 -7 -2 -4
right_child=1 2 9 4 -6 6 -8 -9 -10 -11
leaf_value=8.7034926825757763e-05 -0.0011930751931864391 0.00051299921890974806 -0.00033612241374724692 -0.00054552003978300108 6.4056965896782639e-05 -0.0017900159822821387 -0.0005652835341285659 0.0011080348711134779 -0.0021921134145296275 -5.4070795365423513e-07
leaf_weight=39 20 26 69 25 29 20 32 20 155 20
leaf_count=39 20 26 69 25 29 20 32 20 155 20
internal_value=0.00026437 9.59692e-05 0.000550648 0.00158416 0.000565693 -0.000207829 0.000302198 0.000931372 -0.000429465 -0.000361915
internal_weight=455 416 169 80 54 247 72 40 175 89
internal_count=455 416 169 80 54 247 72 40 175 89
is_linear=0
shrinkage=0.01


Tree=619
num_leaves=10
num_cat=0
split_feature=40 17 45 100 9 8 92 13 17
split_gain=0.940878 0.857985 0.782568 0.698123 0.322608 0.644316 0.316724 0.295805 0.235621
threshold=5.8642857075000014 0.60072909550000009 4.3499998600000014 19.453571730000004 0.6023158500000001 0.58952414300000011 12.593571390000003 0.60194375000000011 0.60072909550000009
decision_type=2 2 2 2 2 2 2 2 2
left_child=1 2 -1 -3 7 -6 -7 -5 -2
right_child=8 3 -4 4 5 6 -8 -9 -10
leaf_value=7.419645895713928e-05 -0.0047211073799783626 3.0251285392194583e-05 0.00099294600422387426 0.00050292262426143155 0.00016119494974317996 -1.0008408800358556e-05 8.6061898467457566e-05 -0.0017386277912015212 1.8687075284152924e-05
leaf_weight=27 116 21 27 20 21 90 46 74 27
leaf_count=27 116 21 27 20 21 90 46 74 27
internal_value=0.000390592 0.000688494 0.00184307 0.000447214 0.000287927 0.000567174 0.000292398 -0.000158228 -0.000274687
internal_weight=469 326 54 272 251 157 136 94 143
internal_count=469 326 54 272 251 157 136 94 143
is_linear=0
shrinkage=0.01


Tree=620
num_leaves=13
num_cat=0
split_feature=24 16 11 11 102 3 27 5 47 3 9 0
split_gain=0.75479 0.729618 0.68274 0.965978 1.01396 1.27762 0.38865 0.258716 0.236193 0.0819471 0.040674 0.0327568
threshold=1.8642856905000003 0.62757321450000003 0.66067950000000009 0.71042850000000002 26.732022320000002 0.33357957150000001 2.4785714150000007 0.49411128550000005 6.099999919500001 0.35320377100000006 0.51895184300000008 0.11824513000000002
decision_type=2 2 2 2 8 2 2 2 2 2 2 2
left_child=1 -1 8 4 5 -4 7 10 11 -5 -2 -3
right_child=6 2 3 9 -6 -7 -8 -9 -10 -11 -12 -13
leaf_value=0.00052539805297945801 -0.0046706280177624343 -0.00013115179160304178 6.8049543123204964e-05 -0.0016094072702979932 -0.00016012394680585081 2.3776541783054152e-06 4.7705130471721424e-05 9.2749407080940723e-05 1.5038491925756005e-05 3.1586543086718722e-05 -0.0017922075348236327 -0.00063356915364256043
leaf_weight=39 20 20 25 29 22 23 23 39 21 20 137 64
leaf_count=39 20 20 25 29 22 23 23 39 21 20 137 64
internal_value=0.000345899 0.000706975 0.00047153 0.000989148 0.00173729 0.00254098 -7.9618e-05 -0.00023374 -9.9244e-05 -5.02009e-05 -0.00042142 -0.000353774
internal_weight=482 263 224 119 70 48 219 196 105 49 157 84
internal_count=482 263 224 119 70 48 219 196 105 49 157 84
is_linear=0
shrinkage=0.01


Tree=621
num_leaves=11
num_cat=0
split_feature=40 51 11 85 79 15 81 58 103 0
split_gain=0.868574 0.968562 0.72738 0.594951 0.863016 0.482589 0.313959 0.237102 0.161009 0.0358742
threshold=5.9285714455000011 17.400000345000002 0.66067950000000009 9.2000000135000022 87.680001260000012 0.72705264250000012 1.7742857155000002 0.40000000950000009 18.321245190000003 0.096013500000000015
decision_type=2 2 2 2 2 2 2 2 10 2
left_child=1 2 6 4 5 -4 7 -1 -2 -9
right_child=8 -3 3 -5 -6 -7 -8 9 -10 -11
leaf_value=5.4380556831028699e-05 -0.00571605235359182 0.00047033565851325689 0.00047064412721709633 -0.0033855153136661061 0.0005576855383537916 4.037579622861862e-06 1.5706091922983319e-05 -0.0015089180227075829 0.00017135349705367294 -0.0012493594062533368
leaf_weight=36 100 20 36 23 38 60 23 20 36 83
leaf_count=36 100 20 36 23 38 60 23 20 36 83
internal_value=0.000400378 0.000672454 0.000526892 0.00101077 0.00126855 0.00072314 4.29974e-05 -0.000125179 -0.000263158 -0.00038054
internal_weight=475 339 319 157 134 96 162 139 136 103
internal_count=475 339 319 157 134 96 162 139 136 103
is_linear=0
shrinkage=0.01


Tree=622
num_leaves=13
num_cat=1
split_feature=104 0 0 67 23 88 31 60 50 67 11 74
split_gain=1.24861 0.810333 1.63974 0.794363 1.3663 0.518133 0.266681 0.546452 0.26622 0.122832 0.087495 0.0871726
threshold=0 0.12681091700000002 0.26586679200000002 0.3850002285000001 1.7142856845000003 15.757142750000002 2.4000000015000005 1.9999999850000001 8.5500001795000014 0.3850002285000001 0.64316608600000003 66.07999992000002
decision_type=1 2 2 2 2 2 2 2 2 2 2 2
left_child=8 6 3 -3 -5 -6 7 -2 9 -1 -4 -11
right_child=1 2 10 4 5 -7 -8 -9 -10 11 -12 -13
leaf_value=4.8690988565738353e-05 -0.0070613516531977099 1.3819450862174727e-05 1.8408180360828761e-05 0.00016434057960567274 0.0012419708440872526 0.00040556062289211908 -0.00017602296931535784 0.00015971954738757969 2.815626454192935e-05 -0.0020513998918094962 -0.0027001438753648977 -0.0011431977396065913
leaf_weight=20 21 22 20 22 24 27 44 20 20 159 32 35
leaf_count=20 21 22 20 22 24 27 44 20 20 159 32 35
internal_value=0.000332048 0.00083196 0.00131597 0.0020929 0.00259485 0.00159266 6.41024e-05 0.000657895 -0.000183824 -0.000302607 -7.57577e-05 -0.00038501
internal_weight=466 232 147 95 73 51 85 41 234 214 52 194
internal_count=466 232 147 95 73 51 85 41 234 214 52 194
cat_boundaries=0 1
cat_threshold=536941211
is_linear=0
shrinkage=0.01


Tree=623
num_leaves=14
num_cat=0
split_feature=16 26 52 87 4 101 38 33 43 103 13 31 4
split_gain=0.898063 0.917603 0.770533 0.728862 0.910475 0.541313 0.250296 0.619488 0.295196 0.204928 0.195636 0.170852 0.136118
threshold=0.58913064300000018 2.0499999995000002 10.999999905000001 5.1421428815000008 0.38161244300000002 101.22713215000002 4.5714285200000004 4.5214286190000008 4.1000000500000011 21.960591800000007 0.70130225850000005 2.0714285625000008 0.42261600000000005
decision_type=2 2 2 2 2 2 2 2 2 8 2 2 2
left_child=12 2 3 4 5 -2 7 -4 9 -8 -9 -5 -1
right_child=1 -3 6 11 -6 -7 8 10 -10 -11 -12 -13 -14
leaf_value=-0.0078635927730890641 -0.00066899443426201482 0.0011394482069209833 0.00011902740340915447 7.2037092578634173e-05 0.0001958859825887899 1.6453553199274221e-05 0.00044982937372123533 -0.00053994570121487415 -0.0018801578781849201 -8.9198007470420897e-05 2.6421718161266969e-05 -0.0060908911910094662 0.00018618548906133869
leaf_weight=90 22 20 28 20 20 21 21 32 71 24 68 20 20
leaf_count=90 22 20 28 20 20 21 21 32 71 24 68 20 20
internal_value=0.000480326 0.000719141 0.000587981 0.00131503 0.00198276 0.00106164 0.000269608 0.000574534 -5.137e-05 0.000556768 0.000178571 0.000196078 -0.000297834
internal_weight=477 367 347 103 63 43 244 128 116 45 100 40 110
internal_count=477 367 347 103 63 43 244 128 116 45 100 40 110
is_linear=0
shrinkage=0.01


Tree=624
num_leaves=9
num_cat=0
split_feature=31 17 10 88 17 46 28 7
split_gain=0.864487 0.621644 0.673144 0.575289 0.947045 0.267125 0.225632 0.0860979
threshold=2.0142857265000003 0.56319950000000019 0.54691578600000013 15.842142850000002 0.6556679645000002 12.950000050000002 4.1357143095000017 0.6067232855000001
decision_type=2 2 2 2 2 2 2 2
left_child=-1 7 -3 5 -5 6 -4 -2
right_child=1 2 3 4 -6 -7 -8 -9
leaf_value=0.00026785492146868444 -0.0045394913895050893 0.0013373728944683833 -0.00025376471969979593 0.00042496505469641918 -3.282982307768408e-05 2.370611499796042e-05 3.5466836184851743e-05 2.1742683513579221e-05
leaf_weight=37 97 39 144 24 34 36 21 31
leaf_count=37 97 39 144 24 34 36 21 31
internal_value=0.000380552 0.000246017 0.000498661 0.000302155 0.00117347 3.71654e-05 -0.000123643 -0.000326087
internal_weight=463 426 298 259 58 201 165 128
internal_count=463 426 298 259 58 201 165 128
is_linear=0
shrinkage=0.01


Tree=625
num_leaves=12
num_cat=0
split_feature=102 102 6 46 42 89 16 16 7 15 6
split_gain=0.993896 1.1371 2.06093 0.806511 0.739836 0.698221 0.501821 0.843149 0.320988 0.0414295 0.0166011
threshold=23.154861850000007 26.397590145000006 0.51452969050000008 7.5000000595000005 2.2500000000000004 14.02571423 0.6776522140000002 0.70960224500000013 0.62680169050000012 0.73805559550000011 0.47632516650000006
decision_type=10 10 2 2 2 2 2 2 2 2 2
left_child=4 2 3 -2 8 6 -3 -8 9 -1 -9
right_child=1 5 -4 -5 -6 -7 7 10 -10 -11 -12
leaf_value=-0.0018009510073466559 -0.0029706642213625 -0.001769765232649154 0.00041634372790781931 0.00026500463026208384 4.0415102352751463e-05 0.00072400681108467785 0.00082527608342872216 -0.00075573944372645755 0.00010021923756633688 -0.0010412601314922778 -0.00015602160420541311
leaf_weight=151 27 75 21 38 22 23 32 20 20 20 22
leaf_count=151 27 75 21 38 22 23 32 20 20 20 22
internal_value=0.000429207 0.000846213 0.00178571 0.000843465 -6.78205e-05 0.000358796 9.012e-05 0.000681818 -0.000278937 -0.000427823 -0.00021028
internal_weight=471 258 86 65 213 172 149 74 191 171 42
internal_count=471 258 86 65 213 172 149 74 191 171 42
is_linear=0
shrinkage=0.01


Tree=626
num_leaves=13
num_cat=0
split_feature=17 5 3 19 17 17 40 40 75 2 45 19
split_gain=1.39304 1.0825 0.973514 1.08106 1.34269 1.77229 0.657685 0.344582 0.415748 0.289912 0.141738 0.0304949
threshold=0.56319950000000019 0.42315952350000002 0.39268485700000005 0.56425957150000017 0.67622035700000016 0.62568011900000009 4.0999999985000004 5.5857143060000007 80.854997635000004 0.26014235750000009 16.750000120000003 0.52855232100000016
decision_type=2 2 2 2 2 2 2 2 2 2 2 2
left_child=10 6 3 4 5 -3 -2 11 -9 -10 -1 -8
right_child=1 2 -4 -5 -6 -7 7 8 9 -11 -12 -13
leaf_value=-0.0049421296983174646 1.5908196402183221e-05 0.0004572298184843766 -0.00015531410078729955 -4.3006303883147351e-06 0.0010620157246973856 5.1257398935615495e-06 -0.002507932458742122 0.00098379709426339181 0.0023255494452731253 -0.0012358625578288603 4.4290613492166239e-05 -0.0016942790520097601
leaf_weight=106 23 29 27 27 22 33 20 20 36 35 20 54
leaf_count=106 23 29 27 27 22 33 20 20 36 35 20 54
internal_value=0.000556537 0.000902693 0.00157781 0.00199016 0.00254717 0.00170382 0.000391949 0.0001538 0.000571895 0.000174095 -0.000323344 -0.000334225
internal_weight=452 326 138 111 84 62 188 165 91 71 126 74
internal_count=452 326 138 111 84 62 188 165 91 71 126 74
is_linear=0
shrinkage=0.01


Tree=627
num_leaves=12
num_cat=0
split_feature=16 72 6 31 19 15 55 45 89 13 5
split_gain=0.913288 0.86019 0.599645 1.04986 0.623002 0.703046 0.178366 0.339414 0.103375 0.102217 0.0278899
threshold=0.59343418550000016 21.719999790000006 0.44236657150000008 2.0428571615000002 0.50549571450000019 0.72018407150000008 0.50000001100000013 14.600000305000002 13.856428660000001 0.70250907000000018 0.38297285750000004
decision_type=2 2 2 2 2 2 2 2 2 2 2
left_child=8 2 6 -4 9 -6 10 -8 -1 -5 -2
right_child=1 -3 3 4 5 -7 7 -9 -10 -11 -12
leaf_value=-0.0046832956645359389 -0.0012119785630200577 0.001211053818880235 0.00036036819380207916 8.9079963955100087e-05 0.00012056050800927245 4.5660219134636652e-05 0.00028416592992732776 -0.0019680836251923873 -0.00025580184138943122 -0.0011881320628912722 -0.00054971217869854516
leaf_weight=82 45 30 26 20 35 70 37 25 25 42 20
leaf_count=82 45 30 26 20 35 70 37 25 25 42 20
internal_value=0.00050131 0.000749715 0.000586035 0.000936532 0.000622765 0.00109168 3.52111e-05 0.000429936 -0.000292208 -0.000143312 -0.00031155
internal_weight=457 350 320 193 167 105 127 62 107 62 65
internal_count=457 350 320 193 167 105 127 62 107 62 65
is_linear=0
shrinkage=0.01


Tree=628
num_leaves=11
num_cat=1
split_feature=104 28 103 20 102 4 8 2 102 29
split_gain=1.02155 0.997985 0.720738 1.01673 0.713733 0.600175 0.342526 0.234945 0.202681 0.145104
threshold=0 3.8285714390000005 36.605496295000009 39.240000000000002 26.168896200000002 0.38234050000000003 0.65146264250000008 0.25340971450000005 29.140435005000004 4.1285714250000014
decision_type=1 2 8 2 10 2 2 2 8 2
left_child=9 -2 3 4 -3 7 -7 -5 -4 -1
right_child=1 2 8 5 -6 6 -8 -9 -10 -11
leaf_value=-0.0014696097377891232 0.00028118083403714551 0.00069189559935573018 -0.0030074883375888167 4.6911577103880355e-05 0.0021999423108396239 8.7608519040656774e-05 1.3332792932152164e-05 -0.00023065580006086624 0.00089663378438962777 0.00081203665704187027
leaf_weight=118 34 34 71 20 20 20 21 73 27 20
leaf_count=118 34 34 71 20 20 20 21 73 27 20
internal_value=0.000390148 0.000689238 0.000505579 0.000868644 0.00202555 0.000378338 0.0013756 -4.79745e-05 -0.000172065 -0.00031586
internal_weight=458 320 286 188 54 134 41 93 98 138
internal_count=458 320 286 188 54 134 41 93 98 138
cat_boundaries=0 1
cat_threshold=8458883
is_linear=0
shrinkage=0.01


Tree=629
num_leaves=12
num_cat=0
split_feature=50 63 87 75 46 7 7 18 32 5 63
split_gain=0.893724 0.603334 0.555954 0.987805 0.497851 0.449902 0.373995 0.314275 0.485072 0.337514 0.0432623
threshold=5.9499999580000011 2.1300001145000005 5.2049999830000013 79.730000500000003 11.699999850000003 0.40947400000000006 0.56306028600000013 0.6834761075000001 1.9785714320000001 0.52202473800000015 8.074999809000003
decision_type=2 2 2 2 2 2 2 2 2 2 2
left_child=1 4 3 -2 -1 -3 -4 9 -9 10 -7
right_child=2 5 6 -5 -6 7 -8 8 -10 -11 -12
leaf_value=0.0016760474439208946 2.931169183667502e-05 0.00059296012702990126 7.8731241152195383e-05 0.00015332638428229258 5.6907061048608799e-06 -0.00057621259198130446 -0.0017846393274008859 -0.00088729000853362292 0.00022285298839302311 0.0006397414814418562 -0.0027283965909929192
leaf_weight=26 32 20 20 21 30 198 26 22 22 20 20
leaf_count=26 32 20 20 21 30 198 26 22 22 20 20
internal_value=0.000348405 0.000108696 0.00118737 0.00188662 0.00105634 -6.27478e-05 0.000320513 -0.000173267 0.000580357 -0.000322446 -0.000443327
internal_weight=457 358 99 53 56 302 46 282 44 238 218
internal_count=457 358 99 53 56 302 46 282 44 238 218
is_linear=0
shrinkage=0.01


Tree=630
num_leaves=12
num_cat=0
split_feature=16 15 5 47 35 2 18 76 15 52 51
split_gain=0.75915 1.08289 0.873972 0.987397 1.1566 0.401346 0.301985 0.492459 0.542986 0.0371026 0.0363926
threshold=0.58913064300000018 0.62904761900000017 0.43466569050000009 2.9000000020000005 5.1000000070000011 0.30596821450000006 0.65860228550000011 42.154999730000007 0.71443285700000014 10.049999872500001 23.400000405000004
decision_type=2 2 2 2 2 2 2 2 2 2 2
left_child=10 -2 6 -4 -5 -6 9 -8 -9 -3 -1
right_child=1 2 3 4 5 -7 7 8 -10 -11 -12
leaf_value=-0.0056899103859310088 0.0011818761770628634 -0.0012550701438169194 0.00065226879135238728 0.00046622956888327341 5.050943441059927e-05 -0.00015384820299876677 -0.0014674932539039832 0.00053701529910736123 -0.00021916778091798751 -0.0014872678588123283 -0.00043610819481545619
leaf_weight=87 30 20 27 21 31 70 33 20 20 93 20
leaf_count=87 30 20 27 21 31 70 33 20 20 93 20
internal_value=0.000342639 0.000561782 0.000388624 0.000957944 0.000545602 7.36738e-05 -5.88866e-05 0.000426829 0.00117647 -0.000391037 -0.000384972
internal_weight=472 365 335 149 122 101 186 73 40 113 107
internal_count=472 365 335 149 122 101 186 73 40 113 107
is_linear=0
shrinkage=0.01


Tree=631
num_leaves=11
num_cat=0
split_feature=4 1 25 4 58 57 58 43 79 72
split_gain=0.692416 1.05975 0.98888 0.4431 0.355204 0.741776 0.283021 0.18151 0.160913 0.0430078
threshold=0.38621613100000002 0.28686164250000007 1.7000000095000003 0.39952351450000007 10.550000070000001 5.0999999715000008 0.25000000350000007 3.5500000640000002 80.31500148500001 23.095000265000003
decision_type=2 2 2 2 2 2 2 2 2 2
left_child=4 2 -2 -4 6 -6 -1 -3 -8 -10
right_child=1 7 3 -5 5 -7 8 -9 9 -11
leaf_value=0.00028175529542274618 -7.5834169745961588e-06 0.00017765081872141093 0.00020924187825985388 0.00050178854967287783 0.0011798556114917221 -8.707307113515342e-06 2.7262442534433768e-05 -0.0011433141882080861 -0.0017425638787905394 -0.0026154426641908433
leaf_weight=20 21 25 20 20 30 31 38 44 190 20
leaf_count=20 21 25 20 20 30 31 38 44 190 20
internal_value=0.000170726 0.000787462 0.00173948 0.00264706 -6.82233e-05 0.000606796 -0.000230655 -3.58167e-05 -0.000329582 -0.000441177
internal_weight=459 130 61 40 329 61 268 69 248 210
internal_count=459 130 61 40 329 61 268 69 248 210
is_linear=0
shrinkage=0.01


Tree=632
num_leaves=12
num_cat=1
split_feature=104 16 20 42 17 88 20 45 39 17 1
split_gain=1.11606 1.15246 0.920749 0.674379 0.624901 0.401209 0.632683 0.278977 0.230254 0.127889 0.218482
threshold=0 0.58913064300000018 81.795000000000016 2.3500000235000003 0.66464150000000011 15.842142850000002 37.955000000000005 0.65000000600000007 5.3714285750000004 0.68072900000000003 0.24388165700000003
decision_type=1 2 2 2 2 2 2 2 2 2 2
left_child=1 -1 4 5 -3 7 -7 -2 -8 -9 -11
right_child=3 2 -4 -5 -6 6 8 9 -10 10 -12
leaf_value=-0.0046132347854124676 0.00058891878275427547 0.00015494059122516816 8.1539099914085096e-05 4.5120632489515455e-05 8.1389413416600029e-05 0.00043208695452344291 6.168889421606469e-05 -0.0017456625641593935 -0.00038518817747007765 0.0004497534185520512 -0.00020299018758824887
leaf_weight=28 20 38 27 20 23 23 20 160 38 34 45
leaf_count=28 20 38 27 20 23 23 20 160 38 34 45
internal_value=0.000377517 0.00118297 0.00184685 7.55123e-05 0.00109223 -2.34743e-05 0.000580684 -0.000221324 0 -0.000323186 0
internal_weight=476 116 88 360 61 340 81 259 58 239 79
internal_count=476 116 88 360 61 340 81 259 58 239 79
cat_boundaries=0 1
cat_threshold=170131848
is_linear=0
shrinkage=0.01


Tree=633
num_leaves=13
num_cat=0
split_feature=16 0 54 43 10 16 3 55 20 89 35 9
split_gain=1.11451 0.700715 1.53627 0.823438 0.889173 1.52767 0.493166 0.521027 0.242584 0.197877 0.136629 0.0686894
threshold=0.66402850000000013 0.26586679200000002 13.800000050000003 9.2000001220000023 0.62807078600000021 0.72412207150000019 0.33677398250000007 1.0000000180025095e-35 45.065000000000005 13.785714250000002 5.4428570950000008 0.66806697500000012
decision_type=2 2 2 2 2 2 2 2 2 2 2 2
left_child=6 2 3 4 -2 -6 10 -8 -5 -3 -1 -9
right_child=1 9 -4 8 5 -7 7 11 -10 -11 -12 -13
leaf_value=-4.6720822415885393e-05 -0.0014328695385245787 -0.002268815675279309 8.580588957427211e-05 0.002143393718710905 0.0004130490078660531 -0.00031453090684064466 0.00060825915536141741 0.00049262506776423911 -0.0003600941025829057 0.00013025152645260662 -0.0028402722172304372 -0.0031402150296283371
leaf_weight=22 25 37 23 20 38 21 25 20 43 34 143 23
leaf_count=22 25 37 23 20 38 21 25 20 43 34 143 23
internal_value=0.000423336 0.000899504 0.00124707 0.000842354 0.00148585 0.00214883 -6.20189e-05 0.000639535 0 3.48188e-05 -0.000364898 0
internal_weight=474 241 170 147 84 59 233 68 63 71 165 43
internal_count=474 241 170 147 84 59 233 68 63 71 165 43
is_linear=0
shrinkage=0.01


Tree=634
num_leaves=13
num_cat=1
split_feature=104 54 73 6 102 44 50 63 2 6 62 3
split_gain=1.13887 0.81191 1.34407 0.773308 1.38035 1.09891 0.401745 0.292225 0.367927 0.136118 0.0654231 0.0615385
threshold=0 15.649999815000003 23.389999865000004 0.51452969050000008 21.841133310000004 3.2499999705000007 6.149999976000001 2.2999997140000006 0.25827600000000006 0.36463350000000005 0.034999847500000007 0.33099478600000004
decision_type=1 2 2 2 10 2 2 2 2 2 2 2
left_child=10 3 -3 6 -5 -6 7 8 -2 -9 11 -1
right_child=1 2 -4 4 5 -7 -8 9 -10 -11 -12 -13
leaf_value=0.00048062250877194622 0.0017556371353815909 0.0003983817833187766 -0.0010182882153342947 -0.002837732573149134 0.00064648603862098742 2.9681049658908139e-05 0.00019437490072446776 7.1083884813963468e-05 -6.3983103209525127e-06 -0.0017802079070014707 -0.000122959497152327 -0.0026269579854853189
leaf_weight=20 23 27 20 23 20 21 34 20 29 90 102 20
leaf_count=20 23 27 20 23 20 21 34 20 29 90 102 20
internal_value=0.000407959 0.000737885 0.00197699 0.000529141 0.00148148 0.00257177 0.000203252 0 0.00060606 -0.000297834 -0.000320681 0
internal_weight=449 307 47 260 64 41 196 162 52 110 142 40
internal_count=449 307 47 260 64 41 196 162 52 110 142 40
cat_boundaries=0 1
cat_threshold=268504262
is_linear=0
shrinkage=0.01


Tree=635
num_leaves=13
num_cat=1
split_feature=52 104 0 1 21 4 9 0 28 6 46 4
split_gain=1.03255 0.561347 0.785693 1.15324 0.776248 0.402492 0.844479 0.255154 0.192046 0.0969204 0.0381349 0.033148
threshold=9.8500000200000013 0 0.11679660400000001 0.24769064300000002 1.0071428505000002 0.38234050000000003 0.66806697500000012 0.065224698000000011 4.1499999930000007 0.43590240000000008 11.699999935000003 0.27439642850000007
decision_type=2 1 2 2 2 2 2 2 2 2 2 2
left_child=-1 8 7 4 -4 9 -7 -3 10 -5 -2 -9
right_child=1 2 3 5 -6 6 -8 11 -10 -11 -12 -13
leaf_value=9.8005165919506156e-05 -0.0016552178852183206 0.00020105467423450429 0.00044130935201657699 4.3505597969523064e-05 0.0011467015262262036 0.00063377128657377522 7.4421224259293897e-06 -0.0015052904614918021 0.00030488707539532827 -0.0010398590615098475 -2.8205381293957936e-06 -0.0013181944700516796
leaf_weight=39 103 20 23 20 21 27 38 20 28 38 20 66
leaf_count=39 103 20 23 20 21 27 38 20 28 38 20 66
internal_value=0.000423674 0.00027307 0.000533827 0.000980334 0.00236607 0.000456381 0.000995441 -0.000102996 -0.000207046 -0.000119048 -0.000399839 -0.000357143
internal_weight=463 424 273 167 44 123 65 106 151 58 123 86
internal_count=463 424 273 167 44 123 65 106 151 58 123 86
cat_boundaries=0 1
cat_threshold=8455271
is_linear=0
shrinkage=0.01


Tree=636
num_leaves=13
num_cat=1
split_feature=104 5 103 6 28 14 49 14 67 73 28 35
split_gain=1.20152 0.586391 1.14126 0.588943 0.488771 0.506016 0.449319 0.746638 0.248604 0.27658 0.203562 0.0838677
threshold=0 0.44545523550000005 25.921937140000004 0.53483178600000014 3.9714285135000007 0.65325711900000016 0.35000000900000006 0.68857677150000007 1.8900003430000003 65.220000745000007 3.9214285440000003 6.0142857690000016
decision_type=1 2 8 2 2 2 2 2 2 2 2 2
left_child=8 4 -3 -4 5 -2 -6 -8 10 -10 -1 -11
right_child=1 2 3 -5 6 -7 7 -9 9 11 -12 -13
leaf_value=7.7837878469238684e-05 0.001088046100856327 0.00040935164400637169 -0.0011479697550616252 0.00038211328480934468 -0.0011047659197228399 -2.4229188020980229e-05 0.00053101177338070959 -0.00021389291925994568 0.00016579671844620583 -0.0002594061231892232 -0.00021061457357180908 0.0010796599738826362
leaf_weight=32 22 24 22 25 53 23 20 30 29 30 140 20
leaf_count=32 22 24 22 25 53 23 20 30 29 30 140 20
internal_value=0.0003887 0.000907311 0.00170613 0.000721757 0.000564516 0.00143013 0.000158959 0.000846457 -8.97633e-05 0.000357143 -0.0003125 -5.90552e-05
internal_weight=470 219 71 47 148 45 103 50 251 79 172 50
internal_count=470 219 71 47 148 45 103 50 251 79 172 50
cat_boundaries=0 1
cat_threshold=1115891
is_linear=0
shrinkage=0.01


Tree=637
num_leaves=13
num_cat=0
split_feature=40 17 4 103 10 13 30 17 22 62 17 4
split_gain=0.797172 0.632131 0.701065 0.583455 1.22864 1.2634 0.856182 0.289076 0.251409 0.097872 0.153845 0.0226349
threshold=5.8642857075000014 0.5929413575000001 0.38621613100000002 26.397590145000006 0.61801215300000012 0.71217456250000011 3.6500000190000006 0.60072909550000009 2.3999999845000004 0.28499984750000001 0.65814673200000007 0.34204607150000005
decision_type=2 2 2 8 2 2 2 2 2 2 2 2
left_child=1 2 -1 4 11 -6 -7 -2 9 10 -5 -3
right_child=7 3 -4 8 5 6 -8 -9 -10 -11 -12 -13
leaf_value=2.4433462555559574e-05 -0.0041054547893643626 -0.0010499978468316803 0.00068264723271940124 -0.0015274760147469168 0.00017772117364833821 -0.00066835026487717419 0.00081487708956809598 0.00013342204400129673 0.00029997480660552168 -0.00017726038189943001 0.00040512892493568516 -6.5599028583043572e-05
leaf_weight=22 130 32 22 25 23 27 26 23 29 73 23 20
leaf_count=22 130 32 22 25 23 27 26 23 29 73 23 20
internal_value=0.000295292 0.000579306 0.00169643 0.000390961 0.000885093 0.00169271 0.000771375 -0.000289337 -1.9894e-05 -0.00023399 8.19671e-05 -0.000265152
internal_weight=475 322 44 278 128 76 53 153 150 121 48 52
internal_count=475 322 44 278 128 76 53 153 150 121 48 52
is_linear=0
shrinkage=0.01


Tree=638
num_leaves=15
num_cat=0
split_feature=33 0 1 16 16 81 16 25 59 0 0 0 103 0
split_gain=0.945664 0.851333 1.2514 0.725061 0.720073 0.624731 0.310996 0.690995 0.792798 0.229626 0.188022 0.180261 0.132185 0.0369895
threshold=4.5357143195000011 0.26401193750000002 0.26989957150000005 0.67720392850000011 0.70257107100000016 1.3421428755000002 0.59729738100000007 1.7071428595000002 2.6999999730000002 0.078784125000000024 0.22800294750000002 0.28882258350000006 27.785577100000001 0.13929100000000003
decision_type=2 2 2 2 2 2 2 2 2 2 2 2 10 2
left_child=1 2 3 10 -5 11 13 9 -9 -8 -1 -3 -11 -2
right_child=6 5 -4 4 -6 -7 7 8 -10 12 -12 -13 -14 -15
leaf_value=-0.002161359102801711 -0.0051293686384619175 1.3168163163489308e-05 0.00047002703243354606 0.00099047782063819544 3.3559982011417612e-05 -0.00010173705023366969 0.00022432434674090577 -0.00055324371495829496 0.0010623115131669959 -2.9522963164441679e-05 0.00022424133450576054 0.00055732262451131393 0.00029771512305373896 -0.00036343111567430488
leaf_weight=28 92 21 20 20 25 57 20 20 20 81 21 20 20 20
leaf_count=28 92 21 20 20 25 57 20 20 20 81 21 20 20 20
internal_value=0.000402429 0.000902256 0.00148955 0.000959915 0.00186681 0.000192308 5.47833e-06 0.000293572 0.00142157 -6.97867e-05 7.0281e-05 0.00113636 -0.000279961 -0.000390071
internal_weight=485 212 114 94 45 98 273 161 40 121 49 41 101 112
internal_count=485 212 114 94 45 98 273 161 40 121 49 41 101 112
is_linear=0
shrinkage=0.01


Tree=639
num_leaves=13
num_cat=0
split_feature=50 35 1 1 1 20 103 82 27 51 0 0
split_gain=0.771099 0.317989 0.77018 0.696069 0.373995 0.240824 0.279893 0.213565 0.232779 0.231209 0.137834 0.015083
threshold=8.3000000715000031 5.6071429255000007 0.24792775000000003 0.22631435750000004 0.19603085750000002 74.520000000000024 21.838804660000005 6.8914285730000016 2.3071428580000002 15.299999905000002 0.26465027750000009 0.21980954200000002
decision_type=2 2 2 2 2 2 8 2 2 2 2 2
left_child=1 2 3 4 -1 6 -4 -3 -9 -10 -8 -11
right_child=-2 7 5 -5 -6 -7 10 8 9 11 -12 -13
leaf_value=0.00022208110327349775 0.00027337111406479381 0.00013070658757462683 0.00055174939826619729 0.00059850954696381755 -0.0024280882556948062 -0.00020444791464830102 5.2607322395203469e-05 -0.0030221046130073821 0.0012093768378686647 -0.00034005244255714179 -0.0012242836818939359 -0.0010463803086326647
leaf_weight=20 35 21 20 35 26 66 27 128 25 20 33 20
leaf_count=20 35 21 20 35 26 66 27 128 25 20 33 20
internal_value=0.000272651 0.000152784 0.000414837 0.00119193 0.000320513 -6.81211e-06 0.000346535 -0.000116387 -0.000229618 0.000235562 0 -0.000196079
internal_weight=476 441 227 81 46 146 80 214 193 65 60 40
internal_count=476 441 227 81 46 146 80 214 193 65 60 40
is_linear=0
shrinkage=0.01


Tree=640
num_leaves=13
num_cat=0
split_feature=28 54 50 4 4 103 17 88 45 15 20 0
split_gain=1.09086 0.953541 0.476728 0.745508 0.422111 0.665672 0.22527 0.103408 0.150133 0.2681 0.0398428 0.029128
threshold=3.8285714390000005 0.90000000950000014 4.0999999530000011 0.39673885700000006 0.34065642850000005 22.019960960000002 0.73096514250000011 15.762857095000003 14.499999955000002 0.60295828550000008 136.94500000000002 0.27026441650000005
decision_type=2 2 2 2 2 10 2 2 2 2 2 2
left_child=1 -1 6 4 5 -4 7 10 -9 -10 -2 -6
right_child=2 -3 3 -5 11 -7 -8 8 9 -11 -12 -13
leaf_value=-0.00072290621483413328 -0.0008734550521362893 0.00049766915009838105 -0.0017845260097438839 0.00022967469571450453 -0.0013820253351305252 0.00030767301151584444 0.0027524257120554196 -0.0014524676031456758 -0.01120046203805867 0.00045926990742946956 -1.1325598989749518e-06 -7.0386377296942238e-05
leaf_weight=22 124 34 21 32 49 28 21 42 24 33 20 20
leaf_count=22 124 34 21 32 49 28 21 42 24 33 20 20
internal_value=0.000282498 0.00158451 9.88427e-05 0.000550398 0.000159933 0.000873494 -0.000151058 -0.000244053 0 0.00033737 -0.000414365 -0.00032235
internal_weight=470 56 414 150 118 49 264 243 99 57 144 69
internal_count=470 56 414 150 118 49 264 243 99 57 144 69
is_linear=0
shrinkage=0.01


Tree=641
num_leaves=10
num_cat=0
split_feature=40 6 37 17 45 2 4 4 4
split_gain=0.921896 1.02505 0.534801 0.887394 0.773662 0.423573 0.424291 0.233606 0.10363
threshold=5.8499999725000009 0.54869635750000012 4.7499999830000013 0.67827464300000007 16.849999785000005 0.2567187855000001 0.30065942850000005 0.42619964300000007 0.38621613100000002
decision_type=2 2 2 2 2 2 2 2 2
left_child=1 2 4 -4 5 6 -1 -2 -7
right_child=7 -3 3 -5 -6 8 -8 -9 -10
leaf_value=-0.00021564799737571212 -0.0045138845788284454 0.00012476803080786929 4.766228841709946e-05 0.00051101400421091228 0.00027371032248284217 -0.00053287747169540882 0.0020711112681016798 0.00020365714798206987 -0.00020777116187249678
leaf_weight=37 133 20 36 39 31 109 20 28 27
leaf_count=37 133 20 36 39 31 109 20 28 27
internal_value=0.00030782 0.0006207 0.000461975 0.00119393 0.000204626 -2.32199e-05 0.000683391 -0.000299753 -0.000336257
internal_weight=480 319 299 75 224 193 57 161 136
internal_count=480 319 299 75 224 193 57 161 136
is_linear=0
shrinkage=0.01


Tree=642
num_leaves=13
num_cat=0
split_feature=53 25 52 76 10 20 50 17 0 54 17 0
split_gain=0.598461 0.665382 0.557516 0.70332 0.852373 0.597124 0.16693 0.352686 0.128 0.124906 0.0399119 0.0261223
threshold=0.89999999850000012 1.8928571385000001 10.999999905000001 46.655000210000004 0.62325485700000016 55.565000000000005 4.0999999530000011 0.65026509500000007 0.13910420850000002 7.1000000125000007 0.70428482150000016 0.23516897900000003
decision_type=2 2 2 2 2 2 2 2 2 2 2 2
left_child=6 2 5 4 -4 -2 8 -8 10 -5 -1 -3
right_child=1 11 3 9 -6 -7 7 -9 -10 -11 -12 -13
leaf_value=-0.0019874017852224905 6.2330934028562875e-05 -1.0429810718228026e-06 -2.5726142358712713e-05 -0.0018659986999040282 0.0003143711548109062 0.00039824599795485567 -0.0051460767478064082 0.00010129100121578324 0.000125483670440655 0.00012881096284143691 -0.00011274373229018194 -0.00076055421000160951
leaf_weight=125 24 20 22 42 28 21 23 20 20 32 20 40
leaf_count=125 24 20 22 42 28 21 23 20 20 32 20 40
internal_value=0.000227273 0.00058094 0.000904005 0.000528846 0.00143701 0.00186681 -0.000153257 0.000376712 -0.000304584 -6.6845e-05 -0.000414952 -0.000296053
internal_weight=437 229 169 124 50 45 208 43 165 74 145 60
internal_count=437 229 169 124 50 45 208 43 165 74 145 60
is_linear=0
shrinkage=0.01


Tree=643
num_leaves=10
num_cat=0
split_feature=46 38 51 17 15 9 8 24 34
split_gain=0.790182 0.505353 0.566495 0.59853 0.822711 1.27097 0.331434 0.193345 0.0599224
threshold=15.749999955000002 5.4499999625000006 23.999999830000004 0.65026509500000007 0.71941769050000015 0.59253911050000008 0.64595771450000006 1.7928571275000003 3.9214285445000008
decision_type=2 2 2 2 2 2 2 2 2
left_child=1 2 3 7 5 -5 -6 -1 -9
right_child=-2 -3 -4 4 6 -7 -8 8 -10
leaf_value=3.7451524488026677e-05 0.0010933445069961684 6.6140737684654356e-05 0.00066817325985380177 8.5528369679611177e-06 -0.00017580768915466483 0.00036160251078588601 1.5051633819965878e-05 -4.0775949274616915e-05 -0.0029048973611160295
leaf_weight=28 20 20 20 46 69 37 41 45 133
leaf_count=28 20 20 20 46 69 37 41 45 133
internal_value=0.000388212 0.000292178 0.000210815 0.000121311 0.000523736 0.00127088 -2.70759e-05 -0.000246615 -0.00037472
internal_weight=459 439 419 399 193 83 110 206 178
internal_count=459 439 419 399 193 83 110 206 178
is_linear=0
shrinkage=0.01


Tree=644
num_leaves=12
num_cat=1
split_feature=104 58 67 0 60 15 0 92 16 11 1
split_gain=0.824126 1.18232 0.497033 0.702903 0.296286 0.637253 0.723858 0.176307 0.39276 0.147044 0.0192946
threshold=0 0.45000001000000006 1.9850001335 0.12095741650000001 4.7999999225000005 0.72790397600000012 0.22850610400000002 12.941428525000001 0.5923412145000001 0.5549890715000001 0.27271957150000004
decision_type=1 2 2 2 2 2 2 2 2 2 2
left_child=9 -2 4 -4 7 6 -6 -3 -9 -1 -7
right_child=1 2 3 -5 5 10 -8 8 -10 -11 -12
leaf_value=0.00082896883774033036 0.00058979295212131517 -3.0300411552788449e-05 -0.00048929000685030534 0.00082909870964503155 0.00045703150078713761 -0.00097167797782233959 -0.00044722497820195875 -0.0024136908136839154 0.00048271103324169399 -0.0005519862818520871 -0.00099521473525098804
leaf_weight=20 34 80 25 33 20 20 26 29 20 126 26
leaf_count=20 34 80 25 33 20 20 26 29 20 126 26
internal_value=0.000279469 0.000560531 0.000352037 0.00117347 0.000123985 0.000560345 0.00138889 -0.000173344 0.000271084 -0.000325255 -0.000235043
internal_weight=459 313 279 58 221 92 46 129 49 146 46
internal_count=459 313 279 58 221 92 46 129 49 146 46
cat_boundaries=0 1
cat_threshold=575739906
is_linear=0
shrinkage=0.01


Tree=645
num_leaves=10
num_cat=0
split_feature=17 19 46 54 10 11 46 18 69
split_gain=0.434194 0.802381 0.660928 0.993034 0.641569 0.355472 0.430558 0.149974 0.144846
threshold=0.56319950000000019 0.44746678600000006 8.1999998540000014 7.2000000065000007 0.61801215300000012 0.60369364300000006 10.000000035000001 0.70722607100000012 32.590001585000003
decision_type=2 2 2 2 2 2 2 2 2
left_child=8 -2 3 -3 -5 6 -4 -7 -1
right_child=1 2 5 4 -6 7 -8 -9 -10
leaf_value=-0.0035995442597156085 0.00021213976899269189 -0.0058015085910263385 -0.0001700925384160266 0.00021337432844413848 0.00018682834581628868 -0.00011242069304037969 0.00025251100828642902 2.7152052893353753e-05 6.4623894932233159e-05
leaf_weight=117 27 31 23 26 25 140 31 20 20
leaf_count=117 27 31 23 26 25 140 31 20 20
internal_value=0.000125868 0.000328907 0.000168463 0.000929952 0.00178571 -0.000116387 0.000565693 -0.000360697 -0.000337446
internal_weight=460 323 296 82 51 214 54 160 137
internal_count=460 323 296 82 51 214 54 160 137
is_linear=0
shrinkage=0.01


Tree=646
num_leaves=12
num_cat=0
split_feature=53 14 6 56 54 18 73 66 26 25 4
split_gain=0.968443 0.74791 0.746043 0.703798 0.527027 0.51435 0.331276 0.175889 0.289988 0.103985 0.0799496
threshold=25.450000005000003 0.68719578600000009 0.56165328550000015 0.65000000600000007 21.649999845000004 0.68323078550000005 68.664999005000013 2.7749996185000003 1.8214285545000002 1.885714297 0.38234050000000003
decision_type=2 2 2 2 2 2 2 2 2 2 2
left_child=2 3 5 -2 10 6 7 8 -1 -9 -3
right_child=1 4 -4 -5 -6 -7 -8 9 -10 -11 -12
leaf_value=-0.0010984476581656945 0.00037404046901078135 -0.0011882660174199634 0.00043333678480702513 0.00041971844237639417 0.00034226293724893387 0.0012780720621527819 0.00048657059631235434 -0.0018083343453321982 3.5266917754821138e-05 -0.00016458596241502828 3.2143939769140735e-05
leaf_weight=27 26 28 32 21 20 35 27 176 24 30 20
leaf_count=27 26 28 32 21 20 35 27 176 24 30 20
internal_value=0.000417738 0.0012133 0.000149232 0.00218619 0.000494186 0 -0.00014045 -0.000257952 0.000241313 -0.000391683 -4.09837e-05
internal_weight=466 115 351 47 68 319 284 257 51 206 48
internal_count=466 115 351 47 68 319 284 257 51 206 48
is_linear=0
shrinkage=0.01


Tree=647
num_leaves=11
num_cat=1
split_feature=104 92 22 91 16 51 54 52 67 4
split_gain=1.03145 1.28023 1.42488 1.01744 1.13306 0.738577 0.645081 0.274166 0.1246 0.0396295
threshold=0 12.432857175000001 2.3071428450000004 8.5792857920000021 0.72378202350000009 19.250000125000003 14.449999720000003 19.799999840000002 0.3850002285000001 0.41010369050000006
decision_type=1 2 2 2 2 2 2 2 2 2
left_child=8 2 -2 4 -3 9 7 -4 -1 -5
right_child=1 3 6 5 -6 -7 -8 -9 -10 -11
leaf_value=2.8593343468707508e-05 0.00039430022763042757 0.00023120991770504072 0.00049715226603335805 -0.0011068831261553541 -3.4212868397920166e-05 0.00031000460041022074 0.00023432258593289638 -0.0015820553940587127 -0.00080292956010194374 1.3419951741466992e-06
leaf_weight=23 22 20 34 121 21 24 39 27 115 20
leaf_count=23 22 20 34 121 21 24 39 27 115 20
internal_value=0.000396315 0.000690673 0.0015228 0.000217601 0.00161483 -0.000123643 0.000972222 0.000283171 -0.00031586 -0.000412553
internal_weight=466 328 122 206 41 165 100 61 138 141
internal_count=466 328 122 206 41 165 100 61 138 141
cat_boundaries=0 1
cat_threshold=269551138
is_linear=0
shrinkage=0.01


Tree=648
num_leaves=10
num_cat=0
split_feature=52 6 95 22 102 10 6 74 102
split_gain=1.03158 0.549371 0.580922 0.495637 0.697055 0.948197 0.204675 0.172283 0.216097
threshold=9.8500000200000013 0.55327271450000015 21.695000105000002 2.5571428200000006 26.216676770000003 0.62325485700000016 0.47910964250000004 65.66000080000002 23.530456615000002
decision_type=2 2 2 2 8 2 2 2 10
left_child=-1 2 3 4 5 -2 -6 -4 -9
right_child=1 -3 7 -5 6 -7 -8 8 -10
leaf_value=0.00011794869376648282 -7.3678320569630135e-05 0.00033075738256133644 -0.001576585653543651 -0.0010026506168179302 0.00024862400218946391 0.0004080051110503065 -0.0010612789252340609 -0.0032454092847388552 8.4503012689384131e-05
leaf_weight=35 26 36 142 41 54 28 31 30 30
leaf_count=35 26 36 142 41 54 28 31 30 30
internal_value=0.000333847 0.000188634 7.05328e-05 0.000486726 0.000776109 0.00166058 0.000180653 -0.000290927 0.000131579
internal_weight=453 418 382 180 139 54 85 202 60
internal_count=453 418 382 180 139 54 85 202 60
is_linear=0
shrinkage=0.01


Tree=649
num_leaves=15
num_cat=1
split_feature=104 1 1 24 36 17 14 11 17 5 23 20 1 1
split_gain=1.0767 0.980857 1.6203 1.66759 0.623973 0.404313 0.492716 0.890748 0.334244 0.321294 0.191897 0.113851 0.0249217 0.0199046
threshold=0 0.22631435750000004 0.25639421450000005 1.8071428450000002 3.9999999830000004 0.62259057150000008 0.71111892850000002 0.62927028550000008 0.66464150000000011 0.47994752350000008 1.7857142985000001 45.065000000000005 0.15159507150000004 0.27107421450000008
decision_type=1 2 2 2 2 2 2 2 2 2 2 2 2 2
left_child=5 8 3 -3 9 -1 7 10 12 13 -7 -8 -2 -4
right_child=1 2 4 -5 -6 6 11 -9 -10 -11 -12 -13 -14 -15
leaf_value=-0.0017039539504870365 -0.0039401522093931683 0.00049362486528279432 -0.00060029557055706095 0.00027876314772194309 7.860501709897413e-05 -0.00034161728535233736 0.00037814114658750507 0.00022187274449117763 0.00092693623125788193 0.00019929342391846011 0.00081376753287384473 -0.00017938595772984742 -0.0038190419062309171 -0.00075744113672822713
leaf_weight=103 20 20 20 27 21 25 20 21 23 22 20 53 37 27
leaf_count=103 20 20 20 27 21 25 20 21 23 22 20 53 37 27
internal_value=0.000475206 0.000963564 0.00152032 0.00302301 0.000693832 0 0.000346924 0.000973054 9.90098e-05 0.00019341 0.000120087 -0.000196477 -0.000285467 -0.000240586
internal_weight=459 217 137 47 90 242 139 66 80 69 45 73 57 47
internal_count=459 217 137 47 90 242 139 66 80 69 45 73 57 47
cat_boundaries=0 1
cat_threshold=134290963
is_linear=0
shrinkage=0.01


Tree=650
num_leaves=11
num_cat=0
split_feature=63 85 50 34 59 59 43 101 19 0
split_gain=0.859811 1.49607 0.693731 0.582391 0.206289 0.575277 0.407534 0.162169 0.116677 0.0192946
threshold=2.3900008200000005 8.5078571865000026 8.3000000715000031 4.0928571225000008 0.60000001250000012 1.5000000150000001 4.0500000380000012 73.069060915000009 0.51689157150000009 0.10300379150000001
decision_type=2 2 2 2 2 2 2 2 2 2
left_child=1 3 4 -1 -2 6 -6 -7 -9 -5
right_child=2 -3 -4 9 5 7 -8 8 -10 -11
leaf_value=1.4323346934645507e-05 -0.00080958484334905717 0.00064716978635539341 0.00021649175257509114 0.00018446587171560224 -0.00011506332282228922 0.00022262537001421757 0.0011083276565418928 -0.0048590845248246478 -3.9533741725396092e-06 -0.00019072483700759778
leaf_weight=21 87 22 20 20 21 26 29 103 73 26
leaf_count=21 87 22 20 20 21 26 29 103 73 26
internal_value=0.000276292 0.00115256 5.14173e-05 0.000361357 -5.1501e-05 8.70252e-05 0.00104331 -0.000142998 -0.000260181 -0.000235043
internal_weight=448 89 359 67 339 252 50 202 176 46
internal_count=448 89 359 67 339 252 50 202 176 46
is_linear=0
shrinkage=0.01


Tree=651
num_leaves=14
num_cat=0
split_feature=17 15 15 5 44 17 29 9 13 3 52 32 1
split_gain=0.608133 1.07576 1.42221 1.54137 0.523192 0.52102 0.608732 0.595896 0.546305 0.480807 0.34523 0.118855 0.0361382
threshold=0.56319950000000019 0.72889664300000012 0.71344571400000012 0.43466569050000009 0.45000000650000005 0.65124869050000012 4.1142856560000007 0.59253911050000008 0.62562511650000008 0.32578800000000008 11.200000015000002 2.9928571325000006 0.29363107150000006
decision_type=2 2 2 2 2 2 2 2 2 2 2 2 2
left_child=4 2 5 -4 -1 6 11 8 -7 -9 -3 -2 -6
right_child=1 10 3 -5 12 7 -8 9 -10 -11 -12 -13 -14
leaf_value=0.00010513258348653514 -0.0015962404254393171 1.4547764903838512e-05 3.0152945079006392e-05 0.00037113623341920854 -0.0033905753301594127 0.001181716243457762 0.00040321786507636974 0.00021284847905447379 -0.001877003773422315 6.6959055473431872e-05 -0.00011428490394661756 0.00031143835769120525 -0.00069658515209593741
leaf_weight=20 59 29 23 23 85 22 22 20 28 20 77 20 20
leaf_count=20 59 29 23 23 85 22 22 20 28 20 77 20 20
internal_value=0.000499147 0.000716987 0.00109125 0.00267094 -8.34659e-05 0.000690824 0.000171906 0.00124449 0.000452756 0.00215686 -0.000102996 -0.000219298 -0.000382798
internal_weight=468 343 237 46 125 191 101 90 50 40 106 79 105
internal_count=468 343 237 46 125 191 101 90 50 40 106 79 105
is_linear=0
shrinkage=0.01


Tree=652
num_leaves=13
num_cat=1
split_feature=104 26 2 36 52 3 50 57 2 69 17 4
split_gain=1.19171 1.16163 0.775422 0.696057 0.805811 0.625575 0.489279 0.466394 0.729323 0.305386 0.059296 0.0778705
threshold=0 1.9571428595000002 0.29011351200000007 3.4357142790000004 11.600000005000002 0.34968233300000001 6.1999998575000008 0.89999999100000017 0.35675721400000004 32.46999979000001 0.69850821450000011 0.33777235700000008
decision_type=1 2 2 2 2 2 2 2 2 2 2 2
left_child=1 2 -1 4 -2 -4 -6 8 -5 10 -9 -12
right_child=3 -3 5 7 6 -7 -8 9 -10 -11 11 -13
leaf_value=0.0010655864404759629 0.00017251612801957836 -0.0002638905467851615 -9.2641488568826817e-05 0.00040914792046349758 -0.00044043446707719232 0.00038898077822277841 0.00037363673994361311 -0.0015317193954397204 -0.00011175042889043133 0.00049414566174066463 0.00031186360013471081 -0.00083582529600492587
leaf_weight=22 21 37 25 21 33 21 25 161 20 34 20 27
leaf_count=22 21 37 25 21 33 21 25 161 20 34 20 27
internal_value=0.000458529 0.00134283 0.00223837 0.000152897 0.000983709 0.00138889 0.000323129 -6.87105e-05 0.000897129 -0.000242998 -0.00039272 -3.13809e-05
internal_weight=467 105 68 362 79 46 58 283 41 242 208 47
internal_count=467 105 68 362 79 46 58 283 41 242 208 47
cat_boundaries=0 1
cat_threshold=170164236
is_linear=0
shrinkage=0.01


Tree=653
num_leaves=12
num_cat=1
split_feature=104 5 101 16 46 54 101 56 5 20 101
split_gain=0.939603 1.58346 0.924862 0.552212 0.831792 0.914742 0.33162 0.328953 0.353862 0.179847 0.0789399
threshold=0 0.42707578600000007 94.801848145000022 0.6125375715000001 8.349999964500002 7.2000000065000007 106.71203290000001 1.0000000225000003 0.41864207150000005 76.155000000000015 131.61942115000002
decision_type=1 2 2 2 2 2 2 2 2 2 2
left_child=1 6 -3 -2 5 9 -1 8 -6 -5 -9
right_child=3 2 -4 4 7 -7 -8 10 -10 -11 -12
leaf_value=-0.003744631697230519 -0.0048743104117596739 0.00059867967922490242 0.00021158723435030818 0.00043439928159787189 -0.00023486877990402374 0.00072575054042749501 0.00096485863318183159 -0.00011423704486336934 0.00030403986069096742 -0.001880833024189531 -8.4263924455570816e-06
leaf_weight=36 102 28 23 20 31 37 24 84 31 22 32
leaf_count=36 102 28 23 20 31 37 24 84 31 22 32
internal_value=0.00040994 0.00116995 0.00255791 0.000131152 0.000385958 0.00123434 0.000131579 0 0.000589172 0.000163551 -0.000308219
internal_weight=470 111 51 359 257 79 60 178 62 42 116
internal_count=470 111 51 359 257 79 60 178 62 42 116
cat_boundaries=0 1
cat_threshold=136610184
is_linear=0
shrinkage=0.01


Tree=654
num_leaves=10
num_cat=1
split_feature=52 7 104 102 40 15 8 7 7
split_gain=0.774206 0.588016 0.501858 0.434706 0.516483 1.03791 0.268395 0.0892094 0.0393308
threshold=9.8000003285000012 0.63897342850000005 0 23.925738300000003 5.771428568000001 0.7266769525000002 0.55946985700000018 0.54760328550000004 0.43411031400000005
decision_type=2 2 1 10 2 2 2 2 2
left_child=-1 2 8 6 5 -5 -4 -6 -2
right_child=1 -3 3 4 7 -7 -8 -9 -10
leaf_value=0.00012527975103638738 -0.0012351155996815856 0.00019862220353804565 6.8257046953552138e-05 0.00085444458213369237 -0.0015355324687560971 -4.4500172437145245e-06 -0.00069875060129826654 0.00090884253600019397 -0.00028858943497555103
leaf_weight=34 20 27 35 67 33 38 75 20 117
leaf_count=34 20 27 35 67 33 38 75 20 117
internal_value=0.000310625 0.000189464 8.74814e-05 0.000337159 0.000686398 0.00109168 -0.000117329 -8.36432e-05 -0.000382273
internal_weight=466 432 405 268 158 105 110 53 137
internal_count=466 432 405 268 158 105 110 53 137
cat_boundaries=0 1
cat_threshold=37752195
is_linear=0
shrinkage=0.01


Tree=655
num_leaves=14
num_cat=0
split_feature=18 17 5 102 92 7 34 5 10 18 65 102 2
split_gain=0.835132 1.41903 0.676079 0.636676 0.805243 0.861153 0.426859 0.198792 0.160766 0.140282 0.164904 0.118855 0.0240534
threshold=0.70545036450000009 0.74174346400000013 0.42315952350000002 22.200154955000006 13.022857190000002 0.55995945250000012 4.4714285475000013 0.46032367850000006 0.68783414300000012 0.56801864300000016 0.095000267000000013 27.462787930000001 0.37223157150000002
decision_type=2 2 2 8 2 2 2 2 2 2 2 8 2
left_child=2 -2 6 7 5 -5 9 -4 -7 -1 11 -11 -9
right_child=1 -3 3 4 -6 8 -8 12 -10 10 -12 -13 -14
leaf_value=-0.0029530276665814237 0.0012003400007836236 -0.00011737739403708349 5.9195103066184139e-05 0.00038636845090237034 0.00063047157188163706 -1.365422003801521e-05 0.00014364883034749466 -0.00094894782140168062 0.00012063051944377754 -0.0005256482320500043 0.00011250573356855184 0.00066393077403744337 -0.0006309156187403811
leaf_weight=105 21 22 20 23 22 28 31 35 35 59 34 20 20
leaf_count=105 21 22 20 23 22 28 31 35 35 59 34 20 20
internal_value=0.000421395 0.00174658 0.000281885 0.000742655 0.00123162 0.000748848 -5.00402e-05 6.59619e-06 0.000101881 -0.000214808 1.31809e-05 -0.000219298 -0.000277778
internal_weight=475 43 432 183 108 86 249 75 63 218 113 79 55
internal_count=475 43 432 183 108 86 249 75 63 218 113 79 55
is_linear=0
shrinkage=0.01


Tree=656
num_leaves=11
num_cat=1
split_feature=104 60 102 102 16 16 46 75 27 2
split_gain=0.659813 0.841208 0.500145 1.31889 0.344142 0.997597 0.447664 0.342903 0.10957 0.0776555
threshold=0 6.6000000495000011 22.000243375000004 26.304769825000005 0.6125375715000001 0.63445096450000016 8.1000000090000022 79.890000820000012 1.8857142755000003 0.26659128600000009
decision_type=1 2 10 10 2 2 2 2 2 2
left_child=1 2 -1 -4 -2 -6 7 -7 -8 -10
right_child=4 -3 3 -5 5 6 8 -9 9 -11
leaf_value=-0.0020525127927612697 -0.0032039424791960132 0.0012724217616187083 0.00037644964269660953 -0.00088753190625793035 0.0010185794614463995 -1.1344110443429166e-06 5.5965840223723006e-05 0.00023276403939614295 0.00022963362846637429 -0.00058181051930166774
leaf_weight=33 102 20 22 33 20 39 20 36 36 116
leaf_count=33 102 20 22 33 20 39 20 36 36 116
internal_value=0.000229175 0.000875421 0.000495495 0.00108423 9.21526e-06 0.00020351 1.81597e-05 0.000666227 -0.00025463 -0.000353403
internal_weight=477 108 88 55 369 267 247 75 172 152
internal_count=477 108 88 55 369 267 247 75 172 152
cat_boundaries=0 1
cat_threshold=10518984
is_linear=0
shrinkage=0.01


Tree=657
num_leaves=14
num_cat=0
split_feature=11 102 5 20 48 37 45 21 89 103 9 14 4
split_gain=0.562078 0.56265 0.742267 1.33634 0.559051 0.542986 0.421212 0.506509 0.285894 0.193418 0.270758 0.165983 0.0216024
threshold=0.67424450000000002 21.593363450000002 0.46976100000000004 115.96000000000002 0.25000000750000007 5.1071428570000013 13.350000005000002 0.90714285650000015 13.919999940000002 22.484581360000004 0.59954969150000015 0.65430976200000013 0.32784340000000006
decision_type=2 8 2 2 2 2 2 2 2 10 2 2 2
left_child=4 -2 6 -4 8 -6 7 -3 9 -1 12 -10 -11
right_child=1 2 3 -5 5 -7 -8 -9 11 10 -12 -13 -14
leaf_value=-0.000948047506122024 -0.00059813631724908365 0.00071065920628976542 0.00071512150045764211 8.6003228142935888e-06 0.0004306117226767757 -5.1664416936590684e-06 -0.00026373327448681191 -0.00057344428444671238 0.00019786056495799936 -0.0020041233928761114 9.6955885832615915e-05 4.2495960805872674e-05 -0.0014419939447995822
leaf_weight=129 39 33 25 23 20 20 28 24 21 30 25 20 20
leaf_count=129 39 33 25 23 20 20 28 24 21 30 25 20 20
internal_value=0.000370249 0.000821759 0.00113229 0.00213115 8.92231e-05 0.00117647 0.000530303 0.00102941 -8.34013e-05 -0.000244141 0.000138522 0.000657895 -0.000255906
internal_weight=457 172 133 48 285 40 85 57 245 204 75 41 50
internal_count=457 172 133 48 285 40 85 57 245 204 75 41 50
is_linear=0
shrinkage=0.01


Tree=658
num_leaves=11
num_cat=0
split_feature=10 66 67 9 6 7 6 99 9 2
split_gain=0.619753 0.777494 0.571017 0.715475 0.423035 0.74179 0.437955 0.218434 0.195229 0.0319177
threshold=0.61801215300000012 0.76999998100000011 2.1100001335000003 0.67010210000000014 0.47699496450000006 0.55995945250000012 0.54869635750000012 23.482857025000005 0.51665650000000019 0.24441390500000001
decision_type=2 2 2 2 2 2 2 2 2 2
left_child=7 -2 4 -4 9 -6 -7 8 -1 -3
right_child=1 2 3 -5 5 6 -8 -9 -10 -11
leaf_value=0.00012312354381626098 7.1410283310644946e-05 4.9448910011020909e-06 0.00057863855212397103 -1.7380600081120099e-05 0.00015759055486898243 -4.4274520810859337e-06 0.00015924675850566497 0.00099180528198773319 -0.0013333439174652798 -0.0016686464662105619
leaf_weight=32 23 20 30 21 20 74 35 35 119 60
leaf_count=32 23 20 30 21 20 74 35 35 119 60
internal_value=0.000326735 0.000621917 0.000452454 0.00139961 0.00020734 0.000566256 0.000214025 -0.00011242 -0.000286561 -0.000346535
internal_weight=469 283 260 51 209 129 109 186 151 80
internal_count=469 283 260 51 209 129 109 186 151 80
is_linear=0
shrinkage=0.01


Tree=659
num_leaves=11
num_cat=1
split_feature=38 8 73 104 0 31 12 30 31 101
split_gain=1.00712 0.642629 0.858196 0.57235 1.22597 0.212779 0.201423 0.354312 0.159115 0.126841
threshold=5.414285694000001 0.48546688100000007 64.925001620000018 0 0.14764960450000003 2.0285714435000002 0.73309055350000008 3.7357142655000004 2.5285714520000004 128.40702310000003
decision_type=2 2 2 1 2 2 2 2 2 2
left_child=1 2 -1 4 9 -5 8 -8 -7 -3
right_child=-2 3 -4 5 -6 6 7 -9 -10 -11
leaf_value=0.0012025659190806146 0.00018168207624902664 -0.0001794119020312288 -0.0015926571133446741 0.00014084237187809987 0.0005536388440988639 -0.0004398745256247477 -0.0002038432400372925 0.0009654167492049165 7.2810836578874465e-06 6.5708626265070051e-05
leaf_weight=20 30 40 22 23 36 208 27 21 20 31
leaf_count=20 30 40 22 23 36 208 27 21 20 31
internal_value=0.000290309 0.000164884 0.00133178 3.6873e-05 0.000632428 -0.000185604 -0.000274567 0.000286885 -0.000402098 -4.87466e-05
internal_weight=478 448 42 406 107 299 276 48 228 71
internal_count=478 448 42 406 107 299 276 48 228 71
cat_boundaries=0 1
cat_threshold=136315152
is_linear=0
shrinkage=0.01


Tree=660
num_leaves=11
num_cat=0
split_feature=40 15 102 6 102 34 53 25 17 6
split_gain=0.715497 0.711761 0.702261 0.973929 0.66005 0.662973 0.463474 0.245055 0.219543 0.140794
threshold=5.9285714455000011 0.72889664300000012 22.196465360000001 0.51452969050000008 26.465459855000002 3.9857142480000003 26.250000360000005 1.6571428775000003 0.7348106430000001 0.53773411900000012
decision_type=2 2 8 2 8 2 2 2 2 2
left_child=1 2 7 4 5 -4 -6 -1 -3 -2
right_child=9 8 3 -5 6 -7 -8 -9 -10 -11
leaf_value=6.6823915318716404e-05 -0.0044977973620530087 -0.00025506351727522567 2.5656402005886448e-05 0.00096627192110655723 -3.9437972297120321e-05 0.00025128366342208906 0.00034648024471281525 -0.00010876104496972854 0.0021416258824711715 9.6356041459565311e-05
leaf_weight=20 103 68 29 20 62 34 24 44 25 20
leaf_count=20 103 68 29 20 62 34 24 44 25 20
internal_value=0.000319031 0.000566095 0.000861848 0.00119847 0.000891188 0.00166928 0.000288018 -1.17738e-10 -0.000154584 -0.000319063
internal_weight=449 326 233 169 149 63 86 64 93 123
internal_count=449 326 233 169 149 63 86 64 93 123
is_linear=0
shrinkage=0.01


Tree=661
num_leaves=12
num_cat=0
split_feature=16 15 16 10 16 28 10 1 45 38 4
split_gain=0.556551 0.561509 0.994361 0.879918 0.770495 0.708144 0.505169 0.4431 0.236208 0.134452 0.0362666
threshold=0.58913064300000018 0.71941769050000015 0.67720392850000011 0.62325485700000016 0.63356514300000011 3.9571428810000007 0.57563116700000017 0.25807064250000006 15.500000195000002 5.0357142515000008 0.41889300000000002
decision_type=2 2 2 2 2 2 2 2 2 2 2
left_child=10 2 4 6 5 -2 -4 -5 9 -3 -1
right_child=1 8 3 7 -6 -7 -8 -9 -10 -11 -12
leaf_value=-0.0059975280053098665 0.00057724398293477097 -7.9158887244880582e-05 0.0011871230555177243 0.00021149995152488013 -0.0010234295182217916 0.00015040878438663427 -0.00024777497469409283 9.1812215952779592e-05 0.0003265819615278498 0.00013737906529825205 -0.00026011106173566599
leaf_weight=86 23 86 20 20 77 33 32 20 20 20 20
leaf_count=86 23 86 20 20 77 33 32 20 20 20 20
internal_value=0.000239187 0.000433485 0.000732949 0.00153017 0.000160687 0.00105634 0.00060606 0.00264706 -8.67509e-05 -0.000290262 -0.000383895
internal_weight=457 351 225 92 133 56 52 40 126 106 106
internal_count=457 351 225 92 133 56 52 40 126 106 106
is_linear=0
shrinkage=0.01


Tree=662
num_leaves=11
num_cat=0
split_feature=76 101 45 67 55 16 26 16 88 101
split_gain=0.519756 0.65228 0.562383 0.38891 0.357807 0.295954 0.442459 0.537957 0.295545 0.237647
threshold=52.059999465000004 89.867262285000024 4.3499998600000014 2.1550002095000003 2.0000000300000003 0.66522328550000009 1.8428571435000001 0.71469892850000016 15.001428600000002 79.795722920000017
decision_type=2 2 2 2 2 2 2 2 2 2
left_child=3 9 -3 5 -5 -1 8 -8 -7 -2
right_child=1 2 -4 4 -6 6 7 -9 -10 -11
leaf_value=-0.0010050722240301283 0.0011041175221722299 0.00022451556139451947 0.00052936088078462122 0.00055530009525061859 -0.001561481550809693 0.00035512651701683526 0.00061375842903758676 -0.00010972946699687178 -1.6258344249306943e-05 -0.0031000996719228397
leaf_weight=135 20 37 29 20 21 21 29 28 91 41
leaf_count=135 20 37 29 20 21 21 29 28 91 41
internal_value=0.000194585 0.000739437 0.00142216 -1.44604e-06 0.000897129 -0.000131234 0.000138398 0.000856401 -0.000212766 0
internal_weight=472 127 66 345 41 304 169 57 112 61
internal_count=472 127 66 345 41 304 169 57 112 61
is_linear=0
shrinkage=0.01


Tree=663
num_leaves=9
num_cat=0
split_feature=16 15 45 52 46 54 6 103
split_gain=0.526249 1.02816 0.541362 0.420767 0.351946 0.552017 0.258767 0.221124
threshold=0.59343418550000016 0.62904761900000017 15.500000195000002 9.8000003285000012 8.1999998540000014 7.600000113500001 0.54994721450000006 19.354371755000006
decision_type=2 2 2 2 2 2 2 10
left_child=7 -2 3 -3 5 -5 -6 -1
right_child=1 2 -4 4 6 -7 -8 -9
leaf_value=-0.0053315770644079587 0.0011222248085439037 0.00010990907019422097 0.0004182169083447466 -0.0004651809706488555 -2.8820066170155081e-05 0.00064471119181963381 0.00024048469664776279 0.00036584911170943024
leaf_weight=92 26 32 39 46 164 31 20 27
leaf_count=92 26 32 39 46 164 31 20 27
internal_value=0.000333822 0.000526756 0.000366586 0.000209326 6.68448e-05 0.000636247 -0.000162338 -0.000229549
internal_weight=477 358 332 293 261 77 184 119
internal_count=477 358 332 293 261 77 184 119
is_linear=0
shrinkage=0.01


Tree=664
num_leaves=11
num_cat=1
split_feature=104 4 3 18 1 25 68 9 7 57
split_gain=0.558368 0.857801 1.51211 0.711612 0.752456 0.233284 0.227772 0.271062 0.0413292 0.0380391
threshold=0 0.38621613100000002 0.38581578550000006 0.66790017350000008 0.23494250000000003 1.6000000065000002 35.159999845000009 0.60606983000000014 0.43853207150000006 6.1500000285000009
decision_type=1 2 2 2 2 2 2 2 2 2
left_child=6 3 -3 5 -5 -2 7 -1 -8 -7
right_child=1 2 -4 4 -6 9 8 -9 -10 -11
leaf_value=0.00034050448123644104 4.3163499045476038e-05 0.0003707697730783037 -6.6030748852307465e-05 0.0017233728419622017 -5.6838765075695282e-05 -0.00036000673133313078 0.00039734173697394292 -0.0015485361865125397 -0.00011428355262188395 1.3694863272320847e-06
leaf_weight=23 24 35 23 22 23 102 20 21 149 20
leaf_count=23 24 35 23 22 23 102 20 21 149 20
internal_value=0.000123163 0.000436874 0.00151361 0.00011731 0.00121179 -0.000211172 -0.000243521 0.000357143 -0.000426973 -0.000399023
internal_weight=462 249 58 191 45 146 213 44 169 122
internal_count=462 249 58 191 45 146 213 44 169 122
cat_boundaries=0 1
cat_threshold=176227947
is_linear=0
shrinkage=0.01


Tree=665
num_leaves=10
num_cat=0
split_feature=68 83 99 3 10 15 9 60 20
split_gain=0.387472 0.233917 0.418679 0.386133 0.698892 1.04164 0.0537707 0.0527288 0.0799496
threshold=34.825000765000006 7.2635714525000008 23.121428760000004 0.32319575700000008 0.62325485700000016 0.71941769050000015 0.60356548950000011 0.25000000350000007 58.585000000000008
decision_type=2 2 2 2 2 2 2 2 2
left_child=6 2 3 4 -2 -6 -1 8 -3
right_child=1 7 -4 -5 5 -7 -8 -9 -10
leaf_value=0.00036718726160369839 -5.0858688429271001e-05 -0.0034611696147732731 0.00070923033451899338 -7.1209194316531563e-05 0.00011625289658933938 2.2686526856971003e-06 0.00032746310993319347 -0.0031011378483801351 0.00072224579922230882
leaf_weight=20 55 28 36 113 24 38 20 127 20
leaf_count=20 55 28 36 113 24 38 20 127 20
internal_value=0 -8.71436e-05 9.3703e-05 -5.63259e-05 0.000335314 0.00106688 0.000931372 -0.000372583 -4.09837e-05
internal_weight=481 441 266 230 117 62 40 175 48
internal_count=481 441 266 230 117 62 40 175 48
is_linear=0
shrinkage=0.01


Tree=666
num_leaves=11
num_cat=0
split_feature=17 27 92 10 7 40 69 3 51 10
split_gain=0.726867 0.49872 0.495967 0.299096 0.875333 0.689694 0.180017 0.33477 0.136586 0.107293
threshold=0.56319950000000019 1.8857142755000003 13.022857190000002 0.62325485700000016 0.55995945250000012 5.5214285510000005 28.764999390000003 0.30887164300000008 24.049999790000005 0.7122327140000001
decision_type=2 2 2 2 2 2 2 2 2 2
left_child=8 -2 3 6 5 -5 -3 -8 -1 -6
right_child=1 2 -4 4 9 -7 7 -9 -10 -11
leaf_value=-0.004428693680873794 0.00021032168171015574 -0.0011050100822999683 0.0010873658017864841 3.5606400810853309e-05 -0.0003803414626176449 0.00040435668620107689 0.00092673675008561553 -0.0003789644097341602 0.00043811766780901335 0.00020246222930886014
leaf_weight=113 23 66 32 37 53 39 21 24 21 21
leaf_count=113 23 66 32 37 53 39 21 24 21 21
internal_value=0.000272848 0.000536616 0.000413547 0.00025783 0.000550398 0.00130208 -0.000120751 0.000338428 -0.000333828 -0.000200535
internal_weight=450 316 293 261 150 76 111 45 134 74
internal_count=450 316 293 261 150 76 111 45 134 74
is_linear=0
shrinkage=0.01


Tree=667
num_leaves=11
num_cat=1
split_feature=104 4 4 4 13 17 3 12 44 31
split_gain=0.806061 0.828562 0.62333 0.799176 1.43888 0.422281 0.319997 0.231269 0.139522 0.0400475
threshold=0 0.31831735700000002 0.33777235700000008 0.38621613100000002 0.73684156500000009 0.68784068600000015 0.24092107150000003 0.57757257100000003 0.45000000650000005 2.4285714205000004
decision_type=1 2 2 2 2 2 2 2 2 2
left_child=7 6 -3 5 -5 -4 -2 -1 -9 -10
right_child=1 2 3 4 -6 -7 -8 8 9 -11
leaf_value=0.0011008141221061671 0.00013675289382103218 0.00098640133989118055 -8.9648190211295532e-06 0.00049662264410509918 -6.7894650737031803e-06 0.0011238211014323971 -0.0025845572064280582 3.1273939676032261e-05 -0.00051780662624071683 -3.5088540975114773e-06
leaf_weight=21 29 29 48 37 27 31 63 38 127 20
leaf_count=21 29 29 48 37 27 31 63 38 127 20
internal_value=0.000324979 0.000676856 0.00111111 0.000810153 0.0016358 0.000106516 -4.31036e-05 -0.000142989 -0.000271798 -0.000416103
internal_weight=470 264 172 143 64 79 92 206 185 147
internal_count=470 264 172 143 64 79 92 206 185 147
cat_boundaries=0 1
cat_threshold=578883147
is_linear=0
shrinkage=0.01


Tree=668
num_leaves=12
num_cat=1
split_feature=104 10 8 6 1 29 101 29 7 13 20
split_gain=0.547034 0.623815 0.974761 0.782704 0.94999 0.342975 0.565607 0.234729 0.110099 0.087495 0.0382291
threshold=0 0.62325485700000016 0.60332769050000012 0.51452969050000008 0.27779023800000008 3.8999999930000002 102.38995235 4.1071428060000015 0.55995945250000012 0.62350495000000017 128.27000000000004
decision_type=1 2 2 2 2 2 2 2 2 2 2
left_child=7 5 -3 8 -5 -2 9 10 -4 -7 -1
right_child=1 2 3 4 -6 6 -8 -9 -10 -11 -12
leaf_value=-0.0016052919407371102 -0.00093513383187759924 0.00011486021402146089 0.00021884217191431722 0.00054392125659201234 4.3587236266283205e-05 -0.0012423645683746598 0.001074059256329971 0.00083315875200204979 -0.00093869397934225876 3.5458445173050561e-05 -8.793999735956038e-06
leaf_weight=104 69 37 36 26 37 32 26 24 45 20 20
leaf_count=104 69 37 36 26 37 32 26 24 45 20 20
internal_value=0.000293624 0.000513577 0.000921342 0.000524862 0.0013558 3.04464e-05 0.000494924 -0.000201511 -0.000103912 -7.57577e-05 -0.000400641
internal_weight=476 328 181 144 63 147 78 148 81 52 124
internal_count=476 328 181 144 63 147 78 148 81 52 124
cat_boundaries=0 1
cat_threshold=13177922
is_linear=0
shrinkage=0.01


Tree=669
num_leaves=10
num_cat=0
split_feature=100 4 1 44 0 67 16 58 73
split_gain=0.480272 0.33207 0.412855 0.351834 0.216319 0.164789 0.129957 0.112629 0.0838046
threshold=19.453571730000004 0.37315550000000003 0.25769163100000009 5.7000001370000009 0.065224698000000011 2.3849997520000001 0.62757321450000003 0.35000000500000006 67.994998455000015
decision_type=2 2 2 2 2 2 2 2 2
left_child=-1 4 -3 6 -2 7 -4 -6 -9
right_child=1 2 3 -5 5 -7 -8 8 -10
leaf_value=7.6114505535416534e-06 0.00031374334145000218 0.00011810641912186948 0.00046701692350412322 0.00040894849083982583 -3.9631735623379628e-05 7.2538442986009693e-05 -4.6444027133221171e-05 -0.00047116186801807094 -8.6605279082379346e-05
leaf_weight=23 21 28 35 39 22 29 56 171 37
leaf_count=23 21 28 35 39 22 29 56 171 37
internal_value=0.000146167 6.60892e-05 0.000434509 0.000175841 -0.000135328 -0.000221324 -0.000147059 -0.000316291 -0.00039272
internal_weight=461 438 158 130 280 259 91 230 208
internal_count=461 438 158 130 280 259 91 230 208
is_linear=0
shrinkage=0.01


Tree=670
num_leaves=11
num_cat=0
split_feature=53 15 36 16 72 47 18 103 4 47
split_gain=0.518144 0.737022 0.980799 0.276655 0.637408 0.37695 0.348099 0.21589 0.127055 0.0397015
threshold=25.450000005000003 0.7010374760000001 4.1071428230000011 0.5855260000000001 21.215000155000002 3.8499999945000005 0.68323078550000005 21.597050835000005 0.41010369050000006 1.7999999820000003
decision_type=2 2 2 2 2 2 2 10 2 2
left_child=3 2 -2 -1 6 -6 8 -3 9 -5
right_child=1 7 -4 4 5 -7 -8 -9 -10 -11
leaf_value=-0.0064094211934790177 0.00028449463436469878 9.6881760981817463e-06 9.1705045707091883e-05 -0.0014453281362653738 0.0010153525510798679 7.3006056788571647e-05 0.00037979879964395504 -6.0651841183881339e-05 0.00037916132692259396 -1.3594170536900083e-05
leaf_weight=100 29 22 36 20 21 24 38 44 20 122
leaf_count=100 29 22 36 20 21 24 38 44 20 122
internal_value=0.000167785 0.000701821 0.00145137 -3.03645e-05 0.000144426 0.00121179 -8.96416e-05 -1.49702e-05 -0.000300983 -0.000413165
internal_weight=476 131 65 345 245 45 200 66 162 142
internal_count=476 131 65 345 245 45 200 66 162 142
is_linear=0
shrinkage=0.01


Tree=671
num_leaves=14
num_cat=0
split_feature=33 15 43 2 15 82 20 22 24 11 85 6 18
split_gain=0.63856 0.577786 0.656775 0.617254 0.289202 0.23288 0.326687 0.518991 0.155338 0.259417 0.122228 0.0710918 0.0710918
threshold=3.2142857145000003 0.72059364300000006 4.3000000865000017 0.29279715500000009 0.60295828550000008 7.4750000410000004 90.710000000000022 2.1999999970000004 1.7571428415000001 0.7018970000000001 9.074285779500002 0.5215316430000001 0.7069623570000001
decision_type=2 2 2 2 2 2 2 2 2 2 2 2 2
left_child=1 2 -1 -4 -2 6 7 -6 9 -7 -10 -8 -3
right_child=4 12 3 -5 5 8 11 -9 10 -11 -12 -13 -14
leaf_value=0.00026342300337101185 -0.006062870198171596 -0.0016776712337446095 0.00022705653762766255 0.00018583738508888334 5.8459158928215122e-05 0.0009830486793544035 -0.0020117548879562928 0.00044102359452547434 -0.00029119922533296948 -0.00048551386758571353 0.00011927394274535698 0.00057837690520635607 8.7244769268600743e-07
leaf_weight=36 79 24 26 22 29 32 24 25 75 21 21 20 20
leaf_count=36 79 24 26 22 29 32 24 25 75 21 21 20 20
internal_value=0.000288039 0.000885093 0.00136792 0.00213115 4.58995e-05 0.000219935 0.000597166 0.00111314 -1.6689e-05 0.000399628 -0.000268595 -1.17081e-10 -1.17081e-10
internal_weight=454 128 84 48 326 247 98 54 149 53 96 44 44
internal_count=454 128 84 48 326 247 98 54 149 53 96 44 44
is_linear=0
shrinkage=0.01


Tree=672
num_leaves=13
num_cat=0
split_feature=15 16 26 16 25 65 102 26 103 67 2 0
split_gain=0.46244 1.02128 1.10003 1.01701 0.4111 0.48243 0.625074 0.208868 0.110724 0.0753757 0.0375363 0.0173151
threshold=0.71941769050000015 0.66402850000000013 1.8214285545000002 0.68154645200000008 1.8142857170000004 1.3900003430000003 21.841133310000004 1.6285714210000004 27.750884020000004 1.3200001715000003 0.26114570450000008 0.091084895500000013
decision_type=2 2 2 2 2 2 10 2 10 2 2 2
left_child=1 4 7 -4 9 6 -6 -3 10 -1 -2 -7
right_child=8 2 3 -5 5 11 -8 -9 -10 -11 -12 -13
leaf_value=-0.00058950877200008201 -0.00095760531964311519 1.8804212991175192e-05 0.00087753680697368855 0.00024857200606667908 -0.00053706088063896421 -0.0085135348193464133 0.00068350756126627226 -0.00021596050497119939 0.0005116111859397299 -0.0016363775382356217 -1.7275434120831049e-05 -0.00160159189015804
leaf_weight=35 20 20 22 38 23 20 29 30 21 97 97 23
leaf_count=35 20 20 22 38 23 20 29 30 21 97 97 23
internal_value=0.000211223 0.000412966 0.00120036 0.00210526 1.97541e-05 0.00052714 0.00117424 5.9055e-05 -0.000266571 -0.000331325 -0.000394737 -0.000216895
internal_weight=475 337 110 60 227 95 52 50 138 132 117 43
internal_count=475 337 110 60 227 95 52 50 138 132 117 43
is_linear=0
shrinkage=0.01


Tree=673
num_leaves=11
num_cat=0
split_feature=82 31 80 43 43 20 20 71 12 25
split_gain=0.489144 0.484599 0.5904 0.420186 0.964603 0.322692 0.252142 0.131083 0.27991 0.0550216
threshold=7.9285712925000009 2.0714285625000008 70.260000230000017 8.7000001410000021 9.2000001220000023 74.90000000000002 25.200000000000003 2.7750000955000007 0.70833064300000015 1.8285714515000002
decision_type=2 2 2 2 2 2 2 2 2 2
left_child=3 -2 5 7 -5 -3 -6 -1 9 -9
right_child=1 2 -4 4 6 -7 -8 8 -10 -11
leaf_value=-2.9924371116876803e-05 0.00024853803153230311 0.00029331091526659176 -0.0014212621317433152 0.00012897945137265736 0.0018960410862289086 -2.4529701864858527e-06 -0.00014650828034714827 -0.0013056148739589394 9.9176066189859082e-05 -0.00061174247418128752
leaf_weight=109 34 23 46 24 20 25 47 56 27 37
leaf_count=109 34 23 46 24 20 25 47 56 27 37
internal_value=0.000209447 0.000729814 0.000327004 0 0.000571895 0.00110656 -2.2124e-05 -0.00022846 0 -0.000261194
internal_weight=448 128 94 320 91 48 67 229 120 93
internal_count=448 128 94 320 91 48 67 229 120 93
is_linear=0
shrinkage=0.01


Tree=674
num_leaves=12
num_cat=0
split_feature=28 18 60 46 11 57 85 13 17 0 57
split_gain=0.633264 0.8055 0.341746 0.521357 0.540368 0.292145 0.490761 0.154309 0.111033 0.0882459 0.0404331
threshold=3.8285714390000005 0.54088054750000014 5.0500000120000008 8.3999999465000013 0.66283807150000007 2.6000000275000006 9.2121429445000018 0.71189387500000012 0.60700200000000015 0.27190482600000004 7.3000002170000009
decision_type=2 2 2 2 2 2 2 2 2 2 2
left_child=1 -1 5 4 -4 6 8 9 -2 -5 -7
right_child=2 -3 3 7 -6 10 -8 -9 -10 -11 -12
leaf_value=0.00037267431135377396 -0.0045513745397840599 8.7229202329260836e-06 0.00017169116482557809 7.1518346635417312e-05 0.00049390444919890667 -0.00064842695081744866 0.00044265619966216829 -7.0330235087564147e-05 5.9226364614986815e-05 -0.0040578076570848684 -3.6966802498388484e-06
leaf_weight=20 50 37 34 20 23 133 32 43 20 22 20
leaf_count=20 50 37 34 20 23 133 32 43 20 22 20
internal_value=0.000222076 0.00120242 7.41577e-05 0.000469188 0.00120242 -0.00013878 0.000262646 -5.82762e-06 -0.000183616 0.000397196 -0.000419376
internal_weight=454 57 397 142 57 255 102 85 70 42 153
internal_count=454 57 397 142 57 255 102 85 70 42 153
is_linear=0
shrinkage=0.01


Tree=675
num_leaves=10
num_cat=0
split_feature=15 82 2 3 28 43 50 4 102
split_gain=0.48823 0.765467 0.293936 1.16872 0.317275 0.406997 0.232661 0.253706 0.141447
threshold=0.60295828550000008 6.9507142135000004 0.34313876200000004 0.39268485700000005 4.1571428610000014 8.7000001410000021 5.2000001075000002 0.38895592850000005 26.400856380000004
decision_type=2 2 2 2 2 2 2 2 10
left_child=-1 -2 4 -4 6 -6 8 -8 -3
right_child=1 2 3 -5 5 -7 7 -9 -10
leaf_value=-0.0055556539313042774 0.00050121761331857386 -2.1095577520227869e-05 0.00048571278415722815 -0.0017466111622866044 -0.00031198262568764491 9.8426918797780204e-05 8.7649397738537994e-07 0.00039528409656858568 7.0405954726064863e-07
leaf_weight=87 21 107 20 35 25 26 69 20 64
leaf_count=87 21 107 20 35 25 26 69 20 64
internal_value=0.00019166 0.000346828 0.000231734 0.000905018 0.000104233 0.000820463 -3.0675e-05 0.000373051 -0.000253202
internal_weight=474 387 366 55 311 51 260 89 171
internal_count=474 387 366 55 311 51 260 89 171
is_linear=0
shrinkage=0.01


Tree=676
num_leaves=10
num_cat=0
split_feature=18 5 47 16 6 6 76 43 0
split_gain=0.485775 0.705459 0.743466 0.734733 0.443891 0.286569 0.188744 0.347334 0.0419424
threshold=0.7069623570000001 0.42560378550000005 2.9999999405000004 0.59729738100000007 0.48602971400000006 0.55327271450000015 44.174999715000006 8.8500000425000014 0.066451479500000007
decision_type=2 2 2 2 2 2 2 2 2
left_child=1 6 3 -3 -4 -6 7 -1 -8
right_child=-2 2 4 -5 5 -7 8 -9 -10
leaf_value=0.00010025840823950087 0.00026606431715853516 0.00038266346072147095 0.00037321559053642248 0.0005544114591376798 -5.19043117451837e-05 7.7079081381916788e-05 -0.0054822086893990861 -0.0012938124182365241 -0.00080049776952640316
leaf_weight=22 38 25 36 27 81 21 20 30 162
leaf_count=22 38 25 36 27 81 21 20 30 162
internal_value=0.000187986 8.47456e-05 0.000539832 0.00155303 0.000136887 -0.000184825 -0.000276831 0.000227273 -0.000432166
internal_weight=462 424 190 52 138 102 234 52 182
internal_count=462 424 190 52 138 102 234 52 182
is_linear=0
shrinkage=0.01


Tree=677
num_leaves=14
num_cat=1
split_feature=104 95 15 24 14 14 88 21 46 36 82 16 2
split_gain=0.509802 0.507579 0.701113 1.06092 1.29856 1.0271 0.28753 0.421106 0.198699 0.133967 0.128782 0.170852 0.0662955
threshold=0 21.784285545000003 0.72758228550000015 1.7214285515000003 0.70419535700000013 0.66298000000000001 15.815714430000002 0.77142858100000011 9.8000001200000018 4.1999999630000007 7.6992856095000013 0.69048167700000007 0.30880726750000004
decision_type=1 2 2 2 2 2 2 2 2 2 2 2 2
left_child=9 2 3 12 5 -5 10 -8 -4 -1 -3 -12 -2
right_child=1 6 8 4 -6 -7 7 -9 -10 -11 11 -13 -14
leaf_value=-0.0013101707978301577 -0.0005030702814778844 -0.00021517319276206191 -0.0010059256109875552 0.00030181951099532536 0.00047409309007568685 -0.0034497815814557818 0.00049237872161107853 -0.00049340214572218724 1.3056698534477848e-05 0.00038483408556516094 0.0010834810803939611 -7.0972147546212321e-06 8.966625449368347e-05
leaf_weight=104 22 79 42 27 24 25 21 28 23 21 20 20 20
leaf_count=104 22 79 42 27 24 25 21 28 23 21 20 20 20
internal_value=0.000230705 0.000421503 0.000797062 0.00125421 0.00195312 0.000984848 2.36966e-05 0.000672691 -7.5989e-06 -0.000298233 -0.000229549 0.000196078 0
internal_weight=476 351 183 118 76 52 168 49 65 125 119 40 42
internal_count=476 351 183 118 76 52 168 49 65 125 119 40 42
cat_boundaries=0 1
cat_threshold=67202
is_linear=0
shrinkage=0.01


Tree=678
num_leaves=13
num_cat=0
split_feature=50 9 9 4 102 8 58 2 4 3 18 0
split_gain=0.478239 0.502539 0.806587 0.469541 0.46305 0.248021 0.210422 0.310059 0.11448 0.199105 0.0415758 0.0186605
threshold=4.6500000355000006 0.59954969150000015 0.61896140000000011 0.37817383350000006 26.638290410000003 0.48546688100000007 10.299999860000002 0.26014235750000009 0.4038965235000001 0.39936442850000003 0.70722607100000012 0.21668177050000001
decision_type=2 2 2 2 10 2 2 2 2 2 2 2
left_child=5 11 -3 -4 -5 -1 8 -8 10 -10 -7 -2
right_child=1 2 3 4 -6 6 7 -9 9 -11 -12 -13
leaf_value=0.00081840311387986321 -0.001370609868601837 0.00013900510535784006 -0.0009514710242803225 0.00030064006656377117 -5.0235779781340057e-06 -9.2578226324661154e-05 0.0011107391465365124 -1.7496308870970978e-05 5.603695078750262e-05 -0.00014511794104334438 -0.00050648620979530244 1.1880033151758126e-05
leaf_weight=29 25 20 30 33 22 154 20 35 20 27 20 20
leaf_count=29 25 20 30 33 22 154 20 35 20 27 20 20
internal_value=0.000154673 0.000616711 0.000997164 0.000530303 0.00108423 -6.70374e-05 -0.000166185 0.000367383 -0.000308837 9.41421e-05 -0.000429062 -0.000229258
internal_weight=455 150 105 85 55 305 276 55 221 47 174 45
internal_count=455 150 105 85 55 305 276 55 221 47 174 45
is_linear=0
shrinkage=0.01


Tree=679
num_leaves=10
num_cat=0
split_feature=39 48 8 46 34 15 4 45 45
split_gain=0.71966 0.417785 0.511884 0.421476 0.33386 0.360122 0.313952 0.12303 0.219788
threshold=6.314285721000001 0.25000000750000007 0.61639419050000022 15.999999800000003 4.4142857280000003 0.72790397600000012 0.37534757150000003 14.400000300000002 14.799999725000001
decision_type=2 2 2 2 2 2 2 2 2
left_child=1 3 -3 4 7 -6 -2 -1 -9
right_child=6 2 -4 -5 5 -7 -8 8 -10
leaf_value=-0.00055387144429758163 0.00041598512666637401 0.00023464606280396236 -6.0510493072550171e-05 0.0010901193264584892 0.00061969316853819679 -0.00018191973336361151 0.00045499252125159374 0.00049238938524486171 -2.0619798453294273e-05
leaf_weight=165 20 23 25 21 34 22 20 20 123
leaf_count=165 20 23 25 21 34 22 20 20 123
internal_value=0.000150907 2.65098e-05 0.000901639 -7.90566e-05 -0.000164474 0.000528169 0.00142157 -0.000297928 -6.60641e-05
internal_weight=473 433 48 385 364 56 40 308 143
internal_count=473 433 48 385 364 56 40 308 143
is_linear=0
shrinkage=0.01


Tree=680
num_leaves=11
num_cat=0
split_feature=68 89 18 4 67 102 5 5 92 7
split_gain=0.690682 1.06204 0.358202 0.351977 0.285717 0.777124 0.301327 0.612261 0.274186 0.134298
threshold=35.180000305000007 13.530714275000003 0.7069623570000001 0.37315550000000003 2.3349995615000005 23.659332810000006 0.43647588100000007 0.44841826200000007 13.022857190000002 0.40947400000000006
decision_type=2 2 2 2 2 10 2 2 2 2
left_child=1 -1 4 -3 6 -6 9 -8 -9 -2
right_child=2 3 -4 -5 5 -7 7 8 -10 -11
leaf_value=-0.0019009773560791075 0.00027618775510638861 0.00063990788407171015 9.2028982526946596e-05 0.00037566132752838907 -0.0018224619891008291 0.00058061812583548155 0.00017610566612502625 -1.7577699000452993e-05 0.00032367087591929198 -0.00083419291395573042
leaf_weight=28 23 30 29 22 26 22 28 72 34 167
leaf_count=28 23 30 29 22 26 22 28 72 34 167
internal_value=0.000243877 0.00108911 6.84419e-05 0.00193182 -1.07297e-05 0.000696721 -0.000123153 0.00022997 -0.000102996 -0.0003826
internal_weight=481 80 401 52 372 48 324 134 106 190
internal_count=481 80 401 52 372 48 324 134 106 190
is_linear=0
shrinkage=0.01


Tree=681
num_leaves=12
num_cat=0
split_feature=37 20 41 102 9 8 0 46 102 66 27
split_gain=0.624226 0.691687 0.646951 0.234444 0.478964 0.201762 0.177608 0.14442 0.360307 0.0936675 0.11917
threshold=4.6785714455000003 58.585000000000008 2.3999999685000004 29.631868905000001 0.6023158500000001 0.61194485700000012 0.065224698000000011 13.700000010000002 22.836835770000004 8.2350001335000016 2.1642856850000003
decision_type=2 2 2 8 2 2 2 2 10 2 2
left_child=3 2 -2 6 -5 -3 -1 9 -9 10 -8
right_child=1 5 -4 4 -6 -7 7 8 -10 -11 -12
leaf_value=0.00039205119217323092 0.00022169703904490593 -0.00021330590523594738 0.00035309060798385404 -0.0015895741295011974 0.00077889228607292001 3.5923927370277469e-05 1.5950688582107587e-05 -0.00014539762466960423 9.5851126697453013e-05 0.00034757840233166269 -9.8165808726121992e-05
leaf_weight=23 23 32 31 23 29 32 26 28 21 25 170
leaf_count=23 23 32 31 23 29 32 26 28 21 25 170
internal_value=0.000208064 0.000833333 0.00166058 -1.44604e-06 0.00060606 9.25925e-05 -0.000117427 -0.000195717 0.000271084 -0.000308837 -0.000386179
internal_weight=463 118 54 345 52 64 293 270 49 221 196
internal_count=463 118 54 345 52 64 293 270 49 221 196
is_linear=0
shrinkage=0.01


Tree=682
num_leaves=13
num_cat=0
split_feature=82 1 3 1 16 92 103 82 101 56 92 1
split_gain=1.20159 0.608902 0.783218 0.750961 0.280731 0.539707 0.542986 0.265186 0.321817 0.391621 0.194145 0.0374307
threshold=7.9285712925000009 0.33135521400000006 0.35769528600000006 0.25639421450000005 0.58913064300000018 13.022857190000002 20.514822440000007 7.4871428695000004 121.30908400000001 11.699999765000001 8.9821427210000007 0.21511478550000004
decision_type=2 2 2 2 2 2 10 2 2 2 2 2
left_child=4 2 3 -2 -1 7 -7 8 -6 -10 -5 -9
right_child=1 -3 -4 10 5 6 -8 11 9 -11 -12 -13
leaf_value=-0.0048113035706620292 0.00032076878129621558 -0.0043366937843755454 0.00032865514042828252 -0.00042230162783561887 -0.0024059462415612558 0.0014283214554648882 5.4229377142655659e-05 -0.00016129724674211889 0.00038746653569836711 -9.5917111182078081e-05 8.0464116247369987e-05 -1.4366830844085859e-05
leaf_weight=111 40 22 21 30 30 20 20 20 26 24 21 96
leaf_count=111 40 22 21 30 30 20 20 20 26 24 21 96
internal_value=0.000243877 0.00104599 0.00134752 0.000898693 -6.18173e-05 0.000126689 0.00117647 -8.13009e-05 0.000346535 0.000846457 4.82624e-05 -0.000393836
internal_weight=481 134 112 91 347 236 40 196 80 50 51 116
internal_count=481 134 112 91 347 236 40 196 80 50 51 116
is_linear=0
shrinkage=0.01


Tree=683
num_leaves=12
num_cat=0
split_feature=0 102 102 8 14 40 72 0 49 1 1
split_gain=0.598719 0.479475 0.972437 1.01251 0.482572 0.378994 0.241713 0.130945 0.0612446 0.0710918 0.031233
threshold=0.11745643050000001 23.193183440000002 26.304769825000005 0.62052864250000017 0.65617541450000016 4.085714298000001 18.295000075000001 0.28882258350000006 0.94999998800000018 0.19603085750000002 0.25447076200000007
decision_type=2 8 8 2 2 2 2 2 2 2 2
left_child=8 5 3 -3 -4 -2 10 -7 -1 -10 -6
right_child=1 2 4 -5 6 7 -8 -9 9 -11 -12
leaf_value=-0.0013405845240575432 1.8552879247934007e-05 0.00028687459654087269 0.00070852996261940027 0.00036197075245827319 -0.0007364471486062253 -0.00026767650729378207 0.00050449115593909229 2.7150575575654791e-05 5.06872031334879e-05 -0.0023643434673622536 -1.9122945201443367e-05
leaf_weight=127 24 21 31 21 20 95 20 21 20 24 57
leaf_count=127 24 21 31 21 20 95 20 21 20 24 57
internal_value=9.85885e-05 0.000363578 0.00072014 0.00203271 0.000263975 -5.68183e-05 -6.64623e-05 -0.000308219 -0.000369616 -1.17081e-10 -0.000340617
internal_weight=481 310 170 42 128 140 97 116 171 44 77
internal_count=481 310 170 42 128 140 97 116 171 44 77
is_linear=0
shrinkage=0.01


Tree=684
num_leaves=12
num_cat=0
split_feature=8 0 31 76 44 11 51 103 1 19 7
split_gain=0.353287 0.475816 0.440278 0.248851 0.413515 0.500379 0.26509 0.145585 0.175454 0.109019 0.0428387
threshold=0.48546688100000007 0.095361611500000013 2.0428571615000002 45.634999750000013 7.5499998630000009 0.66708671450000012 23.999999830000004 26.400856380000004 0.24419435700000003 0.62656085700000008 0.63897342850000005
decision_type=2 2 2 2 2 2 2 10 2 2 2
left_child=1 -1 -2 4 5 -4 7 10 -9 -6 -5
right_child=2 -3 3 6 9 -7 -8 8 -10 -11 -12
leaf_value=-0.0015452574440581743 0.00019108250061011114 0.001595355773691566 -4.2037388208618737e-06 -0.00089588763613960871 -0.00038451681627295537 0.00072968670778915574 0.00055270561193329778 0.0013443185006731407 -8.7121051896571918e-06 8.3053983112293931e-05 -3.9896930254420023e-05
leaf_weight=23 36 23 24 185 48 28 21 20 21 20 20
leaf_count=23 36 23 24 185 48 28 21 20 21 20 20
internal_value=0.000135164 0.000961538 3.89333e-05 -5.54411e-05 0.000314569 0.000984848 -0.000229649 -0.000328201 0.000179426 -0.000174419 -0.000439747
internal_weight=469 46 423 387 120 52 267 246 41 68 205
internal_count=469 46 423 387 120 52 267 246 41 68 205
is_linear=0
shrinkage=0.01


Tree=685
num_leaves=11
num_cat=0
split_feature=4 4 19 19 19 101 18 53 18 0
split_gain=0.631934 0.53851 0.76382 0.698261 1.70546 0.425735 0.390064 0.336597 0.240766 0.0180012
threshold=0.32095100000000004 0.33806902850000004 0.52634835700000016 0.44746678600000006 0.40563766700000004 131.19284590000004 0.63755442850000021 54.949999995000006 0.6834761075000001 0.15342625000000001
decision_type=2 2 2 2 2 2 2 2 2 2
left_child=8 2 -2 4 9 7 -7 -5 -1 -3
right_child=1 3 -4 5 -6 6 -8 -9 -10 -11
leaf_value=-0.001470189890963178 -0.0008081107828673995 -4.7893750513774977e-06 0.00061989164529368493 -0.00018305805412419413 0.00039771880885155141 5.720801485464798e-05 -4.7582255917076741e-05 0.00048334649075751276 8.1417252524160406e-05 -0.0017434999016929004
leaf_weight=127 21 20 29 130 37 20 23 20 27 24
leaf_count=127 21 20 29 130 37 20 23 20 27 24
internal_value=0.000227652 0.000480295 0.00143701 0.00029476 0.00106968 -2.32199e-05 0.000833333 -0.000285146 -0.000290698 -0.000223214
internal_weight=478 324 50 274 81 193 43 150 154 44
internal_count=478 324 50 274 81 193 43 150 154 44
is_linear=0
shrinkage=0.01


Tree=686
num_leaves=14
num_cat=0
split_feature=75 44 0 5 35 17 4 4 101 15 63 4 2
split_gain=0.879988 0.540265 0.509658 0.77462 0.948068 1.00905 0.8378 0.394617 0.223161 0.180467 0.14848 0.175454 0.0244948
threshold=83.739998815000021 7.5499998630000009 0.32006122900000006 0.42315952350000002 5.6357142925000003 0.69531664300000007 0.33806902850000004 0.31831735700000002 66.85331105500002 0.70211948550000014 3.4150004385000003 0.31831735700000002 0.31771297600000009
decision_type=2 2 2 2 2 2 2 2 2 2 2 2 2
left_child=1 2 3 6 5 -5 7 -1 -2 -3 11 -10 -11
right_child=8 9 -4 4 -6 -7 -8 -9 10 12 -12 -13 -14
leaf_value=6.4609463751868929e-05 0.00054568738791838458 8.9251438994867913e-05 -0.0014925909632251908 0.00032094475004184741 -0.00052134995436812787 0.00077244275775399803 -0.00061251858699891697 0.00023099296043472252 -0.0031557171968473047 -0.00027938502338307808 -0.0011274493342921278 0.0012860757367495728 -8.2856185971063589e-06
leaf_weight=28 36 33 21 39 20 23 44 23 21 36 125 20 20
leaf_count=28 36 33 21 39 20 23 44 23 21 36 125 20 20
internal_value=0.000354226 0.000710563 0.00100101 0.00117829 0.00189614 0.0025 0.00052714 0.00139961 -0.000142998 3.89754e-05 -0.000305756 0.000179426 -0.00028169
internal_weight=489 287 198 177 82 62 95 51 202 89 166 41 56
internal_count=489 287 198 177 82 62 95 51 202 89 166 41 56
is_linear=0
shrinkage=0.01


Tree=687
num_leaves=12
num_cat=1
split_feature=104 82 35 14 82 58 18 103 18 82 52
split_gain=0.70499 1.40755 1.06719 0.253741 0.447574 0.342579 0.162252 0.468455 0.0908624 0.0791319 0.0536164
threshold=0 7.6785713945000014 5.6000000070000011 0.70718854750000004 8.2221429005000015 9.7999999185000011 0.56980719650000011 18.470270075000006 0.60863516650000016 7.4307143005000009 19.549999880000005
decision_type=1 2 2 2 2 2 2 10 2 2 2
left_child=1 8 -3 4 5 6 10 -8 -1 -5 -2
right_child=3 2 -4 9 -6 -7 7 -9 -10 -11 -12
leaf_value=-0.0046277876480222144 -0.0014533248340463079 0.0003111242684436547 0.00011588689188256344 0.0001366311460566752 0.00012882734512357198 0.00010641120681222554 0.00079454659150991259 -0.0003261928419175983 1.3283893312687826e-05 -0.00010231805290167267 -0.0011837620880048522
leaf_weight=34 83 22 24 35 24 22 26 34 20 112 43
leaf_count=34 83 22 24 35 24 22 26 34 20 112 43
internal_value=0.000184452 0.000884476 0.00224359 -1.92408e-05 0.000180412 1.9157e-05 -0.00011242 0.000296053 -9.1241e-05 -0.000348444 -0.000323344
internal_weight=479 100 46 379 232 208 186 60 54 147 126
internal_count=479 100 46 379 232 208 186 60 54 147 126
cat_boundaries=0 1
cat_threshold=35946572
is_linear=0
shrinkage=0.01


Tree=688
num_leaves=11
num_cat=0
split_feature=52 7 16 16 18 89 101 11 2 51
split_gain=0.459068 0.546877 0.648483 1.31258 0.469837 0.311422 0.189703 0.150076 0.0357886 0.0431374
threshold=11.200000095000002 0.54593564300000008 0.67248635700000015 0.72501332150000009 0.70545036450000009 14.068571360000002 66.85331105500002 0.60369364300000006 0.20534485750000003 22.750000020000005
decision_type=2 2 2 2 2 2 2 2 2 2
left_child=1 7 -3 -4 5 6 -2 -1 -8 -10
right_child=4 2 3 -5 -6 -7 8 -9 9 -11
leaf_value=6.6054686022330267e-05 0.00045162513751929466 -0.00028268015794784561 0.00024776263290994966 -3.5023371457162386e-05 0.00016850065658227624 0.00014561633923806293 -0.0012367472902827081 -0.0017489646074071953 -0.00026809841314435058 2.1456965546843843e-05
leaf_weight=27 31 25 28 21 39 30 20 38 194 20
leaf_count=27 31 25 28 21 39 30 20 38 194 20
internal_value=0.000150907 0.000633047 0.00121658 0.00187751 -4.4803e-05 -0.000187627 -0.000302859 -7.5989e-06 -0.0004046 -0.000442272
internal_weight=473 139 74 49 334 295 265 65 234 214
internal_count=473 139 74 49 334 295 265 65 234 214
is_linear=0
shrinkage=0.01


Tree=689
num_leaves=11
num_cat=0
split_feature=38 25 16 15 38 20 50 60 95 3
split_gain=1.01959 0.432157 0.624191 0.865077 0.761667 0.58208 0.142691 0.0968304 0.138825 0.033148
threshold=5.414285694000001 1.700000001 0.5855260000000001 0.62680950000000013 4.5714285200000004 93.810000000000016 5.2000001075000002 5.0500000120000008 21.516428675000004 0.34914285700000008
decision_type=2 2 2 2 2 2 2 2 2 2
left_child=1 7 9 -4 5 -5 -6 -1 -9 -3
right_child=-2 2 3 4 6 -7 -8 8 -10 -11
leaf_value=-0.00050097083319093876 0.0001380856374466411 -0.0070947878653331367 0.001099996528689343 0.00052372919757231291 -0.00011426061146975952 9.1996275814448668e-06 0.00017560916739291904 -5.0151124064591223e-05 0.00040882728741378153 -0.00011780149169305755
leaf_weight=108 25 66 22 32 79 36 29 30 26 20
leaf_count=108 25 66 22 32 79 36 29 30 26 20
internal_value=0.000214225 9.80391e-05 0.000337079 0.000648893 0.000395927 0.00122093 -0.000110294 -0.000303398 0 -0.000357143
internal_weight=473 448 284 198 176 68 108 164 56 86
internal_count=473 448 284 198 176 68 108 164 56 86
is_linear=0
shrinkage=0.01


Tree=690
num_leaves=12
num_cat=0
split_feature=37 5 3 58 79 55 69 17 56 37 1
split_gain=0.983989 0.603588 0.944346 0.488779 0.432796 0.179452 0.333046 0.133795 0.118627 0.0986876 0.0408469
threshold=4.7571428675000007 0.47714655350000007 0.36728693450000005 0.60000001250000012 91.429999355000021 0.40000000950000009 28.580000400000003 0.68903750000000008 1.0000000075000002 3.3785714595000003 0.13603396450000002
decision_type=2 2 2 2 2 2 2 2 2 2 2
left_child=1 5 -3 4 -2 8 7 -7 -1 -9 -10
right_child=3 2 -4 -5 -6 6 -8 9 10 -11 -12
leaf_value=-6.9005385420531246e-05 0.00035262576107037628 0.00054332570474063542 -4.6271763252525091e-05 5.6958165289481957e-05 -0.0012372820588756801 -0.00095537091453317476 7.849845149846819e-05 -3.2508101089936422e-06 -0.0030989967378230151 0.00043414778811415224 -0.00151276902402647
leaf_weight=22 21 21 38 26 29 54 30 29 20 22 140
leaf_count=22 21 21 38 26 29 54 30 29 20 22 140
internal_value=0.000269435 5.30784e-05 0.000978261 0.00130208 0.000649606 -0.000114852 0.000150957 -9.9244e-05 -0.000322757 0.000241313 -0.000422886
internal_weight=452 376 59 76 50 317 135 105 182 51 160
internal_count=452 376 59 76 50 317 135 105 182 51 160
is_linear=0
shrinkage=0.01


Tree=691
num_leaves=10
num_cat=0
split_feature=68 77 101 16 46 45 18 20 7
split_gain=0.728051 0.930169 0.472773 0.770924 0.278869 0.197814 0.198277 0.305201 0.14353
threshold=35.074998855000011 55.959999560000007 131.19284590000004 0.72959375000000015 12.800000015000002 17.150000155000004 0.68323078550000005 47.985000000000007 0.40947400000000006
decision_type=2 2 2 2 2 2 2 2 2
left_child=1 -1 4 -4 5 6 8 -8 -2
right_child=2 -3 3 -5 -6 -7 7 -9 -10
leaf_value=-3.2061491262743186e-06 0.00083964981829425466 0.00077955468264830205 3.1861028220594629e-05 -0.0011759029642019277 0.00021958603390552042 0.00040150269528767968 0.00012057432436051183 -9.8385023688943928e-05 -0.00097124119359246212
leaf_weight=33 20 28 31 22 38 37 22 23 216
leaf_count=33 20 28 31 22 38 37 22 23 216
internal_value=0.000240017 0.00125405 8.17471e-05 0.000957249 -4.48432e-05 -0.000147428 -0.00024308 0.000338428 -0.000363176
internal_weight=470 61 409 53 356 318 281 45 236
internal_count=470 61 409 53 356 318 281 45 236
is_linear=0
shrinkage=0.01


Tree=692
num_leaves=13
num_cat=1
split_feature=104 39 55 15 11 74 51 34 46 51 25 16
split_gain=0.539139 0.639363 0.566402 0.523341 0.910686 0.530522 0.265389 0.258961 0.133294 0.0686894 0.0410677 0.0345506
threshold=0 6.314285721000001 0.35000000900000006 0.72705264250000012 0.67424450000000002 61.234999655000003 19.000000000000004 4.4714285475000013 12.200000030000002 4.9499999620000006 1.8785714250000003 0.69752910700000015
decision_type=1 2 2 2 2 2 2 2 2 2 2 2
left_child=7 2 6 4 5 -4 11 8 10 -5 -1 -2
right_child=1 -3 3 9 -6 -7 -8 -9 -10 -11 -12 -13
leaf_value=-0.00056191891483051723 -0.0039758479784714742 0.00029245287069457147 0.00030427790787145069 2.8772333739337149e-06 0.00084109684897808515 -0.0010627589684217593 0.00054473488157414166 0.00023614591879237955 0.0003638930659081405 -3.5404101252063762e-05 -0.00047701042135486678 -0.00043220375093400393
leaf_weight=144 74 21 28 20 21 25 20 34 20 23 20 20
leaf_count=144 74 21 28 20 21 25 20 34 20 23 20 20
internal_value=0.000197536 0.000502283 0.00035591 0.000844652 0.00135027 0.000585502 -0.000130662 -0.000161713 -0.000324675 0 -0.000424757 -0.000369198
internal_weight=470 252 231 117 74 53 114 218 184 43 164 94
internal_count=470 252 231 117 74 53 114 218 184 43 164 94
cat_boundaries=0 1
cat_threshold=536938003
is_linear=0
shrinkage=0.01


Tree=693
num_leaves=13
num_cat=0
split_feature=52 75 60 15 10 46 16 13 10 52 102 2
split_gain=0.636921 1.00882 0.518372 0.509425 1.48612 0.362635 0.357807 0.27147 0.208798 0.0455183 0.0892094 0.0210574
threshold=10.999999905000001 81.265001300000009 5.0500000120000008 0.72889664300000012 0.62807078600000021 11.700000035 0.67720392850000011 0.65033731650000004 0.53582621450000012 19.549999880000005 22.979626460000002 0.30027564250000005
decision_type=2 2 2 2 2 2 2 2 2 2 10 2
left_child=1 -1 8 4 7 -3 -7 -4 -2 -10 -11 -5
right_child=2 5 3 11 -6 6 -8 -9 9 10 -12 -13
leaf_value=0.00018091697409119498 0.00083980469201287722 -0.00073703178437228639 0.00017281560462437936 -9.0390149708150221e-05 0.00041921240535920375 -8.147111772909562e-06 6.7655058259830989e-05 -0.00031223103827085149 -0.00078176863271912683 -0.0025128379413641307 9.3470405533275863e-05 -7.6689867290607411e-05
leaf_weight=34 27 37 27 20 24 21 20 34 138 33 20 29
leaf_count=34 27 37 27 20 24 21 20 34 138 33 20 29
internal_value=0.00024957 0.000904255 3.40135e-05 0.000526706 0.000996503 0.000241117 0.000897129 0.000121359 -0.000260512 -0.000383212 -8.36432e-05 -0.000251004
internal_weight=464 112 352 134 85 78 41 61 218 191 53 49
internal_count=464 112 352 134 85 78 41 61 218 191 53 49
is_linear=0
shrinkage=0.01


Tree=694
num_leaves=10
num_cat=0
split_feature=28 54 49 60 9 4 18 10 11
split_gain=0.511561 0.762475 0.542443 0.409281 0.691793 0.532462 0.224051 0.0734686 0.0639114
threshold=3.8714285750000004 0.90000000950000014 0.30000000800000004 4.7999999225000005 0.65250277500000009 0.33253569050000004 0.65577471450000002 0.57023878600000011 0.56107038100000006
decision_type=2 2 2 2 2 2 2 2 2
left_child=1 -1 7 6 5 -5 -4 8 -2
right_child=2 -3 3 4 -6 -7 -8 -9 -10
leaf_value=-0.00084892594426520948 -0.0032754177586481088 0.00020870803001929458 -0.0013554316115909823 0.00013586774633350302 0.00078086735098536661 -3.17189397087933e-05 4.3014372032447043e-05 -0.0006626960363015354 3.8073108628517984e-05
leaf_weight=23 21 37 64 33 24 41 38 164 20
leaf_count=23 21 37 64 33 24 41 38 164 20
internal_value=9.76813e-05 0.000953947 -2.58749e-05 0.000338645 0.000799595 0.000280749 -8.75488e-05 -0.000391157 0
internal_weight=465 60 405 200 98 74 102 205 41
internal_count=465 60 405 200 98 74 102 205 41
is_linear=0
shrinkage=0.01


Tree=695
num_leaves=12
num_cat=0
split_feature=50 7 35 12 12 7 87 46 82 30 74
split_gain=1.31112 0.377339 0.949924 0.282061 0.800136 0.2819 0.19823 0.192038 0.206799 0.0892094 0.0852811
threshold=8.3000000715000031 0.46789785700000003 5.5071428505000011 0.74167728600000016 0.75144060750000008 0.43411031400000005 6.6842856920000004 10.399999870000002 7.9285712925000009 4.3571428400000007 66.07999992000002
decision_type=2 2 2 2 2 2 2 2 2 2 2
left_child=1 2 5 6 -5 -1 7 10 -9 -4 -3
right_child=-2 3 9 4 -6 -7 -8 8 -10 -11 -12
leaf_value=0.00023570529612338133 0.00017249054737233368 -0.00049604761068794997 -0.0033980067549523141 0.00083224754440733588 -0.00011721080500796414 0.00018742654313566947 0.00057268717300032902 -4.4687489932979221e-06 5.7178398623576666e-05 0.00081883822500026463 6.1055813607692488e-06
leaf_weight=20 36 130 33 21 24 20 20 93 26 20 34
leaf_count=20 36 130 33 21 24 20 20 93 26 20 34
internal_value=0.000354751 0.000198053 0.00076226 4.01375e-05 0.000775109 0.00191176 -6.41871e-05 -0.000139183 0.000154424 -8.36432e-05 -0.000364078
internal_weight=477 441 93 348 45 40 303 283 119 53 164
internal_count=477 441 93 348 45 40 303 283 119 53 164
is_linear=0
shrinkage=0.01


Tree=696
num_leaves=10
num_cat=0
split_feature=35 69 87 46 46 6 45 18 1
split_gain=0.774944 0.672345 0.426403 0.354287 0.620332 0.43924 0.25699 0.122239 0.250956
threshold=5.6000000750000014 30.839999195000004 6.6842856920000004 7.5999999645000011 8.0500000005000008 0.5215316430000001 1.0000000185000002 0.55706690500000011 0.20483348800000004
decision_type=2 2 2 2 2 2 2 2 2
left_child=1 3 7 -1 -5 6 -6 -2 -9
right_child=2 -3 -4 4 5 -7 -8 8 -10
leaf_value=-0.00086846098217278097 -0.0017158262369862116 0.00027943522073134707 0.00055035727542790825 0.00034577633872029585 -0.0015022848105377537 4.8706588964643756e-05 5.7561406194939082e-06 0.0030594409059865641 -0.0002950247582788018
leaf_weight=33 127 24 23 20 45 35 79 31 45
leaf_count=33 127 24 23 20 45 35 79 31 45
internal_value=0.000274416 0.000675676 -0.000136684 0.000479323 0.000659066 0.000428661 0.000128205 -0.000291953 0
internal_weight=462 236 226 212 179 159 124 203 76
internal_count=462 236 226 212 179 159 124 203 76
is_linear=0
shrinkage=0.01


Tree=697
num_leaves=11
num_cat=0
split_feature=35 16 17 16 90 14 14 0 7 5
split_gain=0.784881 0.972318 0.5145 2.29863 0.49842 0.343333 0.31862 0.184766 0.149213 0.177191
threshold=5.6000000750000014 0.63356514300000011 0.68072900000000003 0.71635612250000014 13.804285595000001 0.73786978600000019 0.70839893850000013 0.26150170150000007 0.40947400000000006 0.47714655350000007
decision_type=2 2 2 2 2 2 2 2 2 2
left_child=1 -1 6 -4 -5 8 -3 -8 -2 -10
right_child=5 2 3 4 -6 -7 7 -9 9 -11
leaf_value=0.00034706038608368054 0.00076565915877685345 -0.0010215125049994138 0.00014784659469318885 -6.9073257889330314e-05 0.00019525644531374537 0.00037016108280659137 6.2620836479455248e-05 6.6282609671754545e-06 -0.0012458862105710522 0.00059485822426319263
leaf_weight=24 30 59 35 57 20 24 20 20 137 36
leaf_count=24 30 59 35 57 20 24 20 20 137 36
internal_value=0.000360847 0.000765479 0.000531161 0.000992908 0 -5.0483e-05 0 0.000686274 -0.000193818 -0.000313579
internal_weight=462 235 211 112 77 227 99 40 203 173
internal_count=462 235 211 112 77 227 99 40 203 173
is_linear=0
shrinkage=0.01


Tree=698
num_leaves=10
num_cat=0
split_feature=50 58 103 21 79 18 24 11 5
split_gain=1.01201 0.721448 0.573145 0.444315 0.449179 1.02382 0.291337 0.13721 0.0397015
threshold=8.3000000715000031 0.25000000350000007 18.199877625000003 0.96428571450000011 86.664999960000017 0.59719878550000016 1.8285714390000003 0.57076278550000015 0.4917812860000001
decision_type=2 2 10 2 2 2 2 2 2
left_child=1 -1 7 4 6 -6 -4 -3 -9
right_child=-2 2 3 -5 5 -7 -8 8 -10
leaf_value=0.00085821551289435736 0.00019194028332925392 8.5668186613088067e-05 -1.5198137175421317e-05 -8.4843777618942139e-05 0.00020128264777375602 0.00023161588859501499 0.0004285813705583965 -0.0014583682744553586 -1.9276786012115481e-06
leaf_weight=23 34 38 86 40 50 35 21 122 20
leaf_count=23 34 38 86 40 50 35 21 122 20
internal_value=0.000390592 0.000253557 0.000150194 0.0004811 0.000684647 0.0012296 0.000227273 -0.000265487 -0.000413165
internal_weight=469 435 412 232 192 85 107 180 142
internal_count=469 435 412 232 192 85 107 180 142
is_linear=0
shrinkage=0.01


Tree=699
num_leaves=13
num_cat=0
split_feature=52 68 5 63 25 52 13 1 18 0 0 18
split_gain=1.24466 0.593023 1.36338 0.399822 0.544745 0.592691 0.665507 0.39858 0.302339 0.191897 0.132573 0.12866
threshold=9.8500000200000013 35.074998855000011 0.42315952350000002 5.0249996185000017 1.6999999925000002 17.699999750000003 0.70413320850000016 0.24315379250000002 0.68180292850000013 0.23516897900000003 0.24670375000000003 0.57091461950000011
decision_type=2 2 2 2 2 2 2 2 2 2 2 2
left_child=10 2 9 4 8 6 -6 -7 -3 -2 -1 -5
right_child=1 3 -4 11 5 7 -8 -9 -10 -11 -12 -13
leaf_value=5.1516900766651684e-05 0.00026312142195431611 -7.989594884015092e-05 0.00046393734145993041 -0.0035226234274711101 0.0011241951485957719 0.00041388174758491525 7.6960483360116227e-06 -5.4335364554116211e-05 0.00016250282668155578 -0.0016031639500003912 3.6763022051426352e-05 0.00023453318166491793
leaf_weight=21 20 80 20 108 27 31 30 42 20 25 20 22
leaf_count=21 20 80 20 108 27 31 30 42 20 25 20 22
internal_value=0.00043916 0.000271254 0.00114742 0.000105321 0.000359619 0.000787462 0.00154844 0.000155826 -0.000178572 0.000120087 0.0020933 -0.000328746
internal_weight=466 425 65 360 230 130 57 73 100 45 41 130
internal_count=466 425 65 360 230 130 57 73 100 45 41 130
is_linear=0
shrinkage=0.01


Tree=700
num_leaves=9
num_cat=0
split_feature=17 19 13 50 10 10 4 51
split_gain=0.68193 0.610993 0.343353 0.405026 0.378651 0.742603 0.296244 0.142042
threshold=0.55251757150000014 0.44746678600000006 0.61112443350000012 8.499999821500003 0.68298335750000005 0.69491496450000001 0.33419702350000008 23.400000405000004
decision_type=2 2 2 2 2 2 2 2
left_child=7 -2 -3 4 6 -6 -4 -1
right_child=1 2 3 -5 5 -7 -8 -9
leaf_value=-0.0050733359460174996 0.00029781997555622603 0.0012247026307743373 8.9339546037701213e-05 1.8340907457648251e-05 0.00068702435773978501 -8.1383950813757965e-06 -7.4558094120453442e-05 0.00052405497959375749
leaf_weight=107 33 38 67 24 20 41 105 20
leaf_count=107 33 38 67 24 20 41 105 20
internal_value=0.00028631 0.000529197 0.000373563 0.000230799 9.19588e-05 0.000768608 -0.000138889 -0.000324726
internal_weight=455 328 295 257 233 61 172 127
internal_count=455 328 295 257 233 61 172 127
is_linear=0
shrinkage=0.01


Tree=701
num_leaves=9
num_cat=0
split_feature=50 57 2 6 17 19 103 33
split_gain=0.842679 0.819737 0.589967 0.582878 0.252196 0.744633 0.224508 0.149538
threshold=8.3000000715000031 0.80000001550000011 0.29986052350000003 0.47910964250000004 0.53864321400000015 0.44460473250000004 27.836040485000002 5.6785713945000014
decision_type=2 2 2 2 2 2 10 2
left_child=1 3 -2 -1 -3 -6 7 -7
right_child=2 4 -4 -5 5 6 -8 -9
leaf_value=0.00032375554221940111 6.6796108982191553e-06 -0.0043325726668459585 0.00027393618981314325 -5.0641897040993668e-06 0.00042083428270612877 -1.0128236103101436e-05 0.00078168475254709934 0.00064050055814040467
leaf_weight=28 22 106 20 20 26 199 31 29
leaf_count=28 22 106 20 20 26 199 31 29
internal_value=0.000223122 8.75397e-05 0.00156542 0.00131148 -5.99797e-05 8.92231e-05 -6.73596e-05 -0.000183567
internal_weight=481 439 42 48 391 285 259 228
internal_count=481 439 42 48 391 285 259 228
is_linear=0
shrinkage=0.01


Tree=702
num_leaves=10
num_cat=1
split_feature=31 104 5 6 8 58 51 50 10
split_gain=1.07831 0.716169 0.533303 0.949034 0.666896 0.561106 0.436406 0.162599 0.0417632
threshold=2.0142857265000003 0 0.42809138050000006 0.49431583350000008 0.51111414300000013 5.2500000595000005 5.1499999055000005 4.449999988000001 0.5295081665000001
decision_type=2 1 2 2 2 2 2 2 2
left_child=-1 6 4 -4 -3 -5 -2 -6 -8
right_child=1 2 3 5 7 -7 8 -9 -10
leaf_value=0.00019439976534543763 4.1067590966302653e-05 0.00081268391817556924 0.00030507141914902486 -0.00019476601828418945 -0.0018038649696585579 0.00025807734064653935 -0.0040367933845110197 8.9545552461798311e-05 -0.00012123368113166689
leaf_weight=34 39 28 26 31 70 36 20 32 158
leaf_count=34 39 28 26 31 70 36 20 32 158
internal_value=0.00033909 0.000199637 0.000583832 0.0011887 0.000175841 0.000508849 -0.000204127 -0.000184825 -0.000430649
internal_weight=474 440 223 93 130 67 217 102 178
internal_count=474 440 223 93 130 67 217 102 178
cat_boundaries=0 1
cat_threshold=41944982
is_linear=0
shrinkage=0.01


Tree=703
num_leaves=12
num_cat=0
split_feature=67 14 7 23 12 18 54 10 0 5 6
split_gain=0.983675 0.734143 0.801737 0.259159 0.375337 0.277454 0.336528 0.218151 0.160294 0.153967 0.0971857
threshold=0.54500007650000015 0.68762614300000002 0.48887542850000004 1.6999999795000003 0.69539414250000009 0.6105327140000002 8.0499999075000019 0.66070692900000016 0.13454388900000003 0.51728935750000005 0.48931390450000006
decision_type=2 2 2 2 2 2 2 2 2 2 2
left_child=1 2 -1 4 8 9 10 -3 -2 -5 -7
right_child=3 7 -4 5 -6 6 -8 -9 -10 -11 -12
leaf_value=0.00017435040764130627 0.00012853579889408336 -0.00047878429092812312 0.00032526754537326718 -0.0013598215023789334 -4.3302807633382941e-05 -9.4870189077098601e-05 0.0015333629760710698 9.7656110143945317e-05 0.00052158089900634593 0.00089108886600038268 6.5955996141280702e-06
leaf_weight=30 20 25 22 164 37 43 38 28 20 20 21
leaf_count=30 20 25 22 164 37 43 38 28 20 20 21
internal_value=0.000243174 0.00109168 0.00193182 0 0.000507712 -0.000142957 0.000262646 0.000213755 0.00117647 -0.000378788 -0.000154321
internal_weight=468 105 52 363 77 286 102 53 40 184 64
internal_count=468 105 52 363 77 286 102 53 40 184 64
is_linear=0
shrinkage=0.01


Tree=704
num_leaves=13
num_cat=0
split_feature=38 26 14 10 14 17 45 15 15 39 6 6
split_gain=1.02293 0.483524 0.727629 0.806913 0.843163 0.480807 0.375758 0.127569 0.453157 0.106159 0.104623 0.0296969
threshold=5.4285714285000006 1.9571428595000002 0.71040671450000015 0.61801215300000012 0.61241935750000009 0.65124869050000012 15.500000195000002 0.61188938100000012 0.62680950000000013 6.0714286055000004 0.44236657150000008 0.54869635750000012
decision_type=2 2 2 2 2 2 2 2 2 2 2 2
left_child=1 2 3 4 -1 -5 9 -3 -9 -4 -6 -10
right_child=-2 7 6 5 10 -7 -8 8 11 -11 -12 -13
leaf_value=0.001005344463649426 0.00014639985172118619 -0.0061855846624263404 -0.0001021369152899506 3.9800445280613304e-05 -0.00012193352396533728 9.991467405318674e-05 1.1585211925532707e-05 0.00055776227648920485 -0.00090122062676414383 1.6819630759355641e-06 7.7194494280328899e-05 2.2269689282337912e-05
leaf_weight=22 24 96 89 20 44 20 24 20 51 25 20 20
leaf_count=22 24 96 89 20 44 20 24 20 51 25 20 20
internal_value=0.000274275 0.000160469 0.000438066 0.000985804 0.000403226 0.00215686 -5.04324e-05 -0.00022098 2.7233e-05 -0.000304878 -0.000154321 -0.000327298
internal_weight=475 451 264 126 86 40 138 187 91 114 64 71
internal_count=475 451 264 126 86 40 138 187 91 114 64 71
is_linear=0
shrinkage=0.01


Tree=705
num_leaves=11
num_cat=0
split_feature=39 5 52 82 4 37 8 7 56 0
split_gain=0.584766 0.72566 0.341469 0.208375 0.259218 0.638437 0.765448 0.213534 0.143744 0.0257349
threshold=6.314285721000001 0.42560378550000005 9.8500000200000013 8.3828570840000012 0.38234050000000003 4.2357142825000009 0.65631735250000012 0.40947400000000006 8.6499999685000031 0.20999178100000002
decision_type=2 2 2 2 2 2 2 2 2 2
left_child=2 -2 -1 4 7 6 -6 -4 -9 -7
right_child=1 -3 3 -5 5 9 -8 8 -10 -11
leaf_value=2.2867458284686655e-05 -0.00026490930107572058 0.00032104334676827953 0.00036120656552296427 0.00014606284545441188 0.00053542305385519508 -0.00023873158993019075 -1.3781735956516013e-05 -0.0013313188446112637 1.072735506721198e-05 -2.1579597342514528e-05
leaf_weight=28 20 21 23 27 21 20 30 177 63 39
leaf_count=28 20 21 23 27 21 20 30 177 63 39
internal_value=0.000241592 0.0013756 0.000125933 4.49101e-05 -1.20386e-05 0.000388087 0.00120656 -0.000187642 -0.000282392 -0.000292642
internal_weight=469 41 428 400 373 110 51 263 240 59
internal_count=469 41 428 400 373 110 51 263 240 59
is_linear=0
shrinkage=0.01


Tree=706
num_leaves=13
num_cat=1
split_feature=104 18 19 91 0 83 103 102 18 28 102 0
split_gain=0.74829 0.766013 1.36614 0.563055 1.09253 0.85339 0.413078 0.252403 0.424064 0.201084 0.297198 0.0411741
threshold=0 0.46055557100000005 0.44746678600000006 8.6035713810000018 0.26304451400000006 5.9385714960000007 19.605197285000003 27.820630600000005 0.59664671450000006 4.0285714180000012 23.659332810000006 0.08161631250000001
decision_type=1 2 2 2 2 2 8 10 2 2 10 2
left_child=6 -2 -3 4 5 -4 -1 11 -9 10 -5 -8
right_child=1 2 3 9 -6 -7 7 8 -10 -11 -12 -13
leaf_value=0.00084528314998670172 -0.0029456695814476298 0.00042396048351165587 4.504084574336262e-05 -0.00039048668822617549 -0.00045718766876377825 0.00029950538526233076 -0.0029395874074554891 -0.0035118712214789252 0.00099380180880357435 -0.000319168179074581 2.3017845953900067e-05 -0.00067920476478028292
leaf_weight=22 43 31 22 32 22 20 20 31 27 38 27 146
leaf_count=22 43 31 22 32 22 20 20 31 27 38 27 146
internal_value=0.000306144 0.000693653 0.000995851 0.000602596 0.00132716 0.00226636 -8.17758e-05 -0.00022242 0.000323129 9.71369e-05 0.000476589 -0.00042566
internal_weight=481 235 192 161 64 42 246 224 58 97 59 166
internal_count=481 235 192 161 64 42 246 224 58 97 59 166
cat_boundaries=0 1
cat_threshold=679548466
is_linear=0
shrinkage=0.01


Tree=707
num_leaves=13
num_cat=0
split_feature=55 55 4 15 9 17 27 53 51 8 45 8
split_gain=0.598502 0.523534 0.990206 0.523369 1.37686 1.1873 0.252784 0.498793 0.291562 0.222564 0.115606 0.0329546
threshold=0.35000000900000006 0.50000000350000018 0.36110800000000004 0.72705264250000012 0.60606983000000014 0.65124869050000012 2.2285714405000001 25.450000005000003 19.250000125000003 0.50947152400000006 15.099999730000002 0.54920382150000013
decision_type=2 2 2 2 2 2 2 2 2 2 2 2
left_child=6 2 -2 4 9 -6 -1 8 11 -3 -5 -8
right_child=1 3 -4 10 5 -7 7 -9 -10 -11 -12 -13
leaf_value=-0.0026096973761046151 -0.00011480246215662202 0.0015116642277614829 0.00024501379046222295 -0.00041331716570131011 1.0818398099100347e-05 0.00039660473343755055 -0.0006604069387649964 8.9819452721970496e-05 0.00046383270125377707 -0.0011916900511855157 0.00028695092549478439 -0.00146280270466928
leaf_weight=86 25 22 20 55 26 22 20 23 29 47 20 65
leaf_count=86 25 22 20 55 26 22 20 23 29 47 20 65
internal_value=0.00032118 0.000670732 0.00164847 0.000425311 0.000844652 0.00213115 -4.24487e-05 0.000214078 -4.35541e-05 -3.58167e-05 -0.000204486 -0.000355478
internal_weight=460 237 45 192 117 48 223 137 114 69 75 85
internal_count=460 237 45 192 117 48 223 137 114 69 75 85
is_linear=0
shrinkage=0.01


Tree=708
num_leaves=11
num_cat=1
split_feature=38 104 57 54 9 9 56 99 11 10
split_gain=1.22283 0.620907 0.528437 0.484782 0.446211 1.25778 0.167667 0.159038 0.203711 0.0799496
threshold=5.414285694000001 0 1.1000000165000003 9.9000000020000023 0.67010210000000014 0.63843318350000011 2.2500000000000004 23.235714235000003 0.61619750000000006 0.7122327140000001
decision_type=2 1 2 2 2 2 2 2 2 2
left_child=1 7 -3 4 5 -4 -5 -1 -9 -6
right_child=-2 2 3 6 9 -7 -8 8 -10 -11
leaf_value=-0.0011176153825506539 0.00015109412349932104 0.0002530607503390339 3.34210633613485e-05 6.1118180435803065e-05 -0.00094601917770024448 0.00059079005829149652 -0.0006981380333552997 0.00022406174409513174 -0.00064093730796483859 4.2358121169828318e-05
leaf_weight=99 25 28 82 30 28 38 62 30 27 20
leaf_count=99 25 28 82 30 28 38 62 30 27 20
internal_value=0.000411877 0.000283273 0.000548862 0.00041411 0.000734597 0.0010596 -0.000150862 -0.000215827 0.00016436 -4.09837e-05
internal_weight=469 444 288 260 168 120 92 156 57 48
internal_count=469 444 288 260 168 120 92 156 57 48
cat_boundaries=0 1
cat_threshold=537986211
is_linear=0
shrinkage=0.01


Tree=709
num_leaves=12
num_cat=0
split_feature=16 15 16 68 102 21 14 4 39 38 2
split_gain=0.662971 0.691912 0.74909 0.827364 0.391922 0.555202 0.226282 0.544389 0.128501 0.125659 0.0304949
threshold=0.5855260000000001 0.72059364300000006 0.71081719050000014 40.894999980000009 25.976974940000002 1.0142857135000003 0.75020021450000007 0.38737950000000004 5.9785714150000011 4.842857071000001 0.26751200000000003
decision_type=2 2 2 2 8 2 2 2 2 2 2
left_child=9 2 3 4 8 -6 10 -8 -2 -1 -3
right_child=1 6 -4 -5 5 -7 7 -9 -10 -11 -12
leaf_value=-0.0066601770506275696 0.00010837345342564919 -0.00014858497361794215 0.00011887182312649763 0.00063164784147200454 0.00023143266736693949 -0.0010594235790068584 0.0016895595712430706 -7.4515175397559794e-06 -6.183833269636571e-05 0.00026916881668329675 -1.0963493995176411e-05
leaf_weight=82 32 20 20 37 68 34 29 29 44 21 54
leaf_count=82 32 20 20 37 68 34 29 29 44 21 54
internal_value=0.00040994 0.000610386 0.000935114 0.000743744 0.000441834 0.000846303 1.50601e-05 0.000493197 -7.81251e-05 -0.000284201 -0.000334225
internal_weight=470 367 235 215 178 102 132 58 76 103 74
internal_count=470 367 235 215 178 102 132 58 76 103 74
is_linear=0
shrinkage=0.01


Tree=710
num_leaves=9
num_cat=0
split_feature=50 101 83 10 40 40 60 101
split_gain=0.47998 0.304482 0.509813 0.321698 0.300672 0.693435 0.229262 0.187155
threshold=8.499999821500003 90.291620205000015 7.7864286175000013 0.689836 5.6785714285000006 5.7571428330000005 5.9999999890000009 66.85331105500002
decision_type=2 2 2 2 2 2 2 2
left_child=1 7 3 4 6 -6 -3 -1
right_child=-2 2 -4 -5 5 -7 -8 -9
leaf_value=0.00016649311683233922 0.00013503223420821019 -0.00046508409050451463 0.00059752055295087924 -4.6523353269787638e-05 0.0011266069734434828 4.5121826755877948e-05 1.7215908145455697e-05 -0.002412418536438159
leaf_weight=32 37 48 20 58 24 45 100 103
leaf_count=32 37 48 20 58 24 45 100 103
internal_value=0.000223386 0.000123027 0.00030595 0.000183104 0.000365014 0.000909742 9.40859e-05 -0.000261414
internal_weight=467 430 295 275 217 69 148 135
internal_count=467 430 295 275 217 69 148 135
is_linear=0
shrinkage=0.01


Tree=711
num_leaves=12
num_cat=1
split_feature=104 26 19 13 6 4 51 19 28 44 11
split_gain=0.80839 1.11558 0.917887 0.8833 0.812561 1.20047 0.381661 0.236499 0.212748 0.0383218 0.0350185
threshold=0 1.9571428595000002 0.45154139300000001 0.62487590000000004 0.4705305385000001 0.39283733300000007 19.250000125000003 0.61750485700000013 4.1499999930000007 0.35000000900000006 0.69470721450000006
decision_type=1 2 2 2 2 2 2 2 2 2 2
left_child=8 2 -2 -4 7 -6 10 -5 9 -1 -3
right_child=1 6 3 4 5 -7 -8 -9 -10 -11 -12
leaf_value=-0.0012297852869538463 0.00026120325935754575 -0.0023243026164710789 0.0011258254542055588 -0.00029980437061709558 5.3831312464282713e-05 -1.6688406735388314e-05 0.0005593195643588927 0.00011379357448675912 0.00022852072425455841 -0.00074946168479877149 -0.0025626564778464967
leaf_weight=20 21 77 24 79 43 21 25 28 26 105 20
leaf_count=20 21 77 24 79 43 21 25 28 26 105 20
internal_value=0.000395059 0.000656537 0.00110701 0.000870786 0.000596624 0.00148148 -7.329e-05 4.17439e-05 -0.000207046 -0.000401431 -0.000373211
internal_weight=489 338 216 195 171 64 122 107 151 125 97
internal_count=489 338 216 195 171 64 122 107 151 125 97
cat_boundaries=0 1
cat_threshold=8455267
is_linear=0
shrinkage=0.01


Tree=712
num_leaves=10
num_cat=0
split_feature=17 16 5 102 103 87 50 52 5
split_gain=0.644298 2.64073 0.485642 0.772803 0.678173 0.607578 0.641183 0.284295 0.0342222
threshold=0.68524642850000006 0.71832178550000003 0.39293064300000008 22.965626150000002 24.000720115000004 5.0207142455000007 5.5500001310000009 10.899999970000001 0.51728935750000005
decision_type=2 2 2 8 8 2 2 2 2
left_child=2 -2 -1 8 -5 -6 -7 -3 -4
right_child=1 7 3 4 5 6 -8 -9 -10
leaf_value=-0.0027910776911897672 0.00016119753712124917 1.0148373588333112e-05 -0.0016404195381367317 0.00046877676978323549 -1.590745797172201e-05 0.00098013971109015886 4.5448378639550279e-06 -0.00035672165049973801 -0.00027861008637786259
leaf_weight=126 39 20 72 23 41 23 30 65 20
leaf_count=126 39 20 72 23 41 23 30 65 20
internal_value=0.000235972 0.000849359 1.48886e-06 0.000302669 0.000844652 0.000432489 0.00114312 -0.000122378 -0.000366379
internal_weight=459 124 335 209 117 94 53 85 92
internal_count=459 124 335 209 117 94 53 85 92
is_linear=0
shrinkage=0.01


Tree=713
num_leaves=15
num_cat=0
split_feature=26 15 10 15 17 19 5 10 20 1 17 1 0 0
split_gain=0.840476 0.810487 0.658083 1.07858 1.98816 0.605833 0.324872 0.545341 0.260171 0.47974 0.218001 0.0302359 0.0221279 0.0199046
threshold=1.9571428595000002 0.62680950000000013 0.62325485700000016 0.72059364300000006 0.65124869050000012 0.45618271400000004 0.43995019050000006 0.69235421400000019 61.960000000000008 0.26443214300000006 0.69850821450000011 0.23158011900000003 0.099150083000000014 0.10776786850000002
decision_type=2 2 2 2 2 2 2 2 2 2 2 2 2 2
left_child=1 -1 10 4 5 -4 12 -8 -2 13 11 -3 -5 -10
right_child=8 2 3 6 -6 -7 7 -9 9 -11 -12 -13 -14 -15
leaf_value=0.0010227248615706968 -0.002078864091223384 -0.0012681894936376031 0.00015460440159560898 0.00020441684140611095 0.0001317385319256975 -0.0003305382696793237 1.5813630352262076e-05 -2.5834627595699348e-05 -0.0041912454965187329 0.00080320649878157224 4.4639308597909986e-05 -0.00039863387591969904 -0.0004868765565591111 -0.0040835220059438513
leaf_weight=21 95 20 20 20 28 26 23 27 27 24 33 53 31 20
leaf_count=21 95 20 20 20 28 26 23 27 27 24 33 53 31 20
internal_value=0.000435153 0.00074967 0.000594393 0.000969852 0.00188503 0.000534188 0.000270137 0.000846457 -0.000125899 0.00031337 -9.36341e-06 -0.000331978 -0.000260618 -0.000240586
internal_weight=468 302 281 175 74 46 101 50 166 71 106 73 51 47
internal_count=468 302 281 175 74 46 101 50 166 71 106 73 51 47
is_linear=0
shrinkage=0.01


Tree=714
num_leaves=10
num_cat=1
split_feature=104 24 69 50 43 16 51 20 6
split_gain=0.640316 0.727928 1.17364 1.11456 0.370652 0.496393 0.286569 0.228199 0.0361382
threshold=0 1.9285714205000002 31.599999905000004 8.499999821500003 6.0000000185000006 0.61373490450000012 11.500000190000003 113.62500000000001 0.38990785700000002
decision_type=1 2 2 2 2 2 2 2 2
left_child=8 2 3 4 5 -2 -3 -6 -1
right_child=1 6 -4 -5 7 -7 -8 -9 -10
leaf_value=-0.0008611727358339361 0.0009711079246211144 0.00013940825535372625 0.00047266855287500422 0.00015305835757965249 -7.9384793747172032e-05 1.3096390941685694e-05 -0.0030657298686848711 1.2014812197572131e-05 -0.00044489270551583001
leaf_weight=20 21 21 26 20 107 66 81 29 85
leaf_count=20 21 21 26 20 107 66 81 29 85
internal_value=0.000314597 0.000504191 0.000791327 0.000559885 0.000341823 0.000848519 -0.000184825 0 -0.000349741
internal_weight=476 371 269 243 223 87 102 136 105
internal_count=476 371 269 243 223 87 102 136 105
cat_boundaries=0 1
cat_threshold=1050722
is_linear=0
shrinkage=0.01


Tree=715
num_leaves=14
num_cat=0
split_feature=35 58 67 57 103 15 17 24 50 7 20 25 55
split_gain=0.92693 0.642317 0.515526 0.755941 0.466802 0.555946 0.889931 0.986668 0.35841 0.129504 0.111033 0.0662955 0.0402441
threshold=5.6000000070000011 0.25000000350000007 1.9949998855000002 3.4500000475000006 21.593363450000002 0.72889664300000012 0.66464150000000011 1.7285714060000001 6.6999998760000006 0.43138833350000011 115.96000000000002 1.7785714440000002 1.3500000015000004
decision_type=2 2 2 2 8 2 2 2 2 2 2 2 2
left_child=1 -1 9 11 -3 6 8 -8 -6 -2 -7 -4 -11
right_child=2 4 3 -5 5 10 7 -9 -10 12 -12 -13 -14
leaf_value=0.00086727530230435183 0.0004854590660184561 8.9426254728799544e-05 -0.0046761539670702006 0.00049449372508585142 -0.00056583612215048234 -0.00028247161697746875 6.8157056203271087e-05 0.00021856940566039642 0.00025779355361634518 -0.0009014233562603971 3.407439086861462e-06 0.00098592510748970346 -4.1869808592100037e-05
leaf_weight=22 20 22 22 20 50 50 22 25 21 130 20 20 20
leaf_count=22 20 22 22 20 50 50 22 25 21 130 20 20 20
internal_value=0.000421687 0.000867697 -1.71822e-05 0.000748408 0.000678368 0.000497881 0.000917508 0.00197699 0.000174095 -0.000310305 -0.000183616 0 -0.000417772
internal_weight=464 232 232 62 210 188 118 47 71 170 70 42 150
internal_count=464 232 232 62 210 188 118 47 71 170 70 42 150
is_linear=0
shrinkage=0.01


Tree=716
num_leaves=11
num_cat=0
split_feature=16 15 12 3 4 28 102 62 16 28
split_gain=0.893502 1.07108 1.35591 0.800375 0.720789 0.385435 0.369073 0.153233 0.123825 0.0769504
threshold=0.66402850000000013 0.72758228550000015 0.70833064300000015 0.33285257100000004 0.32095100000000004 3.8214285545000002 22.010740550000005 0.51000022900000019 0.75160978600000006 3.9428571120000004
decision_type=2 2 2 2 2 2 10 2 2 2
left_child=5 2 3 4 -2 -1 -3 9 -8 -7
right_child=1 6 -4 -5 -6 7 8 -9 -10 -11
leaf_value=6.5312007672069158e-05 0.00013166765240338584 2.1657267395270103e-05 0.00031739211547637537 -0.00036860140951119457 0.0001051675274225539 8.7593588643786682e-05 -0.00024785113136020841 0.00058823961562757155 0.0002827944481791289 -0.0051776780699357913
leaf_weight=23 35 22 31 33 37 37 66 32 20 124
leaf_count=23 35 22 31 33 37 37 66 32 20 124
internal_value=0.000386285 0.000800653 0.00138889 0.000808128 0.0014011 -7.38009e-05 3.67646e-05 -0.000229618 -0.000241936 -0.000361558
internal_weight=460 244 136 105 72 216 108 193 86 161
internal_count=460 244 136 105 72 216 108 193 86 161
is_linear=0
shrinkage=0.01


Tree=717
num_leaves=12
num_cat=0
split_feature=16 5 68 2 15 18 1 24 18 4 1
split_gain=0.690018 0.584733 0.804316 1.39339 1.55584 0.61523 0.605637 0.825156 0.22236 0.087495 0.0379418
threshold=0.60464378550000009 0.42315952350000002 40.325000765000006 0.31836685700000006 0.72790397600000012 0.62237661900000008 0.23494250000000003 1.8285714390000003 0.67270657150000013 0.41010369050000006 0.28545300000000007
decision_type=2 2 2 2 2 2 2 2 2 2 2
left_child=10 6 3 4 -3 -5 7 8 -2 -4 -1
right_child=1 2 9 5 -6 -7 -8 -9 -10 -11 -12
leaf_value=-0.0046890892302437663 -0.00015518468278683461 0.0006935947110376571 -0.00020571837093769668 -0.00047887006213039827 1.2369418854632181e-05 0.0002192285717294691 -0.00042314877133165245 0.00094777473024218266 0.00013172164809516476 2.9223364669151465e-05 4.076893783718935e-05
leaf_weight=101 41 26 32 37 24 22 94 31 21 20 20
leaf_count=101 41 26 32 37 24 22 94 31 21 20 20
internal_value=0.000241592 0.000470183 0.000911619 0.001398 0.00261811 0.000309364 7.72097e-05 0.00065565 0 -7.57577e-05 -0.000398194
internal_weight=469 348 161 109 50 59 187 93 62 52 121
internal_count=469 348 161 109 50 59 187 93 62 52 121
is_linear=0
shrinkage=0.01


Tree=718
num_leaves=13
num_cat=0
split_feature=63 101 5 18 28 82 101 14 102 100 0 0
split_gain=0.644925 0.85882 1.1723 0.669888 0.298175 0.618583 0.348904 0.278824 0.111998 0.0925916 0.0615385 0.0166011
threshold=3.4150004385000003 126.65111800000001 0.43647588100000007 0.69212364300000007 3.9214285440000003 7.9285712925000009 66.85331105500002 0.70718854750000004 26.640063340000001 20.037142890000002 0.12807888550000004 0.23642664750000003
decision_type=2 2 2 2 2 2 2 2 10 2 2 2
left_child=1 2 3 10 5 11 -6 -3 -9 -8 -1 -2
right_child=4 7 -4 -5 6 -7 9 8 -10 -11 -12 -13
leaf_value=-0.00075013750337638604 2.7135423991126036e-05 0.00017646598204337975 0.00079239218278492776 0.00010801804309791756 0.00036378974034490793 0.00011055289449432576 0.00010225309076647093 -5.9811018043536129e-06 0.00063070712313692935 -0.0020743506825976333 2.7886339022435014e-05 -0.00035077361021376051
leaf_weight=20 20 34 21 21 29 32 32 51 20 140 20 22
leaf_count=20 20 34 21 21 29 32 32 51 20 140 20 22
internal_value=0.000317632 0.000769435 0.00153382 0.000768608 1.81279e-06 0.000548128 -0.000190783 0.000146503 -0.000188022 -0.00037037 0 -0.00021028
internal_weight=462 187 82 61 275 74 201 105 71 172 40 42
internal_count=462 187 82 61 275 74 201 105 71 172 40 42
is_linear=0
shrinkage=0.01


Tree=719
num_leaves=8
num_cat=0
split_feature=39 23 1 10 46 55 28
split_gain=0.631383 0.34146 0.596458 0.185298 0.212558 0.207825 0.155907
threshold=6.314285721000001 1.6285714295000002 0.27794585700000002 0.48809821400000003 15.999999800000003 2.8000000010000003 3.9428571970000008
decision_type=2 2 2 2 2 2 2
left_child=1 2 -1 -3 5 6 -5
right_child=-2 3 -4 4 -6 -7 -8
leaf_value=8.213086363935899e-05 0.00051471133523798792 0.0018832158543232902 -0.0016217975580854864 9.9038093056080842e-06 0.00094655630055369758 0.00012068175300890514 -8.7673230901205815e-06
leaf_weight=30 34 20 21 80 20 37 219
leaf_count=30 34 20 21 80 20 37 219
internal_value=0.000167821 5.72696e-05 0.000820463 -4.2463e-05 -0.000100897 -0.000166271 -0.000258506
internal_weight=461 427 51 376 356 336 299
internal_count=461 427 51 376 356 336 299
is_linear=0
shrinkage=0.01


Tree=720
num_leaves=12
num_cat=0
split_feature=28 62 18 1 50 3 68 28 103 32 56
split_gain=1.67997 0.801737 0.584279 0.542986 0.485721 0.215781 0.205971 0.17869 0.185193 0.132292 0.0437461
threshold=3.8285714390000005 0.085000038500000014 0.70545036450000009 0.25639421450000005 5.4000001440000007 0.35469935700000005 40.980000495000006 3.9428571120000004 23.642177115000006 3.2214285985000006 12.800000070000001
decision_type=2 2 2 2 2 2 2 2 8 2 2
left_child=1 -1 4 -4 7 6 -6 8 -2 10 -9
right_child=2 -3 3 -5 5 -7 -8 9 -10 -11 -12
leaf_value=0.00044669479720078572 -1.5747300731983434e-05 1.1723862175624832e-05 0.0010379936467373833 1.6382064762720215e-06 0.00015693745377743452 0.00023753448163835351 -0.00021796895351176639 -4.4086072748813793e-05 0.00055802620002024265 0.0053049571946322009 -4.417739690360265e-06
leaf_weight=22 21 30 20 20 29 25 25 215 29 22 20
leaf_count=22 21 30 20 20 29 25 25 215 29 22 20
internal_value=0.000248538 0.00193182 3.51451e-05 0.00117647 -8.01449e-05 0.000607769 0.00020073 -0.000264782 0.000255905 -0.000374321 -0.000447413
internal_weight=478 52 426 40 386 79 54 307 50 257 235
internal_count=478 52 426 40 386 79 54 307 50 257 235
is_linear=0
shrinkage=0.01


Tree=721
num_leaves=13
num_cat=0
split_feature=89 101 63 31 69 46 103 5 0 5 8 0
split_gain=0.493076 0.464326 0.547436 0.310034 0.267195 0.329433 0.139748 0.115306 0.0799496 0.0734472 0.0426247 0.0180012
threshold=13.742856980000001 89.867262285000024 5.3149995805000012 2.0571428540000003 25.340001110000003 8.4000000655000022 27.836040485000002 0.49895564300000006 0.22684882650000002 0.43923085750000007 0.4899646425000001 0.15960302100000004
decision_type=2 2 2 2 2 2 10 2 2 2 2 2
left_child=4 11 -3 -4 5 -1 7 10 -7 -5 -6 -2
right_child=1 2 3 9 6 8 -8 -9 -10 -11 -12 -13
leaf_value=0.00010118412839644441 -0.0034943004990948979 0.0010833321068548722 0.0002158686273890461 0.00023063275654471623 -0.0027934648762970834 1.0888573144511904e-05 0.00016266713618425118 1.0237502184268027e-05 -0.0020834886133694226 -0.0017514759023718508 -0.00010173308851853875 -0.0024747343617619899
leaf_weight=26 20 29 26 20 20 20 35 24 28 25 179 24
leaf_count=26 20 29 26 20 20 20 35 24 28 25 179 24
internal_value=0.000104866 0.000593923 0.000972222 0.000452646 -0.000102164 0.000414438 -0.000258887 -0.000355228 -4.09837e-05 -1.09171e-05 -0.000437938 -0.000223214
internal_weight=476 144 100 71 332 74 258 223 48 45 199 44
internal_count=476 144 100 71 332 74 258 223 48 45 199 44
is_linear=0
shrinkage=0.01


Tree=722
num_leaves=11
num_cat=0
split_feature=35 30 6 52 14 68 31 7 0 0
split_gain=0.569242 0.981489 0.620707 0.428419 0.259747 0.211324 0.121051 0.184208 0.0360075 0.0268617
threshold=5.6000000070000011 4.0071428165000009 0.39489892850000002 10.899999970000001 0.68207364300000017 41.575001240000013 2.2857142775000003 0.54870617850000014 0.30146440250000006 0.066451479500000007
decision_type=2 2 2 2 2 2 2 2 2 2
left_child=1 2 -1 -4 -5 6 -2 9 -6 -8
right_child=5 -3 3 4 8 -7 7 -9 -10 -11
leaf_value=0.00014924548699997775 -0.00043833191968766595 0.00029102180802228881 3.8084207277315574e-05 2.4080531541984964e-05 -6.2677125981365547e-06 0.00041459533251443154 -0.0056049130466607287 0.00072732096504602676 -0.0034306659081084312 -0.0018052523212680101
leaf_weight=31 100 21 37 21 84 34 20 34 20 42
leaf_count=31 100 21 37 21 84 34 20 34 20 42
internal_value=0.000238309 0.00060987 0.000368937 0.000104422 -0.000162957 -9.96535e-05 -0.00023374 0 -0.00038168 -0.000302548
internal_weight=444 214 193 162 125 230 196 96 104 62
internal_count=444 214 193 162 125 230 196 96 104 62
is_linear=0
shrinkage=0.01


Tree=723
num_leaves=11
num_cat=1
split_feature=39 5 104 32 15 17 16 9 17 4
split_gain=0.945446 0.782627 0.41567 0.526171 0.595499 0.781018 0.595609 0.465918 0.176422 0.216097
threshold=6.2785714015000007 0.42560378550000005 0 3.0499999780000002 0.69850314300000005 0.65440178550000005 0.61373490450000012 0.69085707500000015 0.68903750000000008 0.33966607100000007
decision_type=2 2 1 2 2 2 2 2 2 2
left_child=2 -2 8 4 5 6 -4 -6 -1 -10
right_child=1 -3 3 -5 7 -7 -8 -9 9 -11
leaf_value=-0.00067084870378891531 8.9761781839361844e-05 0.00028223215918389831 0.00058484058076809778 -0.0011534780646400608 -1.9206051285426974e-05 0.00080815541490423268 -0.0001194929741260082 3.0049507242718602e-05 6.9703253392356529e-05 -7.0790167226442031e-06
leaf_weight=152 26 23 27 57 56 23 28 21 30 30
leaf_count=152 26 23 27 57 56 23 28 21 30 30
internal_value=0.000172013 0.0014759 1.41242e-05 0.00032316 0.000645058 0.00125635 0.000546595 0 -0.000287253 0.000131579
internal_weight=473 49 424 212 155 78 55 77 212 60
internal_count=473 49 424 212 155 78 55 77 212 60
cat_boundaries=0 1
cat_threshold=134285915
is_linear=0
shrinkage=0.01


Tree=724
num_leaves=11
num_cat=1
split_feature=104 39 39 18 2 54 4 70 63 6
split_gain=0.715395 0.749236 0.556348 0.665635 1.04304 0.190322 0.229593 0.147718 0.12108 0.0369895
threshold=0 6.2785714015000007 5.8785714425000011 0.6834761075000001 0.29808214250000004 21.649999845000004 0.33777235700000008 34.375000000000007 3.1849999425000006 0.54869635750000012
decision_type=1 2 2 2 2 2 2 2 2 2
left_child=7 2 3 4 8 6 -4 -1 -2 -8
right_child=1 -3 5 -5 -6 -7 9 -9 -10 -11
leaf_value=-0.00055693574577511055 -0.00084489578089115666 0.00025547324378697063 0.00020477209967371596 0.00072875243594635935 0.00040835401912207961 4.0824107342278784e-05 -0.00023132372638127178 0.00042506494270387217 0.00018250834620766023 4.5252974521150794e-05
leaf_weight=129 46 25 38 23 30 20 92 20 34 20
leaf_count=129 46 25 38 23 30 20 92 20 34 20
internal_value=0.000229175 0.000484061 0.000350559 0.000833333 0.000478339 -1.75645e-05 -0.00015252 -0.000328536 -9.901e-05 -0.000390071
internal_weight=477 328 303 133 110 170 150 149 80 112
internal_count=477 328 303 133 110 170 150 149 80 112
cat_boundaries=0 1
cat_threshold=541130979
is_linear=0
shrinkage=0.01


Tree=725
num_leaves=10
num_cat=0
split_feature=48 7 79 10 68 29 82 31 35
split_gain=0.872157 0.543338 0.711227 0.387612 0.363517 0.224784 0.200001 0.399356 0.0397805
threshold=0.25000000750000007 0.6067232855000001 91.850001335000016 0.48367490500000004 35.795000075000004 3.5000000170000001 7.765714237000001 2.3714285920000004 6.3928571770000007
decision_type=2 2 2 2 2 2 2 2 2
left_child=1 3 -3 -1 -2 -5 8 -8 -7
right_child=4 2 -4 5 -6 6 7 -9 -10
leaf_value=0.0014644655922746311 0.00023914163473375046 8.658817709173805e-07 0.00040828169981086548 0.00010867468561478476 6.736714096050438e-06 -0.00039456474869829631 -6.0606987458253494e-07 5.6002170616640536e-05 -0.0042433933231153824
leaf_weight=22 28 36 24 21 28 169 98 20 21
leaf_count=22 28 36 24 21 28 169 98 20 21
internal_value=0.000244763 7.89217e-05 0.000953947 -6.67994e-05 0.00140845 -0.000159188 -0.000233161 7.57575e-05 -0.000435011
internal_weight=467 411 60 351 56 329 308 118 190
internal_count=467 411 60 351 56 329 308 118 190
is_linear=0
shrinkage=0.01


Tree=726
num_leaves=12
num_cat=0
split_feature=39 5 18 26 51 16 58 30 73 26 0
split_gain=0.885916 1.08974 0.501536 0.744118 0.825983 0.640803 0.405797 0.131666 0.120913 0.0399119 0.0363926
threshold=6.314285721000001 0.42347158550000003 0.55706690500000011 1.8642857075000003 15.450000330000002 0.71081719050000014 0.50000001100000013 3.4499999885000006 68.664999005000013 1.885714297 0.08161631250000001
decision_type=2 2 2 2 2 2 2 2 2 2 2
left_child=2 -2 8 6 5 -5 -4 -8 9 -1 -9
right_child=1 -3 3 4 -6 -7 7 10 -10 -11 -12
leaf_value=-0.00051322651536225741 -0.00026186732822663819 0.00039166260539073351 0.00024551837540174047 0.00129620959114497 5.0827143517080191e-05 4.1176767617803062e-05 4.4878133015494418e-06 -2.1620329166179184e-06 0.0002941698177839727 -0.0012327913407684896 -8.4260527135247477e-05
leaf_weight=20 20 20 21 32 39 20 35 20 21 125 87
leaf_count=20 20 20 21 32 39 20 35 20 21 125 87
internal_value=0.000256076 0.00166667 0.000114068 0.000396389 0.00111656 0.00193182 0 -0.000203081 -0.000305756 -0.000414952 -0.000384972
internal_weight=460 40 420 254 91 52 163 142 166 145 107
internal_count=460 40 420 254 91 52 163 142 166 145 107
is_linear=0
shrinkage=0.01


Tree=727
num_leaves=8
num_cat=1
split_feature=104 56 50 9 88 77 20
split_gain=0.583449 0.783799 0.60037 0.372342 0.314996 0.246427 0.0368743
threshold=0 0.50000000750000007 7.0999999795000006 0.51577205850000007 15.939285890000003 38.644999500000004 113.62500000000001
decision_type=1 2 2 2 2 2 2
left_child=6 -2 3 -3 5 -5 -1
right_child=1 2 -4 4 -6 -7 -8
leaf_value=-0.00086021346434365237 0.00024726944828851459 0.0013502852846511938 0.00015584173158393302 0.00010394430620370435 0.00026516322016856102 -8.9190241429122674e-06 1.2652660484620271e-06
leaf_weight=91 25 27 39 31 23 196 20
leaf_count=91 25 27 39 31 23 196 20
internal_value=0.00024735 0.000447697 0.000315656 0.000142189 1.19616e-05 -9.43812e-05 -0.000357143
internal_weight=452 341 316 277 250 227 111
internal_count=452 341 316 277 250 227 111
cat_boundaries=0 1
cat_threshold=142675616
is_linear=0
shrinkage=0.01


Tree=728
num_leaves=8
num_cat=0
split_feature=89 19 57 101 103 91 4
split_gain=0.675016 0.580989 0.462534 0.268924 0.189105 0.166514 0.115956
threshold=14.099285565000002 0.51557842850000013 1.0500000080000003 74.734244905000011 27.836040485000002 8.5792857920000021 0.44320064300000001
decision_type=2 2 2 2 10 2 2
left_child=1 6 -3 -4 5 -5 -1
right_child=-2 2 3 4 -6 -7 -8
leaf_value=-0.0020007380738951159 0.00026433501075369788 0.00021118530138700809 0.00075238592898684757 2.2261061827764136e-05 0.00076222112527987772 -0.00039483035001068757 -4.97059956757534e-05
leaf_weight=180 27 28 22 86 30 72 27
leaf_count=180 27 28 22 86 30 72 27
internal_value=8.88324e-05 -1.1217e-06 0.000330821 0.000156546 2.11863e-05 -0.000107053 -0.000392204
internal_weight=472 445 238 210 188 158 207
internal_count=472 445 238 210 188 158 207
is_linear=0
shrinkage=0.01


Tree=729
num_leaves=10
num_cat=0
split_feature=102 46 11 4 1 20 40 68 1
split_gain=0.88645 0.816738 0.454961 0.516896 1.14941 0.435185 0.24985 0.229526 0.0390952
threshold=22.196465360000001 12.700000025000003 0.71117357150000016 0.31831735700000002 0.24846817850000003 39.240000000000002 5.4999999830000013 36.255000110000005 0.18215792850000004
decision_type=10 2 2 2 2 2 2 2 2
left_child=7 2 3 6 -5 -6 -2 -1 -9
right_child=1 -3 -4 4 5 -7 -8 8 -10
leaf_value=0.00042089684993617453 0.00027588748616514048 0.00045031420065477925 -0.00060615890380780679 0.0007273475759221684 0.0002237138388008656 -3.2070759757486106e-06 -0.0023006231296134379 -0.0006865904130907175 -0.00050198153681496496
leaf_weight=25 20 32 41 39 30 66 46 20 114
leaf_count=25 20 32 41 39 30 66 46 20 114
internal_value=0.000349239 0.000695051 0.000481878 0.000681368 0.00103461 0.000413223 -1.49702e-05 -0.000234668 -0.000408012
internal_weight=433 274 242 201 135 96 66 159 134
internal_count=433 274 242 201 135 96 66 159 134
is_linear=0
shrinkage=0.01


Tree=730
num_leaves=11
num_cat=0
split_feature=38 43 16 31 17 69 17 15 15 12
split_gain=0.936861 0.497878 0.742747 0.690945 0.76267 0.416317 0.36378 0.118064 0.184043 0.0369895
threshold=5.414285694000001 9.2000001220000023 0.60949717850000018 2.3285714305000007 0.66172071450000003 30.739999770000004 0.68161828600000007 0.61188938100000012 0.63098250000000011 0.62746538100000004
decision_type=2 2 2 2 2 2 2 2 2 2
left_child=1 2 7 5 -5 6 -4 -1 -9 -3
right_child=-2 9 3 4 -6 -7 -8 8 -10 -11
leaf_value=-0.0044272832534399615 0.00015671253296407054 -0.00010582797428640749 -0.00050262179318231461 0.0013253510404270419 5.0896679753486846e-06 0.00031909780127062376 0.00034408751776888688 0.00065011873890745452 -0.0028538128321106268 -5.2724198355104753e-05
leaf_weight=80 31 20 83 20 20 35 61 20 23 92
leaf_count=80 31 20 83 20 20 35 61 20 23 92
internal_value=0.000299506 0.0001781 0.000370478 0.00072111 0.00191176 0.000436596 0.000179558 -0.000238288 0.000148402 -0.000390071
internal_weight=485 454 342 219 40 179 144 123 43 112
internal_count=485 454 342 219 40 179 144 123 43 112
is_linear=0
shrinkage=0.01


Tree=731
num_leaves=11
num_cat=0
split_feature=37 5 0 102 46 5 6 4 3 4
split_gain=0.555595 0.441282 1.08974 0.354396 0.502603 0.429662 0.130366 0.112409 0.259883 0.0404331
threshold=4.7571428675000007 0.42560378550000005 0.31458908350000009 23.925738300000003 12.700000025000003 0.46976100000000004 0.55223403550000005 0.31831735700000002 0.33044228550000004 0.25811200000000006
decision_type=2 2 2 10 2 2 2 2 2 2
left_child=3 -2 -3 6 5 7 9 -5 -9 -1
right_child=1 2 -4 4 -6 -7 -8 8 -10 -11
leaf_value=-0.00091451090052971536 3.4947147296294712e-05 0.00037711730721939343 -0.0017037326435892118 -0.003379774992424844 0.00059225004565086493 0.00023945198425293725 0.00014177717651956009 0.0001189853885115658 -1.6669031770074485e-05 -0.00052474923918681025
leaf_weight=20 33 20 20 57 28 27 20 54 45 133
leaf_count=20 33 20 20 57 28 27 20 54 45 133
internal_value=0.000173656 0.000968835 0.00166667 1.55924e-05 0.00029509 8.97714e-05 -0.000313579 -0.000102041 8.51702e-05 -0.000419376
internal_weight=457 73 40 384 211 183 173 156 99 153
internal_count=457 73 40 384 211 183 173 156 99 153
is_linear=0
shrinkage=0.01


Tree=732
num_leaves=12
num_cat=0
split_feature=28 7 0 37 37 20 43 67 10 54 57
split_gain=1.26151 1.1143 0.507251 0.478655 0.575825 0.22833 0.554846 0.209215 0.256498 0.126226 0.120613
threshold=3.8928570745000006 0.51894237500000007 0.26304451400000006 4.7571428675000007 5.0857143060000007 16.245000000000001 8.7000001410000021 2.1949996945000003 0.65013878550000015 15.200000110000001 6.8999999535000009
decision_type=2 2 2 2 2 2 2 2 2 2 2
left_child=1 -1 -3 5 -5 6 -2 9 -9 10 -7
right_child=3 2 -4 4 -6 7 -8 8 -10 -11 -12
leaf_value=-0.00071259729850624396 -0.00042966527823483348 0.00045572780690078356 0.00014408750076777877 0.00027387480193611784 -0.00015367710824616901 -5.7145000941637856e-05 0.0056472784054116777 0.00010139260220953027 -4.4316475199768208e-05 2.6405705883795553e-05 1.8984983392895652e-05
leaf_weight=25 37 20 21 27 26 182 20 22 34 20 26
leaf_count=25 37 20 21 27 26 182 20 22 34 20 26
internal_value=0.000299479 0.00157186 0.00257177 7.85207e-05 0.000957249 -5.41253e-05 0.000510381 -0.000175562 0.000352113 -0.000314685 -0.00039272
internal_weight=460 66 41 394 53 341 57 284 56 228 208
internal_count=460 66 41 394 53 341 57 284 56 228 208
is_linear=0
shrinkage=0.01


Tree=733
num_leaves=10
num_cat=0
split_feature=18 4 102 10 6 8 88 102 28
split_gain=0.450885 0.509004 0.427373 0.351428 0.306163 0.154452 0.127807 0.177678 0.0422381
threshold=0.6834761075000001 0.37592571400000002 31.599505230000002 0.61875621450000018 0.55145610700000003 0.48546688100000007 15.762857095000003 23.530456615000002 3.7785714355000004
decision_type=2 2 10 2 2 2 2 10 2
left_child=2 3 4 -2 5 -1 8 -8 -7
right_child=1 -3 -4 -5 -6 6 7 -9 -10
leaf_value=0.00041728520154269078 0.00033850249793984546 -2.2486851115926907e-05 0.00016369058541870068 0.00068951364448601924 0.00014437931087480307 -0.00022469633303497796 -0.0013110350471529672 0.0001032332880615865 -0.00034434581941180964
leaf_weight=29 35 22 38 24 39 20 45 53 169
leaf_count=29 35 22 38 24 39 20 45 53 169
internal_value=0.000149537 0.000825183 3.80892e-06 0.00131271 -9.97753e-05 -0.000208333 -0.000283183 0 -0.000434668
internal_weight=474 81 393 59 355 316 287 98 189
internal_count=474 81 393 59 355 316 287 98 189
is_linear=0
shrinkage=0.01


Tree=734
num_leaves=9
num_cat=0
split_feature=39 16 66 12 103 18 25 4
split_gain=1.07983 0.348483 0.736591 0.361008 0.306774 0.188595 0.58097 0.137773
threshold=6.314285721000001 0.55146235700000013 7.4350004195000006 0.62224621450000006 23.925738300000003 0.68323078550000005 1.7000000180000001 0.38234050000000003
decision_type=2 2 2 2 10 2 2 2
left_child=1 -1 3 4 -3 7 -7 -5
right_child=-2 2 -4 5 -6 6 -8 -9
leaf_value=-0.0063635485581030968 0.00044488994197258068 3.2913580796504722e-06 0.00061943290930943726 -2.3048696648794248e-05 0.0011420422544701724 0.001013509094668058 -1.2879271705350384e-05 0.00010635108709743037
leaf_weight=81 36 38 23 146 20 20 40 71
leaf_count=81 36 38 23 146 20 20 40 71
internal_value=0.000253258 0.000110277 0.000248049 0.000120607 0.000833333 -2.33982e-05 0.000460526 -0.000167585
internal_weight=475 439 358 335 58 277 60 217
internal_count=475 439 358 335 58 277 60 217
is_linear=0
shrinkage=0.01


Tree=735
num_leaves=9
num_cat=0
split_feature=57 5 5 102 72 2 50 0
split_gain=0.674374 1.19029 0.403546 0.496537 0.960101 0.834243 0.304307 0.0384131
threshold=0.89999999100000017 0.45713289300000004 0.37450614250000008 21.841133310000004 21.215000155000002 0.2567187855000001 6.3000001610000007 0.063424395500000008
decision_type=2 2 2 8 2 2 2 2
left_child=1 -1 7 -4 5 -5 -7 -2
right_child=2 -3 3 4 -6 6 -8 -9
leaf_value=0.00026458483432734479 -0.0027170267032804426 -0.0013888831202364779 -0.0012632027707626117 0.0013477476083205687 0.0009598941942224222 -1.4772736840988344e-06 0.00021160689445339496 -0.0024054556039078624
leaf_weight=27 20 21 66 23 34 118 40 106
leaf_count=27 20 21 66 23 34 118 40 106
internal_value=0.000198552 0.00131148 6.00784e-05 0.000275018 0.000512048 0.000206271 -4.40807e-05 -0.000402208
internal_weight=455 48 407 281 215 181 158 126
internal_count=455 48 407 281 215 181 158 126
is_linear=0
shrinkage=0.01


Tree=736
num_leaves=12
num_cat=0
split_feature=28 54 7 18 52 45 2 3 7 46 0
split_gain=0.832585 0.779962 0.477234 0.886814 0.24349 0.31405 0.28888 0.240115 0.0857157 0.0728489 0.0686894
threshold=3.8214285545000002 0.90000000950000014 0.46789785700000003 0.66790017350000008 11.149999985000003 17.150000155000004 0.25827600000000006 0.35424183300000006 0.41203264750000007 3.6999999880000005 0.094894187500000018
decision_type=2 2 2 2 2 2 2 2 2 2 2
left_child=1 -1 3 8 6 9 -4 -8 -2 10 -6
right_child=2 -3 4 -5 5 -7 7 -9 -10 -11 -12
leaf_value=-0.00059717722905971754 0.00091044745645861179 0.0003269648708714353 0.0013226475643781832 0.00063471561526604969 -0.0045392541988655086 0.00026008105727197276 -5.7533200593314864e-07 2.6183087962729189e-05 -0.0009178541704274333 -6.0105484953853294e-05 0.00027999868332740264
leaf_weight=23 20 30 20 30 23 35 42 20 31 208 20
leaf_count=23 20 30 20 30 23 35 42 20 31 208 20
internal_value=0.000153142 0.001329 7.78112e-06 0.000702934 -0.000140998 -0.000282427 0.000326087 0 -6.75677e-05 -0.000411041 0
internal_weight=502 53 449 81 368 286 82 62 51 251 43
internal_count=502 53 449 81 368 286 82 62 51 251 43
is_linear=0
shrinkage=0.01


Tree=737
num_leaves=12
num_cat=1
split_feature=104 81 22 35 103 28 67 18 47 4 4
split_gain=0.827435 1.44272 0.946418 0.497434 0.505805 0.493686 0.419995 0.162896 0.0768023 0.0510457 0.0799496
threshold=0 1.0000000180025095e-35 2.3571428315000005 5.5285714350000008 26.465459855000002 3.9999999830000004 2.1550002095000003 0.68323078550000005 1.6000000390000002 0.33170807150000003 0.31360519050000008
decision_type=1 2 2 2 8 2 2 2 2 2 2
left_child=7 3 -3 4 -2 -4 -5 8 -1 10 -10
right_child=1 2 5 6 -6 -7 -8 -9 9 -11 -12
leaf_value=-0.0010184720003702948 0.0007427225148176524 0.00026318531968924446 -1.9631250590989693e-05 -0.00058331046961615117 2.3288871319304544e-05 0.00025962837900119943 0.00056240761288466566 0.00076047914316849658 -0.0012016083469253158 -6.235318975162166e-05 4.5457343040002514e-05
leaf_weight=27 21 20 22 94 30 27 26 27 28 117 20
leaf_count=27 21 20 22 94 30 27 26 27 28 117 20
internal_value=0.000279469 0.000669856 0.00191261 0.000189173 0.00101351 0.0010743 -0.000149007 -0.000163185 -0.000280083 -0.000364898 -4.09837e-05
internal_weight=459 240 69 171 51 49 120 219 192 165 48
internal_count=459 240 69 171 51 49 120 219 192 165 48
cat_boundaries=0 1
cat_threshold=671155283
is_linear=0
shrinkage=0.01


Tree=738
num_leaves=10
num_cat=0
split_feature=38 7 6 2 50 43 43 44 48
split_gain=0.664803 0.438549 0.319315 0.803854 0.413608 0.558028 0.25653 0.120722 0.139791
threshold=5.414285694000001 0.40947400000000006 0.51452969050000008 0.30596821450000006 6.149999976000001 7.8500000015000007 4.2500000110000009 8.0500001680000022 0.25000000750000007
decision_type=2 2 2 2 2 2 2 2 2
left_child=1 -1 4 -4 7 -6 -5 8 -3
right_child=-2 2 3 6 5 -7 -8 -9 -10
leaf_value=0.00094319203868193703 0.00011244082389351739 -0.00039057732286490232 0.00065888254160622109 0.00043241091733652406 -0.0024788238518973619 0.00018008346884270665 -2.0868413185661013e-05 9.0177063084359284e-05 0.00025072830499934693
leaf_weight=24 24 194 33 20 20 25 49 38 20
leaf_count=24 24 194 33 20 20 25 49 38 20
internal_value=0.000255694 0.000156914 7.12855e-05 0.000554475 -8.8986e-05 0.000775109 -3.58167e-05 -0.000253165 -0.000349162
internal_weight=447 423 399 102 297 45 69 252 214
internal_count=447 423 399 102 297 45 69 252 214
is_linear=0
shrinkage=0.01


Tree=739
num_leaves=11
num_cat=1
split_feature=79 76 18 104 3 102 101 18 75 1
split_gain=0.54287 0.43545 0.348717 0.340743 0.610725 1.32982 0.133667 0.157707 0.104623 0.0432315
threshold=95.604997635000018 53.365000250000001 0.71815169050000016 0 0.34914285700000008 21.593363450000002 132.06611080000002 0.68323078550000005 89.210000035000022 0.14985392850000004
decision_type=2 2 2 1 2 10 2 2 2 2
left_child=2 -2 3 4 8 -6 7 9 -1 -5
right_child=1 -3 -4 6 5 -7 -8 -9 -10 -11
leaf_value=-0.00035035365656930112 0.00013987355359744867 -0.00043127914823081273 4.700290847903089e-05 -0.0051575814898378522 -0.00030907085034560089 0.00060135183159118293 3.8251384382288304e-05 0.00019478121841326454 0.000319278376182834 -1.1544106099413106e-05
leaf_weight=44 34 22 31 20 20 21 35 39 20 197
leaf_count=44 34 22 31 20 20 21 35 39 20 197
internal_value=0.000137453 0.00105634 1.05188e-05 -6.55243e-05 0.000392919 0.0013756 -0.000243539 -0.000334891 -0.000154321 -0.000443067
internal_weight=483 56 427 396 105 41 291 256 64 217
internal_count=483 56 427 396 105 41 291 256 64 217
cat_boundaries=0 1
cat_threshold=136876801
is_linear=0
shrinkage=0.01


Tree=740
num_leaves=11
num_cat=0
split_feature=31 18 3 3 58 103 8 56 20 0
split_gain=0.643228 0.534251 0.76134 0.295257 0.440129 0.288029 0.293854 0.344926 0.217555 0.0778705
threshold=1.9785714320000001 0.68323078550000005 0.30226861900000007 0.36331021450000006 4.9500000065000007 27.836040485000002 0.51111414300000013 3.6499999910000005 52.57500000000001 0.31458908350000009
decision_type=2 2 2 2 2 10 2 2 2 2
left_child=-1 3 -3 5 9 6 7 -2 -4 -5
right_child=1 2 8 4 -6 -7 -8 -9 -10 -11
leaf_value=0.00017614029397723381 0.00094726598817412855 0.0012134322740989306 0.0002015329116606207 1.0014698703717672e-05 0.00038287331169462892 5.666822148420292e-05 -2.2223509569303014e-05 -0.0014993013246330797 -0.00026690130532073668 -0.0021474200791570036
leaf_weight=26 20 30 20 20 22 20 218 22 33 27
leaf_count=26 20 30 20 20 22 20 218 22 33 27
internal_value=0.000172188 7.3937e-05 0.000793556 -9.29104e-05 0.000479943 -0.000242165 -0.000337423 0.000397196 2.78809e-05 -3.13809e-05
internal_weight=458 432 83 349 69 280 260 42 53 47
internal_count=458 432 83 349 69 280 260 42 53 47
is_linear=0
shrinkage=0.01


Tree=741
num_leaves=10
num_cat=0
split_feature=52 29 37 101 23 8 13 46 70
split_gain=0.662464 0.415281 0.409535 0.247336 0.191781 0.128655 0.228896 0.0923721 0.0723707
threshold=9.2499998435000013 4.0785714385000009 4.6785714455000003 132.06611080000002 1.6285714295000002 0.55086585700000013 0.60916317500000006 11.849999960000003 33.480000495000006
decision_type=2 2 2 2 2 2 2 2 2
left_child=-1 3 7 4 -2 6 -6 -3 -7
right_child=1 2 -4 -5 5 8 -8 -9 -10
leaf_value=1.9703695326693281e-05 5.904918653661736e-05 5.3557706786415333e-05 0.00050796903994382628 0.00021767671997744223 -0.0045601146315462386 -2.4860047928626138e-05 0.00033922474314963141 -0.0028236851153818675 -2.8257139659188186e-05
leaf_weight=20 26 30 34 32 37 202 31 23 43
leaf_count=20 26 30 34 32 37 202 31 23 43
internal_value=8.14535e-05 0 0.000620729 -0.000143895 -0.000228075 -0.000301147 5.81394e-05 2.78809e-05 -0.000408869
internal_weight=478 458 87 371 339 313 68 53 245
internal_count=478 458 87 371 339 313 68 53 245
is_linear=0
shrinkage=0.01


Tree=742
num_leaves=9
num_cat=1
split_feature=104 31 103 87 62 10 103 2
split_gain=0.997539 0.925107 0.495864 0.318516 0.314548 0.295867 0.081859 0.0340528
threshold=0 2.0428571615000002 27.785577100000001 6.4207142845000007 0.51000022900000019 0.6591916430000001 26.400856380000004 0.23022623850000004
decision_type=1 2 10 2 2 2 10 2
left_child=6 -2 3 4 7 -6 -1 -3
right_child=1 2 -4 -5 5 -7 -8 -9
leaf_value=-0.0003531075884930141 0.00020310847640499029 -0.0012033332741994119 0.00015921750021223827 0.00061384218304180737 1.1823672430775117e-06 0.00088529401483523039 -8.2769778118868102e-06 -0.00016045438437680443
leaf_weight=175 22 20 20 20 53 25 38 71
leaf_count=175 22 20 20 20 53 25 38 71
internal_value=0.000103417 0.000547973 0.000350334 0.000176501 2.06124e-05 0.000494924 -0.000377569 -0.000364924
internal_weight=444 231 209 189 169 78 213 91
internal_count=444 231 209 189 169 78 213 91
cat_boundaries=0 1
cat_threshold=574687315
is_linear=0
shrinkage=0.01


Tree=743
num_leaves=9
num_cat=1
split_feature=52 104 28 22 15 28 9 67
split_gain=0.634885 0.461696 0.751118 0.323831 0.502081 0.280309 0.282983 0.176933
threshold=9.8000003285000012 0 3.9428571970000008 2.2999999945000007 0.65482935700000011 4.1499999930000007 0.62075985000000011 0.76999998100000011
decision_type=2 1 2 2 2 2 2 2
left_child=-1 5 -3 -4 -5 -2 -7 -6
right_child=1 2 3 4 7 6 -8 -9
leaf_value=4.7807320237743446e-05 -0.0006521308816691408 0.00070178993757912054 -0.00045598418304004736 0.00092269571710960148 -6.0797501865370084e-05 0.00027761331178304839 -2.4934060341315415e-05 2.5674455009406318e-06
leaf_weight=35 175 35 64 20 36 22 20 49
leaf_count=35 175 35 64 20 36 22 20 49
internal_value=0.000131348 1.77808e-05 0.000353817 7.95052e-05 0.000430057 -0.000291923 0.000397196 6.41024e-05
internal_weight=456 421 204 169 105 217 42 85
internal_count=456 421 204 169 105 217 42 85
cat_boundaries=0 1
cat_threshold=67223
is_linear=0
shrinkage=0.01


Tree=744
num_leaves=12
num_cat=0
split_feature=56 69 17 46 45 98 15 101 17 26 1
split_gain=0.639198 0.635521 0.276274 0.252155 0.259963 0.238938 0.470283 0.200121 0.0778705 0.0414788 0.0204918
threshold=1.1000000200000002 30.839999195000004 0.68161828600000007 15.949999745000001 17.150000155000004 17.207857265000005 0.7266769525000002 60.892142180000008 0.59900571400000013 1.6357142585000004 0.24277557150000004
decision_type=2 2 2 2 2 2 2 2 2 2 2
left_child=1 2 8 4 5 6 -2 -7 -1 -9 -8
right_child=3 -3 -4 -5 -6 7 10 9 -10 -11 -12
leaf_value=0.00015559078106669772 0.00051051775994290954 0.00025156459561933203 0.00032037286123368775 6.3369447101964036e-05 0.000251804689817706 0.00042174034364443516 -0.00041357007346170578 -0.00092954908069793661 -0.00035747252887476539 -0.00045406323209863929 -3.5123431958625632e-06
leaf_weight=20 32 33 36 24 37 30 28 20 27 152 20
leaf_count=20 32 33 36 24 37 30 28 20 27 152 20
internal_value=0.000301218 0.000941781 0.000435561 7.70796e-05 0 -0.000102546 0.000346535 -0.000290927 -3.13809e-05 -0.000428241 -0.000245902
internal_weight=459 116 83 343 319 282 80 202 47 172 48
internal_count=459 116 83 343 319 282 80 202 47 172 48
is_linear=0
shrinkage=0.01


Tree=745
num_leaves=11
num_cat=0
split_feature=46 102 40 11 15 82 1 50 23 0
split_gain=0.68747 0.886173 1.38613 0.267448 0.575703 0.358814 0.392516 0.244901 0.0423975 0.031695
threshold=12.250000030000001 22.000243375000004 5.8071428365000015 0.5817602380000001 0.60295828550000008 7.4750000410000004 0.26443214300000006 4.0999999530000011 1.9714285735000001 0.069209541500000013
decision_type=2 8 2 2 2 2 2 2 2 2
left_child=3 -2 -3 4 -1 6 7 9 -7 -5
right_child=1 2 -4 5 -6 8 -8 -9 -10 -11
leaf_value=-0.0050680477525585398 -0.00044698352310008156 0.00090544497246900695 -1.504827106754875e-06 -2.2885700461563378e-05 0.00066929723230742591 -4.359505667124294e-05 0.00035987781031713754 0.00010631517517725904 1.0281366416143995e-05 -0.00047817658990985628
leaf_weight=30 25 24 21 20 35 173 35 20 20 59
leaf_count=30 25 24 21 20 35 173 35 20 20 59
internal_value=0.000123163 0.00103107 0.00186681 -3.56417e-05 0.000539514 -0.000157108 0.00022997 -7.51504e-05 -0.000436017 -0.000344612
internal_weight=462 70 45 392 65 327 134 99 193 79
internal_count=462 70 45 392 65 327 134 99 193 79
is_linear=0
shrinkage=0.01


Tree=746
num_leaves=11
num_cat=0
split_feature=53 18 16 43 51 10 4 47 20 0
split_gain=0.531772 0.30638 0.43669 0.495284 0.511203 0.393848 0.328012 0.370308 0.118855 0.0996547
threshold=60.299998505000012 0.60615602400000002 0.7206993570000001 9.2000001220000023 15.299999905000002 0.62325485700000016 0.38621613100000002 2.9999999405000004 42.830000000000005 0.16844663200000001
decision_type=2 2 2 2 2 2 2 2 2 2
left_child=1 6 3 4 5 -3 -1 -8 -4 -9
right_child=-2 2 8 -5 -6 -7 7 9 -10 -11
leaf_value=-0.0012107938655011477 0.00026458066372113561 0.00035463837569949907 0.00035333238675458125 -9.5946727676518975e-06 -8.3055710275573732e-05 0.00030767583351584064 0.00052585668111270866 7.3402133523474842e-05 -3.2810940181637919e-05 -0.00030497692953394281
leaf_weight=147 22 35 20 38 24 24 27 20 59 40
leaf_count=147 22 35 20 38 24 24 27 20 59 40
internal_value=0.000131348 4.82979e-05 0.000338645 0.000718391 0.00115155 0.00164716 -0.000191653 0.000279043 -0.000219298 -0.000131579
internal_weight=456 434 200 121 83 59 234 87 79 60
internal_count=456 434 200 121 83 59 234 87 79 60
is_linear=0
shrinkage=0.01


Tree=747
num_leaves=11
num_cat=0
split_feature=46 35 16 30 29 14 16 35 35 0
split_gain=0.713481 0.511369 0.352212 0.533156 0.314125 0.293392 0.799702 0.483166 0.165422 0.0288315
threshold=12.250000030000001 5.571428537000001 0.5855260000000001 4.1928571805000008 3.9571428810000007 0.71195683350000005 0.6776522140000002 5.3214285715000011 5.5071428505000011 0.15960302100000004
decision_type=2 2 2 2 2 2 2 2 2 2
left_child=2 -2 -1 5 -3 6 9 -8 -7 -4
right_child=1 4 3 -5 -6 8 7 -9 -10 -11
leaf_value=-0.0044631345601856736 0.00021201333361708032 0.00058872831793935134 6.6891452655773455e-06 0.00042389724519848024 -0.00029342865418938705 -3.4282086215436233e-05 8.3880854915006046e-05 0.00088350506685225933 0.00044657353531054071 -0.00052430227855112242
leaf_weight=92 23 28 20 36 20 98 39 23 35 48
leaf_count=92 23 28 20 36 20 98 39 23 35 48
internal_value=0.000231201 0.00114902 5.74271e-05 0.000228486 0.000491803 6.25473e-05 0.000405199 0.00122611 -0.000257848 -0.000319768
internal_weight=462 71 391 299 48 263 130 62 133 68
internal_count=462 71 391 299 48 263 130 62 133 68
is_linear=0
shrinkage=0.01


Tree=748
num_leaves=11
num_cat=0
split_feature=39 38 90 102 16 16 19 90 4 0
split_gain=0.4941 0.615375 0.221304 0.444256 0.220296 0.637691 0.132862 0.159473 0.0432315 0.0216024
threshold=6.2785714015000007 5.3071428875000004 13.063571455000002 31.599505230000002 0.71469892850000016 0.69752910700000015 0.58183816650000009 13.804285595000001 0.45640364300000008 0.17002076400000002
decision_type=2 2 2 8 2 2 2 2 2 2
left_child=2 -2 4 6 5 -1 8 9 -4 -8
right_child=1 -3 3 -5 -6 -7 7 -9 -10 -11
leaf_value=-6.0007928399123261e-05 0.00012246889344059758 0.0002011866430894603 -1.4145449296132545e-05 0.00030951652800035592 -5.3173211039437979e-06 0.00067561356153142567 0.00021500772007535085 0.0002508307626140418 2.5481746557068365e-05 -0.0009892680080638165
leaf_weight=30 33 20 197 35 37 22 20 22 20 30
leaf_count=30 33 20 197 35 37 22 20 22 20 30
internal_value=5.3556e-05 0.000957249 -5.92075e-05 -0.000184729 0.000373051 0.000795454 -0.000319186 2.74724e-05 -0.000443067 -0.000255906
internal_weight=466 53 413 324 89 52 289 72 217 50
internal_count=466 53 413 324 89 52 289 72 217 50
is_linear=0
shrinkage=0.01


Tree=749
num_leaves=9
num_cat=1
split_feature=39 7 35 87 104 102 88 0
split_gain=0.590312 0.32105 0.701392 0.457438 0.168684 0.414779 0.129153 0.0199046
threshold=6.3714285240000006 0.46037507150000007 5.4285713775000008 6.6842856920000004 0 27.772760855000005 15.842142850000002 0.083115948000000009
decision_type=2 2 2 2 1 8 2 2
left_child=1 2 -1 4 5 6 -3 -4
right_child=-2 3 7 -5 -6 -7 -8 -9
leaf_value=0.0002011615408441734 0.0002108455118164531 -2.3890971528782905e-05 -0.0025025627152179216 0.00059901066689415576 -1.4029763986465778e-05 0.00089419860750093293 5.6025056117617043e-05 -0.002065531734797938
leaf_weight=31 31 75 20 23 211 21 20 27
leaf_count=31 31 75 20 23 211 21 20 27
internal_value=1.84862e-05 -7.4627e-05 0.000494924 -0.000208096 -0.00030964 0 -0.00026618 -0.000240586
internal_weight=459 428 78 350 327 116 95 47
internal_count=459 428 78 350 327 116 95 47
cat_boundaries=0 1
cat_threshold=2098193
is_linear=0
shrinkage=0.01


Tree=750
num_leaves=11
num_cat=0
split_feature=58 18 5 101 16 4 29 99 28 2
split_gain=0.675975 0.360051 0.555947 0.413431 0.814412 0.340309 0.212652 0.143375 0.0431691 0.0231242
threshold=0.25000000350000007 0.7069623570000001 0.43517100000000003 111.19977970000001 0.67248635700000015 0.33419702350000008 4.0285714180000012 21.105714525000003 3.8714285410000007 0.34578178550000011
decision_type=2 2 2 2 2 2 2 2 2 2
left_child=-1 2 7 4 6 -3 -4 -2 -9 -5
right_child=1 5 3 9 -6 -7 -8 8 -10 -11
leaf_value=0.00073356466743991976 8.5734436714593066e-05 0.00012426362694621453 0.00073106868299577547 -5.3313623109724152e-06 0.00023576880051624733 6.1044580722428851e-05 -8.4791398114022606e-05 -7.5281757621431546e-06 -0.00051511285354595014 4.8490249454627432e-06
leaf_weight=26 20 20 27 33 28 20 43 20 195 20
leaf_count=26 20 20 27 33 28 20 43 20 195 20
internal_value=0.000136926 3.51451e-05 -5.42917e-05 0.000411726 0.000799595 0.000931372 0.000183616 -0.000362596 -0.00044254 -0.000269517
internal_weight=452 426 386 151 98 40 70 235 215 53
internal_count=452 426 386 151 98 40 70 235 215 53
is_linear=0
shrinkage=0.01


Tree=751
num_leaves=12
num_cat=0
split_feature=25 26 14 68 14 75 94 102 45 16 0
split_gain=0.370314 0.423984 0.617936 0.624355 0.480807 0.331021 0.249118 0.123779 0.200659 0.111998 0.0350185
threshold=1.700000001 1.9214285780000002 0.68207364300000017 34.71999979000001 0.64810369050000005 80.49999904500001 19.402857235000003 25.793231570000003 14.699999870000001 0.74300621450000015 0.06773047900000001
decision_type=2 2 2 2 2 2 2 10 2 2 2
left_child=7 2 3 -2 -5 9 10 -1 -9 -4 -3
right_child=1 6 5 4 -6 -7 -8 8 -10 -11 -12
leaf_value=-0.00021251593701314677 -0.00028462827790981055 -0.00097997100873001503 -0.00021541301321190091 0.00023040204166731047 0.00089262890616819443 0.00013720865293803477 0.00029626370876969209 3.8962590776204667e-05 -0.00013574479145219201 0.00013334089121956133 -0.00046265106203318042
leaf_weight=112 20 20 51 20 20 22 34 34 38 20 77
leaf_count=112 20 20 51 20 20 22 34 34 38 20 77
internal_value=7.25255e-05 0.000301966 0.000659948 0.00144737 0.00215686 0.000122601 -0.000102428 -0.000270563 2.74724e-05 -0.000188022 -0.000373211
internal_weight=468 284 153 60 40 93 131 184 72 71 97
internal_count=468 284 153 60 40 93 131 184 72 71 97
is_linear=0
shrinkage=0.01


Tree=752
num_leaves=12
num_cat=1
split_feature=104 28 16 83 39 102 46 34 101 25 8
split_gain=0.421402 0.579972 0.537658 0.495486 0.55922 0.348793 0.291887 0.32152 0.197532 0.218641 0.0186605
threshold=0 3.9428571460000006 0.63356514300000011 6.8785715360000008 6.0285714010000016 22.836835770000004 12.250000030000001 4.4714285475000013 70.137508020000013 1.9142856980000003 0.59541307150000011
decision_type=1 2 2 2 2 10 2 2 2 2 2
left_child=6 2 -2 4 5 10 7 8 -1 -10 -3
right_child=1 3 -4 -5 -6 -7 -8 -9 9 -11 -12
leaf_value=0.00019283248417244287 0.0006163018207120944 -0.00043294071340132248 4.9256306283786593e-07 -0.002638481827651259 0.00088257230735866541 8.6163451885024566e-05 0.00019235929043533729 0.00026553307394454247 -0.00037076766461373095 6.0203945828080432e-06 -0.00046128291919505577
leaf_weight=26 24 20 21 50 21 37 24 26 165 31 25
leaf_count=26 24 20 21 50 21 37 24 26 165 31 25
internal_value=0.000282498 0.000617816 0.00164847 0.00033485 0.000736994 0.000326087 7.07202e-06 -8.84246e-05 -0.000219928 -0.000335366 -0.000229258
internal_weight=470 198 45 153 103 82 272 248 222 196 45
internal_count=470 198 45 153 103 82 272 248 222 196 45
cat_boundaries=0 1
cat_threshold=704709787
is_linear=0
shrinkage=0.01


Tree=753
num_leaves=9
num_cat=1
split_feature=104 28 69 80 1 8 59 99
split_gain=0.664717 0.800471 0.934429 0.462415 0.217655 0.138764 0.123343 0.0960731
threshold=0 3.9428571970000008 30.669999600000001 70.260000230000017 0.27989535750000005 0.50947152400000006 5.8500000985000007 23.657856805000005
decision_type=1 2 2 2 2 2 2 2
left_child=6 2 -2 -3 5 -5 7 -1
right_child=1 3 -4 4 -6 -7 -8 -9
leaf_value=-0.00017935829396200005 1.7064291198155279e-06 0.00028457716475176621 0.00090181193131743699 7.5076516862966351e-05 4.9487674789115768e-05 -1.6702331588504742e-05 1.7427702446768807e-05 0.00028315837428562895
leaf_weight=164 34 34 25 20 35 97 20 32
leaf_count=164 34 34 25 20 35 97 20 32
internal_value=0.000102858 0.000451525 0.00147993 0.000133833 -9.16232e-05 -0.000309847 -0.000291005 -0.000386179
internal_weight=461 245 59 186 152 117 216 196
internal_count=461 245 59 186 152 117 216 196
cat_boundaries=0 1
cat_threshold=545326099
is_linear=0
shrinkage=0.01


Tree=754
num_leaves=11
num_cat=0
split_feature=17 17 13 73 26 29 68 15 37 3
split_gain=0.357798 0.701203 0.303575 0.1944 0.441043 0.0887388 0.196694 0.0393308 0.0381349 0.0158575
threshold=0.56319950000000019 0.58672026200000016 0.62013698350000002 64.180001255000022 1.871428579 3.9357143130000005 36.860000610000007 0.65482935700000011 3.2785713675000001 0.29567335700000003
decision_type=2 2 2 2 2 2 2 2 2 2
left_child=7 -2 -3 5 9 8 -7 -1 -4 -5
right_child=1 2 3 4 -6 6 -8 -9 -10 -11
leaf_value=-0.0044505879419332725 0.00054905734050885715 0.00042852911808790342 -0.00071250618411062064 -0.00071631450464306964 8.7560763911334589e-05 -1.2440419775019338e-05 8.0212695342012441e-05 -4.3458214135869148e-05 -1.4901972529812475e-05 -1.1719973624282875e-05
leaf_weight=117 32 33 20 20 24 54 20 20 103 21
leaf_count=117 32 33 20 20 24 54 20 20 103 21
internal_value=1.29087e-05 0.000196766 3.54968e-05 -7.22984e-05 0.000387538 -0.000235086 1.33689e-05 -0.000410015 -0.000399839 -0.000203349
internal_weight=464 327 295 262 65 197 74 137 123 41
internal_count=464 327 295 262 65 197 74 137 123 41
is_linear=0
shrinkage=0.01


Tree=755
num_leaves=12
num_cat=0
split_feature=102 85 24 54 18 30 9 82 5 10 57
split_gain=0.517571 0.534778 1.39989 0.995316 0.317311 0.106777 0.102803 0.132787 0.0722187 0.0409586 0.0348657
threshold=23.530456615000002 8.6528572015000016 1.9142857025000002 7.8000001090000008 0.68323078550000005 3.3285714215000004 0.7046162250000001 8.3828570840000012 0.43517100000000003 0.49696047150000006 6.3499999120000004
decision_type=8 2 2 2 2 2 2 2 2 2 2
left_child=6 4 3 -3 5 -2 7 9 -4 -1 -7
right_child=1 2 8 -5 -6 10 -8 -9 -10 -11 -12
leaf_value=-0.0020166574709413964 1.4991179739124345e-05 0.00022048393428336435 -0.0010276613311251382 0.00080881670330472432 0.0010697832118488218 -1.1490977036459494e-05 5.1376872498876266e-05 7.9410568388593801e-05 0.00011813508832177794 -8.5361882792024863e-05 -1.3566104421452701e-05
leaf_weight=20 20 35 35 23 35 76 20 20 24 142 20
leaf_count=20 20 35 35 23 35 76 20 20 24 142 20
internal_value=0.000133815 0.000424107 0.000929541 0.00202381 1.64689e-05 -0.000222603 -0.000241617 -0.000322757 -0.000125418 -0.000423833 -0.000371901
internal_weight=470 268 117 58 151 116 202 182 59 162 96
internal_count=470 268 117 58 151 116 202 182 59 162 96
is_linear=0
shrinkage=0.01


Tree=756
num_leaves=9
num_cat=1
split_feature=104 2 18 28 49 6 46 8
split_gain=0.5795 0.408629 0.387418 0.560713 0.131492 0.118941 0.0435835 0.037843
threshold=0 0.34578178550000011 0.69747871400000017 3.9428571120000004 1.2000000365000003 0.52814857150000016 12.349999840000002 0.4899646425000001
decision_type=1 2 2 2 2 2 2 2
left_child=4 2 3 -2 6 7 -1 -5
right_child=1 -3 -4 5 -6 -7 -8 -9
leaf_value=-0.00011730448586534186 0.00059399117184493551 0.00097154786846189313 7.6667257360073766e-05 -0.0087697108437322889 6.6969351413135543e-06 4.3446940458831129e-05 -4.8309904150846157e-06 -0.00042978484258659094
leaf_weight=209 35 22 26 20 22 20 20 100
leaf_count=209 35 22 26 20 22 20 20 100
internal_value=-3.15924e-05 0.000327203 0.000185827 2.84402e-06 -0.000357143 -0.000269886 -0.00044604 -0.000397351
internal_weight=474 223 201 175 251 140 229 120
internal_count=474 223 201 175 251 140 229 120
cat_boundaries=0 1
cat_threshold=8717911
is_linear=0
shrinkage=0.01


Tree=757
num_leaves=10
num_cat=1
split_feature=104 6 59 1 32 19 67 14 28
split_gain=0.372384 0.547876 0.433096 0.534518 0.196135 0.218472 0.131656 0.123343 0.0874299
threshold=0 0.54994721450000006 1.5000000150000001 0.23494250000000003 2.0071428335000001 0.5422722860000001 2.1550002095000003 0.74928500000000009 4.1499999930000007
decision_type=1 2 2 2 2 2 2 2 2
left_child=7 2 3 -2 -5 -6 -4 8 -1
right_child=1 -3 6 4 5 -7 -8 -9 -10
leaf_value=-0.00096496527673738922 0.00093426722702366724 0.00012324380743040727 -1.6682313406549719e-05 -6.7485571560640947e-05 6.446876156142789e-06 0.0011195875779330946 7.8766326198112451e-05 0.00057375581120885141 6.1451983139869447e-05
leaf_weight=161 24 27 97 32 36 20 21 20 35
leaf_count=161 24 27 97 32 36 20 21 20 35
internal_value=3.16577e-06 0.000259522 9.96533e-05 0.000549645 0.000157658 0.000528169 -0.000311448 -0.000291005 -0.000386179
internal_weight=473 257 230 112 88 56 118 216 196
internal_count=473 257 230 112 88 56 118 216 196
cat_boundaries=0 1
cat_threshold=12649107
is_linear=0
shrinkage=0.01


Tree=758
num_leaves=10
num_cat=0
split_feature=54 27 95 94 56 18 0 5 2
split_gain=0.672804 0.426476 0.400461 0.252348 0.227972 0.148306 0.11004 0.076024 0.0662955
threshold=21.750000585000006 2.3071428580000002 22.013571465000002 16.120000020000003 1.0000000225000003 0.6834761075000001 0.13214512500000003 0.48791635750000001 0.34510588050000007
decision_type=2 2 2 2 2 2 2 2 2
left_child=1 3 4 -1 -3 7 -6 -5 -9
right_child=-2 2 -4 5 6 -7 -8 8 -10
leaf_value=1.4229693504060014e-05 0.00032342759010535937 0.00015544963308514715 0.00097391244235167207 -0.00026925848118317645 7.7538522756777226e-05 7.8862892068371298e-05 -0.00050407611533474447 7.8640599772443413e-05 -0.0020886365906291559
leaf_weight=22 28 27 29 218 20 39 49 20 22
leaf_count=22 28 27 29 218 20 39 49 20 22
internal_value=4.4229e-05 -4.7001e-05 0.000441176 -0.00024394 0.000103306 -0.000325217 -0.000179083 -0.000414111 0
internal_weight=474 446 125 321 96 299 69 260 42
internal_count=474 446 125 321 96 299 69 260 42
is_linear=0
shrinkage=0.01


Tree=759
num_leaves=12
num_cat=0
split_feature=39 41 63 59 14 15 16 14 47 17 4
split_gain=0.578918 0.83828 0.389482 0.303611 0.323054 0.815957 0.256642 0.592735 0.192886 0.0972058 0.0407324
threshold=6.2785714015000007 2.3999999685000004 4.379999637500001 3.6999999655000004 0.67993042850000007 0.64586614300000011 0.71929621450000014 0.70419535700000013 3.6499999945000003 0.66743430950000004 0.45083264300000009
decision_type=2 2 2 2 2 2 2 2 2 2 2
left_child=2 -2 3 4 5 -1 7 -5 -6 10 -4
right_child=1 -3 9 6 8 -7 -8 -9 -10 -11 -12
leaf_value=-0.00057548367691294259 -3.6873907741684798e-06 0.00035536659869313752 -0.0018454871495912184 0.00019678873072797421 7.7793347089215705e-06 0.000848266907280999 -0.00012107127940186634 0.00029507866198633044 -7.6407977011068228e-05 2.2936195291094231e-06 1.1660141837273736e-05
leaf_weight=25 33 21 138 28 30 21 23 23 89 26 20
leaf_count=25 33 21 138 28 30 21 23 23 89 26 20
internal_value=0.000145458 0.00111314 1.53373e-05 0.000285655 3.31724e-05 0.000747863 0.000815508 0.00120656 -0.000229549 -0.000324675 -0.000421914
internal_weight=477 54 423 239 165 46 74 51 119 184 158
internal_count=477 54 423 239 165 46 74 51 119 184 158
is_linear=0
shrinkage=0.01


Tree=760
num_leaves=12
num_cat=1
split_feature=39 87 3 104 50 7 7 0 20 4 0
split_gain=0.706268 0.343112 0.313952 0.261992 0.312776 0.65712 0.625414 0.222587 0.177343 0.038849 0.0158575
threshold=6.314285721000001 6.567857129000001 0.33615882150000004 0 5.0500000085000005 0.55824983950000007 0.50787835700000017 0.075247895500000009 18.110000000000003 0.29805189300000007 0.23388037500000003
decision_type=2 2 2 1 2 2 2 2 2 2 2
left_child=1 3 -2 9 7 6 -6 -5 -9 -1 -7
right_child=2 -3 -4 4 5 10 -8 8 -10 -11 -12
leaf_value=0.00040641865798125121 4.9904006082177461e-05 0.00065878735069235534 0.00031824666703951651 0.00031019220116419461 6.6591501458447317e-05 -0.0025315448998966604 0.00034105106152117697 0.00057867329135338752 -1.8523484150614065e-05 -0.00042114636243192042 3.3927561535465054e-05
leaf_weight=20 20 21 20 32 23 21 20 30 126 111 20
leaf_count=20 20 21 20 32 23 21 20 30 126 111 20
internal_value=0.000163511 3.76647e-05 0.00142157 -2.35266e-05 0.000148515 0.000660377 0.00151826 -6.35594e-05 -0.000229592 -0.000377292 -0.000203349
internal_weight=464 424 40 403 272 84 43 188 156 131 41
internal_count=464 424 40 403 272 84 43 188 156 131 41
cat_boundaries=0 1
cat_threshold=704710698
is_linear=0
shrinkage=0.01


Tree=761
num_leaves=11
num_cat=0
split_feature=68 89 10 18 37 92 15 25 103 48
split_gain=0.698375 1.08888 0.63773 0.347272 0.288276 0.214443 0.388993 0.323525 0.116164 0.117852
threshold=35.180000305000007 13.565000025000002 0.62705107150000006 0.71815169050000016 3.2785713675000001 13.034999985000001 0.59966028550000006 1.8142857170000004 27.836040485000002 0.94999998800000018
decision_type=2 2 2 2 2 2 2 2 10 2
left_child=1 -1 -3 4 -2 8 -7 -8 9 -6
right_child=3 2 -4 -5 5 6 7 -9 -10 -11
leaf_value=-0.0014156236932321917 1.7184684469111564e-05 0.00052891597535713428 0.00028127514498886092 5.7378182037200511e-05 -6.6425561510930853e-05 -0.0043113505627795888 -7.023483543233033e-06 0.0010201372840662752 0.00029428839295446348 9.5787646539189749e-06
leaf_weight=32 27 34 20 22 198 43 23 28 22 27
leaf_count=32 27 34 20 22 198 43 23 28 22 27
internal_value=0.000167785 0.000979263 0.00184307 -7.67668e-06 -8.6768e-05 -0.000171153 0.000221519 0.000820463 -0.000328894 -0.000400797
internal_weight=476 86 54 390 368 341 94 51 247 225
internal_count=476 86 54 390 368 341 94 51 247 225
is_linear=0
shrinkage=0.01


Tree=762
num_leaves=10
num_cat=0
split_feature=88 85 34 15 85 58 91 3 9
split_gain=0.85631 1.07505 0.354558 0.314909 0.504946 0.194437 0.445069 0.111998 0.0410135
threshold=15.025714330000001 8.6528572015000016 4.1142856900000009 0.60295828550000008 9.074285779500002 10.299999860000002 8.5792857920000021 0.34987187500000005 0.7007009500000001
decision_type=2 2 2 2 2 2 2 2 2
left_child=1 -1 8 -4 5 7 -7 -5 -2
right_child=2 -3 3 4 -6 6 -8 -9 -10
leaf_value=-0.0007208306133036675 -1.6311673771928306e-05 0.00039725680535809929 -0.004012969912253298 -7.1875313817334361e-06 0.00093511401458604929 7.9804992013037278e-05 -0.00012441312946992079 0.00030905252951895557 -6.5096504297284312e-05
leaf_weight=34 143 39 53 51 26 21 43 20 20
leaf_count=34 143 39 53 51 26 21 43 20 20
internal_value=0.000117569 0.00110434 -7.01431e-05 0.000190875 0.000417182 0.000150957 0.000555555 -0.000188022 -0.000424298
internal_weight=450 73 377 214 161 135 64 71 163
internal_count=450 73 377 214 161 135 64 71 163
is_linear=0
shrinkage=0.01


Tree=763
num_leaves=11
num_cat=0
split_feature=5 5 5 3 103 103 3 36 25 6
split_gain=0.578505 0.64922 0.474228 0.700089 0.648791 0.210625 0.282095 0.209635 0.0426612 0.029128
threshold=0.43466569050000009 0.44180857150000002 0.47714655350000007 0.40218102400000005 25.437675475000002 25.797875890000004 0.29985280950000009 4.1999999630000007 1.6071428610000003 0.49004089300000003
decision_type=2 2 2 2 10 10 2 2 2 2
left_child=5 -2 9 4 -4 7 -7 8 -1 -3
right_child=1 2 3 -5 -6 6 -8 -9 -10 -11
leaf_value=-0.0033524964871991768 0.00030063685596452963 -7.4555229294346292e-06 0.00042677174076401078 -6.3388556581779604e-05 -1.7930786664749434e-05 0.0011709443179296023 -0.00016526508883672633 0.00051889223317750819 -0.00036136928216180532 -1.0942962633074035e-05
leaf_weight=20 27 20 35 29 20 32 24 30 180 49
leaf_count=20 27 20 35 29 20 32 24 30 180 49
internal_value=9.64009e-05 0.000542035 0.000269831 0.000778302 0.00144265 -0.000177824 0.000352113 -0.000316291 -0.000438247 -0.00032235
internal_weight=466 180 153 84 55 286 56 230 200 69
internal_count=466 180 153 84 55 286 56 230 200 69
is_linear=0
shrinkage=0.01


Tree=764
num_leaves=11
num_cat=0
split_feature=50 43 15 15 76 11 102 18 55 1
split_gain=0.634705 0.384692 0.47619 1.39456 0.358099 0.511393 0.158554 0.289362 0.108185 0.188056
threshold=8.3000000715000031 5.5999999160000007 0.59966028550000006 0.62680950000000013 50.275001050000007 0.66283807150000007 25.560182840000007 0.68323078550000005 0.60000000500000006 0.23641135700000002
decision_type=2 2 2 2 2 2 10 2 2 2
left_child=1 2 -1 -4 5 -5 -3 8 9 -8
right_child=-2 6 3 4 -6 -7 7 -9 -10 -11
leaf_value=-0.0045360792977065965 0.0001201728167611013 -0.00041834790639691018 0.00095988936740123683 -7.2551425356525518e-05 -0.00033312940624484531 0.00070219956625956217 -0.00043414678362330963 0.0011279546911618901 -1.3934426064338757e-05 0.00028980765118189177
leaf_weight=48 36 135 22 30 46 25 24 26 71 20
leaf_count=48 36 135 22 30 46 25 24 26 71 20
internal_value=9.6114e-05 -3.34983e-06 0.000363795 0.000698707 0.000171906 0.000725806 -0.000238439 0 -0.000220207 0.000133928
internal_weight=483 447 171 123 101 55 276 141 115 44
internal_count=483 447 171 123 101 55 276 141 115 44
is_linear=0
shrinkage=0.01


Tree=765
num_leaves=9
num_cat=0
split_feature=0 39 4 0 6 89 7 3
split_gain=0.551944 1.1917 0.619764 1.28446 0.359745 0.233206 0.15854 0.0734472
threshold=0.12095741650000001 5.5285714355000009 0.33806902850000004 0.22090962500000003 0.54994721450000006 14.02571423 0.46037507150000007 0.27718142900000003
decision_type=2 2 2 2 2 2 2 2
left_child=6 -2 3 7 5 -4 -1 -3
right_child=1 2 4 -5 -6 -7 -8 -9
leaf_value=0.0001072809586498661 0.00025652168022364456 4.6133179636506232e-05 -0.000234011948293119 0.00071683323280744449 0.00025367397002560774 0.00012986990725414739 -7.6732183804302626e-05 -0.00012808299314287123
leaf_weight=39 26 20 132 27 37 28 128 25
leaf_count=39 26 20 132 27 37 28 128 25
internal_value=0.000144771 0.00040737 0.000198295 0.000989011 -8.34177e-05 -0.000298508 -0.000306913 -1.09171e-05
internal_weight=462 295 269 72 197 160 167 45
internal_count=462 295 269 72 197 160 167 45
is_linear=0
shrinkage=0.01


Tree=766
num_leaves=9
num_cat=0
split_feature=103 57 43 9 28 56 23 2
split_gain=0.222389 0.753054 0.30227 0.236827 0.274056 0.128547 0.142702 0.0340528
threshold=23.463113215000003 3.7000000850000005 9.6999999060000022 0.71578257500000009 4.1571428610000014 0.70000000300000009 1.7428571540000004 0.23742714250000002
decision_type=10 2 2 2 2 2 2 2
left_child=3 -2 7 4 5 6 -1 -3
right_child=1 2 -4 -5 -6 -7 -8 -9
leaf_value=-5.7810609316723996e-06 0.00063732266876079995 -3.5376714156367515e-05 0.00081460851975888619 0.00011240536122633367 0.0001469474467756281 -0.0010127501709405807 0.00078057641173499717 -1.0514416610561371e-05
leaf_weight=28 31 20 29 21 37 211 25 71
leaf_count=28 31 20 29 21 37 211 25 71
internal_value=-3.06037e-05 0.000279974 -6.62253e-05 -0.000182776 -0.000260106 -0.000377644 2.78809e-05 -0.000364924
internal_weight=473 151 120 322 301 264 53 91
internal_count=473 151 120 322 301 264 53 91
is_linear=0
shrinkage=0.01


Tree=767
num_leaves=10
num_cat=1
split_feature=99 104 2 19 9 9 54 53 1
split_gain=0.681251 0.440914 0.496502 0.402725 0.334051 0.248101 0.30725 0.203327 0.362183
threshold=23.657856805000005 0 0.34578178550000011 0.46851794300000005 0.51895184300000008 0.60086657500000007 8.0499999075000019 3.0500000085000005 0.25923407100000007
decision_type=2 1 2 2 2 2 2 2 2
left_child=1 7 4 -2 -3 -6 -7 -1 -9
right_child=3 2 -4 -5 5 6 -8 8 -10
leaf_value=-4.8936619897337597e-05 0.0002031106493286869 0.00092567048059144096 0.0010213692036204606 8.6660820278793336e-05 -0.00038292654517909773 -5.9278986189155777e-06 0.00019280061850195454 1.819757158486671e-05 -5.9497794579791899e-05
leaf_weight=171 20 20 20 31 65 28 50 22 33
leaf_count=171 20 20 20 31 65 28 50 22 33
internal_value=0.000125868 -6.10066e-06 0.000343137 0.00120656 0.000161783 0 0.00036802 -0.000299831 0.000188172
internal_weight=460 409 183 51 163 143 78 226 55
internal_count=460 409 183 51 163 143 78 226 55
cat_boundaries=0 1
cat_threshold=7341810
is_linear=0
shrinkage=0.01


Tree=768
num_leaves=11
num_cat=0
split_feature=31 18 2 46 2 79 54 101 17 13
split_gain=0.432169 0.443595 0.583406 0.249726 0.227331 0.578503 0.217555 0.144606 0.170366 0.0442999
threshold=2.0142857265000003 0.6834761075000001 0.26659128600000009 16.000000040000003 0.34154676800000006 90.904999730000014 13.400000145000002 72.840353275000027 0.55251757150000014 0.75557692500000007
decision_type=2 2 2 2 2 2 2 2 2 2
left_child=-1 3 -3 4 7 -6 -4 8 -2 -9
right_child=1 2 6 -5 5 -7 -8 9 -10 -11
leaf_value=9.5540252849841403e-05 -0.0053517342339297917 0.00087376515768381282 -9.3187654461793625e-05 0.00082766483617682806 0.00021095627898575029 -3.0725435612192993e-05 0.00017411092491628007 -8.3216538394537311e-05 0.00028367759549285162 1.4151634494527049e-05
leaf_weight=36 23 23 33 20 23 37 20 238 21 20
leaf_count=36 23 23 33 20 23 37 20 238 21 20
internal_value=4.24413e-05 -3.70533e-05 0.000651042 -0.000180251 -0.000245314 0.000296053 2.78809e-05 -0.000359974 0.000133928 -0.000452087
internal_weight=494 458 76 382 362 60 53 302 44 258
internal_count=494 458 76 382 362 60 53 302 44 258
is_linear=0
shrinkage=0.01


Tree=769
num_leaves=11
num_cat=0
split_feature=73 87 97 15 13 68 14 8 11 2
split_gain=0.367749 0.410782 0.179429 0.235452 0.432852 0.220062 0.249465 0.121863 0.0439996 0.0192946
threshold=20.624999525000003 6.6842856920000004 15.911428585000001 0.72705264250000012 0.70047764150000014 35.159999845000009 0.68719578600000009 0.48546688100000007 0.72696064300000007 0.26596464300000006
decision_type=2 2 2 2 2 2 2 2 2 2
left_child=-1 2 3 4 -2 6 -4 -7 -9 -5
right_child=1 -3 5 9 -6 7 -8 8 -10 -11
leaf_value=5.2586698367102071e-06 -0.00023960720393075005 0.00060874608036114576 0.00011019851118285473 0.00025036159604683526 0.00030733422718299023 0.00031781619767844101 -0.00019908698986573185 -1.3899893299473885e-05 -1.6995207752286934e-05 -0.00037737756105935992
leaf_weight=21 26 21 36 20 20 24 27 225 20 26
leaf_count=21 26 21 36 20 20 24 27 225 20 26
internal_value=-2.14236e-06 -6.84164e-05 -0.000141243 0.000237069 0.000747863 -0.000252404 0.000258621 -0.000379911 -0.000449553 -0.000235043
internal_weight=466 445 424 92 46 332 63 269 245 46
internal_count=466 445 424 92 46 332 63 269 245 46
is_linear=0
shrinkage=0.01


Tree=770
num_leaves=9
num_cat=1
split_feature=38 58 104 4 101 2 17 3
split_gain=0.304149 0.396328 0.351931 0.358201 0.242343 0.209146 0.126191 0.222833
threshold=5.4285714285000006 0.25000000350000007 0 0.38555321400000003 60.892142180000008 0.25561311900000006 0.71075571400000015 0.32129647600000005
decision_type=2 2 1 2 2 2 2 2
left_child=1 -1 3 5 -4 -3 -6 -8
right_child=-2 2 4 -5 6 -7 7 -9
leaf_value=0.00036656661619061207 8.0542187530958118e-05 0.00093059652283248629 0.00050614259894214957 0.0004453031166155451 -0.00088630598674124404 -6.6983438679790781e-05 0.00087434729678429585 -8.1628514854767582e-05
leaf_weight=21 23 35 25 33 231 45 20 35
leaf_count=21 23 35 25 33 231 45 20 35
internal_value=8.5323e-06 -4.59849e-05 -0.000117703 0.000335218 -0.000290553 0 -0.000387029 8.96046e-06
internal_weight=468 445 424 113 311 80 286 55
internal_count=468 445 424 113 311 80 286 55
cat_boundaries=0 1
cat_threshold=675021632
is_linear=0
shrinkage=0.01


Tree=771
num_leaves=9
num_cat=0
split_feature=18 43 0 56 26 6 101 14
split_gain=0.53392 0.50189 0.620113 0.276233 0.37252 0.251689 0.170957 0.124993
threshold=0.56259550000000014 5.0999999605000008 0.26465027750000009 7.4000000880000014 1.8714285495000003 0.55145610700000003 128.31515760000002 0.68719578600000009
decision_type=2 2 2 2 2 2 2 2
left_child=5 2 -2 7 6 -1 -5 -3
right_child=1 3 -4 4 -6 -7 -8 -9
leaf_value=-0.00089775963744782861 0.00054764835751417915 0.00013583280473304204 0.00019367283576317298 2.1605011813825414e-05 0.00049596139463119876 6.510076296835959e-05 -0.00018797400087510838 -1.271603932660967e-05
leaf_weight=157 22 39 35 35 29 27 31 69
leaf_count=157 22 39 35 35 29 27 31 69
internal_value=8.09351e-05 0.000375767 0.00120242 0.000130029 0.00052714 -0.000324675 7.48502e-05 -0.000202206
internal_weight=444 260 57 203 95 184 66 108
internal_count=444 260 57 203 95 184 66 108
is_linear=0
shrinkage=0.01


Tree=772
num_leaves=12
num_cat=0
split_feature=38 17 102 53 93 9 15 56 15 2 82
split_gain=0.790139 1.09861 0.328808 0.463123 0.395504 0.58297 1.00524 0.128112 0.146075 0.0409586 0.0338796
threshold=5.3071428875000004 0.62471471450000016 23.530456615000002 26.250000360000005 19.146428655000005 0.59532512500000012 0.72705264250000012 2.2500000000000004 0.7010374760000001 0.34856400000000004 7.7921428340000007
decision_type=2 2 10 2 2 2 2 2 2 2 2
left_child=2 -2 7 4 10 -6 -7 8 -1 -9 -4
right_child=1 -3 3 -5 5 6 -8 9 -10 -11 -12
leaf_value=0.00021850738367826993 0.00017241342368038009 -7.4750995315129727e-05 -7.7983164573419042e-06 0.00034443431780637184 -0.0013434196814880639 0.00048054282865726925 -0.00012727609090286142 -0.00040819276755790486 -2.5865461974153014e-05 -4.0569494173122864e-05 -2.0662348321328903e-05
leaf_weight=22 22 25 70 22 34 29 29 142 20 20 20
leaf_count=22 22 25 70 22 34 29 29 142 20 20 20
internal_value=0.000132734 0.00134937 -4.89249e-06 0.000273437 9.29977e-05 0.000560345 0.00117347 -0.000292969 0.000163551 -0.000423833 -0.000363436
internal_weight=455 47 408 204 182 92 58 204 42 162 90
internal_count=455 47 408 204 182 92 58 204 42 162 90
is_linear=0
shrinkage=0.01


Tree=773
num_leaves=12
num_cat=1
split_feature=38 104 102 89 36 56 102 5 37 25 43
split_gain=0.580496 0.238442 0.517543 0.817999 0.191897 0.12175 0.213668 0.184766 0.134478 0.166877 0.0583422
threshold=5.414285694000001 0 20.992016695000004 13.155000070000002 3.3714285920000004 8.6499999685000031 26.127533560000003 0.39352740000000003 4.4000000100000003 1.8285714345000004 7.7000001225000005
decision_type=2 1 8 2 2 2 10 2 2 2 2
left_child=1 2 -1 4 -4 8 -7 -8 -3 -10 -11
right_child=-2 5 3 -5 -6 6 7 -9 9 10 -12
leaf_value=-0.0008544623068440988 0.00010603646770572418 -8.8111508637018067e-05 9.496450371161328e-05 0.0010092275330499019 -0.00013003026627031241 -0.00044339966987543548 5.1896711002482332e-05 0.00027523716372021334 0.00036246655022896366 -3.633274898112179e-05 -6.0458678242904478e-06
leaf_weight=41 22 131 20 22 25 28 20 20 36 55 35
leaf_count=41 22 131 20 22 25 28 20 20 36 55 35
internal_value=6.69152e-05 -1.03736e-05 0.00037037 0.000951327 0.000120087 -0.000150387 0.000203488 0.000686274 -0.000257952 -7.88655e-06 -0.000253304
internal_weight=455 433 108 67 45 325 68 40 257 126 90
internal_count=455 433 108 67 45 325 68 40 257 126 90
cat_boundaries=0 1
cat_threshold=37260800
is_linear=0
shrinkage=0.01


Tree=774
num_leaves=9
num_cat=0
split_feature=44 0 0 102 10 51 84 62
split_gain=0.388099 0.265149 0.751741 0.594361 0.17087 0.146775 0.102512 0.04385
threshold=10.0000000905 0.22295579150000003 0.26401193750000002 28.519533350000007 0.51216585700000017 23.400000405000004 6.5607142105000014 0.61999988550000007
decision_type=2 2 2 10 2 2 2 2
left_child=1 4 3 -3 -1 7 -4 -6
right_child=-2 2 6 -5 5 -7 -8 -9
leaf_value=0.0010319132026909371 6.4046795193460907e-06 0.00045727350848808374 -6.1464587468991076e-05 -0.00033959500493148381 -0.00017189802566831348 0.00061918058975245411 8.4740232341596095e-05 2.7648697775192397e-05
leaf_weight=32 21 36 80 25 219 20 25 20
leaf_count=32 21 36 80 25 219 20 25 20
internal_value=-3.55055e-05 -0.000101573 0.000209832 0.00109223 -0.000286155 -0.000375289 -0.00028828 -0.00044829
internal_weight=478 457 166 61 291 259 105 239
internal_count=478 457 166 61 291 259 105 239
is_linear=0
shrinkage=0.01


Tree=775
num_leaves=10
num_cat=0
split_feature=58 91 8 7 20 23 2 2 1
split_gain=0.267929 0.485268 0.205334 0.19316 0.18539 0.151165 0.159005 0.473953 0.0210574
threshold=10.299999860000002 8.5792857920000021 0.69816800000000012 0.40669402350000006 30.740000000000006 1.9571428385000003 0.30803678550000008 0.31722652400000001 0.25346078550000006
decision_type=2 2 2 2 2 2 2 2 2
left_child=2 -2 3 -1 -3 6 -5 -8 -6
right_child=1 4 -4 5 8 -7 7 -9 -10
leaf_value=0.00052036113759763522 0.00012125535050793696 0.0014295964573779651 0.0001051973377415158 -6.6792141362782774e-05 -0.00031044846978550418 0.000361942592299068 0.00029014999876013516 -1.6957832473799934e-05 -1.2369704588560856e-06
leaf_weight=24 20 20 21 200 29 32 20 80 20
leaf_count=24 20 20 21 200 29 32 20 80 20
internal_value=-2.14236e-06 0.00048441 -0.000123081 -0.000184978 5.01431e-05 -0.000252404 -0.000325798 0 -0.000251004
internal_weight=466 89 377 356 69 332 300 100 49
internal_count=466 89 377 356 69 332 300 100 49
is_linear=0
shrinkage=0.01


Tree=776
num_leaves=11
num_cat=0
split_feature=12 46 37 82 103 82 37 34 12 29
split_gain=0.304377 0.31025 0.57182 0.277846 0.2709 0.58636 0.716764 0.148253 0.0969204 0.0441421
threshold=0.70833064300000015 12.250000030000001 3.7857142345000008 8.3828570840000012 28.599134260000003 7.7278571130000007 3.3714285240000001 4.4571428640000006 0.71999150000000012 3.6285713910000004
decision_type=2 2 2 2 8 2 2 2 2 2
left_child=1 3 -3 7 5 6 -2 9 -6 -1
right_child=4 2 -4 -5 8 -7 -8 -9 -10 -11
leaf_value=-1.2753961203093165e-06 2.7972284689634331e-06 -2.0585077248918e-05 0.00084809356866495135 9.1945953018938073e-05 1.3707640439562883e-05 -2.0665956036426546e-06 0.00087069532969135863 0.00045688671402769666 -0.00012687032941090083 -0.00023238943361676785
leaf_weight=20 26 23 20 22 20 37 24 20 38 231
leaf_count=20 26 23 20 22 20 37 24 20 38 231
internal_value=0 -0.000166271 0.000605023 -0.000287611 0.000380658 0.000734624 0.00143701 -0.000380795 -0.000119048 -0.000450755
internal_weight=481 336 43 293 145 87 50 271 58 251
internal_count=481 336 43 293 145 87 50 271 58 251
is_linear=0
shrinkage=0.01


Tree=777
num_leaves=13
num_cat=0
split_feature=39 5 103 15 18 0 51 16 5 4 0 3
split_gain=0.432832 0.591571 0.442107 0.95336 0.265973 0.192021 0.240178 0.227793 0.0933164 0.21537 0.0413796 0.0272148
threshold=6.314285721000001 0.42227021450000007 23.463113215000003 0.67763202350000007 0.71673833350000016 0.13177510400000003 5.1499999055000005 0.71081719050000014 0.43517100000000003 0.39066768600000007 0.063424395500000008 0.36903680950000006
decision_type=2 2 10 2 2 2 2 2 2 2 2 2
left_child=2 -2 4 -4 8 6 -5 -8 10 -10 -1 -11
right_child=1 -3 3 5 -6 -7 7 -9 9 11 -12 -13
leaf_value=-0.0022462412914185078 -0.00042114490523854578 0.00027554735341814936 0.00081734135101731251 4.819041076925626e-05 5.4438462110757835e-06 -8.1644864729531923e-05 1.6850221152443709e-05 -1.1264261179868115e-05 0.00028756125378253089 3.6949422553967519e-05 -0.0011219864506902776 -0.00016795370869571302
leaf_weight=20 22 20 30 21 20 44 20 37 20 20 150 43
leaf_count=20 22 20 30 21 20 44 20 37 20 20 150 43
internal_value=0.000137879 0.00109813 3.64019e-05 0.000471204 -0.000199051 5.70031e-05 0.00036802 0 -0.000293538 0 -0.000427401 -0.000305643
internal_weight=467 42 425 152 273 122 78 57 253 83 170 63
internal_count=467 42 425 152 273 122 78 57 253 83 170 63
is_linear=0
shrinkage=0.01


Tree=778
num_leaves=11
num_cat=1
split_feature=28 17 104 69 20 101 20 20 18 3
split_gain=0.394714 0.414304 0.268572 0.303326 0.25424 0.238633 0.725 0.332912 0.224396 0.0373232
threshold=3.8285714390000005 0.6063485715000001 0 28.510000705000003 115.26000000000002 101.22713215000002 57.185000000000009 65.865000000000009 0.68323078550000005 0.34618690450000006
decision_type=2 2 1 2 2 2 2 2 2 2
left_child=1 -1 -2 8 5 7 -7 -5 9 -4
right_child=2 -3 3 4 -6 6 -8 -9 -10 -11
leaf_value=9.8030925978483637e-05 -0.00028153034228591711 5.0300134719071763e-07 -0.00091510165833297947 -0.0032099964174670819 -3.1388114667815362e-05 0.00098049419368370118 -2.0418970742103158e-06 0.00071441233877205716 0.00010435341470464078 1.0716205599864242e-05
leaf_weight=24 100 32 95 57 25 22 22 28 39 20
leaf_count=24 100 32 95 57 25 22 22 28 39 20
internal_value=9.89672e-05 0.000880282 -4.89249e-06 0.000138017 0.000458656 0.000643297 0.00125 0.000297203 -0.000161499 -0.000392919
internal_weight=464 56 408 308 154 129 44 85 154 115
internal_count=464 56 408 308 154 129 44 85 154 115
cat_boundaries=0 1
cat_threshold=41944808
is_linear=0
shrinkage=0.01


Tree=779
num_leaves=12
num_cat=0
split_feature=38 15 22 9 32 66 39 35 20 4 3
split_gain=0.581528 0.416732 0.526325 0.459624 0.694056 0.394341 0.311674 0.237647 0.196002 0.0547952 0.0686894
threshold=5.414285694000001 0.59966028550000006 2.3214285460000004 0.66806697500000012 2.8428571565000005 7.3199996950000008 6.2142857480000009 5.4285713775000008 57.185000000000009 0.38234050000000003 0.37915714300000009
decision_type=2 2 2 2 2 2 2 2 2 2 2
left_child=1 -1 3 4 -3 -6 9 -5 -8 -4 -11
right_child=-2 2 6 7 5 -7 8 -9 -10 10 -12
leaf_value=-0.0041524017600725795 7.7069294519917843e-05 0.00072941284689209598 -3.801777689312569e-05 1.182331219270005e-05 3.3580711803786432e-05 0.00096420738677523881 0.00092422931281068517 -0.001896712958615202 -3.3847851274397576e-06 2.3800683820655868e-05 -0.00020736699592201384
leaf_weight=84 26 25 87 20 68 20 20 41 21 20 23
leaf_count=84 26 25 87 20 68 20 20 41 21 20 23
internal_value=0.000242431 0.000147743 0.00030509 0.00069222 0.00106766 0.000608108 -7.85799e-05 0 0.000657895 -0.000328746 0
internal_weight=455 429 345 174 113 88 171 61 41 130 43
internal_count=455 429 345 174 113 88 171 61 41 130 43
is_linear=0
shrinkage=0.01


Tree=780
num_leaves=12
num_cat=0
split_feature=6 59 52 53 62 4 51 101 12 62 4
split_gain=0.506623 0.94418 0.891399 0.645593 0.788546 0.398083 0.13984 0.108632 0.0347359 0.0425505 0.0231242
threshold=0.51452969050000008 1.8499999530000004 10.999999955000002 25.450000005000003 1.2750000955 0.33966607100000007 5.1499999055000005 60.892142180000008 0.73773671450000011 0.58999967600000014 0.38470978600000005
decision_type=2 2 2 2 2 2 2 2 2 2 2
left_child=3 -2 -3 6 -5 -6 -1 -8 9 -9 -7
right_child=1 2 -4 4 5 10 7 8 -10 -11 -12
leaf_value=2.6739348660929131e-05 -3.1582013694882356e-05 0.00015104405650474142 0.00036282697469974259 0.00083835710640066277 1.1481372596005967e-05 -0.0018046905494954503 7.3935993809762238e-06 -9.1711907817783312e-05 1.2429438010115382e-05 -0.0017680836354158343 7.3909111591009826e-06
leaf_weight=33 35 24 37 24 20 33 23 177 20 20 20
leaf_count=33 35 24 37 24 20 33 23 177 20 20 20
internal_value=0.000182091 0.000826446 0.00157767 8.0905e-06 0.000710634 0.000155826 -0.000235574 -0.00032392 -0.000397153 -0.000437311 -0.000269517
internal_weight=466 96 61 370 97 73 273 240 217 197 53
internal_count=466 96 61 370 97 73 273 240 217 197 53
is_linear=0
shrinkage=0.01


Tree=781
num_leaves=11
num_cat=1
split_feature=104 101 5 18 101 4 2 20 12 13
split_gain=0.451917 1.05806 0.68389 0.423325 0.21464 0.352686 0.105772 0.0763491 0.0371932 0.0439007
threshold=0 95.692065825000014 0.43800200000000006 0.71815169050000016 73.069060915000009 0.29695514300000009 0.31537385700000004 16.245000000000001 0.58424192850000012 0.75403299200000007
decision_type=1 2 2 2 2 2 2 2 2 2
left_child=1 6 -3 4 5 -2 -1 -6 -9 -10
right_child=3 2 -4 -5 7 -7 -8 8 9 -11
leaf_value=-0.00086324936354887001 -0.0041420344855315448 0.00083870338238631727 0.00015862930881957964 2.2154637027051597e-05 -0.00020515899673535806 0.0012780535059334075 3.687980026113386e-05 -0.0019763793997160922 -1.6487543561436109e-05 1.8909037244081718e-06
leaf_weight=45 23 20 21 23 33 20 20 20 221 20
leaf_count=45 23 20 21 23 33 20 20 20 221 20
internal_value=1.07111e-05 0.000556507 0.00185407 -0.000156419 -0.000256069 0.000376712 -0.000159575 -0.000356174 -0.000414439 -0.000448718
internal_weight=466 106 41 360 337 43 65 294 261 241
internal_count=466 106 41 360 337 43 65 294 261 241
cat_boundaries=0 1
cat_threshold=539525924
is_linear=0
shrinkage=0.01


Tree=782
num_leaves=10
num_cat=0
split_feature=103 95 69 19 30 7 82 19 46
split_gain=0.35603 0.420472 0.632251 0.256011 0.317811 0.192772 0.338449 0.470977 0.191743
threshold=30.333100280000004 21.695000105000002 30.839999195000004 0.51557842850000013 3.7357142655000004 0.5519651430000001 7.4957143240000006 0.40563766700000004 9.1999999175000031
decision_type=10 2 2 2 2 2 2 2 2
left_child=1 2 3 -1 8 -3 7 -7 -5
right_child=-2 5 -4 4 -6 6 -8 -9 -10
leaf_value=-0.0010613763679534331 0.00013995369628914541 -0.0016110818909960995 0.00020327635191547718 -1.1851698938559206e-05 0.00054804518133813737 -0.00040743708147288976 -1.6606829734584795e-05 0.00081745362991367482 5.8331191946977155e-06
leaf_weight=50 20 153 24 37 25 29 55 20 60
leaf_count=50 20 153 24 37 25 29 55 20 60
internal_value=6.64836e-05 3.3053e-06 0.000355691 0.000127315 0.000382736 -0.000257952 5.72518e-05 0.000672691 9.71369e-05
internal_weight=473 453 196 172 122 257 104 49 97
internal_count=473 453 196 172 122 257 104 49 97
is_linear=0
shrinkage=0.01


Tree=783
num_leaves=11
num_cat=0
split_feature=15 15 76 29 5 15 4 4 4 19
split_gain=0.339741 0.66737 0.917107 0.427753 0.419113 0.342526 0.222833 0.182735 0.578503 0.169463
threshold=0.59966028550000006 0.62904761900000017 51.354999545000005 3.7642857005000008 0.42707578600000007 0.72981245250000015 0.28918788050000005 0.33777235700000008 0.32095100000000004 0.43629069050000008
decision_type=2 2 2 2 2 2 2 2 2 2
left_child=-1 2 -2 4 6 -6 -3 8 -5 -9
right_child=1 3 -4 7 5 -7 -8 9 -10 -11
leaf_value=-0.0041156949623175369 -0.00091493720344205248 4.8750785849083736e-05 0.00097303009327868539 -0.0023473241325254897 0.00028101200162459572 5.7275890190645965e-06 -0.00028801561797926664 2.3293209765476824e-05 0.00075198953353983839 -4.9853793565672408e-05
leaf_weight=86 24 20 24 37 20 21 35 38 23 146
leaf_count=86 24 20 24 37 20 21 35 38 23 146
internal_value=8.6352e-05 0.000216049 0.00131148 5.28168e-05 0.000619835 0.0013756 8.96046e-06 -0.000163399 0.000296053 -0.000324675
internal_weight=474 388 48 340 96 41 55 244 60 184
internal_count=474 388 48 340 96 41 55 244 60 184
is_linear=0
shrinkage=0.01


Tree=784
num_leaves=10
num_cat=0
split_feature=15 15 25 50 15 1 17 57 36
split_gain=0.261335 1.00561 0.779258 0.361786 0.49052 0.399926 0.165271 0.12272 0.11645
threshold=0.59966028550000006 0.62680950000000013 1.7928571490000003 5.2000001075000002 0.66664985700000001 0.23714497600000004 0.7348106430000001 6.6999999545000009 3.5285714865000002
decision_type=2 2 2 2 2 2 2 2 2
left_child=-1 2 -2 6 -5 -6 7 -3 -7
right_child=1 3 -4 4 5 8 -8 -9 -10
leaf_value=-0.0041880176152639245 -0.00034918685634652719 -4.1674568332993481e-05 0.00094774231849294654 0.00012255904867085359 0.00013015031700459422 1.3176418482742195e-05 0.00053435269215979496 1.4261213219514544e-07 -3.9005692049861997e-06
leaf_weight=74 20 161 28 20 20 20 32 25 56
leaf_count=74 20 161 28 20 20 20 32 25 56
internal_value=6.56741e-05 0.000175026 0.00151639 -1.49344e-05 0.000428082 0.000103306 -0.000260512 -0.000380086 -0.000208333
internal_weight=456 382 48 334 116 96 218 186 76
internal_count=456 382 48 334 116 96 218 186 76
is_linear=0
shrinkage=0.01


Tree=785
num_leaves=11
num_cat=0
split_feature=15 15 46 77 29 50 2 0 23 0
split_gain=0.277353 0.789982 0.352601 0.290326 0.276673 0.385842 0.240571 0.217555 0.060524 0.0343882
threshold=0.60295828550000008 0.62680950000000013 15.749999955000002 41.675000665000006 4.0571428540000012 4.8499999645000011 0.2567187855000001 0.12095741650000001 1.6285714295000002 0.15448225000000002
decision_type=2 2 2 2 2 2 2 2 2 2
left_child=9 -2 3 6 8 -6 -3 -8 -5 -1
right_child=1 2 -4 4 5 -7 7 -9 -10 -11
leaf_value=-0.0049824126636729476 0.00083619110276469445 0.00078112678621246746 0.00011793221357586634 -1.1333901950372048e-06 -1.4260743056527608e-05 0.00019644235192960055 -0.00032744251902949945 1.8814318934889976e-05 -1.267292414118886e-05 -0.0017010633682823309
leaf_weight=73 36 35 20 45 41 26 33 20 137 20
leaf_count=73 36 35 20 45 41 26 33 20 137 20
internal_value=0.000112983 0.000232351 8.24482e-05 0 -0.000170136 0.000361357 0.000495495 2.78809e-05 -0.000377462 -0.000367804
internal_weight=486 393 357 337 249 67 88 53 182 93
internal_count=486 393 357 337 249 67 88 53 182 93
is_linear=0
shrinkage=0.01


Tree=786
num_leaves=10
num_cat=0
split_feature=8 47 5 5 8 25 67 8 6
split_gain=0.477424 0.602382 0.368356 0.300581 0.290973 0.20679 0.112755 0.0431691 0.0360075
threshold=0.48546688100000007 3.5999999345000004 0.42560378550000005 0.43923085750000007 0.69816800000000012 1.8642857030000002 2.4100003240000003 0.62413026550000017 0.48752295700000009
decision_type=2 2 2 2 2 2 2 2 2
left_child=1 -1 6 -4 5 8 7 -2 -5
right_child=2 -3 3 4 -6 -7 -8 -9 -10
leaf_value=-0.0012977990792278637 -6.659220085881244e-05 0.0011728013767632124 0.00023489943811408318 1.8925007582890065e-06 9.6485112566652419e-05 0.0004660577800460388 6.6546941556004153e-05 0.0002611800511691842 -1.1724753717030408e-05
leaf_weight=25 195 21 38 20 25 25 25 20 84
leaf_count=25 195 21 38 20 25 25 25 20 84
internal_value=0 0.000961538 -0.000101664 0.000217842 6.45983e-06 -0.000173344 -0.000365449 -0.00044254 -0.00038168
internal_weight=478 46 432 192 154 129 240 215 104
internal_count=478 46 432 192 154 129 240 215 104
is_linear=0
shrinkage=0.01


Tree=787
num_leaves=8
num_cat=0
split_feature=46 20 34 44 39 66 20
split_gain=0.663779 0.32712 0.443086 0.279737 0.341351 0.231916 0.201354
threshold=15.949999745000001 74.90000000000002 4.4714285475000013 8.0000001565000023 6.2785714015000007 7.4350004195000006 59.560000000000009
decision_type=2 2 2 2 2 2 2
left_child=1 2 3 4 6 -3 -1
right_child=-2 5 -4 -5 -6 -7 -8
leaf_value=-0.00030519748959481873 0.00078543112139632621 -6.1762764860588748e-06 0.00024070572940107602 0.00051627541262709369 0.0005296706516870485 0.0002699568209667036 0.00040827587157204532
leaf_weight=138 20 154 23 33 36 29 28
leaf_count=138 20 154 23 33 36 29 28
internal_value=8.12039e-05 0 0.000227975 8.6938e-05 -4.43788e-05 -0.000323722 -0.000245803
internal_weight=461 441 258 235 202 183 166
internal_count=461 441 258 235 202 183 166
is_linear=0
shrinkage=0.01


Tree=788
num_leaves=9
num_cat=0
split_feature=46 58 3 101 3 101 51 51
split_gain=0.428183 0.457451 0.456731 0.401876 0.0615385 0.0552682 0.0799496 0.0449598
threshold=15.949999745000001 0.40000000950000009 0.34729942850000006 66.85331105500002 0.3109398570000001 131.48502525000004 5.5499999560000006 24.399999685000004
decision_type=2 2 2 2 2 2 2 2
left_child=1 2 4 -3 -1 7 -7 -5
right_child=-2 3 -4 5 -6 6 -8 -9
leaf_value=0.00045257141769225505 0.00076723961312265222 0.00076968388015274003 0.00025251978051992087 -0.00039313729343101408 -0.0011466866815002075 5.8606015117326215e-05 -6.8420443921043862e-07 1.8760167068618759e-05
leaf_weight=20 21 29 20 272 20 20 28 20
leaf_count=20 21 29 20 272 20 20 28 20
internal_value=-9.53861e-05 -0.000168683 0.000625 -0.000304219 0 -0.00040493 -4.09837e-05 -0.00045765
internal_weight=450 429 60 369 40 340 48 292
internal_count=450 429 60 369 40 340 48 292
is_linear=0
shrinkage=0.01


Tree=789
num_leaves=10
num_cat=0
split_feature=103 99 70 14 12 43 0 28 23
split_gain=0.350209 0.375251 0.264741 0.317701 0.614028 0.306515 0.615769 0.123646 0.1141
threshold=27.836040485000002 23.947142605000007 22.649999620000003 0.73474053600000011 0.68805311950000003 3.7000000065000003 0.14764960450000003 4.1571428610000014 1.9571428385000003
decision_type=10 2 2 2 2 2 2 2 2
left_child=1 2 3 4 -1 6 -4 8 -7
right_child=-2 -3 5 -5 -6 7 -8 -9 -10
leaf_value=-9.1164644290092194e-06 0.00039781827998501443 9.3805791358737262e-05 -0.00086188447006109101 -0.00049736760341488541 0.00011161784517595731 -1.3960324733655037e-05 0.00045143839046473105 1.5906700399802639e-05 0.00048323637167692113
leaf_weight=23 37 20 40 36 20 202 37 21 28
leaf_count=23 37 20 40 36 20 202 37 21 28
internal_value=0.000120482 3.38942e-05 -2.82002e-05 0.000482456 0.00106164 -0.000158151 0.000379177 -0.000331613 -0.000402946
internal_weight=464 427 407 79 43 328 77 251 230
internal_count=464 427 407 79 43 328 77 251 230
is_linear=0
shrinkage=0.01


Tree=790
num_leaves=9
num_cat=1
split_feature=104 88 67 35 35 31 1 13
split_gain=0.300334 0.597652 0.377415 0.207207 0.645278 0.184209 0.140873 0.0423975
threshold=0 15.030000075000002 2.1949996945000003 5.535714285500001 5.3428571565000009 2.4214285700000002 0.21134878550000002 0.59721089000000005
decision_type=1 2 2 2 2 2 2 2
left_child=5 -2 3 4 -3 7 -7 -1
right_child=1 2 -4 -5 -6 6 -8 -9
leaf_value=-0.001950275887307247 0.00011666047629786942 -8.7045181877644471e-07 0.00041139767285029732 -0.00024627887670548176 6.4255877665362384e-05 0.0054318399421879942 -5.5980017167143943e-05 -5.6616984214007509e-05
leaf_weight=20 27 42 31 94 22 20 34 173
leaf_count=20 27 42 31 94 22 20 34 173
internal_value=-4.20441e-05 0.000220458 1.84403e-05 -0.000170025 0.000246913 -0.000277347 0.00020073 -0.000436017
internal_weight=463 216 189 158 64 247 54 193
internal_count=463 216 189 158 64 247 54 193
cat_boundaries=0 1
cat_threshold=679547987
is_linear=0
shrinkage=0.01


Tree=791
num_leaves=13
num_cat=0
split_feature=5 88 84 16 19 19 8 58 0 39 4 0
split_gain=0.688678 0.838679 0.602954 0.823125 1.31967 0.630232 0.328386 0.233077 0.3368 0.0558371 0.0799496 0.0278899
threshold=0.42560378550000005 15.022857120000003 6.0828571915000014 0.72594564300000008 0.51557842850000013 0.45154139300000001 0.48546688100000007 10.550000070000001 0.096013500000000015 6.2000000135000013 0.33419702350000008 0.30868768750000003
decision_type=2 2 2 2 2 2 2 2 2 2 2 2
left_child=6 -2 3 4 5 -3 -1 9 -9 -8 -11 -4
right_child=1 2 11 -5 -6 -7 7 8 -10 10 -12 -13
leaf_value=0.00064504362557572207 0.00014997007462544542 0.00069994410673983613 -4.2521140746833718e-05 -8.7284526181590473e-05 0.00025228392330912139 -0.00037677799488512146 -0.00060529292834296641 0.0003382674373132183 -1.3233484914732538e-06 5.5280747312077413e-05 -0.0015320451729364973 -2.9068654348760741e-06
leaf_weight=38 22 26 45 31 21 28 149 20 21 20 28 20
leaf_count=38 22 26 45 31 21 28 149 20 21 20 28 20
internal_value=0.000220306 0.000678534 0.000422002 0.000889513 0.00145778 0.000565693 -9.39308e-05 -0.000238694 0.00041866 -0.000386754 -4.09837e-05 -0.00031155
internal_weight=469 193 171 106 75 54 276 238 41 197 48 65
internal_count=469 193 171 106 75 54 276 238 41 197 48 65
is_linear=0
shrinkage=0.01


Tree=792
num_leaves=9
num_cat=0
split_feature=67 20 46 50 90 27 102 8
split_gain=0.527894 0.675907 0.418271 0.40356 0.322928 0.132964 0.236593 0.10656
threshold=0.52500009550000015 30.940000000000005 15.949999745000001 4.5000000785000003 12.567857300000002 2.2357142865000008 26.400175465 0.5117537860000001
decision_type=2 2 2 2 2 2 10 2
left_child=1 -1 4 -3 -2 6 7 -6
right_child=2 3 -4 -5 5 -7 -8 -9
leaf_value=0.00072543266540675533 3.2833189562901314e-06 -2.0620260771762652e-05 0.00075019820141935135 6.399673986628395e-05 2.0063877647206282e-06 -5.2885403880191172e-05 0.00024521921790849992 -1.9726759223103749e-05
leaf_weight=25 28 39 21 39 21 145 31 108
leaf_count=25 28 39 21 39 21 145 31 108
internal_value=0.000108126 0.000736994 -7.04624e-05 0.000241117 -0.000163272 -0.000263244 -4.97514e-05 -0.000250385
internal_weight=457 103 354 78 333 305 160 129
internal_count=457 103 354 78 333 305 160 129
is_linear=0
shrinkage=0.01


Tree=793
num_leaves=10
num_cat=1
split_feature=50 104 28 56 29 6 1 36 56
split_gain=0.371573 0.29441 0.502798 0.236631 0.505169 0.130341 0.208896 0.119549 0.0931985
threshold=9.0000000000000018 0 4.1499999930000007 0.99999999650000004 4.0571428540000012 0.51452969050000008 0.28351002850000001 3.2785714010000002 2.4500000325000006
decision_type=2 1 2 2 2 2 2 2 2
left_child=1 7 3 4 -3 8 -7 -1 -5
right_child=-2 2 -4 5 -6 6 -8 -9 -10
leaf_value=6.789352204035503e-06 7.7212447214878945e-05 -1.0650462144612575e-05 0.0002477410243915606 -2.7496386895477406e-05 0.00088072389155549905 0.00038030742423145783 -8.7887040316428927e-05 -4.3473840044851858e-05 -0.0009195052757041979
leaf_weight=25 20 32 39 56 20 27 21 141 99
leaf_count=25 20 32 39 56 20 27 21 141 99
internal_value=3.74375e-05 -1.73612e-05 0.000167323 1.95453e-06 0.00060606 -0.00014475 0.000286885 -0.000345023 -0.000292041
internal_weight=480 460 294 255 52 203 48 166 155
internal_count=480 460 294 255 52 203 48 166 155
cat_boundaries=0 1
cat_threshold=675349200
is_linear=0
shrinkage=0.01


Tree=794
num_leaves=12
num_cat=0
split_feature=52 69 15 16 11 15 43 18 81 73 1
split_gain=0.519189 0.462211 0.425833 0.532772 0.90839 0.360307 0.285057 0.315201 0.104658 0.0402441 0.031695
threshold=17.200000350000003 25.105000970000003 0.7266769525000002 0.67248635700000015 0.6760767860000001 0.70211948550000014 5.750000044500001 0.52939835750000008 1.5021428430000003 69.935000420000009 0.21391490450000003
decision_type=2 2 2 2 2 2 2 2 2 2 2
left_child=1 -1 3 6 5 -5 7 -3 9 -2 -4
right_child=8 2 10 4 -6 -7 -8 -9 -10 -11 -12
leaf_value=1.1844744238457533e-05 -0.0014765581313836242 -5.9692123020331066e-06 0.00026128395916158952 0.0007962473605966601 0.0002308671546233258 -1.7106673313787726e-05 -0.0024750368635228959 0.00071310636024465813 9.9797805714191929e-06 -0.00013908091301580695 -5.5670543762096137e-06
leaf_weight=20 130 29 20 21 28 28 53 25 24 20 59
leaf_count=20 130 29 20 21 28 28 53 25 24 20 59
internal_value=0.000108126 0.000375264 0.000252085 0.00051948 0.00115039 0.000271084 4.17439e-05 0.000565693 -0.000314645 -0.000417772 -0.000344612
internal_weight=457 283 263 184 77 49 107 54 174 150 79
internal_count=457 283 263 184 77 49 107 54 174 150 79
is_linear=0
shrinkage=0.01


Tree=795
num_leaves=11
num_cat=0
split_feature=24 103 58 16 90 0 26 8 3 88
split_gain=0.535888 0.78271 0.473805 0.423415 0.270748 0.423004 0.245055 0.209025 0.0391749 0.0362692
threshold=1.9214285615000002 19.605197285000003 0.50000001100000013 0.68154645200000008 13.063571455000002 0.12681091700000002 1.8857142795000004 0.54812885700000014 0.29381971400000001 15.943571430000002
decision_type=2 8 2 2 2 2 2 2 2 2
left_child=1 -1 3 -3 5 6 -4 -6 -9 -2
right_child=9 2 4 -5 7 -7 -8 8 -10 -11
leaf_value=0.00024267316949859929 -0.00074340835091621317 0.000657720271720394 -0.00013001128011899516 1.2054928216621418e-06 2.3525698294596865e-05 4.5632985880423264e-05 0.00026244633188412256 -4.8080179920179707e-05 -6.563311531643625e-05 -0.00015585957723801693
leaf_weight=27 109 28 44 30 27 30 20 20 115 21
leaf_count=27 109 28 44 30 27 30 20 20 115 21
internal_value=0.000132471 0.000343768 0.000193774 0.0010034 0 0.000432489 -1.17738e-10 -0.000239558 -0.000408689 -0.000405199
internal_weight=471 341 314 58 256 94 64 162 135 130
internal_count=471 341 314 58 256 94 64 162 135 130
is_linear=0
shrinkage=0.01


Tree=796
num_leaves=13
num_cat=0
split_feature=39 39 46 60 15 12 79 51 15 55 10 9
split_gain=0.494063 0.694914 0.349852 0.25408 0.535378 1.44443 0.194651 0.122256 0.170852 0.154534 0.0819471 0.0268617
threshold=6.2785714015000007 6.4142857620000013 15.999999800000003 4.7999999225000005 0.7266769525000002 0.66822935700000008 95.604997635000018 19.250000125000003 0.57585347600000014 2.8999999650000006 0.56784328550000007 0.68913092500000006
decision_type=2 2 2 2 2 2 2 2 2 2 2 2
left_child=2 -2 3 6 5 10 7 9 -9 -1 -5 -6
right_child=1 -3 -4 4 11 -7 -8 8 -10 -11 -12 -13
leaf_value=-0.00039086641105892531 0.0003814250120074667 -0.00013146833712085969 0.00074372742115772991 1.4269255787516776e-05 -4.9496583951759704e-06 0.00023312691375150949 1.4648152782382573e-05 -0.0032898523492099021 0.0006231961963159481 6.7192730932074967e-06 -0.00061823465517335519 -7.5299497614082751e-07
leaf_weight=168 23 23 20 20 42 26 24 20 20 20 29 20
leaf_count=168 23 23 20 20 42 26 24 20 20 20 29 20
internal_value=0.000198552 0.00117521 8.17471e-05 8.97884e-06 0.000359216 0.000930079 -0.000174051 -0.000270979 0.000196078 -0.000381356 -5.02009e-05 -0.000302548
internal_weight=455 46 409 389 137 75 252 228 40 188 49 62
internal_count=455 46 409 389 137 75 252 228 40 188 49 62
is_linear=0
shrinkage=0.01


Tree=797
num_leaves=11
num_cat=0
split_feature=102 102 15 5 53 66 81 4 82 14
split_gain=0.626641 0.85066 1.17816 1.13811 0.49142 0.321191 0.26163 0.593368 0.163181 0.187035
threshold=23.530456615000002 26.400644640000003 0.72705264250000012 0.40333207150000006 25.450000005000003 0.76999998100000011 -1.3478571409999998 0.33673492850000003 7.1528571670000014 0.62376642850000008
decision_type=10 10 2 2 2 2 2 2 2 2
left_child=5 2 3 -2 6 -1 7 -3 9 -7
right_child=1 4 -4 -5 -6 8 -8 -9 -10 -11
leaf_value=5.8217203540080634e-06 2.5755215119208803e-05 -0.00039423503626748055 -2.0092043371163901e-06 0.00057130988436937221 0.00043996013583668672 -0.0045044940104888506 -8.5819905774239751e-05 0.0011535363611680882 -0.00034541530397883382 0.00031142042493008664
leaf_weight=39 29 29 30 27 32 28 75 21 123 32
leaf_count=39 29 29 30 27 32 28 75 21 123 32
internal_value=0.000290897 0.000641919 0.00144009 0.00228873 0.000186945 -8.52784e-05 -8.34659e-05 0.000452756 -0.000269315 0.000131579
internal_weight=465 243 86 56 157 222 125 50 183 60
internal_count=465 243 86 56 157 222 125 50 183 60
is_linear=0
shrinkage=0.01


Tree=798
num_leaves=14
num_cat=1
split_feature=104 26 17 27 19 10 4 103 23 10 19 4 3
split_gain=0.661902 0.715321 0.981264 0.318538 0.399445 0.537944 0.223691 0.218357 0.208411 0.183027 0.0398428 0.0285266 0.0180012
threshold=0 1.9642857145000001 0.60800007150000013 2.2642857260000002 0.57441454800000014 0.61875621450000018 0.41010369050000006 27.785577100000001 1.8357142720000004 0.61958066700000014 0.59937400000000018 0.25709385750000008 0.34819728550000006
decision_type=1 2 2 2 2 2 2 10 2 2 2 2 2
left_child=7 2 -2 4 12 -6 11 8 10 -10 -1 -3 -4
right_child=1 6 3 -5 5 -7 -8 -9 9 -11 -12 -13 -14
leaf_value=-0.0015368500984223965 0.00040601865203032612 -0.0019064914282874662 -0.00020340000442741396 0.00073919345033617511 -0.00016752447547091823 5.4610867236781879e-05 0.00073499392423819615 0.00047806702606522592 0.00060444696491620729 -4.8511686889561665e-05 -2.8437756554334153e-05 -0.0018026708819901011 1.4783902059184174e-05
leaf_weight=124 21 20 24 25 32 26 20 20 27 36 20 47 20
leaf_count=124 21 20 24 25 32 26 20 20 27 36 20 47 20
internal_value=0.000296024 0.00065297 0.00110215 0.000739437 0.000457198 0.0010034 -1.70844e-05 -9.04122e-05 -0.000199711 0.000258621 -0.000414365 -0.000317109 -0.000223214
internal_weight=462 235 148 127 102 58 87 227 207 63 144 67 44
internal_count=462 235 148 127 102 58 87 227 207 63 144 67 44
cat_boundaries=0 1
cat_threshold=4261403
is_linear=0
shrinkage=0.01


Tree=799
num_leaves=11
num_cat=0
split_feature=103 103 13 21 6 7 7 5 3 17
split_gain=0.438064 0.495451 0.257342 0.370417 0.208657 1.08349 0.163953 0.125403 0.0393308 0.0343882
threshold=15.62283908 19.605197285000003 0.6352380875000001 0.72142858150000011 0.47699496450000006 0.56453935700000013 0.4486157145000001 0.49411128550000005 0.34854228600000009 0.72495733350000002
decision_type=10 10 2 2 2 2 2 2 2 2
left_child=6 -2 -3 -4 9 -6 -1 8 -8 -5
right_child=1 2 3 4 5 -7 7 -9 -10 -11
leaf_value=0.00043407702298042014 0.00035954936349893204 0.00050984377869758282 0.00041240486630422573 -0.00035171258853541025 0.00031187086050288196 -1.1681371961322746e-05 -0.0010886089669966904 0.00010807120744428328 -0.00044320511452082675 -0.0005383922383658486
leaf_weight=27 38 37 28 73 20 63 117 20 20 20
leaf_count=27 38 37 28 73 20 63 117 20 20 20
internal_value=0.000208064 0.000459256 0.000279156 0.000126953 -3.39368e-05 0.000316229 -0.000162338 -0.000294677 -0.000410015 -0.000367804
internal_weight=463 279 241 204 176 83 184 157 137 93
internal_count=463 279 241 204 176 83 184 157 137 93
is_linear=0
shrinkage=0.01


Tree=800
num_leaves=12
num_cat=0
split_feature=40 14 4 18 46 12 30 31 78 46 65
split_gain=0.556597 0.457993 0.922872 0.964778 0.226228 0.215761 0.235044 0.206596 0.112796 0.0942384 0.089801
threshold=5.9071428605000014 0.71544738100000005 0.38621613100000002 0.69747871400000017 11.700000035 0.74167728600000016 3.7357142655000004 2.2714285595000008 66.500000955000004 7.9999998955000011 0.045000076500000007
decision_type=2 2 2 2 2 2 2 2 2 2 2
left_child=1 2 3 4 9 10 -7 -6 -2 -1 -3
right_child=8 5 -4 -5 7 6 -8 -9 -10 -11 -12
leaf_value=1.4154834163288271e-06 -0.0034604044259889432 -1.1623198323471044e-05 0.00010680550074922176 0.00062874610411081558 0.00078971739919483127 -0.00012083556868340376 0.00066023903711090709 -2.298652792234666e-05 0.00067890834429704052 -0.0011683607152268938 -8.7946107896966174e-06
leaf_weight=25 110 71 36 25 20 25 20 22 25 64 27
leaf_count=25 110 71 36 25 20 25 20 22 25 64 27
internal_value=0.000197536 0.000418404 0.000736514 0.000382653 1.8968e-05 0 0.000556768 0.000630841 -0.000335052 -0.000250557 -0.000273279
internal_weight=470 335 192 156 131 143 45 42 135 89 98
internal_count=470 335 192 156 131 143 45 42 135 89 98
is_linear=0
shrinkage=0.01


Tree=801
num_leaves=11
num_cat=0
split_feature=46 8 5 5 103 63 51 10 25 46
split_gain=0.315544 0.422173 0.379057 0.727272 0.463195 0.689947 0.267626 0.535265 0.124471 0.100179
threshold=3.0999999795000006 0.48546688100000007 0.42560378550000005 0.43889654750000001 25.921937140000004 5.084999561500001 5.2499999925000012 0.61875621450000018 1.8642857030000002 12.800000015000002
decision_type=2 2 2 2 8 2 2 2 2 2
left_child=-1 -2 6 -4 5 -5 7 -3 -6 -8
right_child=1 2 3 4 8 -7 9 -9 -10 -11
leaf_value=-0.007370982269173188 0.00071599889400779425 -0.0018348355402349678 0.00022551537036217325 0.0001079126825728595 -8.2943045728251977e-06 -2.0883705615027806e-05 -0.00021484032505713756 2.1012721162748074e-05 0.00010592244036234572 0.00049152268531075724
leaf_weight=60 29 31 32 39 67 35 111 30 20 28
leaf_count=60 29 31 32 39 67 35 111 30 20 28
internal_value=0.000200911 0.000300378 0.000206958 0.000523736 0.000231767 0.000815508 -8.96416e-05 0.000444984 -0.000244875 -0.000339771
internal_weight=482 422 393 193 161 74 200 61 87 139
internal_count=482 422 393 193 161 74 200 61 87 139
is_linear=0
shrinkage=0.01


Tree=802
num_leaves=12
num_cat=0
split_feature=82 31 4 39 103 68 101 60 82 101 6
split_gain=0.57952 0.479792 0.383319 0.393373 0.365918 0.303053 0.245661 0.429411 0.152219 0.177881 0.0192946
threshold=7.9285712925000009 2.0714285625000008 0.33253569050000004 6.2357142655000013 27.750884020000004 40.894999980000009 77.303394425000008 2.3000000305000001 7.1528571670000014 87.274355950000015 0.37637250000000005
decision_type=2 2 2 2 10 2 2 2 2 2 2
left_child=4 -2 -3 -4 5 8 -7 -8 9 10 -1
right_child=1 2 3 -5 -6 6 7 -9 -10 -11 -12
leaf_value=-0.0047651407951971002 0.00015330238680698932 2.4319114990901257e-05 -0.0020226004267417607 0.00012418588474832909 0.00060271660435797653 0.001201879092662297 -0.0012694067871378068 2.3788680077557579e-05 -3.6863977441414898e-05 9.8516600987714472e-05 -0.0067602701622379814
leaf_weight=20 32 23 48 23 30 20 50 31 140 20 26
leaf_count=20 32 23 48 23 30 20 50 31 140 20 26
internal_value=0.000251186 0.000828076 0.000432489 3.48188e-05 2.8123e-05 -6.98507e-05 0.000368369 9.16869e-05 -0.000294971 7.48502e-05 -0.000235043
internal_weight=463 126 94 71 337 307 101 81 206 66 46
internal_count=463 126 94 71 337 307 101 81 206 66 46
is_linear=0
shrinkage=0.01


Tree=803
num_leaves=10
num_cat=1
split_feature=87 50 104 20 20 36 19 1 20
split_gain=0.590756 0.342692 0.391528 0.28935 0.559845 0.310648 0.219087 0.0395564 0.0338796
threshold=6.6842856920000004 9.0000000000000018 0 74.520000000000024 57.185000000000009 3.9999999830000004 0.56285614300000009 0.18739064300000005 93.810000000000016
decision_type=2 2 1 2 2 2 2 2 2
left_child=1 2 7 4 5 -4 8 -1 -5
right_child=-2 -3 3 6 -6 -7 -8 -9 -10
leaf_value=0.00039858487014175379 0.00055683260117588831 5.8733475221361199e-05 -3.8999520379526684e-05 1.7900158656550259e-06 0.0001349952034111434 0.0003894427174315625 1.096860118357827e-05 -7.940581589376515e-05 -5.7540130688294891e-05
leaf_weight=20 20 20 93 20 36 21 36 120 70
leaf_count=20 20 20 93 20 36 21 36 120 70
internal_value=0.000175131 9.1575e-05 2.39922e-05 0.000244072 0.000550398 0.000182927 -8.67509e-05 -0.000384615 -0.000363436
internal_weight=456 436 416 276 150 114 126 140 90
internal_count=456 436 416 276 150 114 126 140 90
cat_boundaries=0 1
cat_threshold=10552458
is_linear=0
shrinkage=0.01


Tree=804
num_leaves=12
num_cat=0
split_feature=101 20 11 16 14 77 101 20 18 24 27
split_gain=0.324067 0.355464 0.536777 1.17668 0.399926 0.170198 0.143903 0.212104 0.11645 0.0402441 0.0335219
threshold=95.692065825000014 72.335000000000008 0.66858692900000016 0.72412207150000019 0.62552166050000013 56.415000915000007 73.069060915000009 65.865000000000009 0.69111900000000015 1.8285714135000002 2.3142857000000006
decision_type=2 2 2 2 2 2 2 2 2 2 2
left_child=6 2 4 -4 -2 10 7 -1 -6 -8 -3
right_child=1 5 3 -5 8 -7 9 -9 -10 -11 -12
leaf_value=-0.0033778012561978162 0.00075702324133622857 -8.8347502899772755e-05 0.00015790729167472573 -0.00051173537429180375 -0.00024720372276620001 1.0553826777897166e-05 1.2505102826969109e-05 0.00063315512994408126 2.0792369261700712e-05 -0.0028683059085048423 -1.667560844859818e-06
leaf_weight=29 20 68 30 28 56 27 20 30 20 130 20
leaf_count=29 20 68 30 28 56 27 20 30 20 130 20
internal_value=3.96824e-05 0.000272424 0.000587855 0.00134354 0.000103306 -0.000133852 -0.000250238 0.00014214 -0.000208333 -0.000417772 -0.00036036
internal_weight=478 269 154 58 96 115 209 59 76 150 88
internal_count=478 269 154 58 96 115 209 59 76 150 88
is_linear=0
shrinkage=0.01


Tree=805
num_leaves=10
num_cat=0
split_feature=58 54 50 15 15 55 102 103 6
split_gain=0.541218 0.536399 0.888665 0.223172 0.510328 0.271203 0.426365 0.314624 0.0363926
threshold=0.45000001000000006 0.90000000950000014 3.8000000305000001 0.59966028550000006 0.61298792850000006 0.40000000950000009 27.772760855000005 25.694522490000004 0.41655476200000002
decision_type=2 2 2 2 2 2 8 8 2
left_child=1 -1 -3 -2 -5 8 7 -7 -6
right_child=3 2 -4 4 5 6 -8 -9 -10
leaf_value=-0.0011050573931724282 -0.0036813360316737742 -0.0006337114549180413 0.00027743702213375561 0.00079290158051257349 -0.0015365412375081115 1.3732775238696924e-05 0.00045762323735995053 -4.192139341331286e-06 -0.00035247165257937892
leaf_weight=20 78 23 32 23 20 51 32 86 87
leaf_count=20 78 23 32 23 20 51 32 86 87
internal_value=0.00015901 0.000930079 0.00144265 0 0.000128419 0 0.000256184 0 -0.000384972
internal_weight=452 75 55 377 299 276 169 137 107
internal_count=452 75 55 377 299 276 169 137 107
is_linear=0
shrinkage=0.01


Tree=806
num_leaves=11
num_cat=0
split_feature=103 14 17 19 23 54 7 7 103 17
split_gain=0.59115 0.880976 0.692745 0.823009 0.245879 0.228249 0.202086 0.128308 0.124247 0.0399801
threshold=17.974813495000003 0.71544738100000005 0.67827464300000007 0.48749764300000004 1.8285714135000002 15.200000275000003 0.61726553600000011 0.43138833350000011 27.836040485000002 0.69084445250000004
decision_type=10 2 2 2 2 2 2 2 10 2
left_child=6 2 3 -2 -5 8 7 -1 -3 -9
right_child=1 5 -4 4 -6 -7 -8 9 -10 -11
leaf_value=0.00070086339640106088 0.0001988569890850063 -3.3062492371257111e-05 3.6008884064237227e-05 -0.00013151903228891907 0.00046256949501261772 0.00012914397224301767 9.6721043497846083e-05 -0.0011618052302674652 0.00019714655147380647 -5.0540089684539053e-08
leaf_weight=20 31 79 39 43 31 20 24 126 21 20
leaf_count=20 31 79 39 43 31 20 24 126 21 20
internal_value=0.000244063 0.000551359 0.00107735 0.000619093 1.33689e-05 -6.62253e-05 -0.000172956 -0.000305756 -0.000277778 -0.000415531
internal_weight=454 264 144 105 74 120 190 166 100 146
internal_count=454 264 144 105 74 120 190 166 100 146
is_linear=0
shrinkage=0.01


Tree=807
num_leaves=11
num_cat=0
split_feature=66 101 16 16 1 0 11 92 60 7
split_gain=0.370983 0.577563 0.246161 0.388244 0.701812 0.742016 0.336228 0.297805 0.183842 0.130082
threshold=0.76999998100000011 123.31370900000002 0.72412207150000019 0.67248635700000015 0.23523003550000002 0.091084895500000013 0.68498232150000016 13.157857215000002 6.7999999115000014 0.42114135700000005
decision_type=2 2 2 2 2 2 2 2 2 2
left_child=1 -1 3 7 5 -5 -6 8 9 -2
right_child=2 -3 -4 4 6 -7 -8 -9 -10 -11
leaf_value=5.3701576378153911e-05 5.1453020135405899e-05 -3.7792900874117255e-05 -8.488206252403321e-05 2.0687586310583702e-05 -1.0260992774953756e-05 0.00077534530637425353 0.00013669750871494045 0.00039993968958820374 9.1506127732319961e-05 -0.0010327962801177199
leaf_weight=20 20 31 62 23 47 22 36 37 26 152
leaf_count=20 20 31 62 23 47 22 36 37 26 152
internal_value=0.000209731 0.00101351 0.000106858 0.00021028 0.000652174 0.00164847 7.75655e-05 -2.3325e-05 -0.000186117 -0.0003125
internal_weight=476 51 425 363 128 45 83 235 198 172
internal_count=476 51 425 363 128 45 83 235 198 172
is_linear=0
shrinkage=0.01


Tree=808
num_leaves=13
num_cat=0
split_feature=38 101 16 84 16 15 29 80 20 20 0 0
split_gain=0.743655 0.459076 0.562245 0.920028 0.29524 0.838957 0.701065 0.283315 0.185127 0.346083 0.0257349 0.0199046
threshold=5.414285694000001 90.291620205000015 0.62757321450000003 6.0449999530000005 0.67720392850000011 0.7010374760000001 3.9285713775000004 97.895001410000006 61.020000000000003 93.330000000000027 0.16271763550000004 0.096013500000000015
decision_type=2 2 2 2 2 2 2 2 2 2 2 2
left_child=1 8 3 -3 10 6 -6 -7 -1 -10 -4 -11
right_child=-2 2 4 -5 5 7 -8 -9 9 11 -12 -13
leaf_value=-0.0021793674670781919 7.5356397548607588e-05 0.00037075260035061136 -0.0013371269054520617 -0.0041819860390690097 3.300879197583377e-05 -7.8536331329384523e-06 0.00076759185331050784 1.5192960695703537e-05 0.00069089584258341912 -0.00059594279729260002 -0.00031932402601949684 -1.9966639539633994e-05
leaf_weight=89 27 22 20 20 22 121 22 23 21 20 39 27
leaf_count=89 27 22 20 20 22 121 22 23 21 20 39 27
internal_value=0.000361967 0.000257386 0.000495169 0.00156542 0.000300646 0.000497881 0.00169643 0.000110497 -0.000167934 0.000203488 -0.000292642 -0.000240586
internal_weight=473 446 289 42 247 188 44 144 157 68 59 47
internal_count=473 446 289 42 247 188 44 144 157 68 59 47
is_linear=0
shrinkage=0.01


Tree=809
num_leaves=12
num_cat=0
split_feature=6 3 29 49 15 11 65 16 7 2 37
split_gain=0.768011 0.625414 0.507728 0.537698 0.577189 0.586587 0.363701 0.326242 0.188056 0.118855 0.0417632
threshold=0.54869635750000012 0.39587557150000002 4.0785714385000009 0.40000000950000009 0.71941769050000015 0.63866826200000004 1.2950000765000003 0.68154645200000008 0.4486157145000001 0.26168571400000001 3.8214285205000005
decision_type=2 2 2 2 2 2 2 2 2 2 2
left_child=2 -2 3 10 5 8 7 -4 -5 -6 -1
right_child=1 -3 6 4 9 -7 -8 -9 -10 -11 -12
leaf_value=-0.0003003024661644546 0.00013864645432164086 4.5876004765701374e-06 0.00074331378165781584 6.7914776924763308e-05 0.00027377026835032905 6.3280341174546843e-05 -0.00011333025743412122 -2.5505664185833127e-05 -0.001507509963421875 -9.7651863586317858e-06 -0.00031827252771666705
leaf_weight=20 20 23 31 20 20 36 27 23 24 59 158
leaf_count=20 20 23 31 20 20 36 27 23 24 59 158
internal_value=0.000254439 0.00151826 0.000117001 -4.88456e-05 0.000366082 0.000965346 0.000825183 0.00129562 0.000133928 -0.000219298 -0.000430649
internal_weight=461 43 418 337 159 80 81 54 44 79 178
internal_count=461 43 418 337 159 80 81 54 44 79 178
is_linear=0
shrinkage=0.01


Tree=810
num_leaves=12
num_cat=0
split_feature=50 0 0 87 84 23 16 34 101 63 0
split_gain=0.787243 0.644829 1.60173 0.446321 0.446011 0.553102 0.67447 0.302315 0.356016 0.229729 0.134023
threshold=4.0999999530000011 0.26401193750000002 0.24605875000000002 6.6842856920000004 5.4750000240000007 1.8571428485000003 0.69284235700000008 3.8714285410000007 116.36960995000003 6.9450006485000015 0.065224698000000011
decision_type=2 2 2 2 2 2 2 2 2 2 2
left_child=3 2 4 7 -2 6 -6 8 -1 -3 -9
right_child=1 9 -4 -5 5 -7 -8 10 -10 -11 -12
leaf_value=0.00069322252593858843 -0.00082170407284328818 -4.2407596273622148e-05 0.00013953887975069913 0.00028549800822736895 4.9881369170185353e-05 -3.5198581253467345e-05 7.185491751701685e-06 -0.00016206420017344757 -0.00020158190157605754 0.00010573849826855041 -0.00017061623812360767
leaf_weight=37 26 44 20 20 26 35 22 23 27 21 165
leaf_count=37 26 44 20 20 26 35 22 23 27 21 165
internal_value=0.000289203 0.000775154 0.00118259 -5.13198e-05 0.000669399 0.00103222 0.00172131 -0.000174051 0.000401234 -7.5989e-06 -0.000381356
internal_weight=466 194 129 272 109 83 48 252 64 65 188
internal_count=466 194 129 272 109 83 48 252 64 65 188
is_linear=0
shrinkage=0.01


Tree=811
num_leaves=12
num_cat=0
split_feature=4 15 3 20 37 20 18 2 76 41 16
split_gain=0.892497 0.561541 1.20752 1.17483 0.478321 0.748209 0.231653 0.360103 0.169828 0.0695402 0.0710918
threshold=0.38555321400000003 0.69239089800000009 0.39041135700000001 88.185000000000016 4.7142857310000013 44.765000000000008 0.68323078550000005 0.26168571400000001 52.375000000000007 0.45000000650000005 0.66402850000000013
decision_type=2 2 2 2 2 2 2 2 2 2 2
left_child=4 8 3 -3 6 -6 9 -8 -2 -1 -11
right_child=1 2 -4 -5 5 -7 7 -9 -10 10 -12
leaf_value=-0.00031796253098598611 -0.00041880263767684863 0.00011074482147048908 -3.3693853851214563e-05 2.3446968961125422e-06 0.00035790895646947306 -0.00035225549934906356 0.0013075137790024671 -0.00045641055369413853 1.722856062965255e-05 -0.0012392493415694932 4.037546626155422e-05
leaf_weight=197 26 20 20 22 21 34 20 24 33 24 20
leaf_count=197 26 20 20 22 21 34 20 24 33 24 20
internal_value=0.000146167 0.000882594 0.00154459 0.0025 -0.000111502 0.000725806 -0.000281666 0.000357143 0.00014214 -0.000407362 -1.17081e-10
internal_weight=461 121 62 42 340 55 285 44 59 241 44
internal_count=461 121 62 42 340 55 285 44 59 241 44
is_linear=0
shrinkage=0.01


Tree=812
num_leaves=12
num_cat=0
split_feature=54 57 50 11 31 5 86 12 0 20 5
split_gain=0.694707 0.660597 0.509188 0.639057 0.254916 0.570504 0.314544 0.122808 0.190892 0.104086 0.0302359
threshold=18.700000035000006 1.0000000225000003 6.1999998575000008 0.67250023800000014 2.3142857125000007 0.48095428550000008 6.2649999135000014 0.62746538100000004 0.16146656950000002 130.56500000000003 0.34123250000000005
decision_type=2 2 2 2 2 2 2 2 2 2 2
left_child=2 -2 4 -4 7 6 -6 8 -1 -9 -8
right_child=1 -3 3 -5 5 -7 10 9 -10 -11 -12
leaf_value=-0.0043487548310782243 0.00026157904913876501 -3.7830127804962023e-05 -3.135511579085666e-05 0.0001045010573766078 0.00081716549755854169 4.3317543872944536e-05 -0.0017284645749808436 -0.00033538893642867131 0.00034033925662732361 0.00033113030879803484 -0.0003062949772480721
leaf_weight=29 32 22 29 32 26 20 20 150 32 29 53
leaf_count=29 32 22 29 32 26 20 20 150 32 29 53
internal_value=0.000233783 0.00129562 9.03041e-05 0.000930421 -4.86383e-05 0.000321369 0 -0.000240864 0.000121359 -0.000375417 -0.000331978
internal_weight=474 54 420 61 359 119 99 240 61 179 73
internal_count=474 54 420 61 359 119 99 240 61 179 73
is_linear=0
shrinkage=0.01


Tree=813
num_leaves=10
num_cat=0
split_feature=77 103 67 67 50 19 5 16 0
split_gain=0.61947 0.689905 0.59785 0.52536 0.502649 0.283885 0.322992 0.0435835 0.0257349
threshold=55.810001375000006 19.605197285000003 0.54500007650000015 0.3400001525000001 6.1999998575000008 0.67250557150000012 0.50273019050000012 0.7378587860000001 0.27298850000000008
decision_type=2 8 2 2 2 2 2 2 2
left_child=4 -2 3 -3 5 6 7 -1 -4
right_child=1 2 8 -5 -6 -7 -8 -9 -10
leaf_value=-7.8359439455599311e-05 0.00073280262316362114 -0.00044767584126016328 -0.0011449825436213984 0.00055133913499534224 6.2716308781602745e-05 9.4676525825164307e-05 6.2716017590133504e-06 0.00017231482007210142 8.947192764986525e-06
leaf_weight=209 24 22 39 31 39 20 21 20 20
leaf_count=209 24 22 39 31 39 20 21 20 20
internal_value=0.000169358 0.000730994 0.00037234 0.00114312 -7.26276e-05 -0.000232644 -0.000330941 -0.00044604 -0.000292642
internal_weight=445 136 112 53 309 270 250 229 59
internal_count=445 136 112 53 309 270 250 229 59
is_linear=0
shrinkage=0.01


Tree=814
num_leaves=12
num_cat=0
split_feature=69 6 75 20 16 102 75 15 12 85 17
split_gain=0.62052 0.322769 0.190781 0.527577 0.594052 0.624434 0.117662 0.196912 0.283044 0.107377 0.0350185
threshold=33.000000475000007 0.54869635750000012 81.865000725000016 62.545000000000009 0.71712764300000009 26.854722890000001 86.245000840000003 0.59966028550000006 0.6585176195000001 8.7650000365000018 0.63331250000000006
decision_type=2 2 2 2 2 8 2 2 2 2 2
left_child=1 2 3 4 5 -1 -4 -8 -9 10 -5
right_child=-2 -3 6 9 -6 -7 7 8 -10 -11 -12
leaf_value=0.00038287554398965532 0.00065338983190597172 1.154114442385902e-05 -0.00029828906413920065 -1.6996152034143529e-05 -2.8502322561584901e-05 6.8785183283673557e-05 -0.0058531755325769942 0.0007134036519091169 -1.5457181290600599e-05 3.8912338344922889e-05 -2.9489062253773508e-05
leaf_weight=20 20 31 103 20 25 37 48 20 31 20 77
leaf_count=20 20 31 103 20 25 37 48 20 31 20 77
internal_value=0.000136926 5.08317e-05 -2.11549e-05 0.000192693 0.000809179 0.00137543 -0.000241617 0 0.000434363 -0.000224958 -0.000373211
internal_weight=452 432 401 199 82 57 202 99 51 117 97
internal_count=452 432 401 199 82 57 202 99 51 117 97
is_linear=0
shrinkage=0.01


Tree=815
num_leaves=11
num_cat=0
split_feature=89 6 47 7 50 17 20 22 23 0
split_gain=0.573062 0.412091 0.790462 0.848442 0.234582 0.331178 0.182693 0.302138 0.0865737 0.0231242
threshold=14.099285565000002 0.51452969050000008 3.6499999945000003 0.64106654750000014 6.1000000610000003 0.6267665360000001 18.110000000000003 2.2714285595000008 1.7285714065000002 0.14519931950000003
decision_type=2 2 2 2 2 2 2 2 2 2
left_child=1 4 3 -3 6 -6 7 -1 -7 -4
right_child=-2 2 9 -5 5 8 -8 -9 -10 -11
leaf_value=-0.0052842142958598164 0.00016967772535802145 0.00050544021590532119 -8.8246216014151887e-05 -4.6811175918900381e-05 2.1563425470432042e-05 -0.00020211545548914808 -0.00036182271159724096 0.0010400829733665784 2.6759507228538609e-06 -0.00010416620754467504
leaf_weight=38 23 23 20 20 20 35 220 26 21 33
leaf_count=38 23 23 20 20 20 35 220 26 21 33
internal_value=1.77156e-05 -5.69178e-05 0.000516529 0.00151826 -0.000216186 0.000260417 -0.000351124 9.25925e-05 -0.000105634 -0.000269517
internal_weight=479 456 96 43 360 76 284 64 56 53
internal_count=479 456 96 43 360 76 284 64 56 53
is_linear=0
shrinkage=0.01


Tree=816
num_leaves=11
num_cat=0
split_feature=5 103 68 59 31 73 67 22 28 20
split_gain=0.539758 0.798164 0.531297 0.473245 0.626644 0.390726 0.183073 0.0879763 0.0694888 0.0662955
threshold=0.42560378550000005 20.201986145000003 35.145000455000009 3.1499999910000001 2.2857142775000003 21.824999810000005 2.3849997520000001 2.3785714080000004 3.9428571120000004 39.945000000000007
decision_type=2 8 2 2 2 2 2 2 2 2
left_child=5 -2 -3 7 -5 -1 8 -4 9 -7
right_child=1 2 3 4 -6 6 -8 -9 -10 -11
leaf_value=2.1468742495847709e-05 0.00022969218123107887 0.00020066576150148008 -6.8174068660139831e-05 3.1836440961677537e-05 0.00023692405590932056 -0.006619015981579858 8.9069718880178005e-06 7.8429889169206408e-05 -0.00022738446380885568 0.00070050506588507737
leaf_weight=24 24 20 75 37 21 22 30 28 151 20
leaf_count=24 24 20 75 37 21 22 30 28 151 20
internal_value=0.000181095 0.000561224 0.000316282 0.000108158 0.000833333 -0.000127119 -0.000265862 -0.000284201 -0.000384417 0
internal_weight=452 205 181 161 58 247 223 103 193 42
internal_count=452 205 181 161 58 247 223 103 193 42
is_linear=0
shrinkage=0.01


Tree=817
num_leaves=12
num_cat=1
split_feature=104 16 16 43 68 36 101 101 9 20 2
split_gain=0.547581 0.516724 0.650855 0.373995 0.232973 0.57182 0.21236 0.147389 0.165981 0.0420292 0.0235968
threshold=0 0.70575235700000005 0.66087600000000013 6.9499999545000009 34.979999545000005 3.9999999830000004 73.069060915000009 127.65535695000001 0.61588056650000012 136.94500000000002 0.28647371450000009
decision_type=1 2 2 2 2 2 2 2 2 2 2
left_child=1 2 3 -1 5 -2 -6 9 -9 -8 -10
right_child=4 -3 -4 -5 6 -7 7 8 10 -11 -12
leaf_value=0.00081085205362514158 -0.00099362249439466062 -1.4667555144254321e-05 7.4430993549540225e-05 -0.0026982622041801896 0.00057367358318487379 0.0001986591038864652 -0.00029774894846583443 1.5617246449215541e-05 0.0002598339102432812 3.5819925770019527e-05 -4.7788379703006793e-05
leaf_weight=20 23 25 36 26 37 20 164 34 20 20 34
leaf_count=20 23 25 36 26 37 20 164 34 20 20 34
internal_value=0.000127229 0.000717317 0.0011715 0.000320513 -6.61523e-05 0.000605023 -0.000169464 -0.000271261 4.50449e-05 -0.000432901 -0.000273723
internal_weight=459 107 82 46 352 43 309 272 88 184 54
internal_count=459 107 82 46 352 43 309 272 88 184 54
cat_boundaries=0 1
cat_threshold=171180168
is_linear=0
shrinkage=0.01


Tree=818
num_leaves=11
num_cat=0
split_feature=53 22 50 8 103 82 15 17 20 72
split_gain=0.617836 0.887846 0.514044 0.237647 0.230956 0.272229 0.556105 0.802177 0.24307 0.0897048
threshold=25.450000005000003 2.5285714180000007 6.1999999655000009 0.56010671400000012 25.921937140000004 7.6914284910000008 0.58143500000000004 0.63942502400000012 18.610000000000003 21.845000270000003
decision_type=2 2 2 2 8 2 2 2 2 2
left_child=4 2 -2 -3 5 6 -1 -8 -6 -10
right_child=1 3 -4 -5 8 -7 7 -9 9 -11
leaf_value=-0.0034410645842611848 0.00071097809573580039 2.1985102502631841e-05 3.1747733713662127e-06 -8.5241769648560249e-05 0.00093705181273600105 -0.0013907063511675931 0.00074809187851924627 9.3054071497630448e-06 -2.4918408794191881e-05 0.00020402318814068636
leaf_weight=29 36 20 21 41 38 30 25 31 140 33
leaf_count=29 36 20 21 41 38 30 25 31 140 33
internal_value=0.000215827 0.000833333 0.00172145 0 -3.06009e-06 0.000349741 0.000646853 0.00123239 -0.000205383 -0.000371116
internal_weight=444 118 57 61 326 115 85 56 211 173
internal_count=444 118 57 61 326 115 85 56 211 173
is_linear=0
shrinkage=0.01


Tree=819
num_leaves=12
num_cat=0
split_feature=32 20 79 45 21 17 101 46 46 51 103
split_gain=0.486063 0.499375 0.921605 0.300432 0.29007 0.295339 0.229675 0.58366 0.267884 0.123594 0.0875566
threshold=2.8142857040000004 62.545000000000009 91.429999355000021 3.1000000350000003 0.95714285950000011 0.65440178550000005 73.069060915000009 3.0999999795000006 15.949999745000001 24.049999790000005 26.400175465
decision_type=2 2 2 2 2 2 2 2 2 2 10
left_child=1 2 -1 -4 -3 -6 7 -2 9 10 -8
right_child=6 4 3 -5 5 -7 8 -9 -10 -11 -12
leaf_value=0.00045115610808065844 -0.0040755054278396041 -3.2095760689238274e-05 -0.002318997684696263 8.9224346754746605e-05 -0.00026728093884943239 1.7596474826187953e-05 -0.00049116504213306028 0.0011512501377253081 0.00073727512445239621 0.00026366965500018686 1.7178673697422594e-06
leaf_weight=38 24 49 29 24 27 25 162 20 20 20 35
leaf_count=38 24 49 29 24 27 25 162 20 20 20 35
internal_value=0.000193119 0.000580913 0.00111656 0.000213755 7.36738e-05 0.00060606 -6.56495e-05 0.000580357 -0.000195543 -0.000305326 -0.000386754
internal_weight=473 192 91 53 101 52 281 44 237 217 197
internal_count=473 192 91 53 101 52 281 44 237 217 197
is_linear=0
shrinkage=0.01


Tree=820
num_leaves=8
num_cat=0
split_feature=99 30 7 89 52 14 7
split_gain=0.625275 0.389941 0.434748 0.253377 0.179238 0.399926 0.081004
threshold=23.947142605000007 3.3285714215000004 0.40947400000000006 14.073571445000001 11.149999985000003 0.73273230000000011 0.62304800000000016
decision_type=2 2 2 2 2 2 2
left_child=1 -1 -3 4 5 -4 -6
right_child=-2 2 3 -5 6 -7 -8
leaf_value=2.8925331893545045e-05 8.55566445760555e-05 0.00068226908956266295 -1.32994555251717e-05 0.00017950566729145936 -7.0768394356331713e-05 0.00076238868873364229 0.00020319285613811246
leaf_weight=30 21 31 76 20 241 20 35
leaf_count=30 21 31 76 20 241 20 35
internal_value=6.52905e-05 -9.91638e-06 -9.32045e-05 -0.000188391 -0.000252146 0.000103306 -0.000382948
internal_weight=474 453 423 392 372 96 276
internal_count=474 453 423 392 372 96 276
is_linear=0
shrinkage=0.01


Tree=821
num_leaves=10
num_cat=1
split_feature=38 104 102 0 73 27 89 24 13
split_gain=0.599584 0.545636 0.759775 0.896958 0.220845 0.132937 0.167504 0.179847 0.092457
threshold=5.414285694000001 0 23.530456615000002 0.13516164600000002 67.479998590000022 2.4714285735000003 12.243571620000003 1.8285714390000003 0.70884390000000008
decision_type=2 1 8 2 2 2 2 2 2
left_child=1 2 8 -4 5 6 7 -3 -1
right_child=-2 4 3 -5 -6 -7 -8 -9 -10
leaf_value=-0.00032924465200179708 5.4753613227074015e-05 -9.0331564811224781e-05 4.7557909397647483e-05 0.00067517279183831923 0.0014435269442230731 7.0375309491424801e-05 -8.5176580303863148e-05 0.00020944039264576025 9.1902691509875015e-06
leaf_weight=35 29 22 20 26 38 39 225 20 20
leaf_count=35 29 22 20 26 38 39 225 20 20
internal_value=8.6352e-05 -1.1217e-06 0.000603757 0.00160256 -0.000197294 -0.00029661 -0.000379014 0.000163551 -9.85664e-05
internal_weight=474 445 101 46 344 306 267 42 55
internal_count=474 445 101 46 344 306 267 42 55
cat_boundaries=0 1
cat_threshold=35951364
is_linear=0
shrinkage=0.01


Tree=822
num_leaves=10
num_cat=0
split_feature=38 18 1 50 102 5 102 34 66
split_gain=0.884358 0.73576 1.06619 0.354337 0.302951 0.44487 0.205742 0.136139 0.052374
threshold=5.414285694000001 0.68323078550000005 0.23158011900000003 7.0999999795000006 31.501134335000003 0.42560378550000005 22.201159045000001 4.4714285475000013 2.4099998475000004
decision_type=2 2 2 2 8 2 10 2 2
left_child=1 3 -3 4 7 -6 -4 8 -1
right_child=-2 2 6 -5 5 -7 -8 -9 -10
leaf_value=-3.9099275051512815e-06 8.2765328743105218e-05 0.00099814789905544035 0.00015129982832576188 8.6209933364230384e-06 -0.0049018648499243433 0.00023258132003624478 -0.00017222818212048291 0.00041313046006811294 -9.0342901400939469e-05
leaf_weight=53 28 24 20 25 24 24 29 20 208
leaf_count=53 28 24 20 25 24 24 29 20 208
internal_value=0.000176612 5.72696e-05 0.000968835 -0.000126832 -0.00021983 0.000491803 7.0281e-05 -0.000349539 -0.000414439
internal_weight=455 427 73 354 329 48 49 281 261
internal_count=455 427 73 354 329 48 49 281 261
is_linear=0
shrinkage=0.01


Tree=823
num_leaves=11
num_cat=0
split_feature=78 101 15 18 28 87 59 87 20 0
split_gain=0.835448 0.461274 0.726808 0.290354 0.527027 0.253674 0.11508 0.273314 0.0799496 0.0425877
threshold=72.104998590000022 132.01285560000002 0.72790397600000012 0.68323078550000005 4.0499999865000005 6.6842856920000004 1.5000000150000001 4.7471428950000005 35.285000000000004 0.063424395500000008
decision_type=2 2 2 2 2 2 2 2 2 2
left_child=1 3 -3 5 8 6 7 -1 -5 -8
right_child=-2 2 -4 4 -6 -7 9 -9 -10 -11
leaf_value=-3.3957726116820439e-05 8.0152829842208351e-05 0.00015246946654450409 -0.0018006709139227728 0.00027550337699457138 0.00059610039198430918 0.00053767484390418365 -0.0016719017446185985 9.8156966929465468e-06 -0.00022084288099221281 -6.1228384211206718e-05
leaf_weight=61 37 26 20 20 20 21 20 45 28 178
leaf_count=61 37 26 20 20 20 21 20 45 28 178
internal_value=0.000146812 1.93268e-05 0.000961538 -8.7608e-05 0.000494186 -0.000216391 -0.000295276 -9.36341e-06 -4.09837e-05 -0.000437626
internal_weight=476 439 46 393 68 325 304 106 48 198
internal_count=476 439 46 393 68 325 304 106 48 198
is_linear=0
shrinkage=0.01


Tree=824
num_leaves=13
num_cat=0
split_feature=72 16 21 95 20 11 1 18 52 19 2 1
split_gain=0.747674 0.540469 0.924698 0.712657 1.14529 1.25889 0.837611 0.124821 0.0435692 0.0850368 0.0268617 0.0249217
threshold=18.875000000000004 0.72522173800000012 1.0142857135000003 21.397857260000006 110.87500000000001 0.66498921400000011 0.25849907150000001 0.68323078550000005 19.549999880000005 0.43029050000000008 0.32443021450000004 0.26634871450000003
decision_type=2 2 2 2 2 2 2 2 2 2 2 2
left_child=1 2 3 6 5 -5 -1 8 -2 -10 -3 -4
right_child=7 10 11 4 -6 -7 -8 -9 9 -11 -12 -13
leaf_value=0.00020097479621571579 -8.3066898844273772e-05 -7.575380134959854e-06 -0.0010081436728664819 9.0228595918080592e-05 -2.9509968243094166e-06 0.00017461570635405154 -0.00037903947211766339 0.00073627117231018558 0.00020211363947859315 -0.0017175435611734766 8.7340555507592617e-05 -4.5439215650320385e-05
leaf_weight=30 147 42 37 23 20 20 40 20 21 34 20 20
leaf_count=30 147 42 37 23 20 20 40 20 21 34 20 20
internal_value=0.000107414 0.000482595 0.000749476 0.00120703 0.00198276 0.00288813 0.000466102 -0.000309695 -0.000389546 -9.85664e-05 -0.000302548 -0.000285467
internal_weight=474 252 190 133 63 43 70 222 202 55 62 57
internal_count=474 252 190 133 63 43 70 222 202 55 62 57
is_linear=0
shrinkage=0.01


Tree=825
num_leaves=10
num_cat=0
split_feature=78 31 88 85 18 87 9 48 24
split_gain=0.664595 0.361965 0.265439 0.412054 0.151406 0.397617 0.0986571 0.087495 0.0404945
threshold=72.334999085000007 2.6285714420000006 15.025714330000001 8.7007143160000009 0.55706690500000011 5.6578572160000009 0.66726000000000008 0.15000000200000005 1.8285714135000002
decision_type=2 2 2 2 2 2 2 2 2
left_child=1 2 3 7 8 6 -6 -1 -4
right_child=-2 -3 4 -5 5 -7 -8 -9 -10
leaf_value=-0.00093140002644313271 5.6131885338056036e-05 9.1494591988236784e-06 9.8078219129306421e-06 0.00018502620319694956 -1.4531697482078473e-05 0.00078827543676290737 9.1032851134649561e-06 3.9821409592634831e-05 -0.0028439067283612752
leaf_weight=32 27 21 20 31 104 31 42 20 134
leaf_count=32 27 21 20 31 104 31 42 20 134
internal_value=0.000101556 1.1472e-06 -6.02701e-05 0.000435561 -0.00019138 0 -0.000211172 -7.57577e-05 -0.000419897
internal_weight=462 435 414 83 331 177 146 52 154
internal_count=462 435 414 83 331 177 146 52 154
is_linear=0
shrinkage=0.01


Tree=826
num_leaves=8
num_cat=0
split_feature=45 38 58 49 14 7 30
split_gain=0.87095 0.753278 0.279184 0.320885 0.248593 0.215157 0.208274
threshold=17.449999975000004 5.414285694000001 0.25000000350000007 0.84999999400000015 0.73474053600000011 0.40947400000000006 3.5285715035000007
decision_type=2 2 2 2 2 2 2
left_child=1 2 -1 5 -5 -4 -7
right_child=-2 -3 3 4 -6 6 -8
leaf_value=0.00062844522133243322 4.6387822276875118e-05 6.4550216271406366e-05 0.00068108163648283881 2.6775471779402424e-05 -1.7735151354463048e-06 2.3968005944525957e-05 -6.0721778933680073e-05
leaf_weight=26 22 26 25 37 31 30 275
leaf_count=26 22 26 25 37 31 30 275
internal_value=0.000152284 5.10203e-05 -4.70811e-05 -0.000117854 0.000494186 -0.000250907 -0.000328646
internal_weight=472 450 424 398 68 330 305
internal_count=472 450 424 398 68 330 305
is_linear=0
shrinkage=0.01


Tree=827
num_leaves=10
num_cat=0
split_feature=38 8 2 67 0 89 49 5 14
split_gain=0.608752 0.337749 0.404945 0.325169 0.402233 0.172767 0.117836 0.195577 0.0381968
threshold=5.414285694000001 0.48546688100000007 0.23114452350000003 2.1550002095000003 0.12095741650000001 14.02571423 0.84999999400000015 0.43647588100000007 0.65430976200000013
decision_type=2 2 2 2 2 2 2 2 2
left_child=1 2 -1 5 -5 6 8 -8 -3
right_child=-2 3 -4 4 -6 -7 7 -9 -10
leaf_value=-0.00018014259208887825 5.4504721571530166e-05 -0.0023420205951032304 0.001389238490223359 -0.0021755272964098099 0.00064954024852555126 0.00013965806775228425 -0.0003765152735959719 4.5197706072799343e-05 -2.355272122934961e-05
leaf_weight=24 29 62 20 36 31 29 26 20 188
leaf_count=24 29 62 20 36 31 29 26 20 188
internal_value=7.62128e-05 -1.37364e-05 0.000803571 -0.000112016 0.000508849 -0.000247084 -0.00032345 0.000106837 -0.000410686
internal_weight=465 436 44 392 67 325 296 46 250
internal_count=465 436 44 392 67 325 296 46 250
is_linear=0
shrinkage=0.01


Tree=828
num_leaves=12
num_cat=1
split_feature=104 87 20 87 46 28 67 20 11 53 0
split_gain=0.478638 0.780744 1.23245 0.576881 0.240115 0.202078 0.322397 0.119618 0.11004 0.0488458 0.0838677
threshold=0 5.1757142710000013 30.740000000000006 4.9642857270000009 8.5999998935000033 4.0571428880000004 1.9949998855000002 102.74500000000002 0.62044625000000009 25.450000005000003 0.26676181250000003
decision_type=1 2 2 2 2 2 2 2 2 2 2
left_child=5 2 -2 4 -4 9 8 -3 -7 -1 -11
right_child=1 7 3 -5 -6 6 -8 -9 -10 10 -12
leaf_value=-0.00035122721440976459 0.0010898320013087936 -0.00035477850403056054 2.6424264538651336e-06 0.00014087859458224115 -1.6343964170784993e-05 9.7591607672738851e-05 0.00045126606564537512 0.00024119887732445774 -0.0001134434222895132 6.8542432698385093e-05 -0.00019860499680270205
leaf_weight=126 20 60 20 25 42 20 31 20 49 20 30
leaf_count=126 20 60 20 25 42 20 31 20 49 20 30
internal_value=0.000100259 0.000477755 0.00106215 0.000506834 0 -0.000160391 0.000178571 -0.000222772 -0.000179083 -0.000373303 -5.90552e-05
internal_weight=463 187 107 87 62 276 100 80 69 176 50
internal_count=463 187 107 87 62 276 100 80 69 176 50
cat_boundaries=0 1
cat_threshold=11603035
is_linear=0
shrinkage=0.01


Tree=829
num_leaves=9
num_cat=1
split_feature=28 104 2 79 16 15 5 5
split_gain=0.486193 0.2631 0.472661 0.246964 0.267637 0.362962 0.199601 0.038849
threshold=3.8285714390000005 0 0.34313876200000004 94.379999165000001 0.67720392850000011 0.72705264250000012 0.43995019050000006 0.45888892850000002
decision_type=2 1 2 2 2 2 2 2
left_child=6 -2 3 4 7 -6 -1 -3
right_child=1 2 -4 -5 5 -7 -8 -9
leaf_value=4.9712240213400953e-06 -5.4988739588522867e-05 -0.0013994568411341399 0.00069651669340695848 0.00082427176109452346 2.7161506534254106e-05 -3.6936744635238981e-05 9.140840568467409e-05 2.2614402987089429e-05
leaf_weight=22 103 111 24 26 71 82 20 20
leaf_count=22 103 111 24 26 71 82 20 20
internal_value=8.02416e-05 -1.48471e-05 0.000118909 9.65239e-06 -7.02248e-05 0.000204811 0.00109813 -0.000405918
internal_weight=479 437 334 310 284 153 42 131
internal_count=479 437 334 310 284 153 42 131
cat_boundaries=0 1
cat_threshold=33558057
is_linear=0
shrinkage=0.01


Tree=830
num_leaves=12
num_cat=0
split_feature=101 15 68 73 31 11 68 25 59 45 2
split_gain=0.531528 0.547528 0.274498 0.390403 0.310659 0.253677 0.65381 0.140063 0.0757048 0.0426612 0.0193206
threshold=131.77162625000003 0.72790397600000012 40.894999980000009 65.145001410000006 2.0142857095000006 0.57733583300000013 36.255000110000005 1.6214285625000002 4.0999999940000009 16.750000120000003 0.26596464300000006
decision_type=2 2 2 2 2 2 2 2 2 2 2
left_child=2 -2 4 -4 -1 6 -6 10 -5 -9 -7
right_child=1 -3 3 8 5 7 -8 9 -10 -11 -12
leaf_value=8.1876484300156171e-05 0.00013833506693789502 -6.0862728716054805e-05 1.883164361247678e-05 -9.6009913643833747e-05 0.00064475759396698349 0.00031982230618687158 -0.00089147906699553611 -4.1981981901091749e-05 0.0011417398161671765 2.2388258957222669e-05 -6.6645152307033342e-05
leaf_weight=26 25 21 37 26 20 20 31 180 20 20 22
leaf_count=26 25 21 37 26 20 20 31 180 20 20 22
internal_value=0.000164884 0.00117521 4.22044e-05 0.000554892 -8.59914e-05 -0.0001855 0.000434363 -0.000325371 -2.13676e-05 -0.000438247 0.000163551
internal_weight=448 46 402 83 319 293 51 242 46 200 42
internal_count=448 46 402 83 319 293 51 242 46 200 42
is_linear=0
shrinkage=0.01


Tree=831
num_leaves=10
num_cat=0
split_feature=101 103 29 46 15 28 18 3 87
split_gain=0.651463 0.72566 0.498655 0.434303 0.376979 0.184651 0.161798 0.256199 0.114314
threshold=131.86344500000004 26.638826860000005 4.0785714385000009 15.949999745000001 0.65142042900000019 3.7928571530000004 0.68323078550000005 0.32129647600000005 6.4249999350000007
decision_type=2 8 2 2 2 2 2 2 2
left_child=2 -2 3 5 -4 -1 8 -8 -7
right_child=1 -3 4 -5 -6 6 7 -9 -10
leaf_value=6.7144214317540487e-05 3.234676464062174e-05 -0.00028347878393941126 0.00055856843122473556 0.00072894275255328195 0.00017572055264249037 -0.00072058724071770246 0.00038391677226556816 -4.0849185408876384e-05 -0.00010586168074065289
leaf_weight=25 21 20 39 21 36 226 26 27 25
leaf_count=25 21 20 39 21 36 226 26 27 25
internal_value=0.000182091 0.0013756 5.98872e-05 -9.40708e-05 0.000798153 -0.000189509 -0.000262467 0.000213755 -0.000371327
internal_weight=466 41 425 350 75 329 304 53 251
internal_count=466 41 425 350 75 329 304 53 251
is_linear=0
shrinkage=0.01


Tree=832
num_leaves=11
num_cat=1
split_feature=104 53 27 37 7 20 14 4 1 88
split_gain=0.518998 0.914121 0.459923 0.279098 0.223893 0.204665 0.594987 0.137001 0.191897 0.0412997
threshold=0 1.1500000060000002 1.8857142585000002 3.3714285750000004 0.40947400000000006 68.960000000000022 0.70487507150000017 0.4244507145000001 0.31796535700000006 14.899999890000002
decision_type=1 2 2 2 2 2 2 2 2 2
left_child=1 5 -2 -4 -5 6 -1 9 -9 -6
right_child=2 -3 3 4 7 -7 -8 8 -10 -11
leaf_value=-0.0011824889703723719 2.1835790390636831e-05 0.00088126563300411429 2.1279432474248881e-05 0.00067281594605308733 -0.00083913724231352764 -0.00013437130631755543 0.00041714318551304197 0.00055577179839451634 -0.0035801695412408141 -0.00022105065492779768
leaf_weight=25 29 39 31 25 21 36 20 20 25 216
leaf_count=25 29 39 31 25 21 36 20 20 25 216
internal_value=0.000132226 0.000672783 -5.69085e-05 -0.000168241 -0.000264782 9.16869e-05 0.000556768 -0.000350071 0.000120087 -0.000447855
internal_weight=487 120 367 338 307 81 45 282 45 237
internal_count=487 120 367 338 307 81 45 282 45 237
cat_boundaries=0 1
cat_threshold=2392080
is_linear=0
shrinkage=0.01


Tree=833
num_leaves=11
num_cat=0
split_feature=38 103 68 13 17 42 28 2 102 20
split_gain=0.733875 0.454506 0.296039 0.356666 0.56638 0.255025 0.217078 0.153724 0.0542262 0.0778705
threshold=5.414285694000001 15.62283908 40.894999980000009 0.68959880000000007 0.65366342850000014 1.4499999880000003 4.1499999930000007 0.29115764300000008 29.631868905000001 70.865000000000023
decision_type=2 10 2 2 2 2 2 2 10 2
left_child=1 8 5 -4 -5 6 7 -3 -1 -10
right_child=-2 2 3 4 -6 -7 -8 -9 9 -11
leaf_value=-0.0012816494275706069 6.3800042581162384e-05 0.00012633266764378189 -1.116423475290665e-05 0.00021457812978623392 -1.2583635501667636e-05 2.9677083003818344e-05 9.1267371919701652e-05 -6.7897570865106113e-05 -0.00073388230261887803 0.00027370649648919771
leaf_weight=124 32 57 37 22 25 25 20 92 27 20
leaf_count=124 32 57 37 22 25 25 20 92 27 20
internal_value=0.0001401 3.00132e-05 0.000283357 0.000778302 0.00134937 5.64681e-05 -7.36161e-05 -0.000216956 -0.000369616 -3.13809e-05
internal_weight=481 449 278 84 47 194 169 149 171 47
internal_count=481 449 278 84 47 194 169 149 171 47
is_linear=0
shrinkage=0.01


Tree=834
num_leaves=11
num_cat=0
split_feature=28 54 9 37 17 23 29 29 9 87
split_gain=0.794614 1.12484 0.276089 0.311224 0.357807 0.262241 0.340245 0.168881 0.266515 0.123346
threshold=3.8285714390000005 0.90000000950000014 0.66459075000000012 4.7642857180000009 0.66743430950000004 1.8357142720000004 3.9999999830000004 3.5928571735000001 0.59532512500000012 6.4249999350000007
decision_type=2 2 2 2 2 2 2 2 2 2
left_child=1 -1 3 5 -5 7 -7 8 -2 -9
right_child=2 -3 -4 4 -6 6 -8 9 -10 -11
leaf_value=-0.0010838399881238415 -0.0012228116728068995 0.00016796215138023687 -4.7411667362330556e-05 -5.7593219777890828e-05 0.00027335917207971266 0.0006539178426122655 -0.00050697893631348535 -0.00021938790195615289 1.3890540595733088e-05 1.2135525863751495e-05
leaf_weight=21 23 28 114 21 20 24 29 134 24 24
leaf_count=21 23 28 114 21 20 24 29 134 24 24
internal_value=7.9948e-05 0.0012751 -5.92075e-05 9.50633e-05 0.000897129 -2.7048e-05 0.000585502 -0.000196793 0.000303347 -0.000358942
internal_weight=462 49 413 299 41 258 53 205 47 158
internal_count=462 49 413 299 41 258 53 205 47 158
is_linear=0
shrinkage=0.01


Tree=835
num_leaves=10
num_cat=0
split_feature=18 14 9 20 15 78 8 53 2
split_gain=0.442002 0.560251 0.606794 1.40747 0.585864 0.393117 0.135449 0.0415276 0.0275573
threshold=0.55706690500000011 0.71195683350000005 0.59532512500000012 33.920000000000009 0.62680950000000013 48.520001415000003 0.69065892900000014 26.499999810000002 0.29416990500000001
decision_type=2 2 2 2 2 2 2 2 2
left_child=6 2 4 -4 -2 -3 7 -1 -6
right_child=1 5 3 -5 8 -7 -8 -9 -10
leaf_value=-0.00087892042102863486 0.00066547473520655004 1.0956037963311468e-05 -2.4925961858879203e-05 0.00011901844754307633 -0.0011862798329997145 -7.0386078963438332e-06 4.099354353935131e-05 -7.7521021072461147e-06 8.7188478317450735e-07
leaf_weight=153 31 28 20 31 44 102 20 20 20
leaf_count=153 31 28 20 31 44 102 20 20 20
internal_value=2.87355e-05 0.000289017 0.000715259 0.00159266 0.000213987 -0.000175841 -0.000332817 -0.000428654 -0.000308642
internal_weight=469 276 146 51 95 130 193 173 64
internal_count=469 276 146 51 95 130 193 173 64
is_linear=0
shrinkage=0.01


Tree=836
num_leaves=8
num_cat=0
split_feature=79 4 67 16 15 89 56
split_gain=0.580108 0.585406 0.325332 0.243094 0.734774 0.531642 0.625414
threshold=95.604997635000018 0.37315550000000003 2.4100003240000003 0.66522328550000009 0.71817716700000012 13.006428615000003 0.65000000600000007
decision_type=2 2 2 2 2 2 2
left_child=2 -2 3 -1 5 -5 -7
right_child=1 -3 -4 4 -6 6 -8
leaf_value=-0.0010013760612748418 -0.00041188843719057434 6.8058092991472884e-05 9.3657255663833692e-05 -1.0609304443911768e-05 -2.5316577276903261e-05 2.3451670248785504e-06 2.3816950919470814e-05
leaf_weight=168 28 33 38 32 110 23 20
leaf_count=168 28 33 38 32 110 23 20
internal_value=2.65016e-05 0.000930421 -0.000111026 -0.000210571 2.96016e-05 0.000798153 0.00151826
internal_weight=452 61 391 353 185 75 43
internal_count=452 61 391 353 185 75 43
is_linear=0
shrinkage=0.01


Tree=837
num_leaves=11
num_cat=0
split_feature=102 60 18 52 52 2 18 85 103 5
split_gain=0.492555 0.399725 0.620858 0.453739 0.80629 0.352686 0.241134 0.23495 0.142888 0.136118
threshold=23.530456615000002 5.2499998955000011 0.59344804100000015 11.149999985000003 10.449999905 0.27510092900000011 0.68471764250000011 9.484285627000002 18.755804620000003 0.46827282100000006
decision_type=8 2 2 2 2 2 2 2 8 2
left_child=7 3 -3 4 -2 -4 9 8 -1 -5
right_child=1 2 5 6 -6 -7 -8 -9 -10 -11
leaf_value=2.0973511862989329e-06 -8.5108843101197393e-06 0.000276080137279209 3.7178064079580742e-05 -0.00064407039482236616 0.00076666072265279758 -5.9739602731424102e-05 0.0006540920634711295 0.00024488243054712896 -2.6931018217341013e-05 0.00024440982411298896
leaf_weight=21 38 22 20 90 23 23 20 38 141 20
leaf_count=21 38 22 20 90 23 23 20 38 141 20
internal_value=0.000175131 0.00046729 0.00114742 0.000221585 0.000930421 0.000376712 -9.93885e-05 -0.000189243 -0.000362408 -0.000297834
internal_weight=456 256 65 191 61 43 130 200 162 110
internal_count=456 256 65 191 61 43 130 200 162 110
is_linear=0
shrinkage=0.01


Tree=838
num_leaves=11
num_cat=1
split_feature=104 78 51 15 9 55 89 28 20 15
split_gain=0.606326 0.585378 0.48346 0.635006 0.961178 0.739714 0.425053 0.237458 0.475358 0.121255
threshold=0 71.600001335000016 15.250000020000002 0.7266769525000002 0.59253911050000008 0.40000000950000009 13.125714335000001 3.9428571970000008 65.865000000000009 0.74486197650000008
decision_type=1 2 2 2 2 2 2 2 2 2
left_child=-1 2 3 4 6 -6 -2 8 -4 -5
right_child=1 -3 7 9 5 -7 -8 -9 -10 -11
leaf_value=-8.0005251136885637e-05 -0.0013013843041796453 6.0110840667335446e-05 -0.0011297533591981806 -0.00018872402779443809 2.0776561096998859e-06 0.00018362495203439372 0.00051741366033423736 -0.00035901269565611634 0.00066299580662161314 0.00090343555717029315
leaf_weight=100 39 23 31 43 21 38 29 85 25 33
leaf_count=100 39 23 31 43 21 38 29 85 25 33
internal_value=0.000223386 0.000408946 0.000307424 0.000620706 0.00105243 0.00198161 0.000203488 -0.000130466 0.000352113 -7.81251e-05
internal_weight=467 367 344 203 127 59 68 141 56 76
internal_count=467 367 344 203 127 59 68 141 56 76
cat_boundaries=0 1
cat_threshold=42013764
is_linear=0
shrinkage=0.01


Tree=839
num_leaves=11
num_cat=1
split_feature=104 101 102 54 46 102 13 3 77 103
split_gain=0.663468 0.606574 0.486623 0.265696 0.202825 0.136945 0.201497 0.22603 0.102959 0.0760567
threshold=0 131.61942115000002 29.140435005000004 16.399999620000003 15.749999955000002 26.643212245000004 0.67967900000000014 0.33156342850000003 39.920001030000009 22.022077170000003
decision_type=1 2 10 2 2 10 2 2 2 8
left_child=5 2 3 4 8 9 -7 -8 -2 -1
right_child=1 -3 -4 -5 -6 6 7 -9 -10 -11
leaf_value=2.4548475463035864e-06 8.171546100063064e-05 3.4485840306611972e-05 0.0002506613184655134 0.00063171892034723373 4.7523237425798618e-05 -0.00051568307378880164 0.00094340563442864571 -1.5271871325805751e-05 -0.00032664229458742637 -0.00028078404378536456
leaf_weight=38 20 21 27 23 20 33 20 24 90 132
leaf_count=38 20 21 27 23 20 33 20 24 90 132
internal_value=0.000142602 0.000554769 0.000376106 0.000139792 -2.29359e-05 -0.000199767 0.000122108 0.000580357 -0.000207581 -0.000368853
internal_weight=448 201 180 153 130 247 77 44 110 170
internal_count=448 201 180 153 130 247 77 44 110 170
cat_boundaries=0 1
cat_threshold=180423770
is_linear=0
shrinkage=0.01


Tree=840
num_leaves=13
num_cat=1
split_feature=104 103 14 28 89 25 67 76 15 1 6 1
split_gain=0.655513 0.761971 1.55742 0.619287 0.266779 0.211921 0.302207 0.131989 0.179847 0.0537707 0.0415276 0.0186605
threshold=0 23.642177115000006 0.71147521400000013 3.8285714390000005 14.005000220000001 1.8428571180000002 1.3550000190000002 43.799999715000006 0.72790397600000012 0.24277557150000004 0.36636028550000005 0.18384850000000003
decision_type=1 10 2 2 2 2 2 2 2 2 2 2
left_child=4 3 -3 -2 7 6 9 8 -1 -5 -9 -8
right_child=1 2 -4 5 -6 -7 11 10 -10 -11 -12 -13
leaf_value=2.4031690992552935e-05 4.7271869077047349e-05 0.00078829200368490851 -7.3371090186815362e-07 0.00063182444186017314 0.00024117546748604238 -6.5644028552161134e-05 -0.00049841052627984058 -0.0042531493133508682 -0.00039458557477890137 0.00026116703019941288 -7.5255134651203758e-05 -0.0029959898035631445
leaf_weight=20 27 24 32 20 20 63 20 20 22 20 153 25
leaf_count=20 27 24 32 20 20 63 20 20 22 20 153 25
internal_value=0.000182091 0.000547973 0.00158451 0.000230375 -0.00018511 -1.3441e-05 0.000297203 -0.000303522 0.000163551 0.000931372 -0.000428654 -0.000229258
internal_weight=466 231 56 175 235 148 85 215 42 40 173 45
internal_count=466 231 56 175 235 148 85 215 42 40 173 45
cat_boundaries=0 1
cat_threshold=138479282
is_linear=0
shrinkage=0.01


Tree=841
num_leaves=9
num_cat=1
split_feature=104 28 55 15 45 19 55 53
split_gain=0.467262 0.529124 0.368778 0.71053 0.19798 0.133333 0.0961604 0.0423975
threshold=0 3.8071428365000002 0.75000000750000007 0.69783107150000012 15.049999925000003 0.62069628600000015 2.8000000010000003 46.300000185000009
decision_type=1 2 2 2 2 2 2 2
left_child=6 -2 4 -4 5 -3 7 -1
right_child=1 2 3 -5 -6 -7 -8 -9
leaf_value=-0.00018797402003672994 8.2323707977481346e-05 -8.8415974331130398e-05 0.00053284492309455087 -6.11542947260364e-05 0.00049948336121234313 3.5723273824810991e-06 9.7003677690471571e-07 -6.5553331140179395e-06
leaf_weight=173 27 102 27 34 24 21 28 20
leaf_count=173 27 102 27 34 24 21 28 20
internal_value=-1.3135e-05 0.000286818 0.000114942 0.000768608 -0.000145467 -0.000319063 -0.000338654 -0.000436017
internal_weight=456 235 208 61 147 123 221 193
internal_count=456 235 208 61 147 123 221 193
cat_boundaries=0 1
cat_threshold=8979698
is_linear=0
shrinkage=0.01


Tree=842
num_leaves=10
num_cat=0
split_feature=20 40 19 28 11 48 20 103 28
split_gain=0.580359 0.645981 0.94834 0.515648 0.522976 0.474043 0.1353 0.104274 0.0404331
threshold=90.710000000000022 5.9071428605000014 0.44460473250000004 4.0571428200000001 0.64058830950000012 0.25000000750000007 68.030000000000015 26.996233585000002 3.9214285440000003
decision_type=2 2 2 2 2 2 2 10 2
left_child=1 2 -1 5 -5 7 -3 -4 -2
right_child=8 6 3 4 -6 -7 -8 -9 -10
leaf_value=8.6658665578746356e-05 9.0918782362653733e-06 -0.0051949714196718897 -0.00012636518855493428 3.353413892473903e-05 0.00012513977823978709 0.0001153963412085541 0.00027598328590898105 0.0010401059839343313 -3.9332101798837462e-05
leaf_weight=21 20 88 92 28 29 27 20 20 133
leaf_count=21 20 88 92 28 29 27 20 20 133
internal_value=8.14535e-05 0.000323818 0.000640496 0.000406504 0.00120242 6.0801e-05 -0.000294118 -0.000212766 -0.000419376
internal_weight=478 325 217 196 57 139 108 112 153
internal_count=478 325 217 196 57 139 108 112 153
is_linear=0
shrinkage=0.01


Tree=843
num_leaves=9
num_cat=0
split_feature=28 18 50 8 12 102 103 47
split_gain=0.839937 0.610299 0.362542 0.245992 0.546452 0.2336 0.249594 0.307646
threshold=3.8285714390000005 0.5396134290000002 8.5500001795000014 0.48546688100000007 0.5286553570000001 32.201832330000009 21.593363450000002 2.9499999880000005
decision_type=2 2 2 2 2 10 10 2
left_child=1 -1 3 4 -2 6 -5 -8
right_child=2 -3 -4 5 -6 -7 7 -9
leaf_value=8.5792078922960813e-05 -0.0046604689909101804 4.2567805373817838e-07 1.9230432546278221e-05 -0.0014534039267259109 0.0013628129185182471 7.5109432245170079e-05 0.00027899761013473631 -1.1809766454945022e-05
leaf_weight=21 21 32 21 171 20 20 34 149
leaf_count=21 21 32 21 171 20 20 34 149
internal_value=0.000150061 0.001329 0 -6.13277e-05 0.000657895 -0.000146745 -0.000211387 3.53644e-05
internal_weight=489 53 436 415 41 374 354 183
internal_count=489 53 436 415 41 374 354 183
is_linear=0
shrinkage=0.01


Tree=844
num_leaves=11
num_cat=1
split_feature=104 24 15 103 4 82 63 54 7 68
split_gain=0.730832 0.645078 0.628712 0.369412 0.340309 0.262635 0.246657 0.22603 0.10288 0.0991735
threshold=0 1.9285714205000002 0.68179114300000021 20.201986145000003 0.36407553050000002 8.3828570840000012 8.074999809000003 8.2500001565000023 0.4140623570000001 41.010000705000003
decision_type=1 2 2 8 2 2 2 2 2 2
left_child=1 2 -1 4 -2 6 8 -4 -5 -10
right_child=3 -3 7 5 -6 -7 -8 -9 9 -11
leaf_value=0.00078300832617624722 0.0003930714726942919 -0.0078325803343432809 2.2344943312360395e-06 0.00061338954736555543 7.2623380049857374e-05 1.4526413433763354e-05 3.9438231704113386e-05 -2.8278062172837099e-05 -0.00029309597424617679 1.4965110329390023e-06
leaf_weight=36 20 22 20 20 20 28 33 24 224 50
leaf_count=36 20 22 20 20 20 28 33 24 224 50
internal_value=0.000240056 0.000948581 0.0014604 2.58747e-05 0.000931372 -7.16696e-05 -0.000157108 0.000580357 -0.00025441 -0.000309316
internal_weight=497 102 80 395 40 355 327 44 294 274
internal_count=497 102 80 395 40 355 327 44 294 274
cat_boundaries=0 1
cat_threshold=170131840
is_linear=0
shrinkage=0.01


Tree=845
num_leaves=12
num_cat=1
split_feature=104 4 2 18 8 9 59 8 1 4 34
split_gain=0.372646 0.545747 0.880316 0.636506 0.533731 0.396584 0.572504 0.132199 0.0892094 0.0766013 0.0389323
threshold=0 0.37315550000000003 0.29350158900000006 0.65860228550000011 0.56097426150000007 0.66806697500000012 0.55000000800000015 0.50947152400000006 0.30522864250000009 0.33537050000000007 4.4571428640000006
decision_type=1 2 2 2 2 2 2 2 2 2 2
left_child=9 3 -3 7 -5 6 -4 -2 -7 -1 -9
right_child=1 2 5 4 -6 8 -8 10 -10 -11 -12
leaf_value=-0.00056714117982802493 0.00010835511900751112 4.0439167498108072e-05 -4.6092279590866821e-06 5.9161364518795965e-05 -4.0621499210787001e-06 -6.2009506793869249e-05 0.0006295126101414707 -0.0013611851247564994 0.00011857193104780174 -2.2673150129089256e-05 -5.0480729713150534e-06
leaf_weight=33 38 20 22 27 34 33 25 112 20 85 20
leaf_count=33 38 20 22 27 34 33 25 112 20 85 20
internal_value=0.000177735 0.000338585 0.00089404 5.39257e-05 0.000930421 0.00047619 0.00114017 -0.000251757 -8.36432e-05 -0.000287267 -0.000406627
internal_weight=469 351 120 231 61 100 47 170 53 118 132
internal_count=469 351 120 231 61 100 47 170 53 118 132
cat_boundaries=0 1
cat_threshold=8457444
is_linear=0
shrinkage=0.01


Tree=846
num_leaves=11
num_cat=1
split_feature=104 89 55 14 28 27 1 2 4 0
split_gain=0.768257 0.811774 0.576434 0.642757 0.529914 0.171601 0.163187 0.431592 0.121087 0.0210574
threshold=0 14.003571650000003 0.30000000800000004 0.66696292900000009 4.0499999865000005 2.4785714150000007 0.20456692850000002 0.22737985700000005 0.39952351450000007 0.14005564550000002
decision_type=1 2 2 2 2 2 2 2 2 2
left_child=5 2 8 -4 9 6 7 -1 -2 -5
right_child=1 -3 3 4 -6 -7 -8 -9 -10 -11
leaf_value=-0.0030296533597180099 -0.002384710868685472 0.0001451570355755506 0.00078234793700565077 4.1536442841027741e-07 0.00030087364079813434 1.3155384407813058e-05 -8.1211524244011976e-05 0.0051527266183656389 6.1516659290597185e-05 -5.0963007719848821e-05
leaf_weight=44 62 23 29 20 30 28 161 21 20 29
leaf_count=44 62 23 29 20 30 28 161 21 20 29
internal_value=0.000159256 0.000587578 0.000382599 0.00086397 0.000357143 -0.000207704 -0.000313051 8.35865e-05 -0.000229469 -0.000251004
internal_weight=467 213 190 108 79 254 226 65 82 49
internal_count=467 213 190 108 79 254 226 65 82 49
cat_boundaries=0 1
cat_threshold=549522554
is_linear=0
shrinkage=0.01


Tree=847
num_leaves=9
num_cat=0
split_feature=17 7 16 103 35 3 1 1
split_gain=0.448995 0.683917 0.533261 0.243257 0.440401 0.276615 0.436704 0.0367571
threshold=0.55251757150000014 0.61342814300000004 0.61683864300000013 22.022077170000003 5.3642856735000004 0.32319575700000008 0.24613357150000001 0.29216750000000008
decision_type=2 2 2 8 2 2 2 2
left_child=7 2 -2 4 -4 6 -5 -1
right_child=1 -3 3 5 -6 -7 -8 -9
leaf_value=-0.0034420158006414061 0.00038320263140026179 6.4914066815758854e-05 0.00011560380063375501 -1.140944130505071e-05 -1.4673772564309585e-05 -3.323612907256197e-05 1.1727882453207464e-05 1.0995011013399669e-05
leaf_weight=90 37 29 29 98 20 105 25 20
leaf_count=90 37 29 29 98 20 105 25 20
internal_value=0.000157558 0.00033886 0.000193774 3.41971e-05 0.000672691 -9.6154e-05 0.000214055 -0.000388087
internal_weight=453 343 314 277 49 228 123 110
internal_count=453 343 314 277 49 228 123 110
is_linear=0
shrinkage=0.01


Tree=848
num_leaves=10
num_cat=1
split_feature=104 53 50 63 18 1 43 23 103
split_gain=0.659841 1.16627 0.254675 0.231928 0.153397 0.708289 0.162608 0.0357307 0.0431054
threshold=0 1.1500000060000002 8.3000000715000031 3.8150005340000006 0.68323078550000005 0.22566653550000002 2.9000000580000003 1.9571428385000003 27.303542775000004
decision_type=1 2 2 2 2 2 2 2 10
left_child=1 3 4 -1 6 -6 -2 8 -8
right_child=2 -3 -4 -5 5 -7 7 -9 -10
leaf_value=0.00012522794989152722 4.4157284694962636e-05 0.00086826440328830509 7.5838359331570075e-05 -0.0030270750994774056 0.00060249306248966693 -0.00011603798616081769 -0.00039411105375223139 -0.00014036023530952527 5.954437457316858e-06
leaf_weight=31 35 34 30 38 21 46 193 20 20
leaf_count=31 35 34 30 38 21 46 193 20 20
internal_value=9.38565e-05 0.000760105 -0.00010777 5.01431e-05 -0.000195057 0.000213864 -0.00030506 -0.000404192 -0.000442002
internal_weight=468 103 365 69 335 67 268 233 213
internal_count=468 103 365 69 335 67 268 233 213
cat_boundaries=0 1
cat_threshold=2916993
is_linear=0
shrinkage=0.01


Tree=849
num_leaves=12
num_cat=0
split_feature=46 37 1 80 28 45 45 69 3 11 16
split_gain=0.834158 0.549884 0.686446 0.537658 0.203081 0.16175 0.280311 0.373994 0.132656 0.0778705 0.0399801
threshold=15.949999745000001 4.7142857310000013 0.28686164250000007 67.489999775000015 3.8285714390000005 13.40000017 15.099999730000002 28.580000400000003 0.35826850000000005 0.67493807100000014 0.72594564300000008
decision_type=2 2 2 2 2 2 2 2 2 2 2
left_child=1 4 3 -3 -1 10 7 -7 -8 -4 -6
right_child=-2 2 9 -5 5 6 8 -9 -10 -11 -12
leaf_value=0.00014940535804513935 0.00067558660627428072 1.719894011419757e-05 -5.3697653225594117e-05 0.00024352421107605836 -0.00080322536800298721 -0.00060574635478255229 -0.00067864643790339115 0.00048510668737776957 2.4213569236433794e-05 0.00025433828448663434 -5.3496967761728492e-05
leaf_weight=33 22 21 27 24 126 33 82 31 20 20 20
leaf_count=33 22 21 27 24 126 33 82 31 20 20 20
internal_value=0.000192475 9.02237e-05 0.000775862 0.00164847 -8.82014e-05 -0.000172634 2.99759e-05 0.000555555 -0.000282101 -3.13809e-05 -0.000415531
internal_weight=459 437 92 45 345 312 166 64 102 47 146
internal_count=459 437 92 45 345 312 166 64 102 47 146
is_linear=0
shrinkage=0.01


Tree=850
num_leaves=11
num_cat=0
split_feature=0 9 11 5 14 102 54 18 25 0
split_gain=0.521109 0.541254 0.769344 1.33965 0.504465 0.703495 1.35482 0.147271 0.128057 0.0204918
threshold=0.11098786800000002 0.66726000000000008 0.66708671450000012 0.42809138050000006 0.68719578600000009 22.196465360000001 7.5999999645000011 0.68323078550000005 1.6571428565000004 0.21047566700000003
decision_type=2 2 2 2 2 10 2 2 2 2
left_child=7 2 4 -4 5 9 -7 -1 -3 -2
right_child=1 8 3 -5 -6 6 -8 -9 -10 -11
leaf_value=-0.00099046504489404079 -0.00026325860026231896 1.5507413898996099e-06 -0.00073295491653353946 0.00061013304633492516 -0.00020384097244976007 5.8641856049586249e-05 0.00048438188071828518 0.00071570855401691341 -2.1378224372507574e-05 -8.6561564704191638e-05
leaf_weight=127 20 20 22 25 55 51 27 20 73 28
leaf_count=127 20 20 22 25 55 51 27 20 73 28
internal_value=0.000136519 0.000365134 0.000629371 0.00176778 0.000316282 0.000670347 0.00125635 -0.000348444 -0.000261194 -0.000245902
internal_weight=468 321 228 47 181 126 78 147 93 48
internal_count=468 321 228 47 181 126 78 147 93 48
is_linear=0
shrinkage=0.01


Tree=851
num_leaves=9
num_cat=0
split_feature=38 9 8 41 4 68 30 97
split_gain=0.433316 0.198609 0.718135 0.235742 0.418869 0.252326 0.150537 0.147496
threshold=5.414285694000001 0.59532512500000012 0.57797350000000003 1.0000000180025095e-35 0.41752242900000008 40.020000460000013 4.4928571240000013 18.490000110000004
decision_type=2 2 2 2 2 2 2 2
left_child=1 6 -3 4 5 -4 -1 -5
right_child=-2 2 3 7 -6 -7 -8 -9
leaf_value=-0.00036404394492199068 7.5506075908179758e-05 2.6143701777082501e-05 0.00016463685317783756 -4.8931072314438552e-05 0.00056406454437626442 -2.1500711709094159e-05 0.0010900113967293157 8.0333567281102784e-06
leaf_weight=143 28 27 21 128 25 55 20 20
leaf_count=143 28 27 21 128 25 55 20 20
internal_value=-3.20662e-06 -8.52661e-05 7.22542e-05 -9.00722e-05 0.000270137 -7.81251e-05 -0.000363248 -0.000349462
internal_weight=467 439 276 249 101 76 163 148
internal_count=467 439 276 249 101 76 163 148
is_linear=0
shrinkage=0.01


Tree=852
num_leaves=12
num_cat=0
split_feature=9 9 3 87 55 15 102 87 9 67 50
split_gain=0.367033 0.896393 0.613064 0.37134 0.234083 0.398129 0.51684 0.192147 0.135703 0.166362 0.0367571
threshold=0.59532512500000012 0.61630790850000017 0.31802852850000002 6.5435714890000005 0.35000000900000006 0.71941769050000015 22.196465360000001 4.7799999790000003 0.51577205850000007 1.4850006105000002 5.8999999465000004
decision_type=2 2 2 2 2 2 8 2 2 2 2
left_child=8 2 -2 4 10 6 -6 -7 9 -1 -3
right_child=1 3 -4 -5 5 7 -8 -9 -10 -11 -12
leaf_value=0.00071674541859636305 6.0662899704126633e-05 -0.0011870050544986518 9.0143713441643776e-06 0.00057054103051505255 -2.4257260905016916e-05 0.0015407096723205722 0.00045546411935098243 -4.8127152825034733e-05 -0.00018862077490692085 -0.0054277937530156709 -1.3501928096567645e-05
leaf_weight=21 24 90 23 20 23 27 22 62 113 22 20
leaf_count=21 24 90 23 20 23 27 22 62 113 22 20
internal_value=9.5126e-05 0.000296664 0.00155858 6.04228e-05 -4.08498e-05 0.00022997 0.00099345 -0.000139198 -0.000293367 0.000148402 -0.000388087
internal_weight=467 311 47 264 244 134 45 89 156 43 110
internal_count=467 311 47 264 244 134 45 89 156 43 110
is_linear=0
shrinkage=0.01


Tree=853
num_leaves=9
num_cat=0
split_feature=89 18 2 101 50 46 12 17
split_gain=0.407248 0.405076 1.20097 0.310851 0.237515 0.282106 0.235181 0.132438
threshold=14.099285565000002 0.68323078550000005 0.2567187855000001 60.892142180000008 8.3000000715000031 15.749999955000002 0.67014275000000012 0.69515511900000015
decision_type=2 2 2 2 2 2 2 2
left_child=1 3 -3 -1 5 7 -4 -5
right_child=-2 2 6 4 -6 -7 -8 -9
leaf_value=0.00061527264758128345 0.0001263100284016467 0.0011698697279629111 1.7727928672389089e-05 -0.00028472967784585432 3.5802913345745206e-05 0.00069275353547498938 -4.3757939108831885e-05 5.3210633080330164e-07
leaf_weight=25 25 20 20 249 33 20 40 42
leaf_count=25 25 20 20 249 33 20 40 42
internal_value=0.000149537 7.44774e-05 0.000717822 -6.08438e-05 -0.000145012 -0.000235728 0 -0.000320425
internal_weight=474 449 80 369 344 311 60 291
internal_count=474 449 80 369 344 311 60 291
is_linear=0
shrinkage=0.01


Tree=854
num_leaves=12
num_cat=0
split_feature=28 4 1 17 7 101 29 29 4 8 1
split_gain=0.62478 0.788235 1.06838 0.505218 0.731689 0.524482 0.250596 0.241095 0.224836 0.636324 0.0158575
threshold=3.9428571120000004 0.37817383350000006 0.28202542850000006 0.67901128600000005 0.47013692900000009 68.852810230000017 4.1785714285000006 4.0214285510000005 0.37592571400000002 0.6104447380000001 0.24476021450000005
decision_type=2 2 2 2 2 2 2 2 2 2 2
left_child=1 7 -3 5 -5 -2 -7 -1 9 10 -6
right_child=3 2 -4 4 8 6 -8 -9 -10 -11 -12
leaf_value=0.00046768042080181786 0.00075868892235424028 0.00022257927468404017 7.8939259761928382e-06 0.00044724555808182541 -6.4493457030024158e-05 -0.00072565152352302225 4.0416091356763985e-05 -0.0015474008687745839 -5.883308142371007e-05 0.0018374965844071159 -1.12461400636796e-06
leaf_weight=28 21 21 22 26 21 191 28 30 36 25 20
leaf_count=28 21 21 22 26 21 191 28 30 36 25 20
internal_value=0.000262878 0.00095776 0.00197489 6.50758e-05 0.000574534 -0.000199336 -0.000352593 0.000153061 0.00016537 0.000523952 -0.000203349
internal_weight=469 101 43 368 128 240 219 58 102 66 41
internal_count=469 101 43 368 128 240 219 58 102 66 41
is_linear=0
shrinkage=0.01


Tree=855
num_leaves=12
num_cat=0
split_feature=73 15 92 20 84 82 87 57 72 16 0
split_gain=0.346881 0.749402 0.489852 0.353486 0.695357 0.443248 0.367923 0.299172 0.137464 0.379679 0.0394822
threshold=67.479998590000022 0.60295828550000008 12.461428505000002 53.785000000000004 5.5442857725000012 7.9807143550000008 5.0914285760000011 1.7000000105000002 21.719999790000006 0.59343418550000016 0.068555750000000013
decision_type=2 2 2 2 2 2 2 2 2 2 2
left_child=2 -2 3 4 -1 -6 7 -5 10 -10 -4
right_child=1 -3 8 6 5 -7 -8 -9 9 -11 -12
leaf_value=0.00071295322143537178 -0.004028079846932312 0.0028994455388413366 -3.8478587746366767e-05 -6.814712918006577e-06 -0.0015397130828162838 0.00013017795071169932 9.983109367834075e-06 2.1207333065674127e-05 -0.0044987402226944733 0.00069820312312577422 -1.9415619688687794e-05
leaf_weight=28 21 31 20 77 34 27 21 20 37 22 119
leaf_count=28 21 31 20 77 34 27 21 20 37 22 119
internal_value=0.000217344 0.000984848 0.000112124 0.000454764 0.000929844 0.000283171 7.57575e-05 -0.000168712 -0.000236419 0.00014214 -0.000411302
internal_weight=457 52 405 207 89 61 118 97 198 59 139
internal_count=457 52 405 207 89 61 118 97 198 59 139
is_linear=0
shrinkage=0.01


Tree=856
num_leaves=8
num_cat=0
split_feature=89 45 39 6 7 8 25
split_gain=0.542868 0.440984 0.291028 0.226699 0.210551 0.590734 0.140811
threshold=14.099285565000002 17.449999975000004 6.314285721000001 0.55803078550000007 0.48500150000000003 0.53855678550000008 1.5999999940000003
decision_type=2 2 2 2 2 2 2
left_child=1 2 3 4 5 -1 -6
right_child=-2 -3 -4 -5 6 -7 -8
leaf_value=-0.0003647232262706292 0.00013989071488341531 1.9552783983125301e-05 0.00041909611430481864 5.754157344174638e-06 9.883274854281743e-06 4.0378026717043615e-05 -1.9639845261642458e-05
leaf_weight=85 23 28 27 21 21 23 250
leaf_count=85 23 28 27 21 21 23 250
internal_value=6.0568e-05 -1.20668e-05 -9.70081e-05 -0.000169661 -0.000230385 0.000128676 -0.000380795
internal_weight=478 455 427 400 379 108 271
internal_count=478 455 427 400 379 108 271
is_linear=0
shrinkage=0.01


Tree=857
num_leaves=12
num_cat=0
split_feature=58 7 102 102 17 7 30 102 59 7 4
split_gain=0.404059 0.317666 0.463601 0.787804 0.42557 1.13592 0.151667 0.0871264 0.205556 0.126993 0.0288315
threshold=0.25000000350000007 0.6067232855000001 21.599211740000005 26.304769825000005 0.68161828600000007 0.47013692900000009 3.7357142655000004 24.482091070000006 1.0000000035000001 0.42924242850000005 0.34065642850000005
decision_type=2 2 8 10 2 2 2 8 2 2 2
left_child=-1 4 -3 -4 7 -6 10 8 -2 -10 -7
right_child=1 2 3 -5 5 6 -8 -9 9 -11 -12
leaf_value=0.00055590032746233244 0.00014022172909284512 -0.0032587748694901768 0.00068080058576966212 -6.2919102930030229e-06 0.00051566136696157131 -4.2315313932657988e-06 0.00037477708516373015 -0.00011290810917499859 0.00069541318696290791 -0.0012311815433372296 -2.1507279861644637e-05
leaf_weight=26 22 23 21 22 23 20 26 134 21 85 48
leaf_count=26 22 23 21 22 23 20 26 134 21 85 48
internal_value=0.000111276 3.47688e-05 0.000673653 0.00128995 -7.24066e-05 0.000420204 -5.27427e-05 -0.000300609 -9.31678e-05 -0.000290262 -0.000319768
internal_weight=471 445 66 43 379 117 94 262 128 106 68
internal_count=471 445 66 43 379 117 94 262 128 106 68
is_linear=0
shrinkage=0.01


Tree=858
num_leaves=11
num_cat=0
split_feature=89 4 20 4 0 23 24 3 2 42
split_gain=1.17391 0.757294 0.407465 0.828011 0.229498 0.259365 0.342626 0.434844 0.0908624 0.0423975
threshold=14.003571650000003 0.37264461900000007 19.550000000000001 0.33042542850000006 0.069209541500000013 1.7285714065000002 1.7214285515000003 0.32271811450000004 0.23022623850000004 0.15000000200000005
decision_type=2 2 2 2 2 2 2 2 2 2
left_child=2 -2 3 8 -4 6 -6 -8 -1 -7
right_child=1 -3 4 -5 5 9 7 -9 -10 -11
leaf_value=-0.0034703964731071881 -2.236743043529237e-05 0.00012891513290974726 0.00045278918127899983 0.0014824175095254472 -0.0001134462743107047 -2.4962149491231408e-05 4.8668563943280002e-05 -5.582900628003016e-06 0.00093355887701963684 -0.00039767511171513655
leaf_weight=34 24 26 20 32 51 173 20 50 20 20
leaf_count=34 24 26 20 32 51 173 20 50 20 20
internal_value=0.000197536 0.00163386 1.90113e-05 0.00063364 -0.000134409 -0.00020648 0.000143678 0.000607345 -9.1241e-05 -0.000436017
internal_weight=470 50 420 86 334 314 121 70 54 193
internal_count=470 50 420 86 334 314 121 70 54 193
is_linear=0
shrinkage=0.01


Tree=859
num_leaves=9
num_cat=0
split_feature=77 24 18 102 89 4 103 50
split_gain=0.670043 0.479169 0.445091 0.585874 0.626898 0.244912 0.201824 0.129395
threshold=55.169998645000007 1.9428571375000001 0.64979675700000017 32.201832330000009 13.954285755000003 0.41889300000000002 27.836040485000002 6.1999998575000008
decision_type=2 2 2 8 2 2 10 2
left_child=5 2 3 4 -2 6 7 -1
right_child=1 -3 -4 -5 -6 -7 -8 -9
leaf_value=-3.2085984856417849e-05 8.1748593198559613e-06 -9.8095608108178886e-05 -8.3077114141727297e-06 -1.2250167788305266e-06 0.00028997111955770746 4.4519470114820109e-06 0.00042884187588661428 8.4248867119588e-06
leaf_weight=224 39 32 29 23 20 22 30 25
leaf_count=224 39 32 29 23 20 22 30 25
internal_value=3.59711e-05 0.00060153 0.000916816 0.00129227 0.00181438 -0.000226972 -0.000312723 -0.000410328
internal_weight=444 143 111 82 59 301 279 249
internal_count=444 143 111 82 59 301 279 249
is_linear=0
shrinkage=0.01


Tree=860
num_leaves=10
num_cat=0
split_feature=38 45 0 5 32 102 5 101 68
split_gain=0.439939 0.279662 0.532843 0.2873 0.543415 0.11385 0.170852 0.130526 0.131174
threshold=5.414285694000001 17.150000155000004 0.13297466700000002 0.32167057150000006 3.0357142855000006 33.572341325000004 0.42560378550000005 133.22386480000003 34.864999770000004
decision_type=2 2 2 2 2 8 2 2 2
left_child=1 3 -3 4 -1 7 -7 8 -5
right_child=-2 2 -4 5 -6 6 -8 -9 -10
leaf_value=0.0005538463970386733 5.072144604945916e-05 -0.001779319742773686 4.8511823637974531e-05 -3.5789564455795343e-06 -0.0052962912219475886 -0.0031468034126622708 0.00022106263598289203 1.6293099056148756e-05 -3.0869172693476373e-05
leaf_weight=21 28 20 20 23 24 20 20 20 280
leaf_count=21 28 20 20 23 24 20 20 20 280
internal_value=-1.2584e-05 -9.3583e-05 0.000686274 -0.000176125 0.000556768 -0.000273502 0.000196078 -0.000338172 -0.000393351
internal_weight=476 448 40 408 45 363 40 323 303
internal_count=476 448 40 408 45 363 40 323 303
is_linear=0
shrinkage=0.01


Tree=861
num_leaves=11
num_cat=0
split_feature=28 82 12 0 0 69 6 25 87 42
split_gain=0.535888 0.618985 0.422175 0.414214 0.602382 0.218967 0.111941 0.0920801 0.232716 0.0428387
threshold=3.9428571120000004 7.9357142110000014 0.57757257100000003 0.23516897900000003 0.13929100000000003 25.020000460000002 0.58761964300000014 1.6285714335000001 5.3014285070000007 1.4499999880000003
decision_type=2 2 2 2 2 2 2 2 2 2
left_child=1 3 -2 4 -1 -4 7 8 -7 -9
right_child=2 -3 5 -5 -6 6 -8 9 -10 -11
leaf_value=-0.00066531293110321389 0.0005918124390990252 4.7087039738462031e-05 1.3993332450858497e-05 -1.1496286527104975e-05 0.00072608479038408749 0.00066448391419897835 0.00067411748696745769 -1.5624766605686268e-05 -0.002209483728865157 -5.171082218273396e-06
leaf_weight=25 31 20 37 36 21 20 20 185 39 20
leaf_count=25 31 20 37 36 21 20 20 185 39 20
internal_value=0.000112137 0.000749027 -6.80273e-05 0.000326087 0.000961538 -0.00018179 -0.000280899 -0.000339879 0 -0.000439747
internal_weight=454 102 352 82 46 321 284 264 59 205
internal_count=454 102 352 82 46 321 284 264 59 205
is_linear=0
shrinkage=0.01


Tree=862
num_leaves=12
num_cat=1
split_feature=104 83 13 10 60 23 14 69 24 19 10
split_gain=0.414441 0.412477 0.623637 0.694896 0.954291 0.648847 0.162548 0.125102 0.124991 0.188056 0.0416234
threshold=0 7.3935713640000005 0.71189387500000012 0.61610042900000017 2.0999999865000007 1.8357142720000004 0.75020021450000007 32.46999979000001 1.9428571035000002 0.43310660750000007 0.70744584500000018
decision_type=1 2 2 2 2 2 2 2 2 2 2
left_child=1 2 3 5 -5 -1 -4 -3 10 -10 -2
right_child=8 7 6 4 -6 -7 -8 -9 9 -11 -12
leaf_value=-0.00073190605569684226 -1.32736216952903e-05 -0.00059919187435279449 -0.00026638026378537943 6.086932978079704e-05 0.00013458092287490017 0.00054238975944833777 0.00011768302549188889 0.00097282357608321048 -0.0054091686833264421 8.3893003161593794e-05 2.1419849747688832e-05
leaf_weight=36 155 68 48 20 21 21 28 20 24 20 20
leaf_count=36 155 68 48 20 21 21 28 20 24 20 20
internal_value=1.55665e-05 0.000282258 0.000577803 0.00110324 0.0020933 0.00033737 -7.81251e-05 -0.000247748 -0.000293734 0.000133928 -0.000429465
internal_weight=481 262 174 98 41 57 76 88 219 44 175
internal_count=481 262 174 98 41 57 76 88 219 44 175
cat_boundaries=0 1
cat_threshold=678957331
is_linear=0
shrinkage=0.01


Tree=863
num_leaves=11
num_cat=1
split_feature=104 11 67 50 28 8 18 28 4 74
split_gain=0.392211 0.299395 0.386735 0.691513 0.326694 0.469681 0.277598 0.460427 0.220242 0.0411212
threshold=0 0.5549890715000001 2.1550002095000003 4.449999988000001 3.9428571970000008 0.58532521450000019 0.68323078550000005 4.0142857520000002 0.41889300000000002 65.294999125000018
decision_type=1 2 2 2 2 2 2 2 2 2
left_child=-1 -2 4 -4 5 -3 9 -8 -7 -6
right_child=1 2 3 -5 6 8 7 -9 -10 -11
leaf_value=-1.7280308374474347e-05 0.00063257348417861581 0.00068624972207837409 -2.3381969488383777e-05 0.00054279588577782554 -1.6599353284421155e-05 -0.00046826827549310059 -0.00011611311632292009 0.001791300173720961 8.451984477011288e-05 -8.7724248714869323e-06
leaf_weight=108 36 20 30 26 145 34 29 25 20 20
leaf_count=108 36 20 30 26 145 34 29 25 20 20
internal_value=6.37909e-05 0.000216018 0.000124357 0.000880282 -1.53167e-05 0.000548128 -0.000216106 0.000383212 1.82481e-05 -0.000425211
internal_weight=493 385 349 56 293 74 219 54 54 165
internal_count=493 385 349 56 293 74 219 54 54 165
cat_boundaries=0 1
cat_threshold=4791008
is_linear=0
shrinkage=0.01


Tree=864
num_leaves=11
num_cat=0
split_feature=18 2 28 5 101 0 0 5 1 0
split_gain=0.23052 1.1003 0.330369 0.382741 0.273653 0.328281 0.0799496 0.0377325 0.0441881 0.0261223
threshold=0.68323078550000005 0.2567187855000001 3.9214285440000003 0.44774035750000002 70.137508020000013 0.086798271000000024 0.22684882650000002 0.52067228550000011 0.32582951800000004 0.26401193750000002
decision_type=2 2 2 2 2 2 2 2 2 2
left_child=2 -2 3 6 5 -4 -1 8 -6 -3
right_child=1 9 4 -5 7 -7 -8 -9 -10 -11
leaf_value=4.2811054613684784e-05 0.00083658465929324383 -9.982110118519849e-05 -0.0015863368029524017 7.5575391615869271e-05 -2.9841746398002603e-05 0.0010744627304411004 -3.9437323258986862e-06 2.0976807266527565e-05 -0.0027363849224090594 6.6131145223592152e-05
leaf_weight=20 25 40 20 24 233 20 28 20 20 20
leaf_count=20 25 40 20 24 233 20 28 20 20 20
internal_value=-4.88531e-05 0.000413753 -0.000156817 0.00043956 -0.000301147 0.000441176 -4.09837e-05 -0.000418189 -0.000451143 -0.000296053
internal_weight=470 85 385 72 313 40 48 273 253 60
internal_count=470 85 385 72 313 40 48 273 253 60
is_linear=0
shrinkage=0.01


Tree=865
num_leaves=7
num_cat=0
split_feature=101 39 45 87 20 46
split_gain=0.36239 0.808697 0.357439 0.428474 0.437303 0.241198
threshold=77.303394425000008 5.4000000105000003 10.600000080000003 5.4499999625000006 19.550000000000001 12.050000020000001
decision_type=2 2 2 2 2 2
left_child=1 -1 3 4 -2 -6
right_child=2 -3 -4 -5 5 -7
leaf_value=-0.0016013701778813667 0.00049865039718597118 0.00059763729391873834 -3.4459311902760242e-05 7.7769329430547193e-05 -1.1410021542000296e-05 6.4061876950626861e-06
leaf_weight=30 22 28 192 36 128 27
leaf_count=30 22 28 192 36 128 27
internal_value=-6.36051e-05 0.000663265 -0.000173731 0.000100561 -9.2801e-05 -0.000292041
internal_weight=463 58 405 213 177 155
internal_count=463 58 405 213 177 155
is_linear=0
shrinkage=0.01


Tree=866
num_leaves=11
num_cat=0
split_feature=28 6 18 18 18 1 39 17 88 1
split_gain=0.581259 0.614724 0.716764 0.190574 0.159806 0.618044 0.129677 0.179847 0.079278 0.0615385
threshold=3.9428571970000008 0.4833077380000001 0.48391685750000007 0.56801864300000016 0.68323078550000005 0.23350692850000002 6.2214285645000009 0.63114764300000015 15.898571425000002 0.21354107150000004
decision_type=2 2 2 2 2 2 2 2 2 2
left_child=1 3 -3 -1 6 -6 8 -8 -2 -10
right_child=4 2 -4 -5 5 -7 7 -9 9 -11
leaf_value=-0.0010214119241119758 -2.6437685415667268e-05 0.00053278701084479507 1.6612819077812403e-06 0.00071005767018776731 0.00086627336924965383 -1.4533102201598521e-05 0.0002673173189910316 -0.00011109592258773884 -0.0050387544474093295 9.3951826916936068e-06
leaf_weight=41 198 24 26 36 23 44 20 22 20 20
leaf_count=41 198 24 26 36 23 44 20 22 20 20
internal_value=2.10603e-06 0.000582942 0.00143701 0 -0.000205578 0.000213864 -0.00031339 0.000163551 -0.000406198 0
internal_weight=474 127 50 77 347 67 280 42 238 40
internal_count=474 127 50 77 347 67 280 42 238 40
is_linear=0
shrinkage=0.01


Tree=867
num_leaves=8
num_cat=0
split_feature=89 10 56 68 47 101 51
split_gain=0.540024 0.786682 0.216896 0.210871 0.303085 0.113032 0.0426265
threshold=14.003571650000003 0.61123778600000012 0.50000000750000007 41.059999945000008 3.5999999345000004 132.27619780000003 19.400000075000005
decision_type=2 2 2 2 2 2 2
left_child=2 -2 -1 5 -5 6 -4
right_child=1 -3 3 4 -6 -7 -8
leaf_value=2.81885885166051e-05 -6.4924893953471961e-05 0.00017037398348232171 -1.6588847412320075e-05 0.00033176099463214239 -0.00030605175087523997 0.00012035246305944343 -2.6433348764138476e-06
leaf_weight=39 23 26 281 35 35 27 21
leaf_count=39 23 26 281 35 35 27 21
internal_value=-0.000105576 0.000873494 -0.000221058 -0.000293897 0.000183616 -0.000401759 -0.000459049
internal_weight=487 49 438 399 70 329 302
internal_count=487 49 438 399 70 329 302
is_linear=0
shrinkage=0.01


Tree=868
num_leaves=8
num_cat=0
split_feature=89 5 36 68 11 101 102
split_gain=0.618157 1.35271 0.185969 0.228454 0.145072 0.230424 0.0545945
threshold=14.003571650000003 0.42560378550000005 3.2499999660000003 34.825000765000006 0.5534977860000001 72.840353275000027 27.820630600000005
decision_type=2 2 2 2 2 2 8
left_child=2 -2 -1 -4 -5 -6 -7
right_child=1 -3 3 4 5 6 -8
leaf_value=1.8531719915029695e-06 -0.00081305329979184163 0.00015012459777157612 0.00015693375214207564 8.7874177156897651e-05 0.000113894313765444 -1.2164658554512818e-05 -4.9237211908461844e-05
leaf_weight=36 27 23 36 34 28 243 53
leaf_count=36 27 23 36 34 28 243 53
internal_value=0 0.00104331 -0.000123027 -0.00018997 -0.000270346 -0.00033867 -0.000424528
internal_weight=480 50 430 394 358 324 296
internal_count=480 50 430 394 358 324 296
is_linear=0
shrinkage=0.01


Tree=869
num_leaves=10
num_cat=1
split_feature=104 28 18 14 5 22 68 38 8
split_gain=0.373602 0.570182 0.307907 0.181137 0.148112 0.209784 0.136205 0.133805 0.0426974
threshold=0 3.9428571120000004 0.69483332850000012 0.59923275700000012 0.39352740000000003 2.2357142910000003 40.065000535000003 3.6571428175000005 0.69065892900000014
decision_type=1 2 2 2 2 2 2 2 2
left_child=1 -1 4 -2 -3 -6 -7 -5 -9
right_child=3 2 -4 7 5 6 -8 8 -10
leaf_value=0.00033817790868275897 0.00015814788949809335 -0.00098814775009960828 0.00048218430585219408 1.3734133985106157e-07 0.00017317964662380523 0.00032856184938101095 -1.1195003648617036e-05 -1.7322126443618675e-05 1.3825324934169754e-06
leaf_weight=33 29 58 22 21 26 31 45 181 20
leaf_count=33 29 58 22 21 26 31 45 181 20
internal_value=1.07111e-05 0.000312223 9.29977e-05 -0.000242552 -4.97514e-05 0.00016537 -7.81251e-05 -0.000354578 -0.000438553
internal_weight=466 215 182 251 160 102 76 222 201
internal_count=466 215 182 251 160 102 76 222 201
cat_boundaries=0 1
cat_threshold=674497301
is_linear=0
shrinkage=0.01


Tree=870
num_leaves=8
num_cat=1
split_feature=39 104 5 7 55 33 70
split_gain=0.542951 0.2551 0.341022 0.699359 0.262361 0.165052 0.109287
threshold=6.3714285240000006 0 0.43466569050000009 0.56857490450000003 2.2000000365000005 5.6785713945000014 33.249999050000007
decision_type=2 1 2 2 2 2 2
left_child=1 2 4 -4 -1 6 -3
right_child=-2 5 3 -5 -6 -7 -8
leaf_value=-0.00081941831129503362 4.8798818978929991e-05 -1.7219563915389555e-05 0.00017092416785450331 1.7024298547964143e-05 0.00028791937706811808 0.00049842237811872025 1.1226870399157605e-06
leaf_weight=71 33 192 20 38 35 34 29
leaf_count=71 33 192 20 38 35 34 29
internal_value=4.41684e-06 -8.93284e-05 0.00020595 0.000833333 -0.000102996 -0.000284048 -0.000399008
internal_weight=452 419 164 58 106 255 221
internal_count=452 419 164 58 106 255 221
cat_boundaries=0 1
cat_threshold=136057361
is_linear=0
shrinkage=0.01


Tree=871
num_leaves=11
num_cat=1
split_feature=89 19 6 3 101 46 104 67 19 1
split_gain=0.355745 0.410039 0.327206 0.325275 0.250161 0.314389 0.11188 0.175526 0.115711 0.0282128
threshold=13.742856980000001 0.5436420715000001 0.49082371450000006 0.3874656425000001 75.012119650000002 3.0999999795000006 0 2.1550002095000003 0.61750485700000013 0.23350692850000002
decision_type=2 2 2 2 2 2 1 2 2 2
left_child=4 2 9 -4 5 -1 7 8 -6 -2
right_child=1 -3 3 -5 6 -7 -8 -9 -10 -11
leaf_value=-0.0035043630949871856 -0.0010271328763041257 0.0015525027022073072 3.7266054890326271e-05 -0.0024153025114300934 -9.9416484408337229e-06 0.00056435948382373125 -1.9516402831869029e-05 0.00016105609771173459 0.00088660335691156695 -3.3768643224171385e-06
leaf_weight=22 20 29 22 23 64 29 170 22 21 46
leaf_count=22 20 29 22 23 64 29 170 22 21 46
internal_value=-4.26633e-06 0.000411932 0.000111807 0.000775109 -0.000188565 0.000434363 -0.000311375 -1.27336e-05 -0.000238928 -0.000314371
internal_weight=468 140 111 45 328 51 277 107 85 66
internal_count=468 140 111 45 328 51 277 107 85 66
cat_boundaries=0 1
cat_threshold=6554640
is_linear=0
shrinkage=0.01


Tree=872
num_leaves=10
num_cat=0
split_feature=70 18 20 66 6 11 74 11 56
split_gain=0.270187 0.281821 0.468095 0.665888 0.237466 0.147539 0.252561 0.243749 0.13488
threshold=30.875000000000004 0.56801864300000016 16.245000000000001 0.9649996755000001 0.54118307150000011 0.6793835235000002 62.180000305000007 0.72051558900000012 4.1499999725000007
decision_type=2 2 2 2 2 2 2 2 2
left_child=5 4 -3 -4 8 -1 -7 -8 -2
right_child=1 2 3 -5 -6 6 7 -9 -10
leaf_value=-8.6927030760943217e-06 -0.00066602253780602416 -0.0014580646286621081 9.7151322464654187e-05 0.00070481054037549711 9.3409701191501387e-05 -9.4852501563700616e-06 0.00089198182443956829 -9.2179623862891617e-05 3.7474359989241833e-05
leaf_weight=178 87 22 20 22 20 56 20 26 20
leaf_count=178 87 22 20 22 20 56 20 26 20
internal_value=-0.000113396 0.000169447 0.000709876 0.00133178 -8.99845e-05 -0.00031339 0 0.000534188 -0.000292208
internal_weight=471 191 64 42 127 280 102 46 107
internal_count=471 191 64 42 127 280 102 46 107
is_linear=0
shrinkage=0.01


Tree=873
num_leaves=7
num_cat=0
split_feature=69 56 68 74 32 7
split_gain=0.298307 0.481161 0.261499 0.238277 0.0748136 0.0446694
threshold=30.669999600000001 1.0000000225000003 41.059999945000008 65.31500053500001 3.0714285880000003 0.42114135700000005
decision_type=2 2 2 2 2 2
left_child=3 -2 -3 4 5 -1
right_child=1 2 -4 -5 -6 -7
leaf_value=5.3633129305070975e-06 0.00012676296768691345 -0.00011534037427005012 0.00068141208514081763 0.00012029187139208385 -1.134014550263629e-07 -8.574168379703702e-06
leaf_weight=20 23 59 33 26 39 256
leaf_count=20 23 59 33 26 39 256
internal_value=-0.000166375 0.000263385 -4.31036e-05 -0.000317437 -0.000397404 -0.000455202
internal_weight=456 115 92 341 315 276
internal_count=456 115 92 341 315 276
is_linear=0
shrinkage=0.01


Tree=874
num_leaves=7
num_cat=0
split_feature=68 69 56 2 20 68
split_gain=0.504465 0.725537 0.184971 0.385869 0.0939964 0.0937523
threshold=35.180000305000007 30.640000345000001 8.6499999685000031 0.2567187855000001 52.030000000000008 41.575001240000013
decision_type=2 2 2 2 2 2
left_child=1 4 5 -4 -1 -2
right_child=2 -3 3 -5 -6 -7
leaf_value=0.00032547296189184118 -1.7802937282237602e-05 0.00031230575816565089 0.00057873879206728153 -9.1719751913367633e-06 -0.00010117939996526718 2.9209995390875461e-06
leaf_weight=20 268 29 33 48 36 36
leaf_count=20 268 29 33 48 36 36
internal_value=-0.000155055 0.000530303 -0.000312338 9.16869e-05 -0.000105634 -0.000426509
internal_weight=470 85 385 81 56 304
internal_count=470 85 385 81 56 304
is_linear=0
shrinkage=0.01


Tree=875
num_leaves=8
num_cat=0
split_feature=89 39 34 4 9 31 7
split_gain=0.793494 0.349114 0.152742 0.251085 0.0864017 0.0986371 0.0391433
threshold=14.099285565000002 6.3642856735000004 4.4142857280000003 0.29695514300000009 0.51577205850000007 2.0142857265000003 0.64593471400000013
decision_type=2 2 2 2 2 2 2
left_child=1 2 4 -4 -1 -6 -7
right_child=-2 -3 3 -5 5 6 -8
leaf_value=0.0004696816234661233 0.0001340642372461354 0.00010045862864759711 -3.1814626684029984e-05 0.00031953356339352068 -5.6127216187606101e-06 -1.7344149780090168e-05 -1.0906330818223989e-05
leaf_weight=27 20 39 26 26 28 290 20
leaf_count=27 20 39 26 26 28 290 20
internal_value=-7.55035e-05 -0.000166375 -0.000254907 0.000227273 -0.000329415 -0.000374853 -0.000427928
internal_weight=476 456 417 52 365 338 310
internal_count=476 456 417 52 365 338 310
is_linear=0
shrinkage=0.01


Tree=876
num_leaves=8
num_cat=0
split_feature=5 2 58 27 102 103 0
split_gain=0.494488 0.802997 0.484665 0.212505 0.133324 0.139166 0.0451096
threshold=0.47714655350000007 0.31722652400000001 0.25000000350000007 2.2714285810000008 32.24637240500001 28.279382665000004 0.062428375000000008
decision_type=2 2 2 2 10 10 2
left_child=2 -2 -1 -3 5 6 -4
right_child=1 3 4 -5 -6 -7 -8
leaf_value=0.00066144405824996189 0.00059747765262388149 -0.00023043124967178009 2.0634696444378072e-05 4.0468831358184585e-05 2.3521356112589169e-05 0.00014643219080913851 -1.3313145335644028e-05
leaf_weight=23 20 37 20 21 20 22 281
leaf_count=23 20 37 20 21 20 22 281
internal_value=-8.99282e-05 0.000621827 -0.000248092 0 -0.000347586 -0.000399938 -0.000458913
internal_weight=444 78 366 58 343 323 301
internal_count=444 78 366 58 343 323 301
is_linear=0
shrinkage=0.01


Tree=877
num_leaves=8
num_cat=0
split_feature=89 4 17 87 103 58 17
split_gain=0.364204 0.59442 0.155925 0.158676 0.0923155 0.0770664 0.0686894
threshold=14.003571650000003 0.37315550000000003 0.73236200000000007 6.4249999350000007 28.279382665000004 0.40000000950000009 0.62812403550000007
decision_type=2 2 2 2 10 2 2
left_child=2 -2 3 4 5 6 -1
right_child=1 -3 -4 -5 -6 -7 -8
leaf_value=4.1008291272525662e-05 -0.00059250690503238651 0.00010629160375580798 0.0010397887798489225 0.00061101031817819326 3.6584961298929333e-07 -1.8534750014123232e-05 -0.00036376522054439622
leaf_weight=20 25 26 31 35 30 277 23
leaf_count=20 25 26 31 35 30 277 23
internal_value=-0.000152843 0.000627413 -0.000254319 -0.000312338 -0.000379134 -0.000430175 0
internal_weight=467 51 416 385 350 320 43
internal_count=467 51 416 385 350 320 43
is_linear=0
shrinkage=0.01


Tree=878
num_leaves=8
num_cat=0
split_feature=27 6 13 10 10 6 68
split_gain=0.222784 0.350396 0.4106 0.396845 0.138433 0.199105 0.134512
threshold=2.2285714405000001 0.51452969050000008 0.7417923500000001 0.54691578600000013 0.68298335750000005 0.48071842850000007 40.954999925000003
decision_type=2 2 2 2 2 2 2
left_child=4 3 -3 -2 -1 -6 -5
right_child=1 2 -4 6 5 -7 -8
leaf_value=-3.2879653279882306e-05 0.00070989432049242413 0.0006044861627378719 -1.0775467927062926e-05 -1.0889348971258525e-05 0.00039105259209766931 -0.00017042491622640894 5.8580223624894869e-06
leaf_weight=168 37 34 29 132 20 27 22
leaf_count=168 37 34 29 132 20 27 22
internal_value=-0.00011175 8.24175e-05 0.00072884 -0.000122524 -0.000349861 9.41421e-05 -0.000355297
internal_weight=469 254 63 191 215 47 154
internal_count=469 254 63 191 215 47 154
is_linear=0
shrinkage=0.01


Tree=879
num_leaves=9
num_cat=0
split_feature=28 43 91 43 0 23 28 0
split_gain=0.396656 0.358708 0.553982 0.269225 0.431672 0.188881 0.0854157 0.0180012
threshold=4.1499999930000007 9.2000001220000023 8.4092857500000022 3.7000000065000003 0.14764960450000003 1.9571428555000001 4.0857142890000011 0.071051750000000011
decision_type=2 2 2 2 2 2 2 2
left_child=3 2 -2 4 7 6 -5 -1
right_child=1 -3 -4 5 -6 -7 -8 -9
leaf_value=-0.0015132741392600525 -1.8768548462414184e-05 -0.00043296924799310989 0.00031421860172150341 -2.901983264365188e-05 0.0005048134245418406 2.1594472305916077e-05 1.1023861681316982e-05 -0.004179418158197128
leaf_weight=20 23 22 26 250 25 33 39 24
leaf_count=20 23 22 26 250 25 33 39 24
internal_value=-8.42698e-05 0.000591922 0.0010743 -0.000213119 0.000336676 -0.000337671 -0.000422705 -0.000223214
internal_weight=462 71 49 391 69 322 289 44
internal_count=462 71 49 391 69 322 289 44
is_linear=0
shrinkage=0.01


Tree=880
num_leaves=6
num_cat=0
split_feature=39 87 70 97 89
split_gain=0.644583 0.419341 0.139045 0.238648 0.102362
threshold=6.3642856735000004 6.6842856920000004 30.875000000000004 17.502142840000005 14.02571423
decision_type=2 2 2 2 2
left_child=1 2 -1 -4 -5
right_child=-2 -3 3 4 -6
leaf_value=-1.2797475777811684e-05 0.00017272332937109255 0.00046352083604712712 0.00065579202106012542 -7.4876103718238905e-05 8.8326568357183929e-05
leaf_weight=249 35 26 33 91 26
leaf_count=249 35 26 33 91 26
internal_value=-0.00014757 -0.000259512 -0.000343922 -8.6207e-05 -0.000309847
internal_weight=460 425 399 150 117
internal_count=460 425 399 150 117
is_linear=0
shrinkage=0.01


Tree=881
num_leaves=8
num_cat=0
split_feature=6 55 10 15 14 60 46
split_gain=0.464345 1.70601 0.157133 0.308618 0.146208 0.100616 0.0451734
threshold=0.51452969050000008 1.0000000180025095e-35 0.54578737500000007 0.60295828550000008 0.75020021450000007 5.9499999655000009 14.249999820000001
decision_type=2 2 2 2 2 2 2
left_child=2 -2 3 -1 6 -3 -4
right_child=1 5 4 -5 -6 -7 -8
leaf_value=-0.0037060849749926562 0.00052366393876230699 -7.7741501908562664e-06 -1.2553642801477777e-05 0.00081497472244443099 0.0001490661079456628 0.00031992772808593124 -0.0036024350832334672
leaf_weight=35 23 59 285 25 21 23 20
leaf_count=35 23 59 285 25 21 23 20
internal_value=-0.000149451 0.000430057 -0.000312823 0.000131579 -0.000400857 -0.000229469 -0.000459451
internal_weight=491 105 386 60 326 82 305
internal_count=491 105 386 60 326 82 305
is_linear=0
shrinkage=0.01


Tree=882
num_leaves=9
num_cat=0
split_feature=8 47 3 47 32 3 65 103
split_gain=0.322107 0.419164 0.394691 0.618726 0.239446 0.492068 0.238417 0.14785
threshold=0.48546688100000007 3.8499999945000005 0.35729614250000002 2.9999999405000004 3.0642857040000004 0.29333092850000003 0.045000076500000007 28.279382665000004
decision_type=2 2 2 2 2 2 2 10
left_child=1 -1 4 -4 7 -6 -5 -2
right_child=2 -3 3 6 5 -7 -8 -9
leaf_value=-0.0048563441856446571 -8.5205533430992494e-06 0.0011969966257522125 0.00011129549575268504 6.2014032819157893e-05 -0.0051626437563057825 0.00056145854919902201 -0.00051799282773411128 4.7803737801586503e-06
leaf_weight=25 243 20 25 33 38 26 49 22
leaf_count=25 243 20 25 33 38 26 49 22
internal_value=-1.76423e-05 0.000775109 -0.000105311 0.000412801 -0.000280473 0.000246913 0 -0.000415726
internal_weight=481 45 436 107 329 64 82 265
internal_count=481 45 436 107 329 64 82 265
is_linear=0
shrinkage=0.01


Tree=883
num_leaves=9
num_cat=0
split_feature=7 43 68 54 102 1 11 0
split_gain=0.307668 0.545463 0.220231 0.10341 0.0658567 0.25576 0.0446307 0.0199046
threshold=0.60344354300000014 5.5999999160000007 41.474999905000011 10.250000150000002 27.820630600000005 0.23047792850000001 0.72696064300000007 0.15960302100000004
decision_type=2 2 2 2 10 2 2 2
left_child=2 -2 4 -4 6 -6 -1 -3
right_child=1 7 3 -5 5 -7 -8 -9
leaf_value=-1.1507166382806543e-05 0.00042558208509161966 -7.7555634772840247e-05 0.0010805651571546516 -0.0035597402977498973 0.00070901604519649458 -4.4877699060582356e-06 7.0895261525057156e-06 -0.0018424452556900482
leaf_weight=254 29 27 20 25 21 57 20 20
leaf_count=254 29 27 20 25 21 57 20 20
internal_value=-0.000178345 0.000390625 -0.000292861 0.000338428 -0.000379819 -8.88326e-05 -0.000454876 -0.000240586
internal_weight=473 76 397 45 352 78 274 47
internal_count=473 76 397 45 352 78 274 47
is_linear=0
shrinkage=0.01


Tree=884
num_leaves=7
num_cat=1
split_feature=39 3 104 38 17 4
split_gain=0.799013 0.542986 0.311915 0.410614 0.109087 0.184043
threshold=6.3642856735000004 0.34345433300000006 0 4.5499999865000005 0.68903750000000008 0.33253569050000004
decision_type=2 2 1 2 2 2
left_child=2 -2 3 4 -1 -6
right_child=1 -3 -4 -5 5 -7
leaf_value=-7.3118287640055885e-06 -0.0012133595503043618 0.00015505380857783747 -1.8535193789835519e-05 0.00022136336222787262 -1.3393353943139709e-05 0.0010334290355736764
leaf_weight=68 20 20 275 39 23 20
leaf_count=68 20 20 275 39 23 20
internal_value=-0.000151353 0.00117647 -0.000282997 8.08457e-05 -0.000210197 0.000148402
internal_weight=465 40 425 150 111 43
internal_count=465 40 425 150 111 43
cat_boundaries=0 1
cat_threshold=2363665
is_linear=0
shrinkage=0.01


Tree=885
num_leaves=7
num_cat=0
split_feature=89 5 17 7 68 56
split_gain=0.964785 0.312606 0.658644 0.109104 0.146691 0.045266
threshold=14.099285565000002 0.46976100000000004 0.58129871400000011 0.40669402350000006 41.575001240000013 11.800000175000003
decision_type=2 2 2 2 2 2
left_child=1 3 -3 -1 5 -5
right_child=-2 2 -4 4 -6 -7
leaf_value=7.0039594230943977e-05 9.8715736628094777e-05 0.00057155122872038226 -2.3335641452654766e-05 -1.203150133450093e-05 0.00018132131557322808 1.2560091560118863e-05
leaf_weight=24 25 37 46 291 21 20
leaf_count=24 25 37 46 291 21 20
internal_value=-0.000107573 -0.000221692 0.000316229 -0.000353139 -0.000402644 -0.000460231
internal_weight=464 439 83 356 332 311
internal_count=464 439 83 356 332 311
is_linear=0
shrinkage=0.01


Tree=886
num_leaves=9
num_cat=0
split_feature=69 68 69 103 8 32 8 20
split_gain=0.624592 0.456607 0.310648 0.234945 0.102288 0.144057 0.208868 0.0302359
threshold=30.504999635000001 35.01000023000001 32.829999925000003 21.776011000000004 0.48546688100000007 3.0642857040000004 0.61436555350000011 93.810000000000016
decision_type=2 2 2 10 2 2 2 2
left_child=4 -2 3 7 -1 -6 -7 -3
right_child=1 2 -4 -5 5 6 -8 -9
leaf_value=0.00018837286646934261 6.7848565438382306e-05 -0.0019622210701677584 0.00012358703301348608 0.00056144825710762185 -1.1252108954160071e-05 -0.0015772570093546263 0.00082730691930657128 3.2246567248272188e-05
leaf_weight=25 20 53 21 20 268 30 20 20
leaf_count=25 20 53 21 20 268 30 20 20
internal_value=-0.00011825 0.000452522 0.000182927 -4.79745e-05 -0.000347586 -0.000398369 5.9055e-05 -0.000331978
internal_weight=477 134 114 93 343 318 50 73
internal_count=477 134 114 93 343 318 50 73
is_linear=0
shrinkage=0.01


Tree=887
num_leaves=8
num_cat=0
split_feature=39 69 83 17 28 46 18
split_gain=0.948131 0.372152 0.421416 0.65577 0.141124 0.0727421 0.0710918
threshold=6.3714285240000006 29.719999790000006 7.3785713530000008 0.59665769050000017 3.9214285440000003 3.6999999880000005 0.4765940480000001
decision_type=2 2 2 2 2 2 2
left_child=1 5 3 -3 -4 6 -1
right_child=-2 2 4 -5 -6 -7 -8
leaf_value=-0.006250847947627731 3.5180164896205189e-05 0.00061007855192837302 0.00019249168692062572 -2.6490655566319849e-05 -0.0042503475049507069 -1.2958315752888403e-05 0.00016521970279220581
leaf_weight=24 33 20 34 25 61 242 20
leaf_count=24 33 20 34 25 61 242 20
internal_value=-8.15573e-05 -0.000213215 0.000198864 0.00099345 -0.000161796 -0.000421897 -1.17081e-10
internal_weight=459 426 140 45 95 286 44
internal_count=459 426 140 45 95 286 44
is_linear=0
shrinkage=0.01


Tree=888
num_leaves=9
num_cat=0
split_feature=69 77 92 16 16 0 9 0
split_gain=0.685773 0.969686 0.254308 0.360103 0.194544 0.0392437 0.0449769 0.0231242
threshold=30.839999195000004 57.275001050000007 13.034999985000001 0.5446488570000001 0.61373490450000012 0.070212250000000018 0.50565640000000012 0.14764960450000003
decision_type=2 2 2 2 2 2 2 2
left_child=2 4 5 -4 7 -1 -7 -2
right_child=1 -3 3 -5 -6 6 -8 -9
leaf_value=5.05948396861397e-06 -0.0017094472736096694 4.3916125055243516e-05 -0.0094976615151875134 0.00069433205320160673 0.0010629910023364465 -1.0222893335011876e-06 -1.1108357478589288e-05 -0.0054460979057412741
leaf_weight=20 33 23 24 20 20 20 273 20
leaf_count=20 33 23 24 20 20 20 273 20
internal_value=-0.000120097 0.000619835 -0.000325601 0.000357143 2.03251e-05 -0.000428617 -0.000457795 -0.000269517
internal_weight=453 96 357 44 73 313 293 53
internal_count=453 96 357 44 73 313 293 53
is_linear=0
shrinkage=0.01


Tree=889
num_leaves=9
num_cat=0
split_feature=39 66 15 9 102 41 0 0
split_gain=0.485204 0.373595 0.913894 0.114698 0.0976886 0.136023 0.0439007 0.0275573
threshold=6.3642856735000004 7.4350004195000006 0.60295828550000008 0.50846252500000011 27.772760855000005 1.0000000180025095e-35 0.071287271000000013 0.26304451400000006
decision_type=2 2 2 2 8 2 2 2
left_child=1 3 -3 -1 6 -6 -5 -7
right_child=-2 2 -4 4 5 7 -8 -9
leaf_value=0.00025974126676183264 8.5517024902026026e-05 -0.0084637385675648893 0.00075487671298803409 -6.1015756915671767e-05 0.00045508697667128432 -1.2788914171967458e-05 -1.0331178781535805e-05 -2.1694432846247764e-06
leaf_weight=20 38 39 28 20 27 44 221 20
leaf_count=20 38 39 28 20 27 44 221 20
internal_value=-5.78857e-05 -0.000160791 0.000508849 -0.000294785 -0.000342548 -3.81265e-05 -0.000448718 -0.000308642
internal_weight=457 419 67 352 332 91 241 64
internal_count=457 419 67 352 332 91 241 64
is_linear=0
shrinkage=0.01


Tree=890
num_leaves=9
num_cat=0
split_feature=89 11 20 89 101 4 5 36
split_gain=0.834511 0.752456 0.287814 0.458485 0.155416 0.100956 0.038575 0.0446307
threshold=14.003571650000003 0.63410651400000007 19.550000000000001 13.742856980000001 75.632127865000015 0.33673492850000003 0.32649292850000006 3.2000000055000002
decision_type=2 2 2 2 2 2 2 2
left_child=2 -2 3 5 -4 -1 -6 -8
right_child=1 -3 4 -5 6 -7 7 -9
leaf_value=-0.0038334794778546789 -3.9474373834214671e-05 0.00011070358881259399 0.00019173562210480645 0.0018529210578762387 -0.004862503704193606 0.0010184616299693378 -0.00094050235072872369 -1.1985560824943397e-05
leaf_weight=41 23 22 39 24 20 20 20 254
leaf_count=41 23 22 39 24 20 20 20 254
internal_value=-6.36051e-05 0.00121179 -0.000207737 0.000297203 -0.00034302 -0.000137541 -0.000424016 -0.000454876
internal_weight=463 45 418 85 333 61 294 274
internal_count=463 45 418 85 333 61 294 274
is_linear=0
shrinkage=0.01


Tree=891
num_leaves=9
num_cat=0
split_feature=7 89 11 92 41 56 3 52
split_gain=0.488249 0.545295 0.68405 0.140645 0.318632 0.131953 0.154245 0.0850552
threshold=0.40947400000000006 14.003571650000003 0.62514773850000005 13.062142715000002 1.0000000180025095e-35 10.750000025000002 0.30258425000000005 22.500000005000004
decision_type=2 2 2 2 2 2 2 2
left_child=-1 3 -3 5 -5 7 -7 -2
right_child=1 2 -4 4 -6 6 -8 -9
leaf_value=0.00061649860283913814 -1.1487977040876824e-05 -4.0170984470817519e-05 7.8973950780248075e-05 0.00061205350754633936 -0.0064278505675534883 0.0003263797899371101 -7.2191644232366835e-06 -4.7988125509004254e-05
leaf_weight=27 244 22 28 36 42 22 22 39
leaf_count=27 244 22 28 36 42 22 22 39
internal_value=-3.93539e-05 -0.000121764 0.000846457 -0.000247659 0.000114213 -0.000340147 0.000133928 -0.000421071
internal_weight=482 455 50 405 78 327 44 283
internal_count=482 455 50 405 78 327 44 283
is_linear=0
shrinkage=0.01


Tree=892
num_leaves=10
num_cat=0
split_feature=89 5 9 34 47 5 102 15 11
split_gain=0.747296 0.596354 0.545724 0.374371 0.101252 0.243767 0.233976 0.195337 0.0438244
threshold=14.003571650000003 0.42560378550000005 0.51577205850000007 4.1857142960000013 3.1499999055000001 0.40548353550000005 23.530456615000002 0.71941769050000015 0.5817602380000001
decision_type=2 2 2 2 2 2 10 2 2
left_child=2 -2 3 -1 5 -4 -7 -8 -6
right_child=1 -3 4 -5 8 6 7 -9 -10
leaf_value=0.00069430656981678512 -1.9348160040664909e-05 1.7202971740857278e-05 -0.0012229275773422948 -0.0047110812709895439 -1.6089135285574523e-05 -0.0027595887329032909 0.00052543659991079249 -4.886265707224891e-06 -1.2614118101507337e-05
leaf_weight=20 23 25 84 22 20 25 26 20 218
leaf_count=20 23 25 84 22 20 25 26 20 218
internal_value=-6.09757e-05 0.00110656 -0.000196191 0.000864486 -0.00031615 -9.94866e-05 0.00031337 0.000747863 -0.000448074
internal_weight=483 48 435 42 393 155 71 46 238
internal_count=483 48 435 42 393 155 71 46 238
is_linear=0
shrinkage=0.01


Tree=893
num_leaves=8
num_cat=0
split_feature=29 41 99 67 10 10 10
split_gain=0.693617 0.684777 0.317148 0.313217 0.155063 0.170852 0.102677
threshold=4.0785714385000009 2.3999999315000005 23.544999940000004 2.4549999235000004 0.7122327140000001 0.72681142850000013 0.53582621450000012
decision_type=2 2 2 2 2 2 2
left_child=3 2 -2 4 6 -6 -1
right_child=1 -3 -4 -5 5 -7 -8
leaf_value=-0.00065661255847205527 -0.00094891446143941199 0.0003521495822967938 0.00051443953434038628 2.9918368896265e-05 0.00035769910352377289 -0.0003044589814744582 -1.8312288830866559e-05
leaf_weight=33 35 20 34 33 20 20 286
leaf_count=33 35 20 34 33 20 20 286
internal_value=-7.99088e-05 0.000707127 0.00019341 -0.000264766 -0.000354364 0.000196078 -0.000429956
internal_weight=481 89 69 392 359 40 319
internal_count=481 89 69 392 359 40 319
is_linear=0
shrinkage=0.01


Tree=894
num_leaves=9
num_cat=0
split_feature=89 46 81 46 83 15 39 4
split_gain=0.898646 0.462303 0.230243 0.323871 0.346977 0.631484 0.23844 0.0969204
threshold=14.099285565000002 15.949999745000001 -1.2921428559999997 3.0999999795000006 5.9385714960000007 0.60295828550000008 6.3642856735000004 0.33673492850000003
decision_type=2 2 2 2 2 2 2 2
left_child=1 2 3 -1 7 -6 -4 -5
right_child=-2 -3 6 4 5 -7 -8 -9
leaf_value=-0.0054035903643709585 8.3493537225066226e-05 0.00058582339551031717 -1.0507326749686732e-05 -0.00070448014214689772 -0.0050271906495225191 0.00069320877316019966 0.0002351296876877957 0.0010078803302620998
leaf_weight=65 24 20 221 38 21 40 30 20
leaf_count=65 24 20 221 38 21 40 30 20
internal_value=0 -9.98246e-05 -0.000173245 8.658e-05 0.000404841 0.000930421 -0.000371327 -0.000119048
internal_weight=479 455 435 184 119 61 251 58
internal_count=479 455 435 184 119 61 251 58
is_linear=0
shrinkage=0.01


Tree=895
num_leaves=9
num_cat=0
split_feature=18 3 89 11 67 20 11 20
split_gain=0.464445 0.530093 0.30374 0.343257 0.221353 0.145725 0.283044 0.0778705
threshold=0.68323078550000005 0.30226861900000007 14.003571650000003 0.62672564300000011 1.9850001335 84.260000000000019 0.67424450000000002 55.565000000000005
decision_type=2 2 2 2 2 2 2 2
left_child=2 -2 4 -4 -1 6 -6 -3
right_child=1 7 3 -5 5 -7 -8 -9
leaf_value=-1.6353506532468545e-05 0.00058523152632961961 0.0001387464549966963 -1.555704155675235e-05 8.009372488328379e-05 -0.0018756454353228969 -0.00061867888750138434 0.00058659966837384307 -6.8387626872659448e-05
leaf_weight=248 32 20 21 27 31 30 20 27
leaf_count=248 32 20 21 27 31 30 20 27
internal_value=-7.88092e-05 0.000607769 -0.000228957 0.000491803 -0.000341116 9.16869e-05 0.000434363 -3.13809e-05
internal_weight=456 79 377 48 329 81 51 47
internal_count=456 79 377 48 329 81 51 47
is_linear=0
shrinkage=0.01


Tree=896
num_leaves=7
num_cat=0
split_feature=89 8 103 39 19 68
split_gain=0.375651 0.364677 0.262616 0.18139 0.0922068 0.0644776
threshold=14.130714140000002 0.48546688100000007 27.836040485000002 6.3642856735000004 0.64288107150000007 40.919999600000004
decision_type=2 2 10 2 2 2
left_child=1 -1 3 4 5 -3
right_child=-2 2 -4 -5 -6 -7
leaf_value=0.0005034997067168359 9.4067843775017283e-05 -1.0604929624312366e-05 0.00037140274197971899 2.9111933865254274e-05 1.2271334189046619e-05 -3.2421928797117361e-06
leaf_weight=34 21 241 32 28 25 76
leaf_count=34 21 241 32 28 25 76
internal_value=-1.41985e-05 -8.24177e-05 -0.000171301 -0.000250809 -0.00031797 -0.000366583
internal_weight=457 436 402 370 342 317
internal_count=457 436 402 370 342 317
is_linear=0
shrinkage=0.01


Tree=897
num_leaves=9
num_cat=1
split_feature=89 13 104 102 15 5 89 1
split_gain=0.314802 0.721226 0.17949 0.345862 0.196252 0.556855 0.0668401 0.0734472
threshold=14.003571650000003 0.66810825000000007 0 28.525338020000003 0.69239089800000009 0.37450614250000008 13.856428660000001 0.28041000000000005
decision_type=2 2 1 8 2 2 2 2
left_child=2 -2 3 4 5 -1 -4 -8
right_child=1 -3 6 -5 -6 -7 7 -9
leaf_value=-0.0010849679082288745 -6.1546256433374423e-05 0.00010483933882601509 -2.800911633294755e-05 0.00038876171340029733 -2.1816602422456496e-05 0.00066682274125230083 0.00027177813747498981 -6.9369881047745514e-06
leaf_weight=39 29 24 193 22 81 24 20 25
leaf_count=39 29 24 193 22 81 24 20 25
internal_value=-0.000123416 0.000585502 -0.000222332 2.82804e-05 -0.000138122 0.000258621 -0.000389871 -1.09171e-05
internal_weight=457 53 404 166 144 63 238 45
internal_count=457 53 404 166 144 63 238 45
cat_boundaries=0 1
cat_threshold=707002512
is_linear=0
shrinkage=0.01


Tree=898
num_leaves=8
num_cat=0
split_feature=53 103 101 27 89 18 5
split_gain=0.348735 0.399181 0.283388 0.323638 0.153832 0.107482 0.0448367
threshold=58.250000580000005 27.836040485000002 73.069060915000009 2.2285714405000001 14.003571650000003 0.70722607100000012 0.52691861950000007
decision_type=2 10 2 2 2 2 2
left_child=1 2 3 -1 5 6 -4
right_child=-2 -3 4 -5 -6 -7 -8
leaf_value=-0.0014964495140618633 0.0002274949497064999 0.0003085756124788567 -1.603339877910872e-05 0.00073808960602505331 1.0168293149242375e-05 -5.3676284186524972e-05 2.6323067380856074e-05
leaf_weight=21 23 34 265 28 37 28 20
leaf_count=21 23 34 265 28 37 28 20
internal_value=-5.69178e-05 -0.000125634 -0.00021886 0.000471887 -0.000322121 -0.00039675 -0.000456613
internal_weight=456 433 399 49 350 313 285
internal_count=456 433 399 49 350 313 285
is_linear=0
shrinkage=0.01


Tree=899
num_leaves=9
num_cat=0
split_feature=87 38 72 89 11 12 15 32
split_gain=0.469066 0.202796 0.278774 0.195219 0.373995 0.116882 0.219045 0.0131026
threshold=6.6842856920000004 3.6071428745000005 18.864999775000005 14.003571650000003 0.64316608600000003 0.62654670400000012 0.61609792850000011 3.0642857040000004
decision_type=2 2 2 2 2 2 2 2
left_child=1 2 -1 5 -5 6 -3 -7
right_child=-2 3 -4 4 -6 7 -8 -9
leaf_value=4.0127459805324313e-05 0.00059707163254929595 -0.0037580367777705803 -9.0740175569279521e-06 -1.2906171204630271e-05 0.00013451291301093808 -1.080056425344656e-05 0.00023887225441519301 -0.00013240371882624911
leaf_weight=21 20 49 34 26 20 226 35 37
leaf_count=21 20 49 34 26 20 226 35 37
internal_value=-0.000110922 -0.00018271 0.000367383 -0.000265363 0.000320513 -0.000349339 -1.18085e-10 -0.000452995
internal_weight=468 448 55 393 46 347 84 263
internal_count=468 448 55 393 46 347 84 263
is_linear=0
shrinkage=0.01


Tree=900
num_leaves=10
num_cat=1
split_feature=104 16 0 36 36 19 68 8 12
split_gain=0.552657 0.529603 0.754247 0.26573 0.247489 0.133192 0.0654749 0.0686894 0.0447264
threshold=0 0.61165600000000009 0.14764960450000003 3.2000000055000002 3.9785714490000004 0.67250557150000012 34.979999545000005 0.57686250000000017 0.56331407150000012
decision_type=1 2 2 2 2 2 2 2 2
left_child=1 2 -1 -2 -3 6 7 -5 -8
right_child=3 4 -4 5 -6 -7 8 -9 -10
leaf_value=-1.8827780550911928e-05 3.8001908529684161e-05 -5.6511701983775126e-05 0.00069710113768443427 -0.001221668115651162 0.00020075895904603236 6.6250020240059409e-05 -0.00097203497887164312 2.2875376653327733e-06 -1.9687354508978149e-05
leaf_weight=27 22 45 20 23 20 20 20 20 259
leaf_count=27 22 45 20 23 20 20 20 20 259
internal_value=-7.55035e-05 0.000504886 0.00134937 -0.000266809 -7.5989e-06 -0.000347141 -0.000399628 0 -0.000455683
internal_weight=476 112 47 364 65 342 322 43 279
internal_count=476 112 47 364 65 342 322 43 279
cat_boundaries=0 1
cat_threshold=136352005
is_linear=0
shrinkage=0.01


Tree=901
num_leaves=8
num_cat=1
split_feature=104 68 59 1 16 0 103
split_gain=0.45012 0.361039 0.51684 0.389768 0.273715 0.468026 0.0432928
threshold=0 35.180000305000007 0.60000001250000012 0.18739064300000005 0.62389669050000007 0.14860166650000003 27.785577100000001
decision_type=1 2 2 2 2 2 10
left_child=6 2 -2 -3 5 -5 -1
right_child=1 3 -4 4 -6 -7 -8
leaf_value=-2.1017609527407187e-05 -0.0004515352273033171 0.00048931934780729251 0.00064763632609192586 -0.0012538124726157807 -3.554306725362849e-05 0.0006616787258988488 -0.001757738846821548
leaf_weight=199 23 31 22 30 111 25 20
leaf_count=199 23 31 22 30 111 25 20
internal_value=-0.000105024 0.000185918 0.00099345 0 -0.000185851 0.000367383 -0.000424282
internal_weight=461 242 45 197 166 55 219
internal_count=461 242 45 197 166 55 219
cat_boundaries=0 1
cat_threshold=583076249
is_linear=0
shrinkage=0.01


Tree=902
num_leaves=11
num_cat=0
split_feature=7 67 103 101 3 56 20 26 20 1
split_gain=0.345252 0.19818 0.379213 0.259064 0.65381 0.23415 0.373995 0.0383463 0.0321129 0.015083
threshold=0.40669402350000006 2.1550002095000003 27.039807480000004 77.303394425000008 0.29381971400000001 0.50000000750000007 64.640000000000015 1.6142856945000001 154.51500000000001 0.24881958950000002
decision_type=2 2 8 2 2 2 2 2 2 2
left_child=-1 3 9 4 -2 6 -5 -7 -9 -3
right_child=1 2 -4 5 -6 7 -8 8 -10 -11
leaf_value=0.00039697829545664866 -0.0019177810050421357 2.8310832215478406e-05 0.00044888161333999233 0.00019876521197882081 0.00032863795098750641 -2.7222719550903386e-05 -6.565576318206334e-06 -1.1923550253398424e-05 -7.4343999469399761e-06 -1.8817957264279119e-05
leaf_weight=23 31 20 26 20 20 20 26 243 25 20
leaf_count=23 31 20 26 20 20 20 26 243 25 20
internal_value=-5.26539e-05 -0.000118415 0.000374251 -0.000208657 0.000434363 -0.00031362 0.000320513 -0.000422438 -0.000453869 -0.000196079
internal_weight=474 451 66 385 51 334 46 288 268 40
internal_count=474 451 66 385 51 334 46 288 268 40
is_linear=0
shrinkage=0.01


Tree=903
num_leaves=8
num_cat=0
split_feature=19 87 90 18 18 3 37
split_gain=0.240136 0.265481 0.174977 0.515891 0.119793 0.232716 0.0342222
threshold=0.67635264250000016 6.6842856920000004 14.658571445000002 0.56801864300000016 0.68323078550000005 0.31040042850000005 4.2857142520000009
decision_type=2 2 2 2 2 2 2
left_child=1 2 4 6 -1 -6 -4
right_child=-2 -3 3 -5 5 -7 -8
leaf_value=-2.1604494259290514e-05 7.2903654371704599e-05 0.00058356546311949932 -8.1543020565545444e-05 0.00067371661740373956 0.00053119749963216666 -4.933961536699269e-05 -8.4608185963092988e-06
leaf_weight=259 20 20 20 38 20 39 72
leaf_count=259 20 20 20 38 20 39 72
internal_value=-0.000167758 -0.000217577 -0.000271836 2.29357e-05 -0.000398369 0 -0.000366379
internal_weight=488 468 448 130 318 59 92
internal_count=488 468 448 130 318 59 92
is_linear=0
shrinkage=0.01


Tree=904
num_leaves=10
num_cat=0
split_feature=7 51 18 21 3 21 15 21 35
split_gain=0.248322 0.230762 0.202271 0.357113 0.308645 0.161852 0.245477 0.0954291 0.0414269
threshold=0.40947400000000006 23.999999830000004 0.68323078550000005 0.89999999750000004 0.32250342850000008 0.99285714100000011 0.65142042900000019 1.0071428505000002 6.4785714150000011
decision_type=2 2 2 2 2 2 2 2 2
left_child=-1 2 5 4 -4 8 -7 -8 -2
right_child=1 -3 3 -5 -6 6 7 -9 -10
leaf_value=0.00055448219494990932 -2.3320356669339452e-05 0.0005777298084883027 0.00077467016071850001 -3.0048328772215538e-05 5.1508615042062116e-05 0.00034101445716262649 4.0508287838469442e-06 -6.559204889861951e-06 -9.369359442856289e-05
leaf_weight=29 221 20 21 36 20 29 25 66 21
leaf_count=29 221 20 21 36 20 29 25 66 21
internal_value=-8.59248e-05 -0.000146803 -0.000198954 0.000250643 0.000897129 -0.000300441 0 -0.000255991 -0.000448929
internal_weight=488 459 439 77 41 362 120 91 242
internal_count=488 459 439 77 41 362 120 91 242
is_linear=0
shrinkage=0.01


Tree=905
num_leaves=8
num_cat=0
split_feature=9 67 41 101 1 20 84
split_gain=0.457864 0.36601 0.366905 0.167621 0.433333 0.088091 0.0373926
threshold=0.50185125000000019 2.1550002095000003 1.0000000180025095e-35 77.303394425000008 0.21511478550000004 16.420000000000005 6.7521428210000005
decision_type=2 2 2 2 2 2 2
left_child=-1 3 -3 4 -2 -5 -7
right_child=1 2 -4 5 -6 6 -8
leaf_value=0.00059872786042082418 -0.0050082416979359817 0.00055328701170850652 -1.5557266731609124e-05 4.1762599083074628e-06 0.00019470457381262499 -2.2187891633864133e-05 -1.0338201467200773e-06
leaf_weight=30 37 33 37 34 20 265 23
leaf_count=30 37 33 37 34 20 265 23
internal_value=-9.89997e-05 -0.000183415 0.000466102 -0.000309373 0.00016436 -0.000399628 -0.000457064
internal_weight=479 449 70 379 57 322 288
internal_count=479 449 70 379 57 322 288
is_linear=0
shrinkage=0.01


Tree=906
num_leaves=9
num_cat=1
split_feature=104 15 102 3 89 78 102 34
split_gain=0.174345 0.277109 0.540919 0.422208 0.17037 0.133518 0.0387178 0.104623
threshold=0 0.69850314300000005 21.632804585000006 0.30164670000000005 12.243571620000003 72.104998590000022 21.597050835000005 4.1357143265000014
decision_type=1 2 8 2 2 2 8 2
left_child=1 2 -1 -4 -2 6 7 -6
right_child=4 -3 3 -5 5 -7 -8 -9
leaf_value=-0.0013393378771726116 6.5916506650832288e-05 -0.00010829379337206566 -0.00046202302570375877 0.00066962000707661783 0.00076878580774117583 1.5858936768254777e-05 -1.182338239336831e-05 -0.0027119352618038967
leaf_weight=31 32 44 24 20 20 21 231 44
leaf_count=31 32 44 24 20 20 21 231 44
internal_value=-0.00017422 0.000142527 0.000534301 0.00125 -0.000284281 -0.000366162 -0.000424273 -0.000154321
internal_weight=467 119 75 44 348 316 295 64
internal_count=467 119 75 44 348 316 295 64
cat_boundaries=0 1
cat_threshold=137364865
is_linear=0
shrinkage=0.01


Tree=907
num_leaves=11
num_cat=0
split_feature=101 5 57 19 102 103 6 29 11 32
split_gain=0.295764 0.542189 0.205698 0.3368 0.117835 0.0940555 0.0838677 0.0584085 0.0757048 0.0447075
threshold=77.303394425000008 0.42757992900000003 0.80000001550000011 0.51964457100000006 13.931805380000002 28.279382665000004 0.37404064300000006 4.1071428060000015 0.63953471400000006 1.9714285735000001
decision_type=2 2 2 2 10 10 2 2 2 2
left_child=1 6 3 -2 -4 7 -1 9 -9 -6
right_child=2 -3 4 -5 5 -7 -8 8 -10 -11
leaf_value=0.0010617442052988668 -0.0013580248176092832 0.00035888512091974517 4.1899996555953488e-05 0.00035712237892189579 -0.00022435651981149286 5.9917122651813511e-06 -9.3883669549467853e-05 -0.0014673822054380415 0.00055685974225678603 -1.38129089257281e-05
leaf_weight=20 21 20 20 20 20 27 30 26 20 258
leaf_count=20 21 20 20 20 20 27 30 26 20 258
internal_value=-0.000122204 0.000466102 -0.000227713 0.00041866 -0.000305272 -0.000351052 -5.90552e-05 -0.000400246 -2.13676e-05 -0.000455524
internal_weight=482 70 412 41 371 351 50 324 46 278
internal_count=482 70 412 41 371 351 50 324 46 278
is_linear=0
shrinkage=0.01


Tree=908
num_leaves=8
num_cat=0
split_feature=89 9 87 25 41 20 51
split_gain=0.322314 0.232512 0.233157 0.251418 0.119727 0.29547 0.081548
threshold=14.099285565000002 0.51577205850000007 6.6842856920000004 1.5999999940000003 2.5000000300000003 61.960000000000008 5.0499999745000013
decision_type=2 2 2 2 2 2 2
left_child=1 -1 3 -3 6 -6 -5
right_child=-2 2 -4 4 5 -7 -8
leaf_value=0.00072671204911299234 5.9154018424710125e-05 1.6252184913983715e-05 0.00055443312006202728 -9.737198726756502e-07 1.7866031828708429e-05 -0.00043731476750863337 -1.5169058000735127e-05
leaf_weight=30 23 35 20 35 27 41 246
leaf_count=30 23 35 20 35 27 41 246
internal_value=-1.41985e-05 -8.04969e-05 -0.000148221 -0.0002079 -0.000293025 5.81394e-05 -0.000385025
internal_weight=457 434 404 384 349 68 281
internal_count=457 434 404 384 349 68 281
is_linear=0
shrinkage=0.01


Tree=909
num_leaves=8
num_cat=0
split_feature=89 8 67 45 78 20 31
split_gain=0.546132 0.374313 0.226309 0.307747 0.126862 0.0784392 0.0449426
threshold=14.099285565000002 0.48546688100000007 2.1550002095000003 11.799999830000003 72.334999085000007 16.245000000000001 2.0142857265000003
decision_type=2 2 2 2 2 2 2
left_child=1 -1 4 -4 5 -3 -7
right_child=-2 2 3 -5 -6 6 -8
leaf_value=0.0006926266922298417 5.2965722163701721e-05 -1.2831064873560774e-06 0.00053387076870530968 -1.5874587805357381e-05 1.1950382772559231e-05 1.8476672670058175e-05 -1.6434660804383281e-05
leaf_weight=37 26 38 21 39 21 20 271
leaf_count=37 26 38 21 39 21 20 271
internal_value=-7.28157e-05 -0.00015967 -0.00025073 0.000296053 -0.000350627 -0.000401759 -0.000457505
internal_weight=473 447 410 60 350 329 291
internal_count=473 447 410 60 350 329 291
is_linear=0
shrinkage=0.01


Tree=910
num_leaves=8
num_cat=0
split_feature=19 14 4 19 12 85 14
split_gain=0.142043 0.263675 0.203277 0.454222 0.238277 0.0875024 0.0447637
threshold=0.64288107150000007 0.71294128600000006 0.40527171450000005 0.43704885700000001 0.74631739300000011 9.4357143130000019 0.74548871400000005
decision_type=2 2 2 2 2 2 2
left_child=2 -2 4 -4 5 6 -1
right_child=1 -3 3 -5 -6 -7 -8
leaf_value=-2.3306735660074376e-05 0.00035055026290838585 -0.00067835488168132207 0.00053092240675819762 -2.0154474242941406e-05 0.00028182138361267805 -5.940477781107003e-06 0.00023143120503142379
leaf_weight=261 23 20 37 42 26 34 20
leaf_count=261 23 20 37 42 26 34 20
internal_value=-0.000149849 0.000376712 -0.000209126 0.000231829 -0.000317437 -0.000397404 -0.000455997
internal_weight=463 43 420 79 341 315 281
internal_count=463 43 420 79 341 315 281
is_linear=0
shrinkage=0.01


Tree=911
num_leaves=8
num_cat=1
split_feature=89 101 5 104 67 59 47
split_gain=0.402642 0.394029 0.424291 0.236389 0.456239 0.299709 0.159578
threshold=14.080714295000002 77.303394425000008 0.40979680950000003 0 2.1550002095000003 1.3999999835000001 7.2499998810000008
decision_type=2 2 2 1 2 2 2
left_child=1 2 -1 4 5 -3 -5
right_child=-2 3 -4 6 -6 -7 -8
leaf_value=0.00013278637739200759 6.3395923813774812e-05 0.0004923616804033609 0.00035238474331621112 -2.0687715672558861e-05 0.00053218637970836916 -2.6798417754783921e-05 4.8220992273861833e-06
leaf_weight=37 20 33 20 213 26 82 20
leaf_count=37 20 33 20 213 26 82 20
internal_value=-7.74691e-06 -7.75823e-05 0.000683391 -0.000200107 0.000115283 -0.000133852 -0.000387613
internal_weight=451 431 57 374 141 115 233
internal_count=451 431 57 374 141 115 233
cat_boundaries=0 1
cat_threshold=539231632
is_linear=0
shrinkage=0.01


Tree=912
num_leaves=10
num_cat=1
split_feature=104 15 27 103 83 101 90 52 0
split_gain=0.398601 0.496139 0.542915 0.31699 0.293761 0.497278 0.15902 0.111466 0.0186605
threshold=0 0.69850314300000005 2.2999999945000007 27.785577100000001 7.4714285730000016 121.60461285000001 14.834999900000001 10.799999915000003 0.07619991700000002
decision_type=1 2 2 10 2 2 2 2 2
left_child=3 2 4 6 5 -2 -1 -3 -6
right_child=1 7 -4 -5 8 -7 -8 -9 -10
leaf_value=-2.3298256452063761e-05 9.5541972690186899e-05 3.4068418401476729e-06 0.00068838638216683901 0.00034612370929160699 -0.00014343515429994931 -2.0162728184672094e-05 0.00040759590109021526 -2.0216198868319328e-05 -0.0087155685763069014
leaf_weight=207 39 22 27 20 20 20 20 67 25
leaf_count=207 39 22 27 20 20 20 20 67 25
internal_value=-3.20662e-06 0.000294627 0.000701821 -0.000277347 0.000343511 0.000811037 -0.000401668 -0.000250557 -0.000229258
internal_weight=467 220 131 247 104 59 227 89 45
internal_count=467 220 131 247 104 59 227 89 45
cat_boundaries=0 1
cat_threshold=579405918
is_linear=0
shrinkage=0.01


Tree=913
num_leaves=8
num_cat=1
split_feature=89 104 44 17 70 54 28
split_gain=0.293262 0.176155 0.547114 0.197763 0.230348 0.139765 0.138507
threshold=14.099285565000002 0 2.2000000255000005 0.68903750000000008 26.375000955000001 16.399999620000003 4.1857143300000006
decision_type=2 1 2 2 2 2 2
left_child=1 2 -1 -4 -5 6 -3
right_child=-2 5 3 4 -6 -7 -8
leaf_value=0.0006448835557257501 4.9694178825849516e-05 -1.4604307195876721e-05 -0.00013494590086619401 8.6642129151169741e-05 -4.8172941294044946e-05 7.7893263379704908e-05 0.00029703773942511147
leaf_weight=32 26 204 80 25 20 39 23
leaf_count=32 26 204 80 25 20 39 23
internal_value=-7.22545e-05 -0.000140397 0.00011621 -0.000162957 0.000338428 -0.00029263 -0.000401668
internal_weight=449 423 157 125 45 266 227
internal_count=449 423 157 125 45 266 227
cat_boundaries=0 1
cat_threshold=673187216
is_linear=0
shrinkage=0.01


Tree=914
num_leaves=8
num_cat=0
split_feature=7 67 102 11 7 18 4
split_gain=0.540147 0.236887 0.502322 0.138489 0.325058 0.139463 0.0221279
threshold=0.40947400000000006 2.1550002095000003 27.033499140000004 0.63454135700000014 0.54078150000000014 0.69483332850000012 0.38621613100000002
decision_type=2 2 8 2 2 2 2
left_child=-1 3 6 4 5 -2 -3
right_child=1 2 -4 -5 -6 -7 -8
leaf_value=0.0005659383791433931 -0.00036803083213221913 -1.7906715409111039e-05 9.8335185496972613e-05 -1.4458264203192845e-05 1.3016385538787124e-05 4.1673612912018209e-05 -3.6166910592409024e-05
leaf_weight=28 99 31 24 224 27 20 20
leaf_count=28 99 31 24 224 27 20 20
internal_value=-0.000136134 -0.000225438 0.000270448 -0.000331715 -7.4932e-05 -0.000313022 -0.000260618
internal_weight=473 445 75 370 146 119 51
internal_count=473 445 75 370 146 119 51
is_linear=0
shrinkage=0.01


Tree=915
num_leaves=10
num_cat=0
split_feature=10 90 24 16 59 36 9 9 21
split_gain=0.414349 0.360467 0.615037 0.409358 0.344926 0.177791 0.147592 0.206482 0.0923504
threshold=0.48367490500000004 14.658571445000002 1.9571428215000002 0.63356514300000011 1.4500000180000001 3.2000000055000002 0.65777140000000012 0.66839395850000016 0.76428572650000015
decision_type=2 2 2 2 2 2 2 2 2
left_child=-1 5 3 -3 -5 -2 -7 -8 -9
right_child=1 2 -4 4 -6 6 7 8 -10
leaf_value=0.0010942312130227028 6.4513403251674254e-06 5.892738536702748e-05 -0.00015587930154212245 0.00038090947478595954 -1.5475151800509381e-05 -1.6923223407320245e-05 0.002148394778430584 0.00025872124732015888 -2.2112570125907379e-05
leaf_weight=20 29 21 46 20 22 206 20 25 61
leaf_count=20 29 21 46 20 22 206 20 25 61
internal_value=-2.76127e-05 -9.53861e-05 0.000396175 0.00104232 0.000397196 -0.000258923 -0.000332481 -9.36341e-06 -0.000241936
internal_weight=470 450 109 63 42 341 312 106 86
internal_count=470 450 109 63 42 341 312 106 86
is_linear=0
shrinkage=0.01


Tree=916
num_leaves=10
num_cat=0
split_feature=69 51 15 36 92 68 4 4 9
split_gain=0.219929 0.246009 0.390064 0.270431 0.586288 0.142219 0.0951258 0.507725 0.0348657
threshold=28.764999390000003 11.500000190000003 0.70326771450000003 3.8142856700000007 13.022857190000002 35.210000515000011 0.33806902850000004 0.32883335700000005 0.6259162665000001
decision_type=2 2 2 2 2 2 2 2 2
left_child=6 2 -2 4 -3 -5 7 8 -1
right_child=1 3 -4 5 -6 -7 -8 -9 -10
leaf_value=-0.00064563168569363059 0.0010832889008924806 -0.0048006059222415734 -2.4464265393282283e-05 2.6087452933524254e-06 0.00064776302667203533 -0.001815855515060029 -1.2255198083838036e-05 0.0005494082638233033 -7.8528099551463255e-05
leaf_weight=76 20 31 23 39 35 93 115 20 20
leaf_count=76 20 31 23 39 35 93 115 20 20
internal_value=-5.07615e-05 0.000155087 0.000833333 0 0.000523952 -0.000256024 -0.000273943 -5.137e-05 -0.000371901
internal_weight=472 241 43 198 66 132 231 116 96
internal_count=472 241 43 198 66 132 231 116 96
is_linear=0
shrinkage=0.01


Tree=917
num_leaves=7
num_cat=1
split_feature=104 27 103 33 39 0
split_gain=0.204234 0.742091 0.278997 0.119458 0.101457 0.0451257
threshold=0 2.2642857260000002 27.836040485000002 5.7499999830000013 6.3857142925000003 0.068555750000000013
decision_type=1 2 10 2 2 2
left_child=1 3 4 -1 5 -2
right_child=2 -3 -4 -5 -6 -7
leaf_value=-7.2621171309851431e-05 -0.0014057311963889569 0.00066624977049656309 9.4586793850652998e-05 1.1373040083894455e-05 -8.2575108977929755e-07 -3.1550115082820174e-05
leaf_weight=70 20 27 23 21 30 282
leaf_count=70 20 27 23 21 30 282
internal_value=-0.000199451 0.000147515 -0.000315746 -0.000255991 -0.000402644 -0.000459049
internal_weight=473 118 355 91 332 302
internal_count=473 118 355 91 332 302
cat_boundaries=0 1
cat_threshold=137626881
is_linear=0
shrinkage=0.01


Tree=918
num_leaves=10
num_cat=1
split_feature=104 46 14 101 36 102 102 101 38
split_gain=0.445092 0.48343 0.826339 0.318778 0.243749 0.165144 0.133438 0.208569 0.0440238
threshold=0 8.8000000005000008 0.67592514300000006 77.303394425000008 3.7571428330000005 27.748442220000005 28.525338020000003 99.192172740000018 5.414285694000001
decision_type=1 2 2 2 2 8 10 2 2
left_child=1 5 -3 4 -2 -1 8 -8 -5
right_child=3 2 -4 6 -6 -7 7 -9 -10
leaf_value=-0.00015403376137371105 -6.236445135156547e-06 0.00063131890430496843 -1.3056077948838537e-05 -2.5632783839091905e-05 0.0010386357285489323 4.3992649633511463e-05 -0.0036905516726717102 4.0819732895086819e-05 -5.9693615092238589e-06
leaf_weight=37 26 20 21 226 20 25 41 34 20
leaf_count=37 26 20 21 226 20 25 41 34 20
internal_value=-4.88531e-05 0.000496485 0.0013756 -0.000215723 0.000534188 0 -0.000337166 6.59619e-06 -0.000449757
internal_weight=470 103 41 367 46 62 321 75 246
internal_count=470 103 41 367 46 62 321 75 246
cat_boundaries=0 1
cat_threshold=540283393
is_linear=0
shrinkage=0.01


Tree=919
num_leaves=8
num_cat=1
split_feature=104 57 0 102 65 18 6
split_gain=0.34848 0.513795 0.56792 0.21202 0.148022 0.182614 0.0429411
threshold=0 1.2999999935000004 0.27438364600000004 27.820630600000005 1.1349997525000002 0.6834761075000001 0.3633066430000001
decision_type=1 2 2 10 2 2 2
left_child=6 2 -2 4 5 -3 -1
right_child=1 3 -4 -5 -6 -7 -8
leaf_value=0.0001699937578592925 0.00023069219121269385 -8.6884859321008716e-06 -0.00033825076630629734 0.00011982541463694294 0.00056855380546219788 0.00010759460132063643 -4.7987515618419556e-05
leaf_weight=20 20 136 21 32 30 35 188
leaf_count=20 20 136 21 32 30 35 188
internal_value=-0.000122204 0.000108848 0.00113636 -6.20189e-05 -0.000190783 -0.000311409 -0.000420475
internal_weight=482 274 41 233 201 171 208
internal_count=482 274 41 233 201 171 208
cat_boundaries=0 1
cat_threshold=180424234
is_linear=0
shrinkage=0.01


Tree=920
num_leaves=10
num_cat=0
split_feature=88 88 25 75 54 6 11 51 0
split_gain=0.209075 0.207709 0.201333 0.235517 0.18619 0.129926 0.151249 0.0422272 0.0192946
threshold=15.924999990000002 14.887857095000003 1.6357142880000002 81.865000725000016 10.599999905000002 0.58761964300000014 0.51541492850000015 19.300000340000004 0.10870237500000002
decision_type=2 2 2 2 2 2 2 2 2
left_child=1 -1 3 -3 -2 6 -4 -8 -5
right_child=4 2 5 8 -6 -7 7 -9 -10
leaf_value=0.00033728831027098527 0.00058738189195318372 8.3323946672220664e-05 0.00024541384971627444 0.00023160177364988822 -0.00013556957296310433 0.0004728037130987433 -9.3479875370850676e-06 -0.00019053679347171606 -0.0018200269315593771
leaf_weight=22 22 36 20 20 24 20 258 21 26
leaf_count=22 22 36 20 20 24 20 258 21 26
internal_value=-9.04641e-05 -0.000163993 -0.000220259 0.000205314 0.000534188 -0.000336148 -0.000391928 -0.000455683 -0.000235043
internal_weight=469 423 401 82 46 319 299 279 46
internal_count=469 423 401 82 46 319 299 279 46
is_linear=0
shrinkage=0.01


Tree=921
num_leaves=8
num_cat=1
split_feature=10 52 104 27 16 28 10
split_gain=0.422912 0.280042 0.303999 0.376676 0.152281 0.0905162 0.0449252
threshold=0.48367490500000004 9.8000003285000012 0 2.2999999945000007 0.75253400000000015 4.0000000170000005 0.71787907150000019
decision_type=2 2 1 2 2 2 2
left_child=-1 -2 3 5 6 -3 -4
right_child=1 2 4 -5 -6 -7 -8
leaf_value=0.00069313450792644297 2.1030240057565162e-05 -4.7356890672507453e-05 -1.7897998812785591e-05 0.00057688833164713923 0.0021272107296921999 1.5657763951839857e-05 2.3271629146196655e-06
leaf_weight=21 30 40 270 27 20 39 20
leaf_count=21 30 40 270 27 20 39 20
internal_value=-8.87132e-05 -0.000158908 -0.000230326 0.000214041 -0.000383417 -9.39851e-05 -0.000457359
internal_weight=467 446 416 106 310 79 290
internal_count=467 446 416 106 310 79 290
cat_boundaries=0 1
cat_threshold=674238721
is_linear=0
shrinkage=0.01


Tree=922
num_leaves=10
num_cat=0
split_feature=29 53 0 26 103 59 26 0 95
split_gain=0.419455 0.266593 0.215085 0.199601 0.145471 0.219963 0.143509 0.0662955 0.0396519
threshold=4.1071428060000015 25.450000005000003 0.065224698000000011 1.7571428415000001 26.403695545000005 2.3999999910000005 1.6142856945000001 0.14964543750000001 23.200714245000004
decision_type=2 2 2 2 10 2 2 2 2
left_child=2 7 -1 -3 6 -6 -4 -2 -8
right_child=1 3 4 -5 5 -7 8 -9 -10
leaf_value=0.00028257413968125241 0.00086695559808602665 0.00020128631971918373 1.0829283622635932e-05 0.00035987296909286635 0.00064916945847462817 -3.523460379745984e-05 -1.372409199486453e-05 -2.0884401237422358e-05 -0.00011411229921898028
leaf_weight=24 20 22 21 20 30 31 253 22 22
leaf_count=24 20 22 21 20 30 31 253 22 22
internal_value=-8.69473e-05 0.000542453 -0.000231797 0.00109813 -0.000297652 0.000121359 -0.000390836 0 -0.00045504
internal_weight=465 84 381 42 357 61 296 42 275
internal_count=465 84 381 42 357 61 296 42 275
is_linear=0
shrinkage=0.01


Tree=923
num_leaves=10
num_cat=0
split_feature=89 18 16 102 8 25 4 0 0
split_gain=0.3859 0.527916 0.335745 0.23135 0.168908 0.207949 0.0864361 0.0439257 0.0296969
threshold=13.742856980000001 0.56801864300000016 0.67892635700000004 31.281982005000003 0.48546688100000007 1.5999999940000003 0.41889300000000002 0.066451479500000007 0.16844663200000001
decision_type=2 2 2 10 2 2 2 2 2
left_child=4 3 -3 8 -1 -6 7 -7 -2
right_child=1 2 -4 -5 5 6 -8 -9 -10
leaf_value=0.00043401273837164801 -1.2310617433263158e-05 0.00062225891866861404 5.1501748650121511e-05 2.4585445755114819e-05 5.8691464036708079e-06 -5.2448407822779585e-05 0.00017977666083312412 -2.8220442074456083e-05 -0.0001797800692096472
leaf_weight=28 20 21 30 20 28 20 33 222 51
leaf_count=28 20 21 30 20 28 20 33 222 51
internal_value=-3.06037e-05 0.00039916 0.00120656 -3.81265e-05 -0.000221519 -0.000294602 -0.000382524 -0.000448929 -0.000327298
internal_weight=473 142 51 91 331 303 275 242 71
internal_count=473 142 51 91 331 303 275 242 71
is_linear=0
shrinkage=0.01


Tree=924
num_leaves=8
num_cat=0
split_feature=70 19 20 32 32 30 9
split_gain=0.277232 0.465346 0.386525 0.133514 0.215892 0.0354589 0.031233
threshold=32.250000000000007 0.5436420715000001 106.49000000000002 2.9999999915000006 3.0285714180000007 4.6142857160000004 0.66726000000000008
decision_type=2 2 2 2 2 2 2
left_child=3 2 5 -1 -5 -2 -6
right_child=1 -3 -4 4 6 -7 -8
leaf_value=-1.4816114930689962e-05 -7.0576710837459485e-06 0.0011396476677205806 4.176555731420528e-05 0.00022918318030907915 -0.00029665032581253025 -9.0331221893083727e-05 0.00019323227583947444
leaf_weight=192 80 33 25 34 57 20 20
leaf_count=192 80 33 25 34 57 20 20
internal_value=-0.000148333 0.00018262 -8.34659e-05 -0.000327518 -3.1306e-05 -0.000376984 -0.000340617
internal_weight=461 158 125 303 111 100 77
internal_count=461 158 125 303 111 100 77
is_linear=0
shrinkage=0.01


Tree=925
num_leaves=8
num_cat=0
split_feature=8 25 3 28 20 58 102
split_gain=0.244262 0.161852 0.146646 0.121549 0.194826 0.0850368 0.0446501
threshold=0.45508135700000002 1.6214285625000002 0.34987187500000005 3.9428571120000004 59.560000000000009 10.500000000000002 32.694284770000003
decision_type=2 2 2 2 2 2 10
left_child=-1 2 5 4 -3 -2 -5
right_child=1 3 -4 6 -6 -7 -8
leaf_value=0.0002007234811952825 -0.0016023080202758578 -9.778460892866522e-06 6.6070364009501058e-05 -2.5666426615534177e-05 0.00051435387158774994 8.9803508028377847e-06 4.3592161935310934e-06
leaf_weight=21 34 46 20 255 37 21 20
leaf_count=21 34 46 20 255 37 21 20
internal_value=-0.000208883 -0.000263947 0.000138522 -0.000353958 0 -9.85664e-05 -0.00045504
internal_weight=454 433 75 358 83 55 275
internal_count=454 433 75 358 83 55 275
is_linear=0
shrinkage=0.01


Tree=926
num_leaves=9
num_cat=0
split_feature=67 101 19 58 103 101 2 84
split_gain=0.428926 0.515238 0.612457 0.229884 0.109317 0.110804 0.211874 0.0955988
threshold=2.1550002095000003 90.379090275000024 0.56143076800000002 0.25000000350000007 27.836040485000002 75.632127865000015 0.24553464300000002 6.5607142105000014
decision_type=2 2 2 2 10 2 2 2
left_child=3 -2 -3 -1 5 6 -5 -7
right_child=1 2 -4 4 -6 7 -8 -9
leaf_value=0.00018114630127306539 -0.00056920079128199431 0.00048088480708485083 -0.00080782125072659575 -0.0023314277811832254 2.0701776215334301e-05 -1.6998572053024524e-05 0.00034361586757562286 1.9605379434731588e-06
leaf_weight=23 27 23 20 31 21 256 20 35
leaf_count=23 27 23 20 31 21 256 20 35
internal_value=-0.000100701 0.000607345 0.00128995 -0.000235264 -0.00030099 -0.000347141 4.82624e-05 -0.000423235
internal_weight=456 70 43 386 363 342 51 291
internal_count=456 70 43 386 363 342 51 291
is_linear=0
shrinkage=0.01


Tree=927
num_leaves=8
num_cat=1
split_feature=8 69 67 104 69 0 55
split_gain=0.417625 0.679769 0.272396 0.202736 0.804056 0.161769 0.121855
threshold=0.48546688100000007 28.764999390000003 2.4100003240000003 0 30.695000650000004 0.30547593750000007 2.5999999830000005
decision_type=2 2 2 1 2 2 2
left_child=1 -1 3 4 6 -5 -2
right_child=2 -3 -4 5 -6 -7 -8
leaf_value=-0.00023385985618844994 -6.9599287673811092e-05 0.00067323653780880445 2.6505599821338013e-05 -3.0546889796500236e-05 0.00056979013970344405 0.00011645738334760347 -1.3680204214158122e-07
leaf_weight=20 88 22 31 240 27 20 22
leaf_count=20 88 22 31 240 27 20 22
internal_value=-7.00936e-05 0.000864486 -0.000167911 -0.000242584 6.42759e-05 -0.000398818 -0.000297834
internal_weight=470 42 428 397 137 260 110
internal_count=470 42 428 397 137 260 110
cat_boundaries=0 1
cat_threshold=134223252
is_linear=0
shrinkage=0.01


Tree=928
num_leaves=9
num_cat=1
split_feature=104 47 18 0 88 103 25 54
split_gain=0.343267 0.340935 0.435005 0.344803 0.656396 0.158533 0.131704 0.0924857
threshold=0 5.4999999555000008 0.66733735750000012 0.14764960450000003 15.421428750000002 27.039807480000004 1.6571428565000004 13.800000050000003
decision_type=1 2 2 2 2 10 2 2
left_child=5 2 3 7 -5 -1 -3 -2
right_child=1 6 -4 4 -6 -7 -8 -9
leaf_value=-1.947688420934014e-05 -9.3254180684265417e-06 1.8238749215585487e-05 0.00073101306543596782 -9.6363491758509654e-06 0.0005748190630657853 0.00024731172775182056 -2.6746189056110249e-05 9.4819144133609373e-05
leaf_weight=202 49 20 20 28 21 20 80 23
leaf_count=202 49 20 20 28 21 20 80 23
internal_value=-0.000106727 0.000148928 0.000476022 0.00022578 0.000873494 -0.000382303 -0.000277778 -0.000192308
internal_weight=463 241 141 121 49 222 100 72
internal_count=463 241 141 121 49 222 100 72
cat_boundaries=0 1
cat_threshold=1116282
is_linear=0
shrinkage=0.01


Tree=929
num_leaves=9
num_cat=0
split_feature=25 10 50 10 102 19 15 28
split_gain=0.397886 0.503189 0.551135 0.485002 0.359437 0.605833 0.0963837 0.254368
threshold=1.6357142880000002 0.69016100000000014 5.0500000085000005 0.48367490500000004 31.599505230000002 0.44576957150000007 0.61770330950000008 3.9428571120000004
decision_type=2 2 2 2 8 2 2 2
left_child=1 2 -1 -2 6 -6 7 -5
right_child=3 -3 -4 4 5 -7 -8 -9
leaf_value=2.2155549476902952e-06 0.00065963975801713035 -0.00063790401463244468 5.1797780053231697e-05 0.00057347159643254342 0.00015403221851107563 -0.00087243242627104854 -1.6908253763736541e-05 -0.0060563510546601321
leaf_weight=37 21 31 24 20 20 26 236 48
leaf_count=37 21 31 24 20 20 26 236 48
internal_value=-2.04831e-05 0.000560345 0.00109223 -0.000170791 -0.000265108 0.000534188 -0.000393701 -2.90699e-05
internal_weight=463 92 61 371 350 46 304 68
internal_count=463 92 61 371 350 46 304 68
is_linear=0
shrinkage=0.01


Tree=930
num_leaves=8
num_cat=0
split_feature=8 25 15 16 69 3 20
split_gain=0.301336 0.310695 0.240875 0.308645 0.177887 0.371232 0.107315
threshold=0.48546688100000007 1.6285714335000001 0.72705264250000012 0.69048167700000007 31.599999905000004 0.34914285700000008 18.110000000000003
decision_type=2 2 2 2 2 2 2
left_child=-1 2 3 -2 6 -6 -3
right_child=1 4 -4 -5 5 -7 -8
leaf_value=0.00065151986453907936 -0.00094558457563429302 -1.587361202637014e-06 -0.0013848364800777239 9.3661244232911493e-05 -3.9872018214455166e-05 2.7475378325856015e-05 -1.4992149707755546e-05
leaf_weight=39 20 31 37 21 35 22 257
leaf_count=39 20 31 37 21 35 22 257
internal_value=-0.000105877 -0.000187589 0.00036802 0.000897129 -0.000319549 0.00016436 -0.000422438
internal_weight=462 423 78 41 345 57 288
internal_count=462 423 78 41 345 57 288
is_linear=0
shrinkage=0.01


Tree=931
num_leaves=8
num_cat=1
split_feature=25 9 15 8 104 27 4
split_gain=0.389024 0.462227 0.747205 0.306029 0.274071 0.464226 0.029128
threshold=1.6285714335000001 0.59532512500000012 0.72705264250000012 0.48546688100000007 0 2.2642857260000002 0.34065642850000005
decision_type=2 2 2 2 1 2 2
left_child=1 -1 -3 -2 5 6 -5
right_child=3 2 -4 4 -6 -7 -8
leaf_value=-0.0026752483444549102 0.00064576646957381016 9.0898117664425237e-05 -8.8758933111721984e-06 -2.5046945429810981e-05 -1.3762891064618575e-05 0.00049002975873811488 -4.9798652992138057e-05
leaf_weight=28 30 22 32 20 226 37 49
leaf_count=28 30 22 32 20 226 37 49
internal_value=-4.49641e-05 0.000567633 0.00111314 -0.000190188 -0.000282452 0.000128425 -0.00032235
internal_weight=444 82 54 362 332 106 69
internal_count=444 82 54 362 332 106 69
cat_boundaries=0 1
cat_threshold=169936320
is_linear=0
shrinkage=0.01


Tree=932
num_leaves=7
num_cat=0
split_feature=7 25 72 102 54 19
split_gain=0.295064 0.310746 0.169962 0.350634 0.147003 0.0453258
threshold=0.40947400000000006 1.5999999940000003 21.719999790000006 23.530456615000002 21.700000395000004 0.67250557150000012
decision_type=2 2 2 8 2 2
left_child=-1 -2 4 -4 5 -3
right_child=1 2 3 -5 -6 -7
leaf_value=0.00050232108163859813 2.2612607491941743e-05 -1.7903658384101931e-05 -0.00023808311995367949 0.00044309950477923444 5.528536610388369e-05 -0.00068295408934861688
leaf_weight=29 31 295 47 35 21 20
leaf_count=29 31 295 47 35 21 20
internal_value=-0.000160819 -0.000227879 -0.000303247 8.45409e-05 -0.000403801 -0.000460735
internal_weight=478 449 418 82 336 315
internal_count=478 449 418 82 336 315
is_linear=0
shrinkage=0.01


Tree=933
num_leaves=8
num_cat=0
split_feature=52 51 103 10 15 0 6
split_gain=0.366728 0.266436 0.192419 0.156598 0.219256 0.0394389 0.0450771
threshold=9.8000003285000012 23.999999830000004 27.836040485000002 0.56600228600000013 0.61188938100000012 0.31684550000000006 0.56165328550000015
decision_type=2 2 10 2 2 2 2
left_child=-1 2 3 4 -2 6 -5
right_child=1 -3 -4 5 -6 -7 -8
leaf_value=6.9584296523470511e-06 -0.0047945321943581613 0.00046423523343275735 0.00036713842714447195 -1.5272045227193815e-05 0.00032023831055146869 -8.6023812231134865e-06 1.8915834888343851e-05
leaf_weight=36 34 20 28 279 31 20 20
leaf_count=36 34 20 28 279 31 20 20
internal_value=-0.000132253 -0.000217191 -0.000276163 -0.000337838 8.35865e-05 -0.000429956 -0.000458639
internal_weight=468 432 412 384 65 319 299
internal_count=468 432 412 384 65 319 299
is_linear=0
shrinkage=0.01


Tree=934
num_leaves=8
num_cat=0
split_feature=52 67 46 7 73 27 27
split_gain=0.409355 0.292939 0.316562 0.13559 0.0986999 0.0969204 0.0452508
threshold=9.8000003285000012 1.9949998855000002 4.0500000195000014 0.40669402350000006 67.994998455000015 2.2642857260000002 1.8857142885000002
decision_type=2 2 2 2 2 2 2
left_child=-1 3 -3 -2 6 -4 -5
right_child=1 2 5 4 -6 -7 -8
leaf_value=1.4247289054367868e-05 0.00021760365791932487 0.00030376082585437754 -0.0030246806858461477 -4.1233655549789606e-05 1.1126779461234221e-05 0.00043852348508361446 -1.2507184252890213e-05
leaf_weight=34 20 29 38 20 31 20 290
leaf_count=34 20 29 38 20 31 20 290
internal_value=-0.000142916 -0.000227273 0.000279043 -0.000355169 -0.000405208 -0.000119048 -0.000460103
internal_weight=482 448 87 361 341 58 310
internal_count=482 448 87 361 341 58 310
is_linear=0
shrinkage=0.01


Tree=935
num_leaves=8
num_cat=0
split_feature=31 67 50 9 101 54 4
split_gain=0.199733 0.203313 0.385736 0.273656 0.174961 0.0447451 0.0186605
threshold=1.9571428385000003 2.1550002095000003 4.449999988000001 0.51577205850000007 74.734244905000011 21.449999230000003 0.38973735700000006
decision_type=2 2 2 2 2 2 2
left_child=-1 3 6 -2 -5 -6 -3
right_child=1 2 -4 4 5 -7 -8
leaf_value=1.3170793923689931e-05 0.00035586290157360926 -0.0032624109345562387 0.00032524094930314935 0.00016148592456911623 -1.5245117536611763e-05 -7.4619999638430963e-05 -6.2731654883948075e-05
leaf_weight=21 37 25 27 38 260 20 20
leaf_count=21 37 25 27 38 260 20 20
internal_value=-0.000115865 -0.000167134 0.000302198 -0.000268409 -0.000367001 -0.000455841 -0.000229258
internal_weight=448 427 72 355 318 280 45
internal_count=448 427 72 355 318 280 45
is_linear=0
shrinkage=0.01


Tree=936
num_leaves=8
num_cat=1
split_feature=26 104 102 10 25 29 101
split_gain=0.461767 0.184023 0.405147 0.340309 0.127491 0.0807566 0.103132
threshold=1.6142857030000004 0 27.820630600000005 0.65269040500000008 1.8214285670000001 4.1785714285000006 73.069060915000009
decision_type=2 1 8 2 2 2 2
left_child=-1 2 4 -4 -2 6 -3
right_child=1 5 3 -5 -6 -7 -8
leaf_value=5.5977082821274012e-05 -2.3058464322144561e-05 0.00013771016719899104 -0.0007381783469365726 0.00064304843459186696 0.00045011912415428084 -4.5829978419366737e-06 -1.5122688595042554e-05
leaf_weight=21 72 32 20 20 20 32 241
leaf_count=21 72 32 20 20 20 32 241
internal_value=-0.000146033 -0.00022042 8.40335e-05 0.000931372 -0.000258621 -0.000349905 -0.000418189
internal_weight=458 437 132 40 92 305 273
internal_count=458 437 132 40 92 305 273
cat_boundaries=0 1
cat_threshold=2097556
is_linear=0
shrinkage=0.01


Tree=937
num_leaves=11
num_cat=1
split_feature=104 89 9 16 17 78 8 36 16 0
split_gain=0.428225 0.307595 0.469336 0.580822 0.828132 0.279173 0.216592 0.144287 0.0433531 0.0180012
threshold=0 13.284285815000002 0.66726000000000008 0.55146235700000013 0.60184517100000001 49.425000190000006 0.57797350000000003 4.1142857075000014 0.7390184285000001 0.23704348600000003
decision_type=1 2 2 2 2 2 2 2 2 2
left_child=7 5 3 -3 -5 -2 -6 8 -1 -4
right_child=1 2 9 4 6 -7 -8 -9 -10 -11
leaf_value=-0.00012791392143075961 0.00031905186512119879 -0.0016032814755513609 -3.5194895737261644e-06 0.00044074465566029816 -2.841012485990964e-05 -2.3438626547911316e-05 0.00066584378103807542 0.00040117988108551828 0.00022194762917737587 -5.74326717439988e-05
leaf_weight=201 21 20 20 21 23 74 20 20 20 24
leaf_count=201 21 20 20 21 23 74 20 20 20 24
internal_value=-6.4544e-05 0.000241659 0.000574534 0.00101415 0.00148148 -0.000161796 0.000605023 -0.00035147 -0.000444094 -0.000223214
internal_weight=464 223 128 84 64 95 43 241 221 44
internal_count=464 223 128 84 64 95 43 241 221 44
cat_boundaries=0 1
cat_threshold=42535130
is_linear=0
shrinkage=0.01


Tree=938
num_leaves=9
num_cat=0
split_feature=9 17 35 14 94 70 3 0
split_gain=0.343014 0.442739 0.572047 0.52877 0.500652 0.14803 0.209419 0.0257349
threshold=0.66806697500000012 0.68784068600000015 5.0428570510000013 0.71322011400000007 19.43999999 30.875000000000004 0.30345667850000008 0.25436704900000001
decision_type=2 2 2 2 2 2 2 2
left_child=1 4 -3 -4 5 -1 -7 -8
right_child=-2 2 3 -5 -6 6 7 -9
leaf_value=-2.7668341227938876e-05 -2.5456956214769104e-05 -3.3107989378656329e-06 0.00028460602704095543 0.0011904172648560315 8.6123877050844346e-05 0.00056293037970713878 -0.00017392500670451928 -1.554260992625784e-05
leaf_weight=123 124 36 21 29 29 31 20 39
leaf_count=123 124 36 21 29 29 31 20 39
internal_value=-3.09188e-05 0.00013382 0.000748848 0.00143701 -7.82538e-05 -0.000254911 3.30395e-05 -0.000292642
internal_weight=452 328 86 50 242 213 90 59
internal_count=452 328 86 50 242 213 90 59
is_linear=0
shrinkage=0.01


Tree=939
num_leaves=9
num_cat=1
split_feature=104 38 20 103 43 101 22 0
split_gain=0.332185 0.406214 0.553982 0.234892 0.271831 0.111119 0.0983101 0.0825037
threshold=0 4.5499999865000005 93.330000000000027 27.836040485000002 3.3500000090000004 73.069060915000009 2.2999999945000007 0.16844663200000001
decision_type=1 2 2 10 2 2 2 2
left_child=1 6 -3 4 7 -6 -1 -2
right_child=3 2 -4 -5 5 -7 -8 -9
leaf_value=-0.00020301334343465738 -0.0053643023842625424 0.00042735312747472934 -5.1526305807988071e-06 6.4336925453334953e-05 0.00016864001380710835 -8.6788312420679316e-05 0.00042682542734909582 0.00028429905471568929
leaf_weight=39 21 26 23 23 30 264 20 20
leaf_count=39 21 26 23 23 30 264 20 20
internal_value=-8.78322e-05 0.00037037 0.0010743 -0.0002359 -0.000314175 -0.000424016 -0.000125418 0.00041866
internal_weight=466 108 49 358 335 294 59 41
internal_count=466 108 49 358 335 294 59 41
cat_boundaries=0 1
cat_threshold=136581505
is_linear=0
shrinkage=0.01


Tree=940
num_leaves=9
num_cat=0
split_feature=54 72 16 1 20 66 34 31
split_gain=0.304177 0.293898 0.416772 0.633345 0.301935 0.66232 0.0829767 0.0443435
threshold=21.649999845000004 21.570000175000001 0.54120626150000006 0.24315379250000002 16.420000000000005 3.0549998285000002 4.4142857280000003 2.0142857095000006
decision_type=2 2 2 2 2 2 2 2
left_child=1 4 -3 -4 5 -1 7 -6
right_child=-2 2 3 -5 6 -7 -8 -9
leaf_value=0.00083684340307673408 8.2286569974235091e-05 -0.0038761805515541144 0.0010347711128322302 9.2542129179067077e-06 -8.0132215076347046e-06 -7.7632211421745296e-05 7.6188922842345116e-06 -1.5319251317741341e-05
leaf_weight=20 36 35 20 34 20 32 35 240
leaf_count=20 36 35 20 34 20 32 35 240
internal_value=-5.07615e-05 -0.000128205 0.000373051 0.000930657 -0.000263082 0.000416667 -0.000390467 -0.000452454
internal_weight=472 436 89 54 347 52 295 260
internal_count=472 436 89 54 347 52 295 260
is_linear=0
shrinkage=0.01


Tree=941
num_leaves=9
num_cat=1
split_feature=104 47 89 25 8 7 7 0
split_gain=0.283042 0.526726 0.559548 0.228922 0.263507 0.225253 0.0444908 0.0257349
threshold=0 5.5499999675000007 13.310714210000002 1.6285714335000001 0.48546688100000007 0.51009121400000013 0.62990952400000011 0.27718218750000007
decision_type=1 2 2 2 2 2 2 2
left_child=1 2 -1 5 -5 -2 -6 -3
right_child=3 7 -4 4 6 -7 -8 -9
leaf_value=-1.9032848079095225e-05 -0.00095910450205757001 -0.00051894794281390612 0.00062880894265070371 0.00065114109034637225 -1.523754867055713e-05 0.00012471038029095182 -5.1467280548460433e-05 -4.0796984569874896e-05
leaf_weight=25 23 39 32 26 247 36 20 20
leaf_count=25 23 39 32 26 247 36 20 20
internal_value=-8.95906e-05 0.000315457 0.00102941 -0.000231533 -0.000355684 0.000309364 -0.000453697 -0.000292642
internal_weight=468 116 57 352 293 59 267 59
internal_count=468 116 57 352 293 59 267 59
cat_boundaries=0 1
cat_threshold=674272768
is_linear=0
shrinkage=0.01


Tree=942
num_leaves=9
num_cat=1
split_feature=34 13 104 16 28 101 17 0
split_gain=0.338272 0.325275 0.287927 0.412168 0.451169 0.207949 0.107902 0.0440717
threshold=4.4714285475000013 0.71116291250000019 0 0.67248635700000015 3.9357142450000002 68.852810230000017 0.7348106430000001 0.30547593750000007
decision_type=2 2 1 2 2 2 2 2
left_child=2 -2 3 4 -1 -4 7 -7
right_child=1 -3 5 -5 -6 6 -8 -9
leaf_value=0.00040692660752811939 5.8504807316374973e-05 -0.00017430993056072471 0.00046402685522107037 0.00023440950303764822 -0.0011274464580948889 -1.3143261098202306e-05 0.00042275051795650636 -0.0016205315765388262
leaf_weight=22 22 23 28 24 61 228 27 20
leaf_count=22 22 23 28 24 61 228 27 20
internal_value=-3.40063e-05 0.000775109 -0.000129017 0.000292869 0 -0.000285214 -0.000382524 -0.000450161
internal_weight=455 45 410 107 83 303 275 248
internal_count=455 45 410 107 83 303 275 248
cat_boundaries=0 1
cat_threshold=539005708
is_linear=0
shrinkage=0.01


Tree=943
num_leaves=7
num_cat=1
split_feature=7 104 102 31 20 13
split_gain=0.32901 0.302414 0.458769 0.20152 0.0936117 0.0447821
threshold=0.40947400000000006 0 28.525338020000003 2.2428571415000005 61.960000000000008 0.60304662500000006
decision_type=2 1 10 2 2 2
left_child=-1 2 3 4 -2 -3
right_child=1 5 -4 -5 -6 -7
leaf_value=0.00051533232324199986 -0.0003523192050952687 2.840576278093622e-05 9.5424111033924107e-05 -3.5715925793660212e-05 5.6965731173137662e-05 -4.3248331285397461e-05
leaf_weight=28 23 20 26 73 20 262
leaf_count=28 23 20 26 73 20 262
internal_value=-0.000185512 -0.000258946 0.000111256 -0.000136986 0.000376712 -0.000440574
internal_weight=452 424 142 116 43 282
internal_count=452 424 142 116 43 282
cat_boundaries=0 1
cat_threshold=134218901
is_linear=0
shrinkage=0.01


Tree=944
num_leaves=9
num_cat=1
split_feature=25 50 104 15 15 43 18 25
split_gain=0.438803 0.340309 0.243749 0.397453 0.770805 0.186263 0.414545 0.0933652
threshold=1.6000000065000002 6.0499998180000008 0 0.68084764300000011 0.59966028550000006 3.3500000090000004 0.54444669550000013 1.6214285625000002
decision_type=2 2 1 2 2 2 2 2
left_child=1 -1 3 4 -2 6 -4 -7
right_child=2 -3 5 -5 -6 7 -8 -9
leaf_value=-0.0029059787095107041 -0.0021517343108523389 2.616841347248866e-05 -0.0030511101803886069 -1.3033617186846564e-05 0.00054646424345515228 -2.216587783254345e-05 0.00070794600987175824 -1.3298647284436034e-05
leaf_weight=20 26 20 33 41 33 35 20 222
leaf_count=20 26 20 33 41 33 35 20 222
internal_value=-5.10205e-05 0.000931372 -0.000153359 0.000252707 0.000811037 -0.0002899 0.000213755 -0.000413111
internal_weight=450 40 410 100 59 310 53 257
internal_count=450 40 410 100 59 310 53 257
cat_boundaries=0 1
cat_threshold=673447941
is_linear=0
shrinkage=0.01


Tree=945
num_leaves=8
num_cat=0
split_feature=34 15 52 1 43 9 51
split_gain=0.233161 0.384116 0.285894 0.201678 0.352466 0.0392104 0.0449598
threshold=4.4142857280000003 0.71941769050000015 9.8500000200000013 0.30522864250000009 3.5500000640000002 0.47670617500000007 19.599999745000002
decision_type=2 2 2 2 2 2 2
left_child=2 -2 -1 5 -5 -4 -7
right_child=1 -3 3 4 -6 6 -8
leaf_value=1.6374262842548368e-05 0.00024133917516200044 -0.0013522013829426014 -0.0013326350381601532 0.00063082804163335534 -8.7209867905044977e-05 -2.4950829777067038e-05 -1.0188137589563842e-05
leaf_weight=34 26 23 20 22 31 272 20
leaf_count=34 26 23 20 22 31 272 20
internal_value=-0.000160428 0.000471887 -0.000243872 -0.000329415 0.000213755 -0.000428389 -0.00045765
internal_weight=448 49 399 365 53 312 292
internal_count=448 49 399 365 53 312 292
is_linear=0
shrinkage=0.01


Tree=946
num_leaves=8
num_cat=0
split_feature=103 103 7 0 34 103 13
split_gain=0.503768 0.822767 0.249741 0.26478 0.130594 0.169099 0.0987113
threshold=19.605197285000003 17.974813495000003 0.408022143 0.30146440250000006 4.2285713640000013 26.400175465 0.67246792500000019
decision_type=8 10 2 2 2 10 2
left_child=1 -1 -2 4 -4 6 -6
right_child=2 -3 3 -5 5 -7 -8
leaf_value=-6.2351242617720036e-05 0.00020048122693815514 0.00049950899646905578 -1.9682933926830066e-05 2.2640874307636469e-05 -0.00087345296836044992 8.9327938617070048e-05 -0.00011201803779594603
leaf_weight=25 21 26 254 38 25 24 72
leaf_count=25 21 26 254 38 25 24 72
internal_value=-0.000103952 0.000820463 -0.000218491 -0.000276704 -0.000360564 -6.97867e-05 -0.000270961
internal_weight=485 51 434 413 375 121 97
internal_count=485 51 434 413 375 121 97
is_linear=0
shrinkage=0.01


Tree=947
num_leaves=8
num_cat=0
split_feature=25 8 9 8 5 79 1
split_gain=0.547769 0.510376 0.465257 0.933811 0.184043 0.0750328 0.0710918
threshold=1.6285714335000001 0.48546688100000007 0.59532512500000012 0.61330607150000016 0.44119611900000005 96.69000148500001 0.26458471450000004
decision_type=2 2 2 2 2 2 2
left_child=2 -2 -1 -4 -5 -3 -7
right_child=1 5 3 4 -6 6 -8
leaf_value=-0.0026738557506471405 0.0006221823748509389 -3.0226849906336804e-05 3.2285014755283441e-05 0.00053442734789107443 -0.0017840346629405207 3.9415906727519532e-05 -7.3078502244032248e-06
leaf_weight=30 37 286 20 20 23 20 24
leaf_count=30 37 286 20 20 23 20 24
internal_value=-0.000125868 -0.000303154 0.00054904 0.00104232 0.000148402 -0.000432285 -1.17081e-10
internal_weight=460 367 93 63 43 330 44
internal_count=460 367 93 63 43 330 44
is_linear=0
shrinkage=0.01


Tree=948
num_leaves=9
num_cat=1
split_feature=104 5 20 2 18 70 5 0
split_gain=0.319301 0.524786 0.468931 0.267465 0.742131 0.145482 0.106886 0.0319177
threshold=0 0.42707578600000007 93.330000000000027 0.26596464300000006 0.63711014300000013 34.375000000000007 0.33078978600000003 0.12219471650000001
decision_type=1 2 2 2 2 2 2 2
left_child=1 6 -3 4 7 -5 -1 -2
right_child=3 2 -4 5 -6 -7 -8 -9
leaf_value=2.0661479260006902e-05 -0.0048761501060982908 0.00035292550179551787 -4.3462999577936047e-07 -1.4985261976698012e-05 0.0016457984723331836 1.6707199602596835e-05 -0.00054847773224987772 5.580687560169523e-06
leaf_weight=20 60 32 21 213 36 22 46 20
leaf_count=20 60 32 21 213 36 22 46 20
internal_value=-4.88531e-05 0.000373652 0.00114312 -0.000203151 0.000171233 -0.000405004 -0.000164671 -0.000346535
internal_weight=470 119 53 351 116 235 66 80
internal_count=470 119 53 351 116 235 66 80
cat_boundaries=0 1
cat_threshold=135299721
is_linear=0
shrinkage=0.01


Tree=949
num_leaves=10
num_cat=0
split_feature=103 5 67 74 11 89 20 16 46
split_gain=0.418387 0.357807 0.304365 0.343134 0.295222 0.0872204 0.0711824 0.0615385 0.0130815
threshold=19.605197285000003 0.42489214300000006 2.1550002095000003 66.500000000000014 0.53175542850000013 14.02571423 16.420000000000005 0.69948014300000005 13.700000010000002
decision_type=8 2 2 2 2 2 2 2 2
left_child=1 -1 4 -4 -2 6 7 -6 -8
right_child=2 -3 3 -5 5 -7 8 -9 -10
leaf_value=-4.0775343894841716e-05 0.0002488503200049081 5.5971666958652135e-05 0.00041879065381435828 -0.0030490381450539489 -0.0014043888883741339 1.6006325305925066e-05 -0.00010624848769983701 0.00023881019236038359 -2.0622515620577011e-05
leaf_weight=21 20 20 35 22 20 28 225 20 37
leaf_count=21 20 20 35 22 20 28 225 20 37
internal_value=-4.90197e-05 0.000897129 -0.000150809 0.000510381 -0.000265108 -0.000341596 -0.000392999 0 -0.000452816
internal_weight=448 41 407 57 350 330 302 40 262
internal_count=448 41 407 57 350 330 302 40 262
is_linear=0
shrinkage=0.01


Tree=950
num_leaves=11
num_cat=0
split_feature=54 67 13 27 84 15 84 84 17 31
split_gain=0.318769 0.320927 0.611204 0.186055 0.206324 0.448634 0.124039 0.205628 0.123414 0.0926632
threshold=21.649999845000004 2.4100003240000003 0.71116291250000019 2.2999999945000007 6.0449999530000005 0.7158924765000001 5.4814286485000006 5.3878571110000015 0.71075571400000015 2.0142857095000006
decision_type=2 2 2 2 2 2 2 2 2 2
left_child=1 3 -3 6 5 -5 7 8 -1 -6
right_child=-2 2 -4 4 9 -7 -8 -9 -10 -11
leaf_value=-3.2653538843775454e-05 0.00010896323200136108 7.7248858571492157e-05 -0.00094518538416241572 0.00046234540139053351 9.6912027820243105e-06 -1.6513645275912275e-05 -8.8630112512852967e-05 4.17129865153984e-05 1.4677187360216914e-05 -1.4058111806486556e-05
leaf_weight=72 31 24 21 37 22 23 131 20 40 44
leaf_count=72 31 24 21 37 22 23 131 20 40 44
internal_value=5.47444e-05 -1.14997e-05 0.000775109 -0.00010903 0.000197161 0.000625 -0.000263457 -3.01206e-05 -0.000212766 -0.000164671
internal_weight=465 434 45 389 126 60 263 132 112 66
internal_count=465 434 45 389 126 60 263 132 112 66
is_linear=0
shrinkage=0.01


Tree=951
num_leaves=10
num_cat=0
split_feature=36 67 39 63 55 2 31 2 0
split_gain=0.329934 0.354041 0.26971 0.380599 0.203321 0.327839 0.0880583 0.0441421 0.0240534
threshold=4.3071428705000008 2.4100003240000003 6.1714286460000007 4.7449998855000013 1.7000000140000002 0.2567187855000001 2.0285714435000002 0.17820621400000003 0.13177510400000003
decision_type=2 2 2 2 2 2 2 2 2
left_child=1 2 4 -4 7 -6 -5 -1 -7
right_child=-2 -3 3 6 5 8 -8 -9 -10
leaf_value=-0.0012798341849796131 1.6922501114312133e-05 3.8071708814697775e-05 0.00035855211077310482 1.0421175606125655e-05 0.00055924963648713096 -1.8444432472663944e-05 -0.00012978166169527966 -3.8624226680558487e-05 -1.0404821052546066e-05
leaf_weight=20 23 35 26 21 23 35 36 231 20
leaf_count=20 23 35 26 21 23 35 36 231 20
internal_value=-2.76127e-05 -9.26754e-05 -0.000179264 0.000316229 -0.000310795 0.000114213 -0.000112457 -0.000450755 -0.000277778
internal_weight=470 447 412 83 329 78 57 251 55
internal_count=470 447 412 83 329 78 57 251 55
is_linear=0
shrinkage=0.01


Tree=952
num_leaves=10
num_cat=1
split_feature=25 104 13 10 7 37 55 6 1
split_gain=0.408466 0.281807 0.629625 0.816628 0.245602 0.110207 0.110227 0.114626 0.0261223
threshold=1.5999999940000003 0 0.68017882500000015 0.5899232860000001 0.40947400000000006 5.0571428365000015 1.7000000140000002 0.48547450000000009 0.3071138570000001
decision_type=2 1 2 2 2 2 2 2 2
left_child=-1 2 3 -2 -3 6 -6 -8 -4
right_child=1 4 8 -5 5 -7 7 -9 -10
leaf_value=4.6487149146431286e-05 -0.00021032584394154878 0.00064158255695869794 -2.0835872494837571e-05 0.00049351470517677485 -4.2984690655911457e-05 -7.6611018875991292e-07 -0.00051645228254310505 2.4814815143204455e-05 -0.0001142886614070821
leaf_weight=30 23 23 40 21 237 23 32 30 20
leaf_count=30 23 23 40 21 237 23 32 30 20
internal_value=-3.64736e-05 -0.000116719 0.000313589 0.00125 -0.000254356 -0.000337671 -0.000391928 0 -0.000296053
internal_weight=479 449 104 44 345 322 299 62 60
internal_count=479 449 104 44 345 322 299 62 60
cat_boundaries=0 1
cat_threshold=2364673
is_linear=0
shrinkage=0.01


Tree=953
num_leaves=9
num_cat=0
split_feature=2 2 68 0 37 4 14 0
split_gain=0.442163 0.805078 0.257692 0.235044 0.112984 0.112737 0.0859609 0.065376
threshold=0.35287071450000002 0.37983450000000002 41.474999905000011 0.11349313200000001 5.0428571360000012 0.42229839050000006 0.75020021450000007 0.075247895500000009
decision_type=2 2 2 2 2 2 2 2
left_child=2 -2 4 -4 5 6 7 -1
right_child=1 -3 3 -5 -6 -7 -8 -9
leaf_value=-1.2818219190731598e-05 0.00048989296252101007 -0.00044951337270731316 -0.0049911719648741762 0.00012182339482930411 6.9886336924390472e-07 2.8227575943344448e-05 3.6275544189414594e-05 -2.3864863969158298e-05
leaf_weight=42 26 24 25 20 36 20 28 251
leaf_count=42 26 24 25 20 36 20 28 251
internal_value=-2.96109e-05 0.000846457 -0.000139546 0.000556768 -0.000228957 -0.00028818 -0.000337166 -0.000389721
internal_weight=472 50 422 45 377 341 321 293
internal_count=472 50 422 45 377 341 321 293
is_linear=0
shrinkage=0.01


Tree=954
num_leaves=10
num_cat=0
split_feature=25 19 20 59 89 52 67 23 11
split_gain=0.368725 0.390064 0.272815 0.526907 0.217086 0.114653 0.101283 0.0908624 0.0443435
threshold=1.6000000065000002 0.56870750000000014 19.550000000000001 0.95000001800000011 14.068571360000002 9.7999997845000006 2.1550002095000003 1.8142857125000003 0.73854542850000005
decision_type=2 2 2 2 2 2 2 2 2
left_child=1 -1 3 -2 5 -4 8 -5 -7
right_child=2 -3 4 7 -6 6 -8 -9 -10
leaf_value=6.9869373342982809e-05 0.00058573535438640118 -0.00096070327459923011 -1.9039493802556329e-06 -0.0042946214680165276 1.906918002078861e-05 -3.1466272990210278e-05 0.00023172373711716218 0.00040223358907247152 -2.3722963364940233e-08
leaf_weight=20 21 23 22 34 25 240 29 20 20
leaf_count=20 21 23 22 34 25 240 29 20 20
internal_value=-3.29816e-05 0.000833333 -0.000129918 0.000402375 -0.000255345 -0.000331944 -0.000388199 -9.1241e-05 -0.000452454
internal_weight=454 43 411 75 336 311 289 54 260
internal_count=454 43 411 75 336 311 289 54 260
is_linear=0
shrinkage=0.01


Tree=955
num_leaves=9
num_cat=0
split_feature=67 47 0 38 1 7 89 73
split_gain=0.371093 0.414488 0.391901 0.379748 0.2914 0.116051 0.0861939 0.090646
threshold=1.9850001335 4.299999982000001 0.14764960450000003 5.414285694000001 0.19603085750000002 0.41203264750000007 14.02571423 67.994998455000015
decision_type=2 2 2 2 2 2 2 2
left_child=3 2 4 5 -2 -1 7 -7
right_child=1 -3 -4 -5 -6 6 -8 -9
leaf_value=0.00020784215474381075 0.0001206928614792618 -0.00031023879431369339 0.00047512933274465683 1.7305782194545792e-06 -0.00049211142109227383 -2.6681959717123722e-05 1.0726662958931269e-05 -2.6465599666609246e-06
leaf_weight=21 23 33 23 27 24 256 31 37
leaf_count=21 23 33 23 27 24 256 31 37
internal_value=-7.46113e-05 0.000447977 0.00088983 -0.000225322 0.000303347 -0.000319549 -0.000369458 -0.000423758
internal_weight=475 103 70 372 47 345 324 293
internal_count=475 103 70 372 47 345 324 293
is_linear=0
shrinkage=0.01


Tree=956
num_leaves=8
num_cat=0
split_feature=57 2 87 2 4 102 63
split_gain=0.431292 0.267037 0.244243 0.205715 0.340985 0.202385 0.0439007
threshold=0.80000001550000011 0.35287071450000002 6.6842856920000004 0.26596464300000006 0.31831735700000002 18.627672485000002 1.4299998285000004
decision_type=2 2 2 2 2 10 2
left_child=1 -1 3 4 5 -2 -5
right_child=2 -3 -4 6 -6 -7 -8
leaf_value=-5.0479044828599709e-06 0.00041594213056459232 2.2702614061835282e-05 0.00041300622442654603 -3.767501844268577e-06 0.00051118518020014782 -0.00051676043418338109 -2.1208642818550716e-05
leaf_weight=32 29 23 21 20 34 91 221
leaf_count=32 29 23 21 20 34 91 221
internal_value=-9.22002e-05 0.000725806 -0.000206334 -0.000266549 6.45983e-06 -0.000231788 -0.000448718
internal_weight=471 55 416 395 154 120 241
internal_count=471 55 416 395 154 120 241
is_linear=0
shrinkage=0.01


Tree=957
num_leaves=8
num_cat=0
split_feature=55 9 13 39 103 34 4
split_gain=0.263194 0.387099 1.91138 0.144013 0.151363 0.133525 0.032135
threshold=0.40000000950000009 0.60606983000000014 0.71344455000000007 6.3714285240000006 23.642177115000006 4.3499999895000014 0.34695564300000009
decision_type=2 2 2 2 10 2 2
left_child=3 6 -3 4 -1 -4 -2
right_child=1 2 5 -5 -6 -7 -8
leaf_value=-0.00020557047314946397 -3.8021257018623223e-05 0.00011787682605026287 -9.7831641529543971e-06 2.2637746155914994e-06 0.00040887615448160206 0.00013420103910739923 -0.00097360619966077621
leaf_weight=204 61 30 59 38 21 35 20
leaf_count=204 61 30 59 38 21 35 20
internal_value=-8.95906e-05 0.000172497 0.000528846 -0.000301365 -0.000400797 -0.000158228 -0.000348411
internal_weight=468 205 124 263 225 94 81
internal_count=468 205 124 263 225 94 81
is_linear=0
shrinkage=0.01


Tree=958
num_leaves=9
num_cat=0
split_feature=89 29 37 43 17 6 32 6
split_gain=0.289464 0.237864 0.262757 0.18619 0.180367 0.102707 0.217498 0.107255
threshold=14.099285565000002 3.5642857210000005 5.5214285855000007 8.8500000425000014 0.7348106430000001 0.51452969050000008 3.0285714520000004 0.34464350000000005
decision_type=2 2 2 2 2 2 2 2
left_child=1 3 4 -1 5 7 -7 -3
right_child=-2 2 -4 -5 -6 6 -8 -9
leaf_value=6.9231623604744546e-05 1.4797910169391849e-05 9.8049636300529284e-05 1.2447471878267191e-06 -0.0001612217016790827 0.0013629511146985537 -1.6084295668498837e-05 0.00038814102625314646 -2.9052192586692107e-05
leaf_weight=22 26 31 20 24 29 64 20 256
leaf_count=22 26 31 20 24 29 64 20 256
internal_value=-6.89936e-05 -0.000130677 -0.000209126 0.000534188 -0.000269461 -0.000332168 -1.18085e-10 -0.000422168
internal_weight=492 466 420 46 400 371 84 287
internal_count=492 466 420 46 400 371 84 287
is_linear=0
shrinkage=0.01


Tree=959
num_leaves=10
num_cat=0
split_feature=103 15 9 103 50 14 1 8 8
split_gain=0.399619 0.704856 0.215857 0.205653 0.152053 0.42592 0.425595 0.0699717 0.219491
threshold=19.605197285000003 0.58143500000000004 0.51577205850000007 27.836040485000002 4.3999999355000012 0.70658728550000005 0.27713664250000009 0.6347434285000001 0.65482157150000009
decision_type=8 2 2 10 2 2 2 2 2
left_child=1 -1 -2 4 7 6 -6 -4 -9
right_child=2 -3 3 -5 5 -7 -8 8 -10
leaf_value=-0.0070846113923805779 0.00040859433954782315 0.00044718226711635905 -0.00016783831569743311 0.00024766894812408856 1.7231844275717392e-08 -9.5039954675133745e-06 2.6881379568410162e-05 0.00038839972011288191 -9.7945230735922297e-05
leaf_weight=21 30 27 148 34 49 72 20 23 52
leaf_count=21 30 27 148 34 49 72 20 23 52
internal_value=4.19462e-05 0.000901639 -5.13061e-05 -0.000117854 -0.000191886 5.28913e-05 0.000623209 -0.000355228 -7.25595e-05
internal_weight=476 48 428 398 364 141 69 223 75
internal_count=476 48 428 398 364 141 69 223 75
is_linear=0
shrinkage=0.01


Tree=960
num_leaves=9
num_cat=1
split_feature=67 52 6 104 15 16 52 2
split_gain=0.463917 0.36371 0.33235 0.265076 0.310906 0.443189 0.21783 0.0439752
threshold=2.3349995615000005 9.8000003285000012 0.46442242850000004 0 0.70211948550000014 0.6776522140000002 18.049999745000004 0.19290900000000002
decision_type=2 2 2 1 2 2 2 2
left_child=1 -1 -2 4 5 6 -3 -5
right_child=2 3 -4 7 -6 -7 -8 -9
leaf_value=1.7482662818968741e-05 0.00010867055680583561 -7.71796378101229e-05 -5.4258692132385728e-05 -0.0012822574016576665 -1.2599781293582491e-05 0.00020584227014957537 0.00027597981815666279 -0.00015341565526542954
leaf_weight=37 27 37 22 20 57 21 32 224
leaf_count=37 27 37 22 20 57 21 32 224
internal_value=-3.45334e-05 -0.00014459 0.000873494 -0.000238642 9.18884e-05 0.000473568 5.01431e-05 -0.000431711
internal_weight=477 428 49 391 147 90 69 244
internal_count=477 428 49 391 147 90 69 244
cat_boundaries=0 1
cat_threshold=671387921
is_linear=0
shrinkage=0.01


Tree=961
num_leaves=9
num_cat=1
split_feature=53 29 104 20 6 10 0 10
split_gain=0.372796 0.346942 0.156428 0.233233 0.200202 0.352686 0.145849 0.0436659
threshold=60.299998505000012 3.5642857210000005 0 18.110000000000003 0.4920470715000001 0.6868006710000002 0.068555750000000013 0.5295081665000001
decision_type=2 2 1 2 2 2 2 2
left_child=1 -1 3 -3 -5 -6 -4 -8
right_child=-2 2 6 4 5 -7 7 -9
leaf_value=5.6677347030226163e-05 0.00016598699720796518 0.00038613053160450981 0.00029428745015802588 -6.5010515068993156e-05 0.00038512950363200769 -2.9668212313474345e-05 -0.0014673783341805546 -3.855084685368268e-05
leaf_weight=37 22 27 20 72 20 23 20 212
leaf_count=37 22 27 20 72 20 23 20 212
internal_value=-5.39887e-05 -0.0001239 -0.000215299 4.58114e-05 -0.000133852 0.000376712 -0.000357687 -0.000446736
internal_weight=453 431 394 142 115 43 252 232
internal_count=453 431 394 142 115 43 252 232
cat_boundaries=0 1
cat_threshold=538968856
is_linear=0
shrinkage=0.01


Tree=962
num_leaves=9
num_cat=1
split_feature=104 28 20 98 103 2 36 56
split_gain=0.30395 0.382208 0.702301 0.34097 0.157395 0.154407 0.150453 0.086392
threshold=0 3.9428571120000004 57.980000000000011 17.060714315000002 26.400856380000004 0.35287071450000002 4.1999999630000007 4.9999999775000008
decision_type=1 2 2 2 10 2 2 2
left_child=4 2 -2 -3 6 7 -1 -5
right_child=1 3 -4 5 -6 -7 -8 -9
leaf_value=-0.00012684361566342694 -3.2336738591791185e-06 0.00024415220357845913 0.00053614312423073073 -0.00014819461615286309 5.8861581744613579e-05 0.00038348709948416755 8.5548072247260612e-06 -6.3756645683957423e-06
leaf_weight=195 28 23 25 98 35 29 21 31
leaf_count=195 28 23 25 98 35 29 21 31
internal_value=-4.21986e-05 0.000208333 0.000957249 0 -0.000280749 -0.000170025 -0.000396679 -0.000327427
internal_weight=485 234 53 181 251 158 216 129
internal_count=485 234 53 181 251 158 216 129
cat_boundaries=0 1
cat_threshold=570493147
is_linear=0
shrinkage=0.01


Tree=963
num_leaves=9
num_cat=0
split_feature=67 32 10 3 58 27 18 1
split_gain=0.285582 0.506233 0.269448 0.170176 0.249791 0.122755 0.333 0.507884
threshold=2.3349995615000005 2.9857142905000003 0.51216585700000017 0.37915714300000009 0.70000001400000011 2.2714285810000008 0.59664671450000006 0.24065628600000002
decision_type=2 2 2 2 2 2 2 2
left_child=2 -2 -1 5 -5 -4 -7 -8
right_child=1 -3 3 4 -6 6 7 -9
leaf_value=0.00038853210303757438 6.1225361591498508e-05 -0.0032599737244410421 -4.6952009068947017e-05 -0.0027965615220953174 8.3884468567821508e-06 -1.931308538031975e-05 0.00026810846867429331 -3.1128215955132714e-05
leaf_weight=31 28 23 192 23 25 75 21 21
leaf_count=31 28 23 192 23 25 75 21 21
internal_value=-6.25285e-05 0.000627413 -0.000159465 -0.000241755 0.000286885 -0.000330859 -5.51784e-05 0.000630841
internal_weight=439 51 388 357 48 309 117 42
internal_count=439 51 388 357 48 309 117 42
is_linear=0
shrinkage=0.01


Tree=964
num_leaves=9
num_cat=0
split_feature=102 94 56 101 28 15 16 15
split_gain=0.314477 0.434965 0.360864 0.629652 0.220777 0.193831 0.650042 0.0386787
threshold=21.593363450000002 19.425000055000002 0.8500000015000001 116.36960995000003 4.1928571635000011 0.69484930950000012 0.67248635700000015 0.7167060715000001
decision_type=10 2 2 2 2 2 2 2
left_child=7 2 3 -2 5 6 -4 -1
right_child=1 -3 4 -5 -6 -7 -8 -9
leaf_value=-0.00021972153459924693 0.00018561995692077703 9.4886022614183583e-05 -2.6001617362958288e-05 -3.6610156875163796e-05 8.0207149167227954e-05 -1.5674118190167342e-05 0.00053774671757079377 -1.2694244912130636e-05
leaf_weight=109 29 24 115 21 31 113 22 20
leaf_count=109 29 24 115 21 31 113 22 20
internal_value=1.23761e-05 0.000170039 6.78118e-05 0.000846457 -6.56495e-05 -0.000171451 6.89404e-05 -0.000404469
internal_weight=484 355 331 50 281 250 137 129
internal_count=484 355 331 50 281 250 137 129
is_linear=0
shrinkage=0.01


Tree=965
num_leaves=11
num_cat=1
split_feature=104 29 24 52 102 29 0 10 10 4
split_gain=0.375259 0.31289 0.98627 0.281647 0.199806 0.133201 0.123825 0.050985 0.0892094 0.0314669
threshold=0 3.8999999930000002 1.7642856960000002 10.499999840000003 29.140435005000004 3.5357142515000004 0.096013500000000015 0.68487628550000013 0.7066577380000002 0.42820178600000003
decision_type=1 2 2 2 8 2 2 2 2 2
left_child=5 6 -3 -4 9 -1 -2 -7 -9 -5
right_child=1 2 3 4 -6 7 -8 8 -10 -11
leaf_value=5.4095847840355922e-05 1.8661163137203493e-05 0.00052799469402984992 0.00041643000204662483 -0.00017418221646433107 0.00018479198653003549 -3.2892706011948546e-05 -3.1483129186819245e-05 0.0002433248671588778 -0.00024407376997338359 -9.4533115413553142e-06
leaf_weight=20 20 23 23 58 23 190 66 20 33 20
leaf_count=20 20 23 23 58 23 190 66 20 33 20
internal_value=-7.24639e-05 0.000211239 0.000504059 0.000128205 -8.34972e-05 -0.000326881 -0.000241936 -0.000408122 -8.36432e-05 -0.00034264
internal_weight=496 233 147 124 101 263 86 243 53 78
internal_count=496 233 147 124 101 263 86 243 53 78
cat_boundaries=0 1
cat_threshold=306778358
is_linear=0
shrinkage=0.01


Tree=966
num_leaves=9
num_cat=0
split_feature=8 67 3 87 94 55 6 31
split_gain=0.28144 0.375723 0.168489 0.298391 0.0814144 0.0349964 0.0954834 0.0386138
threshold=0.48546688100000007 2.4100003240000003 0.36641414250000004 5.2392857075000014 19.380000115000005 1.7000000140000002 0.48931390450000006 1.9785714320000001
decision_type=2 2 2 2 2 2 2 2
left_child=-1 2 4 -4 5 7 -7 -2
right_child=1 -3 3 -5 -6 6 -8 -9
leaf_value=0.00058110538654559355 -4.24541464151513e-06 7.8686193790376634e-05 7.5427648255995441e-06 -0.00036479559000963225 -1.5735048820681856e-05 -7.9567877292782384e-05 3.4316863129912474e-05 -2.1596022385641915e-05
leaf_weight=38 22 36 35 34 29 37 20 208
leaf_count=38 22 36 35 34 29 37 20 208
internal_value=-5.98087e-05 -0.000138691 -0.000234578 0.00019341 -0.000334596 -0.000387422 -0.000112457 -0.000446274
internal_weight=459 421 385 69 316 287 57 230
internal_count=459 421 385 69 316 287 57 230
is_linear=0
shrinkage=0.01


Tree=967
num_leaves=11
num_cat=0
split_feature=34 13 2 1 1 4 12 0 34 4
split_gain=0.300932 0.310763 0.260482 0.47325 0.184054 0.32787 0.196334 0.202491 0.139804 0.0418983
threshold=4.4714285475000013 0.71116291250000019 0.35675721400000004 0.34416642850000007 0.24769064300000002 0.32941557150000006 0.67177448950000007 0.099150083000000014 3.8857142410000005 0.42820178600000003
decision_type=2 2 2 2 2 2 2 2 2 2
left_child=2 -2 4 -4 5 8 -7 -8 -1 -6
right_child=1 -3 3 -5 9 6 7 -9 -10 -11
leaf_value=0.00021109853298989761 0.00014460303674091601 -0.00022014064367436131 0.00059410876321121806 -0.0032162210077949661 -1.1212798436409953e-05 0.00049636296045993216 0.00048793113848827509 -2.1907637533080542e-05 -0.0023347480721622911 -8.0690402229344956e-06
leaf_weight=20 23 24 22 21 161 28 20 28 100 20
leaf_count=20 23 24 22 21 161 28 20 28 100 20
internal_value=-2.45833e-05 0.000721757 -0.000114069 0.000605023 -0.000202488 0 0.000520833 8.19671e-05 -0.00031457 -0.000431793
internal_weight=467 47 420 43 377 196 76 48 120 181
internal_count=467 47 420 43 377 196 76 48 120 181
is_linear=0
shrinkage=0.01


Tree=968
num_leaves=9
num_cat=0
split_feature=55 11 0 51 55 4 6 3
split_gain=0.258695 0.32103 0.227672 0.248779 0.288982 0.172657 0.0423975 0.0372139
threshold=0.35000000900000006 0.56285014250000009 0.091837021000000005 9.550000123500002 0.80000001550000011 0.4244507145000001 0.3481688215 0.37030768550000004
decision_type=2 2 2 2 2 2 2 2
left_child=5 -2 -3 7 -5 6 -1 -4
right_child=1 2 3 4 -6 -7 -8 -9
leaf_value=-0.0012811969584395236 0.00092070856020095573 7.1639804727763955e-05 -1.017610487310477e-05 0.00025243521044154534 -2.991405055500716e-05 0.00012399816490359962 -6.2564784557834788e-06 -1.0939253421853135e-05
leaf_weight=20 20 39 94 30 21 35 173 20
leaf_count=20 20 39 94 30 21 35 173 20
internal_value=-7.50885e-05 0.000160142 2.92968e-05 -0.000123643 0.000434363 -0.000314685 -0.000436017 -0.000391986
internal_weight=452 224 204 165 51 228 193 114
internal_count=452 224 204 165 51 228 193 114
is_linear=0
shrinkage=0.01


Tree=969
num_leaves=10
num_cat=1
split_feature=104 70 90 30 77 47 60 101 84
split_gain=0.187193 0.321458 0.418515 0.234311 0.225577 0.158391 0.203819 0.0918778 0.0412997
threshold=0 33.050001145000003 14.268571515000001 4.2071428640000006 41.675000665000006 1.7500000000000002 3.9499999470000007 60.892142180000008 6.7521428210000005
decision_type=1 2 2 2 2 2 2 2 2
left_child=1 2 -1 -4 5 -2 -7 -6 -9
right_child=4 -3 3 -5 7 6 -8 8 -10
leaf_value=-2.446562375785916e-05 -0.0035212682338231684 -2.3125348222584546e-05 0.00036100041634303366 0.00038119816774865271 -2.3495282713477863e-05 -1.377530671466148e-06 0.00021089113075433824 -1.5858453788866817e-05 -3.9642463005439433e-06
leaf_weight=21 25 38 23 21 31 27 30 216 21
leaf_count=21 25 38 23 21 31 27 30 216 21
internal_value=-0.000120097 0.000232865 0.000691489 0.00125 -0.000230044 0.000205314 0.000510381 -0.000379464 -0.000447855
internal_weight=453 103 65 44 350 82 57 268 237
internal_count=453 103 65 44 350 82 57 268 237
cat_boundaries=0 1
cat_threshold=673190152
is_linear=0
shrinkage=0.01


Tree=970
num_leaves=9
num_cat=0
split_feature=58 34 3 65 41 1 1 1
split_gain=0.27696 0.291909 0.388064 0.158571 0.177703 0.123843 0.227793 0.0221279
threshold=0.25000000350000007 4.4142857280000003 0.27244857150000007 1.1349997525000002 0.15000000200000005 0.21038070750000001 0.19445542850000003 0.26014710700000004
decision_type=2 2 2 2 2 2 2 2
left_child=-1 3 -3 5 -5 6 -2 -6
right_child=1 2 -4 4 7 -7 -8 -9
leaf_value=0.00038850990808592757 -0.0042637338523940109 -9.2653453130643991e-05 0.00023523151033996676 0.00052166850164186225 -0.00057126298434766556 -5.9875525439897821e-06 0.00042061236493062262 -2.4504564466764916e-05
leaf_weight=29 37 21 25 32 31 252 20 20
leaf_count=29 37 21 25 32 31 252 20 20
internal_value=-0.000131467 -0.000198268 0.000534188 -0.000290224 7.75655e-05 -0.000395417 0 -0.000260618
internal_weight=467 438 46 392 83 309 57 51
internal_count=467 438 46 392 83 309 57 51
is_linear=0
shrinkage=0.01


Tree=971
num_leaves=10
num_cat=0
split_feature=10 67 103 63 16 33 52 2 3
split_gain=0.462237 0.314757 0.604765 0.13622 0.172879 0.0389369 0.0281339 0.0216024 0.0173151
threshold=0.48809821400000003 2.1550002095000003 27.039807480000004 6.9099998470000008 0.67248635700000015 5.7499999830000013 9.8000003285000012 0.20428928600000004 0.33971077550000006
decision_type=2 2 8 2 2 2 2 2 2
left_child=-1 3 8 5 7 6 -2 -5 -3
right_child=1 2 -4 4 -6 -7 -8 -9 -10
leaf_value=0.00054065380313464222 -1.9532449700551135e-06 -0.001829497209941196 0.00037894540132081441 -9.6916690140513021e-05 9.5476174755685961e-06 -0.0029426360056876684 -1.3030076771902936e-05 -0.00048923152146935882 1.4905260458676628e-05
leaf_weight=21 27 23 20 20 21 20 257 30 20
leaf_count=21 27 23 20 20 21 20 257 30 20
internal_value=-0.000146803 -0.000221058 0.00041536 -0.000333954 3.48188e-05 -0.000426509 -0.000456461 -0.000255906 -0.000216895
internal_weight=459 438 63 375 71 304 284 50 43
internal_count=459 438 63 375 71 304 284 50 43
is_linear=0
shrinkage=0.01


Tree=972
num_leaves=8
num_cat=0
split_feature=46 43 75 23 58 67 23
split_gain=0.109215 0.0780509 0.109519 0.284462 0.0595673 0.162299 0.185092
threshold=15.749999955000002 3.7000000065000003 87.965001105000013 1.7857142900000003 6.6999998500000002 1.6250000000000002 1.7857142985000001
decision_type=2 2 2 2 2 2 2
left_child=1 2 3 -1 -3 6 -6
right_child=-2 4 -4 -5 5 -7 -8
leaf_value=0.00063921493493879211 4.0942547238819948e-05 -1.2316418666474192e-05 -0.00016359345179317708 -7.3896233174605811e-06 -0.0024243569610667795 -1.6701811799526952e-05 0.00019451426993236584
leaf_weight=24 20 228 39 26 23 84 30
leaf_count=24 20 228 39 26 23 84 30
internal_value=-0.00028433 -0.000318822 -2.78398e-05 0.000255905 -0.00038409 -0.000192308 0.000213755
internal_weight=474 454 89 50 365 137 53
internal_count=474 454 89 50 365 137 53
is_linear=0
shrinkage=0.01


Tree=973
num_leaves=9
num_cat=0
split_feature=102 30 2 32 91 13 56 23
split_gain=0.293292 0.322308 0.578735 1.04846 0.335805 0.196002 0.0904022 0.23209
threshold=23.925738300000003 4.1857143300000006 0.26596464300000006 2.9999999915000006 8.7100001065000026 0.70645440850000008 1.8999999835000001 1.7428571285000001
decision_type=10 2 2 2 2 2 2 2
left_child=6 2 3 -2 -4 -6 7 -1
right_child=1 -3 4 -5 5 -7 -8 -9
leaf_value=-5.0271093038901106e-06 0.00052369399104260192 -0.00011664924516214917 -1.1449621912842917e-05 4.1757116223094252e-05 1.7163685522620181e-05 -1.3207611220442778e-05 -6.5394377512906451e-05 0.00067997467541696559
leaf_weight=45 23 62 71 35 20 21 166 21
leaf_count=45 23 62 71 35 20 21 166 21
internal_value=-0.000107573 0.000137457 0.000368852 0.00117347 -3.54611e-05 0.000657895 -0.000360825 -1.49702e-05
internal_weight=464 232 170 58 112 41 232 66
internal_count=464 232 170 58 112 41 232 66
is_linear=0
shrinkage=0.01


Tree=974
num_leaves=9
num_cat=0
split_feature=67 15 57 2 4 54 0 31
split_gain=0.228411 0.198017 0.284809 0.179731 0.496285 0.14047 0.0639114 0.0432623
threshold=1.9850001335 0.59966028550000006 3.7000000850000005 0.27678160000000007 0.32941557150000006 15.649999815000003 0.094170583000000016 1.9999999915000002
decision_type=2 2 2 2 2 2 2 2
left_child=3 -2 -3 4 5 -1 -4 -5
right_child=1 2 6 7 -6 -7 -8 -9
leaf_value=-0.00095765906475938094 -0.0082993824786756071 0.00050342141308828503 4.1173085767353039e-05 -2.5360486669132634e-07 0.00028073334697755229 0.0001524988095672631 -0.00091063187935698617 -8.1693305208148521e-06
leaf_weight=102 27 33 20 20 39 20 21 198
leaf_count=102 27 33 20 20 39 20 21 198
internal_value=-0.000141431 0.000270137 0.000548128 -0.000256714 0 -0.00031759 0 -0.000443327
internal_weight=480 101 74 379 161 122 41 218
internal_count=480 101 74 379 161 122 41 218
is_linear=0
shrinkage=0.01


Tree=975
num_leaves=11
num_cat=0
split_feature=1 103 73 70 16 76 57 23 46 7
split_gain=0.369131 0.427273 0.56792 0.235035 0.447533 0.495204 0.134015 0.117117 0.0405016 0.0983101
threshold=0.24315379250000002 26.385584430000005 65.170001985000013 31.109999655000003 0.55146235700000013 52.735000610000007 5.000000033500001 1.9571428555000001 7.8999998460000009 0.57248294050000015
decision_type=2 10 2 2 2 2 2 2 2 2
left_child=1 3 -3 6 -5 -6 -1 8 9 -2
right_child=7 2 -4 4 5 -7 -8 -9 -10 -11
leaf_value=-0.00048130351851930208 0.0001746813637483502 0.00015794767651061686 -0.0007558624047556764 -0.003437387085796776 0.00053827124375893588 -0.0015861860490469625 8.2578315198404562e-06 8.4153153123043459e-06 -5.0798055389398648e-06 -0.00014027334323607945
leaf_weight=85 20 20 21 30 21 20 20 22 171 39
leaf_count=85 20 20 21 30 21 20 20 22 171 39
internal_value=-6.91785e-05 0.000227273 0.00113636 0 0.000452646 0.00113636 -0.00028828 -0.000332279 -0.000402946 -0.000125418
internal_weight=469 217 41 176 71 41 105 252 230 59
internal_count=469 217 41 176 71 41 105 252 230 59
is_linear=0
shrinkage=0.01


Tree=976
num_leaves=9
num_cat=1
split_feature=7 104 71 5 7 18 14 37
split_gain=0.451261 0.240737 0.334691 0.487167 0.990165 0.195577 0.125873 0.0267607
threshold=0.40947400000000006 0 1.7350001335000003 0.39293064300000008 0.55351397600000019 0.48628885700000007 0.66514396450000013 3.3428571390000004
decision_type=2 1 2 2 2 2 2 2
left_child=-1 2 6 -4 -5 -6 -2 -3
right_child=1 7 3 4 5 -7 -8 -9
leaf_value=0.00042739942551805587 2.2419172790321328e-06 -4.7408780921760898e-07 -0.0034394890894900022 0.00043074550041266021 0.00036841945878186616 -0.00013801600179479164 -1.2918575215805801e-05 -7.790200522118463e-06
leaf_weight=31 22 27 36 20 20 26 99 197
leaf_count=31 22 27 36 20 20 26 99 197
internal_value=-0.000119048 -0.000204332 2.78014e-05 0.000457198 0.000973054 0.000106837 -0.000316092 -0.000425894
internal_weight=478 447 223 102 66 46 121 224
internal_count=478 447 223 102 66 46 121 224
cat_boundaries=0 1
cat_threshold=170132765
is_linear=0
shrinkage=0.01


Tree=977
num_leaves=12
num_cat=0
split_feature=2 18 4 63 2 2 56 19 1 1 1
split_gain=0.234374 0.453216 0.633197 0.383293 0.110122 0.175454 0.11052 0.227793 0.0537707 0.0335219 0.0268617
threshold=0.27678160000000007 0.55706690500000011 0.32941557150000006 2.8649997715000004 0.35675721400000004 0.38209285700000006 4.9999999775000008 0.51831824300000007 0.21004142850000004 0.22034000000000004 0.17404957150000003
decision_type=2 2 2 2 2 2 2 2 2 2 2
left_child=1 9 3 10 6 -6 -2 -8 -5 -1 -3
right_child=4 2 -4 8 5 -7 7 -9 -10 -11 -12
leaf_value=-0.0035319277522813147 -4.8224205215731702e-06 -7.3117368084061587e-05 0.00052685734229006775 0.0010248177829143912 0.00066436343608087492 -0.0031941067832005478 9.6708684506456206e-05 -1.9120133871952172e-05 0.0001174304436699165 -0.0019283703181627563 -0.00059651288508571424
leaf_weight=68 164 20 28 20 20 21 20 37 20 20 42
leaf_count=68 164 20 28 20 20 21 20 37 20 20 42
internal_value=-5.82364e-05 0.000178245 0.000558104 0.00016537 -0.000262557 0.000179426 -0.000353923 0 0.000931372 -0.00036036 -0.000302548
internal_weight=480 218 130 102 262 41 221 57 40 88 62
internal_count=480 218 130 102 262 41 221 57 40 88 62
is_linear=0
shrinkage=0.01


Tree=978
num_leaves=9
num_cat=0
split_feature=8 0 5 1 54 1 28 5
split_gain=0.52413 0.340309 0.147066 0.44121 0.12374 0.170852 0.0428731 0.0390144
threshold=0.48546688100000007 0.089654667000000007 0.42315952350000002 0.24242300000000003 14.550000005000003 0.33135521400000006 4.1999999970000008 0.51361392850000009
decision_type=2 2 2 2 2 2 2 2
left_child=1 -1 6 -4 7 -6 -2 -5
right_child=2 -3 3 4 5 -7 -8 -9
leaf_value=-0.00067102521182694965 -0.00035747824645787206 0.00088787971926186822 0.00018811591358256115 -7.0977106613925043e-06 0.00065771980172006671 -0.002572360555798214 -7.2386194403224727e-05 1.01603135065724e-05
leaf_weight=20 186 20 31 113 20 20 20 20
leaf_count=20 186 20 31 113 20 20 20 20
internal_value=-0.000139752 0.000931372 -0.00025073 -4.88282e-05 -0.000256042 0.000196078 -0.000440039 -0.000407324
internal_weight=450 40 410 204 173 40 206 133
internal_count=450 40 410 204 173 40 206 133
is_linear=0
shrinkage=0.01


Tree=979
num_leaves=9
num_cat=1
split_feature=104 0 29 3 19 0 27 0
split_gain=0.379437 0.288395 0.339863 0.402725 0.234279 0.369095 0.110093 0.0192946
threshold=0 0.11422 3.8999999930000002 0.33875005950000009 0.59937400000000018 0.10642549300000002 2.4785714150000007 0.22090962500000003
decision_type=1 2 2 2 2 2 2 2
left_child=1 -1 -3 -4 6 -6 -2 -7
right_child=4 2 3 -5 5 7 -8 -9
leaf_value=-0.00041413182238649336 -2.2151077101255961e-05 -1.2868308373503139e-05 0.00019096982989803523 0.00047019520815772908 0.0049164297619920215 -0.0002028253259758783 -2.288209582394481e-07 -7.4026539342126174e-07
leaf_weight=28 247 29 20 31 20 26 30 20
leaf_count=28 247 29 20 31 20 26 30 20
internal_value=-0.000118415 0.00037037 0.000717822 0.00120656 -0.000281232 0.000224551 -0.000419367 -0.000235043
internal_weight=451 108 80 51 343 66 277 46
internal_count=451 108 80 51 343 66 277 46
cat_boundaries=0 1
cat_threshold=704940289
is_linear=0
shrinkage=0.01


Tree=980
num_leaves=7
num_cat=1
split_feature=104 102 45 101 20 28
split_gain=0.397687 1.08848 0.903565 0.149048 0.159832 0.258263
threshold=0 27.772760855000005 9.7499999775000017 77.303394425000008 106.49000000000002 4.0285713670000005
decision_type=1 8 2 2 2 2
left_child=1 2 -1 -2 -5 -6
right_child=3 -3 -4 4 5 -7
leaf_value=0.00048876937278196394 0.00017561482488316662 0.00035026160219922781 -3.0782726783690397e-05 -2.1092231247261473e-05 0.00019254402927795441 -0.00019809517354173902
leaf_weight=20 35 24 93 235 30 43
leaf_count=20 35 24 93 235 30 43
internal_value=-9.98337e-05 0.000334912 -3.95432e-05 -0.000281232 -0.000362694 2.03251e-05
internal_weight=480 137 113 343 308 73
internal_count=480 137 113 343 308 73
cat_boundaries=0 1
cat_threshold=539000849
is_linear=0
shrinkage=0.01


Tree=981
num_leaves=8
num_cat=0
split_feature=7 103 27 82 2 26 2
split_gain=0.273469 0.237538 0.409633 0.39952 0.337008 0.0722582 0.0390144
threshold=0.40669402350000006 17.974813495000003 2.2428571540000006 7.6842856405000015 0.28765000000000002 1.6142857030000004 0.24441390500000001
decision_type=2 10 2 2 2 2 2
left_child=-1 -2 5 4 -4 -3 -7
right_child=1 2 3 -5 -6 6 -8
leaf_value=0.00013651402302568031 -2.3349088557212517e-05 -2.9004843583772962e-06 0.00041094480439769423 -6.9157606599593644e-06 -1.2392580115321262e-05 -3.1176059080913597e-05 -1.5678653185740096e-05
leaf_weight=30 186 31 22 37 24 20 113
leaf_count=30 186 31 22 37 24 20 113
internal_value=-0.000149849 -0.000217842 -6.05339e-06 0.000554892 0.00117521 -0.000303398 -0.000407324
internal_weight=463 433 247 83 46 164 133
internal_count=463 433 247 83 46 164 133
is_linear=0
shrinkage=0.01


Tree=982
num_leaves=7
num_cat=0
split_feature=103 58 63 39 68 58
split_gain=0.364022 0.276096 0.122318 0.44481 0.121194 0.155525
threshold=27.750884020000004 0.25000000350000007 4.4599995610000009 6.1714286460000007 40.919999600000004 6.6999998500000002
decision_type=10 2 2 2 2 2
left_child=1 -1 3 4 -3 -6
right_child=-2 2 -4 -5 5 -7
leaf_value=0.00058906216023245893 0.00019892188725624367 -3.1224700184883317e-05 -0.00011915691006666025 0.00016054847367476005 -1.4684493277802098e-05 7.3499973732244057e-06
leaf_weight=20 37 120 187 22 36 39
leaf_count=20 37 120 187 22 36 39
internal_value=-0.000148333 -0.000235405 -0.000296443 -0.000121671 -0.000283453 6.59619e-06
internal_weight=461 424 404 217 195 75
internal_count=461 424 404 217 195 75
is_linear=0
shrinkage=0.01


Tree=983
num_leaves=10
num_cat=1
split_feature=8 12 104 4 15 29 12 85 0
split_gain=0.431348 0.340309 0.214045 0.427216 0.834463 0.514744 0.0951535 0.0855836 0.0204918
threshold=0.48546688100000007 0.50172921400000015 0 0.32984010700000005 0.69484930950000012 3.9571428810000007 0.74631739300000011 9.3492856710000023 0.13454388900000003
decision_type=2 2 1 2 2 2 2 2 2
left_child=1 -1 3 -2 5 -5 7 -4 -6
right_child=2 -3 6 4 8 -7 -8 -9 -10
leaf_value=-0.0034588834524878521 -9.9420649471906221e-05 0.0010163545291171482 -1.4548065017719599e-05 0.00041720998819940586 3.590296899763385e-07 1.7841161321628229e-06 4.1641928098655468e-07 -6.6799402393781953e-06 -1.5381918532687093e-05
leaf_weight=20 62 20 188 20 20 20 26 37 28
leaf_count=20 62 20 188 20 20 20 26 37 28
internal_value=-4.18743e-05 0.000931372 -0.000145595 0.000143035 0.000608108 0.00166667 -0.000318946 -0.000400797 -0.000245902
internal_weight=441 40 401 150 88 40 251 225 48
internal_count=441 40 401 150 88 40 251 225 48
cat_boundaries=0 1
cat_threshold=169869465
is_linear=0
shrinkage=0.01


Tree=984
num_leaves=8
num_cat=0
split_feature=11 34 4 2 11 27 15
split_gain=0.333878 0.263126 0.23602 0.42614 0.0939964 0.0849729 0.0442108
threshold=0.53175542850000013 4.2285713640000013 0.31831735700000002 0.28765000000000002 0.70795867850000016 2.4785714150000007 0.75756964300000018
decision_type=2 2 2 2 2 2 2
left_child=-1 5 -3 -4 -5 6 -2
right_child=1 2 3 4 -6 -7 -8
leaf_value=0.00020638671345095917 -1.4514815178706133e-05 -0.00017417037283327518 0.00025135063452532037 -0.00018691865673713709 2.9539132732643788e-05 0.00014058226041301363 8.1827349606218569e-05
leaf_weight=38 234 44 39 36 20 34 20
leaf_count=38 234 44 39 36 20 34 20
internal_value=-0.000129884 -0.000213885 0.000132332 0.000422756 -0.000105634 -0.000387812 -0.000451334
internal_weight=465 427 139 95 56 288 254
internal_count=465 427 139 95 56 288 254
is_linear=0
shrinkage=0.01


Tree=985
num_leaves=10
num_cat=0
split_feature=7 68 52 16 46 63 83 21 45
split_gain=0.409428 0.176249 0.358581 0.116387 0.103439 0.0641184 0.0505029 0.0616463 0.0442779
threshold=0.40947400000000006 41.010000705000003 13.000000175000002 0.75706978600000008 3.5000000895000007 8.074999809000003 5.6492857720000007 0.91428571500000011 16.849999785000005
decision_type=2 2 2 2 2 2 2 2 2
left_child=-1 3 -3 5 -4 6 7 -2 -8
right_child=1 2 4 -5 -6 -7 8 -9 -10
leaf_value=0.00035084797077990394 -2.0522930344995467e-05 0.00015960579092823659 0.00013712348115358327 0.0019411114144192122 -7.7060945506764927e-06 -1.9537452635581159e-06 -2.3962828325973922e-05 -1.4704841008638689e-06 -0.00017888845434625836
leaf_weight=33 23 20 20 20 43 36 237 26 20
leaf_count=33 23 20 20 20 43 36 237 26 20
internal_value=-0.000119048 -0.000203006 0.000196897 -0.000300441 -0.000148903 -0.000347141 -0.000394394 -5.02009e-05 -0.000451901
internal_weight=478 445 83 362 63 342 306 49 257
internal_count=478 445 83 362 63 342 306 49 257
is_linear=0
shrinkage=0.01


Tree=986
num_leaves=9
num_cat=0
split_feature=8 103 60 26 2 75 8 13
split_gain=0.528638 0.251449 0.0921097 0.456157 0.133375 0.115325 0.113398 0.0365163
threshold=0.48546688100000007 27.750884020000004 5.2499998955000011 1.8714285495000003 0.35675721400000004 93.444999695000021 0.54402878550000011 0.7443756585000002
decision_type=2 10 2 2 2 2 2 2
left_child=-1 2 4 6 5 -2 -4 -8
right_child=1 -3 3 -5 -6 -7 7 -9
leaf_value=0.00052979792092762868 -2.7917434238074352e-05 0.00010692290174004353 3.6090884044980398e-07 0.00024582396891242593 2.9464198162508017e-05 -2.6261018204508466e-05 -7.1792848015840803e-06 7.0451063050708812e-05
leaf_weight=36 216 32 20 20 20 28 88 20
leaf_count=36 216 32 20 20 20 28 88 20
internal_value=-5.82364e-05 -0.000157374 -0.000227713 -1.3441e-05 -0.000339879 -0.000408497 -0.000248447 -0.00038603
internal_weight=480 444 412 148 264 244 128 108
internal_count=480 444 412 148 264 244 128 108
is_linear=0
shrinkage=0.01


Tree=987
num_leaves=8
num_cat=0
split_feature=101 20 53 32 3 58 101
split_gain=0.276884 0.235613 0.437864 0.122266 0.184043 0.143209 0.0445915
threshold=66.85331105500002 19.550000000000001 0.60000001250000012 3.0642857040000004 0.30020732150000001 0.25000000350000007 132.47847800000002
decision_type=2 2 2 2 2 2 2
left_child=-1 2 -2 5 -5 -3 -7
right_child=1 3 -4 4 -6 6 -8
leaf_value=0.00061425995253067567 -0.0035235412135278493 6.8773085692752929e-05 0.00080893502721856518 -0.0050600274338493678 0.00024336572922330332 -2.8017773636860377e-05 -8.4788041923021697e-06
leaf_weight=29 36 21 36 23 20 252 20
leaf_count=29 36 21 36 23 20 252 20
internal_value=-0.000129054 -0.000200587 0.000302198 -0.000314727 0.000148402 -0.000389721 -0.000454546
internal_weight=437 408 72 336 43 293 272
internal_count=437 408 72 336 43 293 272
is_linear=0
shrinkage=0.01


Tree=988
num_leaves=8
num_cat=1
split_feature=103 74 104 101 39 74 8
split_gain=0.405814 0.800136 0.231074 0.462719 0.411423 0.0433231 0.0393308
threshold=27.750884020000004 60.434999465000011 0 78.397125575000004 6.1714286460000007 66.07999992000002 0.52140328600000008
decision_type=10 2 1 2 2 2 2
left_child=2 -2 5 -4 6 -1 -5
right_child=1 -3 3 4 -6 -7 -8
leaf_value=-7.8834225925911115e-05 -0.00022620030471871757 0.00039205163770859413 0.0004711080018479552 -0.00028218959886306782 7.8377318751974087e-05 -1.3379912816281394e-05 -2.9530195975824202e-05
leaf_weight=200 24 21 27 20 38 20 117
leaf_count=200 24 21 27 20 38 20 117
internal_value=-0.00011009 0.000775109 -0.000210502 3.28946e-05 -0.000145051 -0.00042461 -0.000410015
internal_weight=467 45 422 202 175 220 137
internal_count=467 45 422 202 175 220 137
cat_boundaries=0 1
cat_threshold=5566
is_linear=0
shrinkage=0.01


Tree=989
num_leaves=8
num_cat=0
split_feature=29 15 94 15 24 70 4
split_gain=0.426345 0.342683 0.144699 0.176777 0.232389 0.202796 0.0226349
threshold=4.1142856560000007 0.62904761900000017 18.846428595000003 0.61236271450000013 1.8428571475000002 31.280000210000004 0.31267321450000007
decision_type=2 2 2 2 2 2 2
left_child=2 -2 -1 -4 6 -6 -5
right_child=1 -3 3 4 5 -7 -8
leaf_value=-7.535494220399043e-06 0.00022842485052970422 -1.1330116906316284e-05 -0.0047497868091832731 -5.4934015075475685e-05 0.00050773776918852502 -0.00013782293265300399 0.00019292307537177255
leaf_weight=214 32 32 72 32 27 22 20
leaf_count=214 32 32 72 32 27 22 20
internal_value=-0.000184816 0.000555555 -0.000313306 -8.34293e-05 0.000171906 0.000672691 -0.000265152
internal_weight=451 64 387 173 101 49 52
internal_count=451 64 387 173 101 49 52
is_linear=0
shrinkage=0.01


Tree=990
num_leaves=9
num_cat=0
split_feature=103 74 7 52 101 7 14 51
split_gain=0.333727 0.55943 0.196097 0.0999133 0.0597387 0.0686894 0.0398387 0.0427818
threshold=27.750884020000004 60.434999465000011 0.40947400000000006 9.8500000200000013 73.069060915000009 0.53665292850000013 0.76021457150000005 24.049999790000005
decision_type=10 2 2 2 2 2 2 2
left_child=2 -2 -1 -4 5 -5 7 -6
right_child=1 -3 3 4 6 -7 -8 -9
leaf_value=0.00045106490244730752 -7.9428086540938992e-05 0.00015577844677016511 2.8105604219825787e-06 -0.0043537371431778037 -2.2016731795680389e-05 0.00010926957206238444 8.114485435900571e-05 -8.1157952183356805e-06
leaf_weight=28 22 20 25 23 291 20 20 21
leaf_count=28 22 20 25 23 291 20 20 21
internal_value=-0.000197536 0.000630841 -0.000284515 -0.000344311 -0.000387174 0 -0.000432692 -0.000460358
internal_weight=470 42 428 400 375 43 332 312
internal_count=470 42 428 400 375 43 332 312
is_linear=0
shrinkage=0.01


Tree=991
num_leaves=9
num_cat=1
split_feature=7 101 3 104 102 17 101 13
split_gain=0.493 0.157627 0.367199 0.121925 0.442764 0.128611 0.123119 0.0442557
threshold=0.40947400000000006 73.069060915000009 0.29260578550000005 0 27.033499140000004 0.57427783300000013 131.77162625000003 0.75991703350000017
decision_type=2 2 2 1 8 2 2 2
left_child=-1 2 -2 4 5 -3 7 -5
right_child=1 3 -4 6 -6 -7 -8 -9
leaf_value=0.0004221362064554854 -0.0025840783106207887 3.6853859194126667e-05 0.00010817687634175858 -1.5975735596774013e-05 0.00037027371742067127 -7.2107966337760603e-05 1.7602112910653959e-06 -0.00060598606323777199
leaf_weight=29 25 20 20 236 20 74 24 20
leaf_count=29 25 20 20 236 20 74 24 20
internal_value=-0.000110922 -0.000198954 0.000338428 -0.000265958 8.01271e-06 -0.000263713 -0.000371389 -0.000451714
internal_weight=468 439 45 394 114 94 280 256
internal_count=468 439 45 394 114 94 280 256
cat_boundaries=0 1
cat_threshold=2098449
is_linear=0
shrinkage=0.01


Tree=992
num_leaves=8
num_cat=1
split_feature=104 67 7 14 14 20 27
split_gain=0.30503 0.442749 0.433021 0.166227 0.124471 0.0762253 0.201732
threshold=0 2.1550002095000003 0.40947400000000006 0.64843583300000007 0.75020021450000007 106.49000000000002 2.2714285810000008
decision_type=1 2 2 2 2 2 2
left_child=1 3 -2 -1 -5 -4 -7
right_child=2 -3 5 4 -6 6 -8
leaf_value=9.298646414551966e-05 0.00046675093832562785 0.00023613037121248475 -1.861523997553279e-05 -1.7336854526545242e-05 0.00023771127050804808 -4.3602795431145376e-05 0.00031559205884227145
leaf_weight=23 27 32 248 67 20 55 25
leaf_count=23 27 32 248 67 20 55 25
internal_value=-0.000133588 0.000242146 -0.000288409 -2.70759e-05 -0.000244875 -0.00040146 -9.901e-05
internal_weight=497 142 355 110 87 328 80
internal_count=497 142 355 110 87 328 80
cat_boundaries=0 1
cat_threshold=2359377
is_linear=0
shrinkage=0.01


Tree=993
num_leaves=7
num_cat=1
split_feature=104 102 80 45 97 102
split_gain=0.600305 0.697787 0.329273 0.24985 0.098071 0.25653
threshold=0 23.530456615000002 111.24499990000002 10.099999965 15.822143010000001 27.635916585000004
decision_type=1 8 2 2 2 8
left_child=1 3 4 -1 5 -2
right_child=2 -3 -4 -5 -6 -7
leaf_value=0.00010727253058906816 -0.0001990192960136629 0.00037921536022890689 0.00096847054377543378 -6.9641730801501352e-05 -1.0793869609510008e-05 6.4755622564675348e-05
leaf_weight=20 49 35 20 46 274 20
leaf_count=20 49 35 20 46 274 20
internal_value=-0.000129088 0.000514311 -0.00031969 -1.49702e-05 -0.000405759 -3.58167e-05
internal_weight=464 101 363 66 343 69
internal_count=464 101 363 66 343 69
cat_boundaries=0 1
cat_threshold=35948801
is_linear=0
shrinkage=0.01


Tree=994
num_leaves=8
num_cat=1
split_feature=101 20 58 104 59 19 27
split_gain=0.323449 0.475695 0.194742 0.247366 0.342414 0.120361 0.0450275
threshold=73.069060915000009 65.865000000000009 0.25000000350000007 0 2.3999999910000005 0.48434337500000008 1.8714285705000002
decision_type=2 2 2 1 2 2 2
left_child=1 -1 -2 4 -4 -6 -5
right_child=2 -3 3 6 5 -7 -8
leaf_value=-0.00035215516516084604 0.00039576319825985421 0.00055116216990892689 0.00045039281321014943 -7.3388734018918492e-06 4.6788321058750874e-05 -1.3542168623991e-05 -6.9032813447052392e-05
leaf_weight=33 26 21 32 20 20 61 276
leaf_count=33 26 21 32 20 20 61 276
internal_value=-0.00014802 0.000565693 -0.000242084 -0.000298926 9.28917e-05 -0.000226161 -0.000443286
internal_weight=489 54 435 409 113 81 296
internal_count=489 54 435 409 113 81 296
cat_boundaries=0 1
cat_threshold=2359568
is_linear=0
shrinkage=0.01


Tree=995
num_leaves=8
num_cat=0
split_feature=67 16 25 12 50 18 58
split_gain=0.443671 0.320378 0.322685 0.187298 0.0632353 0.0710918 0.0323648
threshold=1.9499998090000001 0.70257107100000016 1.8142857170000004 0.55782661950000001 1.7000000290000001 0.47792340500000002 0.25000000350000007
decision_type=2 2 2 2 2 2 2
left_child=3 2 -2 -1 5 -5 -6
right_child=1 -3 -4 4 6 -7 -8
leaf_value=2.545702477307127e-05 -0.00037280727211216094 5.4765495310143427e-05 0.00044843803980108713 -0.0032231750407668604 -1.2970732659057964e-05 3.2576419555805646e-05 -1.4611779630812191e-05
leaf_weight=32 47 25 37 24 25 20 256
leaf_count=32 47 25 37 24 25 20 256
internal_value=-0.0001521 0.000396175 7.07546e-05 -0.000325601 -0.000400553 -1.17081e-10 -0.000455997
internal_weight=466 109 84 357 325 44 281
internal_count=466 109 84 357 325 44 281
is_linear=0
shrinkage=0.01


Tree=996
num_leaves=6
num_cat=1
split_feature=10 104 91 5 37
split_gain=0.329014 0.143772 0.4926 0.526264 0.10389
threshold=0.51216585700000017 0 8.7678571090000013 0.39293064300000008 5.0571428365000015
decision_type=2 1 2 2 2
left_child=-1 2 -2 -4 -3
right_child=1 4 3 -5 -6
leaf_value=9.0150597449040147e-05 -4.4034147892365718e-05 -2.3885788040464209e-05 -0.0021884113314856166 0.00052121526489054852 -9.3348440638179747e-07
leaf_weight=29 88 253 22 33 32
leaf_count=29 88 253 22 33 32
internal_value=-0.000210791 -0.000284515 0 0.000725806 -0.00040737
internal_weight=457 428 143 55 285
internal_count=457 428 143 55 285
cat_boundaries=0 1
cat_threshold=136316176
is_linear=0
shrinkage=0.01


Tree=997
num_leaves=8
num_cat=0
split_feature=18 6 74 20 3 3 6
split_gain=0.212675 0.231302 0.166982 0.252639 0.0984565 0.446227 0.0367571
threshold=0.70722607100000012 0.57262616650000009 65.31500053500001 61.020000000000003 0.30438690500000004 0.29333092850000003 0.34344664300000011
decision_type=2 2 2 2 2 2 2
left_child=1 2 4 -4 5 6 -1
right_child=-2 -3 3 -5 -6 -7 -8
leaf_value=-0.0034566715207867316 7.8942869314508756e-05 0.00033841598894983246 -0.00051617212806707698 6.5121229689303617e-05 -1.1196053648834033e-05 0.00047403045964608168 -0.00025976487155743153
leaf_weight=20 33 21 32 38 189 23 90
leaf_count=20 33 21 32 38 189 23 90
internal_value=-0.000114145 -0.000180039 -0.000239308 0.000183616 -0.000337671 -0.000108371 -0.000388087
internal_weight=446 413 392 70 322 133 110
internal_count=446 413 392 70 322 133 110
is_linear=0
shrinkage=0.01


Tree=998
num_leaves=8
num_cat=0
split_feature=102 46 102 18 94 5 0
split_gain=0.339981 0.398952 0.280251 0.122245 0.142444 0.0425877 0.0193206
threshold=23.530456615000002 12.700000025000003 25.694522490000004 0.68323078550000005 19.017142705000005 0.30195404800000003 0.098881000000000011
decision_type=8 2 8 2 2 2 2
left_child=5 2 -2 4 -4 -1 -6
right_child=1 -3 3 -5 6 -7 -8
leaf_value=-0.00028545069291848152 9.7373232469542468e-05 0.00039243479920914151 -7.1135763054199893e-06 0.00025990315970175651 -0.00079463349755644667 -8.2767049727425156e-05 6.1403776000474078e-05
leaf_weight=20 38 27 120 33 22 178 20
leaf_count=20 38 27 120 33 22 178 20
internal_value=-0.000124237 0.000107362 -1.92473e-05 -0.000181308 -0.000300983 -0.000437626 0.000163551
internal_weight=458 260 233 195 162 198 42
internal_count=458 260 233 195 162 198 42
is_linear=0
shrinkage=0.01


Tree=999
num_leaves=7
num_cat=1
split_feature=9 104 9 9 57 6
split_gain=0.257774 0.195809 0.317077 1.20024 0.0923035 0.0323472
threshold=0.49806395000000009 0 0.62833980000000011 0.59847247500000011 0.80000001550000011 0.53979250000000012
decision_type=2 1 2 2 2 2
left_child=-1 2 3 -2 -3 -4
right_child=1 4 5 -5 -6 -7
leaf_value=9.2537124718831398e-05 -0.0019510473490181172 -2.3390828869875601e-07 -6.7235484233072493e-05 0.00013800891953935288 -2.1542569741216907e-05 -1.5501392674223063e-05
leaf_weight=33 39 36 62 23 243 20
leaf_count=33 39 36 62 23 243 20
internal_value=-0.000188266 -0.000258377 3.87596e-05 0.000589172 -0.000405452 -0.000350242
internal_weight=456 423 144 62 279 82
internal_count=456 423 144 62 279 82
cat_boundaries=0 1
cat_threshold=33557585
is_linear=0
shrinkage=0.01


end of trees

feature_importances:
ndvi_mean_25=309
ndvi_mean_9=287
ndvi_mean_26=278
ndvi_mean_27=268
Area=264
ndvi_mean_24=262
N=262
ndvi_mean_13=230
K=205
ndvi_mean_14=201
P=194
ndvi_mean_15=191
ndvi_mean_10=179
ndvi_mean_16=177
PrecipitationCumulative_sum_14=175
PrecipitationCumulative_sum_20=165
ndvi_mean_11=152
ndvi_mean_12=151
ndvi_mean_28=150
ndvi_mean_19=145
EvapoTranspiration_avg_16=142
HDBSCAN_operation_cluster=141
EvapoTranspiration_avg_27=125
EvapoTranspiration_avg_19=124
ndvi_mean_23=122
ndvi_mean_20=117
ndvi_mean_22=117
ndvi_mean_17=114
PrecipitationCumulative_sum_18=107
PrecipitationCumulative_sum_26=107
ndvi_mean_18=106
ndvi_mean_21=95
TempEffective_16=92
EvapoTranspiration_avg_17=89
EvapoTranspiration_avg_15=88
PrecipitationCumulative_sum_23=80
PrecipitationCumulative_sum_22=79
TempEffective_15=78
PrecipitationCumulative_sum_19=76
TempEffective_11=76
EvapoTranspiration_avg_11=75
EvapoTranspiration_avg_13=75
Temp_avg_17=72
Temp_avg_15=63
PrecipitationCumulative_sum_11=62
EvapoTranspiration_avg_24=58
EvapoTranspiration_avg_26=58
PrecipitationCumulative_sum_13=58
EvapoTranspiration_avg_12=56
PrecipitationCumulative_sum_25=55
Temp_avg_10=52
EvapoTranspiration_avg_28=51
PrecipitationCumulative_sum_24=51
TempEffective_17=50
EvapoTranspiration_avg_25=49
PrecipitationCumulative_sum_28=49
PrecipitationCumulative_sum_15=46
PrecipitationCumulative_sum_21=45
EvapoTranspiration_avg_20=41
TempEffective_27=41
Temp_avg_16=39
EvapoTranspiration_avg_23=38
PrecipitationCumulative_sum_12=38
PrecipitationCumulative_sum_27=38
EvapoTranspiration_avg_9=35
EvapoTranspiration_avg_14=35
TempEffective_14=34
EvapoTranspiration_avg_10=32
Temp_avg_12=32
EvapoTranspiration_avg_18=31
EvapoTranspiration_avg_22=31
TempEffective_18=30
Temp_avg_18=30
TempEffective_10=28
TempEffective_24=28
Temp_avg_13=28
TempEffective_21=27
TempEffective_23=26
Temp_avg_11=26
Temp_avg_19=26
Temp_avg_20=25
PrecipitationCumulative_sum_17=23
EvapoTranspiration_avg_21=20
PrecipitationCumulative_sum_9=20
TempEffective_22=20
TempEffective_19=19
TempEffective_20=19
Temp_avg_27=19
TempEffective_28=17
TempEffective_25=16
Temp_avg_14=15
Temp_avg_23=15
TempEffective_26=14
Temp_avg_28=14
PrecipitationCumulative_sum_16=12
Temp_avg_9=12
TempEffective_13=11
PrecipitationCumulative_sum_10=10
Temp_avg_22=8
Temp_avg_24=8
Temp_avg_21=7
Temp_avg_25=7
Temp_avg_26=6

parameters:
[boosting: gbdt]
[objective: quantile]
[metric: quantile]
[tree_learner: serial]
[device_type: cpu]
[data_sample_strategy: bagging]
[data: ]
[valid: ]
[num_iterations: 1000]
[learning_rate: 0.01]
[num_leaves: 31]
[num_threads: 12]
[seed: 42]
[deterministic: 0]
[force_col_wise: 0]
[force_row_wise: 0]
[histogram_pool_size: -1]
[max_depth: 6]
[min_data_in_leaf: 20]
[min_sum_hessian_in_leaf: 0.01]
[bagging_fraction: 0.7]
[pos_bagging_fraction: 1]
[neg_bagging_fraction: 1]
[bagging_freq: 1]
[bagging_seed: 400]
[bagging_by_query: 0]
[feature_fraction: 0.6]
[feature_fraction_bynode: 1]
[feature_fraction_seed: 30056]
[extra_trees: 0]
[extra_seed: 12879]
[early_stopping_round: 0]
[early_stopping_min_delta: 0]
[first_metric_only: 0]
[max_delta_step: 0]
[lambda_l1: 0.2]
[lambda_l2: 0.8]
[linear_lambda: 0]
[min_gain_to_split: 0]
[drop_rate: 0.1]
[max_drop: 50]
[skip_drop: 0.5]
[xgboost_dart_mode: 0]
[uniform_drop: 0]
[drop_seed: 17869]
[top_rate: 0.2]
[other_rate: 0.1]
[min_data_per_group: 100]
[max_cat_threshold: 32]
[cat_l2: 10]
[cat_smooth: 10]
[max_cat_to_onehot: 4]
[top_k: 20]
[monotone_constraints: ]
[monotone_constraints_method: basic]
[monotone_penalty: 0]
[feature_contri: ]
[forcedsplits_filename: ]
[refit_decay_rate: 0.9]
[cegb_tradeoff: 1]
[cegb_penalty_split: 0]
[cegb_penalty_feature_lazy: ]
[cegb_penalty_feature_coupled: ]
[path_smooth: 0]
[interaction_constraints: ]
[verbosity: 1]
[saved_feature_importance_type: 0]
[use_quantized_grad: 0]
[num_grad_quant_bins: 4]
[quant_train_renew_leaf: 0]
[stochastic_rounding: 1]
[linear_tree: 0]
[max_bin: 255]
[max_bin_by_feature: ]
[min_data_in_bin: 3]
[bin_construct_sample_cnt: 200000]
[data_random_seed: 175]
[is_enable_sparse: 1]
[enable_bundle: 1]
[use_missing: 1]
[zero_as_missing: 0]
[feature_pre_filter: 1]
[pre_partition: 0]
[two_round: 0]
[header: 0]
[label_column: ]
[weight_column: ]
[group_column: ]
[ignore_column: ]
[categorical_feature: 104]
[forcedbins_filename: ]
[precise_float_parser: 0]
[parser_config_file: ]
[objective_seed: 16083]
[num_class: 1]
[is_unbalance: 0]
[scale_pos_weight: 1]
[sigmoid: 1]
[boost_from_average: 1]
[reg_sqrt: 0]
[alpha: 0.95]
[fair_c: 1]
[poisson_max_delta_step: 0.7]
[tweedie_variance_power: 1.5]
[lambdarank_truncation_level: 30]
[lambdarank_norm: 1]
[label_gain: ]
[lambdarank_position_bias_regularization: 0]
[eval_at: ]
[multi_error_top_k: 1]
[auc_mu_weights: ]
[num_machines: 1]
[local_listen_port: 12400]
[time_out: 120]
[machine_list_filename: ]
[machines: ]
[gpu_platform_id: -1]
[gpu_device_id: -1]
[gpu_use_dp: 0]
[num_gpu: 1]

end of parameters

pandas_categorical:[[-1, 0, 1, 2, 3, 4, 5, 6, 7, 8, 9, 10, 11, 12, 13, 14, 15, 16, 17, 18, 19, 20, 21, 22, 23, 24, 25, 26, 27, 28]]
